equipmentId,equipmentName,equipmentYear,equipmentManufacturerId,equipmentModel,equipmentDescription,serialNumber,vinNumber,equipmentGroupId,createdTimestampUtc,companyId,currentTrackVoJobId,isDeleted,createdByUserId,isActive,isLocationTracked,isScheduleable,isScheduleVo,isInventory,isRental,isAttachment,isWarranty,isVehicle,isTrailer,isSmallEquipment,attachedTo,attachedToType,divisionId,mshaEqInspectionTemplateId,accountingCode,displayNote,plateNumber,licenseNumber,color,equipmentDetailNote,lastHourMeterId,lastOdometerId,pmSetupCompleted,maintenanceSetupComplete,activeWorkOrders,isPlannable,defaultEquipmentCodeId,uuid,overrideEquipmentGroupColor
51862,307100,2026,10299,"BRONCO SPORT BIG BEN","FORD BRONCO SPORT BIG BEND 4WD - GUERRERO, NANCY"," ",3FMCR9BN0TRE34306,4395,"2026-07-16 17:41:46",265,24981,0,45,1,0,1,0,0,0,0,0,0,0,0,NULL,NULL,699,0,307100,NULL,NULL,EKMT89,NULL,NULL,NULL,5281521,0,0,0,0,NULL,6b40b473-91f9-434f-a53c-104c16178375,NULL
51863,280400,2022,10299,"F150 EXTCAB","FORD F150 EXT CAB XLT- RIVISTO, NICK"," ",1FTFX1E59NKD02933,4404,"2026-07-16 17:41:47",265,25074,0,45,1,1,1,0,0,0,0,0,0,0,0,NULL,NULL,699,0,280400,NULL,NULL,WD7099,NULL,NULL,NULL,5206369,0,0,0,0,NULL,2cd46c5a-f7b8-4bb1-b821-2654ae16f81d,NULL
51864,560100,2019,10314,325FL,"CAT 325FL EXCAVATOR W/ THUMB",NDJ21229," ",4340,"2026-07-16 17:41:47",265,25089,0,45,1,1,1,0,0,0,0,0,0,0,0,NULL,NULL,699,0,560100,NULL,NULL,0040356330,NULL,NULL,10016629,NULL,0,0,0,1,NULL,f45e76e7-4923-4342-ba7a-43924466f8fe,NULL
51865,279900,2022,10299,"F150 SUPERCREW","FORD F150 SUPERCREW XLT-MOEN, JOSH"," ",1FTFW1E58NKD02859,4404,"2026-07-16 17:41:47",265,25031,0,45,1,1,1,0,0,0,0,0,0,0,0,NULL,NULL,699,0,279900,NULL,NULL,PZ9960,NULL,NULL,NULL,5206363,0,0,0,0,NULL,f02bf31b-6b3a-4d5d-98a5-c48b26197a1b,NULL
51866,8009,2021,10289,30-454,"MASTER TAPE STANLEY 30-454 25' MEASURE-HENNEG, STEFAN",T04005," ",4440,"2026-07-16 17:41:48",265,24981,0,45,1,0,1,0,0,0,0,0,0,0,0,NULL,NULL,699,0,8009,NULL,NULL,NA,NULL,NULL,NULL,NULL,0,0,0,0,NULL,abe88891-90ca-4b32-841d-93d53f2c55e5,NULL
51867,8007,2019,10288,374FC,"FLUKE TRMS CLAMP METER-STARR, MATT",36390449WS," ",4432,"2026-07-16 17:41:48",265,25084,0,45,1,0,1,0,0,0,0,0,0,0,0,NULL,NULL,699,0,8007,NULL,NULL,,NULL,NULL,NULL,NULL,0,0,0,0,NULL,26851c48-c8f7-41a8-803c-e6aaa6f75e20,NULL
51868,559900,2024,10345,TK110HDG,"TRAIL KING LOWBOY TRAILER (Used w/ #4466)"," ",1TKJ05335RW124551,4497,"2026-07-16 17:41:49",265,25009,0,45,1,1,1,0,0,0,0,0,0,0,0,NULL,NULL,699,0,559900,NULL,NULL,843362,NULL,NULL,NULL,NULL,0,0,0,0,NULL,e77946c3-a182-4603-9a06-521fb609d24b,NULL
51869,8020,NULL,10287," ","MILLER LOAD BANK - EQUIPMENT GROUP",MK016337U," ",4432,"2026-07-16 17:41:49",265,25018,0,45,1,0,1,0,0,0,0,0,0,0,0,NULL,NULL,699,0,8020,NULL,NULL,,NULL,NULL,NULL,NULL,0,0,1,0,NULL,587ca89e-59f9-4c75-b34a-14245530a711,NULL
51870,559600,2022,10340,DECKOVER,"DECKOVER TRAILER 10,000# 20'"," ",4YMBU202XNR003854,4532,"2026-07-16 17:41:49",265,25045,0,45,1,1,1,0,0,0,0,0,0,0,0,NULL,NULL,699,0,559600,NULL,NULL,80612AJ,NULL,NULL,NULL,NULL,0,0,0,0,NULL,08951f67-9beb-4928-b1e3-2d9200719198,NULL
51871,306700,2026,10299,"F150 SUPERCREW XLT","FORD F150 XLT SUPERCREW 4WD - DOSTALER, DAVE"," ",1FTFW3L52TKD97091,4429,"2026-07-16 17:41:50",265,24981,0,45,1,1,1,0,0,0,0,0,0,0,0,NULL,NULL,699,0,306700,NULL,NULL,EVOB51,NULL,NULL,NULL,5279248,0,0,0,0,NULL,2402eb50-88d2-4f7b-a322-0d1b15182004,NULL
51872,280800,2022,10299,"F250 XL CREW","FORD F250 XL 4WD CREW CAB- CHAPARRO, ARMANDO"," ",1FT7W2B68NED79253,4401,"2026-07-16 17:41:50",265,24980,0,45,1,1,1,0,0,0,0,0,0,0,0,NULL,NULL,699,0,280800,NULL,NULL,EDYN55,NULL,NULL,NULL,5206373,0,0,0,0,NULL,d3d6fb13-4420-4dd8-ae40-44673a6cc803,NULL
51873,559000,2022,10344,TXVHW8.516TA3,"CNCG ENCLOSED TRAILER-8 1/2 X 16'"," ",5NHUVH620NY041888,4526,"2026-07-16 17:41:50",265,25031,0,45,1,1,1,0,0,0,0,0,0,0,0,NULL,NULL,699,0,559000,NULL,NULL,XR81581,NULL,NULL,NULL,NULL,0,0,0,0,NULL,e85c920c-a89b-4232-8b67-d678770096d0,NULL
51874,279400,2021,10299,F250,"FORD F250 SUPERCAB XLT 4WD- CAMPBELL, KYLE"," ",1FT7X2B69MED47858,4401,"2026-07-16 17:41:51",265,25082,0,45,1,1,1,0,0,0,0,0,0,0,0,NULL,NULL,699,0,279400,NULL,NULL,EEGF28,NULL,NULL,NULL,5206361,0,0,0,0,NULL,02a8af0b-7962-4e26-8e1a-39400f855af1,NULL
51875,8003,2019,10288,374FC,"FLUKE TRMS CLAMP METER-BAUER, GLEN",44982312WS," ",4432,"2026-07-16 17:41:51",265,25010,0,45,1,0,1,0,0,0,0,0,0,0,0,NULL,NULL,699,0,8003,NULL,NULL,,NULL,NULL,NULL,NULL,0,0,0,0,NULL,558f8be5-dd25-4772-b932-7c7503c4410a,NULL
51876,279800,2022,10299,"F150 SUPERCREW","FORD F150 SUPERCREW XLT-HENNIG, STEFAN"," ",1FTFW1E5XNKD02930,4404,"2026-07-16 17:41:51",265,24981,0,45,1,1,1,0,0,0,0,0,0,0,0,NULL,NULL,699,0,279800,NULL,NULL,EDYN50,NULL,NULL,NULL,5283672,0,0,0,0,NULL,4a8c273e-37ec-4623-8478-8e0d1d207e23,NULL
51877,280600,2022,10299,"F250 XL CREW","FORD F250 XL 4WD CREW CAB- FLINT, ANDY"," ",1FT7W2B64NED77581,4401,"2026-07-16 17:41:52",265,25042,0,45,1,1,1,0,0,0,0,0,0,0,0,NULL,NULL,699,0,280600,NULL,NULL,XE42245,NULL,NULL,NULL,5206372,0,0,0,0,NULL,55d4e465-07a2-4c4d-8597-d16feb184e0c,NULL
51878,306600,2026,10299,"F150 SUPERCREW XLT","FORD F150 XLT SUPERCREW 4WD - FAY MICHAEL"," ",1FTFW3L57TKD96552,4429,"2026-07-16 17:41:52",265,24996,0,45,1,1,1,0,0,0,0,0,0,0,0,NULL,NULL,699,0,306600,NULL,NULL,EVOB50,NULL,NULL,NULL,5283630,0,0,0,0,NULL,61d81734-0d4a-46f2-8c12-45db9f0f68fc,NULL
51879,306400,2026,10299,"F150 SUPERCREW XLT","FORD F150 XLT SUPERCREW 4WD - FREEMAN, BRENT"," ",1FTFW3L55TKD87025,4429,"2026-07-16 17:41:52",265,25110,0,45,1,1,1,0,0,0,0,0,0,0,0,NULL,NULL,699,0,306400,NULL,NULL,WS9248,NULL,NULL,NULL,5219754,0,0,0,0,NULL,857e5a4d-7ffc-4f13-a851-ec69ca928d37,NULL
51880,560600,2019,10314,336-07HT,"CAT 336-07HT EXCAVATOR W/ THUMB",0DKS01526," ",4504,"2026-07-16 17:41:53",265,25044,0,45,1,1,1,0,0,0,0,0,0,0,0,NULL,NULL,699,0,560600,NULL,NULL,,NULL,NULL,10022273,NULL,0,0,0,1,2793,b47cf1f2-e1a1-4df8-b9f3-97c05ce41bbb,NULL
51881,560500,2016,10347,772GP,"JD 772GP MOTOR GRADER"," ",1DW772GPPGF674901,4493,"2026-07-16 17:41:53",265,24982,0,45,1,1,1,0,0,0,0,0,0,0,0,NULL,NULL,699,0,560500,NULL,NULL,DTPK13,NULL,NULL,10023638,NULL,0,0,0,1,NULL,4befe35d-12e5-477a-80af-534d19edb35b,NULL
51882,305400,2026,10299,"F150 XL","FORD F150 XL SUPERCAB 4WD - BROTEN, AARON"," ",1FTFX1L56TKD61535,4429,"2026-07-16 17:41:54",265,25074,0,45,1,1,1,0,0,0,0,0,0,0,0,NULL,NULL,699,0,305400,NULL,NULL,TER968,NULL,NULL,NULL,5283629,0,0,0,0,NULL,9faa9e6c-92cc-42e4-be6f-37dc6a89b7cd,NULL
51883,8018,2021,10289,30-454,"MASTER TAPE STANLEY 30-454 25' FRACTIONAL READ TAPE MEASURE",T04014," ",4440,"2026-07-16 17:41:55",265,25018,0,45,1,0,1,0,0,0,0,0,0,0,0,NULL,NULL,699,0,8018,NULL,NULL,,NULL,NULL,NULL,NULL,0,0,0,0,NULL,4181307f-b417-4ffa-87f4-29435afbb8fe,NULL
51884,560300,2020,10314,"316F HT","CAT 316F HT EXCAVATOR W/ THUMB",YDL21337," ",4324,"2026-07-16 17:41:55",265,24978,0,45,1,1,1,0,0,0,0,0,0,0,0,NULL,NULL,699,0,560300,NULL,NULL,,NULL,NULL,10015978,NULL,0,0,0,1,NULL,4c119eca-5d13-4833-910a-3b111cb2458f,NULL
51885,560000,2023,10349,12'STGRIZZ,"GRIZZLY, 12' STATIC",12GRZ0323-1," ",4530,"2026-07-16 17:41:56",265,24981,0,45,1,0,1,0,0,0,0,0,0,0,0,NULL,NULL,699,0,560000,NULL,NULL,NA,NULL,NULL,NULL,NULL,0,0,0,0,NULL,929a0837-2ff3-4e14-bcfe-4a59978a3648,NULL
51886,8001,2019,10288,374FC,"FLUKE TRMS CLAMP METER-HENNIG, STEFAN",43371264WS," ",4432,"2026-07-16 17:41:56",265,25050,0,45,1,0,1,0,0,0,0,0,0,0,0,NULL,NULL,699,0,8001,NULL,NULL,,NULL,NULL,NULL,NULL,0,0,0,0,NULL,19aac1e7-68ab-42c2-9efe-2cd219d34de5,NULL
51887,280100,2022,10299,"F150 EXTCAB","FORD F150 EXT CAB XLT-DE SMET, JOSH"," ",1FTFX1E58NKD02861,4404,"2026-07-16 17:41:56",265,25008,0,45,1,1,1,0,0,0,0,0,0,0,0,NULL,NULL,699,0,280100,NULL,NULL,PZ9959,NULL,NULL,NULL,5206365,0,0,0,0,NULL,19d76bd7-1015-4fed-bca4-1b33562cde0e,NULL
51888,8012,2021,10289,30-454,"MASTER TAPE STANLEY 30-454 25' FRACTIONAL READ TAPE MEASURE",T04008," ",4440,"2026-07-16 17:41:57",265,25018,0,45,1,0,1,0,0,0,0,0,0,0,0,NULL,NULL,699,0,8012,NULL,NULL,,NULL,NULL,NULL,NULL,0,0,0,0,NULL,49909b89-eedd-45a2-a5b7-419308021a10,NULL
51889,281200,2022,10299,"RANGER XL SUPER","FORD RANGER XL 4WD SUPER - OWEN, RACHEL"," ",1FTER4FH0NLD20246,4543,"2026-07-16 17:41:57",265,24981,0,45,1,1,1,0,0,0,0,0,0,0,0,NULL,NULL,699,0,281200,NULL,NULL,EDYN60,NULL,NULL,NULL,5284357,0,0,0,0,NULL,af19127f-6fe8-433f-9fec-63aba0f40458,NULL
51890,306800,2026,10299,"F150 SUPERCREW XLT","FORD F150 XLT SUPERCREW 4WD - KALDENBACH, STEVE"," ",1FTFW3L5XTKD99574,4429,"2026-07-16 17:41:57",265,25122,0,45,1,1,1,0,0,0,0,0,0,0,0,NULL,NULL,699,0,306800,NULL,NULL,UBA141,NULL,NULL,NULL,5219713,0,0,0,0,NULL,0c747076-bd13-4708-bb29-e67ca31aa00c,NULL
51891,305700,2026,10299,"F250 XLT","FORD F250 XLT CREW CAB 4WD - FLORES, ROBERTO"," ",1FT7W2BA6TED71704,4301,"2026-07-16 17:41:58",265,25089,0,45,1,1,1,0,0,0,0,0,0,0,0,NULL,NULL,699,0,305700,NULL,NULL,XE91695,NULL,NULL,NULL,5284385,0,0,0,0,NULL,699e0a0d-db84-4428-beae-4608ab764581,NULL
51892,280500,2022,10299,"F150 EXTCAB","FORD F150 EXT CAB XLT- CUOMO, BART"," ",1FTFX1E50NKD02934,4404,"2026-07-16 17:41:58",265,24981,0,45,1,1,1,0,0,0,0,0,0,0,0,NULL,NULL,699,0,280500,NULL,NULL,EVNZ64,NULL,NULL,NULL,5206370,0,0,0,0,NULL,26415c8f-f5b2-431b-9b77-876cf7eac810,NULL
51893,302500,2026,10299,"F250 XL","FORD F250 XL CREW CAB 4WD - STARR, MATT"," ",1FT7W2BA7TED41451,4301,"2026-07-16 17:41:58",265,25031,0,45,1,1,1,0,0,0,0,0,0,0,0,NULL,NULL,699,0,302500,NULL,NULL,XE90083,NULL,NULL,NULL,5244568,0,0,0,0,NULL,2486b12b-1eaa-4424-a1da-d3de233ea310,NULL
51894,279100,2021,10299,"FORD F250 XLT","FORD F250 REG CAB XLT 4WD- UNASSIGNED"," ",1FTBF2B68MED04786,4401,"2026-07-16 17:41:59",265,25122,0,45,1,1,1,0,0,0,0,0,0,0,0,NULL,NULL,699,0,279100,NULL,NULL,XE28978,NULL,NULL,NULL,5206357,0,0,0,0,NULL,e07ac812-e58f-424e-aea1-91c2af7ddf66,NULL
51895,560700,2019,10314,"335F LCR","CAT 335 LCR EXCAVATOR",SGJ20838," ",4504,"2026-07-16 17:41:59",265,25105,0,45,1,1,1,0,0,0,0,0,0,0,0,NULL,NULL,699,0,560700,NULL,NULL,0040356310,NULL,NULL,10016646,NULL,0,0,1,1,NULL,177af84a-a9cc-4462-a149-3da47f4955b8,NULL
51896,561100,2019,10314,289D3,"CAT 289 TRACK SKIDSTEER",TAW14326," ",4345,"2026-07-16 17:42:00",265,25089,0,45,1,1,1,0,0,0,0,0,0,0,0,NULL,NULL,699,0,561100,NULL,NULL,0033486029,NULL,NULL,10016647,NULL,0,0,0,1,2788,5d57e99c-60bb-45a4-95d1-8b7faa69a0fe,NULL
51897,305800,2026,10299,"RANGER XLT","FORD RANGER XLT SUPERCREW 4WD - TORRES-ARELLANO, JOSE"," ",1FTER4HH7TLE10634,4439,"2026-07-16 17:42:01",265,25132,0,45,1,1,1,0,0,0,0,0,0,0,0,NULL,NULL,699,0,305800,NULL,NULL,D77870J,NULL,NULL,NULL,5283653,0,0,0,0,NULL,4645966a-7419-46eb-bed8-7f6fe2350081,NULL
51898,561700,2020,10314,259D3,"CAT 259D3 TRACK SKIDSTEER"," ",CAT0259DPCW905688,4422,"2026-07-16 17:42:01",265,25071,0,45,1,1,1,0,0,0,0,0,0,0,0,NULL,NULL,699,0,561700,NULL,NULL,,NULL,NULL,10015966,NULL,0,0,0,1,NULL,43439248-aa92-453d-bb3c-f75e2fd443d4,NULL
51899,559800,2021,10341,FDP0220072,"IRONBULL FLATBED EQ TRAILER 8X20 (14,000#)"," ",50HFP2021M1061830,4428,"2026-07-16 17:42:02",265,25011,0,45,1,1,1,0,0,0,0,0,0,0,0,NULL,NULL,699,0,559800,NULL,NULL,51847AJ,NULL,NULL,NULL,NULL,0,0,0,0,NULL,2907594a-3a09-43f5-a3e6-79aea6a7e39c,NULL
51900,304400,2026,10299,"F150 XL","FORD F150 XL SUPERCAB 4WD - REINECKE, SPENCER"," ",1FTFX1L50TKD61417,4429,"2026-07-16 17:42:02",265,25060,0,45,1,1,1,0,0,0,0,0,0,0,0,NULL,NULL,699,0,304400,NULL,NULL,WD7112,NULL,NULL,NULL,5278431,0,0,0,0,NULL,77007158-92d4-47d1-bc25-f673d761b092,NULL
51901,281500,2022,10299,"F250 XLT","FORD F250 SUPERCAB XLT 4WD-KEY, DENNIS"," ",1FT7X2B62NEE20988,4401,"2026-07-16 17:42:03",265,25089,0,45,1,1,1,0,0,0,0,0,0,0,0,NULL,NULL,699,0,281500,NULL,NULL,EDYN61,NULL,NULL,NULL,5206379,0,0,0,0,NULL,6c5bb26a-6e55-4aa2-b489-d10389f03af4,NULL
51902,303800,2026,10299,"F150 XL","FORD F150 XL SUPERCAB 4WD - MARTINEZ, JOSH"," ",1FTFX1L59TKD61349,4429,"2026-07-16 17:42:04",265,25105,0,45,1,1,1,0,0,0,0,0,0,0,0,NULL,NULL,699,0,303800,NULL,NULL,EVOC08,NULL,NULL,NULL,5284365,0,0,0,0,NULL,8b174a29-5581-4023-8a9e-72486db56a8d,NULL
51903,306100,2026,10299,"F150 XL","FORD F150 XL SUPERCAB 4WD - VAN TUBERGEN, VICTOR"," ",1FTFX1L56TKD87309,4429,"2026-07-16 17:42:04",265,25019,0,45,1,1,1,0,0,0,0,0,0,0,0,NULL,NULL,699,0,306100,NULL,NULL,EKNS49,NULL,NULL,NULL,5284367,0,0,0,0,NULL,ea08bdc6-fd5a-40b8-8986-938858f03f19,NULL
51904,281300,2022,10299,"F250 XLT","FORD F250 SUPERCAB XLT 4WD- OTT, JODY"," ",1FT7X2B64NEE20989,4401,"2026-07-16 17:42:05",265,25136,0,45,1,1,1,0,0,0,0,0,0,0,0,NULL,NULL,699,0,281300,NULL,NULL,XE42246,NULL,NULL,NULL,5206377,0,0,0,0,NULL,2bc2d3eb-8b57-4f63-bb50-433d7544dbfc,NULL
51905,281400,2022,10299,"F250 XLT","FORD F250 SUPERCAB XLT 4WD- ZEEH, BRANDT"," ",1FT7X2B60NEE20990,4401,"2026-07-16 17:42:05",265,25025,0,45,1,1,1,0,0,0,0,0,0,0,0,NULL,NULL,699,0,281400,NULL,NULL,XE42247,NULL,NULL,NULL,5206378,0,0,0,0,NULL,ee9faf59-f7d7-4d9f-b282-13a9601364cb,NULL
51906,561200,NULL,10350," ","SSL ROAD WIDENER",3186," ",4512,"2026-07-16 17:42:06",265,25089,0,45,1,1,1,0,0,0,0,0,0,0,0,NULL,NULL,699,0,561200,NULL,NULL,NA,NULL,NULL,NULL,NULL,0,0,0,0,NULL,ee6c0d54-4904-4e18-9051-b87fd7f17cc7,NULL
51907,8002,2019,10288,374FC,"FLUKE TRMS CLAMP METER-RINGELSTETTER, TOM",39610328WS," ",4432,"2026-07-16 17:42:06",265,25010,0,45,1,0,1,0,0,0,0,0,0,0,0,NULL,NULL,699,0,8002,NULL,NULL,,NULL,NULL,NULL,NULL,0,0,0,0,NULL,d1be332b-9301-4d52-a1d8-eb1a8bcb3e3a,NULL
51908,281700,2022,10299,"F250 XLT","FORD F250 SUPERCAB XLT 4WD - CHRISTOPHER, PHIL"," ",1FT7X2B63NEE58181,4401,"2026-07-16 17:42:06",265,25019,0,45,1,1,1,0,0,0,0,0,0,0,0,NULL,NULL,699,0,281700,NULL,NULL,EDYN62,NULL,NULL,NULL,5219008,0,0,0,0,NULL,b5099a72-e72e-4abf-99ee-245d70927b16,NULL
51909,562000,2018,10314,CS44B,"CAT CS44B ROLLER",CS300610," ",4293,"2026-07-16 17:42:07",265,25019,0,45,1,1,1,0,0,0,0,0,0,0,0,NULL,NULL,699,0,562000,NULL,NULL,0040356328,NULL,NULL,9997744,NULL,0,0,0,1,NULL,8d345d37-efee-4ecb-8d09-e69bd321ad0b,NULL
51910,306300,2026,10299,"F150 XL","FORD F150 XL SUPERCAB 4WD - LUND, EVAN"," ",1FTFX1L5XTKD86549,4429,"2026-07-16 17:42:07",265,25094,0,45,1,1,1,0,0,0,0,0,0,0,0,NULL,NULL,699,0,306300,NULL,NULL,D12628L,NULL,NULL,NULL,5283623,0,0,0,0,NULL,9cbc3d6e-f5a8-4e3f-af49-c00f6fdee106,NULL
51911,561500,2022,10314,259D3,"CAT 259D3 TRACK SKIDSTEER",CW917210," ",4422,"2026-07-16 17:42:08",265,25074,0,45,1,1,1,0,0,0,0,0,0,0,0,NULL,NULL,699,0,561500,NULL,NULL,,NULL,NULL,10022284,NULL,0,0,0,1,NULL,2b038040-f268-4006-8a86-ed2362dc9de1,NULL
51912,280900,2022,10299,"F250 XL CREW","FORD F250 XL 4WD CREW CAB- OCHOA, MIGUEL"," ",1FT7W2B66NED79249,4401,"2026-07-16 17:42:15",265,25105,0,45,1,1,1,0,0,0,0,0,0,0,0,NULL,NULL,699,0,280900,NULL,NULL,EDYN56,NULL,NULL,NULL,5206374,0,0,0,0,NULL,5bc9ff42-e1a6-48b8-8e84-c949f6ec7122,NULL
51913,8019,2022,10288,374FC,"FLUKE TRMS CLAMP METER- HOPP, RONNIE",57101749MV," ",4432,"2026-07-16 17:42:15",265,25010,0,45,1,0,1,0,0,0,0,0,0,0,0,NULL,NULL,699,0,8019,NULL,NULL,,NULL,NULL,NULL,NULL,0,0,0,0,NULL,769605d0-7180-4781-88de-6bab87913e3e,NULL
51914,282100,2022,10299,RANGER,"FORD RANGER XLT CREW 4WD- GUBBINS, KIANA"," ",1FTER4FH7NLD47279,4543,"2026-07-16 17:42:15",265,25071,0,45,1,1,1,0,0,0,0,0,0,0,0,NULL,NULL,699,0,282100,NULL,NULL,SM7579,NULL,NULL,NULL,5219012,0,0,0,0,NULL,4dc84ce5-bed1-4528-997a-2e8e6c36e45c,NULL
51915,303400,2026,10299,"F250 XL","FORD F250 XL CREW CAB 4WD - SILVA, ZACH"," ",1FT7W2BA5TED41223,4301,"2026-07-16 17:42:15",265,25033,0,45,1,1,1,0,0,0,0,0,0,0,0,NULL,NULL,699,0,303400,NULL,NULL,EKMT56,NULL,NULL,NULL,5284391,0,0,0,0,NULL,5935e65c-39d2-4b0b-a9c8-3580ac687d76,NULL
51916,561300,2019,10314,316FL,"CAT 316F HT EXCAVATOR W/ THUMB",YDL20817," ",4324,"2026-07-16 17:42:15",265,25098,0,45,1,1,1,0,0,0,0,0,0,0,0,NULL,NULL,699,0,561300,NULL,NULL,,NULL,NULL,10015977,NULL,0,0,0,1,NULL,95858e4b-b33f-4eca-9ad0-e0975d1397f3,NULL
51917,562200,2019,10314,308,"CAT 308 EXCAVATOR W/ THUMB",GG800658," ",4381,"2026-07-16 17:42:16",265,25089,0,45,1,1,1,0,0,0,0,0,0,0,0,NULL,NULL,699,0,562200,NULL,NULL,0040356307,NULL,NULL,10027113,NULL,0,0,1,1,NULL,8ed3d838-f131-41d5-bafb-8a2a38a9fd40,NULL
51918,8016,2021,10289,30-454,"MASTER TAPE STANLEY 30-454 25' FRACTIONAL READ TAPE MEASURE",T04012," ",4440,"2026-07-16 17:42:16",265,25018,0,45,1,0,1,0,0,0,0,0,0,0,0,NULL,NULL,699,0,8016,NULL,NULL,,NULL,NULL,NULL,NULL,0,0,0,0,NULL,80043ea0-0109-4011-85aa-3a4fda1b796a,NULL
51919,304100,2026,10299,"F150 XL","FORD F150 XL SUPERCAB 4WD - AGUILAR, CARLOS"," ",1FTFX1L58TKD61276,4429,"2026-07-16 17:42:16",265,25019,0,45,1,1,1,0,0,0,0,0,0,0,0,NULL,NULL,699,0,304100,NULL,NULL,EVOB49,NULL,NULL,NULL,5284368,0,0,0,0,NULL,b69e40ab-c327-4e9f-acc4-763e6333f7a0,NULL
51920,422100,2012,10302,M2,"HI-RAIL ROTARY DUMP TRUCK-FREIGHTLINER M2"," ",1FVHCYBS4CHBU4641,4380,"2026-07-16 17:42:16",265,25031,0,45,1,1,1,0,0,0,0,0,0,0,0,NULL,NULL,699,0,422100,NULL,NULL,25198X,NULL,NULL,10029953,5283594,0,0,1,1,2732,a381e71c-3194-49d1-958d-ab6c14c18d3d,NULL
51921,281900,2022,10299,RANGER,"FORD RANGER XLT 4WD- GOVE, MIKE"," ",1FTER4FH4NLD45408,4543,"2026-07-16 17:42:16",265,25105,0,45,1,1,1,0,0,0,0,0,0,0,0,NULL,NULL,699,0,281900,NULL,NULL,EDYN63,NULL,NULL,NULL,5219010,0,0,0,0,NULL,f28c41ff-d1c7-4984-94c9-c8c84eaafb5d,NULL
51922,281100,2022,10299,"F150 SUPERCAB","FORD F150 SUPERCAB XLT- CECENAS, IRVIN"," ",1FTFX1E54NKD42837,4404,"2026-07-16 17:42:16",265,24996,0,45,1,1,1,0,0,0,0,0,0,0,0,NULL,NULL,699,0,281100,NULL,NULL,EVQB91,NULL,NULL,NULL,5206376,0,0,0,0,NULL,cf3491c5-f3c0-4581-8916-7ed9e49cf033,NULL
51923,281600,2022,10299,"F250 XLT","FORD F250 SUPERCAB XLT 4WD - SONNENTAG, SHAWN"," ",1FT7X2B61NEE58180,4401,"2026-07-16 17:42:16",265,25136,0,45,1,1,1,0,0,0,0,0,0,0,0,NULL,NULL,699,0,281600,NULL,NULL,EDYN59,NULL,NULL,NULL,5206380,0,0,0,0,NULL,3c91c688-a6bb-4022-8656-7ae0b091b0db,NULL
51924,561800,2022,10314,308-07,"CAT 308-07 EXCAVATOR W/ THUMB",GG805188," ",4381,"2026-07-16 17:42:17",265,25018,0,45,1,1,1,0,0,0,0,0,0,0,0,NULL,NULL,699,0,561800,NULL,NULL,,NULL,NULL,9794515,NULL,0,0,0,1,NULL,a3f8bcf0-2159-4335-9fa5-b88e25bb54a7,NULL
51925,560900,2021,10323,GH12,"HAMMER-NPK GH12 (CAT336 QC)",138430-1NP01108," ",4286,"2026-07-16 17:42:17",265,25018,0,45,1,1,1,0,0,0,0,0,0,0,0,NULL,NULL,699,0,560900,NULL,NULL,,NULL,NULL,NULL,NULL,0,0,0,1,NULL,88eb6047-a2c3-43b4-854e-79e7ea23cb51,NULL
51926,281800,2022,10299,RANGER,"FORD RANGER XLT 4WD-  SCOTT, RONALD"," ",1FTERHFH5NLD20453,4543,"2026-07-16 17:42:17",265,25067,0,45,1,1,1,0,0,0,0,0,0,0,0,NULL,NULL,699,0,281800,NULL,NULL,SM7555,NULL,NULL,NULL,5219009,0,0,0,0,NULL,ce120895-53ef-4cb3-9f39-8582fb55f1ab,NULL
51927,561900,2021,10314,320-07HT,"CAT 320-07 HT EXCAVATOR (NO THUMB)",MYK10751," ",4398,"2026-07-16 17:42:17",265,25042,0,45,1,1,1,0,0,0,0,0,0,0,0,NULL,NULL,699,0,561900,NULL,NULL,,NULL,NULL,10023169,NULL,0,0,1,1,NULL,66737704-0c8f-4fb6-a7e6-b3d5d7afa64d,NULL
51928,8005,2019,10288,374FC,"FLUKE TRMS CLAMP METER-WEISS, TIM",44440051WS," ",4432,"2026-07-16 17:42:17",265,25007,0,45,1,0,1,0,0,0,0,0,0,0,0,NULL,NULL,699,0,8005,NULL,NULL,,NULL,NULL,NULL,NULL,0,0,0,0,NULL,ad3a8680-da2b-4bcc-bf38-ad9a3af8a50d,NULL
51929,302300,2026,10299,"F250 XL","FORD F250 XL CREW CAB 4WD - BLUHM, LANCE"," ",1FT7W2BA5TED42338,4301,"2026-07-16 17:42:17",265,25119,0,45,1,1,1,0,0,0,0,0,0,0,0,NULL,NULL,699,0,302300,NULL,NULL,D42260J,NULL,NULL,NULL,5266011,0,0,0,0,NULL,5a0ec03f-2f94-4fe7-8379-78fad9f05cbc,NULL
51930,423300,2017,10308,4700SB,"HI-RAIL CABLE BOOM TRUCK-WESTERN STAR 4700SB (26Ton)"," ",5KKHAXDV7HPJG8326,4380,"2026-07-16 17:42:17",265,25058,0,45,1,1,1,0,0,0,0,0,0,0,0,NULL,NULL,699,0,423300,NULL,NULL,31430Z,NULL,NULL,10029954,5283596,0,0,0,1,2743,bc561b44-5152-49cc-96c2-5d191343965d,NULL
51931,8010,2021,10289,30-454,"MASTER TAPE STANLEY 30-454 25'  MEASURE-DOUR, ADAM",T04006," ",4440,"2026-07-16 17:42:17",265,25045,0,45,1,0,1,0,0,0,0,0,0,0,0,NULL,NULL,699,0,8010,NULL,NULL,,NULL,NULL,NULL,NULL,0,0,0,0,NULL,4ad6bbce-278a-4644-af94-8a1ad79b2fb1,NULL
51932,8021,NULL,10287," ","MILLER LOAD BANK",MK016380U," ",4432,"2026-07-16 17:42:17",265,24981,0,45,1,0,1,0,0,0,0,0,0,0,0,NULL,NULL,699,0,8021,NULL,NULL,NA,NULL,NULL,NULL,NULL,0,0,1,0,NULL,a1a97288-dc60-4961-9143-d2114ff6bdb5,NULL
51933,422200,2002,10306,VHD64,"HI-RAIL CONCRETE TRUCK-VOLVO"," ",4V5KC9UE32N324110,4380,"2026-07-16 17:42:18",265,25031,0,45,1,1,1,0,0,0,0,0,0,0,0,NULL,NULL,699,0,422200,NULL,NULL,25199X,NULL,NULL,9801647,5008059,0,0,0,1,2744,5c86496b-e98f-4364-a637-0acabe0d668f,NULL
51934,561400,2019,10314,305E2,"CAT305 E2 EXCAVATOR",H5M08469," ",4456,"2026-07-16 17:42:18",265,25019,0,45,1,1,1,0,0,0,0,0,0,0,0,NULL,NULL,699,0,561400,NULL,NULL,0040356326,NULL,NULL,10016599,NULL,0,0,0,1,2790,9f35861c-8942-4da0-9999-84cb7fa3d0a5,NULL
51935,562100,2019,10314,320-07,"CAT 320-07 EXCAVATOR",HEX11470," ",4398,"2026-07-16 17:42:18",265,24981,0,45,1,1,1,0,0,0,0,0,0,0,0,NULL,NULL,699,0,562100,NULL,NULL,0040356308,NULL,NULL,10016600,NULL,0,0,0,1,NULL,56e12fb4-8d4c-4d0d-bf94-5efbc34a2036,NULL
51936,280000,2022,10299,"F150 EXTCAB","FORD F150 EXT CAB XLT- PECHER, MITCHELL"," ",1FTFX1E58NKD02860,4404,"2026-07-16 17:42:18",265,25044,0,45,1,1,1,0,0,0,0,0,0,0,0,NULL,NULL,699,0,280000,NULL,NULL,UM3985,NULL,NULL,NULL,5206364,0,0,0,0,NULL,670926b2-c587-486e-9b3f-4c659770cb88,NULL
51937,562501,2021,10314,"92" 6W BLADE","BLADE, 6W SMART 92"",JKB00639," ",4525,"2026-07-16 17:42:18",265,24981,0,45,1,0,1,0,0,0,0,0,0,0,0,NULL,NULL,699,0,562501,NULL,NULL,NA,NULL,NULL,NULL,NULL,0,0,0,0,NULL,e8d654b4-fd55-4d48-bf8c-d3c9a82327c3,NULL
51938,281000,2022,10299,"F250 XL CREW","FORD F250 XL 4WD CREW CAB- CAMPBELL, TYSON"," ",1FT7W2B64NED79251,4401,"2026-07-16 17:42:18",265,25089,0,45,1,1,1,0,0,0,0,0,0,0,0,NULL,NULL,699,0,281000,NULL,NULL,EDYN57,NULL,NULL,NULL,5206375,0,0,0,0,NULL,1d774efa-66b6-406a-bb9e-57871687c52d,NULL
51939,562300,2022,10314,325,"CAT 325-07HTS EXCAVATOR",TEL20721," ",4340,"2026-07-16 17:42:18",265,25089,0,45,1,1,1,0,0,0,0,0,0,0,0,NULL,NULL,699,0,562300,NULL,NULL,0033485963,NULL,NULL,10016648,NULL,0,0,1,1,2791,e9e56d03-b21d-4f89-9e41-da82e55da2d9,NULL
51940,423100,2018,10305,"RAM 3500 SLT","DODGE RAM 3500 SLT CREW 4WD DSL DUALLY FLATBED -SERVOLD, DON"," ",3C7WRTCLXJG408884,4521,"2026-07-16 17:42:18",265,25019,0,45,1,1,1,0,0,0,0,0,0,0,0,NULL,NULL,699,0,423100,NULL,NULL,EDYS33,NULL,NULL,NULL,5194218,0,0,0,0,NULL,bbdb59d9-9bc7-4dd3-880f-3341e3c9e1f1,NULL
51941,422700,2006,10303,4300,"INTERNATIONAL 4300 FLATBED TRUCK"," ",1HTMMAAL86H236719,4534,"2026-07-16 17:42:18",265,24980,0,45,1,1,1,0,0,0,0,0,0,0,0,NULL,NULL,699,0,422700,NULL,NULL,EDYS86,NULL,NULL,10031739,5284931,0,0,0,1,NULL,4c771077-39d3-4306-8b9b-4b9fee80bf77,NULL
51942,8013,2021,10289,30-454,"MASTER TAPE STANLEY 30-454 25' FRACTIONAL READ TAPE MEASURE",T04009," ",4440,"2026-07-16 17:42:18",265,25018,0,45,1,0,1,0,0,0,0,0,0,0,0,NULL,NULL,699,0,8013,NULL,NULL,,NULL,NULL,NULL,NULL,0,0,0,0,NULL,e12bbcc2-2e5e-4d30-9df4-e7aae2eaac25,NULL
51943,282200,2022,10299,RANGER,"FORD RANGER XLT 4WD SUPERCREW 5' - THOMPSON, TYLER"," ",1FTER4FH9NLD46781,4543,"2026-07-16 17:42:19",265,25132,0,45,1,1,1,0,0,0,0,0,0,0,0,NULL,NULL,699,0,282200,NULL,NULL,D03083D,NULL,NULL,NULL,5269294,0,0,0,0,NULL,8199c48a-878e-4c28-bfd1-2bf047e52596,NULL
51944,282000,2022,10299,RANGER,"FORD RANGER - PADON, MITCH"," ",1FTER4FH6NLD45409,4543,"2026-07-16 17:42:19",265,24981,0,45,1,1,1,0,0,0,0,0,0,0,0,NULL,NULL,699,0,282000,NULL,NULL,EKMT44,NULL,NULL,NULL,5219011,0,0,0,0,NULL,577323a5-c4fb-42b4-b004-2c651ed9532a,NULL
51945,8011,2021,10289,30-454,"MASTER TAPE STANLEY 30-454 25'  MEASURE-HUBER, MATT",T04007," ",4440,"2026-07-16 17:42:19",265,25122,0,45,1,0,1,0,0,0,0,0,0,0,0,NULL,NULL,699,0,8011,NULL,NULL,,NULL,NULL,NULL,NULL,0,0,0,0,NULL,d3b560e5-07b1-4a55-bde4-c2b4c91f6878,NULL
51946,423200,2020,10305,"RAM 3500 SLT","DODGE RAM 3500 CREW CAB 4WD - Unassigned"," ",3C7WRTCL6LG122808,4548,"2026-07-16 17:42:19",265,25089,0,45,1,1,1,0,0,0,0,0,0,0,0,NULL,NULL,699,0,423200,NULL,NULL,EDYS34,NULL,NULL,NULL,5194220,0,0,0,0,NULL,1e010198-c967-4b50-a81e-68ff2279ade0,NULL
51947,282300,2022,10299,ESCAPE,"FORD ESCAPE SEL AWD HYBRID- MARKO, SAMANTHA"," ",1FMCU9CZ0NUB46345,4395,"2026-07-16 17:42:19",265,24981,0,45,1,0,1,0,0,0,0,0,0,0,0,NULL,NULL,699,0,282300,NULL,NULL,EDYN64,NULL,NULL,NULL,5219014,0,0,0,0,NULL,5e7a181f-2011-4e32-a8ac-4cff0810da45,NULL
51948,423700,2021,10314,740GC,"CAT 740GC HAUL TRUCK (Off Road Only)",3T800588," ",4553,"2026-07-16 17:42:19",265,25089,0,45,1,1,1,0,0,0,0,0,0,0,0,NULL,NULL,699,0,423700,NULL,NULL,0040356304,NULL,NULL,9788711,NULL,0,0,0,1,NULL,97ec20b1-dbf4-447a-8708-c453f239d6be,NULL
51949,562500,2022,10314,"299D3 C3H3","CAT 299D3 TRACK SKIDSTEER",DY907990," ",4426,"2026-07-16 17:42:19",265,25019,0,45,1,1,1,0,0,0,0,0,0,0,0,NULL,NULL,699,0,562500,NULL,NULL,0033486010,NULL,NULL,9933411,NULL,0,0,1,1,NULL,afb161c9-4e2b-4153-9e8e-9bb1b56aadec,NULL
51950,562900,2019,10314,325FL,"CAT 325FL EXCAVATOR",NDJ20946," ",4340,"2026-07-16 17:42:19",265,25019,0,45,1,1,1,0,0,0,0,0,0,0,0,NULL,NULL,699,0,562900,NULL,NULL,0040356294,NULL,NULL,10004144,NULL,0,0,0,1,NULL,b919b65c-aafe-4c6d-9d2f-1cd619a8cd52,NULL
51951,8008,2021,10286,CS202-B,"MASTER TAPE CALIBRATION TOOL-LIXER CS 202-B PASS/FAIL",LPF152," ",4440,"2026-07-16 17:42:20",265,25018,0,45,1,0,1,0,0,0,0,0,0,0,0,NULL,NULL,699,0,8008,NULL,NULL,,NULL,NULL,NULL,NULL,0,0,0,0,NULL,1b469046-164a-4442-88bf-873f1ce6eb69,NULL
51952,282700,2022,10303,"CV515 MECH","INTERNATIONAL CV515 MECHANIC- RICHARD, DENNIS"," ",1HTKTSWM5NH477105,4418,"2026-07-16 17:42:20",265,25018,0,45,1,1,1,0,0,0,0,0,0,0,0,NULL,NULL,699,0,282700,NULL,NULL,53390Z,NULL,NULL,NULL,5283593,0,0,0,0,NULL,4aaf4479-9976-4add-98d3-3fcb686e6cfe,NULL
51953,282400,2023,10299,"F150 LIGHTENING","FORD-F150 LIGHTENING XLT 4WD CREWCAB - SIMAO, BRANDON"," ",1FTVW1EL9PWG16686,4404,"2026-07-16 17:42:20",265,24981,0,45,1,1,1,0,0,0,0,0,0,0,0,NULL,NULL,699,0,282400,NULL,NULL,EDYN65,NULL,NULL,NULL,5219016,0,0,0,0,NULL,7ea4cd4c-cfe1-45ec-abb7-f3aaa7ddc08a,NULL
51954,282600,2022,10299,RANGER,"FORD RANGER XL 4WD SUPERCAB - PINA, JOSE"," ",1FTER1FH4NLD19938,4543,"2026-07-16 17:42:20",265,25019,0,45,1,1,1,0,0,0,0,0,0,0,0,NULL,NULL,699,0,282600,NULL,NULL,EDYN67,NULL,NULL,NULL,5219019,0,0,0,0,NULL,b6cf2d74-cef9-405c-a783-5a2f869ca8a6,NULL
51955,307300,2025,10299,"RANGER XLT","FORD RANGER XLT SUPERCREW 4WD - BALLOW, STEPHEN"," ",1FTER4HH3SLE41006,4439,"2026-07-16 17:42:20",265,24990,0,45,1,1,1,0,0,0,0,0,0,0,0,NULL,NULL,699,0,307300,NULL,NULL,EKMT60,NULL,NULL,NULL,5284387,0,0,0,0,NULL,08e12193-f703-4bc3-99d7-afa3d5ad6f1a,NULL
51956,563100,2022,10314,336,"CAT 336 EXCAVATOR",DKS20630," ",4504,"2026-07-16 17:42:20",265,24982,0,45,1,1,1,0,0,0,0,0,0,0,0,NULL,NULL,699,0,563100,NULL,NULL,0040356302,NULL,NULL,10023157,NULL,0,0,0,1,NULL,555b40a1-ce42-4f64-b4a5-75ff7669bd8b,NULL
51957,282800,2022,10305,"RAM 2500 TRADESMAN","DODGE RAM 2500 CREW 4WD-PINSON, JOHN"," ",3C6UR5CJ0NG327081,4401,"2026-07-16 17:42:20",265,25089,0,45,1,1,1,0,0,0,0,0,0,0,0,NULL,NULL,699,0,282800,NULL,NULL,EDYN68,NULL,NULL,NULL,5219051,0,0,0,0,NULL,9da100dc-d26f-415b-8195-12a5f0a985cf,NULL
51958,560800,2021,10323,GH12,"HAMMER-NPK GH12 (CAT336 QC)",137722-1NP01106," ",4286,"2026-07-16 17:42:20",265,25089,0,45,1,1,1,0,0,0,0,0,0,0,0,NULL,NULL,699,0,560800,NULL,NULL,NA,NULL,NULL,NULL,NULL,0,0,0,1,NULL,1da77077-e60e-4e18-9484-f3499fe03e02,NULL
51959,561000,2021,10323,GH10,"HAMMER-NPK GH10 (CAT325)",137608-1NP01107," ",4364,"2026-07-16 17:42:20",265,25105,0,45,1,1,1,0,0,0,0,0,0,0,0,NULL,NULL,699,0,561000,NULL,NULL,NA,NULL,NULL,NULL,NULL,0,0,0,0,NULL,7c926d5e-319b-4127-a00f-afb8152cf548,NULL
51960,423600,2021,10314,740GC,"CAT 740GC HAUL TRUCK (Off Road Only)",3T800549," ",4553,"2026-07-16 17:42:20",265,24981,0,45,1,1,1,0,0,0,0,0,0,0,0,NULL,NULL,699,0,423600,NULL,NULL,0033485938,NULL,NULL,9896406,NULL,0,0,0,1,NULL,fae3e4fb-3f47-41c8-941d-7519fa412400,NULL
51961,8006,2019,10288,374FC,"FLUKE TRMS CLAMP METER-DOUR, ADAM",44982311WS," ",4432,"2026-07-16 17:42:20",265,25101,0,45,1,0,1,0,0,0,0,0,0,0,0,NULL,NULL,699,0,8006,NULL,NULL,,NULL,NULL,NULL,NULL,0,0,0,0,NULL,c9946d49-7607-41ad-bd4f-fbd959d564b1,NULL
51962,423900,2019,10302,M2,"FREIGHTLINER M2 FLATBED TRUCK"," ",3ALACWFC8KDKS9833,4534,"2026-07-16 17:42:21",265,25064,0,45,1,1,1,0,0,0,0,0,0,0,0,NULL,NULL,699,0,423900,NULL,NULL,EDYS36,NULL,NULL,NULL,5283602,0,0,0,1,NULL,f272d5e4-1441-48ad-a387-a1abcade4676,NULL
51963,423000,2015,10302,M2,"FREIGHTLINER M2 FLATBED TRUCK 24'"," ",1FVACWDU0FHGJ9212,4534,"2026-07-16 17:42:21",265,24981,0,45,1,1,1,0,0,0,0,0,0,0,0,NULL,NULL,699,0,423000,NULL,NULL,EDYS87,NULL,NULL,10030911,5284345,0,0,0,1,NULL,ce007890-13eb-43fd-9398-1a6e832f9a14,NULL
51964,423400,2021,10308," ","HI-RAIL KNUCKLE BOOM TRK-WESTERN STAR"," ",5KKHAXDV9MLMS3712,4380,"2026-07-16 17:42:22",265,25031,0,45,1,1,1,0,0,0,0,0,0,0,0,NULL,NULL,699,0,423400,NULL,NULL,35361Z,NULL,NULL,9801657,5122979,0,0,0,1,NULL,1b9784e9-7bd0-4c0c-ae62-c7f4f18375b9,NULL
51965,562800,2022,10314,308,"CAT 308 EXCAVATOR W/ THUMB",0GG805511," ",4381,"2026-07-16 17:42:22",265,25080,0,45,1,1,1,0,0,0,0,0,0,0,0,NULL,NULL,699,0,562800,NULL,NULL,0040356316,NULL,NULL,10016596,NULL,0,0,1,1,NULL,304bda3a-bbe6-45dd-a744-59a8db9bc6f3,NULL
51966,561600,2022,10314,259D3,"CAT 259D3 TRACK SKIDSTEER",CW917212," ",4422,"2026-07-16 17:42:22",265,25058,0,45,1,1,1,0,0,0,0,0,0,0,0,NULL,NULL,699,0,561600,NULL,NULL,,NULL,NULL,10015967,NULL,0,0,0,1,NULL,e3d5c635-860f-46d2-814a-63cdd398627d,NULL
51967,562301,2024,10337,TD540,"TRIMBLE GPS SYSTEM - CAT325",528775," ",4441,"2026-07-16 17:42:23",265,24981,0,45,1,0,1,0,0,0,0,0,0,0,0,NULL,NULL,699,0,562301,NULL,NULL,NA,NULL,NULL,NULL,NULL,0,0,0,0,NULL,3aed8c80-fa38-41ad-9c41-31ab9d82e23c,NULL
51968,103800,1970,10291,5299,"AMER 5299 CRANE-50 TON  1970",GS-14904," ",4423,"2026-07-16 17:42:24",265,25018,0,45,1,1,1,0,0,0,0,0,0,0,0,NULL,NULL,699,0,103800,NULL,NULL,,NULL,NULL,10023136,NULL,0,0,0,1,NULL,55566d8e-f73c-4501-a67b-c13d4264c146,NULL
51969,282500,2023,10299,"F150 LIGHTENING","FORD F150 LIGHTENING XLT 4WD CREWCAB - COSTA, HARMON"," ",1FTVW1ELXPWG16373,4404,"2026-07-16 17:42:24",265,24981,0,45,1,1,1,0,0,0,0,0,0,0,0,NULL,NULL,699,0,282500,NULL,NULL,EDYN66,NULL,NULL,NULL,5219017,0,0,0,0,NULL,1899de49-2720-48ef-9b79-2d6d3f6c2f07,NULL
51970,282900,2023,10299,F150,"FORD F150 SUPERCAB - SMITH, ALEX"," ",1FTFX1E56PKE24393,4404,"2026-07-16 17:42:25",265,25019,0,45,1,1,1,0,0,0,0,0,0,0,0,NULL,NULL,699,0,282900,NULL,NULL,EDYN69,NULL,NULL,NULL,5219113,0,0,0,0,NULL,af8756ec-4f92-4bf3-b777-55356d3c1b58,NULL
51971,423800,2019,10302,M2,"FREIGHTLINER M2 FLATBED TRUCK"," ",3ALACWFC3KDKH6912,4534,"2026-07-16 17:42:25",265,25089,0,45,1,1,1,0,0,0,0,0,0,0,0,NULL,NULL,699,0,423800,NULL,NULL,EDYS35,NULL,NULL,NULL,5284923,0,0,0,1,NULL,257019ed-75b2-4bc1-b38e-19d62213d028,NULL
51972,283300,2023,10299,F250,"FORD F250 SUPERCAB - SMITH, DEAN"," ",1FT7X2BA8PED27447,4401,"2026-07-16 17:42:26",265,25019,0,45,1,1,1,0,0,0,0,0,0,0,0,NULL,NULL,699,0,283300,NULL,NULL,EDYN72,NULL,NULL,NULL,5219244,0,0,0,0,NULL,57406eac-5463-47a2-bbd1-e766278bfae3,NULL
51973,283000,2023,10299,F150,"FORD F150 SUPERCAB - HARRIMAN, CHRISTIAN (SURVEY)"," ",1FTFX1E5XPKE23926,4404,"2026-07-16 17:42:27",265,25055,0,45,1,1,1,0,0,0,0,0,0,0,0,NULL,NULL,699,0,283000,NULL,NULL,EDYN70,NULL,NULL,NULL,5219193,0,0,0,0,NULL,5900ddeb-ff5b-47c9-bd12-34645ca27963,NULL
51974,8017,2021,10289,30-454,"MASTER TAPE STANLEY 30-454 25' FRACTIONAL READ TAPE MEASURE",T04013," ",4440,"2026-07-16 17:42:27",265,25018,0,45,1,0,1,0,0,0,0,0,0,0,0,NULL,NULL,699,0,8017,NULL,NULL,,NULL,NULL,NULL,NULL,0,0,0,0,NULL,0f0a62e2-b41b-49e1-9ef3-c680884ec8fa,NULL
51975,562400,2017,10314,336F,"CAT 336F EXCAVATOR W/ THUMB",RKB10244," ",4504,"2026-07-16 17:42:28",265,25093,0,45,1,1,1,0,0,0,0,0,0,0,0,NULL,NULL,699,0,562400,NULL,NULL,,NULL,NULL,10021074,NULL,0,0,1,1,2794,88e8310e-e91e-45dd-b50f-59d1129be45d,NULL
51976,101300,1971,10291,5299,"AMER 5299 CRANE-50 TON  1971",GS15482," ",4423,"2026-07-16 17:42:29",265,25137,0,45,1,1,1,0,0,0,0,0,0,0,0,NULL,NULL,699,0,101300,NULL,NULL,,NULL,NULL,9958396,NULL,0,0,0,0,NULL,80beaf42-7f06-4d33-852f-24eecf812594,NULL
51977,424400,2024,10305,"TRADESMAN 3500","DODGE 3500 4WD CREW DUMP TRUCK - RIVERA LORENZO"," ",3C7WRTCL3RG113315,4494,"2026-07-16 17:42:29",265,25019,0,45,1,1,1,0,0,0,0,0,0,0,0,NULL,NULL,699,0,424400,NULL,NULL,EDYS38,NULL,NULL,NULL,5284926,0,0,0,1,NULL,6c14170a-f9cc-4ac9-af24-94fa9fa904af,NULL
51978,8014,2021,10289,30-454,"MASTER TAPE STANLEY 30-454 25' FRACTIONAL READ TAPE MEASURE",T04010," ",4440,"2026-07-16 17:42:30",265,25018,0,45,1,0,1,0,0,0,0,0,0,0,0,NULL,NULL,699,0,8014,NULL,NULL,,NULL,NULL,NULL,NULL,0,0,0,0,NULL,001e2fe9-bd7a-4031-bb6a-f60380e47c70,NULL
51979,106000,1978,10291,7260,"AMER 7260 CR-100 TON    1978",GS19528," ",4332,"2026-07-16 17:42:30",265,25122,0,45,1,1,1,0,0,0,0,0,0,0,0,NULL,NULL,699,0,106000,NULL,NULL,,NULL,NULL,10023139,NULL,0,0,0,1,NULL,86c7a60e-2e0d-43ac-b268-7af382c33ba5,NULL
51980,424600,2025,10303,1145D,"HI-RAIL ROTARY DUMP-INTERNATIONAL 1145D"," ",3HAEKTAT6RL649467,4380,"2026-07-16 17:42:50",265,25018,0,45,1,1,1,0,0,0,0,0,0,0,0,NULL,NULL,699,0,424600,NULL,NULL,94710Z,NULL,NULL,10025158,5280064,0,0,0,1,2754,e548563f-4c88-436c-a9ea-9c2ae97a6724,NULL
51981,563300,2023,10314,289D3,"CAT 289D3 TRACK SKIDSTEER",0JX917242," ",4345,"2026-07-16 17:42:50",265,25044,0,45,1,1,1,0,0,0,0,0,0,0,0,NULL,NULL,699,0,563300,NULL,NULL,,NULL,NULL,10022274,NULL,0,0,1,1,NULL,44edd6cb-5d86-4aef-bcb2-8e92c4cdd15c,NULL
51982,433200,2011,10303,4400SBA,"WATER TRUCK 2000 GAL INTERNATIONAL"," ",1HSMTAAN5BH389982,4397,"2026-07-16 17:42:50",265,25129,0,45,1,1,1,0,0,0,0,0,0,0,0,NULL,NULL,699,0,433200,NULL,NULL,EDYS39,NULL,NULL,10009669,5284932,0,0,1,1,NULL,3273bdc6-c733-433f-8910-3450bf4ae074,NULL
51983,424500,2024,10314,740GC,"CAT 740GC HAUL TRUCK (Off Road Only)",3T805911," ",4553,"2026-07-16 17:42:50",265,24981,0,45,1,1,1,0,0,0,0,0,0,0,0,NULL,NULL,699,0,424500,NULL,NULL,0033494335,NULL,NULL,10011760,NULL,0,0,0,1,2739,58332cd2-9221-4cb5-90ef-d00e7bd85688,NULL
51984,105800,1976,10291,5299,"AMER 5299 CRANE-50 TON  1976",GS-18929," ",4423,"2026-07-16 17:42:50",265,25018,0,45,1,1,1,0,0,0,0,0,0,0,0,NULL,NULL,699,0,105800,NULL,NULL,,NULL,NULL,9801429,NULL,0,0,0,1,NULL,c21d466a-b85e-4516-a250-4b24112cd7a9,NULL
51985,563400,2023,10314,289D3,"CAT 289D3 TRACK SKIDSTEER",0JX917028," ",4345,"2026-07-16 17:42:50",265,25019,0,45,1,1,1,0,0,0,0,0,0,0,0,NULL,NULL,699,0,563400,NULL,NULL,0040356303,NULL,NULL,10009841,NULL,0,0,0,1,NULL,ee30f6cb-30dc-4323-be72-ae23ee27b598,NULL
51986,283600,2023,10299,F250,"FORD F250 SUPERCAB - BLAKE, JASON"," ",1FT7X2BA7PED29643,4401,"2026-07-16 17:42:50",265,25089,0,45,1,1,1,0,0,0,0,0,0,0,0,NULL,NULL,699,0,283600,NULL,NULL,EDYN75,NULL,NULL,NULL,5219322,0,0,0,0,NULL,5b62c0d1-9947-4947-b43a-9c187b4ad1b5,NULL
51987,283500,2023,10299,F250,"FORD F250 SUPERCAB - UNASSIGNED"," ",1FT7X2BAXPED29829,4401,"2026-07-16 17:42:51",265,25089,0,45,1,1,1,0,0,0,0,0,0,0,0,NULL,NULL,699,0,283500,NULL,NULL,EDYN74,NULL,NULL,NULL,5219267,0,0,0,0,NULL,2692c5cd-4a62-4f7b-8eaa-cbe8ff453a87,NULL
51988,564200,2023,10314,325,"CAT 325-07HT EXCAVATOR",TEL30199," ",4340,"2026-07-16 17:42:51",265,25080,0,45,1,1,1,0,0,0,0,0,0,0,0,NULL,NULL,699,0,564200,NULL,NULL,0033485858,NULL,NULL,10009846,NULL,0,0,0,1,2805,a3ebc979-c248-4605-ae4f-722c28460208,NULL
51989,562600,2020,10314,305E,"CAT 305E EXCAVATOR"," ",CAT0305EAH5M12208,4456,"2026-07-16 17:42:51",265,25132,0,45,1,1,1,0,0,0,0,0,0,0,0,NULL,NULL,699,0,562600,NULL,NULL,,NULL,NULL,10014844,NULL,0,0,1,1,NULL,5841c484-71d7-43db-ae38-ddc1060d692d,NULL
51990,283100,2023,10299,F150,"FORD F150 SUPERCAB - MACGREGOR, CADE"," ",1FTFX1E5XPKE24493,4404,"2026-07-16 17:42:51",265,25079,0,45,1,1,1,0,0,0,0,0,0,0,0,NULL,NULL,699,0,283100,NULL,NULL,EDYN71,NULL,NULL,NULL,5219217,0,0,0,0,NULL,c04bc61c-ca21-4949-893d-3fdae9238b3e,NULL
51991,103100,1971,10291,4250,"AMER 4250 CRANE-35 TON  1971",GS14621W," ",4443,"2026-07-16 17:42:51",265,25018,0,45,1,1,1,0,0,0,0,0,0,0,0,NULL,NULL,699,0,103100,NULL,NULL,,NULL,NULL,NULL,NULL,0,0,2,0,NULL,95f34897-3c13-42b1-bfbc-15f0bb0aff16,NULL
51992,424300,2022,10310,T800,"KENWORTH T800 DUMP TRUCK - ESPIRITU, NOEL"," ",3BKDL49X7NF122563,4371,"2026-07-16 17:42:51",265,25019,0,45,1,1,1,0,0,0,0,0,0,0,0,NULL,NULL,699,0,424300,NULL,NULL,DXGC87,NULL,NULL,NULL,5284927,0,0,0,1,NULL,d7cf31f2-f186-4ca3-8c3b-c71db1c752fa,NULL
51993,283700,2023,10299,F250,"FORD F250 SUPERCAB - ARGABRITE, ZACK"," ",1FT7X2BA6PEC81522,4401,"2026-07-16 17:42:51",265,25089,0,45,1,1,1,0,0,0,0,0,0,0,0,NULL,NULL,699,0,283700,NULL,NULL,EDYN76,NULL,NULL,NULL,5219368,0,0,0,0,NULL,1aee72a0-4e5c-4fa4-8560-ac40f19e0bdd,NULL
51994,283400,2023,10299,F250,"FORD F250 SUPERCAB - FLORES, OSCAR"," ",1FT7X2BA5PED28474,4401,"2026-07-16 17:42:52",265,25019,0,45,1,1,1,0,0,0,0,0,0,0,0,NULL,NULL,699,0,283400,NULL,NULL,EDYN73,NULL,NULL,NULL,5283614,0,0,0,0,NULL,05a8d749-7f73-4602-85d0-00ea53886e97,NULL
51995,564000,2023,10314,352-08HT,"CAT 352-08FG EXCAVATOR W/ THUMB",0KXH10469," ",4370,"2026-07-16 17:42:52",265,25025,0,45,1,1,1,0,0,0,0,0,0,0,0,NULL,NULL,699,0,564000,NULL,NULL,,NULL,NULL,10023167,NULL,0,0,0,1,NULL,fd3fd1b4-59c6-48e3-a2df-a2fc9d10e4ae,NULL
51996,433900,2021,10309,157595,"HONDA HOT PRESSURE WASHER TRAILER (Hickey, Keith)","06219490 / 4K1PT4C16MK009497"," ",4538,"2026-07-16 17:42:52",265,25042,0,45,1,1,1,0,0,0,0,0,0,0,0,NULL,NULL,699,0,433900,NULL,NULL,,NULL,NULL,NULL,NULL,0,0,0,0,NULL,78df8a88-db47-44ec-a802-e59a81966274,NULL
51997,284400,2023,10299,RANGER,"FORD RANGER XLT 4WD SUPERCREW - GARCIA, ADRIAN"," ",1FTER4FH8PLE16662,4543,"2026-07-16 17:42:52",265,25119,0,45,1,1,1,0,0,0,0,0,0,0,0,NULL,NULL,699,0,284400,NULL,NULL,D76042D,NULL,NULL,NULL,5219414,0,0,0,0,NULL,d5ffb669-8882-4c6f-8379-0c0299d7484a,NULL
51998,424700,2026,10311,"680H MOUNT","BOOM TRUCK-NATIONAL 680H MOUNT","3ALHG5FE1TDWG3720 / SN 304175"," ",4342,"2026-07-16 17:42:52",265,25089,0,45,1,1,1,0,0,0,0,0,0,0,0,NULL,NULL,699,0,424700,NULL,NULL,TBD,NULL,NULL,10027017,5281432,0,0,1,1,NULL,e66c9f16-969c-42ef-aaa6-77e7558c2a25,NULL
51999,433700,2021,10310,T370,"KENWORTH T370 4000 GL WATER TRUCK"," ",2NKHLJ9X7MM460344,4305,"2026-07-16 17:42:52",265,25033,0,45,1,1,1,0,0,0,0,0,0,0,0,NULL,NULL,699,0,433700,NULL,NULL,EDYS40,NULL,NULL,10031737,5284924,0,0,0,1,NULL,adfa7602-15dd-4851-b776-339f1c87a379,NULL
52000,284200,2023,10299,"F250 REG CAB XL","FORD F250 REG CAB 4WD - HOTEK, MATT"," ",1FTBF2BA3PED15137,4401,"2026-07-16 17:42:52",265,25042,0,45,1,1,1,0,0,0,0,0,0,0,0,NULL,NULL,699,0,284200,NULL,NULL,XE58659,NULL,NULL,NULL,5219412,0,0,0,0,NULL,7a0074c6-5a48-46e1-bd86-21d4f4aa3bf3,NULL
52001,424200,2023,10314,745,"CAT 745 HAUL TRUCK (Off Road Only)",3T606257," ",4553,"2026-07-16 17:42:52",265,24981,0,45,1,1,1,0,0,0,0,0,0,0,0,NULL,NULL,699,0,424200,NULL,NULL,0033494060,NULL,NULL,10016577,NULL,0,0,0,1,2741,505dae88-69e0-4e83-9b05-c24aa0d6ce1a,NULL
52002,283900,2023,10299,F250,"FORD F250 SUPERCAB - DEHERRERA, ELIPIO"," ",1FT7X2BA1PEC81525,4401,"2026-07-16 17:42:53",265,24980,0,45,1,1,1,0,0,0,0,0,0,0,0,NULL,NULL,699,0,283900,NULL,NULL,EDYN78,NULL,NULL,NULL,5219409,0,0,0,0,NULL,2d140de7-399d-4ced-93fc-aa428febbee7,NULL
52003,564100,2020,10314,325,"CAT 325F HT EXCAVATOR",NDJ20656," ",4340,"2026-07-16 17:42:53",265,25089,0,45,1,1,1,0,0,0,0,0,0,0,0,NULL,NULL,699,0,564100,NULL,NULL,0040356309,NULL,NULL,10016628,NULL,0,0,0,1,2800,23f1f37c-0f51-48db-866c-9e24dc42dbfd,NULL
52004,283800,2023,10299,F250,"FORD F250 SUPERCAB - BLACKIE, CRAIG"," ",1FT7X2BA8PEC81523,4401,"2026-07-16 17:42:53",265,25019,0,45,1,1,1,0,0,0,0,0,0,0,0,NULL,NULL,699,0,283800,NULL,NULL,EDYN77,NULL,NULL,NULL,5219407,0,0,0,0,NULL,5a7de3ca-a73d-4fab-b443-033c34842e01,NULL
52005,563500,2023,10314,289D3,"CAT 289D3 TRACK SKIDSTEER",0JX916915," ",4345,"2026-07-16 17:42:53",265,24982,0,45,1,1,1,0,0,0,0,0,0,0,0,NULL,NULL,699,0,563500,NULL,NULL,0040356322,NULL,NULL,10023164,NULL,0,0,1,1,NULL,1f1cd79a-951b-4a07-88ee-f9b508384d12,NULL
52006,563600,2023,10314,289D3,"CAT 289D3 TRACK SKIDSTEER",0JX917237," ",4345,"2026-07-16 17:42:53",265,25025,0,45,1,1,1,0,0,0,0,0,0,0,0,NULL,NULL,699,0,563600,NULL,NULL,,NULL,NULL,10005151,NULL,0,0,0,1,NULL,9b7d9ea9-5766-4441-82d2-0b0eba20f80a,NULL
52007,284900,2023,10299,"F250 SUPERCAB XL","FORD F250 SUPERCAB XL 4WD - TRAUTLEIN, JUSTIN"," ",1FT7X2BA7PEC50490,4401,"2026-07-16 17:42:53",265,25122,0,45,1,1,1,0,0,0,0,0,0,0,0,NULL,NULL,699,0,284900,NULL,NULL,XE52761,NULL,NULL,NULL,5219419,0,0,0,0,NULL,4fcadd35-b266-4145-957b-b66c78d43391,NULL
52008,284300,2023,10299,RANGER,"FORD RANGER XLT 4WD SUPERCREW - JANSSEN, DARREN"," ",1FTER4FH8PLE16659,4543,"2026-07-16 17:42:53",265,24981,0,45,1,1,1,0,0,0,0,0,0,0,0,NULL,NULL,699,0,284300,NULL,NULL,EDYN81,NULL,NULL,NULL,5219413,0,0,0,0,NULL,636cb84a-031b-4b0e-8aae-11898c42a30f,NULL
52009,8015,2021,10289,30-454,"MASTER TAPE STANLEY 30-454 25' FRACTIONAL READ TAPE MEASURE",T04011," ",4440,"2026-07-16 17:42:54",265,25018,0,45,1,0,1,0,0,0,0,0,0,0,0,NULL,NULL,699,0,8015,NULL,NULL,,NULL,NULL,NULL,NULL,0,0,0,0,NULL,57ccb510-ed24-4440-a027-ea5a6d42f461,NULL
52010,284700,2023,10299,"F250 SUPERCAB XL","FORD F250 SUPERCAB XL 4WD - LUNEMANN, RYAN"," ",1FT7X2BA9PEC50488,4401,"2026-07-16 17:42:54",265,25026,0,45,1,1,1,0,0,0,0,0,0,0,0,NULL,NULL,699,0,284700,NULL,NULL,XE52236,NULL,NULL,NULL,5219417,0,0,0,0,NULL,fe031768-366c-4948-a13f-0299a05aa392,NULL
52011,106100,1978,10290,LS338,"LINKBELT LS338-100T CR  1978",21G7-1152G," ",4332,"2026-07-16 17:42:54",265,25018,0,45,1,1,1,0,0,0,0,0,0,0,0,NULL,NULL,699,0,106100,NULL,NULL,,NULL,NULL,9844765,NULL,0,0,0,1,NULL,11ee0acf-8505-40ba-84ff-f2734f5c0144,NULL
52012,434500,2022,10313,"4000G HV60","INTERNATIONAL 4000G WATER TRUCK"," ",3HAEKTAT5PL056390,4305,"2026-07-16 17:42:54",265,25033,0,45,1,1,1,0,0,0,0,0,0,0,0,NULL,NULL,699,0,434500,NULL,NULL,EDYS45,NULL,NULL,10022030,5277665,0,0,2,1,2745,979256a8-750a-480d-bbf4-6657cfe594a7,NULL
52013,434300,2018,10310,T270,"WATER TRUCK 2000 GAL KENWORTH T270"," ",2NKHHM6X0KM252584,4397,"2026-07-16 17:42:54",265,25064,0,45,1,1,1,0,0,0,0,0,0,0,0,NULL,NULL,699,0,434300,NULL,NULL,EDYS43,NULL,NULL,NULL,5284925,0,0,2,1,2755,e083d212-b238-45ce-9386-af490f740b76,NULL
52014,434000,2020,10310,T370,"KENWORTH T370-4000G WATER TRUCK"," ",2NKHLJ9X1LM380665,4305,"2026-07-16 17:42:54",265,25089,0,45,1,1,1,0,0,0,0,0,0,0,0,NULL,NULL,699,0,434000,NULL,NULL,EDYS41,NULL,NULL,NULL,5141238,0,0,0,1,NULL,4366b691-f34b-4e6b-9c4f-ae3dda371bf2,NULL
52015,105500,1977,10291,9299,"AMER 9299-165 TON CR    1977",GS-18418," ",4379,"2026-07-16 17:42:54",265,25136,0,45,1,1,1,0,0,0,0,0,0,0,0,NULL,NULL,699,0,105500,NULL,NULL,,NULL,NULL,10003464,NULL,0,0,2,1,NULL,61123ba7-592b-4304-a671-8fa6aa749aab,NULL
52016,284000,2023,10299,F250,"FORD F250 SUPERCAB - BOEGEL, BRETT"," ",1FT7X2BAXPEC81524,4401,"2026-07-16 17:42:54",265,25064,0,45,1,1,1,0,0,0,0,0,0,0,0,NULL,NULL,699,0,284000,NULL,NULL,EDYN79,NULL,NULL,NULL,5219410,0,0,0,0,NULL,afc28477-5ffd-418b-8e68-f4bbf85584fd,NULL
52017,564400,2024,10314,313GC,"CAT 313GC EXCAVATOR",NFZ40047," ",4324,"2026-07-16 17:42:54",265,25019,0,45,1,1,1,0,0,0,0,0,0,0,0,NULL,NULL,699,0,564400,NULL,NULL,0040356287,NULL,NULL,10030997,NULL,0,0,0,1,2801,4f751c27-2a11-4e61-9f7f-700cee6e2afd,NULL
52018,434700,2024,10309,157595,"HONDA HOT/COLD PRESSURE WASHER TRAILER"," ",4K1PT4C18RK013199,4538,"2026-07-16 17:42:54",265,25025,0,45,1,1,1,0,0,0,0,0,0,0,0,NULL,NULL,699,0,434700,NULL,NULL,NA,NULL,NULL,NULL,NULL,0,0,1,0,NULL,8e85e36d-6b8a-4f37-aa71-f48912f69b0b,NULL
52019,434400,2022,10303,"4000G HV60","INTERNATIONAL 4000G WATER TRUCK"," ",3HAEKTAT5PL056387,4305,"2026-07-16 17:42:55",265,24982,0,45,1,1,1,0,0,0,0,0,0,0,0,NULL,NULL,699,0,434400,NULL,NULL,EDYS44,NULL,NULL,10009849,5141243,0,0,0,1,2752,89edf054-6f49-428a-bdac-b7fce816d47f,NULL
52020,563900,2023,10314,336-08HT,"CAT 336-08HT EXCAVATOR W/ THUMB",RDL10156," ",4504,"2026-07-16 17:42:55",265,25026,0,45,1,1,1,0,0,0,0,0,0,0,0,NULL,NULL,699,0,563900,NULL,NULL,,NULL,NULL,10031001,NULL,0,0,1,1,NULL,2f485ee2-e087-43a3-9501-37135f409ae0,NULL
52021,284800,2023,10299,"F250 SUPERCAB XL","FORD F250 SUPERCAB XL 4WD - VALENZUELA, OMAR"," ",1FT7X2BA0PEC50489,4401,"2026-07-16 17:42:55",265,25089,0,45,1,1,1,0,0,0,0,0,0,0,0,NULL,NULL,699,0,284800,NULL,NULL,EIEL02,NULL,NULL,NULL,5219418,0,0,0,0,NULL,4622e6ca-d3b2-4049-bed4-17a06dbbd741,NULL
52022,434100,2022,10309,157595,"HONDA HOT/COLD PRESSURE WASHER TRAILER"," ",4K1PT4C1XNK010573,4538,"2026-07-16 17:42:55",265,25107,0,45,1,1,1,0,0,0,0,0,0,0,0,NULL,NULL,699,0,434100,NULL,NULL,,NULL,NULL,NULL,NULL,0,0,0,0,NULL,b421dfcd-3302-4bf4-9636-f0776d56b279,NULL
52023,285000,2023,10299,"F150 SUPERCAB XL","FORD F150 SUPERCAB XL 4WD - SCHWARZ, BEN"," ",1FTFX1E51PKE24530,4404,"2026-07-16 17:42:55",265,25025,0,45,1,1,1,0,0,0,0,0,0,0,0,NULL,NULL,699,0,285000,NULL,NULL,VB6805,NULL,NULL,NULL,5219420,0,0,0,0,NULL,fca1d22f-f9bf-42f6-8441-bc9b2c4e6ddd,NULL
52024,564201,2024,10337,TD540,"TRIMBLE GPS SYSTEM - CAT325",528780," ",4441,"2026-07-16 17:42:55",265,24981,0,45,1,0,1,0,0,0,0,0,0,0,0,NULL,NULL,699,0,564201,NULL,NULL,NA,NULL,NULL,NULL,NULL,0,0,0,0,NULL,cf0f00e0-b25b-401e-9735-58c7f2a25222,NULL
52025,564500,2018,10314,336F,"CAT 336F EXCAVATOR W/ THUMB",RKB20610," ",4504,"2026-07-16 17:42:55",265,25042,0,45,1,1,1,0,0,0,0,0,0,0,0,NULL,NULL,699,0,564500,NULL,NULL,,NULL,NULL,10015976,NULL,0,0,0,1,NULL,fe999d34-dc8d-448c-a86a-4224aa2e8cb7,NULL
52026,110300,1979,10291,7260,"AMERICAN 7260 CR-100T   1979",GS19908," ",4332,"2026-07-16 17:42:56",265,25042,0,45,1,1,1,0,0,0,0,0,0,0,0,NULL,NULL,699,0,110300,NULL,NULL,,NULL,NULL,10023140,NULL,0,0,1,1,NULL,6428de1d-2147-4783-977d-a9710f38ac52,NULL
52027,110600,1982,10290,128DLC,"LINKBELT 128DLC-60T     1982",51HI-1323-C," ",4423,"2026-07-16 17:42:56",265,25018,0,45,1,1,1,0,0,0,0,0,0,0,0,NULL,NULL,699,0,110600,NULL,NULL,,NULL,NULL,9844751,NULL,0,0,0,1,NULL,040529cd-fcfd-484b-a5a7-9bfb68846a82,NULL
52028,434200,2023,10302,M2,"FREIGHTLINER 4000G WATER TRUCK"," ",3ALHCYFE2PDNV7297,4305,"2026-07-16 17:42:56",265,24980,0,45,1,1,1,0,0,0,0,0,0,0,0,NULL,NULL,699,0,434200,NULL,NULL,EDYS42,NULL,NULL,9801683,5141241,0,0,0,1,2748,93b6da68-863f-4baa-a681-302d3e8f91a2,NULL
52029,285100,2023,10299,"F150 SUPERCAB XL","FORD F150 SUPERCAB XL 4WD - FLOGEL, NATHAN"," ",1FTFX1E51PKE23992,4404,"2026-07-16 17:42:56",265,24978,0,45,1,1,1,0,0,0,0,0,0,0,0,NULL,NULL,699,0,285100,NULL,NULL,KTH308,NULL,NULL,NULL,5219421,0,0,0,0,NULL,0826e18b-2165-40c4-aa9d-682b7d12123c,NULL
52030,563800,2023,10314,336-08HT,"CAT 336-08HT EXCAVATOR W/ THUMB",RDL10109," ",4504,"2026-07-16 17:42:56",265,25089,0,45,1,1,1,0,0,0,0,0,0,0,0,NULL,NULL,699,0,563800,NULL,NULL,0040356289,NULL,NULL,10016641,NULL,0,0,2,1,NULL,9335b5c9-408f-4686-ad0c-a4219f18a5b5,NULL
52031,564900,2024,10314,308,"CAT 308 EXCAVATOR W/ THUMB",0GG810296," ",4381,"2026-07-16 17:42:56",265,25019,0,45,1,1,1,0,0,0,0,0,0,0,0,NULL,NULL,699,0,564900,NULL,NULL,0033485849,NULL,NULL,10016598,NULL,0,0,0,1,2892,917eefae-a054-4d8e-8498-0a7e31d199a5,NULL
52032,284500,2023,10299,"F250 SUPERCAB XL","FORD F250 SUPERCAB XL 4WD - LIS, JOSH"," ",1FT7X2BA5PEC50486,4401,"2026-07-16 17:42:57",265,25098,0,45,1,1,1,0,0,0,0,0,0,0,0,NULL,NULL,699,0,284500,NULL,NULL,XE52234,NULL,NULL,NULL,5219415,0,0,0,0,NULL,daf6fe0b-f991-4efd-b50b-47594b6ff29a,NULL
52033,284600,2023,10299,"F250 SUPERCAB XL","FORD F250 SUPERCAB XL 4WD - LEWIS, TRACY"," ",1FT7X2BA7PEC50487,4401,"2026-07-16 17:42:57",265,25042,0,45,1,1,1,0,0,0,0,0,0,0,0,NULL,NULL,699,0,284600,NULL,NULL,XE52043,NULL,NULL,NULL,5219416,0,0,0,0,NULL,0c2baab9-0b8f-488b-9d59-fac53e134136,NULL
52034,424100,2018,10302,M2,"FREIGHTLINER M2 FLATBED TRUCK"," ",3ALACWDT0JDJJ4466,4534,"2026-07-16 17:42:57",265,25089,0,45,1,1,1,0,0,0,0,0,0,0,0,NULL,NULL,699,0,424100,NULL,NULL,EDYS37,NULL,NULL,10011661,5271183,0,0,0,1,NULL,d07f787a-ba27-4afd-8cb7-a38656170a4b,NULL
52035,285400,2023,10299,"F150 SUPERCAB XL","FORD F150 SUPERCAB XL 4WD - MEEHAN, ALEX"," ",1FTFX1E52PKE24018,4404,"2026-07-16 17:42:57",265,25122,0,45,1,1,1,0,0,0,0,0,0,0,0,NULL,NULL,699,0,285400,NULL,NULL,WK9295,NULL,NULL,NULL,5219424,0,0,0,0,NULL,5bce717b-8a07-46e1-aff6-2d71befa2cd9,NULL
52036,564800,2024,10314,289D3,"CAT 289D3 TRACK SKIDSTEER",JX919562," ",4345,"2026-07-16 17:42:57",265,25042,0,45,1,1,1,0,0,0,0,0,0,0,0,NULL,NULL,699,0,564800,NULL,NULL,,NULL,NULL,10016610,NULL,0,0,2,1,NULL,34e4b833-e3dd-4ee4-bc7d-2e1c09c8ff55,NULL
52037,564700,2023,10314,336-08HT,"CAT 336-08HT EXCAVATOR W/ THUMB (Plumbed for MKT V5E #6616)",RDL10606," ",4504,"2026-07-16 17:42:57",265,25098,0,45,1,1,1,0,0,0,0,0,0,0,0,NULL,NULL,699,0,564700,NULL,NULL,,NULL,NULL,10009913,NULL,0,0,1,1,NULL,20e2794c-3f58-4667-92dc-48c38c3c536a,NULL
52038,565100,2024,10314,CS11GC,"CAT CS11GC SMOOTH DRUM 84 inch ROLLER",06G200319," ",4285,"2026-07-16 17:42:57",265,24982,0,45,1,1,1,0,0,0,0,0,0,0,0,NULL,NULL,699,0,565100,NULL,NULL,0033494036,NULL,NULL,10030987,NULL,0,0,0,1,2887,9911c43f-58fc-439d-8e59-898436997cd3,NULL
52039,433800,2021,10316,KPT120,"KLEIN KPT120 PORTABLE WATER TOWER - 12000 GALLON"," ",1K9TC40S2MT013129,4356,"2026-07-16 17:42:57",265,24981,0,45,1,1,1,0,0,0,0,0,0,0,0,NULL,NULL,699,0,433800,NULL,NULL,DXGC89,NULL,NULL,9890273,NULL,0,0,0,0,NULL,7e5d9f6c-1f2a-4068-85e8-e8cdb1d2691b,NULL
52040,423500,2022,10305,"RAM 5500","DODGE RAM 5500 4X4 CREW CAB FLATBED - PW CREW"," ",3C7WRNEL5NG283694,4534,"2026-07-16 17:42:57",265,25045,0,45,1,1,1,0,0,0,0,0,0,0,0,NULL,NULL,699,0,423500,NULL,NULL,FB52389,NULL,NULL,NULL,5194231,0,0,0,1,NULL,f698db74-755a-4031-97a4-e719e1d92781,NULL
52041,563700,2018,10314,303.5E2,"CAT 303.5E2 MINI EXCAVATOR",0JWY04859," ",4323,"2026-07-16 17:42:57",265,25002,0,45,1,1,1,0,0,0,0,0,0,0,0,NULL,NULL,699,0,563700,NULL,NULL,,NULL,NULL,9984151,NULL,0,0,0,1,NULL,8dfc0689-ac4b-4a25-9529-00aaf04059ae,NULL
52042,435100,2026,10315,30SA-10R1A-4PBK,"WATER WAGON TRAILER - 330 GAL"," ",16V1U1315T2439632,4502,"2026-07-16 17:42:58",265,25089,0,45,1,1,1,0,0,0,0,0,0,0,0,NULL,NULL,699,0,435100,NULL,NULL,EWWP80,NULL,NULL,NULL,NULL,0,0,0,0,NULL,c240e404-49ea-4435-add2-239882edaccc,NULL
52043,285600,2022,10299,"F250 XL 4WD","FORD F250 SUPERCAB - PECHA, ANDREW"," ",1FT7X2B6XNEG40962,4401,"2026-07-16 17:42:58",265,25026,0,45,1,1,1,0,0,0,0,0,0,0,0,NULL,NULL,699,0,285600,NULL,NULL,XE62648,NULL,NULL,NULL,5219426,0,0,0,0,NULL,8e4f322c-ef56-4072-9259-94bb9b2d88ba,NULL
52044,284100,2023,10299,F250,"FORD F250 SUPERCAB - HILL, CHAD"," ",1FT7X2BAXPED29619,4401,"2026-07-16 17:42:58",265,25019,0,45,1,1,1,0,0,0,0,0,0,0,0,NULL,NULL,699,0,284100,NULL,NULL,EDYN80,NULL,NULL,NULL,5219411,0,0,0,0,NULL,f4c7977b-40bc-447b-9b88-5ac41a8db85a,NULL
52045,111000,1973,10291,9270,"AMER 9270-150 TON CRANE  1973",GS-17768," ",4379,"2026-07-16 17:42:58",265,25018,0,45,1,1,1,0,0,0,0,0,0,0,0,NULL,NULL,699,0,111000,NULL,NULL,,NULL,NULL,10023141,NULL,0,0,0,1,NULL,142203f6-253e-40a0-a6c7-f828078d32ab,NULL
52046,285300,2023,10299,"F150 SUPERCAB XL","FORD F150 SUPERCAB XL 4WD - FLANIGAN, MIKE"," ",1FTFX1E59PKE24033,4404,"2026-07-16 17:42:58",265,25107,0,45,1,1,1,0,0,0,0,0,0,0,0,NULL,NULL,699,0,285300,NULL,NULL,D77871J,NULL,NULL,NULL,5219423,0,0,0,0,NULL,6ed31a39-d06e-44d3-b8ab-917e185c4f81,NULL
52047,285200,2023,10299,"F150 SUPERCAB XL","FORD F150 SUPERCAB XL 4WD - DUNCOMB, ZACH"," ",1FTFX1E58PKE24041,4404,"2026-07-16 17:42:58",265,25026,0,45,1,1,1,0,0,0,0,0,0,0,0,NULL,NULL,699,0,285200,NULL,NULL,LJ4340,NULL,NULL,NULL,5219422,0,0,0,0,NULL,84ed8588-b0c4-4126-a3a8-895e9a8ad65d,NULL
52048,110900,1979,10291,9310,"AMER 9310-225 TON CR    1979",GS-20024," ",4290,"2026-07-16 17:42:58",265,25122,0,45,1,1,1,0,0,0,0,0,0,0,0,NULL,NULL,699,0,110900,NULL,NULL,,NULL,NULL,9801440,NULL,0,0,0,1,NULL,db531741-f282-46cd-a70f-a9a091578c16,NULL
52049,434800,2025,10309,157595,"HONDA HOT/COLD PRESSURE WASHER TRAILER"," ",4K1PT4C14RK012924,4538,"2026-07-16 17:43:20",265,25018,0,45,1,1,1,0,0,0,0,0,0,0,0,NULL,NULL,699,0,434800,NULL,NULL,DXGL19,NULL,NULL,NULL,NULL,0,0,0,0,NULL,4285473f-2551-4528-816c-7ac3da7dc516,NULL
52050,564600,2024,10314,CS7,"CAT CS7 66" SD ROLLER",0YG400160," ",4293,"2026-07-16 17:43:21",265,25089,0,45,1,1,1,0,0,0,0,0,0,0,0,NULL,NULL,699,0,564600,NULL,NULL,0040356311,NULL,NULL,10016650,NULL,0,0,0,1,2804,f6db5dc9-9b1e-4fe2-a3f3-aa7c1a42b897,NULL
52051,565600,2025,10314,305,"CAT 305 EXCAVATOR",05G507368," ",4456,"2026-07-16 17:43:22",265,25019,0,45,1,1,1,0,0,0,0,0,0,0,0,NULL,NULL,699,0,565600,NULL,NULL,0033494039,NULL,NULL,10017327,NULL,0,0,0,1,2896,9a9a2ae7-e6c0-4332-be28-09b6e1605e57,NULL
52052,565700,2024,10314,255,"CAT 255/259 TRACK SKIDSTEER",0FL704996," ",4422,"2026-07-16 17:43:22",265,25064,0,45,1,1,1,0,0,0,0,0,0,0,0,NULL,NULL,699,0,565700,NULL,NULL,0033494040,NULL,NULL,10030031,NULL,0,0,0,1,2891,8bbdd53c-20c8-4d84-ba9b-ce5dc54bd466,NULL
52053,565000,2023,10314,336-08HT,"CAT 336 EXCAVATOR w/THUMB & GPS",RDL10106," ",4504,"2026-07-16 17:43:23",265,25033,0,45,1,1,1,0,0,0,0,0,0,0,0,NULL,NULL,699,0,565000,NULL,NULL,0033494035,NULL,NULL,10026209,NULL,0,0,0,1,NULL,67c1eb38-2751-4b87-b058-a7908968e358,NULL
52054,434900,2025,10302,"M2 - LEDWELL 4000G","FREIGHTLINER 4K WATER TRUCK (On RPO) Wagner - Was R-537903"," ",3ALHCYD29SDWA0255,4305,"2026-07-16 17:43:23",265,25062,0,45,1,1,1,0,0,1,0,0,0,0,0,NULL,NULL,699,0,434900,NULL,NULL,RENTAL,NULL,NULL,10031738,5284930,0,0,0,1,2757,fb030717-e6c9-4f92-aab0-638542b732b2,NULL
52055,112500,2001,10291,HC80,"TEREX AMER HC80 CRAWLER  2001",AC3833," ",4419,"2026-07-16 17:43:25",265,25018,0,45,1,1,1,0,0,0,0,0,0,0,0,NULL,NULL,699,0,112500,NULL,NULL,,NULL,NULL,10023376,NULL,0,0,0,1,NULL,f8b5fdba-cc43-4dc0-88fa-ad278f376ac6,NULL
52056,285500,2022,10299,F150,"FORD F150 SUPERCREW XL 4WD- TUOMI, RYAN (SURVEY)"," ",1FTEW1EP4NKF06099,4404,"2026-07-16 17:43:26",265,25055,0,45,1,1,1,0,0,0,0,0,0,0,0,NULL,NULL,699,0,285500,NULL,NULL,EDYN83,NULL,NULL,NULL,5219425,0,0,0,0,NULL,9d300b24-f37c-41bb-9b72-2aa6dc7067b9,NULL
52057,446300,2019,10310,T370,"KENWORTH T370 LUBE/FUEL TRUCK - FERNANDEZ, MANUEL"," ",2NKHHJ7X6LM370489,4508,"2026-07-16 17:43:26",265,24981,0,45,1,1,1,0,0,0,0,0,0,0,0,NULL,NULL,699,0,446300,NULL,NULL,EDYS46,NULL,NULL,NULL,5281414,0,0,0,0,NULL,f654679d-41e2-4a7d-845e-5135bd4b4847,NULL
52058,285900,2023,10299,"F250 SUPERCAB","FORD F250 SUPERCAB XL 4WD - WOODHURST, JUSTIN"," ",1FT7X2BA5PEC61701,4401,"2026-07-16 17:43:27",265,25008,0,45,1,1,1,0,0,0,0,0,0,0,0,NULL,NULL,699,0,285900,NULL,NULL,XE53145,NULL,NULL,NULL,5219428,0,0,0,0,NULL,f243118e-2565-4a73-ae46-59b01d2b44f4,NULL
52059,111100,1979,10291,9270,"AMER 9270-150 TON CRANE   1978",7908AO2130," ",4379,"2026-07-16 17:43:50",265,25122,0,45,1,1,1,0,0,0,0,0,0,0,0,NULL,NULL,699,0,111100,NULL,NULL,,NULL,NULL,10023142,NULL,0,0,0,1,NULL,facbd18f-5dc1-4e31-af09-9aa53577db14,NULL
52060,286200,2023,10299,"F250 SUPERCAB","FORD F250 SUPERCAB XL 4WD - HANGARTNER, LEE"," ",1FT7X2BA0PEC61704,4401,"2026-07-16 17:43:51",265,25042,0,45,1,1,1,0,0,0,0,0,0,0,0,NULL,NULL,699,0,286200,NULL,NULL,XE52238,NULL,NULL,NULL,5219431,0,0,0,0,NULL,4b2bf491-db73-4721-bb26-ac8a183abda9,NULL
52061,447100,2026,10302,M2106,"FREIGHTLINER M2106 MECH TRUCK (on RPO) - BROWN, DOUG"," ",1FVACXFE3THWU9065,4418,"2026-07-16 17:43:51",265,24981,0,45,1,0,1,0,0,1,0,0,0,0,0,NULL,NULL,699,0,447100,NULL,NULL,ENBL64,NULL,NULL,NULL,5284351,0,0,0,0,NULL,bc105ec0-dc44-4d29-8208-cbfd874c856b,NULL
52062,286000,2023,10299,"F250 SUPERCAB","FORD F250 SUPERCAB XL 4WD - GORSKI, LUCAS"," ",1FT7X2BA7PEC61702,4401,"2026-07-16 17:43:52",265,25042,0,45,1,1,1,0,0,0,0,0,0,0,0,NULL,NULL,699,0,286000,NULL,NULL,XE53443,NULL,NULL,NULL,5219429,0,0,0,0,NULL,28939e3f-6faa-4914-8986-aff04e94503e,NULL
52063,565900,2024,10314,366-08HT,"CAT 336-08HT EXCAVATOR",RDL20039," ",4504,"2026-07-16 17:43:52",265,25067,0,45,1,1,1,0,0,0,0,0,0,0,0,NULL,NULL,699,0,565900,NULL,NULL,,NULL,NULL,9918401,NULL,0,0,0,1,2899,86c80cd9-d87c-4328-ad53-7c0cd57e4372,NULL
52064,286500,2023,10299,"F150 SUPERCAB XL 4WD","FORD F150 SUPERCAB XL 4WD - ESPARZA, JUAN"," ",1FTFX1E5XPKE24008,4404,"2026-07-16 17:43:53",265,25089,0,45,1,1,1,0,0,0,0,0,0,0,0,NULL,NULL,699,0,286500,NULL,NULL,EDYN87,NULL,NULL,NULL,5219434,0,0,0,0,NULL,50066c0d-180d-465b-9d52-e332959f0daf,NULL
52065,565300,2019,10314,320GC,"CAT 320-07GC EXCAVATOR"," ",CAT00320EKTN10228,4398,"2026-07-16 17:43:53",265,24981,0,45,1,1,1,0,0,0,0,0,0,0,0,NULL,NULL,699,0,565300,NULL,NULL,0040356290,NULL,NULL,10016616,NULL,0,0,0,1,NULL,ec67b526-5451-4ee1-afff-a2f92063e7eb,NULL
52066,446800,2025,11059,CV200,"KAISER CV200 HYDRO VAC TRUCK - ABEYTA, JIREY"," ",1NKZX4TX7SJ171987,4339,"2026-07-16 17:43:53",265,25019,0,45,1,1,1,0,0,0,0,0,0,0,0,NULL,NULL,699,0,446800,NULL,NULL,EDYS48,NULL,NULL,10031736,5284922,0,0,1,1,NULL,5c84d629-9806-478b-bb0c-5b6745bad90e,NULL
52067,285800,2023,10303,CV515,"INTERNATIONAL CV515 MECHANIC- BOLL, NATALI"," ",1HTKTSWM3PH731378,4418,"2026-07-16 17:43:54",265,24981,0,45,1,1,1,0,0,0,0,0,0,0,0,NULL,NULL,699,0,285800,NULL,NULL,EDYN85,NULL,NULL,NULL,5279217,0,0,0,0,NULL,6165ff72-fe6c-4a45-b588-fbe576071c8f,NULL
52068,565800,2025,10314,265,"CAT 265/289 TRACK SKIDSTEER",0KR403499," ",4345,"2026-07-16 17:43:54",265,25019,0,45,1,1,1,0,0,0,0,0,0,0,0,NULL,NULL,699,0,565800,NULL,NULL,0033494041,NULL,NULL,10016611,NULL,0,0,0,1,2890,29fda70b-dd0e-4c35-9d57-af44282efcf9,NULL
52069,447200,2026,10302,M2106,"FREIGHTLINER M2106 MECH TRUCK (on RPO) - BURGE, BRENDAN"," ",1FVACXFE5THWU9066,4418,"2026-07-16 17:43:55",265,24981,0,45,1,0,1,0,0,1,0,0,0,0,0,NULL,NULL,699,0,447200,NULL,NULL,ENBL65,NULL,NULL,NULL,5284352,0,0,0,0,NULL,3676faa7-7392-48dd-927c-cae31476cd30,NULL
52070,566300,2023,10314,335,"CAT 335 EXCAVATOR",XBE20273," ",4504,"2026-07-16 17:43:56",265,25089,0,45,1,1,1,0,0,0,0,0,0,0,0,NULL,NULL,699,0,566300,NULL,NULL,0048326910,NULL,NULL,10009865,NULL,0,0,0,1,2897,eb6b200e-25f6-4101-aa64-d43481adacc6,NULL
52071,286400,2023,10299,"F150 SUPERCAB XL 4WD","FORD F150 SUPERCAB XL 4WD - PEREZ, BENJI"," ",1FTFX1E51PKE23569,4404,"2026-07-16 17:43:57",265,25105,0,45,1,1,1,0,0,0,0,0,0,0,0,NULL,NULL,699,0,286400,NULL,NULL,EDYN86,NULL,NULL,NULL,5219433,0,0,0,0,NULL,3e8bf4c4-e35e-4010-80a5-ef0b0d380f89,NULL
52072,435200,2026,10315,30SA-10R1A-4PBK,"WATER WAGON TRAILER - 330 GAL"," ",16V1U1318T3463434,4502,"2026-07-16 17:43:58",265,25089,0,45,1,1,1,0,0,0,0,0,0,0,0,NULL,NULL,699,0,435200,NULL,NULL,EWWP81,NULL,NULL,NULL,NULL,0,0,0,0,NULL,7acc9f71-7b97-4a96-8eb3-2dfbe734a779,NULL
52073,286100,2023,10299,"F250 SUPERCAB","FORD F250 SUPERCAB XL 4WD - HOPPENJAN, ANTHONY"," ",1FT7X2BA9PEC61703,4401,"2026-07-16 17:43:58",265,25025,0,45,1,1,1,0,0,0,0,0,0,0,0,NULL,NULL,699,0,286100,NULL,NULL,XE53005,NULL,NULL,NULL,5219430,0,0,0,0,NULL,4fd5ad79-f489-41b4-8271-dbab03260a0f,NULL
52074,286600,2023,10299,"F150 SUPERCAB XL 4WD","FORD F150 SUPERCAB XL 4WD - JACKSON, CASSANDRA"," ",1FTFX1E50PKE23529,4404,"2026-07-16 17:43:59",265,25089,0,45,1,1,1,0,0,0,0,0,0,0,0,NULL,NULL,699,0,286600,NULL,NULL,EVQB90,NULL,NULL,NULL,5219435,0,0,0,0,NULL,797b313c-5123-4d85-b80c-c23a7ff64817,NULL
52075,111900,1976,10291,HC80,"AMER 5299 CRANE-50 TON",GS-18771," ",4423,"2026-07-16 17:44:00",265,25018,0,45,1,1,1,0,0,0,0,0,0,0,0,NULL,NULL,699,0,111900,NULL,NULL,,NULL,NULL,10023149,NULL,0,0,0,0,NULL,8ec5e587-60fd-45ac-902a-dcbe9572fe7a,NULL
52076,112400,2001,10291,HC80,"TEREX AMER HC80 CRAWLER CRANE",AC3832," ",4419,"2026-07-16 17:44:00",265,25042,0,45,1,1,1,0,0,0,0,0,0,0,0,NULL,NULL,699,0,112400,NULL,NULL,,NULL,NULL,10022289,NULL,0,0,2,1,NULL,4349ac7a-5503-4598-81d7-a4aad236cb01,NULL
52077,446500,2015,10299,F750,"FORD F-750 LUBE/FUEL TRUCK - LYSKA, ROBERT"," ",3FRXF7FK5FV747868,4508,"2026-07-16 17:44:01",265,24981,0,45,1,1,1,0,0,0,0,0,0,0,0,NULL,NULL,699,0,446500,NULL,NULL,EDYS88,NULL,NULL,NULL,5085874,0,0,0,0,NULL,9463e7f7-5f52-434d-b4d4-d2079971d2e8,NULL
52078,566100,2024,10314,279D3,"CAT 279D3 TRACK SKIDSTEER",RB907030," ",4345,"2026-07-16 17:44:02",265,25129,0,45,1,1,1,0,0,0,0,0,0,0,0,NULL,NULL,699,0,566100,NULL,NULL,0048330182,NULL,NULL,10016638,NULL,0,0,0,1,2895,9835e93b-67be-4761-86a1-a5024090425a,NULL
52079,446900,2025,10302,M2106,"FREIGHTLINER M2106 LUBE/FUEL TRUCK (LYSKA)"," ",3ALACXFE4SDVP6065,4508,"2026-07-16 17:44:02",265,24981,0,45,1,0,1,0,0,0,0,0,0,0,0,NULL,NULL,699,0,446900,NULL,NULL,EDZC90,NULL,NULL,NULL,5283597,0,0,0,0,NULL,6f002476-4c5e-40eb-b0c5-8b55ccd4e4f1,NULL
52080,286700,2023,10299,"F150 SUPERCAB XL 4WD","FORD F150 SUPERCAB XL 4WD - BERGSTROM, KIRK"," ",1FTFX1E53PKE23928,4404,"2026-07-16 17:44:03",265,24982,0,45,1,1,1,0,0,0,0,0,0,0,0,NULL,NULL,699,0,286700,NULL,NULL,EKMO70,NULL,NULL,NULL,5219436,0,0,0,0,NULL,94915bb2-601b-4c11-83ba-c51e5f34c2ec,NULL
52081,114300,1982,10291,9310,"AMER 9310-225 TON CRAWLER",82-11-A02754-," ",4290,"2026-07-16 17:44:03",265,25025,0,45,1,1,1,0,0,0,0,0,0,0,0,NULL,NULL,699,0,114300,NULL,NULL,,NULL,NULL,10012413,NULL,0,0,0,1,NULL,798d6908-dd31-4810-acfe-cdacfb01bec9,NULL
52082,565400,2024,10314,313,"CAT 313 EXCAVATOR",0JHR40119," ",4324,"2026-07-16 17:44:04",265,25019,0,45,1,1,1,0,0,0,0,0,0,0,0,NULL,NULL,699,0,565400,NULL,NULL,0033494037,NULL,NULL,10030993,NULL,0,0,0,1,2886,cc9b35a2-bd56-476d-894e-a8812a786878,NULL
52083,446600,2023,10308,4700EX,"WESTERN STAR 4700EX SEMI TRACTOR (JAMES, BENNIE)"," ",5KJNABD14PPUA9801,4500,"2026-07-16 17:44:05",265,25009,0,45,1,1,1,0,0,0,0,0,0,0,0,NULL,NULL,699,0,446600,NULL,NULL,EDZK91,NULL,NULL,NULL,5284921,0,0,0,0,NULL,33521e35-f50f-4529-bd4d-0f53ae6b0541,NULL
52084,287000,2023,10299,"RANGER XLT 4WD","FORD RANGER XLT 4WD SUPER - SEARLES, GRIF"," ",1FTER4FH5PLE26291,4543,"2026-07-16 17:44:05",265,24981,0,45,1,1,1,0,0,0,0,0,0,0,0,NULL,NULL,699,0,287000,NULL,NULL,EDYN92,NULL,NULL,NULL,5219440,0,0,0,0,NULL,7c4f7f00-b5e4-4105-a152-00b8f8e71efc,NULL
52085,564300,2023,10314,315GC,"CAT 315GC EXCAVATOR",0FTY30023," ",4324,"2026-07-16 17:44:06",265,25080,0,45,1,1,1,0,0,0,0,0,0,0,0,NULL,NULL,699,0,564300,NULL,NULL,0040356288,NULL,NULL,10016595,NULL,0,0,0,1,2802,1c795bb2-501e-4caf-a353-e78002a41a2e,NULL
52086,447300,2026,10302,M2106,"FREIGHTLINER M2106 MECH TRUCK (on RPO) - LENERZ, DOUG"," ",1FVACXFE7THWU9067,4418,"2026-07-16 17:44:07",265,25018,0,45,1,0,1,0,0,1,0,0,0,0,0,NULL,NULL,699,0,447300,NULL,NULL,CDXA41,NULL,NULL,NULL,5284929,0,0,0,0,NULL,0414451d-64a5-4360-a807-90eaa885ac72,NULL
52087,286900,2023,10299,"RANGER XLT 4WD","FORD RANGER XLT 4WD SUPER - CORDOVA, JESSE"," ",1FTER4FH8PLE26740,4543,"2026-07-16 17:44:08",265,25019,0,45,1,1,1,0,0,0,0,0,0,0,0,NULL,NULL,699,0,286900,NULL,NULL,EDYN91,NULL,NULL,NULL,5219439,0,0,0,0,NULL,ae144679-cc1c-4a82-8e68-ef3da7ea22be,NULL
52088,285700,2022,10305,"RAM 2500","DODGE RAM 2500 - MEIS, BRANDON"," ",3C6UR5CJ6NG390704,4401,"2026-07-16 17:44:08",265,25064,0,45,1,1,1,0,0,0,0,0,0,0,0,NULL,NULL,699,0,285700,NULL,NULL,EDYN84,NULL,NULL,NULL,5219427,0,0,0,0,NULL,b2008834-0089-4fd4-b884-79551c9340b1,NULL
52089,114400,1992,10291,9320,"AMER 9320-250 TON CRAWLER",92-03-AC3590F-," ",4460,"2026-07-16 17:44:09",265,25136,0,45,1,1,1,0,0,0,0,0,0,0,0,NULL,NULL,699,0,114400,NULL,NULL,,NULL,NULL,10003462,NULL,0,0,1,1,NULL,71f7d099-44ba-4e1b-88a7-2ccf0b76904b,NULL
52090,565200,2019,10314,320GC,"CAT 320-07GC EXCAVATOR"," ",CAT00320EKTN10360,4398,"2026-07-16 17:44:09",265,25089,0,45,1,1,1,0,0,0,0,0,0,0,0,NULL,NULL,699,0,565200,NULL,NULL,0040356312,NULL,NULL,10027990,NULL,0,0,1,1,NULL,32e6fe8b-8168-4ca0-b7eb-4cfc17e04cfa,NULL
52091,287100,2023,10299,"F250 SUPERCAB XL 4WD","FORD F250 SUPERCAB XL 4WD - NARCISS, BRYAN"," ",1FT7X2BA1PED01854,4401,"2026-07-16 17:44:10",265,25019,0,45,1,1,1,0,0,0,0,0,0,0,0,NULL,NULL,699,0,287100,NULL,NULL,EDYN93,NULL,NULL,NULL,5219441,0,0,0,0,NULL,b075d79a-1d41-458e-bd8a-07077f256499,NULL
52092,114600,2009,10292,10000,"MANITOWOC 10K CRAWLER-100 TON",10001174," ",4332,"2026-07-16 17:44:10",265,25042,0,45,1,1,1,0,0,0,0,0,0,0,0,NULL,NULL,699,0,114600,NULL,NULL,,NULL,NULL,10022291,NULL,0,0,1,1,NULL,f9478a6b-8098-4c1b-a660-67b3e5f37c56,NULL
52093,435000,2026,10315,30SA-10R1A-4PBK,"WATER WAGON TRAILER - 330 GAL"," ",16V1U1317T2439633,4502,"2026-07-16 17:44:11",265,25089,0,45,1,1,1,0,0,0,0,0,0,0,0,NULL,NULL,699,0,435000,NULL,NULL,EWWP79,NULL,NULL,NULL,NULL,0,0,0,0,NULL,a430dba9-60ab-4f34-861b-045e4b9b5fe3,NULL
52094,447400,2026,10302,M2106,"FREIGHTLINER M2106 MECH TRUCK  (on RPO) - PETERSON, ANDY"," ",1FVACXFE9THWU9068,4418,"2026-07-16 17:44:12",265,25018,0,45,1,0,1,0,0,1,0,0,0,0,0,NULL,NULL,699,0,447400,NULL,NULL,CDXA40,NULL,NULL,NULL,5115762,0,0,0,0,NULL,b9ed8e32-ff9a-4b28-9226-60187f01e35d,NULL
52095,286300,2023,10299,"F250 SUPERCAB","FORD F250 SUPERCAB XL 4WD - JOYCE, NOLAN"," ",1FT7X2BA2PEC61705,4401,"2026-07-16 17:44:12",265,25136,0,45,1,1,1,0,0,0,0,0,0,0,0,NULL,NULL,699,0,286300,NULL,NULL,XE53445,NULL,NULL,NULL,5219432,0,0,0,0,NULL,045286d4-a3e5-41e6-bf48-d8c50b0d09b9,NULL
52096,463300,2016,10320,"1754 JON","TRACKER ALUMINUM 1754 JON BOAT",BUJ20233A616," ",4331,"2026-07-16 17:44:13",265,25042,0,45,1,1,1,0,0,0,0,0,0,0,0,NULL,NULL,699,0,463300,NULL,NULL,WS1056YP,NULL,NULL,NULL,NULL,0,0,0,1,NULL,110884e1-105f-4304-8492-fc1c7bfa18aa,NULL
52097,115600,2014,10293,RT650E,"GROVE RT650E CRANE (50 TON)",234436," ",4506,"2026-07-16 17:44:13",265,25122,0,45,1,1,1,0,0,0,0,0,0,0,0,NULL,NULL,699,0,115600,NULL,NULL,,NULL,NULL,10023388,NULL,0,0,2,1,NULL,a0b67f75-180e-49eb-b477-49b34595253c,NULL
52098,566700,2025,10314,265,"CAT 265 TRACK SKIDSTEER",0KR408712," ",4345,"2026-07-16 17:44:14",265,25129,0,45,1,1,1,0,0,0,0,0,0,0,0,NULL,NULL,699,0,566700,NULL,NULL,0033494324,NULL,NULL,10008979,NULL,0,0,0,1,2902,d0b26b8f-dfb5-453b-b8ba-9466ff0ac6ee,NULL
52099,566000,2023,10314,299D3,"CAT 299D3 TRACK SKIDSTEER",DY908730," ",4345,"2026-07-16 17:44:14",265,25025,0,45,1,1,1,0,0,0,0,0,0,0,0,NULL,NULL,699,0,566000,NULL,NULL,,NULL,NULL,10012546,NULL,0,0,1,1,NULL,8e756dc5-411d-43be-a70c-6b612b3de74a,NULL
52100,113900,2002,10291,HC80,"TEREX AMER HC80 CRAWLER CRANE",AC3858," ",4419,"2026-07-16 17:44:15",265,25018,0,45,1,1,1,0,0,0,0,0,0,0,0,NULL,NULL,699,0,113900,NULL,NULL,,NULL,NULL,10023377,NULL,0,0,0,1,NULL,87c4fbb2-2c67-4f25-bf68-801987faa853,NULL
52101,447000,2025,10302,M2106,"FREIGHTLINER M2106 LUBE/FUEL TRUCK (ALVAREZ, SAMUEL)"," ",3ALACXFE6SDVP6066,4508,"2026-07-16 17:44:15",265,24981,0,45,1,0,1,0,0,0,0,0,0,0,0,NULL,NULL,699,0,447000,NULL,NULL,DXGM15,NULL,NULL,NULL,5284928,0,0,0,0,NULL,08a3170c-a1f3-4bcd-a152-9b0bd8ebbe26,NULL
52102,566400,2024,10314,325-07HT,"CAT 325-07HT EXCAVATOR",TEL40501," ",4340,"2026-07-16 17:44:15",265,25062,0,45,1,1,1,0,0,0,0,0,0,0,0,NULL,NULL,699,0,566400,NULL,NULL,0048326844,NULL,NULL,10009837,NULL,0,0,1,1,2898,61728b31-6aa7-4aac-b0ca-e68a0e26098a,NULL
52103,286800,2023,10299,"F150 SUPERCAB XL 4WD","FORD F150 SUPERCAB XL 4WD - BARRON, ERIC"," ",1FTFX1E58PKE23522,4404,"2026-07-16 17:44:16",265,25019,0,45,1,1,1,0,0,0,0,0,0,0,0,NULL,NULL,699,0,286800,NULL,NULL,EDYN90,NULL,NULL,NULL,5219437,0,0,0,0,NULL,7f9dbcf9-0626-4b79-ad6e-0a794c46c901,NULL
52104,114700,2010,10292,10000,"MANITOWOC 10K CRAWLER-100 TON",1000-1181," ",4332,"2026-07-16 17:44:16",265,25008,0,45,1,1,1,0,0,0,0,0,0,0,0,NULL,NULL,699,0,114700,NULL,NULL,,NULL,NULL,10022389,NULL,0,0,1,1,NULL,b43e9789-6566-4e43-bb81-2f1b2263cadf,NULL
52105,463600,2019,10318," ","KANN MFG ALUMINUM 18X60 BOAT",KMQ18715H919," ",4331,"2026-07-16 17:44:17",265,25008,0,45,1,1,1,0,0,0,0,0,0,0,0,NULL,NULL,699,0,463600,NULL,NULL,WS1278VX,NULL,NULL,NULL,NULL,0,0,0,1,NULL,51b7eada-0d3a-4009-9752-9a87a1070ac9,NULL
52106,287500,2023,10299,"F250 SUPERCAB XL 4WD","FORD F250 SUPERCAB XL 4WD - O'BRIEN, DAN"," ",1FT7X2BA9PED01858,4401,"2026-07-16 17:44:17",265,25089,0,45,1,1,1,0,0,0,0,0,0,0,0,NULL,NULL,699,0,287500,NULL,NULL,EDYN97,NULL,NULL,NULL,5219444,0,0,0,0,NULL,c3fce6e6-f26d-4b9b-957d-d09e968930e0,NULL
52107,566200,2023,10314,299D3,"CAT 299D3 TRACK SKIDSTEER",DY909423," ",4426,"2026-07-16 17:44:17",265,25089,0,45,1,1,1,0,0,0,0,0,0,0,0,NULL,NULL,699,0,566200,NULL,NULL,0048330183,NULL,NULL,9997746,NULL,0,0,0,1,2862,ecdb84e0-e71e-4bbc-9cb6-2234788113e9,NULL
52108,114900,2010,10292,10000,"MANITOWOC 10K CRAWLER-100 TON",10001182," ",4332,"2026-07-16 17:44:18",265,25122,0,45,1,1,1,0,0,0,0,0,0,0,0,NULL,NULL,699,0,114900,NULL,NULL,,NULL,NULL,10023382,NULL,0,0,0,1,NULL,4c36c197-7797-4387-b1e6-b5ca2dc9b4a5,NULL
52109,287400,2023,10299,"F250 SUPERCAB XL 4WD","FORD F250 SUPERCAB- ZUBIA, RIGOBERTO"," ",1FT7X2BA7PED01857,4401,"2026-07-16 17:44:20",265,25089,0,45,1,1,1,0,0,0,0,0,0,0,0,NULL,NULL,699,0,287400,NULL,NULL,EDYN96,NULL,NULL,NULL,5219443,0,0,0,0,NULL,d38db409-091e-4d56-95d4-8ed9273e645c,NULL
52110,287900,2023,10299,F350,"FORD F350 (DIESEL) - LOPEZ, JAUN"," ",1FD8W3HT2PEC36756,4521,"2026-07-16 17:44:20",265,25019,0,45,1,1,1,0,0,0,0,0,0,0,0,NULL,NULL,699,0,287900,NULL,NULL,EDYS00,NULL,NULL,NULL,5219448,0,0,0,0,NULL,96db3da1-e12c-438c-bcb3-13b5c666663a,NULL
52111,567200,2021,10314,320,"CAT 320 EXCAVATOR",MYK10277," ",4398,"2026-07-16 17:44:20",265,25129,0,45,1,1,1,0,0,0,0,0,0,0,0,NULL,NULL,699,0,567200,NULL,NULL,0048330193,NULL,NULL,10016627,NULL,0,0,0,1,2907,20725199-a2c2-48e3-9793-f32181f23ac7,NULL
52112,566600,2025,10314,265,"CAT 265 TRACK SKIDSTEER",0KR407729," ",4345,"2026-07-16 17:44:20",265,25019,0,45,1,1,1,0,0,0,0,0,0,0,0,NULL,NULL,699,0,566600,NULL,NULL,0033494323,NULL,NULL,10027122,NULL,0,0,1,1,2869,21b8d417-7d2c-42b6-b14c-90145a26f3ce,NULL
52113,115400,2011,10293,RT880E,"GROVE RT880E CRANE (80 TON)",231764," ",4326,"2026-07-16 17:44:20",265,25089,0,45,1,1,1,0,0,0,0,0,0,0,0,NULL,NULL,699,0,115400,NULL,NULL,0040356361,NULL,NULL,10022855,NULL,0,0,0,1,NULL,d4d55351-a8e7-44d0-966d-5bc650d6f9c1,NULL
52114,289400,2024,10299,F250,"FORD F250 SUPERCAB XL 4WD - HOOVER, BRODY"," ",1FT7X2BA7REC54378,4301,"2026-07-16 17:44:21",265,25044,0,45,1,1,1,0,0,0,0,0,0,0,0,NULL,NULL,699,0,289400,NULL,NULL,XE62217,NULL,NULL,NULL,5219531,0,0,0,0,NULL,e35a8aa4-f5f5-4470-b225-374767445d35,NULL
52115,114200,1979,10291,9270,"AMERICAN 9270 CRWLR-150 TON",GS-19880," ",4379,"2026-07-16 17:44:21",265,25018,0,45,1,1,1,0,0,0,0,0,0,0,0,NULL,NULL,699,0,114200,NULL,NULL,,NULL,NULL,10023380,NULL,0,0,0,1,NULL,3c52f707-4a36-46aa-b7a3-08f805897cb3,NULL
52116,566500,2024,10314,336-08HT,"CAT 336-08HT EXCAVATOR",RDL20089," ",4504,"2026-07-16 17:44:21",265,25089,0,45,1,1,1,0,0,0,0,0,0,0,0,NULL,NULL,699,0,566500,NULL,NULL,0048326846,NULL,NULL,10025773,NULL,0,0,0,1,2901,ff27e02b-4165-4be8-a434-f1d4dee3d65c,NULL
52117,567000,2024,10314,D6,"CAT D6 DOZER",KTW01183," ",4469,"2026-07-16 17:44:21",265,25080,0,45,1,1,1,0,0,0,0,0,0,0,0,NULL,NULL,699,0,567000,NULL,NULL,0048330192,NULL,NULL,10009847,NULL,0,0,0,1,2910,71c0f7d8-4fcb-48b7-808c-9c1cd7e9333a,NULL
52118,287200,2023,10299,"F250 SUPERCAB XL 4WD","FORD F250 SUPERCAB XL 4WD - (TOTALED 8/11/26)"," ",1FT7X2BA3PED01855,4401,"2026-07-16 17:44:21",265,24981,0,45,1,1,1,0,0,0,0,0,0,0,0,NULL,NULL,699,0,287200,NULL,NULL,EDYN94,NULL,NULL,NULL,5219442,0,0,0,0,NULL,69778f41-35f3-436c-9007-63b527cb06e9,NULL
52119,567500,2023,10314,352-07LR,"CAT352-07 LR EXCAVATOR",0SZH40001," ",4370,"2026-07-16 17:44:21",265,25031,0,45,1,1,1,0,0,0,0,0,0,0,0,NULL,NULL,699,0,567500,NULL,NULL,,NULL,NULL,9802233,NULL,0,0,0,1,2864,be087492-87a0-47f6-9432-9e7c1cc3cecd,NULL
52120,114500,2009,10292,10000,"MANITOWOC 10K CRAWLER-100 TON",10001167," ",4332,"2026-07-16 17:44:21",265,25018,0,45,1,1,1,0,0,0,0,0,0,0,0,NULL,NULL,699,0,114500,NULL,NULL,,NULL,NULL,10023381,NULL,0,0,0,1,NULL,c6f81554-3445-43c5-a52d-210272367991,NULL
52121,288000,2023,10299,F350,"FORD F350 SUPERDUTY XL 4WD (DIESEL)- OCHOA, ROBERT"," ",1FD8W3HT0PEC36755,4521,"2026-07-16 17:44:21",265,25089,0,45,1,1,1,0,0,0,0,0,0,0,0,NULL,NULL,699,0,288000,NULL,NULL,EDYS01,NULL,NULL,NULL,5219449,0,0,0,0,NULL,dc1b3abb-e722-468b-a470-b0de4e6e38cc,NULL
52122,289200,2024,10299,F250,"FORD F250 SUPERCAB XL 4WD-SCHNEIDER, CHARLES JR"," ",1FT7X2BA3REC54801,4301,"2026-07-16 17:44:22",265,24978,0,45,1,1,1,0,0,0,0,0,0,0,0,NULL,NULL,699,0,289200,NULL,NULL,XE88656,NULL,NULL,NULL,5219529,0,0,0,0,NULL,ee42e39b-d04b-48bc-99fd-3e45ab587649,NULL
52123,115100,2008,10293,RT760E,"GROVE RT760E (60 TON)",228382," ",4304,"2026-07-16 17:44:22",265,25089,0,45,1,1,1,0,0,0,0,0,0,0,0,NULL,NULL,699,0,115100,NULL,NULL,0040356338,NULL,NULL,10009854,NULL,0,0,0,1,NULL,094b3490-0391-4510-b67a-baf8586c8522,NULL
52124,116500,2013,10293,RT650E,"GROVE RT650E CRANE (50 TON)",233943," ",4506,"2026-07-16 17:44:22",265,25122,0,45,1,1,1,0,0,0,0,0,0,0,0,NULL,NULL,699,0,116500,NULL,NULL,,NULL,NULL,10023390,NULL,0,0,0,1,NULL,ceb08c55-b90f-44d3-a828-3089123a7133,NULL
52125,287700,2023,10299,"RANGER XLT 4WD","FORD RANGER XLT 4WD - STEVENS, BAILEY"," ",1FTER4FH3PLE23812,4543,"2026-07-16 17:44:22",265,25119,0,45,1,1,1,0,0,0,0,0,0,0,0,NULL,NULL,699,0,287700,NULL,NULL,D02628D,NULL,NULL,NULL,5219446,0,0,0,0,NULL,ad0ad729-7e0c-496d-9317-bf0b282cd1ac,NULL
52126,565500,2024,10314,313,"CAT 313 EXCAVATOR",JHR40108," ",4324,"2026-07-16 17:44:22",265,25019,0,45,1,1,1,0,0,0,0,0,0,0,0,NULL,NULL,699,0,565500,NULL,NULL,0033494038,NULL,NULL,10031766,NULL,0,0,0,1,2893,bebd8ddf-e592-4128-b662-a128d845b1e1,NULL
52127,115000,2008,10292,10000,"MANITOWOC 10K CRAWLER-100 TON",10001122," ",4332,"2026-07-16 17:44:22",265,25122,0,45,1,1,1,0,0,0,0,0,0,0,0,NULL,NULL,699,0,115000,NULL,NULL,,NULL,NULL,10023386,NULL,0,0,0,1,NULL,34f55a7b-9069-4b5e-a6c4-ffac2a3813a2,NULL
52128,567100,2024,10314,336,"CAT 336 EXCAVATOR",RDL20593," ",4504,"2026-07-16 17:44:22",265,25042,0,45,1,1,1,0,0,0,0,0,0,0,0,NULL,NULL,699,0,567100,NULL,NULL,,NULL,NULL,10015974,NULL,0,0,0,1,2906,0f6371ab-2678-4a9d-afea-e2d4e12ef4a6,NULL
52129,566900,2021,10314,140,"CAT 140 GRADER",EB300348," ",4493,"2026-07-16 17:44:22",265,25033,0,45,1,1,1,0,0,0,0,0,0,0,0,NULL,NULL,699,0,566900,NULL,NULL,0048330191,NULL,NULL,10016584,NULL,0,0,0,1,2905,265857f9-f28c-419b-9ea1-196c7ad5799b,NULL
52130,289100,2023,10299,F150,"FORD F150 SUPERCAB XL 4WD - NESS, ZACH (SURVEY)"," ",1FTFX1E57PKF41917,4404,"2026-07-16 17:44:23",265,25055,0,45,1,1,1,0,0,0,0,0,0,0,0,NULL,NULL,699,0,289100,NULL,NULL,EEGF27,NULL,NULL,NULL,5219528,0,0,0,0,NULL,aa62141d-7b7a-4242-a0a2-5f49eb178c0b,NULL
52131,474500,2019,10309,BF40D4LRTA,"HONDA 40HP OUTBOARD BOAT MOTOR",BBDJ-1303069," ",4294,"2026-07-16 17:44:23",265,25018,0,45,1,1,1,0,0,0,0,0,0,0,0,NULL,NULL,699,0,474500,NULL,NULL,,NULL,NULL,NULL,NULL,0,0,0,0,NULL,83dab96d-f81a-400a-a928-4ae2045f43a6,NULL
52132,474900,2022,10309,BF50D4XRTA,"HONDA 50HP OUTBOARD BOAT MOTOR",BBEJ-1321277," ",4294,"2026-07-16 17:44:23",265,25067,0,45,1,1,1,0,0,0,0,0,0,0,0,NULL,NULL,699,0,474900,NULL,NULL,,NULL,NULL,NULL,NULL,0,0,0,0,NULL,f6d14dd6-fb8c-45cd-9324-2c4dc48587ea,NULL
52133,287800,2023,10299,"RANGER XLT 4WD","FORD RANGER XLT 4WD - ESPARZA, DANIEL"," ",1FTER4FH0PLE15506,4543,"2026-07-16 17:44:23",265,25019,0,45,1,1,1,0,0,0,0,0,0,0,0,NULL,NULL,699,0,287800,NULL,NULL,EDYN99,NULL,NULL,NULL,5219447,0,0,0,0,NULL,80714d40-f963-46eb-9959-23342b41a076,NULL
52134,115500,2008,10293,RT760E,"GROVE RT760E CRANE (60 TON)",229425," ",4304,"2026-07-16 17:44:23",265,25089,0,45,1,1,1,0,0,0,0,0,0,0,0,NULL,NULL,699,0,115500,NULL,NULL,0040356362,NULL,NULL,10022856,NULL,0,0,0,1,NULL,a6a61041-ca0e-4c93-9bb0-b0def7f2b308,NULL
52135,567300,2019,10314,320,"CAT 320 EXCAVATOR",KTN10362," ",4398,"2026-07-16 17:44:23",265,25080,0,45,1,1,1,0,0,0,0,0,0,0,0,NULL,NULL,699,0,567300,NULL,NULL,0048330194,NULL,NULL,10016618,NULL,0,0,1,1,2904,ec998a44-51d6-484b-9bfc-8dbfe4953e36,NULL
52136,116300,2012,10293,RT765E,"GROVE RT765E-2 CRANE (65 TON)",233407," ",4304,"2026-07-16 17:44:23",265,25001,0,45,1,1,1,0,0,0,0,0,0,0,0,NULL,NULL,699,0,116300,NULL,NULL,,NULL,NULL,10011017,NULL,0,0,1,1,NULL,e4890f30-2249-4f79-a7d5-38bf12f9742f,NULL
52137,116800,2014,10293,RT765E,"GROVE RT765E (65 TON)",234625," ",4304,"2026-07-16 17:44:23",265,25008,0,45,1,1,1,0,0,0,0,0,0,0,0,NULL,NULL,699,0,116800,NULL,NULL,,NULL,NULL,10022398,NULL,0,0,4,1,NULL,f4c52bb6-54c9-4817-8993-c3152be4ef6c,NULL
52138,288400,2023,10299,F250,"FORD F250 - PETERSON, SCOTT"," ",1FT8X2BA6PED40394,4401,"2026-07-16 17:44:23",265,25018,0,45,1,1,1,0,0,0,0,0,0,0,0,NULL,NULL,699,0,288400,NULL,NULL,XE55853,NULL,NULL,NULL,5219451,0,0,0,0,NULL,78ebd096-2d70-49da-b366-dbd1032a2c88,NULL
52139,115201,NULL,10292,11000-1,"MANITOWOC 40' JIB - USE W/ #1152 OR #1159",0004206," ",4514,"2026-07-16 17:44:23",265,25018,0,45,1,0,1,0,0,0,0,0,0,0,0,NULL,NULL,699,0,115201,NULL,NULL,,NULL,NULL,NULL,NULL,0,0,0,0,NULL,80e9f97e-3c4f-4e87-b0c7-24184f47c7d8,NULL
52140,290100,2024,10299,F250,"FORD F250 SUPERCAB XL 4WD - MALONEY, NATHAN"," ",1FT7X2BA6REC53772,4301,"2026-07-16 17:44:24",265,25105,0,45,1,1,1,0,0,0,0,0,0,0,0,NULL,NULL,699,0,290100,NULL,NULL,XE62213,NULL,NULL,NULL,5284372,0,0,0,0,NULL,dd0e94ac-5489-4c03-942f-fdedcc8b447f,NULL
52141,567700,2026,10314,255,"CAT259/255 TRACK SKIDSTEER (On RPO) Wagner",FL714693," ",4422,"2026-07-16 17:44:24",265,25019,0,45,1,1,1,0,0,1,0,0,0,0,0,NULL,NULL,699,0,567700,NULL,NULL,RENTAL,NULL,NULL,10016587,NULL,0,0,0,1,2867,de07b722-585c-498b-84e1-bd176423d9f3,NULL
52142,116600,2014,10293,RT650E,"GROVE RT650E CRANE (50 TON)",234845," ",4506,"2026-07-16 17:44:24",265,25074,0,45,1,1,1,0,0,0,0,0,0,0,0,NULL,NULL,699,0,116600,NULL,NULL,,NULL,NULL,10022283,NULL,0,0,1,1,NULL,2d63f8a0-4d84-48a4-bbbd-c6f0d3189359,NULL
52143,567400,2018,10314,CP56B,"CAT CP56B SHEEPSFOOT 84 inch ROLLER",0P5600404," ",4520,"2026-07-16 17:44:24",265,25089,0,45,1,1,1,0,0,0,0,0,0,0,0,NULL,NULL,699,0,567400,NULL,NULL,0048326848,NULL,NULL,10017336,NULL,0,0,0,1,2868,2826947c-a791-423e-b392-b1555b494312,NULL
52144,116700,2014,10293,RT650W,"GROVE RT600E (50 TON)",235042," ",4506,"2026-07-16 17:44:24",265,25011,0,45,1,1,1,0,0,0,0,0,0,0,0,NULL,NULL,699,0,116700,NULL,NULL,,NULL,NULL,10027011,NULL,0,0,0,1,NULL,82b28852-ce5d-4b18-aadb-4cb7bf556b56,NULL
52145,116900,2019,10298,GTC-800,"TADANO GTC-800 TELE BOOM CRAWLER CRANE",800-128," ",4448,"2026-07-16 17:44:24",265,25089,0,45,1,1,1,0,0,0,0,0,0,0,0,NULL,NULL,699,0,116900,NULL,NULL,,NULL,NULL,10022857,NULL,0,0,0,1,NULL,b3581f4e-eeff-4c0c-8962-f92d5f250e29,NULL
52146,474300,2016,10309," ","HONDA 40HP BOAT MOTOR",BBDJ-1106117," ",4294,"2026-07-16 17:44:24",265,25042,0,45,1,1,1,0,0,0,0,0,0,0,0,NULL,NULL,699,0,474300,NULL,NULL,,NULL,NULL,NULL,NULL,0,0,0,0,NULL,45ef9f4f-dc8d-41c8-8654-aba49d928cd7,NULL
52147,288600,2023,10299,RANGER,"FORD RANGER - WATSON, KASSIE"," ",1FTER4FH3PLE27259,4543,"2026-07-16 17:44:24",265,25064,0,45,1,1,1,0,0,0,0,0,0,0,0,NULL,NULL,699,0,288600,NULL,NULL,EDYS04,NULL,NULL,NULL,5219453,0,0,0,0,NULL,973c5a69-1932-4e37-b0ab-b724888ed76c,NULL
52148,567600,2023,10314,352,"CAT352 EXCAVATOR (On RPO) Wagner-was R-504692",0KXH10208," ",4370,"2026-07-16 17:44:24",265,25105,0,45,1,1,1,0,0,1,0,0,0,0,0,NULL,NULL,699,0,567600,NULL,NULL,RENTAL,NULL,NULL,10030996,NULL,0,0,1,1,2909,c9f11a17-153d-4679-9270-7774167fd9db,NULL
52149,568000,2026,10314,255,"CAT259/255 TRACK SKIDSTEER (On RPO) Wagner",FL714745," ",4422,"2026-07-16 17:44:25",265,25062,0,45,1,1,1,0,0,1,0,0,0,0,0,NULL,NULL,699,0,568000,NULL,NULL,RENTAL,NULL,NULL,10017328,NULL,0,0,0,1,2863,329b43d9-a376-40aa-8b0e-fa3f9edbcb62,NULL
52150,289500,2024,10299,F250,"FORD F250 SUPERCAB XL 4WD - LEE, RON"," ",1FT7X2BA9REC54124,4301,"2026-07-16 17:44:25",265,25098,0,45,1,1,1,0,0,0,0,0,0,0,0,NULL,NULL,699,0,289500,NULL,NULL,XE62214,NULL,NULL,NULL,5219532,0,0,0,0,NULL,f894e676-096e-4549-adf2-ad32122a81a0,NULL
52151,288500,2023,10299,RANGER,"FORD RANGER - COTE, NICHOLAS"," ",1FTER4FH8PLE35406,4543,"2026-07-16 17:44:25",265,25089,0,45,1,1,1,0,0,0,0,0,0,0,0,NULL,NULL,699,0,288500,NULL,NULL,EDYS03,NULL,NULL,NULL,5219452,0,0,0,0,NULL,cd7f8ea0-ea77-4e30-8983-dd04dfdbf3fa,NULL
52152,474700,2021,10309,BF50D4XRTA,"HONDA 50HP OUTBOARD BOAT MOTOR",BBEJ-1315983," ",4294,"2026-07-16 17:44:25",265,25018,0,45,1,1,1,0,0,0,0,0,0,0,0,NULL,NULL,699,0,474700,NULL,NULL,,NULL,NULL,NULL,NULL,0,0,0,0,NULL,10adbc5e-da4c-434a-a947-79590523b65a,NULL
52153,474600,2019,10309,BF40D4LRTA,"HONDA 40HP OUTBOARD BOAT MOTOR",BBDJ-1303070," ",4294,"2026-07-16 17:44:25",265,25018,0,45,1,1,1,0,0,0,0,0,0,0,0,NULL,NULL,699,0,474600,NULL,NULL,,NULL,NULL,NULL,NULL,0,0,0,0,NULL,67573d2f-434c-45a4-8c00-bfc90aac7dfa,NULL
52154,474400,2017,10309,BF40D4LHA,"HONDA 40HP OUTBOARD BOAT MOTOR",BBDJ-1300605," ",4294,"2026-07-16 17:44:25",265,25026,0,45,1,1,1,0,0,0,0,0,0,0,0,NULL,NULL,699,0,474400,NULL,NULL,,NULL,NULL,NULL,NULL,0,0,0,0,NULL,9773a542-ffe4-46fd-9ae7-9bcf31521539,NULL
52155,115200,2012,10292,11000-1,"MANITOWOC 11000 CRAWLER-110 TON",11001038," ",4332,"2026-07-16 17:44:25",265,25089,0,45,1,1,1,0,0,0,0,0,0,0,0,NULL,NULL,699,0,115200,NULL,NULL,0040356360,NULL,NULL,9888409,NULL,0,0,0,1,NULL,48254cc7-7d87-4b63-bdfd-1b79b5819cba,NULL
52156,287600,2022,10299,F250,"FORD F250 SUPERCAB XL 4WD - VARELA, OSCAR"," ",1FT7X2B63NEG40978,4401,"2026-07-16 17:44:25",265,25064,0,45,1,1,1,0,0,0,0,0,0,0,0,NULL,NULL,699,0,287600,NULL,NULL,EEFI47,NULL,NULL,NULL,5219445,0,0,0,0,NULL,86f3e2f6-5dae-4f35-9cc7-4407e3bc2ae7,NULL
52157,115900,2013,10292,10000A-1,"MANITOWOC 10000A-1",11001062," ",4332,"2026-07-16 17:44:26",265,25098,0,45,1,1,1,0,0,0,0,0,0,0,0,NULL,NULL,699,0,115900,NULL,NULL,,NULL,NULL,10014162,NULL,0,0,0,1,NULL,262d36aa-c9da-443e-a566-c7686496ee0d,NULL
52158,288700,2023,10299,F150,"FORD F150 SUPERCAB XL 4WD - FERNANDEZ, ANAHI"," ",1FTFX1E59PKF46553,4404,"2026-07-16 17:44:26",265,25064,0,45,1,1,1,0,0,0,0,0,0,0,0,NULL,NULL,699,0,288700,NULL,NULL,EEFP65,NULL,NULL,NULL,5219458,0,0,0,0,NULL,929e7216-57cf-463d-afcb-93769cea5c37,NULL
52159,567900,2026,10314,255,"CAT259/255 TRACK SKIDSTEER (On RPO) Wagner",FL714766," ",4422,"2026-07-16 17:44:26",265,25089,0,45,1,1,1,0,0,1,0,0,0,0,0,NULL,NULL,699,0,567900,NULL,NULL,RENTAL,NULL,NULL,10016589,NULL,0,0,3,1,2908,56832b94-854f-4208-92b0-36a2d008ab52,NULL
52160,567800,2026,10314,255,"CAT259/255 TRACK SKIDSTEER (On RPO) Wagner",FL714757," ",4422,"2026-07-16 17:44:26",265,25064,0,45,1,1,1,0,0,1,0,0,0,0,0,NULL,NULL,699,0,567800,NULL,NULL,RENTAL,NULL,NULL,10016588,NULL,0,0,0,1,2861,61d3ea64-799f-4fb5-b749-f03e1f4cb499,NULL
52161,475400,2025,10309,BF50D4XRTA,"HONDA 50HP BOAT MOTOR",BBEJ-1330179," ",4294,"2026-07-16 17:44:26",265,25025,0,45,1,1,1,0,0,0,0,0,0,0,0,NULL,NULL,699,0,475400,NULL,NULL,,NULL,NULL,NULL,NULL,0,0,0,0,NULL,4747070c-a765-4d5b-be18-229396b25bdf,NULL
52162,116200,1979,10294,5030-DE,"AMERICAN OHIO 5030-DE LOCOMOTIVE CRANE - 35 TON",L4224," ",4297,"2026-07-16 17:44:26",265,25132,0,45,1,1,1,0,0,0,0,0,0,0,0,NULL,NULL,699,0,116200,NULL,NULL,,NULL,NULL,10022617,NULL,0,0,0,1,2713,4dc200a7-87f9-417f-8837-9ab7267a5310,NULL
52163,116100,2014,10293,RT890E,"GROVE RT-890E CRANE (90 TON)",234544," ",4326,"2026-07-16 17:44:26",265,25025,0,45,1,1,1,0,0,0,0,0,0,0,0,NULL,NULL,699,0,116100,NULL,NULL,,NULL,NULL,10012414,NULL,0,0,0,1,NULL,e36e06e2-38a9-4056-b0ba-0dd41543156e,NULL
52164,568400,2025,10314,265,"CAT 289/265 TRACK SKIDSTEER (On RPO) Fabick",KR408511," ",4345,"2026-07-16 17:44:26",265,24978,0,45,1,1,1,0,0,1,0,0,0,0,0,NULL,NULL,699,0,568400,NULL,NULL,,NULL,NULL,10022282,NULL,0,0,0,1,2880,dc125c5e-7ac4-4f3c-8216-f631fc2204e5,NULL
52165,568300,2025,10314,265,"CAT 289/265 TRACK SKIDSTEER (On RPO) Fabick",KR406953," ",4345,"2026-07-16 17:44:27",265,25031,0,45,1,1,1,0,0,1,0,0,0,0,0,NULL,NULL,699,0,568300,NULL,NULL,,NULL,NULL,10015973,NULL,0,0,0,1,2870,3e26d8bd-6343-428a-a701-c81c05867bfe,NULL
52166,475000,2023,10309,BF25D35HG,"HONDA 25HP BOAT MOTOR",BATJ-1502307," ",4294,"2026-07-16 17:44:27",265,25018,0,45,1,1,1,0,0,0,0,0,0,0,0,NULL,NULL,699,0,475000,NULL,NULL,,NULL,NULL,NULL,NULL,0,0,0,0,NULL,f5ee72f3-b1eb-4e59-ab1e-8f465c491227,NULL
52167,566800,2025,10314,265,"CAT 265 TRACK SKIDSTEER",0KR408199," ",4345,"2026-07-16 17:44:27",265,25089,0,45,1,1,1,0,0,0,0,0,0,0,0,NULL,NULL,699,0,566800,NULL,NULL,0033494325,NULL,NULL,10016614,NULL,0,0,0,1,2903,d8aa57f5-eafa-40f2-a0fc-71dcb506d409,NULL
52168,117200,2017,10292,11000-1,"MANITOWOC 11000-1 CRAWLER",11001224," ",4332,"2026-07-16 17:44:27",265,25098,0,45,1,1,1,0,0,0,0,0,0,0,0,NULL,NULL,699,0,117200,NULL,NULL,,NULL,NULL,9959939,NULL,0,0,0,1,NULL,e3115b0a-3400-4db3-8b7f-e3323cd6278f,NULL
52169,117800,2018,10292,MLC165-1,"MANITOWOC MLC165-1",91651111," ",4300,"2026-07-16 17:44:27",265,25067,0,45,1,1,1,0,0,0,0,0,0,0,0,NULL,NULL,699,0,117800,NULL,NULL,,NULL,NULL,10022313,NULL,0,0,3,1,2717,dbadc9a4-a075-4bfb-8c09-2ea832c3749b,NULL
52170,289700,2024,10299,F250,"FORD F250 SUPERCAB XL 4WD - MOSBY, TOM"," ",1FT7X2BA6REC54792,4301,"2026-07-16 17:44:27",265,25019,0,45,1,1,1,0,0,0,0,0,0,0,0,NULL,NULL,699,0,289700,NULL,NULL,EDYS05,NULL,NULL,NULL,5219534,0,0,1,0,NULL,39b7fecd-6200-43e9-ade6-d89e52574202,NULL
52171,290000,2024,10299,F250,"FORD F250 SUPERCAB XL 4WD - MYREN, BRYAN"," ",1FT7X2BAXREC54651,4301,"2026-07-16 17:44:27",265,25031,0,45,1,1,1,0,0,0,0,0,0,0,0,NULL,NULL,699,0,290000,NULL,NULL,XE62218,NULL,NULL,NULL,5219535,0,0,0,0,NULL,77dd0c25-90c1-4b15-a730-59f88d7a8f39,NULL
52172,290600,2024,10299,F250,"FORD F250 SUPERCAB XL 4WD - MOEN, BENNETT"," ",1FT7X2BA6REC54842,4301,"2026-07-16 17:44:27",265,25067,0,45,1,1,1,0,0,0,0,0,0,0,0,NULL,NULL,699,0,290600,NULL,NULL,XE62224,NULL,NULL,NULL,5219539,0,0,0,0,NULL,582e96bf-d74b-4d3d-b5e7-b6a8b03b2a13,NULL
52173,568200,2026,10314,265,"CAT 289/265 TRACK SKIDSTEER (On RPO) Wagner",KR412581," ",4345,"2026-07-16 17:44:27",265,25019,0,45,1,1,1,0,0,1,0,0,0,0,0,NULL,NULL,699,0,568200,NULL,NULL,RENTAL,NULL,NULL,10016615,NULL,0,0,0,1,2865,c9ddcd78-5629-4a0f-a7b2-59ab14c7082d,NULL
52174,474800,2021,10309,BF50D4XRTA,"HONDA 50HP OUTBOARD BOAT MOTOR",BBEJ-1317393," ",4294,"2026-07-16 17:44:28",265,25136,0,45,1,1,1,0,0,0,0,0,0,0,0,NULL,NULL,699,0,474800,NULL,NULL,,NULL,NULL,NULL,NULL,0,0,0,0,NULL,b6371e62-ea07-4f4d-a546-d70b569bf57c,NULL
52175,568600,2025,10314,275,"CAT299/275 TRACK SKIDSTEER (On RPO) Fabick",R8Y01573," ",4426,"2026-07-16 17:44:28",265,25008,0,45,1,1,1,0,0,1,0,0,0,0,0,NULL,NULL,699,0,568600,NULL,NULL,,NULL,NULL,10031000,NULL,0,0,0,1,2881,980cbc0e-b069-4f23-a62a-eb91f3ea61d1,NULL
52176,475200,2025,10309,BF50D4XRTA-661920,"HONDA 50HP BOAT MOTOR",BBEJ-1330020," ",4294,"2026-07-16 17:44:28",265,25025,0,45,1,1,1,0,0,0,0,0,0,0,0,NULL,NULL,699,0,475200,NULL,NULL,,NULL,NULL,NULL,NULL,0,0,0,0,NULL,d0a92dc1-0426-467c-8b8d-e06100f8ce27,NULL
52177,289600,2024,10299,F250,"FORD F250 SUPERCAB XL 4WD - HICKEY, KEITH"," ",1FT7X2BA1REC54201,4301,"2026-07-16 17:44:28",265,25025,0,45,1,1,1,0,0,0,0,0,0,0,0,NULL,NULL,699,0,289600,NULL,NULL,XE61963,NULL,NULL,NULL,5219533,0,0,0,0,NULL,68e4234e-159e-4a91-b8dc-84758979385c,NULL
52178,568500,2025,10314,255,"CAT259/255 TRACK SKIDSTEER (On RPO) Fabick",FL716201," ",4422,"2026-07-16 17:44:28",265,25018,0,45,1,1,1,0,0,1,0,0,0,0,0,NULL,NULL,699,0,568500,NULL,NULL,,NULL,NULL,10027112,NULL,0,0,0,1,2882,84182299-6e68-4706-94fb-171df3149a97,NULL
52179,117900,2019,11060,CC1485S-1,"MAEDA CC1485S-1 TELE-BOOM CRAWLER",7506," ",4415,"2026-07-16 17:44:29",265,25122,0,45,1,1,1,0,0,0,0,0,0,0,0,NULL,NULL,699,0,117900,NULL,NULL,0033485936,NULL,NULL,10023406,NULL,0,0,0,1,NULL,90b65b6b-ffb8-429e-97ee-623c9d8719cd,NULL
52180,475100,2025,10309,BF50D4XRTA-661920,"HONDA 50HP BOAT MOTOR",BBEJ-1329735," ",4294,"2026-07-16 17:44:29",265,25025,0,45,1,1,1,0,0,0,0,0,0,0,0,NULL,NULL,699,0,475100,NULL,NULL,,NULL,NULL,NULL,NULL,0,0,0,0,NULL,eed5f5dc-cf93-4578-8b70-fb6a06fac3e0,NULL
52181,118200,2009,10292,"2250 SERIES III","MANITOWOC 2250 SERIES III CRAWLER CRANE",2251305," ",4409,"2026-07-16 17:44:29",265,25026,0,45,1,1,1,0,0,0,0,0,0,0,0,NULL,NULL,699,0,118200,NULL,NULL,,NULL,NULL,10022309,NULL,0,0,2,1,NULL,7febfff7-3259-4ef8-9908-22f49b2c852c,NULL
52182,288900,2023,10299,F150,"FORD F150 SUPERCAB XL 4WD - LEUENBERGER, JUSTIN"," ",1FTFX1E5XPKF40292,4404,"2026-07-16 17:44:29",265,25105,0,45,1,1,1,0,0,0,0,0,0,0,0,NULL,NULL,699,0,288900,NULL,NULL,EEFP79,NULL,NULL,NULL,5219504,0,0,0,0,NULL,6cbdc5f8-e73d-432d-a377-87f04dd6b26f,NULL
52183,290400,2024,10299,F250,"FORD F250 SUPERCAB XL 4WD - NIESEN, KYLE"," ",1FT7X2BA2REC54319,4301,"2026-07-16 17:44:29",265,25098,0,45,1,1,1,0,0,0,0,0,0,0,0,NULL,NULL,699,0,290400,NULL,NULL,XE62215,NULL,NULL,NULL,5219537,0,0,0,0,NULL,f41c8b4c-edd7-4fc1-9ab2-e5c234e1513a,NULL
52184,116400,2015,10292,MLC165,"MANITOWOC MLC165",91651016," ",4300,"2026-07-16 17:44:30",265,25089,0,45,1,1,1,0,0,0,0,0,0,0,0,NULL,NULL,699,0,116400,NULL,NULL,,NULL,NULL,10009859,NULL,0,0,0,1,NULL,94b86667-d2e9-4fb7-99c5-766558172567,NULL
52185,568900,2024,10314,CS12,"CAT CS12 (CS56) ROLLER (On RPO) Fabick",37600252," ",4285,"2026-07-16 17:44:30",265,25033,0,45,1,1,1,0,0,1,0,0,0,0,0,NULL,NULL,699,0,568900,NULL,NULL,RENTAL,NULL,NULL,10021863,NULL,0,0,0,1,4562,44fb8919-126e-42fc-bc34-6c267a81b01c,NULL
52186,118500,2013,10295,SH5540F,"SHUTTLELIFT 5540F CARRY DECK CRANE-15 TON",322021," ",4308,"2026-07-16 17:44:30",265,25122,0,45,1,1,1,0,0,0,0,0,0,0,0,NULL,NULL,699,0,118500,NULL,NULL,,NULL,NULL,10023464,NULL,0,0,0,1,NULL,2945cbfc-60db-4166-8dce-47314d8e99e3,NULL
52187,117600,2015,10292,MLC165-1,"MANITOWOC MLC165-1",91651108," ",4300,"2026-07-16 17:44:30",265,25089,0,45,1,1,1,0,0,0,0,0,0,0,0,NULL,NULL,699,0,117600,NULL,NULL,,NULL,NULL,10009861,NULL,0,0,3,1,2725,329fa42c-8384-40a6-9d21-c9d8cab43a49,NULL
52188,290300,2024,10299,F250,"FORD F250 SUPERCAB XL 4WD - HERNANDEZ, JOSE"," ",1FT7X2BA4REC54290,4301,"2026-07-16 17:44:30",265,25129,0,45,1,1,1,0,0,0,0,0,0,0,0,NULL,NULL,699,0,290300,NULL,NULL,EDYS07,NULL,NULL,NULL,5284359,0,0,0,0,NULL,c715a66b-7975-4d61-8804-4dfaa1c3c171,NULL
52189,117100,2019,10293,GRT880,"GROVE GRT880 (80 TON)",236679," ",4326,"2026-07-16 17:44:31",265,25080,0,45,1,1,1,0,0,0,0,0,0,0,0,NULL,NULL,699,0,117100,NULL,NULL,0040356348,NULL,NULL,10016575,NULL,0,0,0,1,NULL,477c595c-f7cf-4a77-91fd-aabf486c02a5,NULL
52190,290700,2024,10299,F250,"FORD F250 SUPERCAB XL 4WD - CURETON, JESSE"," ",1FT7X2BA9REC57007,4301,"2026-07-16 17:44:31",265,25105,0,45,1,1,1,0,0,0,0,0,0,0,0,NULL,NULL,699,0,290700,NULL,NULL,EDYS08,NULL,NULL,NULL,5284414,0,0,0,0,NULL,9334987b-e0ee-441b-9ec9-6b1386da1942,NULL
52191,118000,2021,10298,GTC-900,"TADANO GTC-900 TELE-CRAWLER",800-166," ",4448,"2026-07-16 17:44:31",265,25089,0,45,1,1,1,0,0,0,0,0,0,0,0,NULL,NULL,699,0,118000,NULL,NULL,,NULL,NULL,10009862,NULL,0,0,2,1,NULL,685523aa-263d-4697-8cc7-6b1d388cd4bf,NULL
52192,523200,2018,10314,938M,"CAT 938M WHEEL LOADER",J3R04561," ",4481,"2026-07-16 17:44:31",265,25098,0,45,1,1,1,0,0,0,0,0,0,0,0,NULL,NULL,699,0,523200,NULL,NULL,,NULL,NULL,9959955,NULL,0,0,2,1,NULL,ab654f37-ec09-42e2-8ede-c7c2db1d9dc4,NULL
52193,569100,2024,10314,325,"CAT325 EXCAVATOR (On RPO) Fabick",TEL20883," ",4340,"2026-07-16 17:44:31",265,25105,0,45,1,1,1,0,0,1,0,0,0,0,0,NULL,NULL,699,0,569100,NULL,NULL,RENTAL,NULL,NULL,10009667,NULL,0,0,0,1,4557,4e990826-4c7c-4690-8659-3759a5ca434f,NULL
52194,568100,2026,10314,255,"CAT259/255 TRACK SKIDSTEER (On RPO) Wagner",FL714723," ",4422,"2026-07-16 17:44:31",265,24982,0,45,1,1,1,0,0,1,0,0,0,0,0,NULL,NULL,699,0,568100,NULL,NULL,RENTAL,NULL,NULL,10031762,NULL,0,0,0,1,2876,e3ed56db-b09c-448a-9d65-6dc02f058f53,NULL
52195,568800,2024,10314,336,"CAT336 EXCAVATOR (On RPO) Fabick",RDL30099," ",4504,"2026-07-16 17:44:31",265,24980,0,45,1,1,1,0,0,1,0,0,0,0,0,NULL,NULL,699,0,568800,NULL,NULL,RENTAL,NULL,NULL,10031002,NULL,0,0,0,1,4563,ed54659e-cde3-4b64-90cd-e8f5f0b31f1a,NULL
52196,291700,2024,10299,RANGER,"FORD RANGER XLT SUPERCREW 4WD - GREGERSON, JAKE"," ",1FTER4HH5RLE24539,4439,"2026-07-16 17:44:31",265,25042,0,45,1,1,1,0,0,0,0,0,0,0,0,NULL,NULL,699,0,291700,NULL,NULL,VB6825,NULL,NULL,NULL,5284374,0,0,0,0,NULL,5359ac89-c33b-4307-8f5a-df9c757fa215,NULL
52197,475300,2025,10309,BF50D4XRTA,"HONDA 50HP BOAT MOTOR",BBEJ-1330178," ",4294,"2026-07-16 17:44:31",265,25025,0,45,1,1,1,0,0,0,0,0,0,0,0,NULL,NULL,699,0,475300,NULL,NULL,,NULL,NULL,NULL,NULL,0,0,0,0,NULL,7f790186-0922-412c-8d81-c7b7a92cb002,NULL
52198,568700,2025,10314,D5-17,"CAT D5-17 (D6N) DOZER (On RPO) Fabick",KML01483," ",4450,"2026-07-16 17:44:31",265,25033,0,45,1,1,1,0,0,1,0,0,0,0,0,NULL,NULL,699,0,568700,NULL,NULL,RENTAL,NULL,NULL,10022021,NULL,0,0,0,1,NULL,5facc1f2-eb0e-4a4d-99f1-bd6b91d78a36,NULL
52199,290500,2024,10299,F250,"FORD F250 SUPERCAB XL 4WD - MARKO, MIKE"," ",1FT7X2BA6REC54128,4301,"2026-07-16 17:44:32",265,25122,0,45,1,1,1,0,0,0,0,0,0,0,0,NULL,NULL,699,0,290500,NULL,NULL,XE77989,NULL,NULL,NULL,5219538,0,0,0,0,NULL,8503b3b2-8597-4add-8a7d-4ce0b758f427,NULL
52200,569000,2024,10314,320,"CAT 320 EXCAVATOR (On RPO) Fabick",MYK50383," ",4398,"2026-07-16 17:44:32",265,24982,0,45,1,1,1,0,0,1,0,0,0,0,0,NULL,NULL,699,0,569000,NULL,NULL,RENTAL,NULL,NULL,10009852,NULL,0,0,1,1,4581,29e1aaff-2f1c-4c3b-a8e3-13f46ae3b7fc,NULL
52201,569200,NULL,10314,H115S,"HAMMER-CAT H115S (use w/ CAT316 size)",0HWL00327," ",4364,"2026-07-16 17:44:32",265,25019,0,45,1,1,1,0,0,0,0,0,0,0,0,NULL,NULL,699,0,569200,NULL,NULL,NA,NULL,NULL,NULL,NULL,0,0,0,0,NULL,0d43df92-4ec2-4726-aa74-8f0ee3451947,NULL
52202,524300,2020,10314,"938M AGG","CAT 938M AGGREGATE LOADER",J3R08426," ",4481,"2026-07-16 17:44:32",265,25064,0,45,1,1,1,0,0,0,0,0,0,0,0,NULL,NULL,699,0,524300,NULL,NULL,0040356306,NULL,NULL,10016603,NULL,0,0,1,1,NULL,d31427d8-cc6b-4fc2-bd9a-85b12a1d7ac5,NULL
52203,289900,2024,10299,F250,"FORD F250 SUPERCAB XL 4WD - UNASSIGNED"," ",1FT7X2BA2REC54224,4301,"2026-07-16 17:44:32",265,24981,0,45,1,1,1,0,0,0,0,0,0,0,0,NULL,NULL,699,0,289900,NULL,NULL,EDYS06,NULL,NULL,NULL,5272340,0,0,0,0,NULL,b54775a6-b7f2-47e8-b865-d0ffd26f43a5,NULL
52204,118900,2024,10292,MLC165-1,"MANITOWOC MLC165-1",91651130," ",4300,"2026-07-16 17:44:32",265,25026,0,45,1,1,1,0,0,0,0,0,0,0,0,NULL,NULL,699,0,118900,NULL,NULL,,NULL,NULL,10022310,NULL,0,0,2,1,NULL,1ecb710d-29bb-4c93-b22d-2da5e19f5b54,NULL
52205,119100,2024,10292,MLC165-1,"MANITOWOC MLC165-1",91651133," ",4300,"2026-07-16 17:44:32",265,25044,0,45,1,1,1,0,0,0,0,0,0,0,0,NULL,NULL,699,0,119100,NULL,NULL,,NULL,NULL,10022269,NULL,0,0,1,1,NULL,4cd49628-f769-45b0-8a66-aeb2e1f541c6,NULL
52206,117400,2019,10292,MLC100-1,"MANITOWOC MLC100-1",91001035," ",4332,"2026-07-16 17:44:32",265,25071,0,45,1,1,1,0,0,0,0,0,0,0,0,NULL,NULL,699,0,117400,NULL,NULL,,NULL,NULL,10022264,NULL,0,0,2,1,NULL,86e414a1-1893-4331-bb3c-8b6a69ef14b9,NULL
52207,117300,2017,10292,11000-1,"MANITOWOC 11000-1 CRAWLER",11001209," ",4332,"2026-07-16 17:44:33",265,25098,0,45,1,1,1,0,0,0,0,0,0,0,0,NULL,NULL,699,0,117300,NULL,NULL,,NULL,NULL,9959948,NULL,0,0,0,1,NULL,542646f3-5ec2-428f-bb9c-9f19e53684d5,NULL
52208,291200,2024,10299,"F150 XL","FORD F150 SUPERCAB XL 4WD - YOUNG, ZACH"," ",1FTFX1L54RKD91691,4429,"2026-07-16 17:44:33",265,25129,0,45,1,1,1,0,0,0,0,0,0,0,0,NULL,NULL,699,0,291200,NULL,NULL,EDYS10,NULL,NULL,NULL,5282834,0,0,0,0,NULL,11d69589-0734-4034-a585-54be10c1c702,NULL
52209,289000,2023,10299,F150,"FORD F150 SUPERCAB XL 4WD - CLIFTON, GARRETT"," ",1FTFX1E59PKF39957,4404,"2026-07-16 17:44:33",265,25136,0,45,1,1,1,0,0,0,0,0,0,0,0,NULL,NULL,699,0,289000,NULL,NULL,UL6610,NULL,NULL,NULL,5219511,0,0,0,0,NULL,bb93a41b-b02e-4762-b7f3-1d074aaa73a9,NULL
52210,524700,2023,10314,938M,"CAT 938M LOADER",P5K03451," ",4481,"2026-07-16 17:44:33",265,25001,0,45,1,1,1,0,0,0,0,0,0,0,0,NULL,NULL,699,0,524700,NULL,NULL,,NULL,NULL,10024220,NULL,0,0,0,1,NULL,40c85944-01f7-4870-8254-e9423ce13b70,NULL
52211,524500,2019,10314,963K,"CAT 963K TRACK LOADER",LBL01121," ",4365,"2026-07-16 17:44:33",265,25089,0,45,1,1,1,0,0,0,0,0,0,0,0,NULL,NULL,699,0,524500,NULL,NULL,0040356323,NULL,NULL,10016622,NULL,0,0,1,1,NULL,d0a075af-1402-40d7-b4b2-c302737c4e52,NULL
52212,290800,2024,10299,"F150 XL","FORD F150 SUPERCAB XL 4WD - GREENHALGH, MARK"," ",1FTFX1L5XRKD96555,4429,"2026-07-16 17:44:34",265,25110,0,45,1,1,1,0,0,0,0,0,0,0,0,NULL,NULL,699,0,290800,NULL,NULL,VB6823,NULL,NULL,NULL,5219540,0,0,0,0,NULL,69917065-af09-42a1-9892-5a1879b8acfd,NULL
52213,585000,2007,10314,H90C,"HAMMER-CAT H90C (use w/ CAT308C-CR)",6TZ04846," ",4464,"2026-07-16 17:44:34",265,24981,0,45,1,1,1,0,0,0,0,0,0,0,0,NULL,NULL,699,0,585000,NULL,NULL,,NULL,NULL,NULL,NULL,0,0,0,0,NULL,3cf4e5d6-55f1-447b-a435-f78af55df115,NULL
52214,289300,2024,10299,F250,"FORD F250 SUPERCAB XL 4WD - MCCLONE, MIKE"," ",1FT7X2BA0REC54836,4301,"2026-07-16 17:44:34",265,25031,0,45,1,1,1,0,0,0,0,0,0,0,0,NULL,NULL,699,0,289300,NULL,NULL,XE61965,NULL,NULL,NULL,5219530,0,0,0,0,NULL,e9c7ec7d-3af7-4617-9dc3-f551e44004e7,NULL
52215,524000,2021,10314,950M,"CAT 950M LOADER",J1S03723," ",4480,"2026-07-16 17:44:34",265,25082,0,45,1,1,1,0,0,0,0,0,0,0,0,NULL,NULL,699,0,524000,NULL,NULL,0040356365,NULL,NULL,10030991,NULL,0,0,0,1,NULL,8f9a6d7a-e9d2-475c-b770-1f50bcf0111e,NULL
52216,117700,2019,10292,MLC100-1,"MANITOWOC MLC100-1 CRAWLER",91001024," ",4332,"2026-07-16 17:44:34",265,25018,0,45,1,1,1,0,0,0,0,0,0,0,0,NULL,NULL,699,0,117700,NULL,NULL,,NULL,NULL,10023404,NULL,0,0,0,1,NULL,72c90adb-1565-4c87-b80d-083295b19b21,NULL
52217,288800,2023,10299,F150,"FORD F150 SUPERCAB XL 4WD - NELSON, BRYAN"," ",1FTFX1E53PKF39159,4404,"2026-07-16 17:44:35",265,25089,0,45,1,1,1,0,0,0,0,0,0,0,0,NULL,NULL,699,0,288800,NULL,NULL,EEFP78,NULL,NULL,NULL,5219482,0,0,0,0,NULL,18d0d4fe-3892-4b3d-b5d8-d26fb450346c,NULL
52218,116000,2013,10293,RT880E,"GROVE RT-880E CRANE (80 TON)",233890," ",4326,"2026-07-16 17:44:35",265,25132,0,45,1,1,1,0,0,0,0,0,0,0,0,NULL,NULL,699,0,116000,NULL,NULL,NA,NULL,NULL,10009179,NULL,0,0,1,1,NULL,9e598012-5aff-4ba1-baf9-68581b355f0f,NULL
52219,524200,2021,10314,938M,"CAT 938M LOADER",P5K01881," ",4481,"2026-07-16 17:44:35",265,25019,0,45,1,1,1,0,0,0,0,0,0,0,0,NULL,NULL,699,0,524200,NULL,NULL,0040356313,NULL,NULL,10016635,NULL,0,0,0,1,NULL,95840c81-97f9-484a-8694-5c4a5c904663,NULL
52220,118800,2015,10292,MLC-165,"MANITOWOC MLC165 CRANE (NO 3RD DRUM)",91651106," ",4300,"2026-07-16 17:44:35",265,25089,0,45,1,1,1,0,0,0,0,0,0,0,0,NULL,NULL,699,0,118800,NULL,NULL,0033494027,NULL,NULL,10009864,NULL,0,0,1,1,NULL,b76ed134-b021-4682-aefc-d93353b06d6f,NULL
52221,291500,2024,10299,RANGER,"FORD RANGER XLT SUPERCREW 4WD - FREEMAN, TODD"," ",1FTER4HHXRLE26187,4439,"2026-07-16 17:44:35",265,25019,0,45,1,1,1,0,0,0,0,0,0,0,0,NULL,NULL,699,0,291500,NULL,NULL,EDYS13,NULL,NULL,NULL,5266065,0,0,0,0,NULL,a7b2c890-d0fe-481a-9bc3-dd043e5b6023,NULL
52222,524100,2021,10314,938M,"CAT 938M LOADER",P5K01875," ",4481,"2026-07-16 17:44:35",265,25019,0,45,1,1,1,0,0,0,0,0,0,0,0,NULL,NULL,699,0,524100,NULL,NULL,DXGC95,NULL,NULL,10016634,NULL,0,0,2,1,NULL,442ab8c4-5e8b-43e3-b0d0-5d33c5d79cd8,NULL
52223,291000,2024,10299,"F150 XL","FORD F150 SUPERCAB XL 4WD - ALBERT, REILLY"," ",1FTFX1L53RKD91679,4429,"2026-07-16 17:44:35",265,25001,0,45,1,1,1,0,0,0,0,0,0,0,0,NULL,NULL,699,0,291000,NULL,NULL,LGT814,NULL,NULL,NULL,5219542,0,0,0,0,NULL,fdd3de5c-e0e9-41dc-8e92-f484183b1fd7,NULL
52224,288300,2022,10299,F250,"FORD F250 SUPERCAB XLT - BURTON, NATHAN"," ",1FT7X2B61NEF65312,4401,"2026-07-16 17:44:35",265,25089,0,45,1,1,1,0,0,0,0,0,0,0,0,NULL,NULL,699,0,288300,NULL,NULL,EDYS02,NULL,NULL,NULL,5219450,0,0,0,0,NULL,52fddcf5-5a6e-49ca-b1ca-0d5ff01d395d,NULL
52225,118700,2023,10292,MLC165-1,"MANITOWOC MLC165-1 CRANE",91651129," ",4300,"2026-07-16 17:44:36",265,25093,0,45,1,1,1,0,0,0,0,0,0,0,0,NULL,NULL,699,0,118700,NULL,NULL,,NULL,NULL,10022286,NULL,0,0,0,1,NULL,6e6947aa-a613-4842-88bd-06b0fd1612d7,NULL
52226,524600,2022,10314,938M,"CAT 938M LOADER",P5K03227," ",4481,"2026-07-16 17:44:36",265,25080,0,45,1,1,1,0,0,0,0,0,0,0,0,NULL,NULL,699,0,524600,NULL,NULL,0040356291,NULL,NULL,10016636,NULL,0,0,0,1,NULL,920062c5-5425-43ef-a59f-345d3c7e7a1d,NULL
52227,118201,2022,10296," ","WIRE ROPE CABLE 1 1/8 DYFOAM 34XL"," "," ",4514,"2026-07-16 17:44:36",265,25018,0,45,1,0,1,0,0,0,0,0,0,0,0,NULL,NULL,634,0,118201,NULL,NULL,,NULL,NULL,NULL,NULL,0,0,0,0,NULL,b956ec9a-b508-4988-a827-3734a8cad2ce,NULL
52228,524400,2022,10314,950GC,"CAT 950GC LOADER",M5T05085," ",4480,"2026-07-16 17:44:36",265,24982,0,45,1,1,1,0,0,0,0,0,0,0,0,NULL,NULL,699,0,524400,NULL,NULL,0040356325,NULL,NULL,10016624,NULL,0,0,0,1,NULL,bad3833a-3153-4109-b027-d0cfec4dc55b,NULL
52229,589100,2017,10306," ","HAMMER-NPK GH12 (CAT336 QC)",118701," ",4286,"2026-07-16 17:44:36",265,25042,0,45,1,1,1,0,0,0,0,0,0,0,0,NULL,NULL,699,0,589100,NULL,NULL,,NULL,NULL,NULL,NULL,0,0,0,1,NULL,87ff0557-9cab-4db3-802f-1fd67bedf3b5,NULL
52230,292100,2024,10299,"EDGE SEL","FORD EDGE SEL AWD SUV - POOL CAR"," ",2FMPK4J90RBB03004,4395,"2026-07-16 17:44:36",265,25018,0,45,1,0,1,0,0,0,0,0,0,0,0,NULL,NULL,699,0,292100,NULL,NULL,EDYS16,NULL,NULL,NULL,5190207,0,0,0,0,NULL,7c9d0123-52ce-486c-bde0-bbc02933a774,NULL
52231,523500,2018,10314,938M,"CAT 938M LOADER",J3R05015," ",4481,"2026-07-16 17:44:36",265,25019,0,45,1,1,1,0,0,0,0,0,0,0,0,NULL,NULL,699,0,523500,NULL,NULL,DXGC90,NULL,NULL,10031765,NULL,0,0,0,1,NULL,58f069a0-21ba-410d-8f40-1d915f7b9b39,NULL
52232,290200,2024,10299,F250,"FORD F250 SUPERCAB XL 4WD - HANSEN, JASON"," ",1FT7X2BA9REC54835,4301,"2026-07-16 17:44:36",265,25031,0,45,1,1,1,0,0,0,0,0,0,0,0,NULL,NULL,699,0,290200,NULL,NULL,XE62223,NULL,NULL,NULL,5219536,0,0,0,0,NULL,2f1a33fd-dc0a-4d86-92f1-c6e07cdf80e3,NULL
52233,118400,2017,10292,MLC165-1,"MANITOWOC MLC165-1",91651110," ",4300,"2026-07-16 17:44:37",265,25025,0,45,1,1,1,0,0,0,0,0,0,0,0,NULL,NULL,699,0,118400,NULL,NULL,,NULL,NULL,10012415,NULL,0,0,1,1,NULL,1d2f8578-1868-4dfa-9373-72207618bb53,NULL
52234,118300,2022,10298,GTC-1300,"TADANO GTC-1300 TELE-CRAWLER",120274," ",4302,"2026-07-16 17:44:37",265,25089,0,45,1,1,1,0,0,0,0,0,0,0,0,NULL,NULL,699,0,118300,NULL,NULL,0040356286,NULL,NULL,10009863,NULL,0,0,1,1,2716,e1dd9062-b4c4-41fc-afca-735bb2475781,NULL
52235,291800,2013,10411,"EXPRESS G3500","CHEVY EXPRESS G3500 VAN"," ",1GAZG1FGXD1193585,4548,"2026-07-16 17:44:37",265,25089,0,45,1,1,1,0,0,0,0,0,0,0,0,NULL,NULL,699,0,291800,NULL,NULL,EDYS14,NULL,NULL,NULL,5219546,0,0,0,0,NULL,fbb41414-6b26-438d-aba8-d3b2cafb9468,NULL
52236,589600,2015,10347,770G,"770G MOTOR GRADER"," ",1DW770GXVFF672302,4493,"2026-07-16 17:44:37",265,25080,0,45,1,1,1,0,0,0,0,0,0,0,0,NULL,NULL,699,0,589600,NULL,NULL,0040356357,NULL,NULL,10022747,NULL,0,0,0,1,NULL,049e9880-e66e-4d9f-a6f0-915cf7a7046f,NULL
52237,118600,1978,11057,4100,"MILLENNIUM 4100 W/ RINGER- 250T",41573-15-016," ",4467,"2026-07-16 17:44:38",265,25025,0,45,1,1,1,0,0,0,0,0,0,0,0,NULL,NULL,699,0,118600,NULL,NULL,,NULL,NULL,10012416,NULL,0,0,1,1,NULL,895a3bec-908b-4a38-9d7b-924a2b69ad06,NULL
52238,525000,2018,10314,950GC,"CAT 950GC LOADER",0M5T00983," ",4480,"2026-07-16 17:44:38",265,24980,0,45,1,1,1,0,0,0,0,0,0,0,0,NULL,NULL,699,0,525000,NULL,NULL,0040356321,NULL,NULL,10022063,NULL,0,0,2,1,NULL,ac3cabae-3d0e-42bf-be5d-426c43fb6ee7,NULL
52239,119000,2025,10292,MLC165-1,"MANITOWOC MLC165-1",91651138," ",4300,"2026-07-16 17:44:38",265,25042,0,45,1,1,1,0,0,0,0,0,0,0,0,NULL,NULL,699,0,119000,NULL,NULL,,NULL,NULL,10023515,NULL,0,0,0,1,2718,db74f6da-37ed-4f25-b52c-ded7c5eb95b0,NULL
52240,291600,2024,10299,RANGER,"FORD RANGER XLT SUPERCREW 4WD - BURT, DAVID"," ",1FTER4HH9RLE27055,4439,"2026-07-16 17:44:38",265,25042,0,45,1,1,1,0,0,0,0,0,0,0,0,NULL,NULL,699,0,291600,NULL,NULL,VM2014,NULL,NULL,NULL,5219545,0,0,0,0,NULL,0c166f07-dcd2-43b9-9916-140d6b0ee7fa,NULL
52241,589300,2017,10348,"VM EC350","SLAB GRABBER 37" (CAT336)",IVM99279," ",4406,"2026-07-16 17:44:38",265,25042,0,45,1,1,1,0,0,0,0,0,0,0,0,NULL,NULL,699,0,589300,NULL,NULL,,NULL,NULL,NULL,NULL,0,0,0,0,NULL,45219e05-8517-4980-a481-286d636222dc,NULL
52242,119200,2026,10292,MLC300,"MANITOWOC MLC300 W/ SERIES 3 VPC CWT (Luffer Prepped)",3001181," ",4472,"2026-07-16 17:45:19",265,25071,0,45,1,1,1,0,0,0,0,0,0,0,0,NULL,NULL,699,0,119200,NULL,NULL,,NULL,NULL,10023552,NULL,0,0,3,1,NULL,fa238204-8085-4d4c-856e-c08a81a4f033,NULL
52243,117000,2016,10293,RT880E,"GROVE RT880E (80 TON)",235584," ",4326,"2026-07-16 17:45:19",265,24981,0,45,1,1,1,0,0,0,0,0,0,0,0,NULL,NULL,699,0,117000,NULL,NULL,0040356349,NULL,NULL,10023393,NULL,0,0,0,1,NULL,6db8d2f0-6463-421f-8f83-c5bd31bdcb71,NULL
52244,287300,2023,10299,"F250 SUPERCAB XL 4WD","FORD F250 SUPERCAB XL 4WD - WROBEL, PAULY"," ",1FT7X2BA5PED01856,4401,"2026-07-16 17:45:20",265,25089,0,45,1,1,1,0,0,0,0,0,0,0,0,NULL,NULL,699,0,287300,NULL,NULL,EDYN95,NULL,NULL,NULL,5282752,0,0,0,0,NULL,b76c5c25-8a8a-4a0b-9cb4-df09750ecfb0,NULL
52245,292200,2024,10299,"F150 XL","FORD F150 SUPERCAB XL 4WD - BOWLES, LUKAS"," ",1FTFX1L5XRKD95289,4429,"2026-07-16 17:45:20",265,25009,0,45,1,1,1,0,0,0,0,0,0,0,0,NULL,NULL,699,0,292200,NULL,NULL,EDYS17,NULL,NULL,NULL,5284415,0,0,0,0,NULL,9b934cdd-6439-4b7b-8390-c0aebd548ca7,NULL
52246,291900,2024,10299,EDGE,"FORD EDGE SEL AWD- BELLFI, BRIAN"," ",2FMPK4J97RBA19231,4395,"2026-07-16 17:45:20",265,24981,0,45,1,0,1,0,0,0,0,0,0,0,0,NULL,NULL,699,0,291900,NULL,NULL,EDYS15,NULL,NULL,NULL,5219547,0,0,0,0,NULL,6e07103d-1810-4090-962c-7559e5ad77a3,NULL
52247,117500,2018,10293,GRT655,"GROVE GRT655 (55 TON)",236127," ",4506,"2026-07-16 17:45:21",265,25025,0,45,1,1,1,0,0,0,0,0,0,0,0,NULL,NULL,699,0,117500,NULL,NULL,,NULL,NULL,9801577,NULL,0,0,0,1,NULL,f79870c9-96f0-4964-bf68-103fbaac7257,NULL
52248,589602,2020,10337," ","TRIMBLE 3D SYSTEM FOR JD770G MOTOR GRADER",478741," ",4441,"2026-07-16 17:45:21",265,24981,0,45,1,0,1,0,0,0,0,0,0,0,0,NULL,NULL,699,0,589602,NULL,NULL,NA,NULL,NULL,NULL,NULL,0,0,0,0,NULL,b90de9cf-440c-43ac-93aa-b300fc714e8c,NULL
52249,524800,2018,10321,950GC,"CAT 950 LOADER",M5T01327," ",4480,"2026-07-16 17:45:21",265,25089,0,45,1,1,1,0,0,0,0,0,0,0,0,NULL,NULL,699,0,524800,NULL,NULL,0040356299,NULL,NULL,10017332,NULL,0,0,0,1,NULL,52c8478b-534e-482d-9f37-cc951ae426cb,NULL
52250,589601,2018,10337," ","TRIMBLE BASE KIT FOR 770G MOTOR GRADER (2D System)",455755," ",4441,"2026-07-16 17:45:21",265,24981,0,45,1,0,1,0,0,0,0,0,0,0,0,NULL,NULL,699,0,589601,NULL,NULL,NA,NULL,NULL,NULL,NULL,0,0,0,0,NULL,bba77c31-6219-4bb8-8048-90a0a72c4a4e,NULL
52251,524900,2019,10314,950GC,"CAT 950GC LOADER",0M5T03404," ",4480,"2026-07-16 17:45:21",265,25064,0,45,1,1,1,0,0,0,0,0,0,0,0,NULL,NULL,699,0,524900,NULL,NULL,0040356317,NULL,NULL,10026205,NULL,0,0,1,1,NULL,8fc06c8c-5ac0-4597-99e4-15cfb93ee688,NULL
52252,523600,2020,10314,950M,"CAT 950M LOADER",0J1S03173," ",4480,"2026-07-16 17:45:22",265,25089,0,45,1,1,1,0,0,0,0,0,0,0,0,NULL,NULL,699,0,523600,NULL,NULL,DXGC,NULL,NULL,10028003,NULL,0,0,0,1,NULL,dcfcac77-5b4b-411a-9b46-f755d4bb5892,NULL
52253,525800,2024,10314,950GC,"CAT 950GC LOADER",M5T07244," ",4480,"2026-07-16 17:45:22",265,25044,0,45,1,1,1,0,0,0,0,0,0,0,0,NULL,NULL,699,0,525800,NULL,NULL,,NULL,NULL,10022270,NULL,0,0,1,1,NULL,cbf36f25-1960-420b-a71f-f95362533bc8,NULL
52254,589800,2018,10314,308E2,"CAT 308E2 EXCAVATOR WITH THUMB",FJX09755," ",4381,"2026-07-16 17:45:22",265,25019,0,45,1,1,1,0,0,0,0,0,0,0,0,NULL,NULL,699,0,589800,NULL,NULL,0040356359,NULL,NULL,10016585,NULL,0,0,1,1,NULL,d3ac3371-18b5-4d73-b69c-8249e564099e,NULL
52255,589700,2018,10314,308E2,"CAT 308E2 EXCAVATOR WITH THUMB",FJX09793," ",4381,"2026-07-16 17:45:22",265,24978,0,45,1,1,1,0,0,0,0,0,0,0,0,NULL,NULL,699,0,589700,NULL,NULL,,NULL,NULL,9970133,NULL,0,0,0,1,NULL,484e2c6f-a094-4169-a3b3-10da7dd367aa,NULL
52256,291400,2024,10299,"F150 XL","FORD F150 SUPERCAB XL4WD - LLEWELLYN, EZRA"," ",1FTFX1L57RKD96660,4429,"2026-07-16 17:45:22",265,25033,0,45,1,1,1,0,0,0,0,0,0,0,0,NULL,NULL,699,0,291400,NULL,NULL,EDYS12,NULL,NULL,NULL,5219544,0,0,0,0,NULL,bf69eac6-f1c4-4c39-ad88-d6e823741ecd,NULL
52257,119300,2023,10298,GTC-900,"TADANO GTC-900 TELE-CRAWLER (ON RPO Hayden-Murphy)",800-195," ",4448,"2026-07-16 17:45:22",265,24978,0,45,1,1,1,0,0,1,0,0,0,0,0,NULL,NULL,699,0,119300,NULL,NULL,,NULL,NULL,10022280,NULL,0,0,1,1,2723,9eb08dfd-3df4-41af-84a3-7e844a9e58ae,NULL
52258,523300,2018,10314,938M,"CAT 938M WHEEL LOADER",J3R04458," ",4481,"2026-07-16 17:45:50",265,25018,0,45,1,1,1,0,0,0,0,0,0,0,0,NULL,NULL,699,0,523300,NULL,NULL,,NULL,NULL,9958835,NULL,0,0,0,1,NULL,e5ac59c7-326a-43f0-90e4-3f3d1a9b4af2,NULL
52259,589500,2017,10314,CS44,"CAT CS44 SMOOTH DRUM ROLLER",M4C00346," ",4293,"2026-07-16 17:45:51",265,25089,0,45,1,1,1,0,0,0,0,0,0,0,0,NULL,NULL,699,0,589500,NULL,NULL,0040356331,NULL,NULL,10017331,NULL,0,0,0,1,NULL,2b9ef6ea-98f4-435b-9e52-ff7785e9e996,NULL
52260,254600,2014,10299,"F250 REG CAB","F250 REG CAB 4WD- JOB TRUCK"," ",1FTBF2B61EEB66350,4401,"2026-07-16 17:45:51",265,25089,0,45,1,1,1,0,0,0,0,0,0,0,0,NULL,NULL,699,0,254600,NULL,NULL,EDYG79,NULL,NULL,NULL,5204931,0,0,0,0,NULL,dbbce68a-2b9b-47c1-8fd5-3df9322065e0,NULL
52261,525300,2023,10314,938M,"CAT 938M LOADER",J3R10618," ",4481,"2026-07-16 17:45:51",265,25098,0,45,1,1,1,0,0,0,0,0,0,0,0,NULL,NULL,699,0,525300,NULL,NULL,,NULL,NULL,10015971,NULL,0,0,0,1,NULL,e3448add-157d-44e8-a57a-aadf75e3e239,NULL
52262,289800,2024,10299,F250,"FORD F250 SUPERCAB XL 4WD - GRUNTORAD, JOHN"," ",1FT7X2BA7REC54705,4301,"2026-07-16 17:45:51",265,25019,0,45,1,1,1,0,0,0,0,0,0,0,0,NULL,NULL,699,0,289800,NULL,NULL,XE62220,NULL,NULL,NULL,5284371,0,0,0,0,NULL,c586e760-22dc-4845-9793-57b2369a1608,NULL
52263,593300,2019,10314,259D,"CAT 259D TRACK SKIDSTEER",FTL21411," ",4422,"2026-07-16 17:45:52",265,25033,0,45,1,1,1,0,0,0,0,0,0,0,0,NULL,NULL,699,0,593300,NULL,NULL,0040356295,NULL,NULL,10016593,NULL,0,0,2,1,NULL,34cb943f-563f-4aa9-9245-9eb307cffbe7,NULL
52264,593100,2018,10314,259D,"CAT 259D TRACK SKIDSTEER",FTL21633," ",4422,"2026-07-16 17:45:52",265,25019,0,45,1,1,1,0,0,0,0,0,0,0,0,NULL,NULL,699,0,593100,NULL,NULL,0040356355,NULL,NULL,10016594,NULL,0,0,0,1,NULL,98252e5b-604c-4523-855b-cb241a4ba429,NULL
52265,251600,2012,10299,F150,"F150 SUPERCAB 4WD- JOB TRUCK"," ",1FTFX1EF5CFA57742,4404,"2026-07-16 17:45:52",265,25045,0,45,1,1,1,0,0,0,0,0,0,0,0,NULL,NULL,699,0,251600,NULL,NULL,D25447A,NULL,NULL,NULL,5204930,0,0,0,0,NULL,cb9f703a-024e-4ffd-b5a3-a20c4feab9e1,NULL
52266,525200,2023,10314,938M,"CAT 938M LOADER",J3R10149," ",4481,"2026-07-16 17:45:52",265,25019,0,45,1,1,1,0,0,0,0,0,0,0,0,NULL,NULL,699,0,525200,NULL,NULL,0040356318,NULL,NULL,10016604,NULL,0,0,1,1,NULL,c63e7f59-b225-45e1-a839-b74865aabd51,NULL
52267,525700,2023,10314,950GC,"CAT 950GC LOADER",M5T05485," ",4480,"2026-07-16 17:45:52",265,25042,0,45,1,1,1,0,0,0,0,0,0,0,0,NULL,NULL,699,0,525700,NULL,NULL,,NULL,NULL,10022293,NULL,0,0,2,1,NULL,9b55df1e-59ac-4e1f-88eb-706c9302f668,NULL
52268,291300,2024,10299,"F150 XL","FORD F150 SUPERCAB XL 4WD - WATERMAN, WILL"," ",1FTFX1L57RKD91958,4429,"2026-07-16 17:45:52",265,24982,0,45,1,1,1,0,0,0,0,0,0,0,0,NULL,NULL,699,0,291300,NULL,NULL,EDYS11,NULL,NULL,NULL,5281515,0,0,0,0,NULL,2905d77b-b96a-4104-8f7d-a71488ae6a3a,NULL
52269,593200,2019,10314,259D,"CAT 259D TRACK SKIDSTEER",FTL21402," ",4422,"2026-07-16 17:45:52",265,25001,0,45,1,1,1,0,0,0,0,0,0,0,0,NULL,NULL,699,0,593200,NULL,NULL,,NULL,NULL,10015970,NULL,0,0,0,1,NULL,da499d40-d6e8-4a98-af65-3d2972808f64,NULL
52270,256200,2013,10299,F150,"FORD F150 SUPRCAB XLT- UNASSIGNED"," ",1FTFX1EF3DKE40815,4404,"2026-07-16 17:45:52",265,24981,0,45,1,1,1,0,0,0,0,0,0,0,0,NULL,NULL,699,0,256200,NULL,NULL,EDYG81,NULL,NULL,NULL,5204933,0,0,0,0,NULL,28aa7afa-ba57-42cd-8edb-307e90e612a9,NULL
52271,593500,2019,10314,259D,"CAT 259D TRACK SKIDSTEER",FTL21502," ",4422,"2026-07-16 17:45:52",265,25098,0,45,1,1,1,0,0,0,0,0,0,0,0,NULL,NULL,699,0,593500,NULL,NULL,,NULL,NULL,9959960,NULL,0,0,1,1,NULL,bd845adf-857d-4901-b98c-0d66baa4f530,NULL
52272,525600,2020,10314,972M,"CAT 972M LOADER",A7800470," ",4518,"2026-07-16 17:45:52",265,25067,0,45,1,1,1,0,0,0,0,0,0,0,0,NULL,NULL,699,0,525600,NULL,NULL,,NULL,NULL,10022314,NULL,0,0,0,1,NULL,771ff94b-086c-4fba-b8b1-7208e81a5746,NULL
52273,291100,2024,10299,"F150 XL","FORD F150 SUPERCAB XL 4WD - UNASSIGNED"," ",1FTFX1L55RKD91974,4429,"2026-07-16 17:45:53",265,25122,0,45,1,1,1,0,0,0,0,0,0,0,0,NULL,NULL,699,0,291100,NULL,NULL,EDYS09,NULL,NULL,NULL,5219543,0,0,0,0,NULL,2b9b42d1-ac69-4c97-b278-d0c296d80a72,NULL
52274,255200,2013,10299,"F350 FLATBED","F350 FLATBED REG2WD (GAS)-EROSION TRUCK (Shop)"," ",1FDRF3G61DEB31380,4548,"2026-07-16 17:45:53",265,24981,0,45,1,1,1,0,0,0,0,0,0,0,0,NULL,NULL,699,0,255200,NULL,NULL,EDYG80,NULL,NULL,NULL,5204932,0,0,0,0,NULL,2044b892-f55d-4187-9042-946a516c1fe0,NULL
52275,290900,2024,10299,"F150 XL","FORD F150 SUPERCAB XL 4WD - HESS, EION"," ",1FTFX1L55RKD97483,4429,"2026-07-16 17:45:53",265,25067,0,45,1,1,1,0,0,0,0,0,0,0,0,NULL,NULL,699,0,290900,NULL,NULL,VB6821,NULL,NULL,NULL,5219541,0,0,0,0,NULL,e750b764-e7f8-4f0b-bf9d-82170cb0a25e,NULL
52276,256500,2015,10299,F150,"FORD F150 SUPER- BEAR, DONNA"," ",1FTFX1EF5FKD17844,4404,"2026-07-16 17:45:53",265,25019,0,45,1,1,1,0,0,0,0,0,0,0,0,NULL,NULL,699,0,256500,NULL,NULL,EDYS81,NULL,NULL,NULL,5204934,0,0,0,0,NULL,caaf0d5b-2233-4bab-b221-2781bc491537,NULL
52277,525500,2023,10314,950,"CAT 950GC LOADER"," ",CAT00950EM5T05479,4480,"2026-07-16 17:45:53",265,25025,0,45,1,1,1,0,0,0,0,0,0,0,0,NULL,NULL,699,0,525500,NULL,NULL,,NULL,NULL,10023168,NULL,0,0,0,1,NULL,94b46350-d177-44b2-88d3-217c4c956b15,NULL
52278,256100,2012,10299,"F750 MECH","FORD F750 MECHANIC- ZIMMER, WILLIAM"," ",3FRWF7FC1CV271022,4418,"2026-07-16 17:45:53",265,24981,0,45,1,1,1,0,0,0,0,0,0,0,0,NULL,NULL,699,0,256100,NULL,NULL,EDYS80,NULL,NULL,NULL,5284920,0,0,0,0,NULL,ad821f64-a1b4-4d38-88e3-476e81bcadde,NULL
52279,258200,2015,10299,F150,"FORD F150 SUPER- UNASSIGNED"," ",1FTFX1EF7FKD84087,4404,"2026-07-16 17:45:53",265,25122,0,45,1,1,1,0,0,0,0,0,0,0,0,NULL,NULL,699,0,258200,NULL,NULL,NJS448,NULL,NULL,NULL,5204935,0,0,0,0,NULL,a5f4a366-57b2-4365-8876-d718b85030ea,NULL
52280,292000,2023,10299,F150,"FORD F150 SUPERCREW XLT 4WD- NOELCK, JASON"," ",1FTFW1E50PFC78181,4404,"2026-07-16 17:45:53",265,25119,0,45,1,1,1,0,0,0,0,0,0,0,0,NULL,NULL,699,0,292000,NULL,NULL,D68907H,NULL,NULL,NULL,5219548,0,0,0,0,NULL,b09ca090-792f-4e74-9550-f06d74872610,NULL
52281,523400,2018,10314,950M,"CAT 950M WHEEL LOADER",EMB04001," ",4480,"2026-07-16 17:45:53",265,25042,0,45,1,1,1,0,0,0,0,0,0,0,0,NULL,NULL,699,0,523400,NULL,NULL,,NULL,NULL,10022292,NULL,0,0,4,1,NULL,e4c97c70-2547-4ea4-91ac-5474b56ee989,NULL
52282,594000,2019,10314,259D3,"CAT 259D3 TRACK SKIDSTEER W/ FORKS AND BUCKET",CW903618," ",4422,"2026-07-16 17:45:54",265,25098,0,45,1,1,1,0,0,0,0,0,0,0,0,NULL,NULL,699,0,594000,NULL,NULL,,NULL,NULL,9959962,NULL,0,0,1,1,NULL,b1266a75-465b-43f7-9362-b0c6dd118783,NULL
52283,292300,2024,10299,"F250 XLT","FORD F250 SUPER XLT 4WD - BREMER, RON"," ",1FT7W2BN4RED50264,4301,"2026-07-16 17:45:54",265,24982,0,45,1,1,1,0,0,0,0,0,0,0,0,NULL,NULL,699,0,292300,NULL,NULL,EDYS18,NULL,NULL,NULL,5219549,0,0,0,0,NULL,7eba1881-1665-45bf-a250-07bdea12c49e,NULL
52284,292700,2024,10299,"F250 XL","FORD F250 SUPERCAB XL 4WD - CARLSON, TOM"," ",1FT7X2BA0RED31463,4301,"2026-07-16 17:45:54",265,25011,0,45,1,1,1,0,0,0,0,0,0,0,0,NULL,NULL,699,0,292700,NULL,NULL,D78052D,NULL,NULL,NULL,5284418,0,0,0,0,NULL,d625a17d-a0b4-4e39-9d94-7ec20bf3ef2e,NULL
52285,593400,2019,10314,259D,"CAT 259D TRACK SKIDSTEER",FTL21420," ",4422,"2026-07-16 17:45:54",265,25012,0,45,1,1,1,0,0,0,0,0,0,0,0,NULL,NULL,699,0,593400,NULL,NULL,,NULL,NULL,10022436,NULL,0,0,1,1,NULL,5202781d-27d8-409d-b022-2a3b5021eb49,NULL
52286,523800,2020,10314,950M,"CAT 950M LOADER",0J1S03146," ",4480,"2026-07-16 17:45:54",265,25089,0,45,1,1,1,0,0,0,0,0,0,0,0,NULL,NULL,699,0,523800,NULL,NULL,DXGC93,NULL,NULL,10028002,NULL,0,0,2,1,NULL,4579d4a2-359b-4389-84f7-d261c714c6cb,NULL
52287,593700,2019,10314,349F,"CAT 349F EXCAVATOR",BZ220412," ",4370,"2026-07-16 17:45:54",265,24982,0,45,1,1,1,0,0,0,0,0,0,0,0,NULL,NULL,699,0,593700,NULL,NULL,0040356346,NULL,NULL,10022054,NULL,0,0,0,1,NULL,43d86ff8-8f2d-4377-8383-330a2787c77c,NULL
52288,523100,2018,10314,938M,"CAT 938M WHEEL LOADER",J3R04553," ",4481,"2026-07-16 17:45:54",265,25018,0,45,1,1,1,0,0,0,0,0,0,0,0,NULL,NULL,699,0,523100,NULL,NULL,,NULL,NULL,10030036,NULL,0,0,0,1,NULL,d8ff916e-6ccc-40d8-b2e2-5a35065c5f1b,NULL
52289,594100,2019,10314,259D3,"CAT 259D3 TRACK SKIDSTEER W/ FORKS AND BUCKET",CW903621," ",4422,"2026-07-16 17:45:54",265,25045,0,45,1,1,1,0,0,0,0,0,0,0,0,NULL,NULL,699,0,594100,NULL,NULL,,NULL,NULL,9878859,NULL,0,0,0,1,NULL,cb7fc755-cfa7-4b39-a157-bfd02a7a60d3,NULL
52290,259200,2016,10411,"SILVERADO 2500 HD LT","CHEV 3/4T SILVERADO- JOB TRUCK"," ",1GC0KVEGXGZ214951,4401,"2026-07-16 17:45:54",265,25129,0,45,1,1,1,0,0,0,0,0,0,0,0,NULL,NULL,699,0,259200,NULL,NULL,EDYG85,NULL,NULL,NULL,5204938,0,0,0,0,NULL,29349205-6668-4e75-87f4-44ed8c5ab7f9,NULL
52291,292600,2024,10299,"F250 XL","FORD F250 SUPERCAB XL 4WD - PHILLIPS, KRIS"," ",1FT7X2BAXRED33298,4301,"2026-07-16 17:45:54",265,25094,0,45,1,1,1,0,0,0,0,0,0,0,0,NULL,NULL,699,0,292600,NULL,NULL,D84619F,NULL,NULL,NULL,5219550,0,0,0,0,NULL,981dbb7c-dfe5-45cc-8490-63f3a2a7fd41,NULL
52292,260200,2016,10411,"SILVERADO 2500HD LT","CHEV 3/4T SILVERADO 4WD REG CAB- JOB TRUCK"," ",1GC0KVEG5GZ247128,4401,"2026-07-16 17:45:55",265,25045,0,45,1,1,1,0,0,0,0,0,0,0,0,NULL,NULL,699,0,260200,NULL,NULL,D76041D,NULL,NULL,NULL,5204941,0,0,0,0,NULL,41aa9094-bca7-4c52-af1b-03f7c1f716cc,NULL
52293,525400,2023,10314,938M,"CAT 938M LOADER",J3R10237," ",4481,"2026-07-16 17:45:55",265,25064,0,45,1,1,1,0,0,0,0,0,0,0,0,NULL,NULL,699,0,525400,NULL,NULL,0033485844,NULL,NULL,10027120,NULL,0,0,1,1,2761,ace021a9-cd6c-4b12-8acd-88fca18fd02f,NULL
52294,293400,2024,10299,F250,"FORD F250 - BORDIER, FRANCISCO"," ",1FT7X2BA8REC32017,4301,"2026-07-16 17:45:55",265,25080,0,45,1,1,1,0,0,0,0,0,0,0,0,NULL,NULL,699,0,293400,NULL,NULL,EDZC59,NULL,NULL,NULL,5219559,0,0,0,0,NULL,17909903-59f5-4185-992c-0b526f42e9ef,NULL
52295,292400,2024,10299,"F250 XLT","FORD F250 SUPER XLT 4WD - CORDOVA, AARON"," ",1FT7W2BN6RED49228,4301,"2026-07-16 17:45:55",265,25089,0,45,1,1,1,0,0,0,0,0,0,0,0,NULL,NULL,699,0,292400,NULL,NULL,EDYS19,NULL,NULL,NULL,5284417,0,0,0,0,NULL,06ca4104-1501-4993-9bc0-e6434bdcf8bb,NULL
52296,259100,2016,10411,"SILVERADO 2500 HD LT","CHEV 3/4T SILVERADO- SNOW PLOW"," ",1GC0KVEG5GZ210919,4401,"2026-07-16 17:45:55",265,25089,0,45,1,1,1,0,0,0,0,0,0,0,0,NULL,NULL,699,0,259100,NULL,NULL,EEHB11,NULL,NULL,NULL,5204937,0,0,0,0,NULL,d46c0004-2a26-4b64-b60e-239e761dfeac,NULL
52297,594200,2020,10314,336,"CAT 336 EXCAVATOR",0YBN00545," ",4504,"2026-07-16 17:45:55",265,24981,0,45,1,1,1,0,0,0,0,0,0,0,0,NULL,NULL,699,0,594200,NULL,NULL,0040356347,NULL,NULL,10016649,NULL,0,0,0,1,NULL,0bd747e8-e6aa-49b9-b01f-d35b1d31bffe,NULL
52298,258600,2015,10299,F150,"FORD F150 SUPER- (LOANER TRUCK)"," ",1FTEX1E83FKE31242,4404,"2026-07-16 17:45:55",265,24981,0,45,1,1,1,0,0,0,0,0,0,0,0,NULL,NULL,699,0,258600,NULL,NULL,EDYG82,NULL,NULL,NULL,5204936,0,0,0,0,NULL,c66df41c-615b-43ba-b6f1-708d528f2ef9,NULL
52299,292500,2024,10299,"F250 XL","FORD F250 SUPER XL 4WD - ESPARZA PEREZ, JUAN"," ",1FT7W2BA6RED31437,4301,"2026-07-16 17:45:55",265,25019,0,45,1,1,1,0,0,0,0,0,0,0,0,NULL,NULL,699,0,292500,NULL,NULL,EDYS20,NULL,NULL,NULL,5284410,0,0,0,0,NULL,db596f9d-5f70-40fb-9a48-619f0d9eac84,NULL
52300,525100,2021,10314,938M,"CAT 938M LOADER",P5K01836," ",4481,"2026-07-16 17:45:56",265,24980,0,45,1,1,1,0,0,0,0,0,0,0,0,NULL,NULL,699,0,525100,NULL,NULL,0040356293,NULL,NULL,10030999,NULL,0,0,0,1,NULL,2dfabd2f-9fb3-4a48-95dc-9d0c43e21b8c,NULL
52301,593600,2019,10314,349F,"CAT 349F EXCAVATOR",BZ220411," ",4370,"2026-07-16 17:45:56",265,24980,0,45,1,1,1,0,0,0,0,0,0,0,0,NULL,NULL,699,0,593600,NULL,NULL,0033485846,NULL,NULL,10016581,NULL,0,0,0,1,NULL,b4ab10a2-b73f-4378-a692-e1599fd0eb79,NULL
52302,292800,2024,10299,"F150 XL","FORD F150 SUPERCAB XL 4WD - BRUBAKER, BRENT"," ",1FTFX1L56RKD70194,4429,"2026-07-16 17:45:56",265,25122,0,45,1,1,1,0,0,0,0,0,0,0,0,NULL,NULL,699,0,292800,NULL,NULL,VB6818,NULL,NULL,NULL,5219551,0,0,0,0,NULL,fea7479f-b526-42aa-9c20-928e59f431f3,NULL
52303,293100,2023,10305,"RAM 5500","DODGE RAM 5500 MECHANIC- EDDY, HAYDEN"," ",3C7WRNBL8PG625923,4418,"2026-07-16 17:45:56",265,24981,0,45,1,1,1,0,0,0,0,0,0,0,0,NULL,NULL,699,0,293100,NULL,NULL,EDYS21,NULL,NULL,NULL,5284341,0,0,0,0,NULL,59b32bb6-f097-40ee-888f-e29e38191c34,NULL
52304,523900,2018,10314,"950GC FC","CAT 950GC FC LOADER",M5T01433," ",4480,"2026-07-16 17:45:56",265,25105,0,45,1,1,1,0,0,0,0,0,0,0,0,NULL,NULL,699,0,523900,NULL,NULL,DXGC94,NULL,NULL,10016623,NULL,0,0,1,1,NULL,7033cab1-2c9b-42ec-91d4-b48a4ae7615a,NULL
52305,259600,2016,10411,"SILVERADO 1500 LT","CHEV 1/2T SILVERADO- STEVENSON, JEFF"," ",1GCVKREH7GZ231499,4404,"2026-07-16 17:45:56",265,25129,0,45,1,1,1,0,0,0,0,0,0,0,0,NULL,NULL,699,0,259600,NULL,NULL,EDYS83,NULL,NULL,NULL,5204939,0,0,0,0,NULL,e494788d-6012-49df-954d-8984317dcdd6,NULL
52306,594800,2020,10314,C56B,"CAT CS56B SMOOTH DRUM 84 inch ROLLER",0S5601311," ",4285,"2026-07-16 17:45:56",265,25129,0,45,1,1,1,0,0,0,0,0,0,0,0,NULL,NULL,699,0,594800,NULL,NULL,0040356345,NULL,NULL,10017337,NULL,0,0,0,1,NULL,df9e616f-830c-4e0e-986d-546a3f061f4f,NULL
52307,260800,2015,10299,"F250 SUPERCAB XL 4WD","FORD F250 SUPERCAB XL- ACOSTA, DANIEL"," ",1FT7X2B6XFEC98625,4401,"2026-07-16 17:45:56",265,25019,0,45,1,1,1,0,0,0,0,0,0,0,0,NULL,NULL,699,0,260800,NULL,NULL,EDYG87,NULL,NULL,NULL,5204942,0,0,0,0,NULL,4f5233ed-801f-44cd-8476-f980039fc0cc,NULL
52308,541100,2019,10323,GH18,"HAMMER-NPK GH18 (Use w/CAT349FL)",128615," ",4288,"2026-07-16 17:45:56",265,24981,0,45,1,1,1,0,0,0,0,0,0,0,0,NULL,NULL,699,0,541100,NULL,NULL,NA,NULL,NULL,NULL,NULL,0,0,0,1,NULL,2eed8e48-4717-4943-a062-cdaeb83fb4ab,NULL
52309,594701,2020,10337," ","TRIMBLE 3D SYSTEM FOR CAT140 M3 S/N N9D00421",477627," ",4441,"2026-07-16 17:45:56",265,24981,0,45,1,0,1,0,0,0,0,0,0,0,0,NULL,NULL,699,0,594701,NULL,NULL,NA,NULL,NULL,NULL,NULL,0,0,0,0,NULL,0b7c2fc6-2818-4513-a6ee-c29bac192c13,NULL
52310,526000,2024,10314,950,"CAT 950 LOADER",M5T06970," ",4480,"2026-07-16 17:45:56",265,25129,0,45,1,1,1,0,0,0,0,0,0,0,0,NULL,NULL,699,0,526000,NULL,NULL,0048326847,NULL,NULL,10009699,NULL,0,0,0,1,2779,b8721ae7-a1d6-4b05-a889-a1ded1f149a1,NULL
52311,594400,2018,10314,335FL,"CAT 335FL EXCAVATOR",SGJ20280," ",4504,"2026-07-16 17:45:57",265,24981,0,45,1,1,1,0,0,0,0,0,0,0,0,NULL,NULL,699,0,594400,NULL,NULL,0040356342,NULL,NULL,10016645,NULL,0,0,0,1,NULL,c0590ffc-16de-4207-99ca-335c6dd3c567,NULL
52312,259700,2016,10411,"SILVERADO 2500 HD LT","CHEV 3/4T SILVERADO DBL CAB- SANDOVAL, BRAULIA"," ",1GC2KVEG8GZ208543,4401,"2026-07-16 17:45:57",265,25089,0,45,1,1,1,0,0,0,0,0,0,0,0,NULL,NULL,699,0,259700,NULL,NULL,EEHB12,NULL,NULL,NULL,5204940,0,0,0,0,NULL,8544a719-b099-4caa-95a5-489fe415a0dd,NULL
52313,293700,2024,10299,RANGER,"FORD RANGER XLT SUPERCREW - HUNTSINGER, ALEXIS"," ",1FTER4HH2RLE05429,4439,"2026-07-16 17:45:57",265,25105,0,45,1,1,1,0,0,0,0,0,0,0,0,NULL,NULL,699,0,293700,NULL,NULL,EDYS24,NULL,NULL,NULL,5282832,0,0,0,0,NULL,24f68e73-21a4-488c-b325-95da7bcc02b8,NULL
52314,294200,2022,10299,"T-350 TRANSIT","FORD T-350 TRANSIT PASSENGER VAN XLT (COLOR WHITE)"," ",1FBAX9CGXNKA33097,4375,"2026-07-16 17:45:57",265,25089,0,45,1,1,1,0,0,0,0,0,0,0,0,NULL,NULL,699,0,294200,NULL,NULL,EDYS28,NULL,NULL,NULL,5219564,0,0,0,0,NULL,944f7ad6-f98c-4647-95ed-0d098fe58381,NULL
52315,293000,2024,10411,"SILVERADO 2500HD LT","CHEVY SILVERADO 2500HD LT CREW CAB - OTT, JEFF"," ",2GC4YNE71R1236221,4301,"2026-07-16 17:45:57",265,25122,0,45,1,1,1,0,0,0,0,0,0,0,0,NULL,NULL,699,0,293000,NULL,NULL,XE65976,NULL,NULL,NULL,5219552,0,0,0,0,NULL,773e6f67-bf05-4008-ae4e-a5f542c421d0,NULL
52316,526300,2025,10314,950GC,"CAT 950GC LOADER (On RPO) Fabick",M5T07637," ",4480,"2026-07-16 17:45:57",265,25062,0,45,1,1,1,0,0,1,0,0,0,0,0,NULL,NULL,699,0,526300,NULL,NULL,RENTAL,NULL,NULL,10027125,NULL,0,0,0,1,4570,daf5ee50-98af-4011-aeb2-3daabc297533,NULL
52317,594300,2020,10314,336,"CAT 336 EXCAVATOR",0YBN10128," ",4504,"2026-07-16 17:45:57",265,24981,0,45,1,1,1,0,0,0,0,0,0,0,0,NULL,NULL,699,0,594300,NULL,NULL,0040356352,NULL,NULL,10017338,NULL,0,0,1,1,NULL,7b2dbc0c-8f3c-4bd0-96fc-0920d244dd58,NULL
52318,261600,2016,10411,"SILVERADO 2500 HD LT","CHEV 3/4T SILVERADO DBL CAB 4WD- ENVIRONMENTAL TRUCK"," ",1GC2KVEG5GZ289890,4401,"2026-07-16 17:45:57",265,25089,0,45,1,1,1,0,0,0,0,0,0,0,0,NULL,NULL,699,0,261600,NULL,NULL,EDYG88,NULL,NULL,NULL,5205160,0,0,0,0,NULL,c970b667-e61f-40d4-9924-d7908f30f63f,NULL
52319,594600,2019,10314,56B,"CAT CP56B SHEEPSFOOT 84 inch ROLLER",0P5600665," ",4520,"2026-07-16 17:45:57",265,24981,0,45,1,1,1,0,0,0,0,0,0,0,0,NULL,NULL,699,0,594600,NULL,NULL,0040356350,NULL,NULL,10016632,NULL,0,0,0,1,NULL,b6699e6c-a3dc-48b3-9a40-4e41fb3b85df,NULL
52320,540900,2018,10314,BP118C,"CAT BP118C BROOM/SWEEPER",FX801122," ",4316,"2026-07-16 17:45:57",265,25019,0,45,1,1,1,0,0,0,0,0,0,0,0,NULL,NULL,699,0,540900,NULL,NULL,NA,NULL,NULL,NULL,NULL,0,0,0,0,NULL,f6d838f3-ea5d-4708-ab18-fd8fc5a0786a,NULL
52321,262200,2016,10411,"SILVERADO 1500 LT","CHEV 1/2T SILVERADO DBL CAB 4WD- (LOANER TRUCK FOR FH)"," ",1GCVKREH3GZ327713,4404,"2026-07-16 17:45:57",265,24981,0,45,1,1,1,0,0,0,0,0,0,0,0,NULL,NULL,699,0,262200,NULL,NULL,EDYG92,NULL,NULL,NULL,5205203,0,0,0,0,NULL,463eb52f-b7e0-4504-acdb-3828af6cfcc9,NULL
52322,262500,2016,10411,"SILVERADO 2500HD LT","CHEV 3/4T SILVERADO DBL CAB 4WD- JOB TRUCK"," ",1GC2KVEG8GZ258858,4401,"2026-07-16 17:45:58",265,25129,0,45,1,1,1,0,0,0,0,0,0,0,0,NULL,NULL,699,0,262500,NULL,NULL,EDZC89,NULL,NULL,NULL,5205247,0,0,0,0,NULL,73ac04a2-d060-48f2-9b1c-2d964124131e,NULL
52323,294600,2025,10299,F150XL,"FORD F150 SUPER XL 4WD - KALEPP, DOUG"," ",1FTFX1L56SKD50789,4429,"2026-07-16 17:45:58",265,24981,0,45,1,1,1,0,0,0,0,0,0,0,0,NULL,NULL,699,0,294600,NULL,NULL,EDZC45,NULL,NULL,NULL,5284396,0,0,0,0,NULL,5e219e96-213e-4787-8350-4e67ab737332,NULL
52324,262700,2016,10411,"SILVERADO 3500 HD","CHEV 1T SILVERADO CHASSIS CAB 2WD- Unassigned"," ",1GB3CYCG1GF250466,4548,"2026-07-16 17:45:58",265,24981,0,45,1,1,1,0,0,0,0,0,0,0,0,NULL,NULL,699,0,262700,NULL,NULL,EDYG94,NULL,NULL,NULL,5205412,0,0,0,0,NULL,7921b530-e4cb-4632-8246-b5e05cf59c14,NULL
52325,293500,2024,10299,F150,"FORD F150 XL SUPERCAB - HAYWOOD, WILLIAM"," ",1FTFX1L53RKD62330,4429,"2026-07-16 17:45:58",265,24981,0,45,1,1,1,0,0,0,0,0,0,0,0,NULL,NULL,699,0,293500,NULL,NULL,EDYS22,NULL,NULL,NULL,5219561,0,0,0,0,NULL,8d1bb2a7-4880-43db-94e8-a33a9da386d3,NULL
52326,525900,2024,10314,938M,"CAT 938M LOADER",P5K04879," ",4481,"2026-07-16 17:45:58",265,24982,0,45,1,1,1,0,0,0,0,0,0,0,0,NULL,NULL,699,0,525900,NULL,NULL,0048326843,NULL,NULL,10009850,NULL,0,0,1,1,2767,c6841cc4-cdca-4759-817a-5c245c03e4f6,NULL
52327,594700,2015,10314,140M3,"CAT 140M3 GRADER",0N9D00421," ",4493,"2026-07-16 17:45:58",265,25033,0,45,1,1,1,0,0,0,0,0,0,0,0,NULL,NULL,699,0,594700,NULL,NULL,DXGK00,NULL,NULL,10022015,NULL,0,0,1,1,NULL,de45b484-d089-46ea-bbc7-d6fabeceb4b8,NULL
52328,293600,2024,10299,RANGER,"FORD RANGER XLT SUPERCREW - WAKITA, TAKU"," ",1FTER4HH9RLE13706,4439,"2026-07-16 17:45:58",265,25089,0,45,1,1,1,0,0,0,0,0,0,0,0,NULL,NULL,699,0,293600,NULL,NULL,EDYS23,NULL,NULL,NULL,5284416,0,0,0,0,NULL,be711088-4c36-49ff-8b6c-3755a3b41497,NULL
52329,526400,2023,10314,950GC,"CAT 950GC LOADER (On RPO) Fabick",M5T05483," ",4480,"2026-07-16 17:45:58",265,25080,0,45,1,1,1,0,0,1,0,0,0,0,0,NULL,NULL,699,0,526400,NULL,NULL,RENTAL,NULL,NULL,10022728,NULL,0,0,0,1,4585,353d85a4-3f2b-4452-aed8-5d5becaaff4e,NULL
52330,541600,2019,10322,72SB,"BOBCAT 72SB BC 72" SWEEPER",783748433," ",4316,"2026-07-16 17:45:58",265,25018,0,45,1,1,1,0,0,0,0,0,0,0,0,NULL,NULL,699,0,541600,NULL,NULL,,NULL,NULL,NULL,NULL,0,0,0,0,NULL,ae29a24d-b897-4c74-969c-73deea08262e,NULL
52331,594500,2018,10314,56B,"CAT CP56B SHEEPSFOOT 84 inch ROLLER",0P5600501," ",4520,"2026-07-16 17:45:58",265,24982,0,45,1,1,1,0,0,0,0,0,0,0,0,NULL,NULL,699,0,594500,NULL,NULL,0040356344,NULL,NULL,10016631,NULL,0,0,0,1,NULL,6fa7a348-551f-4404-953f-1aba9289aae3,NULL
52332,294100,2022,10299,"T-350 TRANSIT","FORD T-350 TRANSIT PASSENGER VAN XLT (COLOR BLACK)"," ",1FBAX9XGXNKA32512,4375,"2026-07-16 17:45:58",265,25089,0,45,1,1,1,0,0,0,0,0,0,0,0,NULL,NULL,699,0,294100,NULL,NULL,EDYS27,NULL,NULL,NULL,5219563,0,0,0,0,NULL,7e11c9b6-f796-4ff7-ba0a-9bb9bf454ebe,NULL
52333,263100,2017,10411,"SILVERADO 1500 LT","CHEV 1/2T SILVERADO DBL CAB 4WD- PADRON, RILEY"," ",1GCVKREH2HZ261303,4404,"2026-07-16 17:45:58",265,25110,0,45,1,1,1,0,0,0,0,0,0,0,0,NULL,NULL,699,0,263100,NULL,NULL,LM9133,NULL,NULL,NULL,5205413,0,0,0,0,NULL,9435226f-cced-45ac-b6c8-616ea2b7fa0d,NULL
52334,541200,2019,10323,GH18,"HAMMER-NPK GH18 (Use w/CAT349FL)",128616," ",4288,"2026-07-16 17:45:59",265,25122,0,45,1,1,1,0,0,0,0,0,0,0,0,NULL,NULL,699,0,541200,NULL,NULL,,NULL,NULL,NULL,NULL,0,0,0,1,NULL,f8257f83-1127-461e-88c2-fe8db77b0dff,NULL
52335,294400,2025,10299,"F150 LARIAT","FORD F150 SUPERCREW LARIAT 4WD-BECKEL, BOB"," ",1FTFW5L86SFA36394,4429,"2026-07-16 17:45:59",265,25122,0,45,1,1,1,0,0,0,0,0,0,0,0,NULL,NULL,699,0,294400,NULL,NULL,RSF855,NULL,NULL,NULL,5219566,0,0,0,0,NULL,3e8490ab-3708-4b59-b7b0-fa14d3a137bd,NULL
52336,263800,2017,10411,"SILVERADO 2500 HD LT","CHEV 3/4T SILVERADO DBL CAB 4WD- UNASSIGNED"," ",1GC2KVEG3HZ255383,4401,"2026-07-16 17:45:59",265,25045,0,45,1,1,1,0,0,0,0,0,0,0,0,NULL,NULL,699,0,263800,NULL,NULL,D41362J,NULL,NULL,NULL,5205416,0,0,0,0,NULL,799f5d35-f17f-4cdc-a0fd-370197c8ee73,NULL
52337,263200,2017,10411,"SILVERADO 1500 LT","CHEV 1/2T SILVERADO DBL CAB 4WD-PHILLIPP, CHUCK"," ",1GCVKREH1HZ256643,4404,"2026-07-16 17:45:59",265,25110,0,45,1,1,1,0,0,0,0,0,0,0,0,NULL,NULL,699,0,263200,NULL,NULL,MU2418,NULL,NULL,NULL,5205414,0,0,0,0,NULL,1fcf451f-fce1-43cf-b369-0998dcd3a8c1,NULL
52338,294000,2024,10299,F250,"FORD F250 SUPER XL CREW- RUHLAND, MAX"," ",1FT7W2BA2REE49064,4301,"2026-07-16 17:45:59",265,25031,0,45,1,1,1,0,0,0,0,0,0,0,0,NULL,NULL,699,0,294000,NULL,NULL,XE70084,NULL,NULL,NULL,5282770,0,0,0,0,NULL,dc089b12-ba69-4897-9066-dac234492394,NULL
52339,526100,2024,10314,980,"CAT 980 LOADER",CF810101," ",4484,"2026-07-16 17:45:59",265,25105,0,45,1,1,1,0,0,0,0,0,0,0,0,NULL,NULL,699,0,526100,NULL,NULL,0048330181,NULL,NULL,10022055,NULL,0,0,2,1,2774,a5fcbb52-ad85-4911-b084-e588b19318ce,NULL
52340,294500,2025,10299,F150XL,"FORD F150 SUPER XL 4WD - MAYNS, TONY"," ",1FTFX1L56SKD51165,4429,"2026-07-16 17:45:59",265,25080,0,45,1,1,1,0,0,0,0,0,0,0,0,NULL,NULL,699,0,294500,NULL,NULL,EDZC46,NULL,NULL,NULL,5284406,0,0,0,0,NULL,ab037557-6433-4e99-a2e3-7467822288bd,NULL
52341,264700,2017,10411,"SILVERADO 1500 LT","CHEV 1/2T SILVERADO DBL CAB 4WD- NUPP, BRAD"," ",1GCVKREHXHZ260674,4404,"2026-07-16 17:45:59",265,25064,0,45,1,1,1,0,0,0,0,0,0,0,0,NULL,NULL,699,0,264700,NULL,NULL,EEFP66,NULL,NULL,NULL,5205418,0,0,0,0,NULL,adb5abe0-be6e-4821-9574-21b45661f8b8,NULL
52342,541900,NULL,10325,"24"","SLAB GRABBER 24" (JD160)"," "," ",4406,"2026-07-16 17:45:59",265,25018,0,45,1,1,1,0,0,0,0,0,0,0,0,NULL,NULL,699,0,541900,NULL,NULL,,NULL,NULL,NULL,NULL,0,0,0,0,NULL,9c92de05-e117-433d-9d52-cb2c01f6bad8,NULL
52343,541700,2020,10324,BB-7.5-L,"MATERIAL HANDLING BEDDING BOX",15-5018," ",4299,"2026-07-16 17:45:59",265,24981,0,45,1,0,1,0,0,0,0,0,0,0,0,NULL,NULL,699,0,541700,NULL,NULL,NA,NULL,NULL,NULL,NULL,0,0,0,0,NULL,b4c3b0f2-20e0-4865-9366-f780b791bfc6,NULL
52344,265900,2018,10411,"SILVERADO 2500LT","CHEV 3/4T SILVERADO DBL CAB 4WD- JOHNSON, JESSE"," ",1GC2KVEG5JZ290626,4401,"2026-07-16 17:46:00",265,25136,0,45,1,1,1,0,0,0,0,0,0,0,0,NULL,NULL,699,0,265900,NULL,NULL,EEGF34,NULL,NULL,NULL,5205422,0,0,0,0,NULL,281ca8ea-71a2-400b-84f2-5a2ad2d8eb49,NULL
52345,266000,2018,10411,"SILVERADO 2500LT","CHEV 3/4T SILVERADO DBL CAB 4WD- JOB TRUCK"," ",1GC2KVEG5JZ288567,4401,"2026-07-16 17:46:00",265,25064,0,45,1,1,1,0,0,0,0,0,0,0,0,NULL,NULL,699,0,266000,NULL,NULL,EDYN03,NULL,NULL,NULL,5205425,0,0,0,0,NULL,520a6fed-c135-47d5-abeb-38382f6b5b94,NULL
52346,295800,2025,10299,F150XL,"FORD F150 SUPER XL 4WD - SCHALLOCK, TAYLOR"," ",1FTFX1L54SKD51293,4429,"2026-07-16 17:46:00",265,25058,0,45,1,1,1,0,0,0,0,0,0,0,0,NULL,NULL,699,0,295800,NULL,NULL,VM2017,NULL,NULL,NULL,5219572,0,0,0,0,NULL,80d0611a-9d92-47d5-8fd3-0de0894d52d3,NULL
52347,526200,2023,10314,950GC,"CAT 950GC LOADER",M5T06879," ",4480,"2026-07-16 17:46:00",265,25033,0,45,1,1,1,0,0,0,0,0,0,0,0,NULL,NULL,699,0,526200,NULL,NULL,0048330190,NULL,NULL,10028921,NULL,0,0,1,1,2773,a93d7bde-f3d8-466f-b1b1-233e72232400,NULL
52348,293800,2024,10299,RANGER,"FORD RANGER XLT 4WD- BURTON, TAYLOR"," ",1FTER4HH8RLE34174,4439,"2026-07-16 17:46:00",265,25019,0,45,1,1,1,0,0,0,0,0,0,0,0,NULL,NULL,699,0,293800,NULL,NULL,EDYS25,NULL,NULL,NULL,5278473,0,0,0,0,NULL,aa0ce432-e67c-4686-8f11-d97430da01be,NULL
52349,266200,2018,10411,"SILVERADO 1500LT","CHEV 1/2T SILVERADO CREW CAB 4WD- HUBER, MATT"," ",3GCUKREH1JG313148,4404,"2026-07-16 17:46:00",265,25074,0,45,1,1,1,0,0,0,0,0,0,0,0,NULL,NULL,699,0,266200,NULL,NULL,PUA426,NULL,NULL,NULL,5205427,0,0,0,0,NULL,c987ce4a-cb48-42a1-9051-2d024af644e4,NULL
52350,294900,2025,10299,F150XL,"FORD F150 SUPER XL 4WD - UNASSIGNED"," ",1FTFX1L57SKD25707,4429,"2026-07-16 17:46:00",265,24981,0,45,1,1,1,0,0,0,0,0,0,0,0,NULL,NULL,699,0,294900,NULL,NULL,EDZC22,NULL,NULL,NULL,5190240,0,0,0,0,NULL,3e9896c2-c1ef-45b0-a959-82800856ba37,NULL
52351,292900,2024,10299,"F150 XL","FORD F150 SUPERCAB XL 4WD - GILSDORF, CHRIS"," ",1FTFX1L57RKD69684,4429,"2026-07-16 17:46:00",265,25110,0,45,1,1,1,0,0,0,0,0,0,0,0,NULL,NULL,699,0,292900,NULL,NULL,VB6817,NULL,NULL,NULL,5275341,0,0,0,0,NULL,70e349ae-ec29-4667-88f1-4e244d46cdf6,NULL
52352,541300,2019,10323,GH7,"HAMMER-NPK GH7  (Use w/CAT 352LR)",128117," ",4364,"2026-07-16 17:46:00",265,25042,0,45,1,1,1,0,0,0,0,0,0,0,0,NULL,NULL,699,0,541300,NULL,NULL,,NULL,NULL,NULL,NULL,0,0,0,1,NULL,9eabc0c2-ece4-4c91-80bf-f7fdd10b7c56,NULL
52353,264900,2017,10411,"SILVERADO 1500 LT","CHEV 1/2T SILVERADO DBL CAB 4WD- RAMSEY, JOHN"," ",1GCVKREH9HZ261704,4404,"2026-07-16 17:46:01",265,25318,0,45,1,1,1,0,0,0,0,0,0,0,0,NULL,NULL,699,0,264900,NULL,NULL,EDYG99,NULL,NULL,NULL,5205419,0,0,0,0,NULL,0d5db337-b858-4b97-a935-67d42ad931ac,NULL
52354,264800,2017,10411,"SILVERADO 1500 LT","CHEV 1/2T SILVERADO DBL CAB 4WD- TOTALLED"," ",1GCVKREH0HZ256620,4404,"2026-07-16 17:46:01",265,24981,0,45,1,1,1,0,0,0,0,0,0,0,0,NULL,NULL,699,0,264800,NULL,NULL,EDYG98,NULL,NULL,NULL,NULL,0,0,0,0,NULL,178c4921-6236-454b-8b5b-ba054a777a76,NULL
52355,542000,NULL,10325,"24"","SLAB GRABBER 24" (CAT330 / CAT336)",," ",4406,"2026-07-16 17:46:01",265,25042,0,45,1,1,1,0,0,0,0,0,0,0,0,NULL,NULL,699,0,542000,NULL,NULL,,NULL,NULL,NULL,NULL,0,0,0,0,NULL,5f3646d8-a6bc-4353-9ee8-578d82c2f44f,NULL
52356,598600,2014,10351,XAS185JD7,"ATLAS COPCO 185 AIR COMPRESSOR","HOP045206 // TRLR4500A1018DR045206"," ",4349,"2026-07-16 17:46:01",265,25098,0,45,1,1,1,0,0,0,0,0,0,0,0,NULL,NULL,699,0,598600,NULL,NULL,,NULL,NULL,10023900,NULL,0,0,0,0,NULL,8296cab8-00dc-4ca1-ac8b-0dd9b757f84f,NULL
52357,296400,2025,10299,F250XL,"FORD F250 CREW CAB XL 4WD - GUERRERO, JORGE"," ",1FT7W2BA4SEC19547,4301,"2026-07-16 17:46:01",265,25089,0,45,1,1,1,0,0,0,0,0,0,0,0,NULL,NULL,699,0,296400,NULL,NULL,EDYS96,NULL,NULL,NULL,5278485,0,0,0,0,NULL,c3ebf691-d4a2-4dc3-a346-f2efd81d06ba,NULL
52358,263500,2017,10411,"SILVERADO 1500 LT","CHEV 1/2T SILVERADO DBL CAB 4WD- (REPAIRS NEEDED)"," ",1GCVKREHXHZ261873,4404,"2026-07-16 17:46:01",265,24981,0,45,1,1,1,0,0,0,0,0,0,0,0,NULL,NULL,699,0,263500,NULL,NULL,EKMT43,NULL,NULL,NULL,5205415,0,0,0,0,NULL,29b7a1aa-6880-4910-b70f-5b2d1666c2f5,NULL
52359,264400,2017,10411,"SILVERADO 2500 HD LT","CHEV 3/4T SILVERADO REG CAB 4WD- JOB TRUCK"," ",1GC0KVEG1HZ254191,4401,"2026-07-16 17:46:01",265,25025,0,45,1,1,1,0,0,0,0,0,0,0,0,NULL,NULL,699,0,264400,NULL,NULL,XE78167,NULL,NULL,NULL,5205417,0,0,0,0,NULL,4c03ee87-95fb-474c-9665-d25d9c94bac0,NULL
52360,600000,2024,10352,XAS188,"ATLAS COPCO 185 AIR COMPRESSOR","4500A1013RR205421 / 24-5529"," ",4349,"2026-07-16 17:46:01",265,24981,0,45,1,1,1,0,0,0,0,0,0,0,0,NULL,NULL,699,0,600000,NULL,NULL,DTPK23,NULL,NULL,9890559,NULL,0,0,0,0,NULL,1b7ff3bf-047b-4203-89d7-1ac0d1cb2845,NULL
52361,297100,2025,10299,F250XL,"FORD F250 CREW CAB XL 4WD-MCCLUNG, JAMES"," ",1FT7W2BA4SEC18768,4301,"2026-07-16 17:46:01",265,25044,0,45,1,1,1,0,0,0,0,0,0,0,0,NULL,NULL,699,0,297100,NULL,NULL,XE75555,NULL,NULL,NULL,5282776,0,0,0,0,NULL,2a9ce2bf-2b47-4e86-ad3b-09758f669107,NULL
52362,293900,2024,10299,F150,"FORD F150 SUPERCREW LARIAT 4WD- BOROUGHF, BOBBY"," ",1FTFW5L86RKE71062,4429,"2026-07-16 17:46:01",265,24981,0,45,1,1,1,0,0,0,0,0,0,0,0,NULL,NULL,699,0,293900,NULL,NULL,EDYS26,NULL,NULL,NULL,5219562,0,0,0,0,NULL,0b7beaaf-b500-4103-bdf4-bb928ac89ab5,NULL
52363,542900,2015,10314,BU115,"CAT BU115 BROOM/SWEEPER",JXS02141," ",4316,"2026-07-16 17:46:03",265,25025,0,45,1,1,1,0,0,0,0,0,0,0,0,NULL,NULL,699,0,542900,NULL,NULL,,NULL,NULL,NULL,NULL,0,0,0,0,NULL,ee85bbd5-b846-4a3e-b3aa-c61e479cf269,NULL
52364,266300,2018,10411,"SILVERADO 1500LT","CHEV 1/2T SILVERADO DBL CAB 4WD-RING, BEN"," ",1GCVKREH2JZ285591,4404,"2026-07-16 17:46:03",265,25018,0,45,1,1,1,0,0,0,0,0,0,0,0,NULL,NULL,699,0,266300,NULL,NULL,RP8433,NULL,NULL,NULL,5205428,0,0,0,0,NULL,03c80653-17fd-45b2-9a29-6545a80d53ad,NULL
52365,267100,2018,10411,"SILVERADO 2500LT","CHEV 3/4T SILVERADO REG CAB 4WD- KEHOE, DALTON"," ",1GC0KVEG6JZ299617,4401,"2026-07-16 17:46:04",265,25025,0,45,1,1,1,0,0,0,0,0,0,0,0,NULL,NULL,699,0,267100,NULL,NULL,XD86001,NULL,NULL,NULL,5205430,0,0,0,0,NULL,18617f22-3c28-4a10-9afe-58983d5afd31,NULL
52366,295300,2025,10299,F150XL,"FORD F150 SUPER XL 4WD - BAUMGARDT, ERIC"," ",1FTFX1L54SKD25647,4429,"2026-07-16 17:46:05",265,24981,0,45,1,1,1,0,0,0,0,0,0,0,0,NULL,NULL,699,0,295300,NULL,NULL,EDZC18,NULL,NULL,NULL,5219567,0,0,0,0,NULL,eb8724b3-955e-4bf8-ae20-a839b1d180e7,NULL
52367,542700,2021,10323,GH12,"HAMMER-NPK GH12 (CAT336 QC)","131786 / MRN61126"," ",4286,"2026-07-16 17:46:06",265,25018,0,45,1,1,1,0,0,0,0,0,0,0,0,NULL,NULL,699,0,542700,NULL,NULL,,NULL,NULL,NULL,NULL,0,0,0,1,NULL,e499265e-b69a-462f-ba58-5d8c832e4466,NULL
52368,295400,2025,10299,F150XL,"FORD F150 SUPER XL 4WD - JOHNSON, ADAM"," ",1FTFX1L56SKD25729,4429,"2026-07-16 17:46:06",265,25110,0,45,1,1,1,0,0,0,0,0,0,0,0,NULL,NULL,699,0,295400,NULL,NULL,RSF587,NULL,NULL,NULL,5219568,0,0,0,0,NULL,f070de9d-555f-44bd-8bf3-f1314563140c,NULL
52369,265100,2017,10411,"SILVERADO 2500 HD LT","CHEV 3/4T SILVERADO DBL CAB 4WD- REYES, MAURO"," ",1GC2KVEGXHZ252366,4401,"2026-07-16 17:46:06",265,25089,0,45,1,1,1,0,0,0,0,0,0,0,0,NULL,NULL,699,0,265100,NULL,NULL,EDYS85,NULL,NULL,NULL,5205420,0,0,0,0,NULL,d36a02ef-88d0-4446-b5ab-c6a13f45680a,NULL
52370,265300,2017,10411,"SILVERADO 2500 HD LT","CHEV 3/4T SILVERADO DBL CAB 4WD- JOB TRUCK"," ",1GC2KVEG4HZ253089,4401,"2026-07-16 17:46:07",265,25019,0,45,1,1,1,0,0,0,0,0,0,0,0,NULL,NULL,699,0,265300,NULL,NULL,EDYS49,NULL,NULL,NULL,5205421,0,0,0,0,NULL,97b33166-84c6-47c5-afd8-50c537c6fec3,NULL
52371,630300,2024,10354," ","BARGE-SHUGART 40' x 10' x 5'",3738," ",4292,"2026-07-16 17:46:07",265,25042,0,45,1,1,1,0,0,0,0,0,0,0,0,NULL,NULL,699,0,630300,NULL,NULL,,NULL,NULL,NULL,NULL,0,0,0,1,NULL,e3bcdd19-821a-4ff2-8719-2aedf6a2c029,NULL
52372,296600,2025,10299,F250XL,"FORD F250 CREW CAB XL 4WD - ADKINS, CODY"," ",1FT7W2BA5SEC19685,4301,"2026-07-16 17:46:08",265,25062,0,45,1,1,1,0,0,0,0,0,0,0,0,NULL,NULL,699,0,296600,NULL,NULL,EDYS90,NULL,NULL,NULL,5284407,0,0,0,0,NULL,ecbf6c59-3be9-4772-aefd-991219a67539,NULL
52373,266400,2018,10411,"SILVERADO 2500LT","CHEV 3/4T SILVERADO REG CAB 4WD- POWERS, TIM"," ",1GC0KVEG8JZ304056,4401,"2026-07-16 17:46:20",265,25106,0,45,1,1,1,0,0,0,0,0,0,0,0,NULL,NULL,699,0,266400,NULL,NULL,XE78172,NULL,NULL,NULL,5205429,0,0,0,0,NULL,977ef312-f7a9-459c-9f9e-db3728a9639a,NULL
52374,265600,2018,10411,"SILVERADO 1500LT","CHEV 1/2T SILVERADO DBL CAB 4WD- UNASSIGNED"," ",1GCVKREH0JZ281393,4404,"2026-07-16 17:46:20",265,24981,0,45,1,1,1,0,0,0,0,0,0,0,0,NULL,NULL,699,0,265600,NULL,NULL,EDYN01,NULL,NULL,NULL,5282749,0,0,0,0,NULL,84abf94e-532b-41e3-af8a-40dd10806ebd,NULL
52375,542600,2021,10323,GH7,"HAMMER-NPK GH7 ( Use w/ CAT316F)","135175 / MRN61125"," ",4364,"2026-07-16 17:46:20",265,24978,0,45,1,1,1,0,0,0,0,0,0,0,0,NULL,NULL,699,0,542600,NULL,NULL,,NULL,NULL,NULL,NULL,0,0,0,0,NULL,6e99c68b-b52a-49e7-9c11-ba8f25bee3cd,NULL
52376,295700,2025,10299,F150XL,"FORD F150 SUPER XL 4WD - TAMSETT, BRANDON"," ",1FTFX1L55SKD51237,4429,"2026-07-16 17:46:21",265,25067,0,45,1,1,1,0,0,0,0,0,0,0,0,NULL,NULL,699,0,295700,NULL,NULL,VM2016,NULL,NULL,NULL,5284370,0,0,0,0,NULL,a23cd0d7-33b5-4c57-837f-1832784d28f5,NULL
52377,630400,2024,10354," ","BARGE-SHUGART 40' x 10' x 5'",3739," ",4292,"2026-07-16 17:46:21",265,25042,0,45,1,1,1,0,0,0,0,0,0,0,0,NULL,NULL,699,0,630400,NULL,NULL,,NULL,NULL,NULL,NULL,0,0,0,1,NULL,13c164df-6442-41d0-9913-e2097d4d29fe,NULL
52378,295600,2025,10299,F150XL,"FORD F150 SUPER XL 4WD - TREDINNICK, CHRIS"," ",1FTFX1L53SKD51480,4429,"2026-07-16 17:46:22",265,25122,0,45,1,1,1,0,0,0,0,0,0,0,0,NULL,NULL,699,0,295600,NULL,NULL,RSF739,NULL,NULL,NULL,5219571,0,0,0,0,NULL,ba88fbcb-11ac-4f0e-9a7f-eb1490525822,NULL
52379,294300,2024,10299,RANGER,"FORD RANGER XLT 4WD- RAMIREZ, ROBERTO"," ",1FTER4HP2RLE49910,4439,"2026-07-16 17:46:22",265,25031,0,45,1,1,1,0,0,0,0,0,0,0,0,NULL,NULL,699,0,294300,NULL,NULL,VK6849,NULL,NULL,NULL,5219565,0,0,0,0,NULL,f697bc09-b07c-4534-8a63-5b4c28f30bd2,NULL
52380,543700,2020,10314,BU118,"CAT BU118 SWEEPER",0LXB05937," ",4316,"2026-07-16 17:46:22",265,25001,0,45,1,1,1,0,0,0,0,0,0,0,0,NULL,NULL,699,0,543700,NULL,NULL,,NULL,NULL,NULL,NULL,0,0,0,0,NULL,eb18f0a9-f888-49b3-a7af-2d7c08a9a812,NULL
52381,543500,2021,10314,BU118,"CAT BU118 SWEEPER",P6600742," ",4316,"2026-07-16 17:46:23",265,24982,0,45,1,1,1,0,0,0,0,0,0,0,0,NULL,NULL,699,0,543500,NULL,NULL,NA,NULL,NULL,NULL,NULL,0,0,0,0,NULL,7f7dec54-660f-4f01-ac23-17f0873e7669,NULL
52382,266100,2018,10299,F150,"FORD F150 1/2T CREW CAB 4WD-SMITH, WILL"," ",1FTEW1EP6JKE18147,4404,"2026-07-16 17:46:23",265,25122,0,45,1,1,1,0,0,0,0,0,0,0,0,NULL,NULL,699,0,266100,NULL,NULL,PUZ366,NULL,NULL,NULL,5205426,0,0,0,0,NULL,29c6f49a-d4cb-45c3-a579-bc1ebe628e07,NULL
52383,267500,2019,10411,"SILVERADO 2500LT","CHEV 3/4T SILVERADO DBL CAB 4WD- REIMANN, DAMON"," ",2GC2KSEG1K1117212,4401,"2026-07-16 17:46:23",265,25132,0,45,1,1,1,0,0,0,0,0,0,0,0,NULL,NULL,699,0,267500,NULL,NULL,C66559R,NULL,NULL,NULL,5268659,0,0,0,0,NULL,4ab7911c-66bb-4d4f-ad8f-de97da6536c2,NULL
52384,599900,2024,10352,XAS188,"ATLAS COPCO 185 AIR COMPRESSOR","4500A1014RR205413 / 24-5471"," ",4349,"2026-07-16 17:46:24",265,25064,0,45,1,1,1,0,0,0,0,0,0,0,0,NULL,NULL,699,0,599900,NULL,NULL,DTPK22,NULL,NULL,9890558,NULL,0,0,0,0,NULL,b5b00180-59ad-4bd1-bb97-8d7cb7385c89,NULL
52385,295000,2025,10299,F150XL,"FORD F150 SUPER XL 4WD - UNASSIGNED"," ",1FTFX1L54SKD25843,4429,"2026-07-16 17:46:24",265,24981,0,45,1,1,1,0,0,0,0,0,0,0,0,NULL,NULL,699,0,295000,NULL,NULL,EDZC39,NULL,NULL,NULL,5276824,0,0,0,0,NULL,20691fd1-a6b3-404e-ab05-054c50500a96,NULL
52386,543300,2008,10322,HB980,"HAMMER-BOBCAT HB980 HYDRAULIC",A00Y04036," ",4550,"2026-07-16 17:46:25",265,25018,0,45,1,1,1,0,0,0,0,0,0,0,0,NULL,NULL,699,0,543300,NULL,NULL,,NULL,NULL,NULL,NULL,0,0,0,0,NULL,f70ffd2a-a155-486a-b5a3-e73da9b71067,NULL
52387,268300,2019,10411,"SILVERADO 1500LT","CHEV 1/2T SILVERADO DBL CAB 4WD-ROSENBERRY, AARON"," ",2GCVKPEC4K1153760,4404,"2026-07-16 17:46:25",265,25122,0,45,1,1,1,0,0,0,0,0,0,0,0,NULL,NULL,699,0,268300,NULL,NULL,YAG694,NULL,NULL,NULL,5205436,0,0,0,0,NULL,aacc45a6-ef2c-4b60-955e-f54d434c8c99,NULL
52388,267600,2019,10411,"SILVERADO 2500LT","CHEV 3/4T SILVERADO DBL CAB 4WD- FINN, JOSEPH"," ",2GC2KSEG8K1117434,4401,"2026-07-16 17:46:25",265,25033,0,45,1,1,1,0,0,0,0,0,0,0,0,NULL,NULL,699,0,267600,NULL,NULL,EDYN04,NULL,NULL,NULL,5205433,0,0,0,0,NULL,18ce3a16-4f05-4dd1-ace1-6b07c4614ab6,NULL
52389,630000,2024,10354," ","BARGE-SHUGART 40' x 10' x 5'",3735," ",4292,"2026-07-16 17:46:26",265,25042,0,45,1,1,1,0,0,0,0,0,0,0,0,NULL,NULL,699,0,630000,NULL,NULL,,NULL,NULL,NULL,NULL,0,0,0,1,NULL,284b4f81-d44f-4ab2-b7c1-7e21fabe1deb,NULL
52390,631900,NULL,10354," ","BARGE-SHUGART 40' X 10' X 7' (On RPO-McLean)",7828," ",4389,"2026-07-16 17:46:26",265,25025,0,45,1,1,1,0,0,1,0,0,0,0,0,NULL,NULL,699,0,631900,NULL,NULL,,NULL,NULL,NULL,NULL,0,0,0,1,NULL,c416efc2-86cf-4932-a09c-98b1f6aaf23f,NULL
52391,268000,2019,10411,"SILVERADO 3500WT","CHEV 1T CREW HI-RAIL- VESEL, CONNOR"," ",1GC4KVCG1KF193681,4310,"2026-07-16 17:46:26",265,25060,0,45,1,1,1,0,0,0,0,0,0,0,0,NULL,NULL,699,0,268000,NULL,NULL,EC62216,NULL,NULL,NULL,5283615,0,0,1,0,NULL,bac1c40b-ccc8-475d-b2d0-f71bb03e9438,NULL
52392,295900,2025,10299,F250XL,"FORD F250 CREW CAB XL 4WD - ESPINO, CINTIA"," ",1FT7W2BA2SEC19031,4301,"2026-07-16 17:46:27",265,25019,0,45,1,1,1,0,0,0,0,0,0,0,0,NULL,NULL,699,0,295900,NULL,NULL,EDYS74,NULL,NULL,NULL,5284401,0,0,0,0,NULL,80baa00f-8b5b-4e92-9d41-f5d918846449,NULL
52393,296000,2025,10299,F250XL,"FORD F250 CREW CAB XL 4WD - PACHECO, BRANDON"," ",1FT7W2BAXSEC19536,4301,"2026-07-16 17:46:27",265,25019,0,45,1,1,1,0,0,0,0,0,0,0,0,NULL,NULL,699,0,296000,NULL,NULL,EDZC24,NULL,NULL,NULL,5284399,0,0,0,0,NULL,e3b37f67-a55e-4547-b160-ecefd29cc53a,NULL
52394,543100,2019,10314,"B349 BUCKET","BUCKET 74" B349, 4 YARD (TB Linkage)",0MJJ02738," ",4405,"2026-07-16 17:46:28",265,25064,0,45,1,1,1,0,0,0,0,0,0,0,0,NULL,NULL,699,0,543100,NULL,NULL,NA,NULL,NULL,NULL,NULL,0,0,0,0,NULL,f43389b8-3730-4ea5-9512-c14ec35e9059,NULL
52395,544100,NULL,10314,BBV72-25-0,"CAT 72" V40 ROTARY BRUSH CUTTER",211840," ",4298,"2026-07-16 17:46:29",265,25033,0,45,1,1,1,0,0,0,0,0,0,0,0,NULL,NULL,699,0,544100,NULL,NULL,NA,NULL,NULL,NULL,NULL,0,0,0,0,NULL,fe826b99-3534-4505-888c-8a3dd9ae8f6c,NULL
52396,543800,NULL,10314," ","BUCKET 98" SKIDSTEER MATERIAL/SNOW",A4215SW20031," ",4400,"2026-07-16 17:46:29",265,25018,0,45,1,1,1,0,0,0,0,0,0,0,0,NULL,NULL,699,0,543800,NULL,NULL,,NULL,NULL,NULL,NULL,0,0,0,0,NULL,ce861169-911e-465c-b070-84c46113fa8b,NULL
52397,267400,2018,10411,"SILVERADO 2500LT","CHEV 3/4T SILVERADO REG CAB 4WD- RIVERA, LORENZO"," ",1GC0KVEG6JZ303911,4401,"2026-07-16 17:46:30",265,25019,0,45,1,1,1,0,0,0,0,0,0,0,0,NULL,NULL,699,0,267400,NULL,NULL,EEHB10,NULL,NULL,NULL,5205431,0,0,0,0,NULL,2968c3f7-0c4b-4c5a-a52c-53bd618cfe25,NULL
52398,297200,2025,10299,F250XL,"FORD F250 CREW CAB XL 4WD - OTT, JAMIE"," ",1FT7W2BA9SEC18958,4301,"2026-07-16 17:46:30",265,25071,0,45,1,1,1,0,0,0,0,0,0,0,0,NULL,NULL,699,0,297200,NULL,NULL,XE74760,NULL,NULL,NULL,5219606,0,0,0,0,NULL,29320201-0fea-4258-8317-c36289063723,NULL
52399,631300,NULL,10354," ","BARGE-SHUGART 20' X 10' X 7' (On RPO-McLean)",7836H," ",4389,"2026-07-16 17:46:30",265,25025,0,45,1,1,1,0,0,1,0,0,0,0,0,NULL,NULL,699,0,631300,NULL,NULL,,NULL,NULL,NULL,NULL,0,0,0,1,NULL,db5bd41b-9f34-4828-bb0c-8ee4345253b5,NULL
52400,599800,2024,10352,XAS188,"ATLAS COPCO 185 AIR COMPRESSOR","4500A1016RR205414 / 24-5479 / UVC205414"," ",4349,"2026-07-16 17:46:31",265,25089,0,45,1,1,1,0,0,0,0,0,0,0,0,NULL,NULL,699,0,599800,NULL,NULL,DTPK21,NULL,NULL,9890557,NULL,0,0,0,0,NULL,1bc3cd94-dcb9-41d2-8413-9e7da01d7c61,NULL
52401,268500,2019,10411,"SILVERADO 1500LT","CHEV 1/2T SILVERADO DBL CAB 4WD- SEMORA, KODY"," ",2GCVKPEC5K1153976,4404,"2026-07-16 17:46:31",265,25055,0,45,1,1,1,0,0,0,0,0,0,0,0,NULL,NULL,699,0,268500,NULL,NULL,EIEL47,NULL,NULL,NULL,5205438,0,0,0,0,NULL,43d702c5-432a-4266-acb8-ec75eaa7cfeb,NULL
52402,295200,2025,10299,F150XL,"FORD F150 SUPER XL 4WD - MAXIE, JOSEPH"," ",1FTFX1L50SKD25807,4429,"2026-07-16 17:46:32",265,25129,0,45,1,1,1,0,0,0,0,0,0,0,0,NULL,NULL,699,0,295200,NULL,NULL,EDZC23,NULL,NULL,NULL,5283668,0,0,0,0,NULL,f16a76ab-1952-4d1d-9096-252dffb86c12,NULL
52403,267800,2019,10411,"SILVERADO 1500LT","CHEV 1/2T SILVERADO DBL CAB 4WD- KYROLAINEN, KEEGAN"," ",2GCVKPEC6K1122901,4404,"2026-07-16 17:46:32",265,24996,0,45,1,1,1,0,0,0,0,0,0,0,0,NULL,NULL,699,0,267800,NULL,NULL,EDYN06,NULL,NULL,NULL,5205434,0,0,0,0,NULL,2b1991b7-85a6-4711-b601-bc619f58477f,NULL
52404,630600,2024,10354," ","BARGE-SHUGART 20' x 10' x 5'",3743," ",4382,"2026-07-16 17:46:32",265,25042,0,45,1,1,1,0,0,0,0,0,0,0,0,NULL,NULL,699,0,630600,NULL,NULL,,NULL,NULL,NULL,NULL,0,0,0,1,NULL,928d73bc-9ccd-4166-8d32-80bb2ef1ac09,NULL
52405,631600,NULL,10354," ","BARGE-SHUGART 20' X 10' X 7' (On RPO-McLean)",7826H," ",4389,"2026-07-16 17:46:33",265,25025,0,45,1,1,1,0,0,1,0,0,0,0,0,NULL,NULL,699,0,631600,NULL,NULL,,NULL,NULL,NULL,NULL,0,0,0,1,NULL,13e12130-015e-408f-a07b-e153e41e9ccc,NULL
52406,268100,2019,10411,"SILVERADO 3500WT","CHEV 1T CREW HI-RAIL- UNASSIGNED"," ",1GC4KVCG5KF193683,4310,"2026-07-16 17:46:33",265,25132,0,45,1,1,1,0,0,0,0,0,0,0,0,NULL,NULL,699,0,268100,NULL,NULL,EC61950,NULL,NULL,NULL,5281438,0,0,0,0,NULL,ade88ca0-ffa3-4057-bc94-429896806f22,NULL
52407,543900,NULL,10314,H65S,"HAMMER-CAT H65S (use w/ CAT305E2)",0K6500618," ",4550,"2026-07-16 17:46:33",265,25019,0,45,1,1,1,0,0,0,0,0,0,0,0,NULL,NULL,699,0,543900,NULL,NULL,NA,NULL,NULL,NULL,NULL,0,0,0,0,NULL,8765641e-4583-4f91-ae9f-68459e2b1d91,NULL
52408,630500,2024,10354," ","BARGE-SHUGART 20' x 10' x 5'",3742," ",4382,"2026-07-16 17:46:34",265,25042,0,45,1,1,1,0,0,0,0,0,0,0,0,NULL,NULL,699,0,630500,NULL,NULL,,NULL,NULL,NULL,NULL,0,0,0,1,NULL,f2c1d501-3519-4fa7-babe-734e8057b1fc,NULL
52409,296100,2025,10299,F250XL,"FORD F250 CREW CAB XL 4WD - NICASIO, FRANCISCO"," ",1FT7W2BA2SEC18901,4301,"2026-07-16 17:46:34",265,25080,0,45,1,1,1,0,0,0,0,0,0,0,0,NULL,NULL,699,0,296100,NULL,NULL,EDYS72,NULL,NULL,NULL,5284408,0,0,0,0,NULL,bb85a930-9343-4e4a-baf9-b197e2e2f6cc,NULL
52410,296200,2025,10299,F250XL,"FORD F250 CREW CAB XL 4WD-MOLINO, FORTUNATO"," ",1FT7W2BA9SEC18362,4301,"2026-07-16 17:46:35",265,25019,0,45,1,1,1,0,0,0,0,0,0,0,0,NULL,NULL,699,0,296200,NULL,NULL,EDYS73,NULL,NULL,NULL,5284409,0,0,0,0,NULL,5b6098d9-69da-4c5e-92a1-9dc9ca285837,NULL
52411,268400,2019,10411,"SILVERADO 1500LT","CHEV 1/2T SILVERADOR DBL CAB 4WD- CUMMINS, PRESTON"," ",2GCVKPEC1K1152226,4404,"2026-07-16 17:46:35",265,25125,0,45,1,1,1,0,0,0,0,0,0,0,0,NULL,NULL,699,0,268400,NULL,NULL,D41363J,NULL,NULL,NULL,5205437,0,0,0,0,NULL,b6255b55-1df0-4c78-b7bb-680309ba350f,NULL
52412,630100,2024,10354," ","BARGE-SHUGART 40' x 10' x 5'",3736," ",4292,"2026-07-16 17:46:36",265,25042,0,45,1,1,1,0,0,0,0,0,0,0,0,NULL,NULL,699,0,630100,NULL,NULL,,NULL,NULL,NULL,NULL,0,0,0,1,NULL,c6a8339c-1857-4c34-8cb4-27bf16164f60,NULL
52413,600100,2024,10352,XAS188,"ATLAS COPCO 185 AIR COMPRESSOR","4500A1019RR205410 / 24-5522"," ",4349,"2026-07-16 17:46:36",265,24981,0,45,1,1,1,0,0,0,0,0,0,0,0,NULL,NULL,699,0,600100,NULL,NULL,DTPK24,NULL,NULL,9890565,NULL,0,0,0,0,NULL,f6107627-bb36-4ae0-a1d4-f3503d4c938f,NULL
52414,268200,2019,10411,"SILVERADO 1500LT","CHEV 1/2T SILVERADO DBL CAB 4WD- BOWMAN, NATHAN (SURVEY)"," ",1GCVYDEDXKZ244934,4404,"2026-07-16 17:46:37",265,25055,0,45,1,1,1,0,0,0,0,0,0,0,0,NULL,NULL,699,0,268200,NULL,NULL,EDYN08,NULL,NULL,NULL,5205435,0,0,0,0,NULL,4821f590-015a-4a01-99b2-422437485cb4,NULL
52415,544900,2023,10314," ","BUCKET 55" EXTREME WEAR",C9411204," ",4405,"2026-07-16 17:46:37",265,25089,0,45,1,1,1,0,0,0,0,0,0,0,0,NULL,NULL,699,0,544900,NULL,NULL,NA,NULL,NULL,NULL,NULL,0,0,0,0,NULL,96312cc5-e7ee-49d8-a616-fda17a2b7fc0,NULL
52416,295100,2025,10299,F150XL,"FORD F150 SUPER XL 4WD - KELLER, ROBBY"," ",1FTFX1L57SKD50042,4429,"2026-07-16 17:46:38",265,25089,0,45,1,1,1,0,0,0,0,0,0,0,0,NULL,NULL,699,0,295100,NULL,NULL,EDZC44,NULL,NULL,NULL,5284403,0,0,0,0,NULL,f8779d73-23ef-44b3-a29f-4ce8777008ef,NULL
52417,269200,2019,10411,"SILVERADO 1500LT","CHEV 1/2T SILVERADO DBL CAB 4WD- GREGG, BRYCE"," ",2GCVKPEC1K1154008,4404,"2026-07-16 17:46:38",265,25129,0,45,1,1,1,0,0,0,0,0,0,0,0,NULL,NULL,699,0,269200,NULL,NULL,EDYN12,NULL,NULL,NULL,5205440,0,0,0,0,NULL,cd7d15bc-527e-4f26-82e5-526da6598b37,NULL
52418,543400,2021,10314,BU118,"CAT BU118 SWEEPER",P6600745," ",4316,"2026-07-16 17:46:38",265,25045,0,45,1,1,1,0,0,0,0,0,0,0,0,NULL,NULL,699,0,543400,NULL,NULL,,NULL,NULL,NULL,NULL,0,0,0,0,NULL,c1285ee2-c78d-4c59-b674-e2db1386b2cd,NULL
52419,544500,2022,10314,CV119,"CV119 COMPACTOR-SKIDSTEER ATTACHMENT",0RCA3298," ",4525,"2026-07-16 17:46:39",265,25018,0,45,1,1,1,0,0,0,0,0,0,0,0,NULL,NULL,699,0,544500,NULL,NULL,,NULL,NULL,NULL,NULL,0,0,0,0,NULL,9a9d8aea-2656-4725-9efb-7656698614fa,NULL
52420,296300,2025,10299,F250XL,"FORD F250 CREW CAB XL 4WD- ALLEN, NEIL"," ",1FT7W2BAXSEC19715,4301,"2026-07-16 17:46:39",265,25129,0,45,1,1,1,0,0,0,0,0,0,0,0,NULL,NULL,699,0,296300,NULL,NULL,EDYS93,NULL,NULL,NULL,5284360,0,0,0,0,NULL,5a2ec59c-70be-4f1b-b6d1-7711f3e4b82a,NULL
52421,631400,NULL,10354," ","BARGE-SHUGART 20' X 10' X 7' (On RPO-McLean)",7837H," ",4389,"2026-07-16 17:46:40",265,25025,0,45,1,1,1,0,0,1,0,0,0,0,0,NULL,NULL,699,0,631400,NULL,NULL,,NULL,NULL,NULL,NULL,0,0,0,1,NULL,3d3f0611-a432-4548-9b6c-9395bd04ddad,NULL
52422,296700,2025,10299,F250XL,"FORD F250 CREW CAB XL 4WD - MONTES, LEONEL"," ",1FT7W2BA2SEC19014,4301,"2026-07-16 17:46:40",265,25089,0,45,1,1,1,0,0,0,0,0,0,0,0,NULL,NULL,699,0,296700,NULL,NULL,EDZC50,NULL,NULL,NULL,5268501,0,0,0,0,NULL,eca85af6-4522-4b36-9101-8ade5ceafbae,NULL
52423,544700,2023,10314," ","RIPPER PENETRATION 51"",HBA00397," ",4385,"2026-07-16 17:46:50",265,25089,0,45,1,1,1,0,0,0,0,0,0,0,0,NULL,NULL,699,0,544700,NULL,NULL,NA,NULL,NULL,NULL,NULL,0,0,0,0,NULL,18991f86-ecb5-425d-8f17-6049763d6d1b,NULL
52424,631700,NULL,10354," ","BARGE-SHUGART 40' X 10' X 7' (On RPO-McLean)",7824," ",4389,"2026-07-16 17:46:50",265,25025,0,45,1,1,1,0,0,1,0,0,0,0,0,NULL,NULL,699,0,631700,NULL,NULL,,NULL,NULL,NULL,NULL,0,0,0,1,NULL,0383643b-ea2f-4a49-82e6-219c739ac01f,NULL
52425,269600,2019,10411,"SILVERADO 2500HD LT","CHEV 3/4T SILVERADO DBL CAB 4WD- DEBROUX, MICHAEL"," ",2GC2KSEG6K1152926,4401,"2026-07-16 17:46:50",265,25019,0,45,1,1,1,0,0,0,0,0,0,0,0,NULL,NULL,699,0,269600,NULL,NULL,EDYN14,NULL,NULL,NULL,5205442,0,0,0,0,NULL,49e17b0a-fc42-481c-a88c-952d9fa4b0a0,NULL
52426,268900,2019,10411,"SILVERADO 2500LT","CHEV 3/4T SILVERADO DBL CAB 4WD- JOB TRUCK"," ",2GC2KSEG0K1152758,4401,"2026-07-16 17:46:50",265,25089,0,45,1,1,1,0,0,0,0,0,0,0,0,NULL,NULL,699,0,268900,NULL,NULL,EDYN09,NULL,NULL,NULL,5205439,0,0,0,0,NULL,2f9d4f4f-8d29-4c6b-bd2d-e9f22dc40c20,NULL
52427,631800,NULL,10354," ","BARGE-SHUGART 40' X 10' X 7' (On RPO-McLean)",7827," ",4389,"2026-07-16 17:46:51",265,25025,0,45,1,1,1,0,0,1,0,0,0,0,0,NULL,NULL,699,0,631800,NULL,NULL,,NULL,NULL,NULL,NULL,0,0,0,1,NULL,f7385e92-2908-46a7-922e-3bd041f5399e,NULL
52428,544800,2023,10314," ","BUCKET 48" EXTREME WEAR",MHC11055," ",4455,"2026-07-16 17:46:51",265,25089,0,45,1,1,1,0,0,0,0,0,0,0,0,NULL,NULL,699,0,544800,NULL,NULL,NA,NULL,NULL,NULL,NULL,0,0,0,0,NULL,c6dbb8c3-adf7-486b-9309-36ebed524712,NULL
52429,542800,2019,10314,BU118,"CAT BU118 BROOM/SWEEPER",LXB05205," ",4316,"2026-07-16 17:46:51",265,25122,0,45,1,1,1,0,0,0,0,0,0,0,0,NULL,NULL,699,0,542800,NULL,NULL,,NULL,NULL,NULL,NULL,0,0,0,0,NULL,27ecb37f-639b-45ea-8dd5-564744451e75,NULL
52430,296900,2025,10299,F250XL,"FORD F250 CREW CAB XL 4WD - MURPHY, DALE"," ",1FT7W2BA8SEC19731,4301,"2026-07-16 17:46:51",265,24978,0,45,1,1,1,0,0,0,0,0,0,0,0,NULL,NULL,699,0,296900,NULL,NULL,XE88652,NULL,NULL,NULL,5219594,0,0,0,0,NULL,b33d4361-c537-4d33-9300-51c55f372d28,NULL
52431,599700,2024,10352,XAS188,"ATLAS COPCO 185 AIR COMPRESSOR","4500A1012RR205409 / 24-5518 / UVC205409"," ",4349,"2026-07-16 17:46:51",265,25089,0,45,1,1,1,0,0,0,0,0,0,0,0,NULL,NULL,699,0,599700,NULL,NULL,DTPK20,NULL,NULL,9890528,NULL,0,0,0,0,NULL,e7adf75f-3816-4c35-b56d-dc170fb386a7,NULL
52432,543600,2021,10314,BU118,"CAT BU118 SWEEPER",P6600743," ",4316,"2026-07-16 17:46:51",265,25089,0,45,1,1,1,0,0,0,0,0,0,0,0,NULL,NULL,699,0,543600,NULL,NULL,NA,NULL,NULL,NULL,NULL,0,0,0,0,NULL,7cc484fc-945a-4fe6-880c-5a171bf259ba,NULL
52433,295500,2025,10299,F150XL,"FORD F150 SUPER XL 4WD - WADLE, NICK"," ",1FTFX1L58SKD51829,4429,"2026-07-16 17:46:52",265,25012,0,45,1,1,1,0,0,0,0,0,0,0,0,NULL,NULL,699,0,295500,NULL,NULL,RSF740,NULL,NULL,NULL,5219570,0,0,0,0,NULL,5bd8e83f-2991-4219-bb7f-ce46d3228f09,NULL
52434,270900,2019,10411,"SILVERADO 1500LT","CHEV 1/2T SILVERADO DBL CAB 4WD- SCHWARTZ, GRADY"," ",2GCVKPECXK1162690,4404,"2026-07-16 17:46:52",265,25001,0,45,1,1,1,0,0,0,0,0,0,0,0,NULL,NULL,699,0,270900,NULL,NULL,NG9040,NULL,NULL,NULL,5205803,0,0,0,0,NULL,842a1e78-c4c7-4d6b-a383-c13311bc3c92,NULL
52435,296500,2025,10299,F250XL,"FORD F250 CREW CAB XL 4WD - CRAVEN, TERRILL"," ",1FT7W2BA0SEC19299,4301,"2026-07-16 17:46:52",265,24982,0,45,1,1,1,0,0,0,0,0,0,0,0,NULL,NULL,699,0,296500,NULL,NULL,EDYS89,NULL,NULL,NULL,5284413,0,0,0,0,NULL,6bb07e4e-3bd0-425a-80db-3734479600cc,NULL
52436,296800,2025,10299,F250XL,"FORD F250 CREW CAB XL 4WD - LAUBACH, ANDREW"," ",1FT7W2BA9SEC19818,4301,"2026-07-16 17:46:52",265,25012,0,45,1,1,1,0,0,0,0,0,0,0,0,NULL,NULL,699,0,296800,NULL,NULL,XE88654,NULL,NULL,NULL,5219585,0,0,0,0,NULL,e6bc7f6f-0b7d-475c-8750-c56635c90ef4,NULL
52437,544000,NULL,10314,H120ES,"HAMMER-CAT H120",0HHE01451," ",4364,"2026-07-16 17:46:53",265,25089,0,45,1,1,1,0,0,0,0,0,0,0,0,NULL,NULL,699,0,544000,NULL,NULL,,NULL,NULL,NULL,NULL,0,0,0,0,NULL,8402b77d-bceb-492d-a3af-293320659b0f,NULL
52438,631500,NULL,10354," ","BARGE-SHUGART 20' X 10' X 7' (On RPO-McLean)",7825H," ",4389,"2026-07-16 17:46:53",265,25025,0,45,1,1,1,0,0,1,0,0,0,0,0,NULL,NULL,699,0,631500,NULL,NULL,,NULL,NULL,NULL,NULL,0,0,0,1,NULL,5765d195-883c-4f6e-bc29-a8674f5a9802,NULL
52439,631200,2024,10354," ","BARGE-SHUGART 20' x 10' x 5'",3755," ",4382,"2026-07-16 17:46:53",265,25042,0,45,1,1,1,0,0,0,0,0,0,0,0,NULL,NULL,699,0,631200,NULL,NULL,,NULL,NULL,NULL,NULL,0,0,0,1,NULL,0fd7632f-b1d7-411a-80ef-a0bec37feac4,NULL
52440,271300,2019,10411,"SILVERADO 1500LT","CHEV 1/2T SILVERADO DBL CAB 4WD- STUCKEY, LONNIE"," ",1GCRYDED6KZ391897,4404,"2026-07-16 17:46:53",265,24981,0,45,1,1,1,0,0,0,0,0,0,0,0,NULL,NULL,699,0,271300,NULL,NULL,EDYN19,NULL,NULL,NULL,5205944,0,0,0,0,NULL,dfbe7355-b58d-4416-a409-eea2e8a4b4bc,NULL
52441,271000,2019,10411,"SILVERADO 1500LT","CHEV 1/2T SILVERADO DBL CAB 4WD- MARAS, NICK"," ",2GCVKPEC2K1166846,4404,"2026-07-16 17:46:53",265,25098,0,45,1,1,1,0,0,0,0,0,0,0,0,NULL,NULL,699,0,271000,NULL,NULL,YCN466,NULL,NULL,NULL,5205878,0,0,0,0,NULL,f0d80a99-a276-46e2-87bc-f12ae39ea044,NULL
52442,630200,2024,10354," ","BARGE-SHUGART 40' x 10' x 5'",3737," ",4292,"2026-07-16 17:46:53",265,25042,0,45,1,1,1,0,0,0,0,0,0,0,0,NULL,NULL,699,0,630200,NULL,NULL,,NULL,NULL,NULL,NULL,0,0,0,1,NULL,aeb7d7b7-9956-47cc-96cb-9abf28e9a6cd,NULL
52443,270600,2019,10411,"SILVERADO 1500LT","CHEV 1/2T SILVERADO DBL CAB 4WD- JOERGER, BRYCE"," ",2GCVKPEC9K1160140,4404,"2026-07-16 17:46:53",265,25098,0,45,1,1,1,0,0,0,0,0,0,0,0,NULL,NULL,699,0,270600,NULL,NULL,NG9038,NULL,NULL,NULL,5205749,0,0,0,0,NULL,393492e9-4967-4ac7-9800-30f42a1d2f2d,NULL
52444,545500,2019,10314,BU118,"CAT BU118 SWEEPER",LXB05279," ",4316,"2026-07-16 17:46:54",265,25042,0,45,1,1,1,0,0,0,0,0,0,0,0,NULL,NULL,699,0,545500,NULL,NULL,,NULL,NULL,NULL,NULL,0,0,0,0,NULL,d31ed018-a97f-41c7-84cc-70251bea1465,NULL
52445,545300,2023,10329," ","SNOW WOLF SNOWPLOW (TRUCK)",8384," ",4437,"2026-07-16 17:46:54",265,25018,0,45,1,1,1,0,0,0,0,0,0,0,0,NULL,NULL,699,0,545300,NULL,NULL,,NULL,NULL,NULL,NULL,0,0,0,0,NULL,63f3fa84-cad6-4f65-9ffb-d0d1d955cbd2,NULL
52446,632000,NULL,10354," ","BARGE-SHUGART 40' X 10' X 7' (On RPO-McLean)",7829," ",4389,"2026-07-16 17:46:54",265,25025,0,45,1,1,1,0,0,1,0,0,0,0,0,NULL,NULL,699,0,632000,NULL,NULL,,NULL,NULL,NULL,NULL,0,0,0,1,NULL,9352aebf-65fd-406f-9168-68a5d7369861,NULL
52447,632200,NULL,10354," ","BARGE-SHUGART 40' X 10' X 7' (On RPO-McLean)",7831," ",4389,"2026-07-16 17:46:54",265,25025,0,45,1,1,1,0,0,1,0,0,0,0,0,NULL,NULL,699,0,632200,NULL,NULL,,NULL,NULL,NULL,NULL,0,0,0,1,NULL,e0722089-b4a4-4b0b-9a48-0b9227e2c355,NULL
52448,545800,2024,10314,H80,"HAMMER-CAT H80 (Use w/ 308 size)",MY801738," ",4464,"2026-07-16 17:46:54",265,25019,0,45,1,1,1,0,0,0,0,0,0,0,0,NULL,NULL,699,0,545800,NULL,NULL,NA,NULL,NULL,NULL,NULL,0,0,0,0,NULL,ff517f58-f768-4787-ab85-52d68f83bef4,NULL
52449,269700,2019,10411,"SILVERADO 2500LT","CHEV 3/4T SILVERADO DBL CAB 4WD- JOB TRUCK"," ",2GC2KSEG2K1151885,4401,"2026-07-16 17:46:55",265,25019,0,45,1,1,1,0,0,0,0,0,0,0,0,NULL,NULL,699,0,269700,NULL,NULL,EDYN15,NULL,NULL,NULL,5205742,0,0,0,0,NULL,a1faf293-8cbf-41ff-8c4c-d71134df3d62,NULL
52450,294700,2025,10299,F150XL,"FORD F150 SUPER XL 4WD - CORNEJO SOLORZANO, FRANCISCO"," ",1FTFX1L52SKD51289,4429,"2026-07-16 17:46:55",265,25089,0,45,1,1,1,0,0,0,0,0,0,0,0,NULL,NULL,699,0,294700,NULL,NULL,EDZC47,NULL,NULL,NULL,5272665,0,0,0,0,NULL,6d48168b-9ff6-4680-8be9-f953e95c7bcd,NULL
52451,546000,2024,10327,"24" PADFOOT","24" PADFOOT COMPACTION WHEEL",390185," ",4552,"2026-07-16 17:46:55",265,25019,0,45,1,1,1,0,0,0,0,0,0,0,0,NULL,NULL,699,0,546000,NULL,NULL,NA,NULL,NULL,NULL,NULL,0,0,0,0,NULL,6f29d7a7-bfa6-49ff-80cb-204544d8638a,NULL
52452,545600,2023,10314,555E,"HAMMER-CAT 555E (Use w/ #5637 CAT303.5)",555EA1492," ",4550,"2026-07-16 17:46:55",265,25002,0,45,1,1,1,0,0,0,0,0,0,0,0,NULL,NULL,699,0,545600,NULL,NULL,,NULL,NULL,NULL,NULL,0,0,0,0,NULL,4382dcdc-2f47-4f6f-a3d2-6f4c3ac301d9,NULL
52453,294800,2025,10299,F150XL,"FORD F150 SUPER XL 4WD - WAUFLE, JT"," ",1FTFX1L55SKD25768,4429,"2026-07-16 17:46:55",265,25080,0,45,1,1,1,0,0,0,0,0,0,0,0,NULL,NULL,699,0,294800,NULL,NULL,EDZC38,NULL,NULL,NULL,5282820,0,0,0,0,NULL,bf5ad0bf-f763-43b3-bc7c-9b294bfb43ce,NULL
52454,545400,2023,10330,Z05881,"BOSS SNOW PLOW 7'6" (SKIDSTEER)",TRP07870," ",4437,"2026-07-16 17:46:55",265,25018,0,45,1,1,1,0,0,0,0,0,0,0,0,NULL,NULL,699,0,545400,NULL,NULL,,NULL,NULL,NULL,NULL,0,0,0,0,NULL,bfbef0d9-5549-4deb-b47f-59e77773dcef,NULL
52455,632400,NULL,10354," ","BARGE-SHUGART 40' X 10' X 7' (On RPO-McLean)",7833," ",4389,"2026-07-16 17:46:55",265,25025,0,45,1,1,1,0,0,1,0,0,0,0,0,NULL,NULL,699,0,632400,NULL,NULL,,NULL,NULL,NULL,NULL,0,0,0,1,NULL,8e1b2c70-aade-4251-8c8f-9f8300708de7,NULL
52456,297000,2025,10299,F250XL,"FORD F250 CREW CAB XL 4WD - RISTEY, KURT"," ",1FT7W2BA5SEC18813,4301,"2026-07-16 17:46:56",265,25031,0,45,1,1,1,0,0,0,0,0,0,0,0,NULL,NULL,699,0,297000,NULL,NULL,XE75556,NULL,NULL,NULL,5219605,0,0,0,0,NULL,027c9c6a-860d-4f0f-b455-cd4152b7f674,NULL
52457,293200,2024,10299,"F150 XL","FORD F150 XL SUPERCAB - SALAZAR, SERGIO"," ",1FTFX1E5XPKD56745,4429,"2026-07-16 17:46:56",265,25125,0,45,1,1,1,0,0,0,0,0,0,0,0,NULL,NULL,699,0,293200,NULL,NULL,D59611E,NULL,NULL,NULL,5219553,0,0,0,0,NULL,a237b3d0-c3cd-4ac2-8c3d-bf9e524ebb6e,NULL
52458,269400,2019,10411,"SILVERADO 1500LT","CHEV 1/2T SILVERADO DBL CAB 4WD- UNASSIGNED"," ",2GCVKPEC0K1153223,4404,"2026-07-16 17:46:56",265,25031,0,45,1,1,1,0,0,0,0,0,0,0,0,NULL,NULL,699,0,269400,NULL,NULL,SM7589,NULL,NULL,NULL,5205441,0,0,0,0,NULL,00173557-33b6-4c63-ad2e-5a30467ddc33,NULL
52459,270500,2019,10299,"F350 (DIESEL)","FORD F350 SUPER DUTY XL(DIESEL)-WELD TRUCK- TOLES, ETHAN"," ",1FDRF3HT7KDA02888,4355,"2026-07-16 17:46:56",265,25089,0,45,1,1,1,0,0,0,0,0,0,0,0,NULL,NULL,699,0,270500,NULL,NULL,EIEL03,NULL,NULL,NULL,5278418,0,0,0,0,NULL,1f3066fa-9499-45c8-972e-5a47486b926a,NULL
52460,271600,2019,10411,"SILVERADO 2500LT","CHEV 3/4T SILVERADO DBL CAB 4WD-STANISLOWSKI, TOM"," ",2GC2KSEG8K1155780,4401,"2026-07-16 17:46:56",265,25089,0,45,1,1,1,0,0,0,0,0,0,0,0,NULL,NULL,699,0,271600,NULL,NULL,EDYN20,NULL,NULL,NULL,5206047,0,0,0,0,NULL,e57de833-a35d-4af6-89fd-55fa19f1a8cc,NULL
52461,631100,2024,10354," ","BARGE-SHUGART 20' x 10' x 5'",3754," ",4382,"2026-07-16 17:46:56",265,25042,0,45,1,1,1,0,0,0,0,0,0,0,0,NULL,NULL,699,0,631100,NULL,NULL,,NULL,NULL,NULL,NULL,0,0,0,1,NULL,947b03f1-30ed-4e16-ad4d-1d0bf0793495,NULL
52462,270100,2019,10411,"SILVERADO 1500LT","CHEV 1/2T SILVERADO DBL CAB 4WD- BINGAMAN, HAYDEN"," ",2GCVKPEC1K1171147,4404,"2026-07-16 17:46:57",265,25071,0,45,1,1,1,0,0,0,0,0,0,0,0,NULL,NULL,699,0,270100,NULL,NULL,HCX252,NULL,NULL,NULL,5205746,0,0,0,0,NULL,06383c14-2726-4d84-9534-8e8e49c9ae53,NULL
52463,632600,NULL,10354," ","BARGE-SHUGART 40' X 10' X 7' (On RPO-McLean)",7835," ",4389,"2026-07-16 17:46:57",265,25025,0,45,1,1,1,0,0,1,0,0,0,0,0,NULL,NULL,699,0,632600,NULL,NULL,,NULL,NULL,NULL,NULL,0,0,0,1,NULL,dde8547e-c015-4225-918d-1709b669528e,NULL
52464,632100,NULL,10354," ","BARGE-SHUGART 40' X 10' X 7' (On RPO-McLean)",7830," ",4389,"2026-07-16 17:46:57",265,25025,0,45,1,1,1,0,0,1,0,0,0,0,0,NULL,NULL,699,0,632100,NULL,NULL,,NULL,NULL,NULL,NULL,0,0,0,1,NULL,c79bc8c9-3e46-4fe3-a8b2-9d3d8b90f67a,NULL
52465,546100,2024,10327,"24" PADFOOT","24" PADFOOT COMPACTION WHEEL",390186," ",4552,"2026-07-16 17:46:57",265,25129,0,45,1,1,1,0,0,0,0,0,0,0,0,NULL,NULL,699,0,546100,NULL,NULL,NA,NULL,NULL,NULL,NULL,0,0,0,0,NULL,ff8feb8b-e62d-480d-a282-0881ee72052b,NULL
52466,546200,2024,10328,"2.0 CU YD","SALT SPREADER 2.0 CUYD POLY HOPPER",," ",4320,"2026-07-16 17:46:57",265,25089,0,45,1,1,1,0,0,0,0,0,0,0,0,NULL,NULL,699,0,546200,NULL,NULL,NA,NULL,NULL,NULL,NULL,0,0,0,0,NULL,399f445b-6f43-4eea-9665-acdcc685bc04,NULL
52467,298800,2025,10299,"RANGER XLT","FORD RANGER XLT 4WD - SJOHOLM, TOMMY"," ",1FTER4HH0SLE10442,4439,"2026-07-16 17:46:57",265,25136,0,45,1,1,1,0,0,0,0,0,0,0,0,NULL,NULL,699,0,298800,NULL,NULL,WD7101,NULL,NULL,NULL,5283632,0,0,0,0,NULL,677a9532-d61b-4a28-9511-3ed96a9b900c,NULL
52468,298100,2025,10299,"RANGER XLT","FORD RANGER XLT 4WD - ASLESON, PAUL"," ",1FTER4HH3SLE03016,4439,"2026-07-16 17:46:58",265,25019,0,45,1,1,1,0,0,0,0,0,0,0,0,NULL,NULL,699,0,298100,NULL,NULL,EDZC52,NULL,NULL,NULL,5284402,0,0,0,0,NULL,a06fedfe-196a-471a-b224-4d9cb6fd7d18,NULL
52469,271900,2017,10411,"EXPRESS 3500","CHEV 1T EXPRESS VAN- JOB TRUCK"," ",1GAZGPFG8H1228813,4548,"2026-07-16 17:46:58",265,25089,0,45,1,1,1,0,0,0,0,0,0,0,0,NULL,NULL,699,0,271900,NULL,NULL,EIEL45,NULL,NULL,NULL,5206132,0,0,0,0,NULL,11a5d5bc-7c65-4c85-a8ba-df6914f42154,NULL
52470,546300,2024,10314,B349-60,"BUCKET 60" B349-60HD, 2.8YD (TB Linkage)",GYD05373," ",4525,"2026-07-16 17:46:58",265,25089,0,45,1,1,1,0,0,0,0,0,0,0,0,NULL,NULL,699,0,546300,NULL,NULL,NA,NULL,NULL,NULL,NULL,0,0,0,0,NULL,609c78fd-fa19-4f40-900c-b8e626e1fe3a,NULL
52471,632800,NULL,10354," ","BARGE-SHUGART 40' X 10' X 7' (On RPO-McLean)",7839," ",4389,"2026-07-16 17:46:58",265,25025,0,45,1,1,1,0,0,1,0,0,0,0,0,NULL,NULL,699,0,632800,NULL,NULL,,NULL,NULL,NULL,NULL,0,0,0,1,NULL,17450e46-8802-497a-9aef-cd81fdac376e,NULL
52472,271800,2019,10411,"SILVERADO 2500LT","CHEV 3/4T SILVERADO DBL CAB 4WD- RAMIREZ, DAVID"," ",2GC2KSEG7K1203298,4401,"2026-07-16 17:46:58",265,25064,0,45,1,1,1,0,0,0,0,0,0,0,0,NULL,NULL,699,0,271800,NULL,NULL,EDYN22,NULL,NULL,NULL,5206087,0,0,0,0,NULL,dc648086-197e-46ac-b763-ad81bae6b11a,NULL
52473,297600,2025,10299,F250XLT,"FORD F250 CREW CAB XLT 4WD - SONNENTAG, TRAVIS"," ",1FT7W2BA8SEC17543,4301,"2026-07-16 17:46:58",265,25110,0,45,1,1,1,0,0,0,0,0,0,0,0,NULL,NULL,699,0,297600,NULL,NULL,XE75048,NULL,NULL,NULL,5219608,0,0,0,0,NULL,fbd2ab33-02e0-416e-affa-36c5eb2fa7e8,NULL
52474,270300,2019,10411,"SILVERADO 2500HD LT","CHEV 3/4T SILVERADO CREW CAB 153.7 4WD- GONZALEZ, JESUS"," ",1GC1KSEG4KF215882,4401,"2026-07-16 17:46:58",265,25019,0,45,1,1,1,0,0,0,0,0,0,0,0,NULL,NULL,699,0,270300,NULL,NULL,EDYN17,NULL,NULL,NULL,5205748,0,0,0,0,NULL,a27f8d70-0308-4c7d-aa2c-037c24551cf2,NULL
52475,297800,2025,10299,"RANGER XLT","FORD RANGER XLT 4WD - LOUDENBURG, JESSICA"," ",1FTER4HH8SLE01861,4439,"2026-07-16 17:46:59",265,25008,0,45,1,1,1,0,0,0,0,0,0,0,0,NULL,NULL,699,0,297800,NULL,NULL,VV3378,NULL,NULL,NULL,5219633,0,0,0,0,NULL,4f589667-3d45-40e0-a9e1-cf89f59740f1,NULL
52476,269900,2019,10411,"SILVERADO 2500LT","CHEV 3/4T SILVERADO DBL CAB 4WD- SMALLFOOT, JESSIE"," ",2GC2KSEG6K1152117,4401,"2026-07-16 17:46:59",265,25062,0,45,1,1,1,0,0,0,0,0,0,0,0,NULL,NULL,699,0,269900,NULL,NULL,EDYN16,NULL,NULL,NULL,5205745,0,0,0,0,NULL,44b9bffb-5f0b-4316-b7c2-eba691de4bf4,NULL
52477,632700,NULL,10354," ","BARGE-SHUGART 40' X 10' X 7' (On RPO-McLean)",7838," ",4389,"2026-07-16 17:46:59",265,25025,0,45,1,1,1,0,0,1,0,0,0,0,0,NULL,NULL,699,0,632700,NULL,NULL,,NULL,NULL,NULL,NULL,0,0,0,1,NULL,27979174-4837-49f7-87ba-6557cb2ad365,NULL
52478,545900,2024,10332,"66"","BUCKET 66" SKELETON WT-HEX",2231," ",4367,"2026-07-16 17:46:59",265,25089,0,45,1,1,1,0,0,0,0,0,0,0,0,NULL,NULL,699,0,545900,NULL,NULL,NA,NULL,NULL,NULL,NULL,0,0,0,0,2772,500526e1-dc54-429b-91e6-b10db042cde3,NULL
52479,297700,2025,10299,"RANGER XLT","FORD RANGER XLT 4WD - DOUR, ADAM"," ",1FTER4HH2SLE02150,4439,"2026-07-16 17:46:59",265,25045,0,45,1,1,1,0,0,0,0,0,0,0,0,NULL,NULL,699,0,297700,NULL,NULL,D16915H,NULL,NULL,NULL,5219609,0,0,0,0,NULL,8415f350-2ff8-42eb-8642-deedcd39ba92,NULL
52480,632300,NULL,10354," ","BARGE-SHUGART 40' X 10' X 7' (On RPO-McLean)",7832," ",4389,"2026-07-16 17:46:59",265,25025,0,45,1,1,1,0,0,1,0,0,0,0,0,NULL,NULL,699,0,632300,NULL,NULL,,NULL,NULL,NULL,NULL,0,0,0,1,NULL,024986a5-02a9-41d7-8106-ca34304816c7,NULL
52481,297400,2025,10299,F250XL,"FORD F250 CREW CAB XL 4WD - MCCUMBER, LONNIE"," ",1FT7W2BA6SEC18965,4301,"2026-07-16 17:46:59",265,25026,0,45,1,1,1,0,0,0,0,0,0,0,0,NULL,NULL,699,0,297400,NULL,NULL,XE76278,NULL,NULL,NULL,5219607,0,0,0,0,NULL,c2050974-df71-416a-9a89-2bf3579274af,NULL
52482,270700,2019,10411,"SILVERADO 1500LT","CHEV 1/2T SILVERADO DBL CAB 4WD- WEISS, TIM"," ",2GCVKPECXK1185922,4404,"2026-07-16 17:47:00",265,25122,0,45,1,1,1,0,0,0,0,0,0,0,0,NULL,NULL,699,0,270700,NULL,NULL,YCX292,NULL,NULL,NULL,5205771,0,0,0,0,NULL,cd67d734-0337-40ae-99ab-22ff629dcade,NULL
52483,546600,2023,10336,777E,"HAMMER-RAMMER 777E (use w/ CAT308 size)",777EA1581," ",4464,"2026-07-16 17:47:00",265,25018,0,45,1,1,1,0,0,0,0,0,0,0,0,NULL,NULL,699,0,546600,NULL,NULL,,NULL,NULL,NULL,NULL,0,0,0,0,NULL,8b790965-8340-419a-83d9-4813dfd7681c,NULL
52484,545700,2024,10327,"RT ROCK TINE","BUCKET 60" ROCKLAND ROCK TINE EXCAVATOR (DB Linkage)",386142," ",4525,"2026-07-16 17:47:00",265,25042,0,45,1,1,1,0,0,0,0,0,0,0,0,NULL,NULL,699,0,545700,NULL,NULL,,NULL,NULL,NULL,NULL,0,0,0,0,NULL,d4debb6d-7cf6-4234-929e-3d5a667004a7,NULL
52485,632900,NULL,10354," ","BARGE-SHUGART 40' X 10' X 7' (On RPO-McLean)",7840," ",4389,"2026-07-16 17:47:00",265,25025,0,45,1,1,1,0,0,1,0,0,0,0,0,NULL,NULL,699,0,632900,NULL,NULL,,NULL,NULL,NULL,NULL,0,0,0,1,NULL,bd07f7c5-20be-4c3d-bdc6-ee5ed0f27251,NULL
52486,298300,2025,10299,"RANGER XLT","FORD RANGER XLT 4WD -  KIEHNAU, HAILEY"," ",1FTER4HH9SLE01979,4439,"2026-07-16 17:47:50",265,25089,0,45,1,1,1,0,0,0,0,0,0,0,0,NULL,NULL,699,0,298300,NULL,NULL,EDZC51,NULL,NULL,NULL,5283665,0,0,0,0,NULL,ecdc83a6-656d-471b-9013-7053fa6d4ddc,NULL
52487,640200,2006,10354," ","BARGE-SHUGART 40' X 10' X 7'",7256," ",4292,"2026-07-16 17:47:51",265,25025,0,45,1,1,1,0,0,0,0,0,0,0,0,NULL,NULL,699,0,640200,NULL,NULL,,NULL,NULL,NULL,NULL,0,0,0,1,NULL,d1311ae8-e2a2-483e-a298-813224f092e0,NULL
52488,546500,2023,10314,B349-74,"BUCKET 74" B349-74 (TB Linkage)",0XC775874," ",4405,"2026-07-16 17:47:51",265,25018,0,45,1,1,1,0,0,0,0,0,0,0,0,NULL,NULL,699,0,546500,NULL,NULL,,NULL,NULL,NULL,NULL,0,0,0,0,NULL,5915dd50-8bad-417c-8ea5-b3f4a35e1269,NULL
52489,298000,2025,10299,"RANGER XLT","FORD RANGER XLT 4WD - SHARIATMADARI, YASI"," ",1FTER4HH0SLE02146,4439,"2026-07-16 17:47:51",265,25107,0,45,1,1,1,0,0,0,0,0,0,0,0,NULL,NULL,699,0,298000,NULL,NULL,D42252J,NULL,NULL,NULL,5219662,0,0,0,0,NULL,093cab89-87fd-4d8b-8815-0472c711b2bf,NULL
52490,633100,NULL,10354," ","BARGE-SHUGART 40' X 10' X 7' (On RPO-McLean)",7842," ",4389,"2026-07-16 17:47:51",265,25025,0,45,1,1,1,0,0,1,0,0,0,0,0,NULL,NULL,699,0,633100,NULL,NULL,,NULL,NULL,NULL,NULL,0,0,0,1,NULL,579cbf59-dfa1-4cbe-bd38-106b4333e24b,NULL
52491,547400,2025,10314,BP118C,"CAT BP118C BROOM/SWEEPER",0FX803619," ",4316,"2026-07-16 17:47:51",265,25019,0,45,1,1,1,0,0,0,0,0,0,0,0,NULL,NULL,699,0,547400,NULL,NULL,NA,NULL,NULL,NULL,NULL,0,0,0,0,NULL,c91c0482-c8e4-49c6-aa98-aa011c1ae16c,NULL
52492,297900,2025,10299,"RANGER XLT","FORD RANGER XLT 4WD - DAVIS, JUSTIN"," ",1FTER4HHXSLE02980,4439,"2026-07-16 17:47:51",265,25019,0,45,1,1,1,0,0,0,0,0,0,0,0,NULL,NULL,699,0,297900,NULL,NULL,EDZC54,NULL,NULL,NULL,5279282,0,0,0,0,NULL,4daa0126-df2b-46a4-ad2b-388ac09f9102,NULL
52493,271100,2019,10411,"Z-71 SILVERADO","CHEV 1/2T SILVERADO Z-71  DBL CAB 4WD- NYENHUIS, RYAN"," ",1GCRYDED4KZ309763,4404,"2026-07-16 17:47:51",265,25122,0,45,1,1,1,0,0,0,0,0,0,0,0,NULL,NULL,699,0,271100,NULL,NULL,SM7588,NULL,NULL,NULL,5205926,0,0,0,0,NULL,24848226-bc29-483f-aea3-1e4d341dfcae,NULL
52494,640100,2006,10354," ","BARGE-SHUGART 40' X 10' X 7'",7253," ",4292,"2026-07-16 17:47:51",265,25025,0,45,1,1,1,0,0,0,0,0,0,0,0,NULL,NULL,699,0,640100,NULL,NULL,,NULL,NULL,NULL,NULL,0,0,0,1,NULL,0248bf82-eb51-41d5-958e-d1bf0e4b9cd2,NULL
52495,269800,2019,10411,"SILVERADO 2500HD LT","CHEV 3/4T SILVERADO DBL CAB 4WD- MILLER, CHRIS"," ",2GC2KSEG1K1152123,4401,"2026-07-16 17:47:52",265,25107,0,45,1,1,1,0,0,0,0,0,0,0,0,NULL,NULL,699,0,269800,NULL,NULL,D76040D,NULL,NULL,NULL,5205743,0,0,0,0,NULL,235abf5f-45aa-44b8-a37e-ff426da27dbf,NULL
52496,298200,2025,10299,"RANGER XLT","FORD RANGER XLT 4WD - SILEO, ZACH"," ",1FTER4HHXSLE03126,4439,"2026-07-16 17:47:52",265,25029,0,45,1,1,1,0,0,0,0,0,0,0,0,NULL,NULL,699,0,298200,NULL,NULL,EDZC48,NULL,NULL,NULL,5284398,0,0,0,0,NULL,04882bac-576c-49ec-85d8-b660052fd770,NULL
52497,269100,2019,10411,"SILVERADO 1500LT","CHEV 1/2T SILVERADO DBL CAB 4WD - RICHIE, JARRETT"," ",2GCVKPEC2K1152462,4404,"2026-07-16 17:47:52",265,25089,0,45,1,1,1,0,0,0,0,0,0,0,0,NULL,NULL,699,0,269100,NULL,NULL,EVOY21,NULL,NULL,NULL,5283616,0,0,0,0,NULL,722a5a8a-949e-4b3a-bf33-420d975aeb69,NULL
52498,547600,2025,10314,BP118C,"CAT BP118C BROOM/SWEEPER",0P6602035," ",4316,"2026-07-16 17:47:52",265,25033,0,45,1,1,1,0,0,0,0,0,0,0,0,NULL,NULL,699,0,547600,NULL,NULL,NA,NULL,NULL,NULL,NULL,0,0,0,0,NULL,36334074-36d3-44ce-a199-c9e3e514f573,NULL
52499,640300,2006,10354," ","BARGE-SHUGART 40' X 10' X 7'",7260," ",4292,"2026-07-16 17:47:52",265,25136,0,45,1,1,1,0,0,0,0,0,0,0,0,NULL,NULL,699,0,640300,NULL,NULL,,NULL,NULL,NULL,NULL,0,0,0,1,NULL,2c8b2256-3936-4b27-be7d-76f61ea4c2d9,NULL
52500,633000,NULL,10354," ","BARGE-SHUGART 40' X 10' X 7' (On RPO-McLean)",7841," ",4389,"2026-07-16 17:47:52",265,25025,0,45,1,1,1,0,0,1,0,0,0,0,0,NULL,NULL,699,0,633000,NULL,NULL,,NULL,NULL,NULL,NULL,0,0,0,1,NULL,8779ef71-25d6-4ed9-897d-a66729f5b081,NULL
52501,632500,NULL,10354," ","BARGE-SHUGART 40' X 10' X 7' (On RPO-McLean)",7834," ",4389,"2026-07-16 17:47:52",265,25025,0,45,1,1,1,0,0,1,0,0,0,0,0,NULL,NULL,699,0,632500,NULL,NULL,,NULL,NULL,NULL,NULL,0,0,0,1,NULL,3e70bf87-1ab2-471c-b872-cd586c3136ff,NULL
52502,297500,2025,10299,F250XLT,"FORD F250 CREW CAB XLT 4WD - CANNON, WAIDE"," ",1FT7W2BA9SEC17261,4301,"2026-07-16 17:47:52",265,24982,0,45,1,1,1,0,0,0,0,0,0,0,0,NULL,NULL,699,0,297500,NULL,NULL,EDYS77,NULL,NULL,NULL,5284412,0,0,0,0,NULL,c55622a5-028b-40a3-b225-b58889b2cd6a,NULL
52503,297300,2025,10299,F250XL,"FORD F250 CREW CAB XL 4WD-O'DELL, DUANE"," ",1FT7W2BA1SEC19327,4301,"2026-07-16 17:47:53",265,25042,0,45,1,1,1,0,0,0,0,0,0,0,0,NULL,NULL,699,0,297300,NULL,NULL,XE75404,NULL,NULL,NULL,5282774,0,0,0,0,NULL,8a6ac6fd-16ea-4aae-ac73-cadd64c99978,NULL
52504,633200,NULL,10354," ","BARGE-SHUGART 40' X 10' X 7' (On RPO-McLean)",7843," ",4389,"2026-07-16 17:47:53",265,25025,0,45,1,1,1,0,0,1,0,0,0,0,0,NULL,NULL,699,0,633200,NULL,NULL,,NULL,NULL,NULL,NULL,0,0,0,1,NULL,ddfda765-5b54-4689-9005-5446112e30a7,NULL
52505,547500,2025,10314,BP118C,"CAT BP118C BROOM/SWEEPER",0FX803467," ",4316,"2026-07-16 17:47:53",265,25129,0,45,1,1,1,0,0,0,0,0,0,0,0,NULL,NULL,699,0,547500,NULL,NULL,NA,NULL,NULL,NULL,NULL,0,0,0,0,NULL,08472f2c-bd96-4cf3-bd9b-fd9e4527d7c5,NULL
52506,271400,2019,10411,"SILVERADO 1500LT","CHEV 1/2T SILVERADO DBL CAB 4WD-SHEA, PAT"," ",1GCRYDED2KZ285057,4404,"2026-07-16 17:47:53",265,25110,0,45,1,1,1,0,0,0,0,0,0,0,0,NULL,NULL,699,0,271400,NULL,NULL,MU2437,NULL,NULL,NULL,5205972,0,0,0,0,NULL,bd9e6624-8e96-4f29-8bec-be68b92922ef,NULL
52507,547300,2025,10314,BP118C,"CAT BP118C BROOM/SWEEPER",0FX803606," ",4316,"2026-07-16 17:47:53",265,25064,0,45,1,1,1,0,0,0,0,0,0,0,0,NULL,NULL,699,0,547300,NULL,NULL,NA,NULL,NULL,NULL,NULL,0,0,0,0,NULL,4f579bd8-e8dd-4f2e-a9ae-c055c69b85c4,NULL
52508,270200,2019,10411,"SILVERADO 2500HD LT","CHEV 3/4T SILVERADO QUAD CAB 4WD- PETERSON, AARON"," ",1GC1KSEG6KF216130,4401,"2026-07-16 17:47:53",265,25122,0,45,1,1,1,0,0,0,0,0,0,0,0,NULL,NULL,699,0,270200,NULL,NULL,XE93557,NULL,NULL,NULL,5205747,0,0,0,0,NULL,7ba4c45e-d342-4622-bf65-a18fc1b9ac12,NULL
52509,272100,2019,10411,"SILVERADO 2500LT","CHEV 3/4T SILVERADO DBL CAB 4WD-SPENCER, JEFF"," ",2GC2KSEG4K1191885,4401,"2026-07-16 17:47:53",265,25089,0,45,1,1,1,0,0,0,0,0,0,0,0,NULL,NULL,699,0,272100,NULL,NULL,EDYN23,NULL,NULL,NULL,5206195,0,0,0,0,NULL,c5511173-4c22-420f-8ea2-510639a2c1a9,NULL
52510,272200,2019,10411,"SILVERADO 2500LT","CHEV 3/4T SILVERADO DBL CAB 4WD- FAGER, TRISTAN"," ",2GC2KSEG8K1194210,4401,"2026-07-16 17:47:53",265,25132,0,45,1,1,1,0,0,0,0,0,0,0,0,NULL,NULL,699,0,272200,NULL,NULL,C85271R,NULL,NULL,NULL,5269290,0,0,0,0,NULL,7cdf6532-8c4d-4573-886f-ef199df8d3e5,NULL
52511,551001,2020,10337," ","TRIMBLE 3D SYSTEM FOR D6 DOZER S/N RBP00431",473841," ",4441,"2026-07-16 17:47:54",265,24981,0,45,1,0,1,0,0,0,0,0,0,0,0,NULL,NULL,699,0,551001,NULL,NULL,NA,NULL,NULL,NULL,NULL,0,0,0,0,NULL,6fb1f3e6-fac1-4674-887f-8174a2ddd549,NULL
52512,298700,2025,10299,"RANGER XLT","FORD RANGER XLT 4WD - FINNEGAN, CLARE"," ",1FTER4HH8SLE10463,4439,"2026-07-16 17:47:54",265,25089,0,45,1,1,1,0,0,0,0,0,0,0,0,NULL,NULL,699,0,298700,NULL,NULL,EEDQ31,NULL,NULL,NULL,5284362,0,0,0,0,NULL,76febabd-39c1-4ed0-81f0-190efd6a92f7,NULL
52513,640400,2006,10354," ","BARGE-SHUGART 40' X 10' X 7'",7257," ",4292,"2026-07-16 17:47:54",265,25136,0,45,1,1,1,0,0,0,0,0,0,0,0,NULL,NULL,699,0,640400,NULL,NULL,,NULL,NULL,NULL,NULL,0,0,0,1,NULL,5b573e06-b20c-461c-b889-edfe432af629,NULL
52514,298500,2025,10299,"RANGER XLT","FORD RANGER XLT 4WD - PITTINARO, TYLER"," ",1FTER4HHXSLE10478,4439,"2026-07-16 17:47:54",265,25089,0,45,1,1,1,0,0,0,0,0,0,0,0,NULL,NULL,699,0,298500,NULL,NULL,EEDQ26,NULL,NULL,NULL,5284358,0,0,0,0,NULL,4438160e-6dc9-47fa-b9ae-416585aa283d,NULL
52515,640700,2006,10354," ","BARGE-SHUGART 40' X 10' X 7'",7262," ",4292,"2026-07-16 17:47:54",265,25136,0,45,1,1,1,0,0,0,0,0,0,0,0,NULL,NULL,699,0,640700,NULL,NULL,,NULL,NULL,NULL,NULL,0,0,0,1,NULL,304bbeb1-983b-4461-b8c3-1d14009d124b,NULL
52516,547700,2024,10314,H160S,"HAMMER-CAT H160S HYDRAULIC",21M8774," ",4286,"2026-07-16 17:47:54",265,25042,0,45,1,1,1,0,0,0,0,0,0,0,0,NULL,NULL,699,0,547700,NULL,NULL,,NULL,NULL,NULL,NULL,0,0,0,0,NULL,e4209321-c6ce-4a9b-bcd8-850bed2a87fe,NULL
52517,551201,2021,10337,EARTHDOZER,"TRIMBLE EARTHDOZER SYSTEM",W14874," ",4441,"2026-07-16 17:47:54",265,24981,0,45,1,0,1,0,0,0,0,0,0,0,0,NULL,NULL,699,0,551201,NULL,NULL,NA,NULL,NULL,NULL,NULL,0,0,0,0,NULL,62a7e9c7-d57e-46f8-8522-78edf334324d,NULL
52518,546700,2024,10314,BA118C,"CAT BA118C BROOM/SWEEPER",0BX805742," ",4316,"2026-07-16 17:47:54",265,25019,0,45,1,1,1,0,0,0,0,0,0,0,0,NULL,NULL,699,0,546700,NULL,NULL,NA,NULL,NULL,NULL,NULL,0,0,0,0,NULL,d96c0278-3a94-4746-adeb-f830c5ead611,NULL
52519,299400,2025,10299,"RANGER XLT","FORD RANGER XLT 4WD - CHAVARRIA, DAMIEN"," ",1FTER4HH1RLE44979,4439,"2026-07-16 17:47:54",265,25019,0,45,1,1,1,0,0,0,0,0,0,0,0,NULL,NULL,699,0,299400,NULL,NULL,EDYS32,NULL,NULL,NULL,5277560,0,0,0,0,NULL,4541f22f-5d1c-4247-b27b-042a4ccee2e2,NULL
52520,298400,2025,10299,"RANGER XLT","FORD RANGER XLT 4WD - MEIESALGADO, MARC"," ",1FTER4HH9SLE11122,4439,"2026-07-16 17:47:54",265,25019,0,45,1,1,1,0,0,0,0,0,0,0,0,NULL,NULL,699,0,298400,NULL,NULL,EDZC58,NULL,NULL,NULL,5283666,0,0,0,0,NULL,05d99267-57df-48f4-899e-db295ce93b98,NULL
52521,641200,2006,10354," ","BARGE-SHUGART 40' X 10' X 7'",7246," ",4292,"2026-07-16 17:47:54",265,25025,0,45,1,1,1,0,0,0,0,0,0,0,0,NULL,NULL,699,0,641200,NULL,NULL,,NULL,NULL,NULL,NULL,0,0,0,1,NULL,10474727-b181-4d0a-a868-bf892c71b259,NULL
52522,298900,2025,10299,"RANGER XLT","FORD RANGER XLT 4WD - SHELKUNOV, VLAD"," ",1FTER4HH1SLE39903,4439,"2026-07-16 17:47:54",265,25019,0,45,1,1,1,0,0,0,0,0,0,0,0,NULL,NULL,699,0,298900,NULL,NULL,EEGH85,NULL,NULL,NULL,5284400,0,0,0,0,NULL,aba54c83-88f5-4be6-91cd-3a51e1956a54,NULL
52523,271500,2019,10411,"SILVERADO 1500LT","CHEV 1/2T SILVERADO DBL CAB 4WD-HERLACHE, PAUL"," ",1GCRYDED2KZ311835,4404,"2026-07-16 17:47:54",265,25122,0,45,1,1,1,0,0,0,0,0,0,0,0,NULL,NULL,699,0,271500,NULL,NULL,YEJ977,NULL,NULL,NULL,5206006,0,0,0,0,NULL,e76a3d54-c995-45f4-9565-8ac810fe3e6c,NULL
52524,640600,2006,10354," ","BARGE-SHUGART 40' X 10' X 7'",7254," ",4292,"2026-07-16 17:47:55",265,25136,0,45,1,1,1,0,0,0,0,0,0,0,0,NULL,NULL,699,0,640600,NULL,NULL,,NULL,NULL,NULL,NULL,0,0,0,1,NULL,6d7a4ac9-33d1-4d55-93ed-88707372835a,NULL
52525,298600,2025,10299,"RANGER XLT","FORD RANGER XLT 4WD - PELESKY, MACKENZIE"," ",1FTER4HHXSLE10447,4439,"2026-07-16 17:47:55",265,25064,0,45,1,1,1,0,0,0,0,0,0,0,0,NULL,NULL,699,0,298600,NULL,NULL,EDZC78,NULL,NULL,NULL,5219697,0,0,0,0,NULL,9bc84777-5397-4f2d-89cc-15e142afbb63,NULL
52526,272500,2020,10411,"SILVERADO 2500LT","CHEV 3/4T SILVERADO DBL CAB 4WD- MORRISON, KEN"," ",1GC4YNE77LF150895,4401,"2026-07-16 17:47:55",265,24981,0,45,1,1,1,0,0,0,0,0,0,0,0,NULL,NULL,699,0,272500,NULL,NULL,EDYN25,NULL,NULL,NULL,5206242,0,0,0,0,NULL,e80c8b38-096d-4ea6-aebd-fc4094b58af3,NULL
52527,551301,2021,10337,EARTHDOZER,"TRIMBLE 3D SYSTEM FOR D6N DOZER"," "," ",4441,"2026-07-16 17:47:55",265,24981,0,45,1,0,1,0,0,0,0,0,0,0,0,NULL,NULL,699,0,551301,NULL,NULL,NA,NULL,NULL,NULL,NULL,0,0,0,0,NULL,52b3531f-12d3-47e6-8b00-8ea13467e062,NULL
52528,299900,2025,10299,"F150 XLT","FORD F150 SUPERCREW XLT - NAIBAUER, DAVID"," ",1FTEW3LP6RKF77938,4429,"2026-07-16 17:47:55",265,24981,0,45,1,1,1,0,0,0,0,0,0,0,0,NULL,NULL,699,0,299900,NULL,NULL,EDZC40,NULL,NULL,NULL,5219702,0,0,0,0,NULL,b56bbd0b-ae6a-4301-8003-002c91ca79cd,NULL
52529,551501,2022,10337,D4K/D2,"TRIMBLE 3D SYSTEM FOR D4K/D2 DOZER",469048," ",4441,"2026-07-16 17:47:55",265,24981,0,45,1,0,1,0,0,0,0,0,0,0,0,NULL,NULL,699,0,551501,NULL,NULL,NA,NULL,NULL,NULL,NULL,0,0,0,0,NULL,4a41ccfc-2a39-4bda-ab23-3f2c433bf82e,NULL
52530,299200,2025,10299,"RANGER XLT","FORD RANGER XLT SUPERCREW 4WD - MARSHALL, COLIN"," ",1FTER4HH0RLE67931,4439,"2026-07-16 17:47:55",265,24982,0,45,1,1,1,0,0,0,0,0,0,0,0,NULL,NULL,699,0,299200,NULL,NULL,EDYS30,NULL,NULL,NULL,5284411,0,0,0,0,NULL,3c47f126-552c-4864-9683-1a05d5f67e0f,NULL
52531,273300,2020,10299,"FORD F150 XLT","FORD F150 SUPERCAB XLT 4WD-  WILKE, JESSE"," ",1FTFX1E56LFA98775,4404,"2026-07-16 17:47:55",265,25031,0,45,1,1,1,0,0,0,0,0,0,0,0,NULL,NULL,699,0,273300,NULL,NULL,PZ9973,NULL,NULL,NULL,5206248,0,0,0,0,NULL,d1e47229-1c1d-4c62-aa83-a064c25ca2fc,NULL
52532,299300,2025,10299,"RANGER XLT","FORD RANGER XLT 4WD - FERGUSON, COLE"," ",1FTER4HH6RLE44931,4439,"2026-07-16 17:47:55",265,25019,0,45,1,1,1,0,0,0,0,0,0,0,0,NULL,NULL,699,0,299300,NULL,NULL,EDYS31,NULL,NULL,NULL,5282812,0,0,0,0,NULL,b05912b3-6e81-4013-8727-77d61f888fda,NULL
52533,640800,2006,10354," ","BARGE-SHUGART 40' X 10' X 7'",7255," ",4292,"2026-07-16 17:47:55",265,25025,0,45,1,1,1,0,0,0,0,0,0,0,0,NULL,NULL,699,0,640800,NULL,NULL,,NULL,NULL,NULL,NULL,0,0,0,1,NULL,25e48dc3-6af3-4478-b477-fbd33d508f61,NULL
52534,272900,2020,10299,"FORD F150 XLT","FORD F150 SUPERCAB XLT 4WD-SMITH, CALEB"," ",1FTFX1E54LFA98774,4404,"2026-07-16 17:47:55",265,24978,0,45,1,1,1,0,0,0,0,0,0,0,0,NULL,NULL,699,0,272900,NULL,NULL,PZ9971,NULL,NULL,NULL,5206244,0,0,0,0,NULL,a72101c0-6875-4546-b09b-7f554cb7b81b,NULL
52535,300000,2025,10411,"SILVERADO 2500HD LT","CHEVY SILVERADO 2500HD LT CREW CAB - KEHOE, DALE"," ",2GC4KNE70S1201449,4301,"2026-07-16 17:47:55",265,25025,0,45,1,1,1,0,0,0,0,0,0,0,0,NULL,NULL,699,0,300000,NULL,NULL,DH45376,NULL,NULL,NULL,5219710,0,0,0,0,NULL,c3259a62-0b6b-496d-b028-655d452cd333,NULL
52536,551000,2020,10314," ","CAT D6 VP DOZER",0RBP00431," ",4469,"2026-07-16 17:47:55",265,25129,0,45,1,1,1,0,0,0,0,0,0,0,0,NULL,NULL,699,0,551000,NULL,NULL,0040356343,NULL,NULL,10016639,NULL,0,0,0,1,NULL,16cd4ea3-de21-4ef6-a365-6833c1abbf24,NULL
52537,273100,2020,10299,"FORD F250 XLT","FORD F250 SUPER DUTY XLT REG CAB 4WD- COMBS, LOGAN"," ",1FTBF2B62LEC47421,4401,"2026-07-16 17:47:56",265,25136,0,45,1,1,1,0,0,0,0,0,0,0,0,NULL,NULL,699,0,273100,NULL,NULL,XE14020,NULL,NULL,NULL,5206246,0,0,0,0,NULL,d1ff6266-65e5-4792-92e0-4311beb52ef3,NULL
52538,300100,2025,10299,"F150 XLT","FORD F150 SUPERCREW XLT - RICE, MIKE"," ",1FTFW3L82SKD40608,4429,"2026-07-16 17:47:56",265,25110,0,45,1,1,1,0,0,0,0,0,0,0,0,NULL,NULL,699,0,300100,NULL,NULL,VV3388,NULL,NULL,NULL,5190276,0,0,0,0,NULL,2638ad8b-f05b-40e4-a736-cc29cc06eca6,NULL
52539,300200,2024,10305,"RAM 3500","DODGE RAM 3500 REG CAB 4X4 - PLAIN YARD USE"," ",3C7WRTBLXRG290980,4462,"2026-07-16 17:47:56",265,25018,0,45,1,1,1,0,0,0,0,0,0,0,0,NULL,NULL,699,0,300200,NULL,NULL,EC82018,NULL,NULL,NULL,5227512,0,0,0,0,NULL,3f3d9e9e-ba38-4486-a18b-1d1669326438,NULL
52540,272800,2020,10299,"FORD F150 XLT","FORD F150 SUPERCAB XLT 4WD-RICHARD, MARK"," ",1FTFX1E52LFA98773,4404,"2026-07-16 17:47:56",265,25018,0,45,1,1,1,0,0,0,0,0,0,0,0,NULL,NULL,699,0,272800,NULL,NULL,PZ9972,NULL,NULL,NULL,5206243,0,0,0,0,NULL,682a7bf6-4800-4d70-97bd-91e04b6ce9e9,NULL
52541,551300,2019,10314,D6N,"CAT D6N LGP DOZER",SGG00830," ",4450,"2026-07-16 17:47:56",265,25089,0,45,1,1,1,0,0,0,0,0,0,0,0,NULL,NULL,699,0,551300,NULL,NULL,0040356327,NULL,NULL,10016644,NULL,0,0,2,1,NULL,cacf47ba-1f9b-4b6f-b762-5cd9b2ce8ef0,NULL
52542,641300,2006,10354," ","BARGE-SHUGART 40' X 10' X 7'",7250," ",4292,"2026-07-16 17:47:56",265,25025,0,45,1,1,1,0,0,0,0,0,0,0,0,NULL,NULL,699,0,641300,NULL,NULL,,NULL,NULL,NULL,NULL,0,0,0,1,NULL,17e5a8ab-9c5f-467e-a6a6-79feec93eb00,NULL
52543,273600,2020,10299,"FORD F250 XLT","FORD F250 SUPER CAB XLT 4WD- SMITH, BEAR"," ",1FT7X2B66LEC47425,4401,"2026-07-16 17:47:56",265,25132,0,45,1,1,1,0,0,0,0,0,0,0,0,NULL,NULL,699,0,273600,NULL,NULL,C14638Y,NULL,NULL,NULL,5269291,0,0,0,0,NULL,656593f9-e9fd-43f1-aed2-6a7b5e42a521,NULL
52544,640500,2006,10354," ","BARGE-SHUGART 40' X 10' X 7'",7251," ",4292,"2026-07-16 17:47:56",265,25025,0,45,1,1,1,0,0,0,0,0,0,0,0,NULL,NULL,699,0,640500,NULL,NULL,,NULL,NULL,NULL,NULL,0,0,0,1,NULL,cb0d8e49-bf46-43e1-a48b-6217f70aef69,NULL
52545,547200,2025,10314,BP118C,"CAT BP118C BROOM/SWEEPER",0FX804791," ",4316,"2026-07-16 17:47:56",265,25089,0,45,1,1,1,0,0,0,0,0,0,0,0,NULL,NULL,699,0,547200,NULL,NULL,NA,NULL,NULL,NULL,NULL,0,0,0,0,NULL,c0225d40-bcea-416c-92fe-46cac38f1d10,NULL
52546,641000,2006,10354," ","BARGE-SHUGART 40' X 10' X 7'",7263," ",4292,"2026-07-16 17:47:56",265,25136,0,45,1,1,1,0,0,0,0,0,0,0,0,NULL,NULL,699,0,641000,NULL,NULL,,NULL,NULL,NULL,NULL,0,0,0,1,NULL,108b64fa-5fd6-4be0-8cb5-77475419f6e7,NULL
52547,299800,2025,10299,F250XL,"FORD F250 XL CREW CAB - MONTOVER, CHAD"," ",1FT7W2BA5SED08723,4301,"2026-07-16 17:47:56",265,25033,0,45,1,1,1,0,0,0,0,0,0,0,0,NULL,NULL,699,0,299800,NULL,NULL,EIEL44,NULL,NULL,NULL,5284405,0,0,0,0,NULL,5de607e7-ea15-4cef-b2de-1812f5805226,NULL
52548,641100,2006,10354," ","BARGE-SHUGART 40' X 10' X 7'",7261," ",4292,"2026-07-16 17:47:57",265,25025,0,45,1,1,1,0,0,0,0,0,0,0,0,NULL,NULL,699,0,641100,NULL,NULL,,NULL,NULL,NULL,NULL,0,0,0,1,NULL,60af0759-15b9-4cb8-8615-a8a64c598bbe,NULL
52549,300400,2025,10299,"F250 XL","FORD F250 XL CREW CAB 4WD - REYES, JOSE"," ",1FT7W2BA9SED27856,4301,"2026-07-16 17:47:57",265,25089,0,45,1,1,1,0,0,0,0,0,0,0,0,NULL,NULL,699,0,300400,NULL,NULL,EEFB40,NULL,NULL,NULL,5283676,0,0,0,0,NULL,34cccdab-ebd1-45b1-afb1-27f5e33f47a5,NULL
52550,300500,2025,10299,"F250 XL","FORD F250 XL CREW CAB 4WD - MALDONADO, HENRY",1FT7W2BAOSEC82631," ",4301,"2026-07-16 17:47:57",265,25089,0,45,1,1,1,0,0,0,0,0,0,0,0,NULL,NULL,699,0,300500,NULL,NULL,EEFP67,NULL,NULL,NULL,5282825,0,0,0,0,NULL,4f2d38ed-be16-4371-bb0c-c7795cfca546,NULL
52551,273000,2020,10299,"FORD F250 XLT","FORD F250 SUPER DUTY XLT REG CAB 4WD- LERMA, JUAN"," ",1FTBF2B60LEC47420,4401,"2026-07-16 17:47:57",265,25025,0,45,1,1,1,0,0,0,0,0,0,0,0,NULL,NULL,699,0,273000,NULL,NULL,XE14021,NULL,NULL,NULL,5206245,0,0,0,0,NULL,6dd89313-3f95-4902-bc7a-43280578e2a5,NULL
52552,551100,2019,10314," ","CAT D6T LGPVPT DOZER (SOLD 06/24/26)",0MH701046," ",4450,"2026-07-16 17:47:57",265,25018,0,45,1,0,1,0,0,0,0,0,0,0,0,NULL,NULL,699,0,551100,NULL,NULL,0040356351,NULL,NULL,NULL,NULL,0,0,0,0,NULL,58cbc4fa-c39d-4786-8053-07799b3c35c7,NULL
52553,273700,2020,10299,"FORD F250 XLT","FORD F250 SUPER DUTY XLT SUPER CAB- HANEY, STEVE"," ",1FT7X2B60LEC72689,4401,"2026-07-16 17:47:57",265,25060,0,45,1,1,1,0,0,0,0,0,0,0,0,NULL,NULL,699,0,273700,NULL,NULL,XE15832,NULL,NULL,NULL,5206252,0,0,0,0,NULL,470310ec-22b2-47af-a47e-7717b4192800,NULL
52554,299500,2025,10299,"F150 XL","FORD F150 SUPERCREW XL 4WD - CURETON, CHAD"," ",1FTFW1L57SKD72769,4429,"2026-07-16 17:47:57",265,25019,0,45,1,1,1,0,0,0,0,0,0,0,0,NULL,NULL,699,0,299500,NULL,NULL,EDZC49,NULL,NULL,NULL,5282827,0,0,0,0,NULL,d92df0ad-822f-4738-912c-ad0a24f630cd,NULL
52555,551601,NULL,10337," ","TRIMBLE GPS - CAT D6K2 DOZER #5516",SMA18125," ",4441,"2026-07-16 17:47:57",265,24981,0,45,1,0,1,0,0,0,0,0,0,0,0,NULL,NULL,699,0,551601,NULL,NULL,NA,NULL,NULL,NULL,NULL,0,0,0,0,NULL,e0e7d2f2-1abc-4717-a289-990a496dd7eb,NULL
52556,641500,2006,10354," ","BARGE-SHUGART 20' X 10' X 7'",7259," ",4382,"2026-07-16 17:47:57",265,25071,0,45,1,1,1,0,0,0,0,0,0,0,0,NULL,NULL,699,0,641500,NULL,NULL,,NULL,NULL,NULL,NULL,0,0,0,1,NULL,9c7d85d5-95ce-4400-bfac-c11fb642171f,NULL
52557,551700,2019,10314,"D6T XL","CAT D6T XL DOZER",0NDY00526," ",4451,"2026-07-16 17:47:57",265,25089,0,45,1,1,1,0,0,0,0,0,0,0,0,NULL,NULL,699,0,551700,NULL,NULL,0033494034,NULL,NULL,10009911,NULL,0,0,1,1,2775,c0d3f1b6-f1cb-4403-8881-9ceaa58995e6,NULL
52558,272300,2019,10411,"SILVERADO 1500LT","CHEV 1/2T SILVERADO DBL CAB 4WD- BLUHM, JOSH"," ",1GCRYDED5KZ391664,4404,"2026-07-16 17:47:57",265,24978,0,45,1,1,1,0,0,0,0,0,0,0,0,NULL,NULL,699,0,272300,NULL,NULL,DNZ457,NULL,NULL,NULL,5206240,0,0,0,0,NULL,8dcd3f99-03be-4bf3-bd83-5ba8eeed22bf,NULL
52559,299600,2025,10299,F250XL,"FORD F250 XL CREW CAB - DIAZ, EMMANUEL"," ",1FT7W2BA5SED09502,4301,"2026-07-16 17:47:58",265,25089,0,45,1,1,1,0,0,0,0,0,0,0,0,NULL,NULL,699,0,299600,NULL,NULL,EIEL43,NULL,NULL,NULL,5284404,0,0,0,0,NULL,69ac9be8-76a4-4d47-a904-b9c04886ae15,NULL
52560,299000,2025,10299,"RANGER XLT","FORD RANGER XLT 4WD - FLOCK, PETER"," ",1FTER4HHXSLE10450,4439,"2026-07-16 17:47:58",265,25042,0,45,1,1,1,0,0,0,0,0,0,0,0,NULL,NULL,699,0,299000,NULL,NULL,WD7100,NULL,NULL,NULL,5284375,0,0,0,0,NULL,b207964a-bf58-40a2-96d1-e42ec0a85440,NULL
52561,641600,2006,10354," ","BARGE-SHUGART 20' X 10' X 7'",7258," ",4382,"2026-07-16 17:47:58",265,25071,0,45,1,1,1,0,0,0,0,0,0,0,0,NULL,NULL,699,0,641600,NULL,NULL,,NULL,NULL,NULL,NULL,0,0,0,1,NULL,46ec15d0-2cee-4578-8f05-785f557acfdb,NULL
52562,641700,2010,10354," ","BARGE-SHUGART 20' X 10' X 7'",7356," ",4382,"2026-07-16 17:47:58",265,25025,0,45,1,1,1,0,0,0,0,0,0,0,0,NULL,NULL,699,0,641700,NULL,NULL,,NULL,NULL,NULL,NULL,0,0,0,1,NULL,75f7b74d-02c7-4ee0-a36d-c8bf55288c38,NULL
52563,273200,2020,10299,"FORD F250 XLT","FORD F250 SUPER DUTY XLT REG CAB 4WD- MONTOYA, DANIEL"," ",1FTBF2B64LEC47422,4401,"2026-07-16 17:47:58",265,24980,0,45,1,1,1,0,0,0,0,0,0,0,0,NULL,NULL,699,0,273200,NULL,NULL,EDYN26,NULL,NULL,NULL,5206247,0,0,0,0,NULL,5771df88-62ab-4c20-a182-75f2765a03c9,NULL
52564,273800,2020,10299,"FORD F250 XLT","FORD F250 SUPER DUTY XLT SUPER CAB 4WD- GRAINGER, MAX"," ",1FT7X2B68LEC47426,4401,"2026-07-16 17:47:58",265,25071,0,45,1,1,1,0,0,0,0,0,0,0,0,NULL,NULL,699,0,273800,NULL,NULL,XE14018,NULL,NULL,NULL,5206253,0,0,0,0,NULL,19148c7d-8152-47c3-bd29-97f9933f309d,NULL
52565,272400,2019,10411,"SILVERADO 2500LT","CHEV 3/4T SILVERADO DBL CAB 4WD- CHAVIRA, HECTOR"," ",2GC2KSEG3K1226755,4401,"2026-07-16 17:47:58",265,24981,0,45,1,1,1,0,0,0,0,0,0,0,0,NULL,NULL,699,0,272400,NULL,NULL,EDYN24,NULL,NULL,NULL,5206241,0,0,0,0,NULL,3c843ab3-6acc-48ea-bbc3-c60be83a8acf,NULL
52566,551500,2019,10314,D4K/D2,"CAT D4K2 DOZER",0KM207268," ",4541,"2026-07-16 17:47:58",265,25062,0,45,1,1,1,0,0,0,0,0,0,0,0,NULL,NULL,699,0,551500,NULL,NULL,0040356324,NULL,NULL,10017330,NULL,0,0,0,1,NULL,100d4e5f-3856-43be-9b89-b7dcde1b326f,NULL
52567,300300,2025,10299,"RANGER XLT","FORD RANGER XLT SUPERCREW 4WD - TOUS, TYLER"," ",1FTER4HH0SLE16497,4439,"2026-07-16 17:47:58",265,25019,0,45,1,1,1,0,0,0,0,0,0,0,0,NULL,NULL,699,0,300300,NULL,NULL,EEDZ50,NULL,NULL,NULL,5282815,0,0,0,0,NULL,23c8044d-c998-4bed-9968-2ae95d1b4271,NULL
52568,274600,2020,10299,"FORD F150 XLT","F150 SUPERCAB XLT 4WD- MARTINEZ, SERGIO"," ",1FTFX1E51LKD51699,4404,"2026-07-16 17:47:58",265,25089,0,45,1,1,1,0,0,0,0,0,0,0,0,NULL,NULL,699,0,274600,NULL,NULL,EDYN30,NULL,NULL,NULL,5206260,0,0,0,0,NULL,e8f7bc6b-d884-43ec-a8d5-ddc7488449b1,NULL
52569,551400,2021,10314,"D6 LGP","CAT D6 LGP DOZER",KTW01023," ",4450,"2026-07-16 17:47:58",265,25082,0,45,1,1,1,0,0,0,0,0,0,0,0,NULL,NULL,699,0,551400,NULL,NULL,0040356305,NULL,NULL,10016619,NULL,0,0,1,1,NULL,e4c7a751-0cc5-467d-9611-1683af603b41,NULL
52570,640900,2006,10354," ","BARGE-SHUGART 40' X 10' X 7'",7252," ",4292,"2026-07-16 17:47:58",265,25025,0,45,1,1,1,0,0,0,0,0,0,0,0,NULL,NULL,699,0,640900,NULL,NULL,,NULL,NULL,NULL,NULL,0,0,0,1,NULL,e8b8c29e-b6e1-4832-8e65-67c0e1c21e16,NULL
52571,300800,2025,10299,"ESCAPE ACTIVE","FORD ESCAPE ACTIVE AWD - HUMPHREY, JONELLE"," ",1FMCU9GN3SUB56659,4395,"2026-07-16 17:47:59",265,25019,0,45,1,1,1,0,0,0,0,0,0,0,0,NULL,NULL,699,0,300800,NULL,NULL,CWD1679,NULL,NULL,NULL,5278467,0,0,0,0,NULL,e8c60c9e-c9b1-4e6f-9478-9e992b2bdaaf,NULL
52572,642100,2010,10354," ","BARGE-SHUGART 20' X 10' X 7'",7064," ",4382,"2026-07-16 17:47:59",265,25071,0,45,1,1,1,0,0,0,0,0,0,0,0,NULL,NULL,699,0,642100,NULL,NULL,,NULL,NULL,NULL,NULL,0,0,0,1,NULL,32ce5734-fb8e-4c06-835d-a6abdd5c4291,NULL
52573,551600,2020,10314,"D6K LGP / D4-15LV","CAT D4/D6K2 DOZER",JPH00175," ",4541,"2026-07-16 17:47:59",265,25089,0,45,1,1,1,0,0,0,0,0,0,0,0,NULL,NULL,699,0,551600,NULL,NULL,0040356301,NULL,NULL,10028005,NULL,0,0,0,1,NULL,17a0d2d7-beff-4335-948b-a05ea20e7191,NULL
52574,273400,2020,10299,"FORD F150 XLT","FORD F150 SUPERCAB XLT 4WD- UNASSIGNED"," ",1FTFX1E58LFA98776,4404,"2026-07-16 17:47:59",265,25018,0,45,1,1,1,0,0,0,0,0,0,0,0,NULL,NULL,699,0,273400,NULL,NULL,PZ9974,NULL,NULL,NULL,5206249,0,0,0,0,NULL,675e725a-187a-480e-843f-de2a62113ba6,NULL
52575,274500,2020,10299,"FORD F150 XLT","F150 SUPERCAB XLT 4WD- TOUS, NOAH"," ",1FTFX1E5XLKD51698,4404,"2026-07-16 17:47:59",265,25089,0,45,1,1,1,0,0,0,0,0,0,0,0,NULL,NULL,699,0,274500,NULL,NULL,EDYN29,NULL,NULL,NULL,5206259,0,0,0,0,NULL,2a82167b-106c-4e6c-b3bb-e273db96fdc2,NULL
52576,641800,2010,10354," ","BARGE-SHUGART 20' X 10' X 7'",7357," ",4382,"2026-07-16 17:47:59",265,25025,0,45,1,1,1,0,0,0,0,0,0,0,0,NULL,NULL,699,0,641800,NULL,NULL,,NULL,NULL,NULL,NULL,0,0,0,1,NULL,64a731e6-121c-4481-854e-393321acf0ad,NULL
52577,273500,2020,10299,"FORD F250 XLT","FORD F250 SUPER DUTY XLT REG CAB 4WD- JORDAHL, JACOB"," ",1FTBF2B66LEC47423,4401,"2026-07-16 17:47:59",265,25067,0,45,1,1,1,0,0,0,0,0,0,0,0,NULL,NULL,699,0,273500,NULL,NULL,XE14022,NULL,NULL,NULL,5206250,0,0,0,0,NULL,b026d66d-88e2-48e1-875e-390f5c28a7d6,NULL
52578,641900,2010,10354," ","BARGE-SHUGART 40' X 10' X 7'",7353," ",4292,"2026-07-16 17:47:59",265,25025,0,45,1,1,1,0,0,0,0,0,0,0,0,NULL,NULL,699,0,641900,NULL,NULL,,NULL,NULL,NULL,NULL,0,0,0,1,NULL,fa6ab264-1aee-40df-bf5d-37404c5c2afc,NULL
52579,551200,2021,10314,D6K2,"CAT D6K2 DOZER",EL700774," ",4541,"2026-07-16 17:47:59",265,25080,0,45,1,1,1,0,0,0,0,0,0,0,0,NULL,NULL,699,0,551200,NULL,NULL,0040356329,NULL,NULL,10028913,NULL,0,0,0,1,NULL,27183077-6e44-454d-b52f-c43c7e06ffc5,NULL
52580,551800,2018,10314,D8T,"CAT D8T DOZER",FMC00826," ",4511,"2026-07-16 17:47:59",265,24980,0,45,1,1,1,0,0,0,0,0,0,0,0,NULL,NULL,699,0,551800,NULL,NULL,0033494045,NULL,NULL,10022839,NULL,0,0,1,1,NULL,47844c01-dcca-4ae8-8fce-3661e0845e4e,NULL
52581,274000,2020,10299,"FORD F250 XLT","FORD F250 SUPER DUTY XLT SUPER CAB- REUTTER, THERON"," ",1FT7X2B63LEC47561,4401,"2026-07-16 17:47:59",265,25107,0,45,1,1,1,0,0,0,0,0,0,0,0,NULL,NULL,699,0,274000,NULL,NULL,C95810T,NULL,NULL,NULL,5206254,0,0,0,0,NULL,41660d71-c678-406c-9b22-d114c95f15b3,NULL
52582,299700,2025,10299,F250XL,"FORD F250 XL CREW CAB - SORIANO-DEL TORO, EDUARDO"," ",1FT7W2BA2SED08730,4301,"2026-07-16 17:48:00",265,25129,0,45,1,1,1,0,0,0,0,0,0,0,0,NULL,NULL,699,0,299700,NULL,NULL,XE79365,NULL,NULL,NULL,5277501,0,0,0,0,NULL,113ca691-d9de-4ccd-a47f-3b21f558b2ba,NULL
52583,641400,2006,10354," ","BARGE-SHUGART 40' X 10' X 7'",7247," ",4292,"2026-07-16 17:48:00",265,25136,0,45,1,1,1,0,0,0,0,0,0,0,0,NULL,NULL,699,0,641400,NULL,NULL,,NULL,NULL,NULL,NULL,0,0,0,1,NULL,480d8ddc-3271-440a-86a7-0a162f5a0673,NULL
52584,642200,2010,10354," ","BARGE-SHUGART 20' X 10' X 7'",7476," ",4382,"2026-07-16 17:48:00",265,25071,0,45,1,1,1,0,0,0,0,0,0,0,0,NULL,NULL,699,0,642200,NULL,NULL,,NULL,NULL,NULL,NULL,0,0,0,1,NULL,32cb05c9-d7ae-46e5-b813-f3b862019228,NULL
52585,275000,2020,10299,"FORD F250 XLT","FORD F250 SUPER DUTY XLT CREW CAB 4WD- GALLARDO, GREGORIO"," ",1FT7W2B63LEC47529,4401,"2026-07-16 17:48:00",265,25089,0,45,1,1,1,0,0,0,0,0,0,0,0,NULL,NULL,699,0,275000,NULL,NULL,EDYN32,NULL,NULL,NULL,5206264,0,0,0,0,NULL,8c6cf1de-00c5-41d6-8220-5401addff7da,NULL
52586,642300,2010,10354," ","BARGE-SHUGART 40' X 10' X 7'",7219," ",4292,"2026-07-16 17:48:00",265,25071,0,45,1,1,1,0,0,0,0,0,0,0,0,NULL,NULL,699,0,642300,NULL,NULL,,NULL,NULL,NULL,NULL,0,0,0,1,NULL,e0132a4b-0daa-4ed2-a1ce-7412ef7c029a,NULL
52587,301300,2026,10299,"F250 XL","FORD F250 XL CREW CAB 4WD - QUINTANA, LUKADIO"," ",1FT7W2BA7TED41126,4301,"2026-07-16 17:48:00",265,25082,0,45,1,1,1,0,0,0,0,0,0,0,0,NULL,NULL,699,0,301300,NULL,NULL,EVPB57,NULL,NULL,NULL,5284384,0,0,0,0,NULL,e2afd13b-4b4d-4fd3-a38b-ca3d3c4c659c,NULL
52588,275100,2020,10299,"FORD F250 XLT","FORD F250 SUPER DUTY XLT CREW CAB 4WD- MORRISON, BRANDON"," ",1FT7W2B6XLEC47530,4401,"2026-07-16 17:48:00",265,25129,0,45,1,1,1,0,0,0,0,0,0,0,0,NULL,NULL,699,0,275100,NULL,NULL,EDYN33,NULL,NULL,NULL,5206265,0,0,0,0,NULL,16d5f647-8b62-4661-bb9a-11001ebf918c,NULL
52589,274900,2020,10299,"FORD F250 XLT","FORD F250 SUPER DUTY XLT SUPER CAB 4WD- BURLINGAME, JOSH"," ",1FT7X2B65LEC47531,4401,"2026-07-16 17:48:00",265,25011,0,45,1,1,1,0,0,0,0,0,0,0,0,NULL,NULL,699,0,274900,NULL,NULL,D25445A,NULL,NULL,NULL,5206263,0,0,0,0,NULL,d204f4cf-470f-4f52-8032-a1c73b05275f,NULL
52590,642400,2010,10354," ","BARGE-SHUGART 40' X 10' X 7'",7070," ",4292,"2026-07-16 17:48:00",265,25136,0,45,1,1,1,0,0,0,0,0,0,0,0,NULL,NULL,699,0,642400,NULL,NULL,,NULL,NULL,NULL,NULL,0,0,0,1,NULL,a651e0a1-802d-4e4d-ba88-c8318b4c0956,NULL
52591,301200,2026,10299,"F250 XL","FORD F250 XL CREW CAB 4WD - AHOLT, ERIC"," ",1FT7W2BA3TED41821,4301,"2026-07-16 17:48:00",265,25019,0,45,1,1,1,0,0,0,0,0,0,0,0,NULL,NULL,699,0,301200,NULL,NULL,EVPB56,NULL,NULL,NULL,5283644,0,0,0,0,NULL,2ef297c6-4843-46e1-8ba1-00cda5396b6f,NULL
52592,300600,2025,10299,"F250 XL","FORD F250 XL CREW CAB 4WD - DIAZ, ELIAS"," ",1FT7W2BA2SEE01179,4301,"2026-07-16 17:48:00",265,25089,0,45,1,1,1,0,0,0,0,0,0,0,0,NULL,NULL,699,0,300600,NULL,NULL,EEGF29,NULL,NULL,NULL,5277553,0,0,0,0,NULL,dce84bb5-d9c2-4b08-ba2a-35bb8cb6fdd3,NULL
52593,275200,2020,10299,"FORD F150 XLT","FORD F150 SUPERCAB XLT 4WD- ANDERSON, MIKAYLA"," ",1FTFX1E51LKD51704,4404,"2026-07-16 17:48:01",265,25098,0,45,1,1,1,0,0,0,0,0,0,0,0,NULL,NULL,699,0,275200,NULL,NULL,EBG681,NULL,NULL,NULL,5206266,0,0,0,0,NULL,88d8024b-b945-4878-9b26-8aeaf8aa3370,NULL
52594,643600,2012,10354," ","BARGE-SHUGART 40' X 10' X 7'",7457," ",4292,"2026-07-16 17:48:01",265,25071,0,45,1,1,1,0,0,0,0,0,0,0,0,NULL,NULL,699,0,643600,NULL,NULL,,NULL,NULL,NULL,NULL,0,0,0,1,NULL,9798d4aa-1319-476c-91b5-685202a96025,NULL
52595,301700,2026,10299,"F250 XL","FORD F250 XL CREW CAB 4WD - REZAC, ADAM"," ",1FT7W2BA5TED40671,4301,"2026-07-16 17:48:01",265,25044,0,45,1,1,1,0,0,0,0,0,0,0,0,NULL,NULL,699,0,301700,NULL,NULL,XE90313,NULL,NULL,NULL,5277548,0,0,0,0,NULL,2c70a58f-1463-4cc2-94fd-f761e49787e9,NULL
52596,642000,2010,10354," ","BARGE-SHUGART 40' X 10' X 7'",7351," ",4292,"2026-07-16 17:48:01",265,25136,0,45,1,1,1,0,0,0,0,0,0,0,0,NULL,NULL,699,0,642000,NULL,NULL,,NULL,NULL,NULL,NULL,0,0,0,1,NULL,c10120cd-850d-4bc9-b987-135319678c54,NULL
52597,300700,2025,10299,"F250 XL","FORD F250 LX CREW CAB 4WD - OBERG, JOSH"," ",1FT7W2BAXSEC89800,4301,"2026-07-16 17:48:01",265,25026,0,45,1,1,1,0,0,0,0,0,0,0,0,NULL,NULL,699,0,300700,NULL,NULL,XE82962,NULL,NULL,NULL,5283631,0,0,0,0,NULL,982f007c-59ab-4da9-84b7-47224f3cb3ea,NULL
52598,301600,2026,10299,"F250 XL","FORD F250 XL CREW CAB 4WD - VERHULST, BRANDON"," ",1FT7W2BAXTED40665,4301,"2026-07-16 17:48:01",265,25089,0,45,1,1,1,0,0,0,0,0,0,0,0,NULL,NULL,699,0,301600,NULL,NULL,EKMT49,NULL,NULL,NULL,5284383,0,0,0,0,NULL,100be048-0fb1-46a7-a141-955192d0b724,NULL
52599,642900,2010,10354," ","BARGE-SHUGART 40' X 10' X 7'",7129," ",4292,"2026-07-16 17:48:01",265,25136,0,45,1,1,1,0,0,0,0,0,0,0,0,NULL,NULL,699,0,642900,NULL,NULL,,NULL,NULL,NULL,NULL,0,0,0,1,NULL,2dc8220a-4f86-4a40-817a-0210efba6074,NULL
52600,275400,2020,10299,"FORD F150 XLT","FORD F150 SUPER CAB XLT 4WD- MARXHAUSEN, JACOB"," ",1FTFX1E55LKD51706,4404,"2026-07-16 17:48:01",265,25074,0,45,1,1,1,0,0,0,0,0,0,0,0,NULL,NULL,699,0,275400,NULL,NULL,EBG682,NULL,NULL,NULL,5206269,0,0,0,0,NULL,feb0f012-6c90-47b8-9e0e-6c1ece3852af,NULL
52601,642600,2010,10354," ","BARGE-SHUGART 40' X 10' X 7'",7071," ",4292,"2026-07-16 17:48:01",265,25136,0,45,1,1,1,0,0,0,0,0,0,0,0,NULL,NULL,699,0,642600,NULL,NULL,,NULL,NULL,NULL,NULL,0,0,0,1,NULL,c2264580-65ec-440a-b5b1-d6dab92e3bb5,NULL
52602,274800,2020,10299,"FORD F150 XLT","F150 SUPERCAB XLT 4WD- GOETZ, ELIJAH"," ",1FTFX1E56LKD51701,4404,"2026-07-16 17:48:01",265,25136,0,45,1,1,1,0,0,0,0,0,0,0,0,NULL,NULL,699,0,274800,NULL,NULL,RP8447,NULL,NULL,NULL,5206262,0,0,0,0,NULL,3900c024-a175-46da-81ae-97a57baa5bf5,NULL
52603,275300,2020,10299,"FORD F150 XLT","FORD F150 SUPER CAB XLT 4WD- TINOCO-APARICIO, JOSE"," ",1FTFX1E53LKD51705,4404,"2026-07-16 17:48:01",265,25119,0,45,1,1,1,0,0,0,0,0,0,0,0,NULL,NULL,699,0,275300,NULL,NULL,D42253J,NULL,NULL,NULL,5206267,0,0,0,0,NULL,5d2b23f8-9f4f-444f-85af-425e1eeb09c8,NULL
52604,274700,2020,10299,"FORD F150 XLT","F150 SUPERCAB XLT 4WD-RUE, TYLER"," ",1FTFX1E54LKD51700,4404,"2026-07-16 17:48:01",265,25045,0,45,1,1,1,0,0,0,0,0,0,0,0,NULL,NULL,699,0,274700,NULL,NULL,D42255J,NULL,NULL,NULL,5206261,0,0,0,0,NULL,8152dbb7-5141-4347-b1e5-61fce9715338,NULL
52605,642700,2010,10354," ","BARGE-SHUGART 40' X 10' X 7'",7056," ",4292,"2026-07-16 17:48:02",265,25071,0,45,1,1,1,0,0,0,0,0,0,0,0,NULL,NULL,699,0,642700,NULL,NULL,,NULL,NULL,NULL,NULL,0,0,0,1,NULL,4ee9fe8a-b8ee-499a-a38c-3c55a313c515,NULL
52606,643200,2010,10354," ","BARGE-SHUGART 40' X 10' X 7'",7066," ",4292,"2026-07-16 17:48:02",265,25071,0,45,1,1,1,0,0,0,0,0,0,0,0,NULL,NULL,699,0,643200,NULL,NULL,,NULL,NULL,NULL,NULL,0,0,0,1,NULL,25d06144-5e0e-4f85-af11-6b6fc0585abc,NULL
52607,275700,2020,10299,"FORD F250 XLT","FORD F250 SUPER DUTY XLT SUPER CAB 4WD- MAESTRI, CALEB"," ",1FT7X2B67LEC47532,4401,"2026-07-16 17:48:02",265,25026,0,45,1,1,1,0,0,0,0,0,0,0,0,NULL,NULL,699,0,275700,NULL,NULL,XE77977,NULL,NULL,NULL,5206304,0,0,0,0,NULL,1412e5ec-60ea-4179-b72c-50f8affbaf19,NULL
52608,299100,2025,10299,"RANGER XLT","FORD RANGER XLT SUPERCREW 4WD - LENTSCH, GREG"," ",1FTER4HH3RLE31635,4439,"2026-07-16 17:48:02",265,25089,0,45,1,1,1,0,0,0,0,0,0,0,0,NULL,NULL,699,0,299100,NULL,NULL,EDYS29,NULL,NULL,NULL,5284397,0,0,0,0,NULL,2c05f352-6345-40d7-8157-782227729571,NULL
52609,643700,2012,10354," ","BARGE-SHUGART 40' X 10' X 7'",7460," ",4292,"2026-07-16 17:48:02",265,25136,0,45,1,1,1,0,0,0,0,0,0,0,0,NULL,NULL,699,0,643700,NULL,NULL,,NULL,NULL,NULL,NULL,0,0,0,1,NULL,c615c563-6c08-492a-b160-e1af0f997fb3,NULL
52610,555900,2018,10315,140A-20,"DECKOVER TRAILER 12,000# 20' (OIL TRAILER- CO SHOP)"," ",16VFX1729J2084526,4532,"2026-07-16 17:48:02",265,24981,0,45,1,1,1,0,0,0,0,0,0,0,0,NULL,NULL,699,0,555900,NULL,NULL,DR70576,NULL,NULL,NULL,NULL,0,0,0,0,NULL,b830df07-c4d0-408b-abdf-65782a076048,NULL
52611,643400,2010,10354," ","BARGE-SHUGART 40' X 10' X 7'",7067," ",4292,"2026-07-16 17:48:02",265,25071,0,45,1,1,1,0,0,0,0,0,0,0,0,NULL,NULL,699,0,643400,NULL,NULL,,NULL,NULL,NULL,NULL,0,0,0,1,NULL,8ccc6093-a4e8-40af-8fc9-b0fc51a9cacf,NULL
52612,643000,2010,10354," ","BARGE-SHUGART 40' X 10' X 7'",7039," ",4292,"2026-07-16 17:48:02",265,25071,0,45,1,1,1,0,0,0,0,0,0,0,0,NULL,NULL,699,0,643000,NULL,NULL,,NULL,NULL,NULL,NULL,0,0,0,1,NULL,bbb155f9-da8a-4b2b-8655-746164d0e716,NULL
52613,301000,2024,10299,T350,"FORD T-350 TRANSIT PASSENGER CARGO VAN"," ",1FBAX9C80RKA47945,4375,"2026-07-16 17:48:02",265,25089,0,45,1,1,1,0,0,0,0,0,0,0,0,NULL,NULL,699,0,301000,NULL,NULL,EKMT47,NULL,NULL,NULL,5276843,0,0,0,0,NULL,a6a25921-69f9-417f-9d86-dccdefb10855,NULL
52614,276800,2021,10299,"FORD F150 XLT","FORD F150 SUPERCAB XLT 4WD- ROACH, COLIN"," ",1FTFX1E56MKD70248,4404,"2026-07-16 17:48:02",265,25025,0,45,1,1,1,0,0,0,0,0,0,0,0,NULL,NULL,699,0,276800,NULL,NULL,RP8435,NULL,NULL,NULL,5206338,0,0,0,0,NULL,653235f2-4011-4b97-82d1-a84f50da4bdc,NULL
52615,274300,2020,10299,"FORD F150 XLT","F150 SUPERCAB XLT 4WD-MILLSAP, ADAM"," ",1FTFX1E56LKD51696,4404,"2026-07-16 17:48:02",265,25089,0,45,1,1,1,0,0,0,0,0,0,0,0,NULL,NULL,699,0,274300,NULL,NULL,EDYN27,NULL,NULL,NULL,5206257,0,0,0,0,NULL,1bafd06e-ca69-42a5-9231-59e21970706b,NULL
52616,555400,2016,10339," ","TRAILER 6x12 SINGLE AXLE ENCLOSED (CARLOS RIVAS)"," ",533TC1229GC258810,4526,"2026-07-16 17:48:03",265,25019,0,45,1,1,1,0,0,0,0,0,0,0,0,NULL,NULL,699,0,555400,NULL,NULL,DTPK00,NULL,NULL,NULL,NULL,0,0,0,0,NULL,d85d2c00-349a-4e09-95f5-c152054ce032,NULL
52617,275900,2020,10299,"FORD F250 XLT","FORD F250 SUPER DUTY XLT SUPER CAB 4WD- BORCHARDT, MATT"," ",1FT7X2B60LEC47534,4401,"2026-07-16 17:48:03",265,24978,0,45,1,1,1,0,0,0,0,0,0,0,0,NULL,NULL,699,0,275900,NULL,NULL,XE77981,NULL,NULL,NULL,5206336,0,0,0,0,NULL,e8b0c2f3-473f-4860-af1c-757e98ab9ca9,NULL
52618,301800,2026,10299,"F250 XL","FORD F250 XL CREW CAB 4WD - NEMESIO, ROMERO"," ",1FT7W2BA7TED40672,4301,"2026-07-16 17:48:03",265,25064,0,45,1,1,1,0,0,0,0,0,0,0,0,NULL,NULL,699,0,301800,NULL,NULL,EVPB54,NULL,NULL,NULL,5282782,0,0,0,0,NULL,1feded6a-f363-4877-ba58-fc95690e4471,NULL
52619,555300,2016,10339," ","TRAILER 6X12 SINGLE AXLE ENCLOSED (BRANDON PACHECO)"," ",533TC1222GC258809,4526,"2026-07-16 17:48:03",265,25019,0,45,1,1,1,0,0,0,0,0,0,0,0,NULL,NULL,699,0,555300,NULL,NULL,DXGC99,NULL,NULL,NULL,NULL,0,0,0,0,NULL,ff9f22c2-67bf-4827-8009-6a1875a7be58,NULL
52620,643100,2010,10354," ","BARGE-SHUGART 40' X 10' X 7'",7060," ",4292,"2026-07-16 17:48:03",265,25136,0,45,1,1,1,0,0,0,0,0,0,0,0,NULL,NULL,699,0,643100,NULL,NULL,,NULL,NULL,NULL,NULL,0,0,0,1,NULL,7ab7c5e1-2bc6-4775-b671-3779013f8022,NULL
52621,274400,2020,10299,"FORD F150 XLT","F150 SUPERCAB XLT 4WD- FREY, MORGAN"," ",1FTFX1E58LKD51697,4404,"2026-07-16 17:48:03",265,24981,0,45,1,1,1,0,0,0,0,0,0,0,0,NULL,NULL,699,0,274400,NULL,NULL,EDYN28,NULL,NULL,NULL,5206258,0,0,0,0,NULL,9f0df1fa-ebc1-4144-80f0-553f0f61b512,NULL
52622,642800,2010,10354," ","BARGE-SHUGART 40' X 10' X 7'",7218," ",4292,"2026-07-16 17:48:03",265,25071,0,45,1,1,1,0,0,0,0,0,0,0,0,NULL,NULL,699,0,642800,NULL,NULL,,NULL,NULL,NULL,NULL,0,0,0,1,NULL,5ed86c59-e2d6-4414-9f00-d7aeed62a6f4,NULL
52623,275800,2020,10299,"FORD F250 XLT","F250 SUPER DUTY XLT 4WD- RODEGHIER, JACK"," ",1FT7X2B69LEC47533,4401,"2026-07-16 17:48:03",265,25001,0,45,1,1,1,0,0,0,0,0,0,0,0,NULL,NULL,699,0,275800,NULL,NULL,XE77978,NULL,NULL,NULL,5206319,0,0,0,0,NULL,59df427a-8467-43a3-95bb-bb6fc31f0cb5,NULL
52624,300900,2025,10299,"F250 XL","FORD F250 XL CREW CAB 4WD - ENDRES, SHANE"," ",1FT8W2BA5SED43136,4301,"2026-07-16 17:48:03",265,25129,0,45,1,1,1,0,0,0,0,0,0,0,0,NULL,NULL,699,0,300900,NULL,NULL,WU2078,NULL,NULL,NULL,5284356,0,0,0,0,NULL,377082a4-885a-44a5-8d5a-46a5f009cfdb,NULL
52625,301100,2024,10299,T350,"FORD T-350 TRANSIT PASSENGER CARGO VAN"," ",1FBAX9C89RKA46308,4375,"2026-07-16 17:48:03",265,25089,0,45,1,1,1,0,0,0,0,0,0,0,0,NULL,NULL,699,0,301100,NULL,NULL,EKMT42,NULL,NULL,NULL,5281518,0,0,0,0,NULL,e5e0e2c8-f348-4266-b25a-16e4b36b95be,NULL
52626,643300,2010,10354," ","BARGE-SHUGART 40' X 10' X 7'",7057," ",4292,"2026-07-16 17:48:03",265,25071,0,45,1,1,1,0,0,0,0,0,0,0,0,NULL,NULL,699,0,643300,NULL,NULL,,NULL,NULL,NULL,NULL,0,0,0,1,NULL,3e15c988-52ba-4d33-bb06-52b8ddedf50c,NULL
52627,643500,2012,10354," ","BARGE-SHUGART 40' X 10' X 7'",7455," ",4292,"2026-07-16 17:48:03",265,25071,0,45,1,1,1,0,0,0,0,0,0,0,0,NULL,NULL,699,0,643500,NULL,NULL,,NULL,NULL,NULL,NULL,0,0,0,1,NULL,2a0565df-ee68-411e-86e4-33d371fbe1be,NULL
52628,277200,2020,10299,"FORD F250 QUAD","FORD F250 SUPER DUTY QUAD CAB XLT 4WD- CORONADO, BRIAN"," ",1FT7W2B65LEE27076,4401,"2026-07-16 17:48:03",265,25019,0,45,1,1,1,0,0,0,0,0,0,0,0,NULL,NULL,699,0,277200,NULL,NULL,EDYN36,NULL,NULL,NULL,5206341,0,0,0,0,NULL,9b68994b-7644-46fd-93ce-bd8aa32e1c2b,NULL
52629,274200,2020,10299,"FORD F350 XL","FORD F350 SUPER DUTY XL 4WD DSL FLATBED -JOB TRUCK"," ",1FDRF3H69LEC72744,4521,"2026-07-16 17:48:04",265,25132,0,45,1,1,1,0,0,0,0,0,0,0,0,NULL,NULL,699,0,274200,NULL,NULL,CO1951U,NULL,NULL,NULL,5269293,0,0,0,0,NULL,d0785c35-04c3-4a44-9a08-429e0e477637,NULL
52630,642500,2010,10354," ","BARGE-SHUGART 40' X 10' X 7'",7072," ",4292,"2026-07-16 17:48:04",265,25071,0,45,1,1,1,0,0,0,0,0,0,0,0,NULL,NULL,699,0,642500,NULL,NULL,,NULL,NULL,NULL,NULL,0,0,0,1,NULL,6e6af23f-2202-495a-bbc9-e4e2c0b6cf87,NULL
52631,643900,2012,10354," ","BARGE-SHUGART 40' X 10' X 7'",7466," ",4292,"2026-07-16 17:48:04",265,25071,0,45,1,1,1,0,0,0,0,0,0,0,0,NULL,NULL,699,0,643900,NULL,NULL,,NULL,NULL,NULL,NULL,0,0,0,1,NULL,08d01f8b-eafd-471f-8b2c-2720f891cbfa,NULL
52632,644700,2013,10354," ","BARGE-SHUGART 40' X 10' X 7'",7487," ",4292,"2026-07-16 17:48:04",265,25071,0,45,1,1,1,0,0,0,0,0,0,0,0,NULL,NULL,699,0,644700,NULL,NULL,,NULL,NULL,NULL,NULL,0,0,0,1,NULL,ee31c3d7-d8c2-4afe-90e5-fd6dff3c0295,NULL
52633,302200,2026,10299,"F250 XL","FORD F250 XL CREW CAB 4WD - VALENTINE, TOM"," ",1FT7W2BA3TED41060,4301,"2026-07-16 17:48:04",265,25094,0,45,1,1,1,0,0,0,0,0,0,0,0,NULL,NULL,699,0,302200,NULL,NULL,D42259J,NULL,NULL,NULL,5284381,0,0,0,0,NULL,df7230a3-a42a-430e-9950-2295df6b83be,NULL
52634,302400,2026,10299,"F250 XL","FORD F250 XL CREW CAB 4WD - MEIS, TYLER"," ",1FT7W2BA5TED42355,4301,"2026-07-16 17:48:04",265,25074,0,45,1,1,1,0,0,0,0,0,0,0,0,NULL,NULL,699,0,302400,NULL,NULL,XE90085,NULL,NULL,NULL,5282785,0,0,0,0,NULL,a5c0b8d7-730c-487d-abda-c17639f08ddd,NULL
52635,556500,2018,10331," ","STEEL DROP DECK TRAILER 53'"," ",5JYDF5328KED14354,4486,"2026-07-16 17:48:04",265,25110,0,45,1,1,1,0,0,0,0,0,0,0,0,NULL,NULL,699,0,556500,NULL,NULL,882905,NULL,NULL,NULL,NULL,0,0,0,0,NULL,0f77f3ab-f98a-4c63-a556-2931a0579fc3,NULL
52636,275600,2020,10299,"FORD F150 XLT","F150 SUPERCAB XLT 4WD-JALLO, AARON"," ",1FTFW1E56LKD51703,4404,"2026-07-16 17:48:05",265,25122,0,45,1,1,1,0,0,0,0,0,0,0,0,NULL,NULL,699,0,275600,NULL,NULL,EBG674,NULL,NULL,NULL,5206285,0,0,0,0,NULL,a7af07c5-32f5-40de-a9fa-a73e29005e7a,NULL
52637,277100,2020,10299,"FORD F150 XLT","FORD F150 SUPERCREW XLT 4WD- ZACHARDA, JACOB"," ",1FTFW1E51LKE65284,4404,"2026-07-16 17:48:05",265,25045,0,45,1,1,1,0,0,0,0,0,0,0,0,NULL,NULL,699,0,277100,NULL,NULL,C87744U,NULL,NULL,NULL,5206340,0,0,0,0,NULL,6e1d74f6-d9b6-4919-acc7-8570204093c1,NULL
52638,644000,2012,10354," ","BARGE-SHUGART 40' X 10' X 7'",7462," ",4292,"2026-07-16 17:48:05",265,25136,0,45,1,1,1,0,0,0,0,0,0,0,0,NULL,NULL,699,0,644000,NULL,NULL,,NULL,NULL,NULL,NULL,0,0,0,1,NULL,e74aa6f9-e502-4c74-ac69-368250ea387c,NULL
52639,277000,2020,10299,"FORD F150 XLT","FORD F150 SUPERCREW XLT 4WD- STARK, TYLER"," ",1FTFW1E5XLKE65283,4404,"2026-07-16 17:48:06",265,25110,0,45,1,1,1,0,0,0,0,0,0,0,0,NULL,NULL,699,0,277000,NULL,NULL,VB6806,NULL,NULL,NULL,5283633,0,0,0,0,NULL,17e33bda-ff50-4159-b1ed-0f00bf7a0f59,NULL
52640,274100,2020,10299,"FORD F250 XLT","FORD F250 SUPER DUTY XLT 4WD- LOPEZ, JESUS"," ",1FT7X2B65LEC47562,4401,"2026-07-16 17:48:06",265,25105,0,45,1,1,1,0,0,0,0,0,0,0,0,NULL,NULL,699,0,274100,NULL,NULL,EDYS55,NULL,NULL,NULL,5206255,0,0,0,0,NULL,2cb9e3d6-cce2-4d46-85f8-c2b9ddd93bfa,NULL
52641,645700,2011,10353,P3,"BARGE-POSEIDON P3 40' X 10' X 5'",PS100-PCR," ",4292,"2026-07-16 17:48:06",265,25136,0,45,1,1,1,0,0,0,0,0,0,0,0,NULL,NULL,699,0,645700,NULL,NULL,,NULL,NULL,NULL,NULL,0,0,0,1,NULL,e388ad08-3c36-4744-b84c-1d3eb8d03977,NULL
52642,557700,2020,10333," ","DECKOVER TRAILER 12,000# 20'"," ",4P5F8202XL1325386,4532,"2026-07-16 17:48:07",265,25132,0,45,1,1,1,0,0,0,0,0,0,0,0,NULL,NULL,699,0,557700,NULL,NULL,40720AD,NULL,NULL,NULL,NULL,0,0,0,0,NULL,6c5b459b-5b5b-473f-a96c-ac118c432497,NULL
52643,644400,2013,10354," ","BARGE-SHUGART 40' X 10' X 7'",7484," ",4292,"2026-07-16 17:48:07",265,25071,0,45,1,1,1,0,0,0,0,0,0,0,0,NULL,NULL,699,0,644400,NULL,NULL,,NULL,NULL,NULL,NULL,0,0,0,1,NULL,39793b7f-0d4c-4e88-ad69-cee4b2725b9c,NULL
52644,644800,2013,10354," ","BARGE-SHUGART 40' X 10' X 7'",7488," ",4292,"2026-07-16 17:48:07",265,25136,0,45,1,1,1,0,0,0,0,0,0,0,0,NULL,NULL,699,0,644800,NULL,NULL,,NULL,NULL,NULL,NULL,0,0,0,1,NULL,686cb188-24aa-4ed0-84eb-4968de8afe93,NULL
52645,302900,2026,10299,"F250 XL","FORD F250 XL CREW CAB 4WD - COPPERNOLL, SAM"," ",1FT7W2BA3TED41835,4301,"2026-07-16 17:48:08",265,25071,0,45,1,1,1,0,0,0,0,0,0,0,0,NULL,NULL,699,0,302900,NULL,NULL,XE89695,NULL,NULL,NULL,5266010,0,0,0,0,NULL,f9f5d47d-5eb0-4fd3-978d-dfaf9ccb0d66,NULL
52646,644200,2012,10354," ","BARGE-SHUGART 40' X 10' X 7'",7459," ",4292,"2026-07-16 17:48:20",265,25071,0,45,1,1,1,0,0,0,0,0,0,0,0,NULL,NULL,699,0,644200,NULL,NULL,,NULL,NULL,NULL,NULL,0,0,0,1,NULL,2ba638dd-83b9-4185-b71d-28f9a422b4b5,NULL
52647,303000,2026,10299,"F250 XL","FORD F250 XL CREW CAB 4WD - HOOVER, RYAN"," ",1FT7W2BA7TED41949,4301,"2026-07-16 17:48:20",265,25093,0,45,1,1,1,0,0,0,0,0,0,0,0,NULL,NULL,699,0,303000,NULL,NULL,XE90084,NULL,NULL,NULL,5284393,0,0,0,0,NULL,0b2afaa8-8521-4d45-971a-ae4521775d1f,NULL
52648,643800,2012,10354," ","BARGE-SHUGART 40' X 10' X 7'",7465," ",4292,"2026-07-16 17:48:20",265,25136,0,45,1,1,1,0,0,0,0,0,0,0,0,NULL,NULL,699,0,643800,NULL,NULL,,NULL,NULL,NULL,NULL,0,0,0,1,NULL,27d8f17e-b796-47b5-8f7f-08d772bd32e5,NULL
52649,644100,2012,10354," ","BARGE-SHUGART 40' X 10' X 7'",7458," ",4292,"2026-07-16 17:48:20",265,25071,0,45,1,1,1,0,0,0,0,0,0,0,0,NULL,NULL,699,0,644100,NULL,NULL,,NULL,NULL,NULL,NULL,0,0,0,1,NULL,9d870938-b25e-4713-b838-41833413d59c,NULL
52650,276600,2020,10305,"RAM 5500 4X4","DODGE RAM 5500 MECHANIC- BAUER, GLEN"," ",3C7WRNBL7LG102368,4418,"2026-07-16 17:48:20",265,25018,0,45,1,1,1,0,0,0,0,0,0,0,0,NULL,NULL,699,0,276600,NULL,NULL,14331Z,NULL,NULL,NULL,5283592,0,0,0,0,NULL,e317fac3-52c0-4f84-bd9b-26f968d199e2,NULL
52651,556000,2018,10315,140A-20,"DECKOVER TRAILER 12,000# 20'"," ",16VFX1729J2092061,4532,"2026-07-16 17:48:21",265,25018,0,45,1,1,1,0,0,0,0,0,0,0,0,NULL,NULL,699,0,556000,NULL,NULL,DR70577,NULL,NULL,NULL,NULL,0,0,0,0,NULL,8338d1f1-d60a-4e7f-b2de-7cdc3a255a78,NULL
52652,556100,2018,10315,140A-20,"DECKOVER TRAILER 12,000# 20'"," ",16VFX1724J2099189,4532,"2026-07-16 17:48:21",265,25058,0,45,1,1,1,0,0,0,0,0,0,0,0,NULL,NULL,699,0,556100,NULL,NULL,DR71370,NULL,NULL,NULL,NULL,0,0,0,0,NULL,a5fe9916-cd39-4185-b868-546bf71e85ed,NULL
52653,644500,2013,10354," ","BARGE-SHUGART 40' X 10' X 7'",7485," ",4292,"2026-07-16 17:48:21",265,25071,0,45,1,1,1,0,0,0,0,0,0,0,0,NULL,NULL,699,0,644500,NULL,NULL,,NULL,NULL,NULL,NULL,0,0,0,1,NULL,1241a9c2-f5bc-46ef-9f98-1c6e9f774c01,NULL
52654,275500,2020,10299,"FORD F150 XLT","FORD F150 SUPERCAB XLT 4WD- ERNSTE, TANNER"," ",1FTFX1E57LKD51707,4404,"2026-07-16 17:48:21",265,25012,0,45,1,1,1,0,0,0,0,0,0,0,0,NULL,NULL,699,0,275500,NULL,NULL,EBG683,NULL,NULL,NULL,5206270,0,0,0,0,NULL,812cb4ed-3f0f-48da-a892-2c650f81a328,NULL
52655,302800,2026,10299,"F250 XL","FORD F250 XL CREW CAB 4WD - MEYER, MIKE"," ",1FT7W2BA8TED40678,4301,"2026-07-16 17:48:21",265,25098,0,45,1,1,1,0,0,0,0,0,0,0,0,NULL,NULL,699,0,302800,NULL,NULL,XE90082,NULL,NULL,NULL,5283638,0,0,0,0,NULL,4ea6c3b0-65c7-4b3a-a78e-22bdf5a4e620,NULL
52656,302600,2026,10299,"F250 XL","FORD F250 XL CREW CAB 4WD - MATTESON, CHAD"," ",1FT7W2BAXTED40939,4301,"2026-07-16 17:48:22",265,25025,0,45,1,1,1,0,0,0,0,0,0,0,0,NULL,NULL,699,0,302600,NULL,NULL,XE89565,NULL,NULL,NULL,5284379,0,0,0,0,NULL,292fc874-4d11-49e7-a96a-3228eef62206,NULL
52657,646200,2012,10353,P3,"BARGE-POSEIDON P3 40' X 10' X 5'",PS121-QCR," ",4292,"2026-07-16 17:48:22",265,25042,0,45,1,1,1,0,0,0,0,0,0,0,0,NULL,NULL,699,0,646200,NULL,NULL,,NULL,NULL,NULL,NULL,0,0,0,1,NULL,0d681001-c86a-4ee9-8157-45ac3b5aa9b6,NULL
52658,276900,2020,10299,"FORD F150 XLT","FORD F150 SUPERCAB XLT 4WD- TANNER, MIRANDA"," ",1FTFX1E50LKD61849,4404,"2026-07-16 17:48:22",265,25064,0,45,1,1,1,0,0,0,0,0,0,0,0,NULL,NULL,699,0,276900,NULL,NULL,EDYN35,NULL,NULL,NULL,5206339,0,0,0,0,NULL,d9ec050f-c5da-48f3-a95c-fef4c2b6158f,NULL
52659,302700,2026,10299,"F250 XL","FORD F250 XL CREW CAB 4WD - DAMMANN, JEREMY"," ",1FT7W2BA4TED40385,4301,"2026-07-16 17:48:22",265,25058,0,45,1,1,1,0,0,0,0,0,0,0,0,NULL,NULL,699,0,302700,NULL,NULL,XE89563,NULL,NULL,NULL,5284380,0,0,0,0,NULL,3ee11433-7831-4d85-8040-4faca777d758,NULL
52660,645200,2012,10354," ","BARGE-SHUGART 20' X 10' X 7'",7446," ",4382,"2026-07-16 17:48:22",265,25025,0,45,1,1,1,0,0,0,0,0,0,0,0,NULL,NULL,699,0,645200,NULL,NULL,,NULL,NULL,NULL,NULL,0,0,0,1,NULL,f732228d-8ef9-433e-ae11-5e1ccb931808,NULL
52661,557800,2020,10334," ","DROP DECK 53' TRAILER WITH RAMPS"," ",2LDSD5323LE068933,4486,"2026-07-16 17:48:22",265,25122,0,45,1,1,1,0,0,0,0,0,0,0,0,NULL,NULL,699,0,557800,NULL,NULL,781020,NULL,NULL,NULL,NULL,0,0,0,0,NULL,300b0323-1016-4eae-9862-6d0aeef16860,NULL
52662,276200,2020,10299,"FORD F350 XL","F350 FORD SUPERDUTY XL 4WD (GAS)-FINISHERS - LILJANDER, JOSH"," ",1FDRF3H65LEC72739,4548,"2026-07-16 17:48:22",265,25122,0,45,1,1,1,0,0,0,0,0,0,0,0,NULL,NULL,699,0,276200,NULL,NULL,EC81238,NULL,NULL,NULL,5190217,0,0,0,0,NULL,519fa834-2351-47d1-9cd6-0d7adf9e9ccf,NULL
52663,646600,2012,10353,P3,"BARGE-POSEIDON P3 40' X 10' X 5'",PS129-QCR," ",4292,"2026-07-16 17:48:23",265,25042,0,45,1,1,1,0,0,0,0,0,0,0,0,NULL,NULL,699,0,646600,NULL,NULL,,NULL,NULL,NULL,NULL,0,0,0,1,NULL,e91ad729-e31a-4522-b981-b17fcea05db5,NULL
52664,557400,2019,10335,H8312DBW-140,"H&H DUMP TRAILER (14,000 GVW)"," ",5JWDD1220KN524002,4408,"2026-07-16 17:48:23",265,25122,0,45,1,1,1,0,0,0,0,0,0,0,0,NULL,NULL,699,0,557400,NULL,NULL,YA43411,NULL,NULL,NULL,NULL,0,0,0,0,NULL,9d731849-7069-4582-a545-3711ee09e231,NULL
52665,303300,2026,10299,"F250 XL","FORD F250 XL CREW CAB 4WD - SWANSON, KENNY"," ",1FT7W2BA8TED42463,4301,"2026-07-16 17:48:23",265,25042,0,45,1,1,1,0,0,0,0,0,0,0,0,NULL,NULL,699,0,303300,NULL,NULL,XE90314,NULL,NULL,NULL,5284394,0,0,0,0,NULL,24ffe01d-2066-4268-b160-f041ae4eb5a3,NULL
52666,644900,2013,10354,"SEE ASSET #642200 AL","BARGE-SHUGART 20' X 10' X 7'",7149," ",4382,"2026-07-16 17:48:23",265,25025,0,45,1,1,1,0,0,0,0,0,0,0,0,NULL,NULL,699,0,644900,NULL,NULL,,NULL,NULL,NULL,NULL,0,0,0,1,NULL,c3584aad-10c0-4b36-b4d9-db0e1c027d97,NULL
52667,557300,2019,10331," ","DORSEY 53' STEEL DROP TRAILER"," ",5JYDF5323LED16708,4486,"2026-07-16 17:48:23",265,25110,0,45,1,1,1,0,0,0,0,0,0,0,0,NULL,NULL,699,0,557300,NULL,NULL,772766,NULL,NULL,NULL,NULL,0,0,0,0,NULL,5ff33a6d-a1fd-4845-9c02-acdaad90cf96,NULL
52668,276700,2020,10299,"EXPLORER ST","FORD EXPLORER ST 4WD- CALLANAN, KAITLIN"," ",1FMSK8FH4LGB49131,4307,"2026-07-16 17:48:23",265,25064,0,45,1,1,1,0,0,0,0,0,0,0,0,NULL,NULL,699,0,276700,NULL,NULL,EDYN34,NULL,NULL,NULL,5206337,0,0,0,0,NULL,aad1cbc9-d5e5-4c06-82ec-d44c64feb4db,NULL
52669,277400,2021,10299,"FORD F150 XLT","FORD F150 SUPERCAB XLT 4WD- MEYER, JOSEPH"," ",1FTFX1E59MKD70308,4404,"2026-07-16 17:48:23",265,25025,0,45,1,1,1,0,0,0,0,0,0,0,0,NULL,NULL,699,0,277400,NULL,NULL,VW1258,NULL,NULL,NULL,5220229,0,0,0,0,NULL,34ba13f2-0460-48bb-8dbb-c5ab2ecc58ac,NULL
52670,303200,2026,10299,"F250 XL","FORD F250 XL CREW CAB 4WD - GRAHAM, STERLING"," ",1FT7W2BA9TED42133,4301,"2026-07-16 17:48:24",265,25008,0,45,1,1,1,0,0,0,0,0,0,0,0,NULL,NULL,699,0,303200,NULL,NULL,XE90087,NULL,NULL,NULL,5276795,0,0,0,0,NULL,51105b6f-692b-494c-8e8a-2ac19ff99c27,NULL
52671,277300,2021,10299,"FORD F150 XLT","FORD F150 SUPERCAB XLT 4WD- SHIMOMURA, KOICHIRO"," ",1FTFX1E58MKD70249,4404,"2026-07-16 17:48:24",265,25124,0,45,1,1,1,0,0,0,0,0,0,0,0,NULL,NULL,699,0,277300,NULL,NULL,RP8436,NULL,NULL,NULL,5206342,0,0,0,0,NULL,57b73891-090b-4267-acbc-034791f962cf,NULL
52672,277600,2021,10299,"FORD F150 XLT","FORD F150 SUPERCAB XLT 4WD-TRUJILLO, RYAN"," ",1FTFX1E56MKD70282,4404,"2026-07-16 17:48:24",265,25033,0,45,1,1,1,0,0,0,0,0,0,0,0,NULL,NULL,699,0,277600,NULL,NULL,EDYN38,NULL,NULL,NULL,5206344,0,0,0,0,NULL,f46fee68-8325-4a5e-a214-7e527446f4d9,NULL
52673,645400,2013,10356," ","WORK BARGE 8X24-EKS FAB"," "," ",4513,"2026-07-16 17:48:24",265,25025,0,45,1,1,1,0,0,0,0,0,0,0,0,NULL,NULL,699,0,645400,NULL,NULL,,NULL,NULL,NULL,NULL,0,0,0,1,NULL,454594d8-6c77-40e8-baee-c43df62fa4f0,NULL
52674,303700,2026,10299,"F150 XL","FORD F150 XL SUPERCAB 4WD - HELM, NICHOLAS"," ",1FTFX1L51TKD61314,4429,"2026-07-16 17:48:24",265,25033,0,45,1,1,1,0,0,0,0,0,0,0,0,NULL,NULL,699,0,303700,NULL,NULL,EKNS51,NULL,NULL,NULL,5281449,0,0,0,0,NULL,1777fd60-04ef-4695-8807-99dd351c0003,NULL
52675,646000,2012,10353,P3,"BARGE-POSEIDON P3 40' X 10' X 5'",PS119-QCR," ",4292,"2026-07-16 17:48:24",265,25018,0,45,1,1,1,0,0,0,0,0,0,0,0,NULL,NULL,699,0,646000,NULL,NULL,,NULL,NULL,NULL,NULL,0,0,0,1,NULL,fe478dcf-af9e-4c40-a839-3bf9b7972b34,NULL
52676,644600,2013,10354," ","BARGE-SHUGART 40' X 10' X 7'",7486," ",4292,"2026-07-16 17:48:24",265,25071,0,45,1,1,1,0,0,0,0,0,0,0,0,NULL,NULL,699,0,644600,NULL,NULL,,NULL,NULL,NULL,NULL,0,0,0,1,NULL,2bec7e25-87fc-46b8-8c34-3d17d692da16,NULL
52677,277700,2021,10299,"FORD F150 XLT","FORD F150 SUPERCAB XLT 4WD-DIRKS, MICHAEL"," ",1FTFX1E5XMKD70284,4404,"2026-07-16 17:48:25",265,25089,0,45,1,1,1,0,0,0,0,0,0,0,0,NULL,NULL,699,0,277700,NULL,NULL,EEFI46,NULL,NULL,NULL,5206345,0,0,0,0,NULL,f98d5a2b-00be-4bad-84ec-a184d9e1b807,NULL
52678,646400,2012,10353,P3,"BARGE-POSEIDON P3 40' X 10' X 5'",PS126-QCR," ",4292,"2026-07-16 17:48:26",265,25136,0,45,1,1,1,0,0,0,0,0,0,0,0,NULL,NULL,699,0,646400,NULL,NULL,,NULL,NULL,NULL,NULL,0,0,0,1,NULL,256f3382-d81c-49ea-bb2c-0d25d9a37931,NULL
52679,278400,2021,10299,"FORD F250 XLT","FORD F250 SUPERCAB XLT 4WD-DEWITT, EMY"," ",1FT7X2B66MED04871,4401,"2026-07-16 17:48:26",265,25124,0,45,1,1,1,0,0,0,0,0,0,0,0,NULL,NULL,699,0,278400,NULL,NULL,XE90312,NULL,NULL,NULL,5206351,0,0,0,0,NULL,a10da900-2a7b-41c0-b42d-74eb1aacfb7f,NULL
52680,557600,2020,10333," ","DECKOVER TRAILER 12,000# 22'"," ",4P5L62223L1328152,4532,"2026-07-16 17:48:27",265,25018,0,45,1,1,1,0,0,0,0,0,0,0,0,NULL,NULL,699,0,557600,NULL,NULL,XR72731,NULL,NULL,NULL,NULL,0,0,0,0,NULL,20a32e56-78a2-4bfa-8067-c0ede9498d72,NULL
52681,304700,2026,10299,"RANGER XLT","FORD RANGER XLT SUPERCREW 4WD - BELLFI, CHRIS"," ",1FTER4HH1TLE04327,4439,"2026-07-16 17:48:27",265,25129,0,45,1,1,1,0,0,0,0,0,0,0,0,NULL,NULL,699,0,304700,NULL,NULL,EKMT58,NULL,NULL,NULL,5284388,0,0,0,0,NULL,a65044a7-3a21-4504-b0d5-4fa1da68cec5,NULL
52682,645800,2012,10353,P3,"BARGE-POSEIDON P3 40' X 10' X 5'",PS105-QCR," ",4292,"2026-07-16 17:48:28",265,25018,0,45,1,1,1,0,0,0,0,0,0,0,0,NULL,NULL,699,0,645800,NULL,NULL,,NULL,NULL,NULL,NULL,0,0,0,1,NULL,415469ae-a6e1-4d98-912a-64ba163d01d1,NULL
52683,558000,2020,10315,14OA-17+3,"DECKOVER TRAILER 12,000# 20'"," ",16V1F2626L2080828,4532,"2026-07-16 17:48:28",265,25064,0,45,1,1,1,0,0,0,0,0,0,0,0,NULL,NULL,699,0,558000,NULL,NULL,DTPK09,NULL,NULL,NULL,NULL,0,0,0,0,NULL,1d6ca352-efe4-4652-9c72-0abd99e66420,NULL
52684,278000,2021,10299,"FORD F150 XLT","FORD F150 SUPERCAB XLT 4WD- ROMANOWICZ, JAKE"," ",1FTFX1E55MKD70287,4404,"2026-07-16 17:48:29",265,25125,0,45,1,1,1,0,0,0,0,0,0,0,0,NULL,NULL,699,0,278000,NULL,NULL,D42251J,NULL,NULL,NULL,5206348,0,0,0,0,NULL,16af7429-6601-4180-b179-96356c1aa6d8,NULL
52685,644300,2012,10354," ","BARGE-SHUGART 40' X 10' X 7'",7456," ",4292,"2026-07-16 17:48:29",265,25136,0,45,1,1,1,0,0,0,0,0,0,0,0,NULL,NULL,699,0,644300,NULL,NULL,,NULL,NULL,NULL,NULL,0,0,0,1,NULL,25ba02d9-d0f2-4d4c-b81e-7dc39973160f,NULL
52686,304800,2026,10299,"RANGER XLT","FORD RANGER XLT SUPERCREW 4WD - BANWART, MORGAN"," ",1FTER4HH6TLE04128,4439,"2026-07-16 17:48:29",265,25062,0,45,1,1,1,0,0,0,0,0,0,0,0,NULL,NULL,699,0,304800,NULL,NULL,EKMT74,NULL,NULL,NULL,5284389,0,0,0,0,NULL,cb40291e-026b-4d24-a011-c38750ec7c35,NULL
52687,303900,2026,10299,"F150 XL","FORD F150 XL SUPERCAB 4WD - VASQUEZ, OSCAR (SURVEY)"," ",1FTFX1L54TKD61243,4429,"2026-07-16 17:48:30",265,25055,0,45,1,1,1,0,0,0,0,0,0,0,0,NULL,NULL,699,0,303900,NULL,NULL,EVOB57,NULL,NULL,NULL,5284366,0,0,0,0,NULL,1fb71974-ecd1-4692-b09b-4ed04cf3f79e,NULL
52688,645100,2012,10354," ","BARGE-SHUGART 20' X 10' X 7'",7444," ",4382,"2026-07-16 17:48:30",265,25025,0,45,1,1,1,0,0,0,0,0,0,0,0,NULL,NULL,699,0,645100,NULL,NULL,,NULL,NULL,NULL,NULL,0,0,0,1,NULL,b7d11b27-08fe-4ada-a26a-3daf9d4727f1,NULL
52689,304300,2026,10299,"F150 XL","FORD F150 XL SUPERCAB 4WD - RUD, SCOTT"," ",1FTFX1L56TKD61485,4429,"2026-07-16 17:48:31",265,25031,0,45,1,1,1,0,0,0,0,0,0,0,0,NULL,NULL,699,0,304300,NULL,NULL,WD7113,NULL,NULL,NULL,5284369,0,0,0,0,NULL,2156edb4-b189-44d2-ab02-d1300524382b,NULL
52690,277800,2021,10299,"FORD F150 XLT","FORD F150 SUPERCAB XLT 4WD- ARIAS FERNANDEZ, MARTIN"," ",1FTFX1E51MKD70285,4404,"2026-07-16 17:48:32",265,25089,0,45,1,1,1,0,0,0,0,0,0,0,0,NULL,NULL,699,0,277800,NULL,NULL,EDYN40,NULL,NULL,NULL,5206346,0,0,0,0,NULL,d488ccdb-9c31-4d8e-a7bc-95490ae1079c,NULL
52691,277500,2021,10299,"FORD F150 XLT","FORD F150 SUPERCAB XLT 4WD-KNAPP, AUSTIN"," ",1FTFX1E58MKD70283,4404,"2026-07-16 17:48:50",265,25089,0,45,1,1,1,0,0,0,0,0,0,0,0,NULL,NULL,699,0,277500,NULL,NULL,EDYN37,NULL,NULL,NULL,5206343,0,0,0,0,NULL,da62e016-edaf-4f4e-aba7-9cee87307785,NULL
52692,558400,2020,10318," ","KANN 18' BOAT TRAILER"," ",1K9BM1829LK009350,4430,"2026-07-16 17:48:50",265,25018,0,45,1,1,1,0,0,0,0,0,0,0,0,NULL,NULL,699,0,558400,NULL,NULL,BT90464,NULL,NULL,NULL,NULL,0,0,0,0,NULL,1262d3eb-31e8-40c6-874b-e20675977ecd,NULL
52693,645300,2013,10356," ","WORK BARGE 8X24-EKS FAB"," "," ",4513,"2026-07-16 17:48:50",265,25025,0,45,1,1,1,0,0,0,0,0,0,0,0,NULL,NULL,699,0,645300,NULL,NULL,,NULL,NULL,NULL,NULL,0,0,0,1,NULL,e216d07a-d384-4235-9f7b-1bec7556b5c8,NULL
52694,305300,2026,10299,"F150 XL","FORD F150 XL SUPERCAB 4WD - SCHULZ, ALEX"," ",1FTFX1L59TKD61822,4429,"2026-07-16 17:48:50",265,25124,0,45,1,1,1,0,0,0,0,0,0,0,0,NULL,NULL,699,0,305300,NULL,NULL,WD7114,NULL,NULL,NULL,5277512,0,0,0,0,NULL,254f8183-b703-4573-9398-c71bb38130b2,NULL
52695,305100,2026,10299,"RANGER XLT","FORD RANGER XLT SUPERCREW 4WD - DIEHL, OWEN"," ",1FTER4HH7TLE04154,4439,"2026-07-16 17:48:50",265,25042,0,45,1,1,1,0,0,0,0,0,0,0,0,NULL,NULL,699,0,305100,NULL,NULL,WD7103,NULL,NULL,NULL,5284395,0,0,0,0,NULL,08495eb9-243a-4097-8d1d-e0bd36e60c71,NULL
52696,278700,2021,10299,"FORD F250 XLT","FORD F250 SUPERCAB XLT 4WD- KANCIR, PARKER"," ",1FT7X2B63MED04813,4401,"2026-07-16 17:48:50",265,25082,0,45,1,1,1,0,0,0,0,0,0,0,0,NULL,NULL,699,0,278700,NULL,NULL,EDYN45,NULL,NULL,NULL,5206354,0,0,0,0,NULL,b19e393b-4bf7-4316-a648-fa045390e685,NULL
52697,304500,2026,10299,"RANGER XLT","FORD RANGER XLT SUPERCREW 4WD - MARTINEZ, ELVIA"," ",1FTER4HH3TLE04247,4439,"2026-07-16 17:48:50",265,25089,0,45,1,1,1,0,0,0,0,0,0,0,0,NULL,NULL,699,0,304500,NULL,NULL,EKMT75,NULL,NULL,NULL,5282794,0,0,0,0,NULL,0b741b9e-94a6-4bab-aa18-6a20073f5ee1,NULL
52698,558300,2020,10318," ","KANN 18' BOAT TRAILER"," ",1K9BM1822LK009349,4430,"2026-07-16 17:48:50",265,25018,0,45,1,1,1,0,0,0,0,0,0,0,0,NULL,NULL,699,0,558300,NULL,NULL,BT90463,NULL,NULL,NULL,NULL,0,0,0,0,NULL,8338f7d5-d571-478e-a4f0-8f340d77b83e,NULL
52699,278600,2021,10299,"FORD F250 XLT","FORD F250 SUPERCAB XLT 4WD-WALKER, JEFF"," ",1FT7X2B6XMED04811,4401,"2026-07-16 17:48:51",265,25019,0,45,1,1,1,0,0,0,0,0,0,0,0,NULL,NULL,699,0,278600,NULL,NULL,EDYN44,NULL,NULL,NULL,5206353,0,0,0,0,NULL,16cc598e-f2ae-4a54-9cbf-69f5c36852d5,NULL
52700,277900,2021,10299,"FORD F150 XLT","FORD F150 SUPERCAB XLT 4WD-PENA, WALTER"," ",1FTFX1E53MKD70286,4404,"2026-07-16 17:48:51",265,24981,0,45,1,1,1,0,0,0,0,0,0,0,0,NULL,NULL,699,0,277900,NULL,NULL,EDYN41,NULL,NULL,NULL,5206347,0,0,0,0,NULL,64ab3f84-c5d0-4d5c-8d4c-47bba37154af,NULL
52701,646500,2012,10353,P3,"BARGE-POSEIDON P3 40' X 10' X 5'",PS128-QCR," ",4292,"2026-07-16 17:48:51",265,25042,0,45,1,1,1,0,0,0,0,0,0,0,0,NULL,NULL,699,0,646500,NULL,NULL,,NULL,NULL,NULL,NULL,0,0,0,1,NULL,800fdc06-978a-4570-9836-eba8c5e11704,NULL
52702,278300,2021,10299,"FORD F250 XLT","FORD F250 SUPERCAB XLT 4WD- HADRATH, DAN"," ",1FT7X2B64MED04870,4401,"2026-07-16 17:48:51",265,25001,0,45,1,1,1,0,0,0,0,0,0,0,0,NULL,NULL,699,0,278300,NULL,NULL,XE78160,NULL,NULL,NULL,5206350,0,0,0,0,NULL,60bdf3c2-6694-43a1-8f80-ff13e2193563,NULL
52703,645000,2013,10354," ","BARGE-SHUGART 20' X 10' X 7'",7475," ",4382,"2026-07-16 17:48:51",265,25018,0,45,1,1,1,0,0,0,0,0,0,0,0,NULL,NULL,699,0,645000,NULL,NULL,,NULL,NULL,NULL,NULL,0,0,0,1,NULL,f0a3ece9-5e61-4163-9c16-62a7a77c034e,NULL
52704,558600,2021,10339," ","ALPINE 12' ENCLOSED TRAILER (JORGE GUERRERO)"," ",5NHUHAZZ6MW084534,4526,"2026-07-16 17:48:51",265,25089,0,45,1,1,1,0,0,0,0,0,0,0,0,NULL,NULL,699,0,558600,NULL,NULL,DTPK11,NULL,NULL,NULL,NULL,0,0,0,0,NULL,c5f79b14-bbe5-4404-b717-c6956c9a714e,NULL
52705,646700,2012,10353,P3,"BARGE-POSEIDON P3 40' X 10' X 5'",PS131-QCR," ",4292,"2026-07-16 17:48:51",265,25136,0,45,1,1,1,0,0,0,0,0,0,0,0,NULL,NULL,699,0,646700,NULL,NULL,,NULL,NULL,NULL,NULL,0,0,0,1,NULL,ecd5b611-8a7d-4aac-9525-25a11976c1af,NULL
52706,559300,2022,10338,Dump,"DURAPRO DUMP TRAILER 7 X 14"," ",5851D142XNW000072,4408,"2026-07-16 17:48:51",265,25018,0,45,1,1,1,0,0,0,0,0,0,0,0,NULL,NULL,699,0,559300,NULL,NULL,XR83683,NULL,NULL,NULL,NULL,0,0,0,0,NULL,418852e5-5713-44af-bcdd-82d99c2b3cfd,NULL
52707,279500,2021,10305,"RAM 5500 MECH","DODGE RAM 5500 MECHANIC- HOPP, RONNIE"," ",3C7WRNBL0MG562070,4418,"2026-07-16 17:48:51",265,25122,0,45,1,0,1,0,0,0,0,0,0,0,0,NULL,NULL,699,0,279500,NULL,NULL,34188Z,NULL,NULL,NULL,5219388,0,0,0,0,NULL,9c4b2a36-c8a0-4263-bdbf-ff7c6c0834b6,NULL
52708,304000,2026,10299,"F150 XL","FORD F150 XL SUPERCAB 4WD - HEMMERLING, KIRK (SURVEY)"," ",1FTFX1L53TKD61220,4429,"2026-07-16 17:48:51",265,25055,0,45,1,1,1,0,0,0,0,0,0,0,0,NULL,NULL,699,0,304000,NULL,NULL,EVOB56,NULL,NULL,NULL,5283626,0,0,0,0,NULL,f6846e07-9d73-41e5-ac59-ea74badbbb32,NULL
52709,557900,2020,10315,14OA-17+3,"DECKOVER TRAILER 12,000# 20'",16V1F262OL2083451," ",4532,"2026-07-16 17:48:51",265,25089,0,45,1,1,1,0,0,0,0,0,0,0,0,NULL,NULL,699,0,557900,NULL,NULL,DTPK08,NULL,NULL,NULL,NULL,0,0,0,0,NULL,4f895d34-455e-4ec2-91af-2730beac05e8,NULL
52710,646300,2012,10353,P3,"BARGE-POSEIDON P3 40' X 10' X 5'",PS122-QCR," ",4292,"2026-07-16 17:48:52",265,25018,0,45,1,1,1,0,0,0,0,0,0,0,0,NULL,NULL,699,0,646300,NULL,NULL,,NULL,NULL,NULL,NULL,0,0,0,1,NULL,09dfaae7-f1c0-4001-8304-905f33dd61a3,NULL
52711,278100,2021,10299,"FORD F250 XLT","FORD F250 SUPERCAB XLT 4WD- MEYER, JUSTIN"," ",1FT7X2B66MED04787,4401,"2026-07-16 17:48:52",265,25058,0,45,1,1,1,0,0,0,0,0,0,0,0,NULL,NULL,699,0,278100,NULL,NULL,XE29106,NULL,NULL,NULL,5206349,0,0,0,0,NULL,726a4800-ccaa-4e2f-84be-12f0b7938e47,NULL
52712,278500,2021,10299,"FORD F250 XLT","FORD F250 SUPERCAB XLT 4WD-BLACK, DAN"," ",1FT7X2B61MED04812,4401,"2026-07-16 17:48:52",265,25089,0,45,1,1,1,0,0,0,0,0,0,0,0,NULL,NULL,699,0,278500,NULL,NULL,EDYN43,NULL,NULL,NULL,5206352,0,0,0,0,NULL,cb0cb1fd-112b-4b82-b77f-158ecc6b761d,NULL
52713,647100,2012,10353,P3,"BARGE-POSEIDON P3 40' X 10' X 5'",PS132-QCR," ",4292,"2026-07-16 17:48:52",265,25018,0,45,1,1,1,0,0,0,0,0,0,0,0,NULL,NULL,699,0,647100,NULL,NULL,,NULL,NULL,NULL,NULL,0,0,0,1,NULL,ff82a278-9d6f-4fdc-9b66-77447e7c5650,NULL
52714,279200,2021,10299,EDGE,"FORD EDGE SEL AWD- UNASSIGNED"," ",2FMPK4J94MBA22273,4395,"2026-07-16 17:48:52",265,25045,0,45,1,1,1,0,0,0,0,0,0,0,0,NULL,NULL,699,0,279200,NULL,NULL,CVM7936,NULL,NULL,NULL,5206358,0,0,0,0,NULL,d8056244-cfd9-4939-86a8-d00a140ca28b,NULL
52715,279000,2021,10299,"FORD F250 XLT","FORD F250 REG CAB XLT 4WD- PLAIN YARD TRUCK"," ",1FTBF2B64MED04784,4401,"2026-07-16 17:48:52",265,25018,0,45,1,1,1,0,0,0,0,0,0,0,0,NULL,NULL,699,0,279000,NULL,NULL,XE29105,NULL,NULL,NULL,5206356,0,0,0,0,NULL,856dc421-181a-48b3-8f70-9931ba219a16,NULL
52716,648500,2016,10353,P2,"BARGE-POSEIDON P2 40' X 10' X 7'",247B044," ",4292,"2026-07-16 17:48:52",265,25136,0,45,1,1,1,0,0,0,0,0,0,0,0,NULL,NULL,699,0,648500,NULL,NULL,,NULL,NULL,NULL,NULL,0,0,0,1,NULL,b3b14f99-378c-4056-bad5-7f55a5d6b152,NULL
52717,304900,2026,10299,"RANGER XLT","FORD RANGER XLT SUPERCREW 4WD - WILLIAMS, LOGAN"," ",1FTER4HH4TLE04130,4439,"2026-07-16 17:48:52",265,24982,0,45,1,1,1,0,0,0,0,0,0,0,0,NULL,NULL,699,0,304900,NULL,NULL,EKMT73,NULL,NULL,NULL,5284392,0,0,0,0,NULL,ab4b2357-4135-495d-ae5d-ef77568de118,NULL
52718,280200,2022,10299,"F150 EXTCAB","FORD F150 EXT CAB XLT-CORBIN, NATHAN"," ",1FTFX1E55NKD02931,4404,"2026-07-16 17:48:52",265,25125,0,45,1,1,1,0,0,0,0,0,0,0,0,NULL,NULL,699,0,280200,NULL,NULL,EDYN51,NULL,NULL,NULL,5206366,0,0,0,0,NULL,44391fc4-d415-4928-b7e3-826708d71dff,NULL
52719,558900,2021,10343," ","KARAVAN BOAT TRAILER",MF556226," ",4430,"2026-07-16 17:48:52",265,25018,0,45,1,1,1,0,0,0,0,0,0,0,0,NULL,NULL,699,0,558900,NULL,NULL,BT86143,NULL,NULL,NULL,NULL,0,0,0,0,NULL,c1091293-117d-48af-b969-b916e7e3b4f6,NULL
52720,646100,2012,10353,P3,"BARGE-POSEIDON P3 40' X 10' X 5'",PS120-QCR," ",4292,"2026-07-16 17:48:52",265,25018,0,45,1,1,1,0,0,0,0,0,0,0,0,NULL,NULL,699,0,646100,NULL,NULL,,NULL,NULL,NULL,NULL,0,0,0,1,NULL,2fc68744-e0ea-4982-9e9a-475f29230810,NULL
52721,558500,2020,10318," ","KANN 18' BOAT TRAILER"," ",1K9BM1820LK009351,4430,"2026-07-16 17:48:52",265,25018,0,45,1,1,1,0,0,0,0,0,0,0,0,NULL,NULL,699,0,558500,NULL,NULL,AR95821,NULL,NULL,NULL,NULL,0,0,0,0,NULL,e5c55a20-da06-44ab-89cd-e98c1663e4db,NULL
52722,305600,2026,10299,"F250 XLT","FORD F250 XLT CREW CAB 4WD - VOIGT, RYAN"," ",1FT7W2BA0TED65333,4301,"2026-07-16 17:48:53",265,25001,0,45,1,1,1,0,0,0,0,0,0,0,0,NULL,NULL,699,0,305600,NULL,NULL,XE90315,NULL,NULL,NULL,5284382,0,0,0,0,NULL,1e9153aa-7de3-4a33-8960-31d291999647,NULL
52723,279600,2020,10303,"CV515 MECH","INTERNATIONAL CV515 MECHANIC- STIEMKE, COLE"," ",1HTKTSWMXLH490736,4418,"2026-07-16 17:48:53",265,25018,0,45,1,0,1,0,0,0,0,0,0,0,0,NULL,NULL,699,0,279600,NULL,NULL,13526AW,NULL,NULL,NULL,5242453,0,0,0,0,NULL,9e0fd0d4-148a-49af-bcce-97663d100204,NULL
52724,305000,2026,10299,"RANGER XLT","FORD RANGER XLT SUPERCREW 4WD - VILLAGRANA, FABIAN"," ",1FTER4HH7TLE04221,4439,"2026-07-16 17:48:53",265,25064,0,45,1,1,1,0,0,0,0,0,0,0,0,NULL,NULL,699,0,305000,NULL,NULL,EKMT59,NULL,NULL,NULL,5282804,0,0,0,0,NULL,f74f3cf8-00be-4a20-96cf-dafe212fbc8d,NULL
52725,278900,2021,10299,"FORD F250 XLT","FORD F250 REG CAB XLT 4WD- MIHACSI, JON"," ",1FTBF2B66MED04785,4401,"2026-07-16 17:48:53",265,25136,0,45,1,1,1,0,0,0,0,0,0,0,0,NULL,NULL,699,0,278900,NULL,NULL,XE28977,NULL,NULL,NULL,5206355,0,0,0,0,NULL,5a4bfa22-3874-4ba8-961b-2be066c40d5e,NULL
52726,559700,2023,10341,DDP9614072,"IRONBULL DUMP TRAILER 8 X 14"," ",3EUDB1425P1017937,4408,"2026-07-16 17:48:53",265,25045,0,45,1,1,1,0,0,0,0,0,0,0,0,NULL,NULL,699,0,559700,NULL,NULL,51962AJ,NULL,NULL,NULL,NULL,0,0,0,0,NULL,79268ab9-c357-405a-87b3-6daf684d8931,NULL
52727,304200,2026,10299,"F150 XL","FORD F150 XL SUPERCAB 4WD - HANSEN, DEREK"," ",1FTFX1L51TKD61345,4429,"2026-07-16 17:48:53",265,25082,0,45,1,1,1,0,0,0,0,0,0,0,0,NULL,NULL,699,0,304200,NULL,NULL,EKNS50,NULL,NULL,NULL,5284363,0,0,0,0,NULL,35a57c85-9011-4c7a-9fc3-328c5b321127,NULL
52728,559500,2022,10340,DECKOVER,"DECKOVER TRAILER W/ GROUT PUMP ATTACH"," ",4YMBU2026PR000257,4532,"2026-07-16 17:48:53",265,25045,0,45,1,1,1,0,0,0,0,0,0,0,0,NULL,NULL,699,0,559500,NULL,NULL,80613AJ,NULL,NULL,NULL,NULL,0,0,0,0,NULL,731f9b03-220f-47a3-bd4a-182fda699640,NULL
52729,279300,2021,10299,"F250 SUPER XLT","FORD F250 SUPERCAB XLT 4WD- SANDOVAL TOVAR, BRAULIO"," ",1FT7X2B61MED47854,4401,"2026-07-16 17:48:53",265,25064,0,45,1,1,1,0,0,0,0,0,0,0,0,NULL,NULL,699,0,279300,NULL,NULL,EDYN47,NULL,NULL,NULL,5206360,0,0,0,0,NULL,78eef856-ee3f-4ba5-b3de-0307d08748ef,NULL
52730,304600,2026,10299,"RANGER XLT","FORD RANGER XLT SUPERCREW 4WD - STEUBY, ELEANOR"," ",1FTER4HH6TLE04145,4439,"2026-07-16 17:48:53",265,25089,0,45,1,1,1,0,0,0,0,0,0,0,0,NULL,NULL,699,0,304600,NULL,NULL,EKMT57,NULL,NULL,NULL,5284386,0,0,0,0,NULL,21112aa3-a7ee-4b10-9c5d-3906addd0576,NULL
52731,279700,2021,10299,"F150 SUPERCREW","FORD F150 SUPERCREW XLT- ASHTON, KEN"," ",1FTFW1E80MFB68138,4404,"2026-07-16 17:48:53",265,25089,0,45,1,1,1,0,0,0,0,0,0,0,0,NULL,NULL,699,0,279700,NULL,NULL,EDYN49,NULL,NULL,NULL,5206362,0,0,0,0,NULL,b1944c50-d66a-410a-ae0f-22088d0f1708,NULL
52732,645900,2012,10353,P3,"BARGE-POSEIDON P3 40' X 10' X 5'",PS116-QCR," ",4292,"2026-07-16 17:48:53",265,25018,0,45,1,1,1,0,0,0,0,0,0,0,0,NULL,NULL,699,0,645900,NULL,NULL,,NULL,NULL,NULL,NULL,0,0,0,1,NULL,175caae5-6168-462a-9e1d-05a68421e325,NULL
52733,559100,2022,10344,TXVHW8.516TA3,"CNCG ENCLOSED TRAILER-8 1/2 X 16'"," ",5NHUVH622NY041889,4526,"2026-07-16 17:48:54",265,25031,0,45,1,1,1,0,0,0,0,0,0,0,0,NULL,NULL,699,0,559100,NULL,NULL,XR81569,NULL,NULL,NULL,NULL,0,0,0,0,NULL,1917f53a-5740-4901-ad90-1b8bc032bfcb,NULL
52734,648000,2016,10353,P2,"BARGE-POSEIDON P2 40' X 10' X 7'",PF7-17AQCT," ",4292,"2026-07-16 17:48:54",265,25136,0,45,1,1,1,0,0,0,0,0,0,0,0,NULL,NULL,699,0,648000,NULL,NULL,,NULL,NULL,NULL,NULL,0,0,0,1,NULL,e40185d3-bf55-4e62-bf0c-4813d8e52993,NULL
52735,280300,2022,10299,"F150 EXTCAB","FORD F150 EXT CAB XLT- JUERGENS, LEVI"," ",1FTFX1E57NKD02932,4404,"2026-07-16 17:48:54",265,25062,0,45,1,1,1,0,0,0,0,0,0,0,0,NULL,NULL,699,0,280300,NULL,NULL,EDYN52,NULL,NULL,NULL,5206367,0,0,0,0,NULL,5849a9a9-6d81-4a75-b101-cc985fd746c2,NULL
52736,646800,2012,10353,P3,"BARGE-POSEIDON P3 40' X 10' X 5'",PS123-QCR," ",4292,"2026-07-16 17:48:54",265,25042,0,45,1,1,1,0,0,0,0,0,0,0,0,NULL,NULL,699,0,646800,NULL,NULL,,NULL,NULL,NULL,NULL,0,0,0,1,NULL,b2187123-fafe-4080-99dc-1b308ff9a49e,NULL
52737,306200,2026,10299,"F150 XL","FORD F150 XL SUPERCAB 4WD - MCEVOY, BRIAN"," ",1FTFX1L59TKD87109,4429,"2026-07-16 17:48:54",265,25132,0,45,1,1,1,0,0,0,0,0,0,0,0,NULL,NULL,699,0,306200,NULL,NULL,D12626L,NULL,NULL,NULL,5269295,0,0,0,0,NULL,b617a132-8bd3-4436-b310-c252a2043ff4,NULL
52738,647900,2016,10353,P2,"BARGE-POSEIDON P2 40' X 10' X 7'",PF7-168QCT," ",4292,"2026-07-16 17:48:54",265,25136,0,45,1,1,1,0,0,0,0,0,0,0,0,NULL,NULL,699,0,647900,NULL,NULL,,NULL,NULL,NULL,NULL,0,0,0,1,NULL,0403b682-e9ff-44f7-b125-534968470f16,NULL
52739,306900,2026,10299,"F350 CREW DRW XL","FORD F350 SUPERDUTY DRW XL CREW - SPRITZER, JAKE"," ",1FD8W3HT5TED93546,4521,"2026-07-16 17:48:54",265,25129,0,45,1,1,1,0,0,0,0,0,0,0,0,NULL,NULL,699,0,306900,NULL,NULL,EC84368,NULL,NULL,NULL,5284390,0,0,0,0,NULL,28b7c6b5-4043-43cd-bb48-d88e140ebcec,NULL
52740,305200,2026,10299,"RANGER XLT","FORD RANGER XLT SUPERCREW 4WD - ROWELL, KAYLA"," ",1FTER4HH2TLE04210,4439,"2026-07-16 17:48:54",265,25025,0,45,1,1,1,0,0,0,0,0,0,0,0,NULL,NULL,699,0,305200,NULL,NULL,WD7102,NULL,NULL,NULL,5276815,0,0,0,0,NULL,71921eff-1a7d-4021-9d52-315f36862c46,NULL
52741,648300,2016,10353,P2,"BARGE-POSEIDON P2 40' X 10' X 7'",247B068," ",4292,"2026-07-16 17:48:54",265,25136,0,45,1,1,1,0,0,0,0,0,0,0,0,NULL,NULL,699,0,648300,NULL,NULL,,NULL,NULL,NULL,NULL,0,0,0,1,NULL,54f647e4-689d-4224-b641-9f33134213c1,NULL
52742,833800,2026,10386,400,"MILLER BIG BLUE 400 WELDER w/ ARC REACH",NG141022R," ",4333,"2026-07-16 17:48:54",265,25067,0,45,1,1,1,0,0,0,0,0,0,0,0,NULL,NULL,699,0,833800,NULL,NULL,,NULL,NULL,9905479,NULL,0,0,0,0,NULL,33894b18-a961-4ad1-9064-73b078e31f7e,NULL
52743,647600,2016,10353,P2,"BARGE-POSEIDON P2 40' X 10' X 7'",247B071," ",4292,"2026-07-16 17:48:54",265,25136,0,45,1,1,1,0,0,0,0,0,0,0,0,NULL,NULL,699,0,647600,NULL,NULL,,NULL,NULL,NULL,NULL,0,0,0,1,NULL,5f1c7478-2274-4904-943e-4a89f37a29c2,NULL
52744,834100,2026,10386,400,"MILLER BIG BLUE 400 WELDER w/ ARC REACH",NG150749R," ",4333,"2026-07-16 17:48:55",265,25067,0,45,1,1,1,0,0,0,0,0,0,0,0,NULL,NULL,699,0,834100,NULL,NULL,,NULL,NULL,10022344,NULL,0,0,0,0,NULL,224f4439-6f39-4037-9f41-6ee8eacd8d9f,NULL
52745,834200,2026,10386,400,"MILLER BIG BLUE 400 WELDER w/ ARC REACH",NG150751R," ",4333,"2026-07-16 17:48:55",265,25071,0,45,1,1,1,0,0,0,0,0,0,0,0,NULL,NULL,699,0,834200,NULL,NULL,,NULL,NULL,10022265,NULL,0,0,0,0,NULL,6f5f6377-37c0-451c-ad76-831e4fb6d854,NULL
52746,648200,2016,10353,P2,"BARGE-POSEIDON P2 40' X 10' X 7'",247B042," ",4292,"2026-07-16 17:48:55",265,25136,0,45,1,1,1,0,0,0,0,0,0,0,0,NULL,NULL,699,0,648200,NULL,NULL,,NULL,NULL,NULL,NULL,0,0,0,1,NULL,4a73ffc5-1f36-4517-bd8c-95e09b7575bd,NULL
52747,647200,2012,10353,P3,"BARGE-POSEIDON P3 40' X 10' X 5'",PS130-QCR," ",4292,"2026-07-16 17:48:55",265,25042,0,45,1,1,1,0,0,0,0,0,0,0,0,NULL,NULL,699,0,647200,NULL,NULL,,NULL,NULL,NULL,NULL,0,0,0,1,NULL,696f3750-8585-4f3e-9e02-655d14d355f4,NULL
52748,R-007501,NULL,10290,TCC750,"LINKBELT TCC750 CRAWLER CRANE (Mountain Rental)",R8K8-5724," ",4389,"2026-07-16 17:49:56",265,25107,0,45,1,1,1,0,0,1,0,0,0,0,0,NULL,NULL,699,0,R-007501,NULL,NULL,,NULL,NULL,10024718,NULL,0,0,0,1,NULL,9c7c2532-f130-40ca-965f-c8742fe94ba6,NULL
52749,8-024412,2024,10287,"ARCREACH SUITCASE 12","WELDER WIRE FEED-MILLER ARCREACH 12",NE323127V," ",4485,"2026-07-16 17:49:56",265,25044,0,45,1,1,1,0,0,0,0,0,0,0,0,NULL,NULL,699,0,8-024412,NULL,NULL,,NULL,NULL,NULL,NULL,0,0,0,0,NULL,32a93453-bf22-49d0-ab12-1c0ae493b9f8,NULL
52750,R-00R104,NULL,10415,H11i,"HAMM H11i SD 84" COMPACTOR (Performance)"," ",WGH0H266LHAA00154,4389,"2026-07-16 17:49:57",265,25080,0,45,1,1,1,0,0,1,0,0,0,0,0,NULL,NULL,699,0,R-00R104,NULL,NULL,NA,NULL,NULL,10024748,NULL,0,0,0,1,3040,e5208eb4-a050-4b98-ad78-2ee800df226c,NULL
52751,834300,2026,10386,400,"MILLER BIG BLUE 400 WELDER w/ ARC REACH",NG150752R," ",4333,"2026-07-16 17:49:58",265,25071,0,45,1,1,1,0,0,0,0,0,0,0,0,NULL,NULL,699,0,834300,NULL,NULL,,NULL,NULL,10022266,NULL,0,0,1,0,NULL,ebc6a225-f23f-4aaf-aa16-0501f38a40f9,NULL
52752,647500,2012,10353,P3,"BARGE-POSEIDON P3 40' X 10' X 5'",PS104-PCR," ",4292,"2026-07-16 17:49:58",265,25042,0,45,1,1,1,0,0,0,0,0,0,0,0,NULL,NULL,699,0,647500,NULL,NULL,,NULL,NULL,NULL,NULL,0,0,0,1,NULL,8781cd84-2650-4ef7-ac6a-3562b1e6c621,NULL
52753,R-491457,NULL,10314,308,"CAT308 EXCAVATOR W/ THB (Wagner)",0FJX10310," ",4389,"2026-07-16 17:49:58",265,25064,0,45,0,1,1,0,0,1,0,0,0,0,0,NULL,NULL,699,0,R-491457,NULL,NULL,NA,NULL,NULL,9905650,NULL,0,0,0,1,3666,8b19b755-6ca9-4f0b-bb17-df03681de85e,NULL
52754,833100,2025,10386,400,"MILLER BIG BLUE 400 WELDER w/ ARC REACH",NF070219R," ",4333,"2026-07-16 17:49:59",265,25136,0,45,1,1,1,0,0,0,0,0,0,0,0,NULL,NULL,699,0,833100,NULL,NULL,,NULL,NULL,10003322,NULL,0,0,0,0,NULL,a89797cc-8de7-456f-866e-908d12c31e15,NULL
52755,648100,2016,10353,P2,"BARGE-POSEIDON P2 40' X 10' X 7'",247B021," ",4292,"2026-07-16 17:49:59",265,25136,0,45,1,1,1,0,0,0,0,0,0,0,0,NULL,NULL,699,0,648100,NULL,NULL,,NULL,NULL,NULL,NULL,0,0,0,1,NULL,0ba5e98a-74b7-4220-9783-11d972074dde,NULL
52756,8-024410,2024,10287,"ARCREACH SUITCASE 12","WELDER WIRE FEED-MILLER ARCREACH 12",NE323124V," ",4485,"2026-07-16 17:49:59",265,25093,0,45,1,1,1,0,0,0,0,0,0,0,0,NULL,NULL,699,0,8-024410,NULL,NULL,,NULL,NULL,NULL,NULL,0,0,0,0,NULL,46b13d18-9632-47ff-913b-e30952f0cc32,NULL
52757,R-102002,NULL,10416,TUG,"TERRY LEE TUGBOAT (5R Enterprises)","HULL ID#2065"," ",4389,"2026-07-16 17:49:59",265,25042,0,45,1,1,1,0,0,1,0,0,0,0,0,NULL,NULL,699,0,R-102002,NULL,NULL,,NULL,NULL,10022304,5141369,0,0,0,1,NULL,41b56a96-dc46-4339-b6ab-346d32d0e5cc,NULL
52758,648700,2016,10353,P2,"BARGE-POSEIDON P2 20' X 10' X 7'",227B012," ",4382,"2026-07-16 17:50:00",265,25136,0,45,1,1,1,0,0,0,0,0,0,0,0,NULL,NULL,699,0,648700,NULL,NULL,,NULL,NULL,NULL,NULL,0,0,0,1,NULL,0cef9f92-fb41-4ef1-aa3b-308db8425715,NULL
52759,834400,2026,10386,400,"MILLER BIG BLUE 400 WELDER w/ ARC REACH",NG150808R," ",4333,"2026-07-16 17:50:00",265,25071,0,45,1,1,1,0,0,0,0,0,0,0,0,NULL,NULL,699,0,834400,NULL,NULL,,NULL,NULL,10022267,NULL,0,0,0,0,NULL,e1a1ebc5-4f83-4e2b-bca4-2887e2e552a7,NULL
52760,648400,2016,10353,P2,"BARGE-POSEIDON P2 40' X 10' X 7'",247B043," ",4292,"2026-07-16 17:50:00",265,25136,0,45,1,1,1,0,0,0,0,0,0,0,0,NULL,NULL,699,0,648400,NULL,NULL,,NULL,NULL,NULL,NULL,0,0,0,1,NULL,621feda1-d53f-4741-b04d-f3138b435029,NULL
52761,647400,2012,10353,P3,"BARGE-POSEIDON P3 40' X 10' X 5'",PS117-QCR," ",4292,"2026-07-16 17:50:00",265,25018,0,45,1,1,1,0,0,0,0,0,0,0,0,NULL,NULL,699,0,647400,NULL,NULL,,NULL,NULL,NULL,NULL,0,0,0,1,NULL,539bae8f-e384-4493-be8d-45b40fbd7edd,NULL
52762,R-489456,NULL,10314,259,"CAT259 TRACK SKIDSTEER (Wagner)",0FTL19862," ",4389,"2026-07-16 17:50:01",265,25019,0,45,1,1,1,0,0,1,0,0,0,0,0,NULL,NULL,699,0,R-489456,NULL,NULL,,NULL,NULL,10016592,NULL,0,0,0,1,3659,9b2de353-0c57-47e9-a9e3-a21afc92afe4,NULL
52763,R-503488,NULL,10314,325,"CAT325 EXCAVATOR (Wagner)",0TEL30068," ",4389,"2026-07-16 17:50:01",265,25089,0,45,1,1,1,0,0,1,0,0,0,0,0,NULL,NULL,699,0,R-503488,NULL,NULL,,NULL,NULL,9905665,NULL,0,0,0,1,3838,243aefbb-fb8b-49f1-b1d9-92acfb2878fb,NULL
52764,885300,2024,10391,M18,"HYD WINCH 74HP DIESEL 1800 RPM",1032562-24CMJP-01," ",4465,"2026-07-16 17:50:01",265,25136,0,45,1,1,1,0,0,0,0,0,0,0,0,NULL,NULL,699,0,885300,NULL,NULL,,NULL,NULL,10022699,NULL,0,0,0,1,NULL,bb25dbb2-5a5a-44f0-9b02-cc65240edf0b,NULL
52765,885200,NULL,10388," ","ROTEC BELTCRETE CONVEYOR SYSTEM"," "," ",4376,"2026-07-16 17:50:01",265,25122,0,45,1,1,1,0,0,0,0,0,0,0,0,NULL,NULL,699,0,885200,NULL,NULL,,NULL,NULL,NULL,NULL,0,0,0,0,NULL,060a87c0-34d2-443f-80d7-c87bc90f78c3,NULL
52766,R-497438,NULL,10314,313GC,"CAT313GC EXCAVATOR (Wagner)",0NFZ20400," ",4389,"2026-07-16 17:50:01",265,25019,0,45,1,1,1,0,0,1,0,0,0,0,0,NULL,NULL,699,0,R-497438,NULL,NULL,NA,NULL,NULL,9905661,NULL,0,0,0,1,3832,1f796eca-af82-458a-a1c4-ccea2629a5c4,NULL
52767,647700,2016,10353,P2,"BARGE-POSEIDON P2 40' X 10' X 7'",247C074," ",4292,"2026-07-16 17:50:02",265,25136,0,45,1,1,1,0,0,0,0,0,0,0,0,NULL,NULL,699,0,647700,NULL,NULL,,NULL,NULL,NULL,NULL,0,0,0,1,NULL,3ba8d0c7-abbc-45e1-b67c-eeb37b1140ed,NULL
52768,886400,2024,10353,P65,"HYD WINCH P65 DLB DRUM WINCH SPLIT 74HP",HW218," ",4465,"2026-07-16 17:50:02",265,25136,0,45,1,1,1,0,0,0,0,0,0,0,0,NULL,NULL,699,0,886400,NULL,NULL,,NULL,NULL,NULL,NULL,0,0,0,1,NULL,ba7ad67f-a3da-4db3-a0b1-00b4de193374,NULL
52769,885800,NULL,10389,SC1000,"SPIDER HOIST SC1000",24T24645S," ",4291,"2026-07-16 17:50:02",265,25132,0,45,1,1,1,0,0,0,0,0,0,0,0,NULL,NULL,699,0,885800,NULL,NULL,,NULL,NULL,NULL,NULL,0,0,0,0,NULL,a569781d-c06e-4b50-ae77-a864b91835ef,NULL
52770,647800,2016,10353,P2,"BARGE-POSEIDON P2 40' X 10' X 7'",247B056," ",4292,"2026-07-16 17:50:02",265,25136,0,45,1,1,1,0,0,0,0,0,0,0,0,NULL,NULL,699,0,647800,NULL,NULL,,NULL,NULL,NULL,NULL,0,0,0,1,NULL,2da04df2-77e5-4937-8348-8f4ce9ba2c57,NULL
52771,646900,2012,10353,P3,"BARGE-POSEIDON P3 40' X 10' X 5'",PS133-QCR," ",4292,"2026-07-16 17:50:02",265,25018,0,45,1,1,1,0,0,0,0,0,0,0,0,NULL,NULL,699,0,646900,NULL,NULL,,NULL,NULL,NULL,NULL,0,0,0,1,NULL,657f0776-1ffb-4611-bdc4-f04b5cece1ce,NULL
52772,885500,NULL,10389,SC1000,"SPIDER HOIST SC1000",24U24474S," ",4291,"2026-07-16 17:50:03",265,25132,0,45,1,1,1,0,0,0,0,0,0,0,0,NULL,NULL,699,0,885500,NULL,NULL,,NULL,NULL,NULL,NULL,0,0,0,0,NULL,ce292775-338a-43b8-9379-8dfd02d64c4e,NULL
52773,R-510852,NULL,10314,259/255,"CAT 259/255 TRACK SKID (Wagner)",0CW925543," ",4389,"2026-07-16 17:50:03",265,25064,0,45,0,1,1,0,0,1,0,0,0,0,0,NULL,NULL,699,0,R-510852,NULL,NULL,,NULL,NULL,9661183,NULL,0,0,0,1,3994,64673dd4-6027-40ef-8041-974702794550,NULL
52774,885400,2024,10391,M18,"HYD WINCH 74HP DIESEL 1800 RPM",," ",4465,"2026-07-16 17:50:03",265,25008,0,45,1,1,1,0,0,0,0,0,0,0,0,NULL,NULL,699,0,885400,NULL,NULL,,NULL,NULL,9905486,NULL,0,0,0,1,NULL,6eea0539-157f-4aa5-93ed-f53591557e3d,NULL
52775,R-502005,NULL,10417,TUG,"KENNY NICHOLS TUGBOAT (5R Enterprises)",," ",4389,"2026-07-16 17:50:04",265,25025,0,45,1,1,1,0,0,1,0,0,0,0,0,NULL,NULL,699,0,R-502005,NULL,NULL,,NULL,NULL,10024749,5141372,0,0,2,1,NULL,04412db8-6e9f-4055-9bf8-cac0d5d9314e,NULL
52776,R-509329,NULL,10314,"D6T VPAT","CAT D6T LGP VPAT DOZER (Wagner)",0HMH01165," ",4389,"2026-07-16 17:50:04",265,24980,0,45,0,1,1,0,0,1,0,0,0,0,0,NULL,NULL,699,0,R-509329,NULL,NULL,NA,NULL,NULL,NULL,NULL,0,0,0,1,4006,06f2d578-e1c2-4ce2-b2bc-b35a725ae520,NULL
52777,886100,NULL,10389,SC1000,"SPIDER HOIST SC1000",24T24658S," ",4291,"2026-07-16 17:50:04",265,25132,0,45,1,1,1,0,0,0,0,0,0,0,0,NULL,NULL,699,0,886100,NULL,NULL,,NULL,NULL,NULL,NULL,0,0,0,0,NULL,b9cdaccd-2a12-4304-8282-74abd930163c,NULL
52778,648600,2016,10353,P2,"BARGE-POSEIDON P2 40' X 10' X 7'",247B053," ",4292,"2026-07-16 17:50:04",265,25136,0,45,1,1,1,0,0,0,0,0,0,0,0,NULL,NULL,699,0,648600,NULL,NULL,,NULL,NULL,NULL,NULL,0,0,0,1,NULL,772418c7-fba8-44d3-bc6b-02fab4e1d145,NULL
52779,647300,2012,10353,P3,"BARGE-POSEIDON P3 40' X 10' X 5'",PS110-QCR," ",4292,"2026-07-16 17:50:05",265,25042,0,45,1,1,1,0,0,0,0,0,0,0,0,NULL,NULL,699,0,647300,NULL,NULL,,NULL,NULL,NULL,NULL,0,0,0,1,NULL,fa24dac7-8c4c-43e5-8121-a96664b1270d,NULL
52780,R-511875,NULL,10314,304,"CAT304 EXCAVATOR (Wagner)",0AN403231," ",4389,"2026-07-16 17:50:05",265,25089,0,45,1,1,1,0,0,1,0,0,0,0,0,NULL,NULL,699,0,R-511875,NULL,NULL,NA,NULL,NULL,10016580,NULL,0,0,0,1,4064,79068f30-d311-40f1-b56d-7c8147f23966,NULL
52781,R-507754,NULL,10314,308,"CAT 308 EXCAVATOR (Wagner)",0GG808654," ",4389,"2026-07-16 17:50:05",265,24982,0,45,1,1,1,0,0,1,0,0,0,0,0,NULL,NULL,699,0,R-507754,NULL,NULL,NA,NULL,NULL,10031763,NULL,0,0,1,1,3771,00796aa0-9241-4466-9ac7-46789a0463bf,NULL
52782,886200,NULL,10389,SC1000,"SPIDER HOIST SC1000",24T24666S," ",4291,"2026-07-16 17:50:05",265,25132,0,45,1,1,1,0,0,0,0,0,0,0,0,NULL,NULL,699,0,886200,NULL,NULL,,NULL,NULL,NULL,NULL,0,0,0,0,NULL,81dda4f7-b9e8-49ce-b824-b07c34ee6b5d,NULL
52783,649000,2016,10353,P2,"BARGE-POSEIDON P2 20' X 10' X 7'",227C091," ",4382,"2026-07-16 17:50:06",265,25136,0,45,1,1,1,0,0,0,0,0,0,0,0,NULL,NULL,699,0,649000,NULL,NULL,,NULL,NULL,NULL,NULL,0,0,0,1,NULL,d529f8b0-03c2-4842-82e4-442331165133,NULL
52784,648900,2016,10353,P2,"BARGE-POSEIDON P2 20' X 10' X 7'",227C077," ",4382,"2026-07-16 17:50:06",265,25136,0,45,1,1,1,0,0,0,0,0,0,0,0,NULL,NULL,699,0,648900,NULL,NULL,,NULL,NULL,NULL,NULL,0,0,0,1,NULL,07cf41dc-5d17-4ac6-ab79-e7c11086bd25,NULL
52785,649200,2016,10353,P3,"BARGE-POSEIDON P3 20' X 10' X 5'",325B001," ",4382,"2026-07-16 17:50:06",265,25136,0,45,1,1,1,0,0,0,0,0,0,0,0,NULL,NULL,699,0,649200,NULL,NULL,,NULL,NULL,NULL,NULL,0,0,0,1,NULL,6223a40d-9ac2-4f8b-a7dc-3f0ab2a42054,NULL
52786,885700,NULL,10389,SC1000,"SPIDER HOIST SC1000",24T24664S," ",4291,"2026-07-16 17:50:06",265,25132,0,45,1,1,1,0,0,0,0,0,0,0,0,NULL,NULL,699,0,885700,NULL,NULL,,NULL,NULL,NULL,NULL,0,0,0,0,NULL,6f40c6a6-89ec-4771-b9ed-9ca1fd633521,NULL
52787,649700,2014,10354," ","BARGE-SHUGART 20' X 10' X 7'",7544," ",4382,"2026-07-16 17:50:06",265,25025,0,45,1,1,1,0,0,0,0,0,0,0,0,NULL,NULL,699,0,649700,NULL,NULL,,NULL,NULL,NULL,NULL,0,0,0,1,NULL,5f63fa5b-cf7e-4080-af1b-74f26279c1ac,NULL
52788,R-519833,NULL,10314,740GC,"CAT 740GC HAUL TRUCK (Wagner)",03T806261," ",4389,"2026-07-16 17:50:06",265,24981,0,45,1,1,1,0,0,1,0,0,0,0,0,NULL,NULL,699,0,R-519833,NULL,NULL,,NULL,NULL,10026188,NULL,0,0,0,1,4102,03308ac1-64fc-46ea-9dba-d8bc071befcc,NULL
52789,R-512155,NULL,10314,259,"CAT 259 TRACK SKIDSTEER (Wagner)",0CW930258," ",4389,"2026-07-16 17:50:07",265,25080,0,45,1,1,1,0,0,1,0,0,0,0,0,NULL,NULL,699,0,R-512155,NULL,NULL,,NULL,NULL,10031761,NULL,0,0,0,1,4077,7dfbfd53-832b-4088-9506-5e03da445b78,NULL
52790,886500,2024,10353,P100,"HYD WINCH P100 DLB DRUM WINCH SPLIT 120HP",M18-110," ",4465,"2026-07-16 17:50:07",265,25025,0,45,1,1,1,0,0,0,0,0,0,0,0,NULL,NULL,699,0,886500,NULL,NULL,,NULL,NULL,NULL,NULL,0,0,0,1,NULL,f17b4612-d5eb-4c6e-861b-e5040536011f,NULL
52791,651500,NULL,10354," ","BARGE-SHUGART 20' X 10' X 7'",7609," ",4382,"2026-07-16 17:50:07",265,25025,0,45,1,1,1,0,0,0,0,0,0,0,0,NULL,NULL,699,0,651500,NULL,NULL,,NULL,NULL,NULL,NULL,0,0,0,1,NULL,91eae6f8-ca19-4775-b23e-9b0b533b7afd,NULL
52792,886300,2024,10391,M18,"HYD WINCH 74HP DIESEL 1800 RPM",1033310-24IMJP," ",4465,"2026-07-16 17:50:07",265,25136,0,45,1,1,1,0,0,0,0,0,0,0,0,NULL,NULL,699,0,886300,NULL,NULL,,NULL,NULL,10022700,NULL,0,0,0,1,NULL,97b21cdb-d07b-4559-ad11-9c9b459258af,NULL
52793,649300,2016,10353,P3,"BARGE-POSEIDON P3 20' X 10' X 5'",325B008," ",4382,"2026-07-16 17:50:07",265,25136,0,45,1,1,1,0,0,0,0,0,0,0,0,NULL,NULL,699,0,649300,NULL,NULL,,NULL,NULL,NULL,NULL,0,0,0,1,NULL,2c4b8f93-f3d4-4add-9da2-fdd400e9bc42,NULL
52794,651900,2020,10318," ","KANN MFG ALUMINUM 18X72 BOAT",KMQ18748E020," ",4331,"2026-07-16 17:50:07",265,25025,0,45,1,1,1,0,0,0,0,0,0,0,0,NULL,NULL,699,0,651900,NULL,NULL,WS1322XK,NULL,NULL,NULL,NULL,0,0,0,1,NULL,8844fa7b-d4f3-416f-b69b-8d14df7995e6,NULL
52795,649100,2016,10353,P2,"BARGE-POSEIDON P2 40' X 10' X 7'",247B058," ",4292,"2026-07-16 17:50:08",265,25136,0,45,1,1,1,0,0,0,0,0,0,0,0,NULL,NULL,699,0,649100,NULL,NULL,,NULL,NULL,NULL,NULL,0,0,0,1,NULL,33fc9507-ff48-47fc-8474-5693beae9c12,NULL
52796,R-536315,NULL,10314,CS13GC,"CAT CS56/CS12 ROLLER (Wagner)",047403612," ",4389,"2026-07-16 17:50:08",265,25033,0,45,1,1,1,0,0,1,0,0,0,0,0,NULL,NULL,699,0,R-536315,NULL,NULL,,NULL,NULL,10031760,NULL,0,0,0,1,4195,d3574d28-0f06-4e90-865d-2482beb53b16,NULL
52797,R-526743,NULL,10314,938,"CAT938 LOADER (Wagner)",0PY300316," ",4389,"2026-07-16 17:50:08",265,25009,0,45,1,1,1,0,0,1,0,0,0,0,0,NULL,NULL,699,0,R-526743,NULL,NULL,,NULL,NULL,9852498,NULL,0,0,0,1,4089,d2959da9-696b-44a9-95fe-3e4d45f2f55b,NULL
52798,652600,2023,10320,"1648 JON","TRACKER 1648 JON BOAT 16' W/ TRAILER","BUJ29762E323 / TRLR 7J517EF17PB001435"," ",4331,"2026-07-16 17:50:08",265,25018,0,45,1,1,1,0,0,0,0,0,0,0,0,NULL,NULL,699,0,652600,NULL,NULL,WS1665XX,NULL,NULL,NULL,NULL,0,0,0,1,NULL,56c466ed-4811-45b7-9889-a713b85bc4f3,NULL
52799,886700,2025,10398,H18,"HYD WINCH H18 WINCH 74HP",1035686-25GMJB-02," ",4465,"2026-07-16 17:50:08",265,25025,0,45,1,1,1,0,0,0,0,0,0,0,0,NULL,NULL,699,0,886700,NULL,NULL,,NULL,NULL,9905487,NULL,0,0,0,1,NULL,02121501-a2b7-47e1-96dd-e86df33bbc71,NULL
52800,886600,2025,10398,H18,"HYD WINCH H18 WINCH 74HP",1035687-25GMJB-01," ",4465,"2026-07-16 17:50:09",265,25025,0,45,1,1,1,0,0,0,0,0,0,0,0,NULL,NULL,699,0,886600,NULL,NULL,,NULL,NULL,10024383,NULL,0,0,0,1,NULL,4310b389-1eb8-4e5d-b75a-d64a56bb999c,NULL
52801,R-528635,NULL,10314,CS44/CS7,"CAT CS44/CS7 ROLLER (Wagner)",0YG400297," ",4389,"2026-07-16 17:50:09",265,25105,0,45,1,1,1,0,0,1,0,0,0,0,0,NULL,NULL,699,0,R-528635,NULL,NULL,,NULL,NULL,10031003,NULL,0,0,0,1,4118,da69ac53-2521-46b8-9d78-8fe7e59fcb9c,NULL
52802,649600,2014,10354," ","BARGE-SHUGART 20' X 10' X 7'",7543," ",4382,"2026-07-16 17:50:09",265,25018,0,45,1,1,1,0,0,0,0,0,0,0,0,NULL,NULL,699,0,649600,NULL,NULL,,NULL,NULL,NULL,NULL,0,0,0,1,NULL,0982f43e-8d24-4228-93f7-7c44dd61374e,NULL
52803,R-531796,NULL,10314,289/265,"CAT289/265 TRACK SKID (Wagner)",0KR405424," ",4389,"2026-07-16 17:50:09",265,25080,0,45,1,1,1,0,0,1,0,0,0,0,0,NULL,NULL,699,0,R-531796,NULL,NULL,,NULL,NULL,10030994,NULL,0,0,0,1,4166,9bda725a-a509-4f35-9510-da25e39cd2fc,NULL
52804,885600,NULL,10389,SC1000,"SPIDER HOIST SC1000",24T24661S," ",4291,"2026-07-16 17:50:09",265,25132,0,45,1,1,1,0,0,0,0,0,0,0,0,NULL,NULL,699,0,885600,NULL,NULL,,NULL,NULL,NULL,NULL,0,0,0,0,NULL,46ae18c1-9549-4311-932a-fb4b1769f7a4,NULL
52805,886000,NULL,10389,SC1000,"SPIDER HOIST SC1000",24T24668S," ",4291,"2026-07-16 17:50:10",265,25132,0,45,1,1,1,0,0,0,0,0,0,0,0,NULL,NULL,699,0,886000,NULL,NULL,,NULL,NULL,NULL,NULL,0,0,0,0,NULL,6cf56ded-d8b1-4074-9096-ea5711abd857,NULL
52806,R-512618,NULL,10314,740GC,"CAT740GC HAUL TRUCK (Wagner)",03T806038," ",4389,"2026-07-16 17:50:10",265,25089,0,45,1,1,1,0,0,1,0,0,0,0,0,NULL,NULL,699,0,R-512618,NULL,NULL,,NULL,NULL,10005148,NULL,0,0,0,1,3913,81841db0-208a-43c0-82c0-b9afc276d2ff,NULL
52807,651400,NULL,10354," ","BARGE-SHUGART 20' X 10' X 7'",7608," ",4382,"2026-07-16 17:50:10",265,25025,0,45,1,1,1,0,0,0,0,0,0,0,0,NULL,NULL,699,0,651400,NULL,NULL,,NULL,NULL,NULL,NULL,0,0,0,1,NULL,af2c6065-1a84-4c9c-8511-6cf198a1c12f,NULL
52808,649500,2014,10354," ","BARGE-SHUGART 40' X 10' X 7'",7541," ",4292,"2026-07-16 17:50:10",265,25071,0,45,1,1,1,0,0,0,0,0,0,0,0,NULL,NULL,699,0,649500,NULL,NULL,,NULL,NULL,NULL,NULL,0,0,0,1,NULL,b73af62b-a8e1-4f7e-91b9-4db1227d5350,NULL
52809,648800,2016,10353,P2,"BARGE-POSEIDON P2 20' X 10' X 7'",227B026," ",4382,"2026-07-16 17:50:10",265,25136,0,45,1,1,1,0,0,0,0,0,0,0,0,NULL,NULL,699,0,648800,NULL,NULL,,NULL,NULL,NULL,NULL,0,0,0,1,NULL,e2e5a263-0b43-4494-a2a8-40a87d58add2,NULL
52810,R-LAM560,NULL,10292,999,"MANITOWOC 999 CRAWLER CRANE (Lampson)",0001024," ",4389,"2026-07-16 17:50:10",265,25132,0,45,1,1,1,0,0,1,0,0,0,0,0,NULL,NULL,699,0,R-LAM560,NULL,NULL,,NULL,NULL,10004104,NULL,0,0,1,1,NULL,5704eece-28f2-45a3-a7ce-fc60d5c98358,NULL
52811,651600,2020,10318," ","KANN MFG ALUMINUM 18X72 BOAT",KMQ18745D020," ",4331,"2026-07-16 17:50:11",265,25071,0,45,1,1,1,0,0,0,0,0,0,0,0,NULL,NULL,699,0,651600,NULL,NULL,WS1309ZM,NULL,NULL,NULL,NULL,0,0,0,1,NULL,191d75f4-e650-49f7-8e70-4190fe0a4d2b,NULL
52812,R-LAM460,NULL,11057,4100,"MILLENNIUM 4100 CRAWLER CRANE (Lampson)",41689-13-002," ",4389,"2026-07-16 17:50:11",265,25089,0,45,1,1,1,0,0,1,0,0,0,0,0,NULL,NULL,699,0,R-LAM460,NULL,NULL,,NULL,NULL,10024778,NULL,0,0,1,1,4301,c7978daa-ad2c-451f-a5b1-87d238a252c4,NULL
52813,R-LAM469,NULL,10292,2250,"MANITOWOC 2250 CRAWNER CRANE (Lampson)",2251217," ",4389,"2026-07-16 17:50:11",265,25026,0,45,1,1,1,0,0,1,0,0,0,0,0,NULL,NULL,699,0,R-LAM469,NULL,NULL,,NULL,NULL,10024803,NULL,0,0,1,1,NULL,ab381079-34a0-4cf1-a9f1-9e794e7338a1,NULL
52814,R-LAM707,NULL,11057,4100,"MILLENNIUM 4100 CRAWLER CRANE (Lampson)",41333-12-001," ",4389,"2026-07-16 17:50:11",265,25089,0,45,1,1,1,0,0,1,0,0,0,0,0,NULL,NULL,699,0,R-LAM707,NULL,NULL,,NULL,NULL,10024829,NULL,0,0,0,1,4300,956034c5-14db-45d9-a7f3-6f47951e1cd5,NULL
52815,652300,2022,10318," ","KANN MFG ALUMINUM 18X72 BOAT",KMQ18793D222," ",4331,"2026-07-16 17:50:11",265,25067,0,45,1,1,1,0,0,0,0,0,0,0,0,NULL,NULL,699,0,652300,NULL,NULL,WS1508RK,NULL,NULL,NULL,NULL,0,0,0,1,NULL,20000e0c-b41e-4dd3-a68c-6a0a2c2371c2,NULL
52816,651800,2020,10318," ","KANN MFG ALUMINUM 18X72 BOAT",KMQ18746D020," ",4331,"2026-07-16 17:50:11",265,25025,0,45,1,1,1,0,0,0,0,0,0,0,0,NULL,NULL,699,0,651800,NULL,NULL,WS1322XL,NULL,NULL,NULL,NULL,0,0,0,1,NULL,45cffc94-6f6b-42bb-b1f9-9fc20cd66644,NULL
52817,652400,2022,10318," ","KANN MFG ALUMINUM 18X72 BOAT",KMQ18794D222," ",4331,"2026-07-16 17:50:12",265,25042,0,45,1,1,1,0,0,0,0,0,0,0,0,NULL,NULL,699,0,652400,NULL,NULL,WS1508RH,NULL,NULL,NULL,NULL,0,0,0,1,NULL,8bbb5cd0-2773-4059-8a55-571bb404fbdb,NULL
52818,R-LAM844,NULL,10293,TMS9000-2,"GROVE TMS9000-2 115T TRUCK CRANE (Lampson)"," ",476S90005SS238045,4389,"2026-07-16 17:50:12",265,25089,0,45,1,1,1,0,0,1,0,0,0,0,0,NULL,NULL,699,0,R-LAM844,NULL,NULL,ENBL88,NULL,NULL,10024840,NULL,0,0,1,1,4302,e72fd754-38ec-4682-9431-c37cb04ff713,NULL
52819,652100,2020,10318," ","KANN MFG ALUMINUM 18X72 BOAT",KMQ18751G020," ",4331,"2026-07-16 17:50:12",265,25025,0,45,1,1,1,0,0,0,0,0,0,0,0,NULL,NULL,699,0,652100,NULL,NULL,WS1355PB,NULL,NULL,NULL,NULL,0,0,0,1,NULL,f17c4d46-9495-4a81-8ec6-873d93b192df,NULL
52820,600600,2026,10352,"X-AIR 185-100 CD S8","ATLAS COPCO 185 AIR COMPRESSOR","UVC207114 / 4500A1015TR207114"," ",4349,"2026-07-16 17:50:12",265,24978,0,45,1,1,1,0,0,0,0,0,0,0,0,NULL,NULL,699,0,600600,NULL,NULL,,NULL,NULL,9926859,NULL,0,0,0,0,NULL,8ece82b0-1287-446a-9e86-f93f1c2a169e,NULL
52821,547900,2022,10419,"36"","SLAB GRABBER 36" (CAT 316F)",541473," ",4406,"2026-07-16 17:50:12",265,25018,0,45,1,1,1,0,0,0,0,0,0,0,0,NULL,NULL,699,0,547900,NULL,NULL,,NULL,NULL,NULL,NULL,0,0,0,0,NULL,caffae37-f088-4a01-984b-cdbf77f8dc34,NULL
52822,755800,2000,10370," ","VAN TRAILER 53'"," ",1JJV532W0YL646019,4413,"2026-07-16 17:50:12",265,25067,0,45,1,1,1,0,0,0,0,0,0,0,0,NULL,NULL,699,0,755800,NULL,NULL,,NULL,NULL,NULL,NULL,0,0,0,0,NULL,273129f5-9ef4-4645-8f41-8bfe0b0ab360,NULL
52823,R-LAM684,NULL,10292,"2250 S-3","MANITOWOC 2250 S-3 CRAWLER CRANE (Lampson)",2251251," ",4389,"2026-07-16 17:50:12",265,25044,0,45,0,1,1,0,0,1,0,0,0,0,0,NULL,NULL,699,0,R-LAM684,NULL,NULL,,NULL,NULL,9802919,NULL,0,0,0,1,NULL,3e9a7cdf-1931-4257-b364-a1d894496972,NULL
52824,755700,2000,10370," ","VAN TRAILER 53'"," ",1JJV532W2YL694427,4413,"2026-07-16 17:50:13",265,25026,0,45,1,1,1,0,0,0,0,0,0,0,0,NULL,NULL,699,0,755700,NULL,NULL,,NULL,NULL,NULL,NULL,0,0,0,0,NULL,529904ab-2dea-4c72-8eb0-98a5b652b232,NULL
52825,600200,2026,10352,"X-AIR 185-100 CD S8","ATLAS COPCO 185 AIR COMPRESSOR","UVC207108 / 4500A101XTTR207108"," ",4349,"2026-07-16 17:50:13",265,25025,0,45,1,1,1,0,0,0,0,0,0,0,0,NULL,NULL,699,0,600200,NULL,NULL,,NULL,NULL,10022843,NULL,0,0,0,0,NULL,7cd9562f-9836-4442-a142-2031219351ed,NULL
52826,755900,2000,10370," ","VAN TRAILER 53'"," ",1JJV532W0YL645002,4413,"2026-07-16 17:50:13",265,25042,0,45,1,1,1,0,0,0,0,0,0,0,0,NULL,NULL,699,0,755900,NULL,NULL,720200,NULL,NULL,NULL,NULL,0,0,0,0,NULL,26550206-d07c-4ee3-bbcf-d4af3a93ba2c,NULL
52827,600800,2026,10352,"X-AIR 185-100 CD S8","ATLAS COPCO 185 AIR COMPRESSOR","UVC207109 / 4500A1011TR207109"," ",4349,"2026-07-16 17:50:13",265,25071,0,45,1,1,1,0,0,0,0,0,0,0,0,NULL,NULL,699,0,600800,NULL,NULL,,NULL,NULL,9926861,NULL,0,0,0,0,NULL,53abed30-bb75-492f-899c-0b00c3c21005,NULL
52828,651700,2020,10318," ","KANN MFG ALUMINUM 18X72 BOAT",KMQ18747E020," ",4331,"2026-07-16 17:50:13",265,25025,0,45,1,1,1,0,0,0,0,0,0,0,0,NULL,NULL,699,0,651700,NULL,NULL,WS1310MM,NULL,NULL,NULL,NULL,0,0,0,1,NULL,1d0653bd-e38b-4bfc-a939-6cfaeed41e7c,NULL
52829,885900,NULL,10389,SC1000,"SPIDER HOIST SC1000",24T24648S," ",4291,"2026-07-16 17:50:13",265,25132,0,45,1,1,1,0,0,0,0,0,0,0,0,NULL,NULL,699,0,885900,NULL,NULL,,NULL,NULL,NULL,NULL,0,0,0,0,NULL,f94e1ac6-817f-46f6-b474-7348a768891f,NULL
52830,652200,2020,10318," ","KANN MFG ALUMINUM 18X72 BOAT",KMQ18756G020," ",4331,"2026-07-16 17:50:13",265,25136,0,45,1,1,1,0,0,0,0,0,0,0,0,NULL,NULL,699,0,652200,NULL,NULL,WS1355NY,NULL,NULL,NULL,NULL,0,0,0,1,NULL,cc8180ed-1fa8-4891-8075-362d2ed2150a,NULL
52831,600300,2026,10352,"X-AIR 185-100 CD S8","ATLAS COPCO 185 AIR COMPRESSOR","UVC207106 / 4500A1016TR207106"," ",4349,"2026-07-16 17:50:25",265,25042,0,45,1,1,1,0,0,0,0,0,0,0,0,NULL,NULL,699,0,600300,NULL,NULL,,NULL,NULL,10029952,NULL,0,0,0,0,NULL,905b2e71-ab05-409f-846c-a04dc2f8d87b,NULL
52832,652500,2016,10355," ","WAR EAGLE FLATBOTTOM 15' BOAT",MTW33069C616," ",4331,"2026-07-16 17:50:25",265,25044,0,45,1,1,1,0,0,0,0,0,0,0,0,NULL,NULL,699,0,652500,NULL,NULL,WS1081XE,NULL,NULL,NULL,NULL,0,0,0,1,NULL,0c4a8346-ef32-43af-bcf9-f2844edf932e,NULL
52833,600400,2026,10352,"X-AIR 185-100 CD S8","ATLAS COPCO 185 AIR COMPRESSOR","UVC207113 / 4500A1013TR207113"," ",4349,"2026-07-16 17:50:26",265,24978,0,45,1,1,1,0,0,0,0,0,0,0,0,NULL,NULL,699,0,600400,NULL,NULL,,NULL,NULL,9926857,NULL,0,0,0,0,NULL,8500a443-50c9-46ba-9cf0-5c8943124445,NULL
52834,600700,2026,10352,"X-AIR 185-100 CD S8","ATLAS COPCO 185 AIR COMPRESSOR","UVC207107 / 4500A1018TR207107"," ",4349,"2026-07-16 17:50:27",265,25122,0,45,1,1,1,0,0,0,0,0,0,0,0,NULL,NULL,699,0,600700,NULL,NULL,,NULL,NULL,9926860,NULL,0,0,0,0,NULL,a1585209-d3a3-49dd-933a-323cfd258a0b,NULL
52835,600900,2026,10352,"X-AIR 185-100 CD S8","ATLAS COPCO 185 AIR COMPRESSOR","UVC207112 / 4500A1011TR207112"," ",4349,"2026-07-16 17:50:27",265,25071,0,45,1,1,1,0,0,0,0,0,0,0,0,NULL,NULL,699,0,600900,NULL,NULL,,NULL,NULL,9926866,NULL,0,0,0,0,NULL,1cdb3794-e301-4dc2-9504-e1a3cc411066,NULL
52836,757400,2019,10371," ","CLASS II LAB TRAILER",A1232LW1897T," ",4296,"2026-07-16 17:50:28",265,25062,0,45,1,1,1,0,0,0,0,0,0,0,0,NULL,NULL,699,0,757400,NULL,NULL,TBD,NULL,NULL,NULL,NULL,0,0,0,0,NULL,0e2e053a-1ebb-43c8-9acf-9ea4a7ae5d34,NULL
52837,756900,2018,10429," ","60' X 60' MODULAR OFFICE BUILDING 5-PLEX",," ",4346,"2026-07-16 17:50:29",265,25129,0,45,1,1,1,0,0,0,0,0,0,0,0,NULL,NULL,699,0,756900,NULL,NULL,NA,NULL,NULL,NULL,NULL,0,0,0,0,NULL,61642ee6-a52a-4d0a-aa9c-d651cb1b6579,NULL
52838,757500,2020,10373," ","3x36" ENCLOSED FILTRATION SYSTEM TRAILER"," ",5M3BE2023J1078968,4488,"2026-07-16 17:50:29",265,25045,0,45,1,1,1,0,0,0,0,0,0,0,0,NULL,NULL,699,0,757500,NULL,NULL,TBD,NULL,NULL,NULL,NULL,0,0,0,0,NULL,d873769d-88e2-4bb8-bf7d-671be5870c51,NULL
52839,600500,2026,10352,"X-AIR 185-100 CD S8","ATLAS COPCO 185 AIR COMPRESSOR","UVC207110 / 4500A1018TR207110"," ",4349,"2026-07-16 17:50:30",265,25122,0,45,1,1,1,0,0,0,0,0,0,0,0,NULL,NULL,699,0,600500,NULL,NULL,,NULL,NULL,9926858,NULL,0,0,0,0,NULL,c8e8c598-f6ae-49c3-8fe4-a34b5c100e94,NULL
52840,770500,2026,10335,H102X18+4HDL-140,"DECKOVER TRAILER 12,000# 22'"," ",5JWFF2725TN620601,4532,"2026-07-16 17:50:30",265,25071,0,45,1,1,1,0,0,0,0,0,0,0,0,NULL,NULL,699,0,770500,NULL,NULL,DR88647,NULL,NULL,NULL,NULL,0,0,0,0,NULL,56ad0f14-216c-4fbf-98b0-a3d42b3873c6,NULL
52841,R-007514,NULL,10298,GR-750XL,"TADANO GR-750XL-3 TELE-CRAWLER (Mountain Rental)",RA0057," ",4389,"2026-07-16 17:50:31",265,25011,0,45,1,1,1,0,0,1,0,0,0,0,0,NULL,NULL,699,0,R-007514,NULL,NULL,,NULL,NULL,9905642,NULL,0,0,0,1,NULL,7ad724f1-cdc0-43e3-84e5-4a13ec924093,NULL
52842,756800,2018,10429," ","60' X 60' MODULAR OFFICE BUILDING 5-PLEX",," ",4346,"2026-07-16 17:50:31",265,24981,0,45,1,1,1,0,0,0,0,0,0,0,0,NULL,NULL,699,0,756800,NULL,NULL,NA,NULL,NULL,NULL,NULL,0,0,0,0,NULL,3ae57ba8-ca31-4817-bb61-9fe540cee881,NULL
52843,R-002331,NULL,10298,GTC-900,"TADANO GTC-900 TELE-CRAWLER (Hayden Murphy)",800-152," ",4389,"2026-07-16 17:50:32",265,24978,0,45,1,1,1,0,0,1,0,0,0,0,0,NULL,NULL,699,0,R-002331,NULL,NULL,,NULL,NULL,10011746,NULL,0,0,1,1,NULL,d29d9a0c-49fb-4dd1-95d5-ed8119d07d06,NULL
52844,652000,2020,10318," ","KANN MFG ALUMINUM 18X72 BOAT",KMQ18750G020," ",4331,"2026-07-16 17:50:33",265,25026,0,45,1,1,1,0,0,0,0,0,0,0,0,NULL,NULL,699,0,652000,NULL,NULL,WS1355PA,NULL,NULL,NULL,NULL,0,0,0,1,NULL,895d3883-dd04-42c5-9e66-adab692bdd17,NULL
52845,770600,2026,10335,H102X18+4HDL-140,"DECKOVER TRAILER 12,000# 22'"," ",5JWFF2726TN624253,4532,"2026-07-16 17:50:33",265,25136,0,45,1,1,1,0,0,0,0,0,0,0,0,NULL,NULL,699,0,770600,NULL,NULL,DR89111,NULL,NULL,NULL,NULL,0,0,0,0,NULL,add43d1c-c550-4232-b083-083238a8c7f1,NULL
52846,757700,2023,10375,ST612TA2,"BRAVO 6X12 ENCL TOOL TRAILER"," ",542BB1225PB041363,4526,"2026-07-16 17:50:35",265,25031,0,45,1,1,1,0,0,0,0,0,0,0,0,NULL,NULL,699,0,757700,NULL,NULL,CB24387,NULL,NULL,NULL,NULL,0,0,0,0,NULL,51aa2075-35c2-4b34-9bc4-43cb93280276,NULL
52847,758400,2025,10335,H7212TFTV-070,"H&H 6X12 RED CARGO TRAILER (GERMAN CHAVEZ)"," ",5JWTC1228SN604937,4526,"2026-07-16 17:50:36",265,25019,0,45,1,1,1,0,0,0,0,0,0,0,0,NULL,NULL,699,0,758400,NULL,NULL,DTPK53,NULL,NULL,NULL,NULL,0,0,0,0,NULL,f314f13e-6149-4853-bf6f-f983095d1828,NULL
52848,757600,2021,10372," ","DISCOVERY 7X16 ROVER SE ENCLOSED TRAILER (K Hickey)"," ",7G1BE162XNE013508,4526,"2026-07-16 17:50:37",265,25025,0,45,1,1,1,0,0,0,0,0,0,0,0,NULL,NULL,699,0,757600,NULL,NULL,CB15724,NULL,NULL,NULL,NULL,0,0,0,0,NULL,6748bab1-8a52-451b-aa65-c2e5d8a7607b,NULL
52849,R-510086,NULL,10314,308,"CAT308 EXCAVATOR (Wagner)",0GG809046," ",4389,"2026-07-16 17:50:38",265,25064,0,45,0,1,1,0,0,1,0,0,0,0,0,NULL,NULL,699,0,R-510086,NULL,NULL,,NULL,NULL,10030990,NULL,0,0,0,1,4569,f1b46056-654a-40d8-b012-541ef3e38862,NULL
52850,R-543676,NULL,10314,299/279,"CAT299/279 TRACK SKIDSTEER (Wagner)",0P3R02625," ",4389,"2026-07-16 17:50:39",265,24980,0,45,1,1,1,0,0,1,0,0,0,0,0,NULL,NULL,699,0,R-543676,NULL,NULL,,NULL,NULL,10016630,NULL,0,0,0,1,4571,903f1b7e-f584-451f-aac1-6e2ffc54a0d3,NULL
52851,757800,2023,10375,ST612TA2,"BRAVO 6X12 ENCL TOOL TRAILER (ELIAS DIAZ)"," ",542BB1227PB041364,4526,"2026-07-16 17:50:39",265,25089,0,45,1,1,1,0,0,0,0,0,0,0,0,NULL,NULL,699,0,757800,NULL,NULL,DXGM86,NULL,NULL,NULL,NULL,0,0,0,0,NULL,f0c9a123-0f32-4ca4-a461-43f632bdea56,NULL
52852,662501,2009,10357,HP-700,"MKT V-52 VIBRATORY POWER UNIT W/ RENEWED 50' REMOTE PENDANT",090101P," ",4445,"2026-07-16 17:50:55",265,25044,0,45,1,1,1,0,0,0,0,0,0,0,0,NULL,NULL,699,0,662501,NULL,NULL,,NULL,NULL,10027848,NULL,0,0,0,1,NULL,306b3335-0342-4056-a9dd-93c8bef2f1f1,NULL
52853,758700,2025,10315,22PH,"BIG TEX TRAILER (14,000#)"," ",16V2F3125S6387707,4428,"2026-07-16 17:50:55",265,25019,0,45,1,1,1,0,0,0,0,0,0,0,0,NULL,NULL,699,0,758700,NULL,NULL,DXGL56,NULL,NULL,NULL,NULL,0,0,0,0,NULL,fc1d0a80-d1fa-49cd-929e-0458ebe8e7e1,NULL
52854,758000,2023,10429," ","12'x32' CLASS II LAB TRAILER",S123217864," ",4515,"2026-07-16 17:50:56",265,25105,0,45,1,1,1,0,0,0,0,0,0,0,0,NULL,NULL,699,0,758000,NULL,NULL,DTPK51,NULL,NULL,NULL,NULL,0,0,0,0,NULL,367f9f33-bf3b-4acc-bd5a-96afb734736b,NULL
52855,758300,2022,10376,AC3-25,"TALBERT AC3-25 TRAILER 25 TON"," ",40FR03535N5041422,4312,"2026-07-16 17:50:56",265,25019,0,45,1,1,1,0,0,0,0,0,0,0,0,NULL,NULL,699,0,758300,NULL,NULL,DTPK52,NULL,NULL,NULL,NULL,0,0,0,0,NULL,ef498a76-58c7-4c19-b49e-27161c596bda,NULL
52856,551900,2024,10314,D6,"CAT D6 DOZER W/3D GPS (On RPO) Fabick"," ",CAT000D6VLB501112,4450,"2026-07-16 17:50:56",265,24980,0,45,1,1,1,0,0,1,0,0,0,0,0,NULL,NULL,699,0,551900,NULL,NULL,RENTAL,NULL,NULL,10031768,NULL,0,0,0,1,4578,99975a04-4c3d-467d-9d52-679620b02fe0,NULL
52857,758600,2025,10335,H7212TFTV-070,"H&H 6X12 RED CARGO TRAILER - ESPARZA, ALEX"," ",5JWTC1221SN604939,4526,"2026-07-16 17:50:57",265,25089,0,45,1,1,1,0,0,0,0,0,0,0,0,NULL,NULL,699,0,758600,NULL,NULL,DTPK55,NULL,NULL,NULL,NULL,0,0,0,0,NULL,3295a0ab-ec0b-4a02-910c-a2de71b5570a,NULL
52858,758500,2025,10335,H7212TFTV-070,"H&H 6X12 RED CARGO TRAILER"," ",5JWTC122XSN604938,4526,"2026-07-16 17:51:55",265,24980,0,45,1,1,1,0,0,0,0,0,0,0,0,NULL,NULL,699,0,758500,NULL,NULL,DTPK54,NULL,NULL,NULL,NULL,0,0,0,0,NULL,986db731-fdde-49c6-a2fc-ef11a5ccb957,NULL
52859,662400,2026,10357,V-22,"MKT V-22 VIBRATORY DRIVER (Power Unit is 662401)",260401E," ",4322,"2026-07-16 17:51:55",265,25136,0,45,1,1,1,0,0,0,0,0,0,0,0,NULL,NULL,699,0,662400,NULL,NULL,,NULL,NULL,NULL,5282981,0,0,0,1,NULL,8cff2762-10db-421b-875c-2aaed75aaf44,NULL
52860,661700,2018,10357,HP-380T4,"MKT V-22 VIBRATORY DRIVER",181101E," ",4322,"2026-07-16 17:51:55",265,25067,0,45,1,1,1,0,0,0,0,0,0,0,0,NULL,NULL,699,0,661700,NULL,NULL,,NULL,NULL,10022315,5282885,0,0,0,1,NULL,f22bc897-5740-4733-accb-f502da94fa29,NULL
52861,662500,2026,10357,V-52,"MKT V-52 VIBRATORY DRIVER (Power Unit is 662501)",260501E," ",4445,"2026-07-16 17:51:55",265,25044,0,45,1,1,1,0,0,0,0,0,0,0,0,NULL,NULL,699,0,662500,NULL,NULL,,NULL,NULL,NULL,5282982,0,0,0,1,NULL,62caf9e1-487b-4533-8345-1e80e0465aec,NULL
52862,759200,2020,10381,3.5X5LSHS,"CARRY-ON 3.5'X5' UTILITY TRAILER #101"," ",4YMBU0513LT034688,4447,"2026-07-16 17:51:55",265,24981,0,45,1,1,1,0,0,0,0,0,0,0,0,NULL,NULL,699,0,759200,NULL,NULL,DXGJ85,NULL,NULL,NULL,NULL,0,0,0,0,NULL,2274e33c-1710-46cd-9b37-c07cf6131f60,NULL
52863,662401,2026,10357,HP-380T4,"MKT V-22 VIBRATORY POWER UNIT",260401P," ",4322,"2026-07-16 17:51:55",265,25018,0,45,1,1,1,0,0,0,0,0,0,0,0,NULL,NULL,699,0,662401,NULL,NULL,,NULL,NULL,10027786,NULL,0,0,0,1,NULL,044a0e2a-4987-4c85-8d2c-cbdca2340782,NULL
52864,758800,2025,10335,H102X18+4HDL-140,"DECKOVER TRAILER 12,000# 22'"," ",5JWFF2226SN606468,4532,"2026-07-16 17:51:55",265,25001,0,45,1,1,1,0,0,0,0,0,0,0,0,NULL,NULL,699,0,758800,NULL,NULL,DR86113,NULL,NULL,NULL,NULL,0,0,0,0,NULL,32f84733-7616-462b-b2ae-de02681fdf31,NULL
52865,758900,2025,10335,H102X18+4HDL-140,"DECKOVER TRAILER 12,000# 22'"," ",5JWFF2229SN606903,4532,"2026-07-16 17:51:55",265,25025,0,45,1,1,1,0,0,0,0,0,0,0,0,NULL,NULL,699,0,758900,NULL,NULL,DR86114,NULL,NULL,NULL,NULL,0,0,0,0,NULL,16bdc620-a05d-4f2f-a776-037bc38a22d2,NULL
52866,759100,2020,10381,3.5X5LSHS,"CARRY-ON 3.5'X5' UTILITY TRAILER #100"," ",4YMBU0513LT031872,4447,"2026-07-16 17:51:56",265,24981,0,45,1,1,1,0,0,0,0,0,0,0,0,NULL,NULL,699,0,759100,NULL,NULL,DXGJ84,NULL,NULL,NULL,NULL,0,0,0,0,NULL,d23e3955-e188-4f6a-a0ad-e3f6490340fe,NULL
52867,R-008802,NULL,10298,GTC900,"TADANO  GTC-900 (Ideal)",," ",4389,"2026-07-16 17:51:56",265,25098,0,45,1,1,1,0,0,1,0,0,0,0,0,NULL,NULL,699,0,R-008802,NULL,NULL,,NULL,NULL,9959963,NULL,0,0,0,1,NULL,e9505ac7-17a4-4241-8132-ca22908865f3,NULL
52868,R-512170,NULL,10314,259/255,"CAT 259/255 TRACK SKIDSTEER (Wagner)",0CW930202," ",4389,"2026-07-16 17:51:56",265,25080,0,45,0,1,1,0,0,1,0,0,0,0,0,NULL,NULL,699,0,R-512170,NULL,NULL,,NULL,NULL,NULL,NULL,0,0,0,1,4536,2a87490a-f3e0-454c-9a5b-275835e8054e,NULL
52869,757900,2023,10375,ST612TA2,"BRAVO 6X12 ENCL TOOL TRAILER (RIGOBERTO ZUBIA)"," ",542BB1225PB041282,4526,"2026-07-16 17:51:56",265,25089,0,45,1,1,1,0,0,0,0,0,0,0,0,NULL,NULL,699,0,757900,NULL,NULL,DXGM87,NULL,NULL,NULL,NULL,0,0,0,0,NULL,69507020-1584-4543-8ec1-972c33e84287,NULL
52870,759000,2025,10335,H102X18+4HDL-140,"DECKOVER TRAILER 12,000# 22'"," ",5JWFF2227SN606849,4532,"2026-07-16 17:51:56",265,25042,0,45,1,1,1,0,0,0,0,0,0,0,0,NULL,NULL,699,0,759000,NULL,NULL,DR86116,NULL,NULL,NULL,NULL,0,0,0,0,NULL,c325da1c-1e6a-4b83-a0d8-be6e7e72ad95,NULL
52871,759300,2020,10381,3.5X5LSHS,"CARRY-ON 3.5'X5' UTILITY TRAILER #102"," ",4YMBU0516LT022261,4447,"2026-07-16 17:51:56",265,24981,0,45,1,1,1,0,0,0,0,0,0,0,0,NULL,NULL,699,0,759300,NULL,NULL,DXGJ86,NULL,NULL,NULL,NULL,0,0,0,0,NULL,d7d464e8-9232-48ae-b38f-da29aa3a22e4,NULL
52872,R-501178,NULL,10314,"D6T VPAT","CAT D6TV PAD (Wagner)",0KD501180," ",4389,"2026-07-16 17:51:56",265,25129,0,45,0,1,1,0,0,1,0,0,0,0,0,NULL,NULL,699,0,R-501178,NULL,NULL,,NULL,NULL,NULL,NULL,0,0,0,1,4540,121042be-be2b-4717-a1cb-e18146884815,NULL
52873,662200,2022,10358,D19-42,"DELMAG D19-42 PILE HAMMER",1166K," ",4289,"2026-07-16 17:51:56",265,25018,0,45,1,1,1,0,0,0,0,0,0,0,0,NULL,NULL,699,0,662200,NULL,NULL,,NULL,NULL,NULL,NULL,0,0,0,1,NULL,3a503c03-42ef-4e2b-b4a5-08df6e6b0ef4,NULL
52874,951000,2024,10299,"F150 XLT","FORD F150 SUPERCREW XLT 4WD (SILVER)-C HAYWOOD"," ",1FTF23LD8RFA40717,4429,"2026-07-16 17:51:56",265,25018,0,45,1,0,1,0,0,0,0,0,0,0,0,NULL,NULL,699,0,951000,NULL,NULL,TBD,NULL,NULL,NULL,5220233,0,0,0,0,NULL,4a7dc982-e1dc-4f80-b786-67db999828de,NULL
52875,R-0ST147,NULL,10310,T370,"WATER TRUCK 4000 GAL (Performance)"," ",2NKHLJ9X8PM236116,4389,"2026-07-16 17:51:56",265,25089,0,45,1,1,1,0,0,1,0,0,0,0,0,NULL,NULL,699,0,R-0ST147,NULL,NULL,,NULL,NULL,9905647,NULL,0,0,0,1,4541,ca30bb84-06ac-466a-a7d6-1baeb91e66d7,NULL
52876,760000,2026,10315,14OA-20D3A-FRBK,"BIG TEX TRAILER 14,000# 20'"," ",16V1F2623T6441117,4532,"2026-07-16 17:51:57",265,25019,0,45,1,1,1,0,0,0,0,0,0,0,0,NULL,NULL,699,0,760000,NULL,NULL,DXGM85,NULL,NULL,NULL,NULL,0,0,0,0,NULL,f3af9e73-9153-4ba1-8d4b-f2db9023a6bc,NULL
52877,8-026419,2026,10287,"ARCREACH SUITCASE 12","WELDER WIRE FEED-MILLER ARCREACH 12",NF163210V," ",4485,"2026-07-16 17:51:57",265,25093,0,45,1,1,1,0,0,0,0,0,0,0,0,NULL,NULL,699,0,8-026419,NULL,NULL,,NULL,NULL,NULL,NULL,0,0,0,0,NULL,f32e9178-0420-432e-ac74-cec0ed653039,NULL
52878,759700,2025,10315,14OA-22STA-S8BK,"BIG TEX TRAILER 14,000# 22'"," ",16V1F2828S6385798,4532,"2026-07-16 17:51:57",265,25019,0,45,1,1,1,0,0,0,0,0,0,0,0,NULL,NULL,699,0,759700,NULL,NULL,DXGK46,NULL,NULL,NULL,NULL,0,0,0,0,NULL,adb672aa-698b-4fb2-b444-2dc94964e7b2,NULL
52879,661901,2020,10358," ","LEADS FOR DELMAG D25-32 DSL PILE HAMMER (#661900)"," "," ",4529,"2026-07-16 17:51:57",265,25018,0,45,1,0,1,0,0,0,0,0,0,0,0,NULL,NULL,699,0,661901,NULL,NULL,,NULL,NULL,NULL,NULL,0,0,0,0,NULL,efacc108-e840-4829-b052-343f4b8afb34,NULL
52880,R-329547,NULL,10290,145X4LC,"LINKBELT 145X4LC EXCAVATOR (Herc)",LBX145Q7NMHEX2195," ",4389,"2026-07-16 17:51:57",265,25089,0,45,0,1,1,0,0,1,0,0,0,0,0,NULL,NULL,699,0,R-329547,NULL,NULL,,NULL,NULL,NULL,NULL,0,0,0,1,4551,29c626da-8562-4d9c-9baa-1bb6a226e8b0,NULL
52881,662000,NULL,10358,D36-26,"DELMAG D36-26 PILE HAMMER",201704832," ",4334,"2026-07-16 17:51:57",265,24980,0,45,1,1,1,0,0,0,0,0,0,0,0,NULL,NULL,699,0,662000,NULL,NULL,NA,NULL,NULL,NULL,NULL,0,0,0,1,NULL,6f19e9e8-a6f0-4516-8776-8b3c4ea6b461,NULL
52882,R-110649,NULL,10421,CK1100G-3,"KOBELCO CK1100G-3 CRANE (Bigge EQ)",GH05-04265," ",4389,"2026-07-16 17:51:57",265,24980,0,45,0,1,1,0,0,1,0,0,0,0,0,NULL,NULL,699,0,R-110649,NULL,NULL,,NULL,NULL,NULL,NULL,0,0,0,1,NULL,954e245c-2fd6-4c55-8636-8841d4b080b6,NULL
52883,759600,2025,10315,25GN-25D5A-MRBK,"BIG TEX TRAILER 25,900# 25' (DZ)"," ",16V3F3324S6415658,4428,"2026-07-16 17:51:57",265,24981,0,45,1,1,1,0,0,0,0,0,0,0,0,NULL,NULL,699,0,759600,NULL,NULL,DXGK01,NULL,NULL,NULL,NULL,0,0,0,0,NULL,f5bee118-b749-4d09-988a-20d1fedf5d9f,NULL
52884,R-601071,NULL,10347,135G,"JOHN DEERE 135G EXCAVATOR"," ",1FF135GXTMF502933,4389,"2026-07-16 17:51:57",265,25019,0,45,1,1,1,0,0,1,0,0,0,0,0,NULL,NULL,699,0,R-601071,NULL,NULL,,NULL,NULL,10024754,NULL,0,0,0,1,4599,83c4737b-830a-4b6a-a931-368519cc01f8,NULL
52885,R-518545,NULL,10314,CP13GC,"CAT CP13GC COMPACTOR (Wagner)",07G400115," ",4389,"2026-07-16 17:51:57",265,24980,0,45,0,1,1,0,0,1,0,0,0,0,0,NULL,NULL,699,0,R-518545,NULL,NULL,,NULL,NULL,NULL,NULL,0,0,0,1,4554,97dff74c-eeda-455c-971e-c6f336383733,NULL
52886,770100,2026,10379,H7212TFTV-070,"HHTL RED ENCLOSED TRAILER - OCHOA, MIGUEL"," ",5JWTC1229TN621277,4526,"2026-07-16 17:51:57",265,25105,0,45,1,1,1,0,0,0,0,0,0,0,0,NULL,NULL,699,0,770100,NULL,NULL,EJUU47,NULL,NULL,NULL,NULL,0,0,0,0,NULL,896beae2-f7c9-4c5b-b44e-7deea35ac089,NULL
52887,759500,2020,10381,3.5X5LSHS,"CARRY-ON 3.5'X5' UTILITY TRAILER #104"," ",4YMBU0516LT032675,4447,"2026-07-16 17:51:58",265,24981,0,45,1,1,1,0,0,0,0,0,0,0,0,NULL,NULL,699,0,759500,NULL,NULL,DXGJ88,NULL,NULL,NULL,NULL,0,0,0,0,NULL,72fdad4c-c11c-415e-a3ae-753d899bc2e6,NULL
52888,R-484366,NULL,10314,TL1255,"CAT TL1255 FORKLIFT (Wagner)",0ML703102," ",4389,"2026-07-16 17:51:58",265,25064,0,45,0,1,1,0,0,1,0,0,0,0,0,NULL,NULL,699,0,R-484366,NULL,NULL,,NULL,NULL,10011772,NULL,0,0,0,1,NULL,ae1790ea-f431-433e-b0a4-5b4203c9784e,NULL
52889,758200,2024,10380,SS125D,"TRAILER-HOT TAR SUPER SHOT 125D SINGLE AXLE"," ",1C9SY1010R1418284,4487,"2026-07-16 17:51:58",265,25122,0,45,1,1,1,0,0,0,0,0,0,0,0,NULL,NULL,699,0,758200,NULL,NULL,BU18907,NULL,NULL,NULL,NULL,0,0,1,0,NULL,411b0b24-c508-407d-b84e-763ff73265c1,NULL
52890,R-543028,NULL,10314,TL1255,"CAT TL1255 12K FORKLIFT (Wagner)",0ZH600696," ",4389,"2026-07-16 17:51:58",265,25129,0,45,1,1,1,0,0,1,0,0,0,0,0,NULL,NULL,699,0,R-543028,NULL,NULL,,NULL,NULL,10031004,NULL,0,0,0,1,NULL,f9646f7b-fb92-4b48-8d85-fdbf06b26508,NULL
52891,R-513575,NULL,10314,304,"CAT304 MINI EXC W/ THB (Wagner)",0AN403325," ",4389,"2026-07-16 17:51:58",265,25105,0,45,1,1,1,0,0,1,0,0,0,0,0,NULL,NULL,699,0,R-513575,NULL,NULL,,NULL,NULL,9905666,NULL,0,0,0,1,4538,2d4eb6b0-40fe-4818-a53a-182d32f5d6c2,NULL
52892,R-543587,NULL,10314,289/265,"CAT289/265 TRACK SKIDSTEER (Wagner)",0KR415434," ",4389,"2026-07-16 17:51:58",265,25019,0,45,1,1,1,0,0,1,0,0,0,0,0,NULL,NULL,699,0,R-543587,NULL,NULL,,NULL,NULL,10031767,NULL,0,0,0,1,4600,b84fd059-1f67-4a3d-b9a5-f1ff76520242,NULL
52893,662100,NULL,10358,D46-32,"DELMAG D46-32 PILE HAMMER",930K," ",4363,"2026-07-16 17:51:58",265,25018,0,45,1,1,1,0,0,0,0,0,0,0,0,NULL,NULL,699,0,662100,NULL,NULL,,NULL,NULL,NULL,NULL,0,0,0,1,NULL,f6f477bb-a735-463d-a0f1-d615e0d0b11d,NULL
52894,R-526439,NULL,10314,259/255,"CAT259/255 TRACK SKIDSTEER (Wagner)",0FL700627," ",4389,"2026-07-16 17:51:58",265,25089,0,45,1,1,1,0,0,1,0,0,0,0,0,NULL,NULL,699,0,R-526439,NULL,NULL,,NULL,NULL,9905670,NULL,0,0,0,1,4591,8a8af0bd-9c60-4f42-94fc-b598241deb48,NULL
52895,900500,2006,10393,H280HD,"HYSTER H280HD FORKLIFT-",G007E02964D," ",4539,"2026-07-16 17:51:58",265,25018,0,45,1,1,1,0,0,0,0,0,0,0,0,NULL,NULL,699,0,900500,NULL,NULL,,NULL,NULL,9802693,NULL,0,0,0,0,NULL,67b98c99-bb05-41a8-982b-2d913c2e50c2,NULL
52896,R-527778,NULL,10314,313,"CAT 313 EXCAVATOR (Wagner)",0NFZ40311," ",4389,"2026-07-16 17:51:58",265,25033,0,45,1,1,1,0,0,1,0,0,0,0,0,NULL,NULL,699,0,R-527778,NULL,NULL,,NULL,NULL,10030998,NULL,0,0,0,1,4611,a4fdf5fb-7bdb-4e02-89ca-0aaadf635a17,NULL
52897,R-546134,NULL,10314,259/255,"CAT259/255 TRACK SKIDSTEER (Wagner)",0FL715302," ",4389,"2026-07-16 17:51:58",265,25089,0,45,1,1,1,0,0,1,0,0,0,0,0,NULL,NULL,699,0,R-546134,NULL,NULL,,NULL,NULL,10030988,NULL,0,0,0,1,4598,a2583031-021c-43d7-ab96-317b829b4230,NULL
52898,R-LAM784,NULL,10292,10000,"MANITOWOC 10000 (Lampson)",10001106," ",4389,"2026-07-16 17:51:58",265,25132,0,45,1,1,1,0,0,1,0,0,0,0,0,NULL,NULL,699,0,R-LAM784,NULL,NULL,,NULL,NULL,10003414,NULL,0,0,0,1,NULL,53bad17b-e488-4ee2-975a-cf12734f6f22,NULL
52899,759900,2026,10315,14OA-20D3A-FRBK,"BIG TEX TRAILER 14,000# 20'"," ",16V1F2627T6438642,4532,"2026-07-16 17:51:58",265,24982,0,45,1,1,1,0,0,0,0,0,0,0,0,NULL,NULL,699,0,759900,NULL,NULL,DXGM84,NULL,NULL,NULL,NULL,0,0,0,0,NULL,790491e6-d6bc-49d4-afd5-3526b215c53d,NULL
52900,R-545341,NULL,10314,TH1255,"CAT TL1255 FORKLIFT (Wagner)",0ZH601071," ",4389,"2026-07-16 17:51:58",265,25089,0,45,1,1,1,0,0,1,0,0,0,0,0,NULL,NULL,699,0,R-545341,NULL,NULL,,NULL,NULL,9905674,NULL,0,0,0,1,NULL,e6d52bb1-e9bd-4d5b-a0f9-de05e26bff7e,NULL
52901,770000,2026,10379,H7212TFTV-070,"HHTL RED ENCLOSED TRAILER - REYES, JOSE"," ",5JWTC1227TN621276,4526,"2026-07-16 17:51:59",265,25089,0,45,1,1,1,0,0,0,0,0,0,0,0,NULL,NULL,699,0,770000,NULL,NULL,EJUU46,NULL,NULL,NULL,NULL,0,0,0,0,NULL,ed95f22b-4404-4518-a4a3-ce67f5ed7db7,NULL
52902,R-515880,NULL,10314,305,"CAT 305 EXCAVATOR (Wagner)",05G505135," ",4389,"2026-07-16 17:51:59",265,24982,0,45,1,1,1,0,0,1,0,0,0,0,0,NULL,NULL,699,0,R-515880,NULL,NULL,,NULL,NULL,10026190,NULL,0,0,0,1,4580,770b63b1-9249-45bb-89b6-5b49e3f8c627,NULL
52903,R-531983,NULL,10314,305,"CAT 305 MINI EXCAVATOR (Wagner)",05G508143," ",4389,"2026-07-16 17:51:59",265,25019,0,45,1,1,1,0,0,1,0,0,0,0,0,NULL,NULL,699,0,R-531983,NULL,NULL,,NULL,NULL,10027109,NULL,0,0,0,1,4593,115a60b0-6a09-41be-a30d-9eed722adba8,NULL
52904,901000,2012,10392,MPD40E,"PALLET TRUCK ELECTRIC",B827N45881J," ",4318,"2026-07-16 17:51:59",265,25045,0,45,1,1,1,0,0,0,0,0,0,0,0,NULL,NULL,699,0,901000,NULL,NULL,,NULL,NULL,9905494,NULL,0,0,0,0,NULL,6bf562aa-f9e2-437b-a403-b918609fecd8,NULL
52905,R-548963,NULL,10314,938,"CAT 938 LOADER (Wagner)",0EZY03836," ",4389,"2026-07-16 17:51:59",265,25019,0,45,0,1,1,0,0,1,0,0,0,0,0,NULL,NULL,699,0,R-548963,NULL,NULL,,NULL,NULL,9851749,NULL,0,0,0,1,4608,7328b7b4-c7fa-45e4-be74-e6fc78259646,NULL
52906,R-543120,NULL,10314,308,"CAT308 EXCAVATOR (Wagner)",0GJ301185," ",4389,"2026-07-16 17:51:59",265,25033,0,45,1,1,1,0,0,1,0,0,0,0,0,NULL,NULL,699,0,R-543120,NULL,NULL,,NULL,NULL,10031764,NULL,0,0,1,1,4589,3a4ae927-b3dc-4292-af62-9d7637a632b2,NULL
52907,901300,2013,10395,XR1245EC,"XTREME XR1245 FORKLIFT 12000#",XR1245121291848," ",4438,"2026-07-16 17:51:59",265,25074,0,45,1,1,1,0,0,0,0,0,0,0,0,NULL,NULL,699,0,901300,NULL,NULL,,NULL,NULL,10011917,NULL,0,0,0,1,NULL,6c7801c7-79ed-41b9-b130-934d1829bfac,NULL
52908,R-541036,NULL,10314,140,"CAT140 MOTOR GRADER (Wagner)",0EB310286," ",4389,"2026-07-16 17:51:59",265,25062,0,45,1,1,1,0,0,1,0,0,0,0,0,NULL,NULL,699,0,R-541036,NULL,NULL,,NULL,NULL,9905672,NULL,0,0,0,1,4614,f8be8b65-5b6d-440c-ab4b-b7da44ddc45b,NULL
52909,902200,NULL,10360,DPH4045,"COMPACTOR W/B REV PLATE-WACKER DPH4045 700#",1567610," ",4330,"2026-07-16 17:51:59",265,24981,0,45,1,1,1,0,0,0,0,0,0,0,0,NULL,NULL,699,0,902200,NULL,NULL,,NULL,NULL,NULL,NULL,0,0,0,0,NULL,d1b96bbb-a665-4e7a-bde8-cb3b90defe70,NULL
52910,662300,2022,10359,"30 HL","PTC30 VIBRO H2L EXCITER/PTC 400CO POWER UNIT","48472 / 28771"," ",4322,"2026-07-16 17:51:59",265,25042,0,45,1,1,1,0,0,0,0,0,0,0,0,NULL,NULL,699,0,662300,NULL,NULL,,NULL,NULL,10029118,5282980,0,0,0,1,NULL,2904532b-7d04-4bbe-9b58-195432c5991c,NULL
52911,902700,2014,10395,XR1245EC,"XTREME XR1245 FORKLIFT 12000#",XR1245021492176," ",4438,"2026-07-16 17:51:59",265,25089,0,45,1,1,1,0,0,0,0,0,0,0,0,NULL,NULL,699,0,902700,NULL,NULL,0040356333,NULL,NULL,10009867,NULL,0,0,1,1,NULL,ddd0e847-2918-4ba4-ba4e-a04fbb27e622,NULL
52912,902600,2014,10395,XR1245EC,"XTREME XR1245 FORKLIFT 12000#",XR1245-12-1392127," ",4438,"2026-07-16 17:52:00",265,25071,0,45,1,1,1,0,0,0,0,0,0,0,0,NULL,NULL,699,0,902600,NULL,NULL,0033486020,NULL,NULL,10021022,NULL,0,0,1,1,NULL,abf62ee0-81a7-405a-a657-2d51ab63e6f7,NULL
52913,902500,2014,10395,XR1245EC,"XTREME XR1245 FORKLIFT 12000#",XR1245021492175," ",4438,"2026-07-16 17:52:00",265,25089,0,45,1,1,1,0,0,0,0,0,0,0,0,NULL,NULL,699,0,902500,NULL,NULL,0033486030,NULL,NULL,10009866,NULL,0,0,1,1,NULL,ba617a72-39a5-4541-9c28-a663e294ae86,NULL
52914,902400,2014,10395,XR1245EC,"XTREME XR1245 FORKLIFT 12000#",XR1245011492153," ",4438,"2026-07-16 17:52:00",265,24980,0,45,1,1,1,0,0,0,0,0,0,0,0,NULL,NULL,699,0,902400,NULL,NULL,EQIG63,NULL,NULL,9802719,NULL,0,0,0,1,NULL,d2a99cea-5d70-4e1a-b00c-fe5e0d5c61bc,NULL
52915,675100,2022,10354," ","BARGE-SHUGART 40' x 10' x 7'",7749," ",4292,"2026-07-16 17:52:00",265,25025,0,45,1,1,1,0,0,0,0,0,0,0,0,NULL,NULL,699,0,675100,NULL,NULL,,NULL,NULL,NULL,NULL,0,0,0,1,NULL,5d052842-9861-48dd-84dc-c57792b2830c,NULL
52916,903400,2014,10394,4800,"BIDWELL 4800 FINISH MACHINE",48-20141299-2-HD," ",4295,"2026-07-16 17:52:00",265,25105,0,45,1,1,1,0,0,0,0,0,0,0,0,NULL,NULL,699,0,903400,NULL,NULL,NA,NULL,NULL,9802733,NULL,0,0,0,1,NULL,e7167bb3-22d3-49a6-9388-f28edb455a7b,NULL
52917,903600,2016,10396,1064U,"HI-RAIL WESTERN STAR GRAPPLE TRUCK"," ",5KKHAXDV7GLGM2708,4380,"2026-07-16 17:52:00",265,25060,0,45,1,1,1,0,0,0,0,0,0,0,0,NULL,NULL,699,0,903600,NULL,NULL,64359X,NULL,NULL,9802737,5283598,0,0,1,1,2848,cd0ddf21-4f1d-4bc1-a58e-ebab3360973d,NULL
52918,904600,2016,10394,4800,"BIDWELL 4800 CONCRETE PAVER-48'",48-2016-1358-2-HD," ",4295,"2026-07-16 17:52:00",265,25025,0,45,1,1,1,0,0,0,0,0,0,0,0,NULL,NULL,699,0,904600,NULL,NULL,,NULL,NULL,10024404,NULL,0,0,0,1,NULL,e634b838-f463-419d-9898-e508d73d2503,NULL
52919,675000,2022,10354," ","BARGE-SHUGART 40' x 10' x 7'",7748," ",4292,"2026-07-16 17:52:00",265,25025,0,45,1,1,1,0,0,0,0,0,0,0,0,NULL,NULL,699,0,675000,NULL,NULL,,NULL,NULL,NULL,NULL,0,0,0,1,NULL,d23baf75-f164-4a39-80ea-ee7b06ec0610,NULL
52920,904500,2017,10397,6720D1,"DYMAX CRANE TRAIN","156586 / 1M2GR4GC1PM031834"," ",4297,"2026-07-16 17:52:00",265,25018,0,45,1,1,1,0,0,0,0,0,0,0,0,NULL,NULL,699,0,904500,NULL,NULL,,NULL,NULL,10027010,NULL,0,0,1,1,2854,f1a1d93d-a1fb-4c41-bd33-1d82289c6e32,NULL
52921,675300,2022,10354," ","BARGE-SHUGART 40' x 10' x 5'",3547," ",4292,"2026-07-16 17:52:00",265,25008,0,45,1,1,1,0,0,0,0,0,0,0,0,NULL,NULL,699,0,675300,NULL,NULL,,NULL,NULL,NULL,NULL,0,0,0,1,NULL,b73dfa60-04a2-425a-b8f7-07cc7b123c65,NULL
52922,905200,2017,10399,KAF400HHS,"KAWASAKI MULE UTV MODEL KAF400HHS"," ",JK1AFEH18HB501306,4478,"2026-07-16 17:52:01",265,25002,0,45,1,1,1,0,0,0,0,0,0,0,0,NULL,NULL,699,0,905200,NULL,NULL,"UT 1076VH",NULL,NULL,9802755,NULL,0,0,0,0,2853,cff48074-449e-497f-97c5-2902f2e33b20,NULL
52923,905000,2017,10395,XR1245EC,"XTREME XR1245 FORKLIFT 12000#",XR1245-11-170693605," ",4438,"2026-07-16 17:52:01",265,25019,0,45,1,1,1,0,0,0,0,0,0,0,0,NULL,NULL,699,0,905000,NULL,NULL,EQIF88,NULL,NULL,10009842,NULL,0,0,0,1,NULL,a0814c4e-650b-4ab3-815f-50f4be3f868a,NULL
52924,905100,2017,10395,XR1245,"XTREME XR1245 FORKLIFT 12000#",XR1245-11-170693606," ",4438,"2026-07-16 17:52:01",265,24990,0,45,1,1,1,0,0,0,0,0,0,0,0,NULL,NULL,699,0,905100,NULL,NULL,0040356319,NULL,NULL,10021024,NULL,0,0,0,1,NULL,03bf2878-8df9-4cbe-979c-78c3a74834d6,NULL
52925,675200,2022,10354," ","BARGE-SHUGART 40' x 10' x 7'",7750," ",4292,"2026-07-16 17:52:01",265,25025,0,45,1,1,1,0,0,0,0,0,0,0,0,NULL,NULL,699,0,675200,NULL,NULL,,NULL,NULL,NULL,NULL,0,0,0,1,NULL,abbb0d4c-7cf2-4209-87e1-2e7f2dbb1720,NULL
52926,675700,2023,10354," ","BARGE-SHUGART 40' x 10' x 5'",3605," ",4292,"2026-07-16 17:52:01",265,25042,0,45,1,1,1,0,0,0,0,0,0,0,0,NULL,NULL,699,0,675700,NULL,NULL,,NULL,NULL,NULL,NULL,0,0,0,1,NULL,e6e9a34f-4afc-41b5-ac81-88408254e28e,NULL
52927,904900,2017,10395,XR1245,"XTREME XR1245 FORKLIFT 12000#",XR1245-11-170593577," ",4438,"2026-07-16 17:52:01",265,25062,0,45,1,1,1,0,0,0,0,0,0,0,0,NULL,NULL,699,0,904900,NULL,NULL,DOSH34,NULL,NULL,10009838,NULL,0,0,1,1,NULL,fe2ec0dd-b467-4d75-9149-26ed0c3eb6a0,NULL
52928,675800,2023,10354," ","BARGE-SHUGART 40' x 10' x 5'",3606," ",4292,"2026-07-16 17:52:01",265,25136,0,45,1,1,1,0,0,0,0,0,0,0,0,NULL,NULL,699,0,675800,NULL,NULL,,NULL,NULL,NULL,NULL,0,0,0,1,NULL,a7048c3f-4a42-4c7a-b48e-50226f123eff,NULL
52929,905400,2018,10401,S4732E,"SNORKEL ELECTRIC DC SCISSOR LIFT",S4732E-04-180301846," ",4287,"2026-07-16 17:52:01",265,25018,0,45,1,1,1,0,0,0,0,0,0,0,0,NULL,NULL,699,0,905400,NULL,NULL,,NULL,NULL,NULL,NULL,0,0,0,0,NULL,dfddcd69-3e85-4d48-bc1e-c8c5fceac4f0,NULL
52930,675500,2023,10354," ","BARGE-SHUGART 40' x 10' x 5'",3553," ",4292,"2026-07-16 17:52:01",265,25018,0,45,1,1,1,0,0,0,0,0,0,0,0,NULL,NULL,699,0,675500,NULL,NULL,,NULL,NULL,NULL,NULL,0,0,0,1,NULL,ac84e79a-fb18-4162-9fb6-fc1fb5420548,NULL
52931,906800,2019,10395,XR1245,"XTREME XR1245 FORKLIFT 12000#",XR1245-11-190594413," ",4438,"2026-07-16 17:52:01",265,25042,0,45,1,1,1,0,0,0,0,0,0,0,0,NULL,NULL,699,0,906800,NULL,NULL,,NULL,NULL,10021021,NULL,0,0,2,1,NULL,882c5db9-4f0c-40a0-9bd8-7ef97bb12cd1,NULL
52932,906500,2019,10395,XR1245,"XTREME XR1245 FORKLIFT 12000#",XR1245-11-190394322," ",4438,"2026-07-16 17:52:02",265,25089,0,45,1,1,1,0,0,0,0,0,0,0,0,NULL,NULL,699,0,906500,NULL,NULL,0040356353,NULL,NULL,10009868,NULL,0,0,0,1,NULL,9578690a-366b-4a5b-9c69-188245a62ee4,NULL
52933,676100,2023,10354," ","BARGE-SHUGART 40' x 10' x 5'",3609," ",4292,"2026-07-16 17:52:25",265,25008,0,45,1,1,1,0,0,0,0,0,0,0,0,NULL,NULL,699,0,676100,NULL,NULL,,NULL,NULL,NULL,NULL,0,0,0,1,NULL,85ecd4a3-4041-425f-b621-8eaec0b56610,NULL
52934,906700,2019,10395,XR1245,"XTREME XR1245 FORKLIFT 12000#",XR1245-11-190594412," ",4438,"2026-07-16 17:52:25",265,24982,0,45,1,1,1,0,0,0,0,0,0,0,0,NULL,NULL,699,0,906700,NULL,NULL,EQIG18,NULL,NULL,10024417,NULL,0,0,0,1,NULL,72a44d21-4a3a-4a9b-a23a-2ffc89ec4e98,NULL
52935,676300,2023,10354," ","BARGE-SHUGART 40' x 10' x 5'",3611," ",4292,"2026-07-16 17:52:25",265,25008,0,45,1,1,1,0,0,0,0,0,0,0,0,NULL,NULL,699,0,676300,NULL,NULL,,NULL,NULL,NULL,NULL,0,0,0,1,NULL,58121042-59ff-4527-ab5b-f9cadb18210c,NULL
52936,676400,2023,10354," ","BARGE-SHUGART 40' x 10' x 5'",3613," ",4292,"2026-07-16 17:52:25",265,25008,0,45,1,1,1,0,0,0,0,0,0,0,0,NULL,NULL,699,0,676400,NULL,NULL,,NULL,NULL,NULL,NULL,0,0,0,1,NULL,d9266a0b-118d-467c-a661-7a7c9ec7d0be,NULL
52937,907100,2019,10395,XR1245-AENA0075,"XTREME XR1245 FORKLIFT 12000#",XR1245-11-190594422," ",4438,"2026-07-16 17:52:25",265,25080,0,45,1,1,1,0,0,0,0,0,0,0,0,NULL,NULL,699,0,907100,NULL,NULL,DOSH31,NULL,NULL,10021023,NULL,0,0,0,1,NULL,dbb3089f-f4a5-4534-b95a-8238737328c1,NULL
52938,675600,2023,10354," ","BARGE-SHUGART 40' x 10' x 5'",3554," ",4292,"2026-07-16 17:52:26",265,25008,0,45,1,1,1,0,0,0,0,0,0,0,0,NULL,NULL,699,0,675600,NULL,NULL,,NULL,NULL,NULL,NULL,0,0,0,1,NULL,5a0ebb17-56d2-480e-80a6-43a9600c3d3c,NULL
52939,907000,2019,10395,XR1245-AENA0075,"XTREME XR1245 FORKLIFT 12000#",XR1245-11-190594415," ",4438,"2026-07-16 17:52:26",265,25089,0,45,1,1,1,0,0,0,0,0,0,0,0,NULL,NULL,699,0,907000,NULL,NULL,EQJI60,NULL,NULL,10020232,NULL,0,0,0,1,NULL,cdd68dea-fea9-429b-a994-976c4c33411a,NULL
52940,906600,2019,10395,XR1245,"XTREME XR1245 FORKLIFT 12000#",XR1245-11-190494365," ",4438,"2026-07-16 17:52:26",265,25089,0,45,1,1,1,0,0,0,0,0,0,0,0,NULL,NULL,699,0,906600,NULL,NULL,0040356354,NULL,NULL,10009869,NULL,0,0,0,1,NULL,8d66a988-0419-4b13-ab96-849bc165dc17,NULL
52941,676800,2023,10354," ","BARGE-SHUGART 40' x 10' x 5'",3617," ",4292,"2026-07-16 17:52:26",265,25042,0,45,1,1,1,0,0,0,0,0,0,0,0,NULL,NULL,699,0,676800,NULL,NULL,,NULL,NULL,NULL,NULL,0,0,0,1,NULL,16bb7ab1-f8a1-412d-a613-4fe9d95c112e,NULL
52942,676000,2023,10354," ","BARGE-SHUGART 40' x 10' x 5'",3608," ",4292,"2026-07-16 17:52:26",265,25008,0,45,1,1,1,0,0,0,0,0,0,0,0,NULL,NULL,699,0,676000,NULL,NULL,,NULL,NULL,NULL,NULL,0,0,0,1,NULL,2c480d2a-e4ea-490d-ba0b-d3ca332766a8,NULL
52943,907900,2020,10400,SM300,"LAY-MOR SM300  3 WHEEL RIDE ON SWEEPER",40171," ",4416,"2026-07-16 17:52:27",265,25129,0,45,1,1,1,0,0,0,0,0,0,0,0,NULL,NULL,699,0,907900,NULL,NULL,DOSH32,NULL,NULL,10009832,NULL,0,0,0,0,NULL,7764490f-0c57-42d9-8c7b-b39aed5fb453,NULL
52944,906900,2019,10395,XR1245,"XTREME XR1245 FORKLIFT 12000#",XR1245-11-190594411," ",4438,"2026-07-16 17:52:27",265,24981,0,45,1,1,1,0,0,0,0,0,0,0,0,NULL,NULL,699,0,906900,NULL,NULL,0040356297,NULL,NULL,10028190,NULL,0,0,1,1,NULL,4722f15b-fd4c-4358-b3f2-4f57c1cba946,NULL
52945,676700,2023,10354," ","BARGE-SHUGART 40' x 10' x 5'",3616," ",4292,"2026-07-16 17:52:27",265,25008,0,45,1,1,1,0,0,0,0,0,0,0,0,NULL,NULL,699,0,676700,NULL,NULL,,NULL,NULL,NULL,NULL,0,0,0,1,NULL,ee9c83d5-c6d5-41e7-aca5-c98b4ca8ee0d,NULL
52946,677000,2023,10354," ","BARGE-SHUGART 40' x 10' x 5'",3621," ",4292,"2026-07-16 17:52:27",265,25008,0,45,1,1,1,0,0,0,0,0,0,0,0,NULL,NULL,699,0,677000,NULL,NULL,,NULL,NULL,NULL,NULL,0,0,0,1,NULL,1af0988a-6c32-4751-92ff-f10a243b963a,NULL
52947,907200,2018,10395,XR2045ECAC,"XTREME XR2045 FORKLIFT 20000LB",XR2045-11-181294224," ",4516,"2026-07-16 17:52:27",265,24981,0,45,1,1,1,0,0,0,0,0,0,0,0,NULL,NULL,699,0,907200,NULL,NULL,NA,NULL,NULL,10021025,NULL,0,0,0,0,NULL,60752b58-8900-4506-b656-68b8679487c5,NULL
52948,677400,2024,10354," ","BARGE-SHUGART 40' x 10' x 5'",3677," ",4292,"2026-07-16 17:52:27",265,25136,0,45,1,1,1,0,0,0,0,0,0,0,0,NULL,NULL,699,0,677400,NULL,NULL,,NULL,NULL,NULL,NULL,0,0,0,1,NULL,5712cc12-4590-487a-9efa-eab80cb458fb,NULL
52949,907700,2020,10314,GP25N5-LE,"CAT GP25N5-LE 5000 # FORKLIFT",AT35A07240," ",4318,"2026-07-16 17:52:27",265,25018,0,45,1,1,1,0,0,0,0,0,0,0,0,NULL,NULL,699,0,907700,NULL,NULL,,NULL,NULL,9802790,NULL,0,0,0,0,NULL,82ff9b69-f284-4672-a9a3-5cfcece29a3b,NULL
52950,907500,2020,10395,XR1245-AENA0075,"XTREME XR1245 FORKLIFT 12000#",XR1245-11-190994666," ",4438,"2026-07-16 17:52:28",265,25089,0,45,1,1,1,0,0,0,0,0,0,0,0,NULL,NULL,699,0,907500,NULL,NULL,0040356300,NULL,NULL,10030985,NULL,0,0,0,1,NULL,89079acb-6a34-497d-9bf8-66ceb0d30162,NULL
52951,676600,2023,10354," ","BARGE-SHUGART 40' x 10' x 5'",3615," ",4292,"2026-07-16 17:52:28",265,25008,0,45,1,1,1,0,0,0,0,0,0,0,0,NULL,NULL,699,0,676600,NULL,NULL,,NULL,NULL,NULL,NULL,0,0,0,1,NULL,c7ad38c3-a35a-4d9c-bf57-9917318865b0,NULL
52952,908100,2020,10395,XR1245,"XTREME XR1245 FORKLIFT 12000#",11-200394925," ",4438,"2026-07-16 17:52:28",265,25025,0,45,1,1,1,0,0,0,0,0,0,0,0,NULL,NULL,699,0,908100,NULL,NULL,,NULL,NULL,10002220,NULL,0,0,1,1,NULL,b2857e18-36bf-4f97-9979-cd0146120c02,NULL
52953,675400,2023,10354," ","BARGE-SHUGART 40' x 10' x 5'",3548," ",4292,"2026-07-16 17:52:28",265,25136,0,45,1,1,1,0,0,0,0,0,0,0,0,NULL,NULL,699,0,675400,NULL,NULL,,NULL,NULL,NULL,NULL,0,0,0,1,NULL,2f196e13-0d93-40f2-990e-766457fd22f2,NULL
52954,907400,2018,10402,PUTZMEISTER,"SHOTCRETE PUMP DRY GUN",150600195," ",4525,"2026-07-16 17:52:28",265,24981,0,45,1,1,1,0,0,0,0,0,0,0,0,NULL,NULL,699,0,907400,NULL,NULL,NA,NULL,NULL,NULL,NULL,0,0,0,0,NULL,c39450d4-673e-4b0d-a364-71f6a627af89,NULL
52955,676900,2023,10354," ","BARGE-SHUGART 40' x 10' x 5'",3620," ",4292,"2026-07-16 17:52:28",265,25008,0,45,1,1,1,0,0,0,0,0,0,0,0,NULL,NULL,699,0,676900,NULL,NULL,,NULL,NULL,NULL,NULL,0,0,0,1,NULL,989e06e9-e9c9-4678-9df9-28fd8452e5c2,NULL
52956,907800,2020,10314,GP30N5-LE,"CAT GP30N5-LE 5000# FORKLIFT",AT13G03866," ",4318,"2026-07-16 17:52:29",265,25018,0,45,1,1,1,0,0,0,0,0,0,0,0,NULL,NULL,699,0,907800,NULL,NULL,,NULL,NULL,9802794,NULL,0,0,0,0,NULL,62c6f853-d22f-4359-88e7-c4c9be65e116,NULL
52957,677200,2024,10354," ","BARGE-SHUGART 40' x 10' x 5'",3676," ",4292,"2026-07-16 17:52:29",265,25136,0,45,1,1,1,0,0,0,0,0,0,0,0,NULL,NULL,699,0,677200,NULL,NULL,,NULL,NULL,NULL,NULL,0,0,0,1,NULL,76442ee5-8d5d-4bf8-8abf-ec27279aec54,NULL
52958,908500,2020,10403,WE36-4,"36" TAMPER FOOT COMPACTION WHEEL (use w/ CAT336 Excavator)",116690," ",4328,"2026-07-16 17:52:29",265,24982,0,45,1,1,1,0,0,0,0,0,0,0,0,NULL,NULL,699,0,908500,NULL,NULL,NA,NULL,NULL,9905495,NULL,0,0,0,0,NULL,63d33aeb-ad55-4b1f-9849-9aca62d01d72,NULL
52959,676200,2023,10354," ","BARGE-SHUGART 40' x 10' x 5'",3610," ",4292,"2026-07-16 17:52:29",265,25042,0,45,1,1,1,0,0,0,0,0,0,0,0,NULL,NULL,699,0,676200,NULL,NULL,,NULL,NULL,NULL,NULL,0,0,0,1,NULL,1bf85e0b-4760-409e-9f39-add956571122,NULL
52960,676500,2023,10354," ","BARGE-SHUGART 40' x 10' x 5'",3614," ",4292,"2026-07-16 17:52:29",265,25018,0,45,1,1,1,0,0,0,0,0,0,0,0,NULL,NULL,699,0,676500,NULL,NULL,,NULL,NULL,NULL,NULL,0,0,0,1,NULL,77e9ed9d-b67e-4903-992d-ae5015b6c222,NULL
52961,908000,2020,10395,XR1245,"XTREME XR1245 FORKLIFT 12000#",11-200394924," ",4438,"2026-07-16 17:52:29",265,25012,0,45,1,1,1,0,0,0,0,0,0,0,0,NULL,NULL,699,0,908000,NULL,NULL,,NULL,NULL,10022442,NULL,0,0,0,1,NULL,2ca295f2-e2be-4ac4-81bc-6708c05be2fe,NULL
52962,907600,2019,10395,XR1245-AENA0075,"XTREME XR1245 FORKLIFT 12000#",XR1245-11-190994667," ",4438,"2026-07-16 17:52:29",265,25107,0,45,1,1,1,0,0,0,0,0,0,0,0,NULL,NULL,699,0,907600,NULL,NULL,,NULL,NULL,10013814,NULL,0,0,0,1,NULL,15876ca9-0b08-478a-a344-42fd159ac313,NULL
52963,677100,2023,10354," ","BARGE-SHUGART 40' x 10' x 5'",3622," ",4292,"2026-07-16 17:52:29",265,25042,0,45,1,1,1,0,0,0,0,0,0,0,0,NULL,NULL,699,0,677100,NULL,NULL,,NULL,NULL,NULL,NULL,0,0,0,1,NULL,ccdc1e30-faef-4e20-b8bd-bb43a1a2d0f9,NULL
52964,909300,2018,10395,XR1147,"XTREME XR1147 FORKLIFT 11000#",XR1147-11-180300006," ",4438,"2026-07-16 17:52:29",265,25132,0,45,1,1,1,0,0,0,0,0,0,0,0,NULL,NULL,699,0,909300,NULL,NULL,,NULL,NULL,10003418,NULL,0,0,2,1,NULL,7c915d50-f2d6-453c-b30c-d589a83824be,NULL
52965,909800,2023,10404,"S-65XC (EXTRA CAPACI","BOOMLIFT-GENIE S-65XC 4WD DSL",S65XCH49935," ",4335,"2026-07-16 17:52:30",265,25089,0,45,1,1,1,0,0,0,0,0,0,0,0,NULL,NULL,699,0,909800,NULL,NULL,0040356296,NULL,NULL,10009872,NULL,0,0,0,1,NULL,396df5db-d6c4-474b-852e-2bcad6272034,NULL
52966,677300,2024,10354," ","BARGE-SHUGART 40' x 10' x 5'",3674," ",4292,"2026-07-16 17:52:30",265,25136,0,45,1,1,1,0,0,0,0,0,0,0,0,NULL,NULL,699,0,677300,NULL,NULL,,NULL,NULL,NULL,NULL,0,0,0,1,NULL,02a65029-ed0b-4582-bed3-50c0e00cee00,NULL
52967,678600,2024,10354," ","BARGE-SHUGART 40' x 10' x 5'",3711," ",4292,"2026-07-16 17:52:30",265,25042,0,45,1,1,1,0,0,0,0,0,0,0,0,NULL,NULL,699,0,678600,NULL,NULL,,NULL,NULL,NULL,NULL,0,0,0,1,NULL,50f14db0-03d5-43a7-98e8-7ccdd80d9c5a,NULL
52968,909001,NULL,10407,2.763-5FH-NFL,"72" FORK POSITIONER CARRIAGE"," "," ",4525,"2026-07-16 17:52:30",265,25018,0,45,1,0,1,0,0,0,0,0,0,0,0,NULL,NULL,699,0,909001,NULL,NULL,,NULL,NULL,NULL,NULL,0,0,0,0,NULL,d1fb70f5-1efd-48e5-9f9e-a2707095fe3e,NULL
52969,910200,2023,10404,"S-65XC (EXTRA CPACIT","BOOMLIFT-GENIE S-65XC 4WD DSL",S65XCH49963," ",4335,"2026-07-16 17:52:30",265,25129,0,45,1,1,1,0,0,0,0,0,0,0,0,NULL,NULL,699,0,910200,NULL,NULL,0040356298,NULL,NULL,10009836,NULL,0,0,0,1,NULL,f0d95977-1247-4973-936e-3a602d777abd,NULL
52970,909400,2023,10405,"RANGER CREW","POLARIS RANGER CREW SP570 UTV"," ",3NSM4U578PE255708,4519,"2026-07-16 17:52:30",265,25026,0,45,1,1,1,0,0,0,0,0,0,0,0,NULL,NULL,699,0,909400,NULL,NULL,"UT 1482ZS",NULL,NULL,9802818,5141368,0,0,0,0,NULL,8857837b-2b01-46e5-b3f0-4c89f0850024,NULL
52971,677700,2024,10354," ","BARGE-SHUGART 40' x 10' x 5'",3680," ",4292,"2026-07-16 17:52:30",265,25136,0,45,1,1,1,0,0,0,0,0,0,0,0,NULL,NULL,699,0,677700,NULL,NULL,,NULL,NULL,NULL,NULL,0,0,0,1,NULL,f466cb78-9951-44e2-8d0b-737fccfa631a,NULL
52972,677800,2024,10354," ","BARGE-SHUGART 40' x 10' x 5'",3681," ",4292,"2026-07-16 17:52:31",265,25136,0,45,1,1,1,0,0,0,0,0,0,0,0,NULL,NULL,699,0,677800,NULL,NULL,,NULL,NULL,NULL,NULL,0,0,0,1,NULL,47298975-81b3-46e1-bae9-66179e4f5f96,NULL
52973,909200,2019,10314,TH255CCA,"CAT TH255CCS FORKLIFT",JK204249," ",4372,"2026-07-16 17:52:31",265,24981,0,45,1,1,1,0,0,0,0,0,0,0,0,NULL,NULL,699,0,909200,NULL,NULL,0033486031,NULL,NULL,10016607,NULL,0,0,0,1,NULL,c15a5661-6953-4a46-aedc-0a0441bc12c1,NULL
52974,910100,2023,10404,"S-65XC (EXTRA CPACIT","BOOMLIFT-GENIE S-65XC 4WD DSL",S65XCH49967," ",4335,"2026-07-16 17:52:31",265,25136,0,45,1,1,1,0,0,0,0,0,0,0,0,NULL,NULL,699,0,910100,NULL,NULL,,NULL,NULL,10022701,NULL,0,0,1,1,NULL,c98c9a92-ed84-44d1-99d9-3031ed67ab5f,NULL
52975,677900,2024,10354," ","BARGE-SHUGART 40' x 10' x 5'",3686," ",4292,"2026-07-16 17:52:31",265,25008,0,45,1,1,1,0,0,0,0,0,0,0,0,NULL,NULL,699,0,677900,NULL,NULL,,NULL,NULL,NULL,NULL,0,0,0,1,NULL,0487e07f-5c8e-47ef-8b9d-d06dfc9f1073,NULL
52976,677600,2024,10354," ","BARGE-SHUGART 40' x 10' x 5'",3679," ",4292,"2026-07-16 17:52:31",265,25136,0,45,1,1,1,0,0,0,0,0,0,0,0,NULL,NULL,699,0,677600,NULL,NULL,,NULL,NULL,NULL,NULL,0,0,0,1,NULL,08704a0e-9cc5-4bb2-8bd2-a25c7207c5ac,NULL
52977,909000,NULL,10406,S80J4E-4,"SEL S80J4E-4 8K RT FORKLIFT",11121911S8J4E-4," ",4399,"2026-07-16 17:52:31",265,25018,0,45,1,1,1,0,0,0,0,0,0,0,0,NULL,NULL,699,0,909000,NULL,NULL,,NULL,NULL,10024430,NULL,0,0,0,0,NULL,708da4af-6949-48b5-ba48-fe04253c3224,NULL
52978,678100,2024,10354," ","BARGE-SHUGART 40' x 10' x 5'",3688," ",4292,"2026-07-16 17:52:31",265,25136,0,45,1,1,1,0,0,0,0,0,0,0,0,NULL,NULL,699,0,678100,NULL,NULL,,NULL,NULL,NULL,NULL,0,0,0,1,NULL,599120a7-388a-4a3f-982f-0bdae706a133,NULL
52979,678000,2024,10354," ","BARGE-SHUGART 40' x 10' x 5'",3687," ",4292,"2026-07-16 17:52:32",265,25136,0,45,1,1,1,0,0,0,0,0,0,0,0,NULL,NULL,699,0,678000,NULL,NULL,,NULL,NULL,NULL,NULL,0,0,0,1,NULL,ed44c5fb-057c-4a47-8f70-ebff74a77a43,NULL
52980,909500,2021,10395,XR1255,"XTREME XR1255 FORKLIFT 12000#",11-210495190," ",4438,"2026-07-16 17:52:32",265,25019,0,45,1,1,1,0,0,0,0,0,0,0,0,NULL,NULL,699,0,909500,NULL,NULL,0033485847,NULL,NULL,10009844,NULL,0,0,0,1,NULL,04e013f4-cb30-4631-87fc-8d4db971f5a3,NULL
52981,678700,2024,10354," ","BARGE-SHUGART 40' x 10' x 7'",7771," ",4292,"2026-07-16 17:52:32",265,25136,0,45,1,1,1,0,0,0,0,0,0,0,0,NULL,NULL,699,0,678700,NULL,NULL,,NULL,NULL,NULL,NULL,0,0,0,1,NULL,457e0895-1f7a-4ae0-bf07-4a29fd9977ce,NULL
52982,909700,2023,10404,"S-65XC (EXTRA CAPACI","BOOMLIFT-GENIE S-65XC 4WD DSL",S65XCH49943," ",4335,"2026-07-16 17:52:33",265,25089,0,45,1,1,1,0,0,0,0,0,0,0,0,NULL,NULL,699,0,909700,NULL,NULL,0040356314,NULL,NULL,10022858,NULL,0,0,0,1,NULL,67e40ac7-d99a-49c7-8238-565c16b234ae,NULL
52983,910000,2023,10404,"S-65XC (EXTRA CAPACI","BOOMLIFT-GENIE S-65XC 4WD DSL",S65XCH49931," ",4335,"2026-07-16 17:52:33",265,25129,0,45,1,1,1,0,0,0,0,0,0,0,0,NULL,NULL,699,0,910000,NULL,NULL,0040356292,NULL,NULL,10009834,NULL,0,0,1,1,NULL,54d31b70-cf68-4c09-92f8-96de1bb0ffee,NULL
52984,678500,2024,10354," ","BARGE-SHUGART 40' x 10' x 5'",3709," ",4292,"2026-07-16 17:52:33",265,25042,0,45,1,1,1,0,0,0,0,0,0,0,0,NULL,NULL,699,0,678500,NULL,NULL,,NULL,NULL,NULL,NULL,0,0,0,1,NULL,40c0265d-1922-476f-9fa3-5a2c050f84d5,NULL
52985,677500,2024,10354," ","BARGE-SHUGART 40' x 10' x 5'",3678," ",4292,"2026-07-16 17:52:33",265,25136,0,45,1,1,1,0,0,0,0,0,0,0,0,NULL,NULL,699,0,677500,NULL,NULL,,NULL,NULL,NULL,NULL,0,0,0,1,NULL,3d94289d-5241-40ef-87e8-8ea9bb1e2de7,NULL
52986,678400,2024,10354," ","BARGE-SHUGART 40' x 10' x 5'",3707," ",4292,"2026-07-16 17:52:34",265,25042,0,45,1,1,1,0,0,0,0,0,0,0,0,NULL,NULL,699,0,678400,NULL,NULL,,NULL,NULL,NULL,NULL,0,0,0,1,NULL,bd88cd12-b7f1-4354-8c83-85ebb95c1469,NULL
52987,678800,2024,10354," ","BARGE-SHUGART 40' x 10' x 7'",7772," ",4292,"2026-07-16 17:52:55",265,25136,0,45,1,1,1,0,0,0,0,0,0,0,0,NULL,NULL,699,0,678800,NULL,NULL,,NULL,NULL,NULL,NULL,0,0,0,1,NULL,bcffc025-cce3-4682-909a-c0810b115455,NULL
52988,909100,NULL,10360,BPU5545A,"COMPACTOR W/B REV PLATE-WACKER BPU5545A 750#",11296692," ",4330,"2026-07-16 17:52:55",265,25045,0,45,1,1,1,0,0,0,0,0,0,0,0,NULL,NULL,699,0,909100,NULL,NULL,,NULL,NULL,NULL,NULL,0,0,0,0,NULL,ad5a9dd6-7aab-4385-a3ce-6c401dfc4f6d,NULL
52989,910400,2019,10314,TH255CCAB,"CAT TH255CCAB FORKLIFT",JK204310," ",4372,"2026-07-16 17:52:55",265,25031,0,45,1,1,1,0,0,0,0,0,0,0,0,NULL,NULL,699,0,910400,NULL,NULL,,NULL,NULL,9802850,NULL,0,0,0,1,NULL,81220cd9-c2db-44d3-8f90-70da57cabacf,NULL
52990,678300,2024,10354," ","BARGE-SHUGART 40' x 10' x 5'",3705," ",4292,"2026-07-16 17:52:56",265,25042,0,45,1,1,1,0,0,0,0,0,0,0,0,NULL,NULL,699,0,678300,NULL,NULL,,NULL,NULL,NULL,NULL,0,0,0,1,NULL,0d99bab6-45f0-4cb1-8418-9085ffea4f69,NULL
52991,909900,2023,10404,"S-65XC (EXTRA CAPACI","BOOMLIFT-GENIE S-65XC 4WD DSL",S65XCH49955," ",4335,"2026-07-16 17:52:56",265,25089,0,45,1,1,1,0,0,0,0,0,0,0,0,NULL,NULL,699,0,909900,NULL,NULL,0040356320,NULL,NULL,10022860,NULL,0,0,0,1,NULL,804d44d0-7c25-48f5-b864-6fa4aa48f417,NULL
52992,909600,2019,10314,TH255CCAB,"CAT TH255CCAB FORKLIFT",JK204140," ",4372,"2026-07-16 17:52:56",265,25089,0,45,1,1,1,0,0,0,0,0,0,0,0,NULL,NULL,699,0,909600,NULL,NULL,0040356315,NULL,NULL,10009870,NULL,0,0,0,1,NULL,f55c6979-65a0-46b9-80ba-72ca5451abcf,NULL
52993,908800,2021,10408,"DEFENDER MAX XT HD8","CAN-AM DEFENDER MAX XT HD8 UTV"," ",3JBUCAN41MK000682,4519,"2026-07-16 17:52:56",265,25044,0,45,1,1,1,0,0,0,0,0,0,0,0,NULL,NULL,699,0,908800,NULL,NULL,"UT 1340UH",NULL,NULL,10022279,5141367,0,0,0,0,NULL,ba997afc-c9d7-4323-9865-311108381edb,NULL
52994,678200,2024,10354," ","BARGE-SHUGART 40' x 10' x 5'",3689," ",4292,"2026-07-16 17:52:56",265,25136,0,45,1,1,1,0,0,0,0,0,0,0,0,NULL,NULL,699,0,678200,NULL,NULL,,NULL,NULL,NULL,NULL,0,0,0,1,NULL,0e094201-67e8-42aa-be9e-d725ad94263c,NULL
52995,675900,2023,10354," ","BARGE-SHUGART 40' x 10' x 5'",3607," ",4292,"2026-07-16 17:52:56",265,25008,0,45,1,1,1,0,0,0,0,0,0,0,0,NULL,NULL,699,0,675900,NULL,NULL,,NULL,NULL,NULL,NULL,0,0,0,1,NULL,2e19357c-f2cc-4a86-abc3-1aae83c58261,NULL
52996,679100,2024,10354," ","BARGE-SHUGART 40' x 10' x 5'",3725," ",4292,"2026-07-16 17:52:56",265,25042,0,45,1,1,1,0,0,0,0,0,0,0,0,NULL,NULL,699,0,679100,NULL,NULL,,NULL,NULL,NULL,NULL,0,0,0,1,NULL,5dd1e7c7-ceac-4996-bb82-3824e60cd0dd,NULL
52997,678900,2024,10354," ","BARGE-SHUGART 40' x 10' x 7'",7773," ",4292,"2026-07-16 17:52:57",265,25136,0,45,1,1,1,0,0,0,0,0,0,0,0,NULL,NULL,699,0,678900,NULL,NULL,,NULL,NULL,NULL,NULL,0,0,0,1,NULL,b0f6d4d6-a0bf-463c-b0b0-052c679f1a30,NULL
52998,910800,2019,10395,TL1255,"XTREME XR1255 FORKLIFT 12000#",XR1255-11-190194260," ",4438,"2026-07-16 17:52:57",265,25080,0,45,1,1,1,0,0,0,0,0,0,0,0,NULL,NULL,699,0,910800,NULL,NULL,0033485856,NULL,NULL,10022777,NULL,0,0,0,1,2860,3e0e8ca8-6e6c-43b5-96c6-fdeb55a6c72b,NULL
52999,910500,2025,10405,RANGER,"POLARIS RANGER UTV"," ",4XARSU995S8757336,4519,"2026-07-16 17:52:57",265,25089,0,45,1,1,1,0,0,0,0,0,0,0,0,NULL,NULL,699,0,910500,NULL,NULL,DO3853,NULL,NULL,9802851,NULL,0,0,0,0,NULL,35250a07-e2a8-4729-a3c8-0f0a3f358d38,NULL
53000,910300,2023,10404,"S-65XC (EXTRA CPACIT","BOOMLIFT-GENIE S-65XC 4WD DSL",S65XCH49971," ",4335,"2026-07-16 17:52:57",265,25136,0,45,1,1,1,0,0,0,0,0,0,0,0,NULL,NULL,699,0,910300,NULL,NULL,,NULL,NULL,10022703,NULL,0,0,0,1,NULL,9fb85666-e894-45a4-9134-4650cda3e803,NULL
53001,910700,2025,10405,RANGER,"POLARIS RANGER UTV"," ",4XARSU99XS8769417,4519,"2026-07-16 17:52:57",265,25089,0,45,1,1,1,0,0,0,0,0,0,0,0,NULL,NULL,699,0,910700,NULL,NULL,DO3911,NULL,NULL,9802857,NULL,0,0,0,0,NULL,418569f7-6db2-4983-937d-029845b49960,NULL
53002,679000,2024,10354," ","BARGE-SHUGART 40' x 10' x 7'",7774," ",4292,"2026-07-16 17:52:57",265,25136,0,45,1,1,1,0,0,0,0,0,0,0,0,NULL,NULL,699,0,679000,NULL,NULL,,NULL,NULL,NULL,NULL,0,0,0,1,NULL,ee3aad0b-6e5f-42ad-933a-92579598620f,NULL
53003,679600,2024,10354," ","BARGE-SHUGART 40' x 10' x 5'",3731," ",4292,"2026-07-16 17:52:57",265,25042,0,45,1,1,1,0,0,0,0,0,0,0,0,NULL,NULL,699,0,679600,NULL,NULL,,NULL,NULL,NULL,NULL,0,0,0,1,NULL,4dde1aa1-19a6-478b-8e23-198ad0f3bb9e,NULL
53004,679200,2024,10354," ","BARGE-SHUGART 40' x 10' x 5'",3727," ",4292,"2026-07-16 17:52:58",265,25042,0,45,1,1,1,0,0,0,0,0,0,0,0,NULL,NULL,699,0,679200,NULL,NULL,,NULL,NULL,NULL,NULL,0,0,0,1,NULL,76db37bd-d6eb-47a8-ba38-145de115375b,NULL
53005,910600,2025,10405,RANGER,"POLARIS RANGER UTV"," ",4XARSU999S8753824,4519,"2026-07-16 17:52:58",265,25067,0,45,1,1,1,0,0,0,0,0,0,0,0,NULL,NULL,699,0,910600,NULL,NULL,DO3854,NULL,NULL,10022359,NULL,0,0,0,0,NULL,61c11223-b2f0-470a-923c-6f1391c6a792,NULL
53006,911200,2019,10395,TL1255,"XTREME XR1255 FORKLIFT 12000#",XR1255-11-190194269," ",4438,"2026-07-16 17:52:58",265,25089,0,45,1,1,1,0,0,0,0,0,0,0,0,NULL,NULL,699,0,911200,NULL,NULL,0033494028,NULL,NULL,10009877,NULL,0,0,0,1,2819,d6effd8c-179d-470f-8b82-5d95f0a9c2d3,NULL
53007,911700,2025,10395,XR1247,"XTREME XR1247 FORKLIFT 12000#",XR1247-11-250800059," ",4438,"2026-07-16 17:52:58",265,25089,0,45,1,1,1,0,0,0,0,0,0,0,0,NULL,NULL,699,0,911700,NULL,NULL,0033494062,NULL,NULL,10022862,NULL,0,0,1,1,NULL,ff17d60c-6bcd-4da7-8e39-504a44bd81e9,NULL
53008,679800,2024,10354," ","BARGE-SHUGART 40' x 10' x 5'",3733," ",4292,"2026-07-16 17:52:58",265,25042,0,45,1,1,1,0,0,0,0,0,0,0,0,NULL,NULL,699,0,679800,NULL,NULL,,NULL,NULL,NULL,NULL,0,0,0,1,NULL,40b3be39-0c18-47b1-a461-512dfd1cf3ae,NULL
53009,911400,2019,10314,TH255C,"CAT TH255C FORKLIFT",JK204289," ",4372,"2026-07-16 17:52:59",265,25019,0,45,1,1,1,0,0,0,0,0,0,0,0,NULL,NULL,699,0,911400,NULL,NULL,0048330184,NULL,NULL,10016608,NULL,0,0,0,1,2813,382d7cb5-05e8-4615-9ba5-11b6c2157c7f,NULL
53010,911000,2023,10410,MVH508DZ,"COMPACTOR W/B REV PLATE-MULTIQUIP MVH508DZ 1000#",D1467," ",4313,"2026-07-16 17:52:59",265,24981,0,45,1,1,1,0,0,0,0,0,0,0,0,NULL,NULL,699,0,911000,NULL,NULL,NA,NULL,NULL,NULL,NULL,0,0,0,0,NULL,1e0a067f-2ff0-4090-8eaa-485da85fbd3e,NULL
53011,911100,2019,10395,TL1255,"XTREME XR1255 FORKLIFT 12000#",XR1255-11-190194268," ",4438,"2026-07-16 17:52:59",265,24980,0,45,1,1,1,0,0,0,0,0,0,0,0,NULL,NULL,699,0,911100,NULL,NULL,0033485857,NULL,NULL,10022840,NULL,0,0,0,1,2811,31a0dea0-1eed-41d0-8ffb-8c901bfb4d0f,NULL
53012,679900,2024,10354," ","BARGE-SHUGART 40' x 10' x 5'",3734," ",4292,"2026-07-16 17:52:59",265,25042,0,45,1,1,1,0,0,0,0,0,0,0,0,NULL,NULL,699,0,679900,NULL,NULL,,NULL,NULL,NULL,NULL,0,0,0,1,NULL,21b1ee93-47ca-44cc-bbee-522f12888e4c,NULL
53013,679300,2024,10354," ","BARGE-SHUGART 40' x 10' x 5'",3728," ",4292,"2026-07-16 17:52:59",265,25042,0,45,1,1,1,0,0,0,0,0,0,0,0,NULL,NULL,699,0,679300,NULL,NULL,,NULL,NULL,NULL,NULL,0,0,0,1,NULL,96dbc307-9ec1-4288-8813-7665f32dd697,NULL
53014,911800,2025,10395,XR1247,"XTREME XR1247 FORKLIFT 12000#",XR1247-11-250800060," ",4438,"2026-07-16 17:52:59",265,25089,0,45,1,1,1,0,0,0,0,0,0,0,0,NULL,NULL,699,0,911800,NULL,NULL,0033494063,NULL,NULL,10022874,NULL,0,0,0,1,NULL,2b32839d-3de9-4db9-929e-0d0e44b6110f,NULL
53015,679500,2024,10354," ","BARGE-SHUGART 40' x 10' x 5'",3730," ",4292,"2026-07-16 17:52:59",265,25042,0,45,1,1,1,0,0,0,0,0,0,0,0,NULL,NULL,699,0,679500,NULL,NULL,,NULL,NULL,NULL,NULL,0,0,0,1,NULL,b55ef742-bd82-4c6f-8ddd-3a1db406ae61,NULL
53016,679400,2024,10354," ","BARGE-SHUGART 40' x 10' x 5'",3729," ",4292,"2026-07-16 17:53:00",265,25042,0,45,1,1,1,0,0,0,0,0,0,0,0,NULL,NULL,699,0,679400,NULL,NULL,,NULL,NULL,NULL,NULL,0,0,0,1,NULL,9fb04ff1-8ecf-4c52-aab9-bea2021d121e,NULL
53017,815601,2021,10382,6000HD2,"MODEL 6000HD2 DUAL GUN STUD WELDER",10041170," ",4535,"2026-07-16 17:53:00",265,25018,0,45,1,0,1,0,0,0,0,0,0,0,0,NULL,NULL,699,0,815601,NULL,NULL,,NULL,NULL,NULL,NULL,0,0,0,0,NULL,0a75a140-d506-4016-8a1b-792ff81d3a0e,NULL
53018,911500,2025,10399,KAF400PSFNN,"KAWASAKI MULE UTV MODEL  KAF400PSFNN"," ",JK1AFEP12STD00779,4478,"2026-07-16 17:53:00",265,25058,0,45,1,1,1,0,0,0,0,0,0,0,0,NULL,NULL,699,0,911500,NULL,NULL,1624TX,NULL,NULL,10022892,NULL,0,0,0,0,2815,0aed143f-fc06-49c5-b2fa-a28ddfd68a54,NULL
53019,910900,2019,10395,TL1255,"XTREME XR1255 FORKLIFT 12000#",XR1255-11-190194259," ",4438,"2026-07-16 17:53:56",265,25080,0,45,1,1,1,0,0,0,0,0,0,0,0,NULL,NULL,699,0,910900,NULL,NULL,0033485845,NULL,NULL,10022788,NULL,0,0,0,1,2859,02d9ed47-5edb-4483-9214-94c0841df104,NULL
53020,911600,2022,10393,H360XD,"HYSTER H360XD FORKLIFT (36,000 LB)",N019E02235W," ",4516,"2026-07-16 17:53:56",265,25122,0,45,1,1,1,0,0,0,0,0,0,0,0,NULL,NULL,699,0,911600,NULL,NULL,,NULL,NULL,10024506,NULL,0,0,0,0,NULL,4312d963-387d-424a-a7aa-1d84dc0406e2,NULL
53021,685400,2013,10360,LTN6L,"WACKER NEUSON LIGHT TOWER",20153566," ",4468,"2026-07-16 17:53:56",265,25089,0,45,1,1,1,0,0,0,0,0,0,0,0,NULL,NULL,699,0,685400,NULL,NULL,DTPK28,NULL,NULL,9802449,NULL,0,0,0,0,NULL,a1f2e71a-cd9f-4297-882e-85a17fb77817,NULL
53022,679700,2024,10354," ","BARGE-SHUGART 40' x 10' x 5'",3732," ",4292,"2026-07-16 17:53:57",265,25042,0,45,1,1,1,0,0,0,0,0,0,0,0,NULL,NULL,699,0,679700,NULL,NULL,,NULL,NULL,NULL,NULL,0,0,0,1,NULL,d5fcd839-f633-408d-a045-1403995b6097,NULL
53023,912200,2025,10404,S85XC,"BOOMLIFT-GENIE S85XC (On RPO Wagner)",S85XCH5966," ",4507,"2026-07-16 17:53:57",265,25089,0,45,1,1,1,0,0,1,0,0,0,0,0,NULL,NULL,699,0,912200,NULL,NULL,RENTAL,NULL,NULL,10022889,NULL,0,0,0,1,2823,2f338973-8666-41ff-9a42-5d9a920c30ba,NULL
53024,912000,2025,10395,XR1247,"XTREME XR1247 FORKLIFT 12000#",XR1247-11-250900062," ",4438,"2026-07-16 17:53:57",265,25011,0,45,1,1,1,0,0,0,0,0,0,0,0,NULL,NULL,699,0,912000,NULL,NULL,,NULL,NULL,10025232,NULL,0,0,0,1,NULL,8416b748-52c2-4412-a17d-6a9329277366,NULL
53025,911900,2025,10395,XR1247,"XTREME XR1247 FORKLIFT 12000#",XR1247-11-250800061," ",4438,"2026-07-16 17:53:58",265,25089,0,45,1,1,1,0,0,0,0,0,0,0,0,NULL,NULL,699,0,911900,NULL,NULL,0033494064,NULL,NULL,10009886,NULL,0,0,0,1,NULL,d37d1bf7-d359-4f92-82b7-252a32dc11f0,NULL
53026,912500,2024,10410,MVH508DE,"COMPACTOR W/B REV PLATE-MULTIQUIP MVH508DE 1000#",K10021," ",4313,"2026-07-16 17:53:58",265,25019,0,45,1,1,1,0,0,0,0,0,0,0,0,NULL,NULL,699,0,912500,NULL,NULL,NA,NULL,NULL,NULL,NULL,0,0,0,0,NULL,39bc41ba-f5b1-4981-92f0-4f8e34c90907,NULL
53027,686400,2017,10362,4TN4000XD-1700,"GRANDWATT LIGHT TOWER",GW-2016TN-311," ",4468,"2026-07-16 17:53:58",265,25018,0,45,1,1,1,0,0,0,0,0,0,0,0,NULL,NULL,699,0,686400,NULL,NULL,,NULL,NULL,9802453,NULL,0,0,0,0,NULL,040b6704-8871-47c7-8046-39ce614c409d,NULL
53028,912700,2023,10410,MVH508DE,"COMPACTOR W/B REV PLATE-MULTIQUIP MVH508DE 1000#",H10133," ",4313,"2026-07-16 17:53:59",265,25019,0,45,1,1,1,0,0,0,0,0,0,0,0,NULL,NULL,699,0,912700,NULL,NULL,NA,NULL,NULL,NULL,NULL,0,0,0,0,NULL,19698e23-8124-4ce0-bf0c-a11cda7d34e0,NULL
53029,687400,2019,10410," ","GENERATOR 2.5KW & 1500W LIGHT STAND",5822550," ",4444,"2026-07-16 17:53:59",265,24981,0,45,1,1,1,0,0,0,0,0,0,0,0,NULL,NULL,699,0,687400,NULL,NULL,NA,NULL,NULL,NULL,NULL,0,0,0,0,NULL,19ef2e34-1661-4478-8f21-ed5ecd21b1e6,NULL
53030,912600,2023,10410,MVH508DE,"COMPACTOR W/B REV PLATE-MULTIQUIP MVH508DE 1000#",H10148," ",4313,"2026-07-16 17:54:00",265,25019,0,45,1,1,1,0,0,0,0,0,0,0,0,NULL,NULL,699,0,912600,NULL,NULL,NA,NULL,NULL,NULL,NULL,0,0,0,0,NULL,b6169e78-7a79-4824-ad8c-b5e2e4266738,NULL
53031,913300,2026,10404,SX135XC,"GENIE SX135XC BOOM LIFT (On RPO) Wagner",SX135H782," ",4306,"2026-07-16 17:54:01",265,25089,0,45,1,1,1,0,0,1,0,0,0,0,0,NULL,NULL,699,0,913300,NULL,NULL,RENTAL,NULL,NULL,9905560,NULL,0,0,1,1,4561,35e2be6c-e6c8-4061-a848-5334248c8251,NULL
53032,911300,2019,10314,TH255C,"CAT TH255C FORKLIFT",JK204141," ",4372,"2026-07-16 17:54:01",265,25019,0,45,1,1,1,0,0,0,0,0,0,0,0,NULL,NULL,699,0,911300,NULL,NULL,0033494061,NULL,NULL,10009845,NULL,0,0,0,1,2828,7c7ea57e-44e1-46cb-b0a4-2361e9e5f788,NULL
53033,686600,2017,10362,4TN4000XD-1700,"GRANDWATT LIGHT TOWER",GW-2016TN-313," ",4468,"2026-07-16 17:54:01",265,25042,0,45,1,1,1,0,0,0,0,0,0,0,0,NULL,NULL,699,0,686600,NULL,NULL,,NULL,NULL,10023957,NULL,0,0,0,0,NULL,aea455df-9579-49f6-8c37-ab8b204016ea,NULL
53034,686800,2017,10362,4TN4000XD-1700,"GRANDWATT LIGHT TOWER",GW-2016TN-318," ",4468,"2026-07-16 17:54:02",265,25098,0,45,1,1,1,0,0,0,0,0,0,0,0,NULL,NULL,699,0,686800,NULL,NULL,,NULL,NULL,9802459,NULL,0,0,0,0,NULL,a917c259-f33a-4c01-a797-6671346eade9,NULL
53035,913000,2025,10395,XR1247-B,"XTREME XR1247-B FORKLIFT 12000#",XR1247-11-260100064," ",4438,"2026-07-16 17:54:02",265,24978,0,45,1,1,1,0,0,0,0,0,0,0,0,NULL,NULL,699,0,913000,NULL,NULL,,NULL,NULL,10021952,NULL,0,0,2,1,NULL,415de570-48de-46d5-a523-2be888b90561,NULL
53036,686900,2018,10361,GS35,"GENERATOR 28KW DIESEL ON TRAILER","8790-1117 / 51F161119HG004104"," ",4549,"2026-07-16 17:54:02",265,25122,0,45,1,1,1,0,0,0,0,0,0,0,0,NULL,NULL,699,0,686900,NULL,NULL,,NULL,NULL,10023988,NULL,0,0,0,0,NULL,cb39d1f0-7d6b-49c0-8777-dd143442a7ec,NULL
53037,912100,2025,10393,H360XD,"HYSTER H360XD FORKLIFT (36,000 LB)",R007E04206Z," ",4516,"2026-07-16 17:54:03",265,25018,0,45,1,1,1,0,0,0,0,0,0,0,0,NULL,NULL,699,0,912100,NULL,NULL,,NULL,NULL,10024569,NULL,0,0,0,0,NULL,3790ca71-7fda-4cac-b40a-ef2d58b39597,NULL
53038,687000,2018,10361,GS35,"GENERATOR 28KW DIESEL ON TRAILER",71033," ",4549,"2026-07-16 17:54:03",265,25025,0,45,1,1,1,0,0,0,0,0,0,0,0,NULL,NULL,699,0,687000,NULL,NULL,,NULL,NULL,10022844,NULL,0,0,0,0,NULL,a7b90328-b045-4070-81fd-f544958de365,NULL
53039,825600,2006,10360,E2200GEN,"GROUND HEATER E2200GEN","E2200G01148 / 1G9UP15127S201018"," ",4424,"2026-07-16 17:54:03",265,25018,0,45,1,1,1,0,0,0,0,0,0,0,0,NULL,NULL,699,0,825600,NULL,NULL,,NULL,NULL,9802564,NULL,0,0,0,0,NULL,d67cdf40-672b-4c93-8de6-0412b35774dd,NULL
53040,913100,2025,10395,XR1247-B,"XTREME XR1247-B FORKLIFT 12000#",XR1247-11-260300065," ",4438,"2026-07-16 17:54:04",265,25025,0,45,1,1,1,0,0,0,0,0,0,0,0,NULL,NULL,699,0,913100,NULL,NULL,,NULL,NULL,10012563,NULL,0,0,1,1,NULL,625ba642-30a6-4b2b-a86b-89555beb256d,NULL
53041,688400,2018,10363,NLPIIV,"ALLMAND NLPIIV LIGHT TOWER","5AEA1AA11KH002020 (TRAILER)"," ",4468,"2026-07-16 17:54:04",265,24981,0,45,1,1,1,0,0,0,0,0,0,0,0,NULL,NULL,699,0,688400,NULL,NULL,EQJI59,NULL,NULL,9802481,NULL,0,0,0,0,NULL,2a4ca5b3-79f7-4be3-a222-a69f4789fb68,NULL
53042,912900,2018,10409,DPU5444HE,"COMPACTOR W/B REV PLATE-WACKER DPU6555HE 1000#",10881776," ",4313,"2026-07-16 17:54:04",265,25089,0,45,1,1,1,0,0,0,0,0,0,0,0,NULL,NULL,699,0,912900,NULL,NULL,NA,NULL,NULL,NULL,NULL,0,0,0,0,NULL,aaccf499-0f3b-4cd0-86da-39f9d4f0a58c,NULL
53043,688000,2019,10363,NLPIIV,"ALLMAND NLPIIV LIGHT TOWER","5AEA1AA11KH002910 (TRAILER)"," ",4468,"2026-07-16 17:54:05",265,25089,0,45,1,1,1,0,0,0,0,0,0,0,0,NULL,NULL,699,0,688000,NULL,NULL,DTPK31,NULL,NULL,9802473,NULL,0,0,0,0,NULL,2056b053-40fc-4f03-9b12-17c8fc2e26c8,NULL
53044,913200,2026,10404,SX135XC,"GENIE SX135XC BOOM LIFT (On RPO) Wagner",SX135H766," ",4306,"2026-07-16 17:54:05",265,25089,0,45,1,1,1,0,0,1,0,0,0,0,0,NULL,NULL,699,0,913200,NULL,NULL,RENTAL,NULL,NULL,9905528,NULL,0,0,0,1,4564,1c7265c1-36a7-4097-8c57-93e5a08dc948,NULL
53045,687100,2018,10361,GS35,"GENERATOR 28KW DIESEL ON TRAILER",9201-0618," ",4549,"2026-07-16 17:54:06",265,25045,0,45,1,1,1,0,0,0,0,0,0,0,0,NULL,NULL,699,0,687100,NULL,NULL,DXGL55,NULL,NULL,10024009,NULL,0,0,0,0,NULL,98e55c8a-1099-46be-9613-a5006c16ba61,NULL
53046,912800,NULL,10410,MVH508DE,"COMPACTOR W/B REV PLATE-MQ MVH508DE 1000# (On RPO Wagner)",L10161," ",4313,"2026-07-16 17:54:06",265,24982,0,45,1,1,1,0,0,1,0,0,0,0,0,NULL,NULL,699,0,912800,NULL,NULL,RENTAL,NULL,NULL,NULL,NULL,0,0,0,0,NULL,64b8667b-8ea5-4fcc-93b2-1b6a20814726,NULL
53047,688200,2019,10363,NLPIIV,"ALLMAND NLPIIV LIGHT TOWER","5AEA1AA10KH002915 (TRAILER)"," ",4468,"2026-07-16 17:54:07",265,25089,0,45,1,1,1,0,0,0,0,0,0,0,0,NULL,NULL,699,0,688200,NULL,NULL,DTPK33,NULL,NULL,9802477,NULL,0,0,0,0,NULL,f78015dd-c169-4bb2-8f15-eb3a07b1a7a0,NULL
53048,950000,2023,10411,"TAHOE LT 4WD","CHEV TAHOE LT AWD - MALONEY, TIM"," ",1GNSKNKD1PR403319,4307,"2026-07-16 17:54:07",265,24981,0,45,1,0,1,0,0,0,0,0,0,0,0,NULL,NULL,699,0,950000,NULL,NULL,BPXN73,NULL,NULL,NULL,5204708,0,0,0,0,NULL,43179033-670a-4e76-bca0-0f450d2a4043,NULL
53049,912300,2025,10404,S85XC,"BOOMLIFT-GENIE S85XC (On RPO Wagner)",S85XCH5964," ",4507,"2026-07-16 17:54:07",265,25089,0,45,1,1,1,0,0,1,0,0,0,0,0,NULL,NULL,699,0,912300,NULL,NULL,RENTAL,NULL,NULL,10009888,NULL,0,0,0,1,2816,04f929f1-d96e-4940-ba23-81eccc425d9e,NULL
53050,686700,2017,10362,4TN4000XD-1700,"GRANDWATT LIGHT TOWER",GW-2016TN-317," ",4468,"2026-07-16 17:54:08",265,25018,0,45,1,1,1,0,0,0,0,0,0,0,0,NULL,NULL,699,0,686700,NULL,NULL,,NULL,NULL,10023962,NULL,0,0,0,0,NULL,1f6f54fc-491c-4e82-a8bd-2120c74dd578,NULL
53051,950100,2024,10412,"YUKON AT4","GMC YUKON AT4 SUV AWE - ZANETELL, DAVE"," ",1GKS2CKL4RR145101,4307,"2026-07-16 17:54:08",265,24981,0,45,1,0,1,0,0,0,0,0,0,0,0,NULL,NULL,699,0,950100,NULL,NULL,DOPU73,NULL,NULL,NULL,5204709,0,0,0,0,2818,69719817-51d9-4c83-9867-5c26fc18387b,NULL
53052,686300,2017,10362,4TN4000XD-1700,"GRANDWATT LIGHT TOWER",GW-2016TN-310," ",4468,"2026-07-16 17:54:09",265,25001,0,45,1,1,1,0,0,0,0,0,0,0,0,NULL,NULL,699,0,686300,NULL,NULL,,NULL,NULL,9802451,NULL,0,0,0,0,NULL,2179304e-e918-4b0f-b78c-d5fbc5c31b6b,NULL
53053,687300,2019,10410," ","GENERATOR 2.5KW & 1500W LIGHT STAND",5822554," ",4444,"2026-07-16 17:54:09",265,24981,0,45,1,1,1,0,0,0,0,0,0,0,0,NULL,NULL,699,0,687300,NULL,NULL,NA,NULL,NULL,NULL,NULL,0,0,0,0,NULL,2afd9566-926e-41b1-ba4a-d4258e1a473c,NULL
53054,949900,2022,10299,"EXPLORER LMITED 4WD","FORD EXPLORER LIMITED 4WD-SHIMOMURA, KOICHIRO"," ",1FMSK8FH5NGA44228,4307,"2026-07-16 17:54:10",265,25089,0,45,1,0,1,0,0,0,0,0,0,0,0,NULL,NULL,699,0,949900,NULL,NULL,BYZN70,NULL,NULL,NULL,5204707,0,0,0,0,NULL,d9354630-7056-45db-b3c8-44dcf1d8a478,NULL
53055,689100,2019,10410," ","GENERATOR 2.5KW & 1500W LIGHT STAND",G2300795," ",4444,"2026-07-16 17:54:10",265,24981,0,45,1,1,1,0,0,0,0,0,0,0,0,NULL,NULL,699,0,689100,NULL,NULL,NA,NULL,NULL,NULL,NULL,0,0,0,0,NULL,705685f0-f311-40ae-94f9-91eee0220eb2,NULL
53056,950200,2023,10299,"F150 RAPTOR","FORD F150 RAPTOR 4WD SUPERCREW-PETERSON, SCOTT"," ",1FTFW1RJ1PFC92503,4307,"2026-07-16 17:54:25",265,25018,0,45,1,0,1,0,0,0,0,0,0,0,0,NULL,NULL,699,0,950200,NULL,NULL,US4230,NULL,NULL,NULL,5204710,0,0,0,0,2832,8d52ceb6-3348-4f82-897b-cb5e1cd9090a,NULL
53057,690800,2016,10365,MLT3060,"MAGNUM PRO LIGHT TOWER 6KW"," ",5AJLS1414GB184664,4468,"2026-07-16 17:54:26",265,25107,0,45,1,1,1,0,0,0,0,0,0,0,0,NULL,NULL,699,0,690800,NULL,NULL,,NULL,NULL,10022608,NULL,0,0,0,0,NULL,8174f57c-6ede-4932-a063-a0b268aae488,NULL
53058,687700,2019,10363,NLPIIV,"ALLMAND NLPIIV LIGHT TOWER","5AEA1AA11KH002891 (TRAILER)"," ",4468,"2026-07-16 17:54:26",265,25089,0,45,1,1,1,0,0,0,0,0,0,0,0,NULL,NULL,699,0,687700,NULL,NULL,EJUU14,NULL,NULL,9802469,NULL,0,0,0,0,NULL,b85c49f9-0b17-4f01-9c05-49006b902e6b,NULL
53059,950300,2024,10299,"BRONCO RAPTOR","FORD BRONCO RAPTOR 4X4 - PETERSON, SCOTT"," ",1FMEE0RR0RLA16277,4307,"2026-07-16 17:54:26",265,24981,0,45,1,0,1,0,0,0,0,0,0,0,0,NULL,NULL,699,0,950300,NULL,NULL,AWA4874,NULL,NULL,NULL,5204711,0,0,0,0,2817,d83ea95a-bfea-4cf2-a5d4-c48de9fd9c4e,NULL
53060,689900,2019,10366,MLG15M,"GENERATOR MLG15M DIESEL ON TRAILER",3004341596," ",4391,"2026-07-16 17:54:26",265,25122,0,45,1,1,1,0,0,0,0,0,0,0,0,NULL,NULL,699,0,689900,NULL,NULL,,NULL,NULL,10024167,NULL,0,0,0,0,NULL,50b1be5f-e965-4953-b751-8c082312bebf,NULL
53061,949700,2021,10299,EXPLORER,"FORD EXPLORER ST 4WD- BLASI, MIKE"," ",1FM5K8GC5MGB32257,4307,"2026-07-16 17:54:27",265,25129,0,45,1,0,1,0,0,0,0,0,0,0,0,NULL,NULL,699,0,949700,NULL,NULL,BSLN54,NULL,NULL,NULL,5204706,0,0,0,0,NULL,8e5dd733-9a42-48ff-a2fe-f34cb6f45dc5,NULL
53062,688800,2018,10363,NLPIIV,"ALLMAND NLPIIV LIGHT TOWER","5AEA1AA16KH002028 (TRAILER)"," ",4468,"2026-07-16 17:54:27",265,25089,0,45,1,1,1,0,0,0,0,0,0,0,0,NULL,NULL,699,0,688800,NULL,NULL,DTPK37,NULL,NULL,9802487,NULL,0,0,0,0,NULL,febd0f33-9fee-470c-bc6e-4e160d2458fa,NULL
53063,912400,2025,10395,XR2034-C,"XTREME XR2034 FORKLIFT 20000#",XR2034-11-250995719," ",4384,"2026-07-16 17:54:27",265,25089,0,45,1,1,1,0,0,0,0,0,0,0,0,NULL,NULL,699,0,912400,NULL,NULL,0048326859,NULL,NULL,10009889,NULL,0,0,0,1,2814,6d985c1c-4ae4-46c8-af12-19cb508dfd3d,NULL
53064,828500,2019,10360,E3000,"GROUND HEATER WACKER E3000 TRAILER MOUNTED","5XFCS1523GN002552 (TRAILER)"," ",4424,"2026-07-16 17:54:27",265,25018,0,45,1,1,1,0,0,0,0,0,0,0,0,NULL,NULL,699,0,828500,NULL,NULL,,NULL,NULL,9802614,NULL,0,0,0,0,NULL,4fa2fd09-d7a2-4920-a01f-970399590812,NULL
53065,687500,2019,10410," ","GENERATOR 2.5KW & 1500W LIGHT STAND",5822561," ",4444,"2026-07-16 17:54:28",265,24981,0,45,1,1,1,0,0,0,0,0,0,0,0,NULL,NULL,699,0,687500,NULL,NULL,NA,NULL,NULL,NULL,NULL,0,0,0,0,NULL,2a2ef391-9400-4abe-a7cd-fae5ef2d92b8,NULL
53066,950800,2021,10299,EXPLORER,"FORD EXPLORER ST 4WD-HAYWOOD, CARL"," ",1FM5K8GC0MGB53243,4307,"2026-07-16 17:54:28",265,25018,0,45,1,0,1,0,0,0,0,0,0,0,0,NULL,NULL,699,0,950800,NULL,NULL,BAN9727,NULL,NULL,NULL,5204715,0,0,0,0,NULL,625e7720-017d-418e-b284-8d673609454d,NULL
53067,950400,2024,10299,"BRONCO RAPTOR","FORD BRONCO RAPTOR 4X4 - PETERSON, SCOTT (DZ)"," ",1FMEE0RR2RLA28575,4307,"2026-07-16 17:54:28",265,24981,0,45,1,0,1,0,0,0,0,0,0,0,0,NULL,NULL,699,0,950400,NULL,NULL,CZFK56,NULL,NULL,NULL,5220231,0,0,0,0,2820,e5d1980b-2c5d-46a6-a0e2-17e049324b41,NULL
53068,687200,2018,10361,GS35,"GENERATOR 28KW DIESEL ON TRAILER",9202-0618," ",4549,"2026-07-16 17:54:28",265,25025,0,45,1,1,1,0,0,0,0,0,0,0,0,NULL,NULL,699,0,687200,NULL,NULL,,NULL,NULL,10022845,NULL,0,0,0,0,NULL,c57f5640-198c-4655-a424-1bcfa7be73f5,NULL
53069,689000,2018,10361,GS25,"GENERATOR 20KW DIESEL ON TRAILER",9167/1118," ",4391,"2026-07-16 17:54:28",265,25025,0,45,1,1,1,0,0,0,0,0,0,0,0,NULL,NULL,699,0,689000,NULL,NULL,,NULL,NULL,10022847,NULL,0,0,0,0,NULL,08cbaed2-ae60-4360-8628-6c1f03ff96dd,NULL
53070,688300,2018,10363,NLPIIV,"ALLMAND NLPIIV LIGHT TOWER","5AEA1AA1XKH002016 (TRAILER)"," ",4468,"2026-07-16 17:54:29",265,24981,0,45,1,1,1,0,0,0,0,0,0,0,0,NULL,NULL,699,0,688300,NULL,NULL,DTPK34,NULL,NULL,9802479,NULL,0,0,0,0,NULL,fb5db300-4a79-4ca2-a25a-8253c6e630de,NULL
53071,828600,2019,10360,E3000,"GROUND HEATER WACKER E3000 TRAILER MOUNTED","20229153 / 5XFCS1529EN000687"," ",4424,"2026-07-16 17:54:29",265,25089,0,45,1,1,1,0,0,0,0,0,0,0,0,NULL,NULL,699,0,828600,NULL,NULL,DOSH24,NULL,NULL,9802616,NULL,0,0,1,0,NULL,909ee149-4b23-41d9-b292-f77e0ced088b,NULL
53072,950600,2025,10411,"TAHOE LT 4WD","CHEV TAHOE LT 4WD - MCNISH, MIKE"," ",1GNS6NRD0SR178054,4307,"2026-07-16 17:54:30",265,24981,0,45,1,0,1,0,0,0,0,0,0,0,0,NULL,NULL,699,0,950600,NULL,NULL,EDYS56,NULL,NULL,NULL,5204713,0,0,0,0,NULL,736a33ed-43cf-4a08-b942-f6bb23d5607a,NULL
53073,828300,2019,10360,E3000,"GROUND HEATER WACKER E3000 TRAILER MOUNTED","20232251 / 5XFCS1524EN000886"," ",4424,"2026-07-16 17:54:30",265,24981,0,45,1,1,1,0,0,0,0,0,0,0,0,NULL,NULL,699,0,828300,NULL,NULL,DOSH22,NULL,NULL,9802610,NULL,0,0,0,0,NULL,02701a44-ed1c-4902-93bc-c634dd2db080,NULL
53074,689700,2019,10366,MLG15M,"GENERATOR MLG15M DIESEL ON TRAILER","3004341600 / 7FSBG0919KB341600"," ",4391,"2026-07-16 17:54:30",265,25071,0,45,1,1,1,0,0,0,0,0,0,0,0,NULL,NULL,699,0,689700,NULL,NULL,,NULL,NULL,10024128,NULL,0,0,0,0,NULL,7d620d5e-3d91-4dd3-af57-42aeec865395,NULL
53075,950500,2025,10411,"TAHOE LT 4WD","CHEV TAHOE LT 4WD - HOGAN, MATT"," ",1GNS6NRD9SR177534,4307,"2026-07-16 17:54:30",265,25089,0,45,1,0,1,0,0,0,0,0,0,0,0,NULL,NULL,699,0,950500,NULL,NULL,EDYS51,NULL,NULL,NULL,5204712,0,0,0,0,NULL,54c6e3da-b8f5-4acf-a9e4-5fa43dd826c4,NULL
53076,829300,2021,10384,IDF500,"FROSTFIGHTER IDF500 HEATER (500K BTU)",1201875462," ",4461,"2026-07-16 17:54:55",265,25122,0,45,1,1,1,0,0,0,0,0,0,0,0,NULL,NULL,699,0,829300,NULL,NULL,,NULL,NULL,9926873,NULL,0,0,0,0,NULL,317f5359-77f1-4c1b-8ef4-e8a95b52fa81,NULL
53077,8-005875,NULL,10287,"DELTAWELD 302","WELDER-MILLER DELTAWELD 302 (MIG) (WELD SHOP)",MD320008C," ",4485,"2026-07-16 17:54:56",265,25018,0,45,1,0,1,0,0,0,0,0,0,0,0,NULL,NULL,699,0,8-005875,NULL,NULL,,NULL,NULL,NULL,NULL,0,0,0,0,NULL,8a319b17-3aae-45b9-8539-62fb84698f37,NULL
53078,8-005871,NULL,10287,574D,"WELDER-MILLER 574D (24V MIG WIRE FEEDER BOX) (WELD SHOP)",MD140933U," ",4485,"2026-07-16 17:54:56",265,25018,0,45,1,0,1,0,0,0,0,0,0,0,0,NULL,NULL,699,0,8-005871,NULL,NULL,,NULL,NULL,NULL,NULL,0,0,0,0,NULL,0286b574-dc38-47c2-8b67-8b19115b5041,NULL
53079,829100,2021,10384,IDF500,"FROSTFIGHTER IDF500 HEATER (500K BTU)",1201875464," ",4461,"2026-07-16 17:54:56",265,25122,0,45,1,1,1,0,0,0,0,0,0,0,0,NULL,NULL,699,0,829100,NULL,NULL,,NULL,NULL,9926871,NULL,0,0,0,0,NULL,57887891-b151-46a8-8f19-391bede2e4ee,NULL
53080,688100,2019,10363,NLPIIV,"ALLMAND NLPIIV LIGHT TOWER","5AEA1AA13KH002911 (TRAILER) / 08-003750"," ",4468,"2026-07-16 17:54:56",265,25089,0,45,1,1,1,0,0,0,0,0,0,0,0,NULL,NULL,699,0,688100,NULL,NULL,DTPK32,NULL,NULL,9802475,NULL,0,0,0,0,NULL,bfad19bf-6814-431a-b9f4-740491fc72a6,NULL
53081,687800,2019,10363,NLPIIV,"ALLMAND NLPIIV LIGHT TOWER","5AEA1AA10KH002896 (TRAILER)"," ",4468,"2026-07-16 17:54:56",265,25089,0,45,1,1,1,0,0,0,0,0,0,0,0,NULL,NULL,699,0,687800,NULL,NULL,DTPK30,NULL,NULL,9802471,NULL,0,0,0,0,NULL,d7601ef5-c8c1-4839-9b8e-aac0f624dd88,NULL
53082,950900,2026,10299,EXPLORER,"FORD EXPLORER ST 4WD-HAYWOOD, CARL"," ",1FMWK8GC9TGB83991,4307,"2026-07-16 17:54:56",265,24981,0,45,1,0,1,0,0,0,0,0,0,0,0,NULL,NULL,699,0,950900,NULL,NULL,TBD,NULL,NULL,NULL,5220232,0,0,0,0,NULL,e46c9140-7c74-4f07-8d93-d5a4a7dc16e8,NULL
53083,687600,2019,10410," ","GENERATOR 2.5KW & 1500W LIGHT STAND",5822563," ",4444,"2026-07-16 17:54:56",265,24981,0,45,1,1,1,0,0,0,0,0,0,0,0,NULL,NULL,699,0,687600,NULL,NULL,NA,NULL,NULL,NULL,NULL,0,0,0,0,NULL,fc1913b1-1bbe-4ee8-ab03-2642ea29b456,NULL
53084,830600,2021,10384,IDF500,"FROSTFIGHTER IDF500 HEATER (500K BTU)",1201975612," ",4461,"2026-07-16 17:54:56",265,25018,0,45,1,1,1,0,0,0,0,0,0,0,0,NULL,NULL,699,0,830600,NULL,NULL,,NULL,NULL,9926876,NULL,0,0,0,0,NULL,cd1d03a1-91c3-428a-83e9-972bf44cc0fd,NULL
53085,950700,2025,10411,"TAHOE LT 4WD","CHEV TAHOE LT 4WD - SAUTEL, JEFF"," ",1GNS6NRD0SR178958,4307,"2026-07-16 17:54:56",265,24981,0,45,1,0,1,0,0,0,0,0,0,0,0,NULL,NULL,699,0,950700,NULL,NULL,EDYS50,NULL,NULL,NULL,5204714,0,0,0,0,NULL,bdb5e9b7-471b-4ab3-96f2-e3c82ed1ec02,NULL
53086,828800,2021,10384,IDF500,"FROSTFIGHTER IDF500 HEATER (500K BTU)",1201875457," ",4461,"2026-07-16 17:54:57",265,25122,0,45,1,1,1,0,0,0,0,0,0,0,0,NULL,NULL,699,0,828800,NULL,NULL,,NULL,NULL,9926868,NULL,0,0,0,0,NULL,d19874c9-91d3-4a18-aa17-eff04d3b9007,NULL
53087,690700,2017,10365,MLT3060,"MAGNUM PRO LIGHT TOWER 6KW",3002264397," ",4468,"2026-07-16 17:54:57",265,25045,0,45,1,1,1,0,0,0,0,0,0,0,0,NULL,NULL,699,0,690700,NULL,NULL,,NULL,NULL,10024170,NULL,0,0,0,0,NULL,9b56a2ee-dcaf-4ed1-873a-f99d0efe5107,NULL
53088,991787,NULL,10414," ","SHOP OVERHEAD HOIST-KONECRANE",4502562665," ",4517,"2026-07-16 17:54:57",265,25018,0,45,1,0,1,0,0,0,0,0,0,0,0,NULL,NULL,699,0,991787,NULL,NULL,,NULL,NULL,NULL,NULL,0,0,0,0,NULL,8ab13d77-58d2-4043-878e-430c57541efb,NULL
53089,829500,2021,10383,400,"BIG BLUE 400 PRO WELDER",NB460311R," ",4333,"2026-07-16 17:54:57",265,25026,0,45,1,1,1,0,0,0,0,0,0,0,0,NULL,NULL,699,0,829500,NULL,NULL,,NULL,NULL,10024314,NULL,0,0,0,0,NULL,5666262b-dca4-471c-8634-a359a84926e8,NULL
53090,690900,2017,10365,MLT3060,"MAGNUM PRO LIGHT TOWER 6KW",3002238852," ",4468,"2026-07-16 17:54:57",265,25132,0,45,1,1,1,0,0,0,0,0,0,0,0,NULL,NULL,699,0,690900,NULL,NULL,,NULL,NULL,9802512,NULL,0,0,0,0,NULL,8cc012ce-7137-4aa7-a3b7-06864f5d4a4e,NULL
53091,688500,2018,10363,NLPIIV,"ALLMAND NLPIIV LIGHT TOWER","5AEA1AA15KH002022 (TRAILER)"," ",4468,"2026-07-16 17:54:57",265,25089,0,45,1,1,1,0,0,0,0,0,0,0,0,NULL,NULL,699,0,688500,NULL,NULL,DTPK35,NULL,NULL,9802483,NULL,0,0,0,0,NULL,7a37d856-dadb-49ca-8771-90e9a3262fd1,NULL
53092,830400,2021,10383,400,"BIG BLUE 400 PRO WELDER",NB171221R," ",4333,"2026-07-16 17:54:57",265,25026,0,45,1,1,1,0,0,0,0,0,0,0,0,NULL,NULL,699,0,830400,NULL,NULL,,NULL,NULL,10022312,NULL,0,0,0,0,NULL,53ab212f-e1e0-44e2-9f19-50f05b2c1d09,NULL
53093,991788,NULL,10413," ","SCOTCHMAN 120T IRONWORKER",12012-24M," ",4517,"2026-07-16 17:54:57",265,25018,0,45,1,0,1,0,0,0,0,0,0,0,0,NULL,NULL,699,0,991788,NULL,NULL,,NULL,NULL,NULL,NULL,0,0,0,0,NULL,5a8aed18-226c-4f55-a091-4879d6384a48,NULL
53094,828200,2019,10360,E3000,"GROUND HEATER WACKER E3000  TRAILER MOUNTED",20266427," ",4424,"2026-07-16 17:54:57",265,25018,0,45,1,1,1,0,0,0,0,0,0,0,0,NULL,NULL,699,0,828200,NULL,NULL,,NULL,NULL,10024265,NULL,0,0,0,0,NULL,88d169e8-0cf4-4df7-bea3-697f79416d79,NULL
53095,829900,2021,10383,400,"BIG BLUE 400 PRO WELDER",NB451421R," ",4333,"2026-07-16 17:54:57",265,25001,0,45,1,1,1,0,0,0,0,0,0,0,0,NULL,NULL,699,0,829900,NULL,NULL,,NULL,NULL,10022268,NULL,0,0,0,0,NULL,5cf65cd8-d9ee-407b-95c6-a806af1b4713,NULL
53096,828100,2019,10360,E3000,"GROUND HEATER WACKER E3000  TRAILER MOUNTED","20262813 / 5XFCS1520EN002912"," ",4424,"2026-07-16 17:54:57",265,24981,0,45,1,1,1,0,0,0,0,0,0,0,0,NULL,NULL,699,0,828100,NULL,NULL,DTPK57,NULL,NULL,10024246,NULL,0,0,0,0,NULL,71ce1a46-1290-4ade-b3c4-905ee914ffbe,NULL
53097,8-005879,NULL,10287,S74D,"WELDER (24V MIG WIRE FEEDER BOX)-MILLER",MH430121V," ",4485,"2026-07-16 17:54:57",265,25018,0,45,1,1,1,0,0,0,0,0,0,0,0,NULL,NULL,699,0,8-005879,NULL,NULL,,NULL,NULL,NULL,NULL,0,0,0,0,NULL,59a708c3-5c00-4d88-86aa-8502374113ae,NULL
53098,828700,2021,10384,IDF500,"FROSTFIGHTER IDF500 HEATER (500K BTU)",1201875463," ",4461,"2026-07-16 17:54:58",265,25122,0,45,1,1,1,0,0,0,0,0,0,0,0,NULL,NULL,699,0,828700,NULL,NULL,,NULL,NULL,9926867,NULL,0,0,0,0,NULL,91b167fe-5b35-45bd-8ae4-daef6b5a5fa5,NULL
53099,8-011011,NULL,10287,"MAX STAR 150S","WELDER (STICK)-MILLER MAX STAR 150S",MA190426J," ",4485,"2026-07-16 17:54:58",265,25018,0,45,1,1,1,0,0,0,0,0,0,0,0,NULL,NULL,699,0,8-011011,NULL,NULL,,NULL,NULL,NULL,NULL,0,0,0,0,NULL,a22bf1f2-d797-49ad-806e-dcfbcb5095b6,NULL
53100,8-005878,NULL,10287,XMT450,"WELDER-MILLER XMT450 (MIG) (WELD SHOP)",MH412509U," ",4485,"2026-07-16 17:54:58",265,25018,0,45,1,0,1,0,0,0,0,0,0,0,0,NULL,NULL,699,0,8-005878,NULL,NULL,,NULL,NULL,NULL,NULL,0,0,0,0,NULL,9c6bbcf3-9e13-4162-b6ae-b65647a826ec,NULL
53101,688600,2018,10363,NLPIIV,"ALLMAND NLPIIV LIGHT TOWER","5AEA1AA10KH002025 (TRAILER)"," ",4468,"2026-07-16 17:54:58",265,25129,0,45,1,1,1,0,0,0,0,0,0,0,0,NULL,NULL,699,0,688600,NULL,NULL,DTPK36,NULL,NULL,9802485,NULL,0,0,0,0,NULL,cc82523e-1b40-4c29-962b-a9f6b92d3f51,NULL
53102,690000,2019,10410,DCA25SSIU4F,"GENERATOR 25KW DIESEL ON TRAILER",7156876," ",4549,"2026-07-16 17:54:58",265,25042,0,45,1,1,1,0,0,0,0,0,0,0,0,NULL,NULL,699,0,690000,NULL,NULL,,NULL,NULL,10022296,NULL,0,0,1,0,NULL,f3c0ed9c-196d-4aa0-bfd4-e712f916caf3,NULL
53103,829700,2021,10383,400,"BIG BLUE 400 PRO WELDER",NB460005R," ",4333,"2026-07-16 17:54:58",265,25093,0,45,1,1,1,0,0,0,0,0,0,0,0,NULL,NULL,699,0,829700,NULL,NULL,,NULL,NULL,10022287,NULL,0,0,1,0,NULL,4bb0022f-e8c0-4c5d-a1ab-896803a0b3fe,NULL
53104,689200,2019,10410," ","GENERATOR 2.5KW & 1500W LIGHT STAND",G2300796," ",4444,"2026-07-16 17:54:59",265,24981,0,45,1,1,1,0,0,0,0,0,0,0,0,NULL,NULL,699,0,689200,NULL,NULL,NA,NULL,NULL,NULL,NULL,0,0,0,0,NULL,63b4df2f-c32d-411a-8a43-a6454ef0f519,NULL
53105,690200,2019,10410,DCA25SSIU4F,"GENERATOR 25KW DIESEL ON TRAILER",7156893," ",4549,"2026-07-16 17:54:59",265,25122,0,45,1,1,1,0,0,0,0,0,0,0,0,NULL,NULL,699,0,690200,NULL,NULL,,NULL,NULL,9802500,NULL,0,0,0,0,NULL,cb32fd5b-ad37-43b8-a266-0ef9a3366405,NULL
53106,8-014252,NULL,10287,"951-544 EXTREME 12VS","WELDER WIRE FEED-MILLER EXTREME 12VS SUITCASE",ME101063U," ",4485,"2026-07-16 17:54:59",265,25089,0,45,1,1,1,0,0,0,0,0,0,0,0,NULL,NULL,699,0,8-014252,NULL,NULL,,NULL,NULL,NULL,NULL,0,0,0,0,NULL,60ba2637-ae4d-4901-b1aa-84cf7e42d931,NULL
53107,8-016088,NULL,10287,"951-544 EXTREME 12VS","WELDER WIRE FEED-MILLER EXTREME 12VS SUITCASE",MG133056V," ",4485,"2026-07-16 17:54:59",265,25044,0,45,1,1,1,0,0,0,0,0,0,0,0,NULL,NULL,699,0,8-016088,NULL,NULL,,NULL,NULL,NULL,NULL,0,0,0,0,NULL,087362c9-2c0b-46d2-b320-d7bb116aa97d,NULL
53108,829000,2021,10384,IDF500,"FROSTFIGHTER IDF500 HEATER (500K BTU)",1201875459," ",4461,"2026-07-16 17:54:59",265,25122,0,45,1,1,1,0,0,0,0,0,0,0,0,NULL,NULL,699,0,829000,NULL,NULL,,NULL,NULL,9926870,NULL,0,0,0,0,NULL,1d0502e9-c8f1-4904-8859-0a5f88b6843f,NULL
53109,8-016487,NULL,10287,"951-544 EXTREME 12VS","WELDER WIRE FEED-MILLER EXTREME 12VS SUITCASE",MG473052V," ",4485,"2026-07-16 17:54:59",265,25136,0,45,1,1,1,0,0,0,0,0,0,0,0,NULL,NULL,699,0,8-016487,NULL,NULL,,NULL,NULL,NULL,NULL,0,0,0,0,NULL,b810494a-6b6b-4a45-8ea6-1174ea9d1f96,NULL
53110,690400,2019,10368,C100D2RE,"GENERATOR 125KW CUMMINS C100D2RE",F190581344," ",4411,"2026-07-16 17:54:59",265,25018,0,45,1,1,1,0,0,0,0,0,0,0,0,NULL,NULL,699,0,690400,NULL,NULL,,NULL,NULL,NULL,NULL,0,0,2,0,NULL,67bd976e-7a9e-49ac-84a3-08e3deaba7af,NULL
53111,690600,2017,10365,MLT3060MV,"MAGNUM PRO LIGHT TOWER 4-7KW",3001909969," ",4468,"2026-07-16 17:54:59",265,25132,0,45,1,1,1,0,0,0,0,0,0,0,0,NULL,NULL,699,0,690600,NULL,NULL,,NULL,NULL,10004329,NULL,0,0,0,0,NULL,76e213ee-5e01-499e-b6ca-f1a3459dec07,NULL
53112,8-012059,NULL,10287,"951-544 EXTREME 12VS","WELDER WIRE FEED-MILLER EXTREME 12VS SUITCASE",MC100474A," ",4485,"2026-07-16 17:54:59",265,25031,0,45,1,1,1,0,0,0,0,0,0,0,0,NULL,NULL,699,0,8-012059,NULL,NULL,,NULL,NULL,NULL,NULL,0,0,0,0,NULL,a8e27ef3-5408-4293-b790-220d7f340eb8,NULL
53113,8-012061,NULL,10287,X-TREME,"WELDER WIRE FEED-MILLER EXTREME 12VS SUITCASE-LEWIS, TRACY",MC100475A," ",4485,"2026-07-16 17:54:59",265,25042,0,45,1,1,1,0,0,0,0,0,0,0,0,NULL,NULL,699,0,8-012061,NULL,NULL,,NULL,NULL,NULL,NULL,0,0,0,0,NULL,012247a7-6532-4495-8ec4-a0ddea76db15,NULL
53114,830900,2021,10384,IDF500,"FROSTFIGHTER IDF500 HEATER (500K BTU)",1201975613," ",4461,"2026-07-16 17:54:59",265,25122,0,45,1,1,1,0,0,0,0,0,0,0,0,NULL,NULL,699,0,830900,NULL,NULL,,NULL,NULL,9926879,NULL,0,0,0,0,NULL,becbe99c-906f-47c3-94bb-04cfa1523377,NULL
53115,690500,2017,10365,MMG45IF4,"GENERATOR 45KW TIER 4 MAGNUM PRO MMG45IF4",3001728302," ",4549,"2026-07-16 17:55:00",265,25008,0,45,1,1,1,0,0,0,0,0,0,0,0,NULL,NULL,699,0,690500,NULL,NULL,,NULL,NULL,10024169,NULL,0,0,0,0,NULL,8cd8dce2-db3c-4196-996e-79e98e578cce,NULL
53116,828400,2019,10360,E3000,"GROUND HEATER WACKER E3000 TRAILER MOUNTED","24344383 / 5XFCS1520GN002346"," ",4424,"2026-07-16 17:55:00",265,24981,0,45,1,1,1,0,0,0,0,0,0,0,0,NULL,NULL,699,0,828400,NULL,NULL,DOSH23,NULL,NULL,9802612,NULL,0,0,0,0,NULL,f9999d34-c339-48c9-8d90-176f4e207bf0,NULL
53117,8-012058,NULL,10287,"951-544 EXTREME 12VS","WELDER WIRE FEED-MILLER EXTREME 12VS SUITCASE",MC100481A," ",4485,"2026-07-16 17:55:35",265,25026,0,45,1,1,1,0,0,0,0,0,0,0,0,NULL,NULL,699,0,8-012058,NULL,NULL,,NULL,NULL,NULL,NULL,0,0,0,0,NULL,1037db47-634f-45eb-9e5e-e4a5c04fcc36,NULL
53118,690300,2019,10366,MLG15M,"GENERATOR MLG15M DIESEL ON TRAILER",3004341594," ",4391,"2026-07-16 17:55:35",265,25025,0,45,1,1,1,0,0,0,0,0,0,0,0,NULL,NULL,699,0,690300,NULL,NULL,,NULL,NULL,10022846,NULL,0,0,1,0,NULL,03f662c1-d4af-4afa-9c76-1ad2c5594b19,NULL
53119,8-017040,NULL,10287,"951-544 EXTREME 12VS","WELDER WIRE FEED-MILLER EXTREME 12VS SUITCASE",MH013061V," ",4485,"2026-07-16 17:55:36",265,25044,0,45,1,1,1,0,0,0,0,0,0,0,0,NULL,NULL,699,0,8-017040,NULL,NULL,,NULL,NULL,NULL,NULL,0,0,0,0,NULL,eb19c67e-505d-4b93-9d5f-8c31e5af150a,NULL
53120,830300,2021,10383,400,"BIG BLUE 400 PRO WELDER",NB420630R," ",4333,"2026-07-16 17:55:36",265,25042,0,45,1,1,1,0,0,0,0,0,0,0,0,NULL,NULL,699,0,830300,NULL,NULL,,NULL,NULL,10022297,NULL,0,0,0,0,NULL,2d46ee64-2934-4437-aad2-942d43ae1d37,NULL
53121,830500,2021,10384,IDF500,"FROSTFIGHTER IDF500 HEATER (500K BTU)",1201975611," ",4461,"2026-07-16 17:55:39",265,25122,0,45,1,1,1,0,0,0,0,0,0,0,0,NULL,NULL,699,0,830500,NULL,NULL,,NULL,NULL,9926875,NULL,0,0,0,0,NULL,f95e23e9-95f8-4d8e-8334-be746e4873f0,NULL
53122,8-017039,NULL,10287,"951-544 EXTREME 12VS","WELDER WIRE FEED-MILLER EXTREME 12VS SUITCASE",MH013062V," ",4485,"2026-07-16 17:55:39",265,25026,0,45,1,1,1,0,0,0,0,0,0,0,0,NULL,NULL,699,0,8-017039,NULL,NULL,,NULL,NULL,NULL,NULL,0,0,0,0,NULL,6da72acb-c997-4329-821f-b7605fdcd060,NULL
53123,829200,2021,10384,IDF500,"FROSTFIGHTER IDF500 HEATER (500K BTU)",1201875460," ",4461,"2026-07-16 17:55:40",265,25042,0,45,1,1,1,0,0,0,0,0,0,0,0,NULL,NULL,699,0,829200,NULL,NULL,,NULL,NULL,9926872,NULL,0,0,0,0,NULL,361b6515-fda7-4282-98a7-88a20431f2b2,NULL
53124,691400,2023,10360,G25,"GENERATOR 20KW WACKER G25 W/ TRAILER"," ",WNMG0201JM0002430,4391,"2026-07-16 17:55:40",265,25025,0,45,1,1,1,0,0,0,0,0,0,0,0,NULL,NULL,699,0,691400,NULL,NULL,,NULL,NULL,10022848,NULL,0,0,0,0,NULL,61b0cbbf-fe7e-4561-9e24-cb4fcf36fd0c,NULL
53125,691500,2017,10365,MLT6SM,"MAGNUM PRO MLT6SM LIGHT TOWER","3002220670 / 7FSBL1017HB220670"," ",4468,"2026-07-16 17:55:41",265,24981,0,45,1,1,1,0,0,0,0,0,0,0,0,NULL,NULL,699,0,691500,NULL,NULL,DXGL57,NULL,NULL,9802522,NULL,0,0,0,0,NULL,4efcc415-1f27-49a3-9e3d-a9271363e7d8,NULL
53126,691300,2023,10360,G25,"GENERATOR 20KW WACKER G25 W/ TRAILER"," ",WNMG0201TM0002343,4391,"2026-07-16 17:55:41",265,25132,0,45,1,1,1,0,0,0,0,0,0,0,0,NULL,NULL,699,0,691300,NULL,NULL,,NULL,NULL,10009194,NULL,0,0,0,0,NULL,9a8b3e15-0271-4ebb-bc60-701394c0bb91,NULL
53127,8-017472,NULL,10287,"951-544 EXTREME 12VS","WELDER WIRE FEED-MILLER EXTREME 12VS SUITCASE",MH483142V," ",4485,"2026-07-16 17:55:41",265,25042,0,45,1,1,1,0,0,0,0,0,0,0,0,NULL,NULL,699,0,8-017472,NULL,NULL,,NULL,NULL,NULL,NULL,0,0,0,0,NULL,f806afae-31c2-4b5a-aba2-5fc49b97d55f,NULL
53128,830100,2021,10383,400,"BIG BLUE 400 PRO WELDER",NB460356R," ",4333,"2026-07-16 17:55:42",265,25026,0,45,1,1,1,0,0,0,0,0,0,0,0,NULL,NULL,699,0,830100,NULL,NULL,,NULL,NULL,10024364,NULL,0,0,0,0,NULL,18292729-1de2-4d1a-b8dd-c8502185be2a,NULL
53129,8-016086,NULL,10287,"951-544 EXTREME 12VS","WELDER WIRE FEED-MILLER EXTREME 12VS SUITCASE",MG133055V," ",4485,"2026-07-16 17:55:42",265,25045,0,45,1,1,1,0,0,0,0,0,0,0,0,NULL,NULL,699,0,8-016086,NULL,NULL,,NULL,NULL,NULL,NULL,0,0,0,0,NULL,a1b130eb-6e3f-4046-afd7-4e0673123a45,NULL
53130,692000,2024,10360,G25KVA,"GENERATOR 20KW WACKER","WNMG0201LM0001204 / 5XFGB0618NM001241"," ",4391,"2026-07-16 17:55:42",265,25018,0,45,1,1,1,0,0,0,0,0,0,0,0,NULL,NULL,699,0,692000,NULL,NULL,,NULL,NULL,9806284,NULL,0,0,0,0,NULL,6ff3b68f-e67d-41b6-8ed4-3ffb206c3fb5,NULL
53131,8-018358,NULL,10287,"951-544 EXTREME 12VS","WELDER WIRE FEED-MILLER EXTREME 12VS SUITCASE",MJ363109V," ",4485,"2026-07-16 17:55:43",265,25067,0,45,1,1,1,0,0,0,0,0,0,0,0,NULL,NULL,699,0,8-018358,NULL,NULL,,NULL,NULL,NULL,NULL,0,0,0,0,NULL,9c81ead3-042f-452c-9092-1953bf0df3cf,NULL
53132,8-018356,NULL,10287,"XMT 450","WELDER-MILLER XMT450 (MIG) (WELD SHOP)",MJ392740U," ",4485,"2026-07-16 17:55:43",265,25018,0,45,1,0,1,0,0,0,0,0,0,0,0,NULL,NULL,699,0,8-018356,NULL,NULL,,NULL,NULL,NULL,NULL,0,0,0,0,NULL,de28546e-58e0-4a86-857d-7234f09e1de3,NULL
53133,829600,2021,10383,400,"BIG BLUE 400 PRO WELDER",NB451386R," ",4333,"2026-07-16 17:55:43",265,25044,0,45,1,1,1,0,0,0,0,0,0,0,0,NULL,NULL,699,0,829600,NULL,NULL,,NULL,NULL,10022276,NULL,0,0,0,0,NULL,e22bc63f-54f8-466a-a9e7-495d304426ab,NULL
53134,691200,2023,10360,G25,"GENERATOR 20KW WACKER G25 W/ TRAILER"," ",WNMG0201PM0002344,4391,"2026-07-16 17:55:44",265,25132,0,45,1,1,1,0,0,0,0,0,0,0,0,NULL,NULL,699,0,691200,NULL,NULL,,NULL,NULL,10004112,NULL,0,0,1,0,NULL,73c4bfc6-c9c4-44de-aa51-d989f5f1ce59,NULL
53135,691800,2024,10360,G25KVA,"GENERATOR 20KW WACKER","WNMG0201TM0001208 / 5XFGB0619NM001247"," ",4391,"2026-07-16 17:55:44",265,25122,0,45,1,1,1,0,0,0,0,0,0,0,0,NULL,NULL,699,0,691800,NULL,NULL,,NULL,NULL,10024177,NULL,0,0,0,0,NULL,56d79df0-5cef-4441-a619-fde2ec39f25a,NULL
53136,828900,2021,10384,IDF500,"FROSTFIGHTER IDF500 HEATER (500K BTU)",1201875458," ",4461,"2026-07-16 17:55:44",265,25018,0,45,1,1,1,0,0,0,0,0,0,0,0,NULL,NULL,699,0,828900,NULL,NULL,,NULL,NULL,9926869,NULL,0,0,0,0,NULL,d514c8ee-eda1-42ee-afca-d8e2360c1482,NULL
53137,8-018258,NULL,10287,"951-544 EXTREME 12VS","WELDER WIRE FEED-MILLER EXTREME 12VS SUITCASE",MJ293163V," ",4485,"2026-07-16 17:55:45",265,24981,0,45,1,1,1,0,0,0,0,0,0,0,0,NULL,NULL,699,0,8-018258,NULL,NULL,,NULL,NULL,NULL,NULL,0,0,0,0,NULL,19284bd2-fe9b-4ab4-ae87-4c97e57620df,NULL
53138,830000,2021,10383,400,"BIG BLUE 400 PRO WELDER",NB460256R," ",4333,"2026-07-16 17:55:45",265,25058,0,45,1,1,1,0,0,0,0,0,0,0,0,NULL,NULL,699,0,830000,NULL,NULL,,NULL,NULL,10022890,NULL,0,0,0,0,NULL,a268affb-5b34-403e-8de2-27937f76fb5e,NULL
53139,8-016087,NULL,10287,"951-544 EXTREME 12VS","WELDER WIRE FEED-MILLER EXTREME 12VS SUITCASE",MG133061V," ",4485,"2026-07-16 17:55:46",265,25026,0,45,1,1,1,0,0,0,0,0,0,0,0,NULL,NULL,699,0,8-016087,NULL,NULL,,NULL,NULL,NULL,NULL,0,0,0,0,NULL,ae2489d6-8f2f-4f86-899e-6a4b8b88a974,NULL
53140,691700,2024,10360,G25KVA,"GENERATOR 20KW WACKER","WNMG0201TM0001211 / 5XFGB0610NM001279"," ",4391,"2026-07-16 17:55:46",265,25122,0,45,1,1,1,0,0,0,0,0,0,0,0,NULL,NULL,699,0,691700,NULL,NULL,,NULL,NULL,9802526,NULL,0,0,0,0,NULL,59ab6e6c-9aa9-4040-af07-fc2a68d2e291,NULL
53141,8-015278,NULL,10287,"951-544 EXTREME 12VS","WELDER WIRE FEED-MILLER EXTREME 12VS SUITCASE (BORCHARDT, M)",MF433253V," ",4485,"2026-07-16 17:55:47",265,24978,0,45,1,1,1,0,0,0,0,0,0,0,0,NULL,NULL,699,0,8-015278,NULL,NULL,,NULL,NULL,NULL,NULL,0,0,0,0,NULL,3dca77db-2a2f-41b9-9b9b-1db6e64221f7,NULL
53142,8-018299,NULL,10287,"951-544 EXTREME 12VS","WELDER WIRE FEED-MILLER EXTREME 12VS SUITCASE",MJ333015V," ",4485,"2026-07-16 17:55:47",265,25018,0,45,1,1,1,0,0,0,0,0,0,0,0,NULL,NULL,699,0,8-018299,NULL,NULL,,NULL,NULL,NULL,NULL,0,0,0,0,NULL,be30d4b1-7a43-4b36-8d4f-c79ae182c0e8,NULL
53143,830800,2021,10384,IDF500,"FROSTFIGHTER IDF500 HEATER (500K BTU)",1201975615," ",4461,"2026-07-16 17:55:48",265,25122,0,45,1,1,1,0,0,0,0,0,0,0,0,NULL,NULL,699,0,830800,NULL,NULL,,NULL,NULL,9926878,NULL,0,0,0,0,NULL,9a3c51b8-3f41-4fa1-a9dd-52fba1f977a8,NULL
53144,691900,2024,10360,G25KVA,"GENERATOR 20KW WACKER","WNMG0201PM0001212 / 5XFGB0617NM001280"," ",4391,"2026-07-16 17:55:48",265,25044,0,45,1,1,1,0,0,0,0,0,0,0,0,NULL,NULL,699,0,691900,NULL,NULL,,NULL,NULL,10022275,NULL,0,0,0,0,NULL,915e884e-9648-4d42-9c83-79ed1f0b73f2,NULL
53145,830200,2021,10383,400,"BIG BLUE 400 PRO WELDER",NB350688R," ",4333,"2026-07-16 17:55:49",265,25136,0,45,1,1,1,0,0,0,0,0,0,0,0,NULL,NULL,699,0,830200,NULL,NULL,,NULL,NULL,10022672,NULL,0,0,1,0,NULL,6bd62ac2-2825-481e-a062-71d07e12cd51,NULL
53146,692800,2025,10314,XQ20,"GENERATOR CAT XQ20 (on RPO) Fabick","04KZ00245 / 4ZESA0619S1342688"," ",4549,"2026-07-16 17:55:49",265,25089,0,45,1,1,1,0,0,1,0,0,0,0,0,NULL,NULL,699,0,692800,NULL,NULL,RENTAL,NULL,NULL,9890783,NULL,0,0,0,0,2872,c63070b2-2bee-4665-9475-8df817ea510f,NULL
53147,830700,2021,10384,IDF500,"FROSTFIGHTER IDF500 HEATER (500K BTU)",1201975614," ",4461,"2026-07-16 17:55:49",265,25018,0,45,1,1,1,0,0,0,0,0,0,0,0,NULL,NULL,699,0,830700,NULL,NULL,,NULL,NULL,9926877,NULL,0,0,0,0,NULL,1888f1bd-32e9-4b1d-a658-081221874020,NULL
53148,8-015277,NULL,10287,"951-544 EXTREME 12VS","WELDER WIRE FEED-MILLER EXTREME 12VS SUITCASE (LIS, JOSH)",MF433319V," ",4485,"2026-07-16 17:55:50",265,25025,0,45,1,1,1,0,0,0,0,0,0,0,0,NULL,NULL,699,0,8-015277,NULL,NULL,,NULL,NULL,NULL,NULL,0,0,0,0,NULL,a43b7ee1-a8a4-4544-b60e-82bf9308a9bf,NULL
53149,8-014128,NULL,10287,"951-544 EXTREME 12VS","WELDER WIRE FEED-MILLER EXTREME 12VS SUITCASE",ME101164U," ",4485,"2026-07-16 17:55:50",265,25089,0,45,1,1,1,0,0,0,0,0,0,0,0,NULL,NULL,699,0,8-014128,NULL,NULL,,NULL,NULL,NULL,NULL,0,0,0,0,NULL,d0d2adb3-35ab-45e7-b357-6c15e0cbc790,NULL
53150,8-018298,NULL,10287,"951-544 EXTREME 12VS","WELDER WIRE FEED-MILLER EXTREME 12VS SUITCASE",MJ333013V," ",4485,"2026-07-16 17:55:50",265,25122,0,45,1,1,1,0,0,0,0,0,0,0,0,NULL,NULL,699,0,8-018298,NULL,NULL,,NULL,NULL,NULL,NULL,0,0,0,0,NULL,7081ddbb-be7d-4b64-b9b5-ec285b028201,NULL
53151,8-018359,NULL,10287,"951-544 EXTREME 12VS","WELDER WIRE FEED-MILLER EXTREME 12VS SUITCASE",MJ363112V," ",4485,"2026-07-16 17:55:51",265,25058,0,45,1,1,1,0,0,0,0,0,0,0,0,NULL,NULL,699,0,8-018359,NULL,NULL,,NULL,NULL,NULL,NULL,0,0,0,0,NULL,ac2aad0a-6107-44d0-a807-b25dacf85b3f,NULL
53152,829800,2021,10383,400,"BIG BLUE 400 PRO WELDER",NB460355R," ",4333,"2026-07-16 17:55:51",265,25093,0,45,1,1,1,0,0,0,0,0,0,0,0,NULL,NULL,699,0,829800,NULL,NULL,,NULL,NULL,10022288,NULL,0,0,0,0,NULL,c5449b79-6d70-4956-8daf-f6db98755241,NULL
53153,829400,2021,10384,IDF500,"FROSTFIGHTER IDF500 HEATER (500K BTU)",1201975835," ",4461,"2026-07-16 17:55:51",265,25122,0,45,1,1,1,0,0,0,0,0,0,0,0,NULL,NULL,699,0,829400,NULL,NULL,,NULL,NULL,9926874,NULL,0,0,0,0,NULL,00f82915-f51b-413d-81b7-901e0cedee7e,NULL
53154,692900,2025,10314,XQ20,"GENERATOR CAT XQ20 (on RPO) Fabick","04KZ00195 / 4ZESA0610S1344054"," ",4549,"2026-07-16 17:55:52",265,25089,0,45,1,1,1,0,0,1,0,0,0,0,0,NULL,NULL,699,0,692900,NULL,NULL,RENTAL,NULL,NULL,9890786,NULL,0,0,0,0,2871,d4c77447-b4ad-4e13-bdc2-3624e2288404,NULL
53155,692700,2025,10314,XQ20,"GENERATOR CAT XQ20 (on RPO) Fabick","04KZ00241 / 4ZESA061XS1343333"," ",4549,"2026-07-16 17:55:52",265,25089,0,45,1,1,1,0,0,1,0,0,0,0,0,NULL,NULL,699,0,692700,NULL,NULL,RENTAL,NULL,NULL,9890782,NULL,0,0,0,0,2878,f43149c0-3d42-4345-a6a6-4419dd223b64,NULL
53156,831000,2021,10384,IDF500,"FROSTFIGHTER IDF500 HEATER (500K BTU)",1201975610," ",4461,"2026-07-16 17:55:52",265,25122,0,45,1,1,1,0,0,0,0,0,0,0,0,NULL,NULL,699,0,831000,NULL,NULL,,NULL,NULL,9926880,NULL,0,0,0,0,NULL,0fb4d62b-6b98-4f36-ae73-12242920521c,NULL
53157,8-019499,NULL,10287,"ARCREACH SUITCASE 12","WELDER WIRE FEED-MILLER ARCREACH 12 SUITCASE",MK353061U," ",4485,"2026-07-16 17:55:53",265,25045,0,45,1,1,1,0,0,0,0,0,0,0,0,NULL,NULL,699,0,8-019499,NULL,NULL,,NULL,NULL,NULL,NULL,0,0,0,0,NULL,d9a9caed-2fea-4e45-9b38-7e607e2b9cda,NULL
53158,8-020062,NULL,10287,"951-544 EXTREME 12VS","WELDER WIRE FEED-MILLER EXTREME 12VS STCASE",NA033027U," ",4485,"2026-07-16 17:55:53",265,25089,0,45,1,1,1,0,0,0,0,0,0,0,0,NULL,NULL,699,0,8-020062,NULL,NULL,NA,NULL,NULL,NULL,NULL,0,0,0,0,NULL,24032219-4110-4664-8015-b14ce7882390,NULL
53159,831600,NULL,10384,IDF200,"IDF 200 HEATER (210K BTU)",1201362026," ",4461,"2026-07-16 17:55:54",265,25018,0,45,1,1,1,0,0,0,0,0,0,0,0,NULL,NULL,699,0,831600,NULL,NULL,,NULL,NULL,9926892,NULL,0,0,0,0,NULL,f73dfa7a-1112-4c7a-b9d3-686f1c3fc9b2,NULL
53160,8-013069,NULL,10287,"MAX STAR 150S","WELDER (STICK)-MILLER MAX STAR 150S",MC210795J," ",4485,"2026-07-16 17:55:54",265,25018,0,45,1,1,1,0,0,0,0,0,0,0,0,NULL,NULL,699,0,8-013069,NULL,NULL,,NULL,NULL,NULL,NULL,0,0,0,0,NULL,702c5353-b84f-4dda-9ab3-11d76fd4f514,NULL
53161,831200,2021,10384,IDF500,"FROSTFIGHTER IDF500 HEATER (500K BTU)",1201975611," ",4461,"2026-07-16 17:55:54",265,25018,0,45,1,1,1,0,0,0,0,0,0,0,0,NULL,NULL,699,0,831200,NULL,NULL,,NULL,NULL,9926881,NULL,0,0,0,0,NULL,f34db9b0-2c29-4e76-a5c5-700b587efd60,NULL
53162,8-019169,NULL,10287,300617,"WELDER WIRE FEED-MILLER S-74D (WELD SHOP)",MK180160U," ",4485,"2026-07-16 17:55:55",265,25018,0,45,1,0,1,0,0,0,0,0,0,0,0,NULL,NULL,699,0,8-019169,NULL,NULL,,NULL,NULL,NULL,NULL,0,0,0,0,NULL,82b981ae-a765-4bfc-8ed9-5d13a942ce2c,NULL
53163,831100,2021,10384,IDF500,"FROSTFIGHTER IDF500 HEATER (500K BTU)",1202091401," ",4461,"2026-07-16 17:55:55",265,25136,0,45,1,1,1,0,0,0,0,0,0,0,0,NULL,NULL,699,0,831100,NULL,NULL,,NULL,NULL,9905470,NULL,0,0,0,0,NULL,b63b90b8-2986-4715-b9d8-29c7c7fe0304,NULL
53164,831400,2021,10384,IDF500,"FROSTFIGHTER IDF500 HEATER (500K BTU)",1201975611," ",4461,"2026-07-16 17:55:55",265,25136,0,45,1,1,1,0,0,0,0,0,0,0,0,NULL,NULL,699,0,831400,NULL,NULL,,NULL,NULL,9926887,NULL,0,0,0,0,NULL,90886ab6-00e5-4b71-b479-9f516867ae05,NULL
53165,8-020535,NULL,10287,"MULTIMATIC 215","WELDER WIRE FEED-MILLER MULTIMATIC 215",NC111156N," ",4485,"2026-07-16 17:55:56",265,25018,0,45,1,1,1,0,0,0,0,0,0,0,0,NULL,NULL,699,0,8-020535,NULL,NULL,,NULL,NULL,NULL,NULL,0,0,0,0,NULL,e070a92c-cad6-45d3-965c-08afb4796f22,NULL
53166,8-020532,NULL,10287,"MULTIMATIC 215","WELDER WIRE FEED-MILLER MULTIMATIC 215",NC151043N," ",4485,"2026-07-16 17:55:56",265,25042,0,45,1,1,1,0,0,0,0,0,0,0,0,NULL,NULL,699,0,8-020532,NULL,NULL,,NULL,NULL,NULL,NULL,0,0,0,0,NULL,2f93330a-5821-4f4b-8451-5974cacf782f,NULL
53167,8-020531,NULL,10287,"MULTIMATIC 215","WELDER WIRE FEED-MILLER MULTIMATIC 215",NB311123N," ",4485,"2026-07-16 17:56:05",265,25018,0,45,1,1,1,0,0,0,0,0,0,0,0,NULL,NULL,699,0,8-020531,NULL,NULL,,NULL,NULL,NULL,NULL,0,0,0,0,NULL,235509b1-d2f6-438a-ae16-22a83388f6c3,NULL
53168,831700,NULL,10387,300,"BLAZE 300 HEATER (300K BTU)",21307632," ",4461,"2026-07-16 17:56:05",265,25018,0,45,1,1,1,0,0,0,0,0,0,0,0,NULL,NULL,699,0,831700,NULL,NULL,,NULL,NULL,9905476,NULL,0,0,0,0,NULL,b85b4b0b-6600-40be-9423-02a375d8bd7f,NULL
53169,831800,NULL,10387,300,"BLAZE 300 HEATER (300K BTU)",21307633," ",4461,"2026-07-16 17:56:06",265,25018,0,45,1,1,1,0,0,0,0,0,0,0,0,NULL,NULL,699,0,831800,NULL,NULL,,NULL,NULL,9905477,NULL,0,0,0,0,NULL,03f24b11-ef5f-451e-8868-275f8031138f,NULL
53170,831900,2024,10287,"BOBCAT 265","MILLER BOBCAT 265 - (ATTACHED TO #2795 - HOPP, RONNIE)",NE060796R," ",4333,"2026-07-16 17:56:06",265,25122,0,45,1,0,1,0,0,0,0,0,0,0,0,NULL,NULL,699,0,831900,NULL,NULL,,NULL,NULL,9926893,NULL,0,0,0,0,NULL,87c0df82-d2e9-417a-8564-c680e5357c51,NULL
53171,8-021041,NULL,10287,"ARCREACH SUITCASE 12","WELDER WIRE FEED-MILLER ARCREACH 12 SUITCASE",NB053085U," ",4485,"2026-07-16 17:56:06",265,25025,0,45,1,1,1,0,0,0,0,0,0,0,0,NULL,NULL,699,0,8-021041,NULL,NULL,,NULL,NULL,NULL,NULL,0,0,0,0,NULL,9e24e5f5-79d6-4fb4-a407-28bc3f9ecd2a,NULL
53172,8-020534,NULL,10287,"MULTIMATIC 215","WELDER WIRE FEED-MILLER MULTIMATIC 215",NC141042N," ",4485,"2026-07-16 17:56:06",265,25018,0,45,1,1,1,0,0,0,0,0,0,0,0,NULL,NULL,699,0,8-020534,NULL,NULL,,NULL,NULL,NULL,NULL,0,0,0,0,NULL,15d4ed4b-cd3f-4a22-964c-c4bbfa2bb917,NULL
53173,8-020529,NULL,10287,"MULTIMATIC 215","WELDER WIRE FEED-MILLER MULTIMATIC 215  (WELD SHOP)",NC111145N," ",4485,"2026-07-16 17:56:07",265,25018,0,45,1,0,1,0,0,0,0,0,0,0,0,NULL,NULL,699,0,8-020529,NULL,NULL,,NULL,NULL,NULL,NULL,0,0,0,0,NULL,a316a519-af59-4754-877e-b2ec0f06138b,NULL
53174,8-021174,NULL,10287,"ARCREACH SUITCASE 12","WELDER WIRE FEED-MILLER ARCREACH 12 SUITCASE",NB213073U," ",4485,"2026-07-16 17:56:07",265,25122,0,45,1,1,1,0,0,0,0,0,0,0,0,NULL,NULL,699,0,8-021174,NULL,NULL,,NULL,NULL,NULL,NULL,0,0,0,0,NULL,e5162838-c8b6-488e-ba82-eaf1faca9d95,NULL
53175,831500,2015,10387,300,"BLAZE 300 HEATER (300K BTU)",21304199," ",4461,"2026-07-16 17:56:07",265,25018,0,45,1,1,1,0,0,0,0,0,0,0,0,NULL,NULL,699,0,831500,NULL,NULL,,NULL,NULL,9926891,NULL,0,0,0,0,NULL,e94edad1-90ca-4dae-9bde-4024fe05c3f2,NULL
53176,832000,2024,10383,400,"MILLER BIG BLUE 400 WELDER w/ ARCREACH",NE320141R," ",4333,"2026-07-16 17:56:07",265,25025,0,45,1,1,1,0,0,0,0,0,0,0,0,NULL,NULL,699,0,832000,NULL,NULL,,NULL,NULL,10022850,NULL,0,0,0,0,NULL,c318b43b-c602-4963-a676-0d26e20a1018,NULL
53177,832100,2024,10383,400,"MILLER BIG BLUE 400 WELDER w/ ARCREACH",NE321068R," ",4333,"2026-07-16 17:56:08",265,25025,0,45,1,1,1,0,0,0,0,0,0,0,0,NULL,NULL,699,0,832100,NULL,NULL,,NULL,NULL,10022851,NULL,0,0,0,0,NULL,91c73052-035d-4e3c-bb78-d7e2b833f1f1,NULL
53178,8-021329,NULL,10287,"ARCREACH SUITCASE 12","WELDER WIRE FEED-MILLER ARCREACH 12 SUITCASE",NB313225U," ",4485,"2026-07-16 17:56:08",265,24981,0,45,1,1,1,0,0,0,0,0,0,0,0,NULL,NULL,699,0,8-021329,NULL,NULL,NA,NULL,NULL,NULL,NULL,0,0,0,0,NULL,f817207c-7f20-4931-9ef2-8ba5f8e881eb,NULL
53179,8-022059,NULL,10287,"ARCREACH SUITCASE 12","WELDER WIRE FEED-MILLER ARCREACH 12 SUITCASE",NC043056U," ",4485,"2026-07-16 17:56:08",265,25067,0,45,1,1,1,0,0,0,0,0,0,0,0,NULL,NULL,699,0,8-022059,NULL,NULL,,NULL,NULL,NULL,NULL,0,0,0,0,NULL,6bddffe8-a277-49f0-adfe-9d2f4ff03e12,NULL
53180,728800,2020,10369,"SILENT MESSAGE II","SOLAR TECH VMS BOARD"," ",4GM1M0910L1454875,4474,"2026-07-16 17:56:08",265,24981,0,45,1,1,1,0,0,0,0,0,0,0,0,NULL,NULL,699,0,728800,NULL,NULL,DTPK44,NULL,NULL,NULL,NULL,0,0,0,0,NULL,2014673a-0757-43cd-bce2-22b8fe4d0d32,NULL
53181,832500,2024,10383,400,"MILLER BIG BLUE 400 WELDER w/ ARCREACH",NE321201R," ",4333,"2026-07-16 17:56:08",265,25025,0,45,1,1,1,0,0,0,0,0,0,0,0,NULL,NULL,699,0,832500,NULL,NULL,,NULL,NULL,10022852,NULL,0,0,0,0,NULL,bd382e18-5b86-4d7f-8022-87b919a6abe8,NULL
53182,8-020533,NULL,10287,"MULTIMATIC 215","WELDER WIRE FEED-MILLER MULTIMATIC 215",NC141040N," ",4485,"2026-07-16 17:56:09",265,25018,0,45,1,1,1,0,0,0,0,0,0,0,0,NULL,NULL,699,0,8-020533,NULL,NULL,,NULL,NULL,NULL,NULL,0,0,0,0,NULL,4bfd2f1b-40b2-451a-b6ca-ee9bd948d093,NULL
53183,831300,2021,10384,IDF500,"FROSTFIGHTER IDF500 HEATER (500K BTU)",1201975611," ",4461,"2026-07-16 17:56:09",265,25122,0,45,1,1,1,0,0,0,0,0,0,0,0,NULL,NULL,699,0,831300,NULL,NULL,,NULL,NULL,9926882,NULL,0,0,0,0,NULL,2c3c5714-9372-4d3e-898d-9614d064a11d,NULL
53184,8-021330,NULL,10287,"ARCREACH SUITCASE 12","WELDER WIRE FEED-MILLER ARCREACH 12 STCASE-w/ Truck #2931",NB313236U," ",4485,"2026-07-16 17:56:09",265,24981,0,45,1,1,1,0,0,0,0,0,0,0,0,NULL,NULL,699,0,8-021330,NULL,NULL,NA,NULL,NULL,NULL,NULL,0,0,0,0,NULL,a788c58f-15b9-4d85-b8f4-3f44a4717e94,NULL
53185,832400,2024,10383,400,"MILLER BIG BLUE 400 WELDER w/ ARCREACH",NE321200R," ",4333,"2026-07-16 17:56:09",265,25058,0,45,1,1,1,0,0,0,0,0,0,0,0,NULL,NULL,699,0,832400,NULL,NULL,,NULL,NULL,10022891,NULL,0,0,0,0,NULL,d6fe0e68-ff54-4f08-9d46-95ad7cd12ce0,NULL
53186,8-021175,NULL,10287,"ARCREACH SUITCASE 12","WELDER WIRE FEED-MILLER ARCREACH 12 SUITCASE",NB213076U," ",4485,"2026-07-16 17:56:09",265,25067,0,45,1,1,1,0,0,0,0,0,0,0,0,NULL,NULL,699,0,8-021175,NULL,NULL,,NULL,NULL,NULL,NULL,0,0,0,0,NULL,018e4646-ca78-40cf-add3-28b3056eb3f5,NULL
53187,832200,2024,10383,400,"MILLER BIG BLUE 400 WELDER w/ ARCREACH (Attached to #2705)",NE321179R," ",4333,"2026-07-16 17:56:10",265,24981,0,45,1,1,1,0,0,0,0,0,0,0,0,NULL,NULL,699,0,832200,NULL,NULL,0033494026,NULL,NULL,9802642,NULL,0,0,0,0,NULL,da464dab-fe55-4706-b260-d12db42da2db,NULL
53188,8-023572,2023,10287,"MILLERMATIC 355","WELDER (MIG)-MILLER (WELD SHOP)",ND463008N," ",4485,"2026-07-16 17:56:10",265,25018,0,45,1,0,1,0,0,0,0,0,0,0,0,NULL,NULL,699,0,8-023572,NULL,NULL,,NULL,NULL,NULL,NULL,0,0,0,0,NULL,d6e22823-c0ee-49b0-ad68-04a1bfe7003d,NULL
53189,832800,2025,10386,400,"MILLER BIG BLUE 400 WELDER w/ ARC REACH",NF050554R," ",4333,"2026-07-16 17:56:10",265,25122,0,45,1,1,1,0,0,0,0,0,0,0,0,NULL,NULL,699,0,832800,NULL,NULL,,NULL,NULL,10024381,NULL,0,0,0,0,NULL,a3418ddb-1519-453f-9d2e-ef6b25fa6b11,NULL
53190,729200,2021,10369,"SILENT MESSAGE II VM","SOLAR TECH SILENT MESSENGER II VMS BOARD (MISSING)"," ",4GM2M1318N1463023,4474,"2026-07-16 17:56:10",265,25045,0,45,1,1,1,0,0,0,0,0,0,0,0,NULL,NULL,699,0,729200,NULL,NULL,,NULL,NULL,NULL,NULL,0,0,0,0,NULL,db8ff512-305d-4c9c-96b0-5c7de8562de2,NULL
53191,8-021176,NULL,10287,"ARCREACH SUITCASE 12","WELDER WIRE FEED-MILLER ARCREACH 12 SUITCASE",NB213079U," ",4485,"2026-07-16 17:56:11",265,25018,0,45,1,1,1,0,0,0,0,0,0,0,0,NULL,NULL,699,0,8-021176,NULL,NULL,,NULL,NULL,NULL,NULL,0,0,0,0,NULL,6cffeb48-a964-466b-b40e-f590a950d2a4,NULL
53192,832600,2025,10386,400,"MILLER BIG BLUE 400 WELDER w/ ARC REACH",NF020880R," ",4333,"2026-07-16 17:56:11",265,25136,0,45,1,1,1,0,0,0,0,0,0,0,0,NULL,NULL,699,0,832600,NULL,NULL,,NULL,NULL,10022685,NULL,0,0,0,0,NULL,eaac8e65-7222-4f63-9729-43b27173141c,NULL
53193,8-021042,NULL,10287,"ARCREACH SUITCASE 12","WELDER WIRE FEED-MILLER ARCREACH 12 SUITCASE",NB053094U," ",4485,"2026-07-16 17:56:11",265,25044,0,45,1,1,1,0,0,0,0,0,0,0,0,NULL,NULL,699,0,8-021042,NULL,NULL,,NULL,NULL,NULL,NULL,0,0,0,0,NULL,8505eed2-1558-42f2-a543-4109d90dc45d,NULL
53194,728900,2020,10369,"SILENT MESSAGE II","SOLAR TECH VMS BOARD"," ",4GM1M0912L1454876,4474,"2026-07-16 17:56:11",265,24981,0,45,1,1,1,0,0,0,0,0,0,0,0,NULL,NULL,699,0,728900,NULL,NULL,DTPK45,NULL,NULL,NULL,NULL,0,0,0,0,NULL,7ca2af6e-8f55-430e-b094-e914c276a429,NULL
53195,729000,2021,10369,"SILENT MESSAGE II VM","SOLAR TECH SILENT MESSENGER II VMS BOARD"," ",4GM2M1314N1463021,4474,"2026-07-16 17:56:11",265,25045,0,45,1,1,1,0,0,0,0,0,0,0,0,NULL,NULL,699,0,729000,NULL,NULL,,NULL,NULL,NULL,NULL,0,0,0,0,NULL,d5f6d169-2039-4218-8f3d-bb33d4f0bfda,NULL
53196,729100,2021,10369,"SILENT MESSAGE II VM","SOLAR TECH SILENT MESSENGER II VMS BOARD"," ",4GM2M1316N1463019,4474,"2026-07-16 17:56:36",265,25045,0,45,1,1,1,0,0,0,0,0,0,0,0,NULL,NULL,699,0,729100,NULL,NULL,,NULL,NULL,NULL,NULL,0,0,0,0,NULL,d5b09aa8-77b6-40b2-a984-c907d88264e6,NULL
53197,729500,2021,10369,"SILENT MESSAGE II VM","SOLAR TECH SILENT MESSENGER II VMS BOARD"," ",4GM2M131XN1463024,4474,"2026-07-16 17:56:36",265,25132,0,45,1,1,1,0,0,0,0,0,0,0,0,NULL,NULL,699,0,729500,NULL,NULL,,NULL,NULL,NULL,NULL,0,0,0,0,NULL,59352ba5-c8cc-44b7-962c-f5bacb93ac31,NULL
53198,729800,2021,10369,"SILENT MESSAGE II","SOLAR TECH SILENT MESSENGER II VMS BOARD"," ",4GM2M1312N1462983,4474,"2026-07-16 17:56:36",265,24981,0,45,1,1,1,0,0,0,0,0,0,0,0,NULL,NULL,699,0,729800,NULL,NULL,DTPK47,NULL,NULL,NULL,NULL,0,0,0,0,NULL,b51c6c54-9cd4-4310-a0f9-decbbe3409e8,NULL
53199,8-023570,2023,10287,"DELTAWELD 500","WELDER POWER UNIT-MILLER (WELD SHOP)",ND461149U," ",4485,"2026-07-16 17:56:36",265,25018,0,45,1,0,1,0,0,0,0,0,0,0,0,NULL,NULL,699,0,8-023570,NULL,NULL,,NULL,NULL,NULL,NULL,0,0,0,0,NULL,2adc5b80-9e62-4215-8471-cbe3bffae386,NULL
53200,8-023358,NULL,10287,"ARCREACH SUITCASE 12","WELDER WIRE FEED-MILLER ARCREACH 12 SUITCASE",ND253103V," ",4485,"2026-07-16 17:56:37",265,25132,0,45,1,1,1,0,0,0,0,0,0,0,0,NULL,NULL,699,0,8-023358,NULL,NULL,,NULL,NULL,NULL,NULL,0,0,0,0,NULL,fce93377-ccf1-467b-a1e2-8b09324254ac,NULL
53201,833600,2025,10384,IDF500,"FROSTFIGHTER IDF500 HEATER (500K BTU)",1202475426," ",4461,"2026-07-16 17:56:37",265,25089,0,45,1,1,1,0,0,0,0,0,0,0,0,NULL,NULL,699,0,833600,NULL,NULL,NA,NULL,NULL,9926897,NULL,0,0,0,0,NULL,956f96d7-9867-41c9-a342-42de441646f0,NULL
53202,832700,2025,10386,400,"MILLER BIG BLUE 400 WELDER w/ ARC REACH",NF070177R," ",4333,"2026-07-16 17:56:37",265,25067,0,45,1,1,1,0,0,0,0,0,0,0,0,NULL,NULL,699,0,832700,NULL,NULL,,NULL,NULL,10022333,NULL,0,0,0,0,NULL,fc95ffcb-cf99-43cf-a9a2-1e0383913f3c,NULL
53203,8-023066,NULL,10287,"ARCREACH SUITCASE 12","WELDER WIRE FEED-MILLER ARCREACH 12 SUITCASE",ND033019U," ",4485,"2026-07-16 17:56:37",265,25045,0,45,1,1,1,0,0,0,0,0,0,0,0,NULL,NULL,699,0,8-023066,NULL,NULL,,NULL,NULL,NULL,NULL,0,0,0,0,NULL,a6d4a3fc-62aa-4fab-ad3f-602c4259781c,NULL
53204,832300,2024,10383,400,"MILLER BIG BLUE 400 WELDER w/ ARCREACH",NE321196R," ",4333,"2026-07-16 17:56:38",265,25042,0,45,1,0,1,0,0,0,0,0,0,0,0,NULL,NULL,699,0,832300,NULL,NULL,,NULL,NULL,10022298,NULL,0,0,0,0,NULL,dff73293-66ea-4c1b-9314-ef61bf9ed3dd,NULL
53205,832900,2025,10386,400,"MILLER BIG BLUE 400 WELDER w/ ARC REACH",NF070220R," ",4333,"2026-07-16 17:56:38",265,25025,0,45,1,1,1,0,0,0,0,0,0,0,0,NULL,NULL,699,0,832900,NULL,NULL,,NULL,NULL,10022853,NULL,0,0,0,0,NULL,9d35ddd1-ae4e-4166-af58-a47d5acbf40e,NULL
53206,729600,2021,10369,"SILENT MESSAGE II VM","SOLAR TECH SILENT MESSENGER II VMS BOARD"," ",4GM2M1311N1463025,4474,"2026-07-16 17:56:38",265,25045,0,45,1,1,1,0,0,0,0,0,0,0,0,NULL,NULL,699,0,729600,NULL,NULL,,NULL,NULL,NULL,NULL,0,0,0,0,NULL,81f3caf4-198b-47f9-9c6c-9e92a7ae10a0,NULL
53207,8-024413,2024,10287,"ARCREACH SUITCASE 12","WELDER WIRE FEED-MILLER ARCREACH 12",NE323122V," ",4485,"2026-07-16 17:56:39",265,25042,0,45,1,1,1,0,0,0,0,0,0,0,0,NULL,NULL,699,0,8-024413,NULL,NULL,,NULL,NULL,NULL,NULL,0,0,0,0,NULL,bad46093-8873-4202-a490-a8331bfdd389,NULL
53208,8-024441,2024,10287,"ARCREACH SUITCASE 12","WELDER WIRE FEED-MILLER ARCREACH 12",NE353129V," ",4485,"2026-07-16 17:56:39",265,25025,0,45,1,1,1,0,0,0,0,0,0,0,0,NULL,NULL,699,0,8-024441,NULL,NULL,,NULL,NULL,NULL,NULL,0,0,0,0,NULL,bb3b6b26-2f61-44b1-882c-e829f0e5f884,NULL
53209,8-023322,NULL,10287,"ARCREACH SUITCASE 12","WELDER WIRE FEED-MILLER ARCREACH 12 SUITCASE",ND103091V," ",4485,"2026-07-16 17:56:39",265,25132,0,45,1,1,1,0,0,0,0,0,0,0,0,NULL,NULL,699,0,8-023322,NULL,NULL,,NULL,NULL,NULL,NULL,0,0,0,0,NULL,0502e285-e9fc-4b5b-9b15-96041a5d8b16,NULL
53210,833500,2025,10384,IDF500,"FROSTFIGHTER IDF500 HEATER (500K BTU)",1202475425," ",4461,"2026-07-16 17:56:39",265,25089,0,45,1,1,1,0,0,0,0,0,0,0,0,NULL,NULL,699,0,833500,NULL,NULL,NA,NULL,NULL,9926896,NULL,0,0,0,0,NULL,e779e89f-9917-43e1-b498-270edc1dfd35,NULL
53211,8-023359,NULL,10287,"ARCREACH SUITCASE 12","WELDER WIRE FEED-MILLER ARCREACH 12 SUITCASE",ND253102V," ",4485,"2026-07-16 17:56:39",265,25132,0,45,1,1,1,0,0,0,0,0,0,0,0,NULL,NULL,699,0,8-023359,NULL,NULL,,NULL,NULL,NULL,NULL,0,0,0,0,NULL,02f83f3e-4d74-48c8-842b-3251b7a82693,NULL
53212,834000,2026,10386,400,"MILLER BIG BLUE 400 WELDER w/ ARC REACH",NG150748R," ",4333,"2026-07-16 17:56:39",265,25098,0,45,1,1,1,0,0,0,0,0,0,0,0,NULL,NULL,699,0,834000,NULL,NULL,,NULL,NULL,9905481,NULL,0,0,1,0,NULL,82d93684-54c2-4e47-9a66-2f23c7095811,NULL
53213,833000,2025,10386,400,"MILLER BIG BLUE 400 WELDER w/ ARC REACH",NF050614R," ",4333,"2026-07-16 17:56:39",265,25025,0,45,1,1,1,0,0,0,0,0,0,0,0,NULL,NULL,699,0,833000,NULL,NULL,,NULL,NULL,10022854,NULL,0,0,0,0,NULL,d67986a4-8eae-4700-b063-bfa4ff9708ad,NULL
53214,729300,2021,10369,"SILENT MESSAGE II VM","SOLAR TECH SILENT MESSENGER II VMS BOARD"," ",4GM2M1312N1463020,4474,"2026-07-16 17:56:40",265,25045,0,45,1,1,1,0,0,0,0,0,0,0,0,NULL,NULL,699,0,729300,NULL,NULL,,NULL,NULL,NULL,NULL,0,0,0,0,NULL,c6af3ffd-7f8f-493c-a38a-eed0117fb476,NULL
53215,833200,2011,10383,500D,"MILLER BIG BLUE 500D WELDER (CO SHOP USE)",LE257964," ",4333,"2026-07-16 17:56:40",265,24981,0,45,1,0,1,0,0,0,0,0,0,0,0,NULL,NULL,699,0,833200,NULL,NULL,,NULL,NULL,9926894,NULL,0,0,0,0,NULL,626158e3-6890-4185-b683-705f618e27fa,NULL
53216,8-025232,2025,10287,"ARCREACH SUITCASE 12","WELDER WIRE FEED-MILLER ARCREACH 12",NF103198V," ",4485,"2026-07-16 17:56:40",265,25136,0,45,1,1,1,0,0,0,0,0,0,0,0,NULL,NULL,699,0,8-025232,NULL,NULL,,NULL,NULL,NULL,NULL,0,0,0,0,NULL,28a8cc3e-f8be-44cb-be1f-99f64a0231e9,NULL
53217,729700,2021,10369,"SILENT MESSAGE II","SOLAR TECH SILENT MESSENGER II VMS BOARD"," ",4GM2M1310N1462982,4474,"2026-07-16 17:56:40",265,24981,0,45,1,1,1,0,0,0,0,0,0,0,0,NULL,NULL,699,0,729700,NULL,NULL,DTPK46,NULL,NULL,NULL,NULL,0,0,0,0,NULL,6703b441-cf3e-494f-9024-e461cae52d21,NULL
53218,833300,NULL,10383,400,"MILLER BIG BLUE 400 WELDER w/ ARC REACH",NB211126R," ",4333,"2026-07-16 17:56:40",265,25042,0,45,1,1,1,0,0,0,0,0,0,0,0,NULL,NULL,699,0,833300,NULL,NULL,,NULL,NULL,9802668,NULL,0,0,0,0,NULL,22b147b0-e7af-4b94-8aba-7b8b0db0c8e6,NULL
53219,729400,2021,10369,"SILENT MESSAGE II VM","SOLAR TECH SILENT MESSENGER II VMS BOARD"," ",4GM2M1316N1463022,4474,"2026-07-16 17:56:40",265,25045,0,45,1,1,1,0,0,0,0,0,0,0,0,NULL,NULL,699,0,729400,NULL,NULL,,NULL,NULL,NULL,NULL,0,0,0,0,NULL,0b688f12-70d3-4da4-ab8f-fd737f4625f3,NULL
53220,8-022058,NULL,10287,"ARCREACH SUITCASE 12","WELDER WIRE FEED-MILLER ARCREACH 12 SUITCASE",NC043053U," ",4485,"2026-07-16 17:56:40",265,25018,0,45,1,1,1,0,0,0,0,0,0,0,0,NULL,NULL,699,0,8-022058,NULL,NULL,,NULL,NULL,NULL,NULL,0,0,0,0,NULL,bc1c84b2-6c40-4683-86dc-b4a85d006de2,NULL
53221,8-024504,2024,10287,"ARCREACH SUITCASE 12","WELDER WIRE FEED-MILLER ARCREACH 12",NE383108V," ",4485,"2026-07-16 17:56:41",265,25042,0,45,1,1,1,0,0,0,0,0,0,0,0,NULL,NULL,699,0,8-024504,NULL,NULL,,NULL,NULL,NULL,NULL,0,0,0,0,NULL,81b5cf86-0847-42ac-9bec-3c0affb2dabd,NULL
53222,8-023067,NULL,10287,"ARCREACH SUITCASE 12","WELDER WIRE FEED-MILLER ARCREACH 12 SUITCASE",ND033022U," ",4485,"2026-07-16 17:56:41",265,25025,0,45,1,1,1,0,0,0,0,0,0,0,0,NULL,NULL,699,0,8-023067,NULL,NULL,,NULL,NULL,NULL,NULL,0,0,0,0,NULL,1d3fa16c-1ce9-4792-ae21-349573607b15,NULL
53223,8-020530,NULL,10287,"MULTIMATIC 215","WELDER WIRE FEED-MILLER MULTIMATIC 215",NC121355N," ",4485,"2026-07-16 17:56:41",265,25018,0,45,1,1,1,0,0,0,0,0,0,0,0,NULL,NULL,699,0,8-020530,NULL,NULL,,NULL,NULL,NULL,NULL,0,0,0,0,NULL,53d55967-73b6-426f-9817-ee8f6a7544ef,NULL
53224,833900,2026,10386,400,"MILLER BIG BLUE 400 WELDER w/ ARC REACH",NG150747R," ",4333,"2026-07-16 17:56:41",265,25044,0,45,1,1,1,0,0,0,0,0,0,0,0,NULL,NULL,699,0,833900,NULL,NULL,,NULL,NULL,10022277,NULL,0,0,0,0,NULL,0685f8c6-273d-4b26-9f46-093696f2a004,NULL
53225,833700,2026,10386,400,"MILLER BIG BLUE 400 WELDER w/ ARC REACH",NG130057R," ",4333,"2026-07-16 17:56:41",265,25098,0,45,1,1,1,0,0,0,0,0,0,0,0,NULL,NULL,699,0,833700,NULL,NULL,,NULL,NULL,9905478,NULL,0,0,0,0,NULL,b79c138d-4699-40b5-89e6-70f9c7a9b225,NULL
53226,8-023568,2023,10287,"DELTAWELD 500","WELDER POWER UNIT-MILLER (WELD SHOP)",ND461148U," ",4485,"2026-07-16 17:56:41",265,25018,0,45,1,0,1,0,0,0,0,0,0,0,0,NULL,NULL,699,0,8-023568,NULL,NULL,,NULL,NULL,NULL,NULL,0,0,0,0,NULL,c3815525-34e2-4a5c-ab19-992eb47fad8b,NULL
53227,8-025231,2025,10287,"ARCREACH SUITCASE 12","WELDER WIRE FEED-MILLER ARCREACH 12",NE423139V," ",4485,"2026-07-16 17:56:42",265,25136,0,45,1,1,1,0,0,0,0,0,0,0,0,NULL,NULL,699,0,8-025231,NULL,NULL,,NULL,NULL,NULL,NULL,0,0,0,0,NULL,78e08160-9c8b-4814-ba47-36b6c2599b33,NULL
53228,8-021092,NULL,10287,"ARCREACH SUITCASE 12","WELDER WIRE FEED-MILLER ARCREACH 12 SUITCASE",NB113170U," ",4485,"2026-07-16 17:56:42",265,25058,0,45,1,1,1,0,0,0,0,0,0,0,0,NULL,NULL,699,0,8-021092,NULL,NULL,,NULL,NULL,NULL,NULL,0,0,0,0,NULL,ccc84cee-a26f-47ef-aee5-75ae5fe2e44c,NULL
53229,833400,2025,10384,IDF500,"FROSTFIGHTER IDF500 HEATER (500K BTU)",1202475427," ",4461,"2026-07-16 17:56:42",265,25089,0,45,1,1,1,0,0,0,0,0,0,0,0,NULL,NULL,699,0,833400,NULL,NULL,NA,NULL,NULL,9926895,NULL,0,0,0,0,NULL,d6afa914-ad2c-4a20-9396-b2d9efcf4532,NULL
53230,8-024440,2024,10287,"ARCREACH SUITCASE 12","WELDER WIRE FEED-MILLER ARCREACH 12",NE353127V," ",4485,"2026-07-16 17:56:42",265,25122,0,45,1,1,1,0,0,0,0,0,0,0,0,NULL,NULL,699,0,8-024440,NULL,NULL,,NULL,NULL,NULL,NULL,0,0,0,0,NULL,ff8bd6b2-9039-4c63-8edd-8b596656c721,NULL
53231,8-023321,NULL,10287,"ARCREACH SUITCASE 12","WELDER WIRE FEED-MILLER ARCREACH 12 SUITCASE",NC10304CU," ",4485,"2026-07-16 17:56:42",265,25045,0,45,1,1,1,0,0,0,0,0,0,0,0,NULL,NULL,699,0,8-023321,NULL,NULL,,NULL,NULL,NULL,NULL,0,0,0,0,NULL,57ae6952-a201-4b80-bf24-58e99e1e8df5,NULL
53232,8-024277,2024,10287,"ARCREACH SUITCASE 12","WELDER WIRE FEED-MILLER ARCREACH 12",NE233077V," ",4485,"2026-07-16 17:56:42",265,25122,0,45,1,1,1,0,0,0,0,0,0,0,0,NULL,NULL,699,0,8-024277,NULL,NULL,,NULL,NULL,NULL,NULL,0,0,0,0,NULL,d17e0ffc-a9ea-4bbe-893a-a839f5a46012,NULL
53233,8-024411,2024,10287,"ARCREACH SUITCASE 12","WELDER WIRE FEED-MILLER ARCREACH 12",NE323123V," ",4485,"2026-07-16 17:56:43",265,25044,0,45,1,1,1,0,0,0,0,0,0,0,0,NULL,NULL,699,0,8-024411,NULL,NULL,,NULL,NULL,NULL,NULL,0,0,0,0,NULL,ac324b6f-9653-4972-890c-25b8d05a2643,NULL
53234,8-024503,2024,10287,"ARCREACH SUITCASE 12","WELDER WIRE FEED-MILLER ARCREACH 12",NE383113V," ",4485,"2026-07-16 17:56:43",265,25122,0,45,1,1,1,0,0,0,0,0,0,0,0,NULL,NULL,699,0,8-024503,NULL,NULL,,NULL,NULL,NULL,NULL,0,0,0,0,NULL,26644878-17d8-4afe-8e9e-000dbf495a94,NULL
53235,8-024276,2024,10287,"ARCREACH SUITCASE 12","WELDER WIRE FEED-MILLER ARCREACH 12",NE233080V," ",4485,"2026-07-16 17:56:43",265,25018,0,45,1,1,1,0,0,0,0,0,0,0,0,NULL,NULL,699,0,8-024276,NULL,NULL,,NULL,NULL,NULL,NULL,0,0,0,0,NULL,4f2b5048-7760-4fb0-a1df-e0863c04b2cc,NULL
53236,8-023569,2023,10287,"INTELLX PRO","WIRE FEED WELDER (DUAL) MILLER (WELD SHOP)",ND455542U," ",4485,"2026-07-16 17:56:43",265,25018,0,45,1,0,1,0,0,0,0,0,0,0,0,NULL,NULL,699,0,8-023569,NULL,NULL,,NULL,NULL,NULL,NULL,0,0,0,0,NULL,9ce30659-a896-4851-9914-98cf14bddcb5,NULL
53237,8-098456,NULL,10287,SRH-444,"WELDER (STICK)-MILLER SRH-444 (WELD SHOP)",HF838022," ",4485,"2026-07-16 17:56:43",265,25018,0,45,1,0,1,0,0,0,0,0,0,0,0,NULL,NULL,699,0,8-098456,NULL,NULL,,NULL,NULL,NULL,NULL,0,0,0,0,NULL,6175f0ba-968c-4036-8822-b5120a4768a8,NULL
53238,8-023571,2023,10287,"INTELLX PRO","WIRE FEED WELDER (DUAL)-MILLER (WELD SHOP)",ND455543U," ",4485,"2026-07-16 17:56:43",265,25018,0,45,1,0,1,0,0,0,0,0,0,0,0,NULL,NULL,699,0,8-023571,NULL,NULL,,NULL,NULL,NULL,NULL,0,0,0,0,NULL,da9e0f6d-2dc2-4c7d-90d7-a71f7771ef37,NULL
53239,8-025233,2025,10287,"ARCREACH SUITCASE 12","WELDER WIRE FEED-MILLER ARCREACH 12",NE383110V," ",4485,"2026-07-16 17:56:43",265,25018,0,45,1,1,1,0,0,0,0,0,0,0,0,NULL,NULL,699,0,8-025233,NULL,NULL,,NULL,NULL,NULL,NULL,0,0,0,0,NULL,e22b9ab8-84fc-4c4c-9ac6-30098abef329,NULL
53241,101301,0,10312," ","ADD OSHA ANTI-TWO BLOCK SYSTEM"," "," ",4514,"2026-07-16 19:39:02",265,25018,0,45,1,0,1,0,0,0,0,0,0,0,0,NULL,NULL,634,0,101301,,,,,,NULL,NULL,0,0,0,0,NULL,5e451a37-6ca7-4144-b075-0dc31ef63e3d,NULL
53242,8025,2024,10288,374FC,"FLUKE TRMS CLAMP METER-RINGELSTETTER, TOM",66590419MV," ",4432,"2026-07-16 19:41:23",265,25010,0,45,1,0,1,0,0,0,0,0,0,0,0,NULL,NULL,699,0,8025,NULL,NULL,,NULL,NULL,NULL,NULL,0,0,0,0,NULL,ec069c58-6e41-4c0f-b801-445d9ae6e73e,NULL
53243,8024,2024,10288,374FC,"FLUKE TRMS CLAMP METER-HAYWOOD, DUKE",65381742MV," ",4432,"2026-07-16 19:41:23",265,25050,0,45,1,0,1,0,0,0,0,0,0,0,0,NULL,NULL,699,0,8024,NULL,NULL,NA,NULL,NULL,NULL,NULL,0,0,0,0,NULL,96aaf85a-58b4-41e8-9488-4e685b442849,NULL
53244,8026,2025,10288,374FC,"FLUKE TRMS CLAMP METER-LENERZ, DOUG",68182412MV," ",4432,"2026-07-16 19:41:24",265,25010,0,45,1,0,1,0,0,0,0,0,0,0,0,NULL,NULL,699,0,8026,NULL,NULL,,NULL,NULL,NULL,NULL,0,0,0,0,NULL,55cd6d27-b21f-4fbd-a637-015ece4f2f1e,NULL
53245,8023,2024,10288,374FC,"FLUKE TRMS CLAMP METER-PETERSON, ANDY",66071616MV," ",4432,"2026-07-16 19:41:24",265,25010,0,45,1,0,1,0,0,0,0,0,0,0,0,NULL,NULL,699,0,8023,NULL,NULL,,NULL,NULL,NULL,NULL,0,0,0,0,NULL,c0d48e3c-3ed3-46bd-a0be-8845f9caf8ee,NULL
53246,8022,2023,10288,374FC,"FLUKE TRMS CLAMP METER- RICHARD, DENNIS",62632172MV," ",4432,"2026-07-16 19:41:58",265,25007,0,45,1,0,1,0,0,0,0,0,0,0,0,NULL,NULL,699,0,8022,NULL,NULL,,NULL,NULL,NULL,NULL,0,0,0,0,NULL,91887b75-a9d9-43d2-9a92-3582094233cd,NULL
53247,105501,NULL,10429," ","ADD 4TH DRUM/LAGGING"," "," ",4514,"2026-07-16 19:41:58",265,25018,0,45,1,0,1,0,0,0,0,0,0,0,0,NULL,NULL,699,0,105501,NULL,NULL,NULL,NULL,NULL,NULL,NULL,0,0,0,0,NULL,3103d91d-ef29-403d-8943-2385ecccc2f4,NULL
53248,106101,NULL,10429," ","ADDL COST-EXER LEASE OPTION","SEE 106100"," ",4514,"2026-07-16 19:41:58",265,25018,0,45,1,0,1,0,0,0,0,0,0,0,0,NULL,NULL,699,0,106101,NULL,NULL,NULL,NULL,NULL,NULL,NULL,0,0,0,0,NULL,aac60f84-ab30-4374-abfc-f38615de766d,NULL
53249,103801,NULL,10429," ","ADD OSHA ANTI-TWO BLOCK SYSTEM"," "," ",4514,"2026-07-16 19:41:59",265,25018,0,45,1,0,1,0,0,0,0,0,0,0,0,NULL,NULL,699,0,103801,NULL,NULL,NULL,NULL,NULL,NULL,NULL,0,0,0,0,NULL,7c88a06e-cd77-43d4-a35b-71f92f2b1136,NULL
53250,103101,NULL,10429," ","ADD OSHA ANTI TWO-BLOCK SYSTEM"," "," ",4514,"2026-07-16 19:42:26",265,25018,0,45,1,0,1,0,0,0,0,0,0,0,0,NULL,NULL,699,0,103101,NULL,NULL,NULL,NULL,NULL,NULL,NULL,0,0,0,0,NULL,8bf74454-60f2-4378-9a46-84f911a2ed60,NULL
53251,105801,NULL,10429," ","ADD OSHA ANTI-TWO BLOCK SYSTEM"," "," ",4514,"2026-07-16 19:42:27",265,25018,0,45,1,0,1,0,0,0,0,0,0,0,0,NULL,NULL,699,0,105801,NULL,NULL,NULL,NULL,NULL,NULL,NULL,0,0,0,0,NULL,cccf5adb-593d-46dc-ae08-15a44ac3bbf1,NULL
53252,106002,1978,10429," ","AMER 7260 CR-100 TON",GS19528-," ",4514,"2026-07-16 19:44:12",265,25018,0,45,1,0,1,0,0,0,0,0,0,0,0,NULL,NULL,699,0,106002,NULL,NULL,NULL,NULL,NULL,NULL,NULL,0,0,0,0,NULL,f1a9d850-e754-4cd3-a4a8-4b779b7f3b11,NULL
53253,8027,2025,10288,374FC,"FLUKE TRMS CLAMP METER-SCHWARZ, BEN (SHOP)",68231087MV," ",4432,"2026-07-16 19:44:12",265,25010,0,45,1,0,1,0,0,0,0,0,0,0,0,NULL,NULL,699,0,8027,NULL,NULL,,NULL,NULL,NULL,NULL,0,0,0,0,NULL,89770a04-1f4c-41a5-9c99-528e0ed4ad96,NULL
53254,110602,NULL,10429," ","ADD OSHA ANTI TWO-BLOCK SYSTEM"," "," ",4514,"2026-07-16 19:44:41",265,25018,0,45,1,0,1,0,0,0,0,0,0,0,0,NULL,NULL,699,0,110602,NULL,NULL,NULL,NULL,NULL,NULL,NULL,0,0,0,0,NULL,552195aa-b3b0-48f6-9dd0-5c1a19e1468b,NULL
53255,110301,NULL,10429," ","ADD OSHA ANTI TWO-BLOCK SYSTEM"," "," ",4514,"2026-07-16 19:45:11",265,25018,0,45,1,0,1,0,0,0,0,0,0,0,0,NULL,NULL,699,0,110301,NULL,NULL,NULL,NULL,NULL,NULL,NULL,0,0,0,0,NULL,9fd80aed-2939-430f-a97b-3256181db783,NULL
53256,110302,1979,10429," ","AMERICAN 7260 CR-100T   1979",GS19908-," ",4514,"2026-07-16 19:45:12",265,25018,0,45,1,0,1,0,0,0,0,0,0,0,0,NULL,NULL,699,0,110302,NULL,NULL,NULL,NULL,NULL,NULL,NULL,0,0,0,0,NULL,15fa8f71-87b3-4948-9391-f6847f239e62,NULL
53257,111001,NULL,10429," ","ADD OSHA ANTI 2-BLK SYSTEM"," "," ",4514,"2026-07-16 19:45:56",265,25018,0,45,1,0,1,0,0,0,0,0,0,0,0,NULL,NULL,699,0,111001,NULL,NULL,NULL,NULL,NULL,NULL,NULL,0,0,0,0,NULL,092271d3-17c3-4605-9942-7975bcc8eb57,NULL
53258,110901,1979,10429," ","ADD OSHA ANTI-TWO BLOCK SYSTEM"," "," ",4514,"2026-07-16 19:46:28",265,25122,0,45,1,0,1,0,0,0,0,0,0,0,0,NULL,NULL,699,0,110901,NULL,NULL,NULL,NULL,NULL,NULL,NULL,0,0,0,0,NULL,403ca0b1-e4b2-4db1-8b4f-ea10acd09e31,NULL
53259,112300,2001,10429," ","TEREX AMER HC80 CRAWLER CRANE",AC3828," ",4419,"2026-07-16 19:46:29",265,25122,0,45,1,1,1,0,0,0,0,0,0,0,0,NULL,NULL,699,0,112300,NULL,NULL,NULL,NULL,NULL,10023375,NULL,0,0,0,1,NULL,f5a8c625-ed2c-4ac3-8046-0f334b97ea1f,NULL
53260,112401,2017,10429," ","TEREX AMER HC80 CRAWLER CRANE-TURN TABLE",AC3832," ",4514,"2026-07-16 19:46:30",265,25018,0,45,1,0,1,0,0,0,0,0,0,0,0,NULL,NULL,699,0,112401,NULL,NULL,NULL,NULL,NULL,NULL,NULL,0,0,0,0,NULL,53a8a92a-db19-4296-a75d-1769007b28a9,NULL
53261,111400,1976,10429,7260,"AMERICAN 7260 CR-100T",GS17944," ",4332,"2026-07-16 19:46:30",265,25025,0,45,1,1,1,0,0,0,0,0,0,0,0,NULL,NULL,699,0,111400,NULL,NULL,NULL,NULL,NULL,10012247,NULL,0,0,1,1,NULL,e8e6a956-408e-4000-ae0f-d288b0c9a79d,NULL
53262,114301,2017,10429," ","AMER 9310-225 TON CRAWLER-NEW ENGINE",82-11-A02754-," ",4514,"2026-07-16 19:46:56",265,25018,0,45,1,0,1,0,0,0,0,0,0,0,0,NULL,NULL,699,0,114301,NULL,NULL,NULL,NULL,NULL,NULL,NULL,0,0,0,0,NULL,efbacc24-8968-4a3c-94f0-88e14862151d,NULL
53263,118202,2022,10429," ","HYD OIL 46 & ISO 32 OIL"," "," ",4514,"2026-07-16 19:47:38",265,25018,0,45,1,0,1,0,0,0,0,0,0,0,0,NULL,NULL,699,0,118202,NULL,NULL,NULL,NULL,NULL,NULL,NULL,0,0,0,0,NULL,43a3788f-80b7-4445-93ab-bc39c38b5fb1,NULL
53264,119201,2026,10429," ","MW MLC300 APU (AUXILIARY POWER UNIT) - USE WITH 119200",N/A," ",4514,"2026-07-16 19:47:38",265,25071,0,45,1,1,1,0,0,0,0,0,0,0,0,NULL,NULL,699,0,119201,NULL,NULL,,NULL,NULL,9801641,NULL,0,0,0,0,NULL,a8886167-b100-406e-881b-6e7e997916b1,NULL
53265,129919,NULL,10429,"SNEED SHIPBUILDING","BARGE SPUD-20"X20"X60'"," "," ",4525,"2026-07-16 19:47:39",265,25018,0,45,1,0,1,0,0,0,0,0,0,0,0,NULL,NULL,699,0,129919,NULL,NULL,NULL,NULL,NULL,NULL,NULL,0,0,0,0,NULL,d99e5ba6-509e-4f28-86b9-6d41b97e12d0,NULL
53266,301400,2026,10948,"F250 XL","FORD F250 XL CREW CAB 4WD - FUENTES, AARON"," ",1FT7W2BA9TED41600,4301,"2026-07-16 19:48:06",265,25089,0,45,1,1,1,0,0,0,0,0,0,0,0,NULL,NULL,699,0,301400,NULL,NULL,EVPB51,NULL,NULL,NULL,5283641,0,0,0,0,NULL,4f207e2f-6a18-4093-a199-f66ce0122eda,NULL
53267,129920,NULL,10429,"SNEED SHIPBUILDING","BARGE SPUD-20"X20"X60'"," "," ",4525,"2026-07-16 19:48:07",265,25018,0,45,1,0,1,0,0,0,0,0,0,0,0,NULL,NULL,699,0,129920,NULL,NULL,NULL,NULL,NULL,NULL,NULL,0,0,0,0,NULL,bc245606-9be3-4f99-ace3-1b586f825a50,NULL
53268,302100,2026,10948,"F250 XL","FORD F250 XL CREW CAB 4WD - CHAVEZ, GERMAN"," ",1FT7W2BAXTED42156,4301,"2026-07-16 19:48:07",265,25019,0,45,1,1,1,0,0,0,0,0,0,0,0,NULL,NULL,699,0,302100,NULL,NULL,XE89696,NULL,NULL,NULL,5282779,0,0,0,0,NULL,549ec4e8-3a9c-40a5-ab22-cc299f7b35ae,NULL
53269,301500,2026,10948,"F250 XL","FORD F250 XL CREW CAB 4WD - IBARRA, RAFAEL"," ",1FT7W2BA8TED42365,4301,"2026-07-16 19:48:07",265,25089,0,45,1,1,1,0,0,0,0,0,0,0,0,NULL,NULL,699,0,301500,NULL,NULL,EVPB52,NULL,NULL,NULL,5284378,0,0,0,0,NULL,0e204f8d-ed8e-4b69-9817-6de22405e86e,NULL
53270,301900,2026,10948,"F250 XL","FORD F250 XL CREW CAB 4WD - GARCIA, MANUEL"," ",1FT7W2BA4TED40323,4301,"2026-07-16 19:48:08",265,25019,0,45,1,1,1,0,0,0,0,0,0,0,0,NULL,NULL,699,0,301900,NULL,NULL,EVOP88,NULL,NULL,NULL,5283646,0,0,0,0,NULL,47b59654-60cc-41c1-b4fa-9bd7ffa64ecb,NULL
53271,302000,2026,10948,"F250 XL","FORD F250 XL CREW CAB 4WD - LOYA, JAIME"," ",1FT7W2BA5TED40685,4301,"2026-07-16 19:48:08",265,25062,0,45,1,1,1,0,0,0,0,0,0,0,0,NULL,NULL,699,0,302000,NULL,NULL,EVPB50,NULL,NULL,NULL,5284376,0,0,0,0,NULL,27eb1d1d-a436-4878-8615-e3e6c3a52518,NULL
53272,303500,2026,10948,"F250 XL","FORD F250 XL CREW CAB 4WD - MIER, ROBERTO"," ",1FT7W2BA7TED41532,4301,"2026-07-16 19:48:08",265,25089,0,45,1,1,1,0,0,0,0,0,0,0,0,NULL,NULL,699,0,303500,NULL,NULL,XE89693,NULL,NULL,NULL,5281474,0,0,0,0,NULL,1d7d3d94-eaa1-4c1a-8f04-8bff79517d71,NULL
53273,305500,2026,10948,"F250 XL","FORD F250 XL CREW CAB 4WD SUPERDUTY - VALDEZ, RAMON"," ",1FT7W2BA6TEC97829,4301,"2026-07-16 19:48:57",265,25089,0,45,1,1,1,0,0,0,0,0,0,0,0,NULL,NULL,699,0,305500,NULL,NULL,EIEL42,NULL,NULL,NULL,5284361,0,0,0,0,NULL,1299300c-b9b2-4574-b119-01445a3b4533,NULL
53274,303600,2026,10948,"F250 XL","FORD F250 XL CREW CAB 4WD - RICHARDS, JIMMY"," ",1FT7W2BA5TED40492,4301,"2026-07-16 19:49:57",265,25025,0,45,1,1,1,0,0,0,0,0,0,0,0,NULL,NULL,699,0,303600,NULL,NULL,XE89091,NULL,NULL,NULL,5281475,0,0,0,0,NULL,784caf59-1c42-47fe-b40d-7bb2a0f25dba,NULL
53275,433500,2019,10429," ","525 GALLON TANK AND TRAILER"," ",1A9BU082XKT751101,4502,"2026-07-16 19:49:58",265,25045,0,45,1,1,1,0,0,0,0,0,0,0,0,NULL,NULL,699,0,433500,NULL,NULL,DXGL54,NULL,NULL,NULL,NULL,0,0,0,0,NULL,4b49cf54-a751-4652-a362-d20d106c3a55,NULL
53276,433000,2006,10429,WATERDOG500,"WATER DOG 500 GAL WATER WAGON (pressure washer wagon)"," ",17XFJ082161064689,4502,"2026-07-16 19:49:58",265,25071,0,45,1,1,1,0,0,0,0,0,0,0,0,NULL,NULL,699,0,433000,NULL,NULL,NA,NULL,NULL,NULL,NULL,0,0,0,0,NULL,91df8a18-06ae-485b-ac0a-77a1ea192cde,NULL
53277,303100,2026,10948,"F250 XL","FORD F250 XL CREW CAB 4WD - RODRIGUEZ, GUADALUPE"," ",1FT7W2BA4TED42413,4301,"2026-07-16 19:49:58",265,25089,0,45,1,1,1,0,0,0,0,0,0,0,0,NULL,NULL,699,0,303100,NULL,NULL,EVPB55,NULL,NULL,NULL,5284377,0,0,0,0,NULL,062588b0-8bdf-4a7d-947e-b27c82f268fd,NULL
53278,434600,2022,10299,F750,"WATER TRUCK 2000 GAL FORD F750"," ",1FDXF7DC4NDF04797,4397,"2026-07-16 19:50:27",265,25019,0,45,1,1,1,0,0,0,0,0,0,0,0,NULL,NULL,699,0,434600,NULL,NULL,EKMO62,NULL,NULL,9801695,5269918,0,0,1,1,NULL,bab31e94-6c0e-47cc-a587-dd6cd219de66,NULL
53279,423001,2019,10429," ","24' FLATBED WITH RACHET ONTO FREIGHLINER #4230"," "," ",4534,"2026-07-16 19:50:27",265,24981,0,45,1,0,1,0,0,0,0,0,0,0,0,NULL,NULL,699,0,423001,NULL,NULL,NA,NULL,NULL,NULL,NULL,0,0,0,0,NULL,7f94fe6e-a7a3-4ab1-8d43-d6f4fd5c0428,NULL
53280,462900,2008,10320,1436,"TRACKER 1436 JON BOAT W/TRAILER",BUJ63864C808," ",4331,"2026-07-16 19:50:28",265,25122,0,45,1,1,1,0,0,0,0,0,0,0,0,NULL,NULL,699,0,462900,NULL,NULL,WS8445HM,NULL,NULL,NULL,NULL,0,0,0,1,NULL,5f9032f8-1fc8-4635-bb0b-97b372255c99,NULL
53281,433400,2019,10429," ","525 GALLON TANK AND TRAILER"," ",1A9BU0821KT751102,4502,"2026-07-16 19:50:28",265,25089,0,45,1,1,1,0,0,0,0,0,0,0,0,NULL,NULL,699,0,433400,NULL,NULL,DXGC88,NULL,NULL,NULL,5194233,0,0,0,0,NULL,1be8d752-846d-4b4c-b46b-6857420d98d7,NULL
53282,112501,2022,10429," ","TEREX AMER HC80 - ROTEC BEARING REPAIR",AC3833," ",4514,"2026-07-16 19:50:28",265,25018,0,45,1,0,1,0,0,0,0,0,0,0,0,NULL,NULL,699,0,112501,NULL,NULL,NULL,NULL,NULL,NULL,NULL,0,0,0,0,NULL,d3c1ae8b-be2b-418c-a190-d138df60b278,NULL
53283,471100,2002,10309,BF15D3,"HONDA BF15D3 15HP MOTOR",BALJ-1002099," ",4294,"2026-07-16 19:50:29",265,25018,0,45,1,1,1,0,0,0,0,0,0,0,0,NULL,NULL,699,0,471100,NULL,NULL,,NULL,NULL,NULL,NULL,0,0,0,0,NULL,abf17bb0-7825-496d-b70e-a8171e1c7619,NULL
53284,471400,2002,10309,BF15A,"HONDA BF15A 15HP MOTOR",BAAS-1700690," ",4294,"2026-07-16 19:51:32",265,24981,0,45,1,1,1,0,0,0,0,0,0,0,0,NULL,NULL,699,0,471400,NULL,NULL,NA,NULL,NULL,NULL,NULL,0,0,0,0,NULL,77db00ba-a73b-41a9-9a4e-8015a2bcb8d1,NULL
53285,474200,2016,10429,BF40D2LHA,"BOAT MOTOR MODEL BF40D2LHA",BBDJ-1104329," ",4294,"2026-07-16 19:51:32",265,25018,0,45,1,1,1,0,0,0,0,0,0,0,0,NULL,NULL,699,0,474200,NULL,NULL,,NULL,NULL,NULL,NULL,0,0,0,0,NULL,c0c24552-6a49-4254-be96-a65635241556,NULL
53286,473600,2011,10309,"BF40D   DKLHA","HONDA 4-STROKE BOAT MOTOR",BBDJ1005648," ",4294,"2026-07-16 19:52:01",265,25044,0,45,1,1,1,0,0,0,0,0,0,0,0,NULL,NULL,699,0,473600,NULL,NULL,,NULL,NULL,NULL,NULL,0,0,0,0,NULL,f301515d-24f1-442e-aa84-44f8dfb9e15f,NULL
53287,473800,NULL,10309,BF40D2LHA,"HONDA 40HP BOAT MOTOR",651980," ",4294,"2026-07-16 19:52:02",265,25018,0,45,1,1,1,0,0,0,0,0,0,0,0,NULL,NULL,699,0,473800,NULL,NULL,,NULL,NULL,NULL,NULL,0,0,0,0,NULL,92e77e03-010a-4d77-bfaf-9bb1919a518a,NULL
53288,473900,2014,10309,BF40D2LHA,"HONDA 40HP BOAT MOTOR",BBD51104016," ",4294,"2026-07-16 19:52:02",265,25042,0,45,1,1,1,0,0,0,0,0,0,0,0,NULL,NULL,699,0,473900,NULL,NULL,,NULL,NULL,NULL,NULL,0,0,0,0,NULL,20183f0b-a839-4fd5-b21f-a2af8a44f404,NULL
53289,473700,NULL,10309,"BF40 DKLHA","HONDA 40HP BOAT MOTOR",BBDJ1100088," ",4294,"2026-07-16 19:52:03",265,25071,0,45,1,1,1,0,0,0,0,0,0,0,0,NULL,NULL,699,0,473700,NULL,NULL,,NULL,NULL,NULL,NULL,0,0,0,0,NULL,b851421f-6ccc-4f47-86e3-c7c7bbea9d05,NULL
53290,506100,NULL,10429," ","TANDAM AXEL 5TH WHEEL DOLLY"," "," ",4447,"2026-07-16 19:52:05",265,25018,0,45,1,0,1,0,0,0,0,0,0,0,0,NULL,NULL,699,0,506100,NULL,NULL,NULL,NULL,NULL,NULL,NULL,0,0,0,0,NULL,c29c3e81-cd82-4807-a53e-95dd435f0904,NULL
53291,509200,NULL,10429,"ERICKSON TRUCKING","SINGLE AXLE 5TH WHEEL DOLLY",8348," ",4447,"2026-07-16 19:52:05",265,25018,0,45,1,0,1,0,0,0,0,0,0,0,0,NULL,NULL,699,0,509200,NULL,NULL,NULL,NULL,NULL,NULL,NULL,0,0,0,0,NULL,871ba4ff-2046-4557-b0e6-4ba204c5cbc4,NULL
53292,509100,NULL,10429,"ERICKSON TRUCKING","SINGLE AXLE 5TH WHEEL DOLLY",5314," ",4447,"2026-07-16 19:52:42",265,25018,0,45,1,0,1,0,0,0,0,0,0,0,0,NULL,NULL,699,0,509100,NULL,NULL,NULL,NULL,NULL,NULL,NULL,0,0,0,0,NULL,33a29ddf-5426-4ce3-8200-4f3b31b8bf58,NULL
53293,508900,1999,10429," ","BIG O 5X8 UTILITY TRAILER"," ",1B9AX0819XP358283,4526,"2026-07-16 19:53:04",265,25122,0,45,1,1,1,0,0,0,0,0,0,0,0,NULL,NULL,699,0,508900,NULL,NULL,ADLJ557,NULL,NULL,NULL,NULL,0,0,0,0,NULL,7f7c5c66-9416-4074-a552-799c7a69157e,NULL
53294,542100,NULL,10429,"48"","SLAB GRABBER 48" (CAT330/336 OR RENTAL 316)"," "," ",4406,"2026-07-16 19:53:04",265,25018,0,45,1,1,1,0,0,0,0,0,0,0,0,NULL,NULL,699,0,542100,NULL,NULL,NULL,NULL,NULL,NULL,NULL,0,0,0,0,NULL,54cf5dc3-6804-4c38-b6cc-de8c81834ceb,NULL
53295,523700,2019,10314,950M,"CAT 950M LOADER",J1S03109," ",4480,"2026-07-16 19:53:05",265,24981,0,45,1,1,1,0,0,0,0,0,0,0,0,NULL,NULL,699,0,523700,NULL,NULL,DXGC92,NULL,NULL,10016601,NULL,0,0,0,1,NULL,9ae8ee14-ec3e-45b0-a1f2-2b2bf3a05ceb,NULL
53296,542500,2021,10429,"30 BD175PR","SLAB GRABBER 30" (CAT B-FAMILY)",C11351," ",4406,"2026-07-16 19:53:05",265,25122,0,45,1,1,1,0,0,0,0,0,0,0,0,NULL,NULL,699,0,542500,NULL,NULL,NULL,NULL,NULL,NULL,NULL,0,0,0,0,NULL,4a2188f2-18cd-4ec2-ab2a-640cf1c589be,NULL
53297,542200,NULL,10429,"40"","SLAB GRABBER 40" (CAT 330/336)"," "," ",4406,"2026-07-16 19:53:57",265,25018,0,45,1,1,1,0,0,0,0,0,0,0,0,NULL,NULL,699,0,542200,NULL,NULL,NULL,NULL,NULL,NULL,NULL,0,0,0,0,NULL,f5df2c56-a663-48a5-8daa-48a31cca83f4,NULL
53298,544400,2009,10429," ","BROOM/SWEEPER 72"",783722554," ",4316,"2026-07-16 19:53:58",265,25018,0,45,1,1,1,0,0,0,0,0,0,0,0,NULL,NULL,699,0,544400,NULL,NULL,NULL,NULL,NULL,NULL,NULL,0,0,0,0,NULL,22b5edba-d5dc-4a81-a201-56e893a10702,NULL
53299,542300,2021,10429,"30 BD175PR","SLAB GRABBER 30" (VOLVO EW210)",C11275," ",4406,"2026-07-16 19:53:58",265,25018,0,45,1,1,1,0,0,0,0,0,0,0,0,NULL,NULL,699,0,542300,NULL,NULL,NULL,NULL,NULL,NULL,NULL,0,0,0,0,NULL,cbe551c9-b0c0-4bc0-9dd1-509778228116,NULL
53300,546400,2021,10314,B336-30,"SLAB GRABBER 30" (CAT B-FAMILY)",C11947," ",4406,"2026-07-16 19:53:59",265,25122,0,45,1,1,1,0,0,0,0,0,0,0,0,NULL,NULL,699,0,546400,NULL,NULL,,NULL,NULL,NULL,NULL,0,0,0,0,NULL,7817a2a4-d8a7-40dd-8d0d-558ae4d513f3,NULL
53301,551302,2022,10429," ","CYLINDER RIPPER (D6N D6M D5H D5R)",BDRD6N03315," ",4525,"2026-07-16 19:54:27",265,24981,0,45,1,0,1,0,0,0,0,0,0,0,0,NULL,NULL,699,0,551302,NULL,NULL,NA,NULL,NULL,NULL,NULL,0,0,0,0,NULL,bf8a8059-faae-4530-ac96-99180fbc51ef,NULL
53302,551401,NULL,10429," ","CAT D6T2 D6R2 RIPPPER W/ 1 CYLINDER",BR112," ",4525,"2026-07-16 19:54:28",265,24982,0,45,1,0,1,0,0,0,0,0,0,0,0,NULL,NULL,699,0,551401,NULL,NULL,NA,NULL,NULL,NULL,NULL,0,0,0,0,NULL,0b66cb2d-3a07-4df8-b8e8-e650408d84c4,NULL
53303,553000,2010,10429," ","NORTHERN HAULER 7' X 14'"," ",5N6200F24A1030122,4526,"2026-07-16 19:54:28",265,25060,0,45,1,1,1,0,0,0,0,0,0,0,0,NULL,NULL,699,0,553000,NULL,NULL,XR95124,NULL,NULL,NULL,NULL,0,0,0,0,NULL,b80e218b-d4d2-4bef-a0a3-152a80a81064,NULL
53304,552600,2004,10429,"TITLE K22240S595","HAUL TANDEM AXLE TRAILER"," ",1GHPB142X4H122941,4408,"2026-07-16 19:54:28",265,25044,0,45,1,1,1,0,0,0,0,0,0,0,0,NULL,NULL,699,0,552600,NULL,NULL,XR92447,NULL,NULL,NULL,NULL,0,0,0,0,NULL,139a2de6-4129-4126-b2ac-7c81136e1595,NULL
53305,553100,2010,10429,"V&H INC PRENTICE","RAILROAD SERVICE CART (RF)",100," ",4478,"2026-07-16 19:54:57",265,25132,0,45,1,1,1,0,0,0,0,0,0,0,0,NULL,NULL,699,0,553100,NULL,NULL,NULL,NULL,NULL,NULL,NULL,0,0,1,0,NULL,abc25cf4-be9f-4d35-bfbe-1ae5538474d3,NULL
53306,553200,2010,10429,"V&H INC PRENTICE","RAILROAD SERVICE CART (RF)",.101," ",4478,"2026-07-16 19:56:07",265,25132,0,45,1,1,1,0,0,0,0,0,0,0,0,NULL,NULL,699,0,553200,NULL,NULL,NULL,NULL,NULL,NULL,NULL,0,0,1,0,NULL,3d9e1866-dd14-4b5e-8355-4979fbba4dbb,NULL
53307,553700,2011,10429," ","RAILROAD SERVICE CART",102," ",4478,"2026-07-16 19:56:07",265,25132,0,45,1,1,1,0,0,0,0,0,0,0,0,NULL,NULL,699,0,553700,NULL,NULL,NULL,NULL,NULL,NULL,NULL,0,0,0,0,NULL,068d5ae4-fb06-4bb4-bc58-2d48a077dad8,NULL
53308,554900,2014,10429," ","PACE JV 5X8 TRAILER ENCLOSED"," ",53BPTE817EA012844,4526,"2026-07-16 19:56:34",265,25018,0,45,1,1,1,0,0,0,0,0,0,0,0,NULL,NULL,699,0,554900,NULL,NULL,AR71877,NULL,NULL,NULL,NULL,0,0,0,0,NULL,c3257e41-0448-499c-9cf8-aec58e073517,NULL
53309,555100,2015,10315,120A-20,"BIG TEX TRAILER"," ",16VFX202XF2026979,4532,"2026-07-16 19:56:34",265,25129,0,45,1,1,1,0,0,0,0,0,0,0,0,NULL,NULL,699,0,555100,NULL,NULL,DXGC97,NULL,NULL,NULL,NULL,0,0,0,0,NULL,c5867ac1-52f6-46cb-9070-538e49e7ec17,NULL
53310,554700,2010,10429,80677101319,"ENCLOSED 14' TRAILER (TOTALLED)"," ",5LABE1424AM107547,4526,"2026-07-16 19:56:34",265,25045,0,45,1,1,1,0,0,0,0,0,0,0,0,NULL,NULL,699,0,554700,NULL,NULL,XR59367,NULL,NULL,NULL,NULL,0,0,0,0,NULL,93a8559b-5bba-49cb-a384-61a1095dff78,NULL
53311,555200,2015,10315,120A-20,"BIG TEX TRAILER"," ",16VFX202XF2026980,4532,"2026-07-16 19:56:35",265,25019,0,45,1,1,1,0,0,0,0,0,0,0,0,NULL,NULL,699,0,555200,NULL,NULL,DXGC98,NULL,NULL,NULL,NULL,0,0,0,0,NULL,8c89ae65-6c19-474f-8fd1-7a4fce704e04,NULL
53312,557000,2018,10429," ","BOX TRAILER 6' X 12' (RAFAEL IBARRA)"," ",5JWTC122XKN512907,4526,"2026-07-16 19:56:35",265,25089,0,45,1,1,1,0,0,0,0,0,0,0,0,NULL,NULL,699,0,557000,NULL,NULL,DTPK07,NULL,NULL,NULL,NULL,0,0,0,0,NULL,907cf0d9-3312-4f19-8207-40e50dd2734c,NULL
53313,556900,2018,10429," ","BOX TRAILER 6' X 12' - VALDEZ, RAMON"," ",5JWTC122XKN512910,4526,"2026-07-16 19:57:03",265,25089,0,45,1,1,1,0,0,0,0,0,0,0,0,NULL,NULL,699,0,556900,NULL,NULL,DTPK06,NULL,NULL,NULL,NULL,0,0,0,0,NULL,13f6a8c9-88e1-4580-ac61-71735b3f237d,NULL
53314,556600,2019,10429,14LX-14BK7SIRPD,"BIG TEX DUMP TRAILER (14,000 GVW)"," ",16VDX1428K5039539,4408,"2026-07-16 19:57:03",265,25064,0,45,1,1,1,0,0,0,0,0,0,0,0,NULL,NULL,699,0,556600,NULL,NULL,DTPK03,NULL,NULL,NULL,NULL,0,0,0,0,NULL,9a6e3844-588a-4395-8cfd-f2f1a64e6e87,NULL
53315,555000,2015,10315,120A-20,"BIG TEX TRAILER"," ",16VFX2028F2026978,4532,"2026-07-16 19:57:47",265,25089,0,45,1,1,1,0,0,0,0,0,0,0,0,NULL,NULL,699,0,555000,NULL,NULL,DXGC96,NULL,NULL,NULL,NULL,0,0,0,0,NULL,f0579a0d-91ee-492c-b589-ffd616d1b54a,NULL
53316,556300,2018,10429,14LX-12BK7SIRPD,"BIG TEX DUMP TRAILER (14,000 GVW)"," ",16VDX1223J5093252,4408,"2026-07-16 19:58:17",265,25089,0,45,1,1,1,0,0,0,0,0,0,0,0,NULL,NULL,699,0,556300,NULL,NULL,DTPK02,NULL,NULL,NULL,NULL,0,0,0,0,NULL,93b6964c-94d2-4dd1-8cc5-3762a3eb5d52,NULL
53317,556700,2018,10429,14LX-14BK7SIRPD,"BIG TEX DUMP TRAILER (14,000 GVW)"," ",16VDX1429J5026961,4408,"2026-07-16 19:58:17",265,25129,0,45,1,1,1,0,0,0,0,0,0,0,0,NULL,NULL,699,0,556700,NULL,NULL,DTPK04,NULL,NULL,NULL,NULL,0,0,0,0,NULL,21c4cde0-caf0-4486-8b3c-66d27a5579c4,NULL
53318,557100,2018,10429," ","BOX TRAILER 6' X 12' (CESAR TORRES)"," ",5JWTC1223KN512909,4526,"2026-07-16 19:58:17",265,25129,0,45,1,1,1,0,0,0,0,0,0,0,0,NULL,NULL,699,0,557100,NULL,NULL,EQJI58,NULL,NULL,NULL,NULL,0,0,0,0,NULL,cbe6a135-57c2-4819-a62a-f39dddd8cfe7,NULL
53319,555800,2016,10429," ","DECKOVER TRAILER 10,000#"," ",4P5F82021G1252981,4532,"2026-07-16 19:58:18",265,25122,0,45,1,1,1,0,0,0,0,0,0,0,0,NULL,NULL,699,0,555800,NULL,NULL,XR95125,NULL,NULL,NULL,NULL,0,0,0,0,NULL,ef38e18d-a891-4818-92df-a79bd1f921b2,NULL
53320,556200,2017,10429,14LX-12BK7SIRPD,"BIG TEX DUMP TRAILER (14,000 GVW)"," ",16VDX1220H5089301,4408,"2026-07-16 19:58:18",265,24981,0,45,1,1,1,0,0,0,0,0,0,0,0,NULL,NULL,699,0,556200,NULL,NULL,DTPK01,NULL,NULL,NULL,NULL,0,0,0,0,NULL,db206379-b290-4ec0-a548-5c03f5be3009,NULL
53321,557500,2019,10429," ","DECKOVER TRAILER 12,000# 20'"," ",5JWUF2020KN516677,4532,"2026-07-16 19:58:47",265,25031,0,45,1,1,1,0,0,0,0,0,0,0,0,NULL,NULL,699,0,557500,NULL,NULL,DR88735,NULL,NULL,NULL,NULL,0,0,0,0,NULL,3d06c1b4-5ffa-4f39-bb4e-ad0b8b641e8c,NULL
53322,556400,2017,10429," ","TRAILER 5X10"," ",533UF1022HC267784,4526,"2026-07-16 19:58:47",265,25019,0,45,1,1,1,0,0,0,0,0,0,0,0,NULL,NULL,699,0,556400,NULL,NULL,EQJI57,NULL,NULL,NULL,NULL,0,0,0,0,NULL,1d783131-3986-46db-9c0e-6f3d6c90358f,NULL
53323,557200,2019,10429," ","DORSEY 53' STEEL FLATBED TRAILER"," ",5JYFB6326LED16707,4486,"2026-07-16 19:59:16",265,25110,0,45,1,1,1,0,0,0,0,0,0,0,0,NULL,NULL,699,0,557200,NULL,NULL,772765,NULL,NULL,NULL,NULL,0,0,0,0,NULL,2c6db303-256c-41c1-ad81-892f3782dd8f,NULL
53324,585600,2010,10429," ","ABI HVR-100 VIBRATORY HAMMER (EXCAVATOR USE)",10120," ",4475,"2026-07-16 19:59:18",265,25042,0,45,1,1,1,0,0,0,0,0,0,0,0,NULL,NULL,699,0,585600,NULL,NULL,,NULL,NULL,9890448,NULL,0,0,0,1,NULL,2108c03a-3b2b-4218-ab81-4c2a66e57cce,NULL
53325,558800,2014,10429," ","48' x 102" FLATBED TRAILER"," ",5MC124816E5144164,4486,"2026-07-16 19:59:18",265,25122,0,45,1,1,1,0,0,0,0,0,0,0,0,NULL,NULL,699,0,558800,NULL,NULL,781021,NULL,NULL,NULL,NULL,0,0,0,0,NULL,df3968e1-5c6c-4af4-af1e-a971d40a8c46,NULL
53326,587401,NULL,10429,"FOR SKIDSTEER OR EXC","UTILITY TORK TRANSDUCER"," "," ",4314,"2026-07-16 19:59:57",265,25018,0,45,1,0,1,0,0,0,0,0,0,0,0,NULL,NULL,699,0,587401,NULL,NULL,NULL,NULL,NULL,NULL,NULL,0,0,0,0,NULL,b20acc03-5936-4550-be44-f344cc8e4761,NULL
53327,587300,2013,10429," ","AQ-3 ROCK CUTTING ATTACHMENT",," ",4550,"2026-07-16 19:59:58",265,25018,0,45,1,1,1,0,0,0,0,0,0,0,0,NULL,NULL,699,0,587300,NULL,NULL,,NULL,NULL,NULL,NULL,0,0,0,0,NULL,daea36ca-4b11-487f-8a07-cf6b7acf2fbc,NULL
53328,586300,2011,10429," ","HAMMER-ATLAS COPCO SB152",002792," ",4550,"2026-07-16 19:59:59",265,25018,0,45,1,1,1,0,0,0,0,0,0,0,0,NULL,NULL,699,0,586300,NULL,NULL,,NULL,NULL,NULL,NULL,0,0,0,0,NULL,6dded1a7-664b-444e-a75e-8a831427fbfb,NULL
53329,596600,2002,10429," ","INGERSOLL-RAND 375 AIR COMPRES",323899UHL414P375WJD/2002," ",4347,"2026-07-16 19:59:59",265,24981,0,45,1,1,1,0,0,0,0,0,0,0,0,NULL,NULL,699,0,596600,NULL,NULL,DTPK15,NULL,NULL,10023701,NULL,0,0,0,0,NULL,17a803d2-4735-4993-b5b3-2be83ecc65e4,NULL
53330,587400,NULL,10429,"FOR SKIDSTEER OR EXC","TIE BACK AUGER FOR CAT308-5849"," "," ",4314,"2026-07-16 20:00:00",265,25018,0,45,1,1,1,0,0,0,0,0,0,0,0,NULL,NULL,699,0,587400,NULL,NULL,NULL,NULL,NULL,NULL,NULL,0,0,0,0,NULL,140a7f2b-12cd-435c-9040-d8b00f6a797a,NULL
53331,598200,2012,10429,"XAS185AP JD7","ATLAS COPCO 185 AIR COMPRESSOR"," ",4500A1018CR040229,4349,"2026-07-16 20:00:27",265,25122,0,45,1,1,1,0,0,0,0,0,0,0,0,NULL,NULL,699,0,598200,NULL,NULL,NULL,NULL,NULL,10023802,NULL,0,0,0,0,NULL,97a32559-3b27-45ac-b04a-b92ba465c5a3,NULL
53332,597400,2010,10429," ","ATLAS COPCO 185 AIR COMPRESSOR"," ",4500A10129R032362,4349,"2026-07-16 20:01:27",265,25042,0,45,1,1,1,0,0,0,0,0,0,0,0,NULL,NULL,699,0,597400,NULL,NULL,,NULL,NULL,10022294,NULL,0,0,0,0,NULL,986bdcc0-e6fa-4b24-9c32-8acdebb86a7f,NULL
53333,597100,2010,10429," ","ATLAS COPCO 185 AIR COMPRESSOR"," ",4500A10149R032363,4349,"2026-07-16 20:01:27",265,25018,0,45,1,1,1,0,0,0,0,0,0,0,0,NULL,NULL,699,0,597100,NULL,NULL,NULL,NULL,NULL,10023703,NULL,0,0,0,0,NULL,b33e8e81-de34-4ff9-aeb1-b414a7222b3b,NULL
53334,598300,2012,10429,"XAS185AQ JD7","ATLAS COPCO 185 AIR COMPRESSOR"," ",4500A1014CR040230,4349,"2026-07-16 20:01:27",265,25018,0,45,1,1,1,0,0,0,0,0,0,0,0,NULL,NULL,699,0,598300,NULL,NULL,NULL,NULL,NULL,10023829,NULL,0,0,0,0,NULL,4771137b-bb91-4650-af2e-e3f4be688628,NULL
53335,597200,2010,10429," ","ATLAS COPCO 185 AIR COMPRESSOR"," ",4500A10199R032360,4349,"2026-07-16 20:01:56",265,25107,0,45,1,1,1,0,0,0,0,0,0,0,0,NULL,NULL,699,0,597200,NULL,NULL,,NULL,NULL,10023735,NULL,0,0,0,0,NULL,a0b2e40d-f3bc-4db9-85ce-bc4b0443dad2,NULL
53336,598100,2012,10429,"XAS185AO JD7","ATLAS COPCO 185 AIR COMPRESSOR"," ",4500A1016CR040228,4349,"2026-07-16 20:01:57",265,25018,0,45,1,1,1,0,0,0,0,0,0,0,0,NULL,NULL,699,0,598100,NULL,NULL,NULL,NULL,NULL,9802345,NULL,0,0,0,0,NULL,f18aadf2-40dd-4729-a5f5-393e78831650,NULL
53337,599000,2015,10429,XAS185BZ,"ATLAS COPCO 185 AIR COMPRESSOR",HOP048756," ",4349,"2026-07-16 20:01:57",265,25045,0,45,1,1,1,0,0,0,0,0,0,0,0,NULL,NULL,699,0,599000,NULL,NULL,NULL,NULL,NULL,10023927,NULL,0,0,0,0,NULL,6e234993-41e8-4e74-a084-67286362fc53,NULL
53338,599200,2015,10429,XAS185BZ,"ATLAS COPCO 185 AIR COMPRESSOR","HOP048757 // TRLR 4500A1013ER048757"," ",4349,"2026-07-16 20:01:58",265,25074,0,45,1,1,1,0,0,0,0,0,0,0,0,NULL,NULL,699,0,599200,NULL,NULL,,NULL,NULL,10022285,NULL,0,0,0,0,NULL,b934bea6-c5f5-4537-87a1-855da8895813,NULL
53339,598700,2014,10429,XAS185JD7,"ATLAS COPCO 185 AIR COMPRESSOR",HOP044571," ",4349,"2026-07-16 20:01:58",265,25018,0,45,1,1,1,0,0,0,0,0,0,0,0,NULL,NULL,699,0,598700,NULL,NULL,,NULL,NULL,10023924,NULL,0,0,0,0,NULL,649c246a-7e6c-4ac3-9f02-1df623dd2f70,NULL
53340,597700,2010,10429," ","ATLAS COPCO 185 AIR COMPRESSOR",HOP033273/4500A1012AR033273," ",4349,"2026-07-16 20:01:58",265,25018,0,45,1,1,1,0,0,0,0,0,0,0,0,NULL,NULL,699,0,597700,NULL,NULL,NULL,NULL,NULL,10023768,NULL,0,0,0,0,NULL,e07cd2b9-577f-47d1-95e1-174952c6e7fa,NULL
53341,598800,2014,10429,XAS185JD7,"ATLAS COPCO 185 AIR COMPRESSOR","HOP044570 // TRLR 4500A1012DR044570"," ",4349,"2026-07-16 20:02:32",265,25018,0,45,1,1,1,0,0,0,0,0,0,0,0,NULL,NULL,699,0,598800,NULL,NULL,NULL,NULL,NULL,10023926,NULL,0,0,0,0,NULL,53f0b227-a30d-48c6-9b8c-61446059a1ed,NULL
53342,598400,2014,10429,XAS185AR,"ATLAS COPCO 185 AIR COMPRESSOR"," ",4500A1016CR040231,4349,"2026-07-16 20:02:32",265,25025,0,45,1,1,1,0,0,0,0,0,0,0,0,NULL,NULL,699,0,598400,NULL,NULL,,NULL,NULL,10022842,NULL,0,0,0,0,NULL,d9c1ef30-88c9-4971-9fae-4498f748f6f7,NULL
53343,598000,2012,10429,"XAS185AN JD7","ATLAS COPCO 185 AIR COMPRESSOR"," ",4500A1017BR035554,4349,"2026-07-16 20:03:02",265,25018,0,45,1,1,1,0,0,0,0,0,0,0,0,NULL,NULL,699,0,598000,NULL,NULL,NULL,NULL,NULL,9802341,NULL,0,0,0,0,NULL,df040eff-8b24-47d8-af72-dbdf8f36cbe0,NULL
53344,616300,NULL,10429," ","TENNANT POWER SWEEPER",2154727," ",4525,"2026-07-16 20:03:02",265,25018,0,45,1,0,1,0,0,0,0,0,0,0,0,NULL,NULL,699,0,616300,NULL,NULL,NULL,NULL,NULL,NULL,NULL,0,0,0,0,NULL,d2ca1398-3267-4ed7-b717-6bb7512af31d,NULL
53345,599500,2018,10351,XAS185,"ATLAS COPCO 185 AIR COMPRESSOR","4500A1014JR057557 / HOP057557"," ",4349,"2026-07-16 20:03:44",265,25129,0,45,1,1,1,0,0,0,0,0,0,0,0,NULL,NULL,699,0,599500,NULL,NULL,DTPK17,NULL,NULL,10009735,NULL,0,0,0,0,NULL,e318d34c-90be-4763-8cad-50f294e72847,NULL
53346,597600,2010,10429," ","ATLAS COPCO 185 AIR COMPRESSOR","HOP033702 / 4500A101XAR033702"," ",4349,"2026-07-16 20:03:45",265,25042,0,45,1,1,1,0,0,0,0,0,0,0,0,NULL,NULL,699,0,597600,NULL,NULL,,NULL,NULL,10022295,NULL,0,0,0,0,NULL,2ad3d9c8-5057-4936-b606-ec52215695b0,NULL
53347,659700,NULL,10429," ","DELMAG D14-42 PILE HAMMER",9100," ",4289,"2026-07-16 20:04:12",265,25018,0,45,1,1,1,0,0,0,0,0,0,0,0,NULL,NULL,699,0,659700,NULL,NULL,NULL,NULL,NULL,NULL,NULL,0,0,0,1,NULL,eba681bb-c55f-4941-bd47-7b960f84f637,NULL
53348,660500,2002,10429," ","DELMAG D19-42 DIESEL PILE HMMR",916," ",4289,"2026-07-16 20:04:13",265,25122,0,45,1,1,1,0,0,0,0,0,0,0,0,NULL,NULL,699,0,660500,NULL,NULL,NULL,NULL,NULL,9890686,NULL,0,0,0,1,NULL,987db0b1-4803-4859-b03e-53400af2524f,NULL
53349,659300,1995,10429," ","MKT V5C VIB EXTRACTOR W/REMOTE",950201E/P," ",4311,"2026-07-16 20:04:14",265,25122,0,45,1,1,1,0,0,0,0,0,0,0,0,NULL,NULL,699,0,659300,NULL,NULL,NULL,NULL,NULL,10023930,NULL,0,0,0,1,NULL,caac4122-b260-473e-b8d0-9c96a85fa3ed,NULL
53350,658300,NULL,10429," ","2000 LB DROP HAMMER W/LEADS",REBUILT," ",4525,"2026-07-16 20:04:14",265,25018,0,45,1,1,1,0,0,0,0,0,0,0,0,NULL,NULL,699,0,658300,NULL,NULL,NULL,NULL,NULL,NULL,NULL,0,0,0,0,NULL,198e495f-9490-4f9a-be36-f28c3a6aff73,NULL
53351,659900,NULL,10429," ","JUNTTAN HHK7a HAMMER W/LEADS",000801," ",4378,"2026-07-16 20:04:15",265,25018,0,45,1,1,1,0,0,0,0,0,0,0,0,NULL,NULL,699,0,659900,NULL,NULL,NULL,NULL,NULL,10027978,NULL,0,0,0,1,NULL,3d5a5489-6d0a-4cba-9f62-4eb4239907ed,NULL
53352,659500,1995,10429," ","DELMAG D12-32 PILE HAMMER",8385," ",4425,"2026-07-16 20:04:42",265,25018,0,45,1,1,1,0,0,0,0,0,0,0,0,NULL,NULL,699,0,659500,NULL,NULL,NULL,NULL,NULL,NULL,NULL,0,0,0,1,NULL,95fd4711-5fb2-43cd-92cb-8fc8211a4288,NULL
53353,659800,2001,10429," ","DELMAG D30-32 DIESEL PILE HMMR",7568," ",4529,"2026-07-16 20:04:43",265,25018,0,45,1,1,1,0,0,0,0,0,0,0,0,NULL,NULL,699,0,659800,NULL,NULL,NULL,NULL,NULL,9890645,NULL,0,0,0,1,NULL,c20b9183-db45-481e-905e-6cde6c43164f,NULL
53354,656100,NULL,10429," ","UNITED 5000 LB DROP HAMMER"," "," ",4525,"2026-07-16 20:04:44",265,25018,0,45,1,1,1,0,0,0,0,0,0,0,0,NULL,NULL,699,0,656100,NULL,NULL,NULL,NULL,NULL,NULL,NULL,0,0,0,0,NULL,0ff2ec4f-bccf-472d-934f-571640176002,NULL
53355,659801,NULL,10429," ","PILE HAMMER LEADS 8"X27" HEAVY DUTY WITH CHANNEL GUIDES",P27-40T-0217," ",4529,"2026-07-16 20:05:59",265,25018,0,45,1,0,1,0,0,0,0,0,0,0,0,NULL,NULL,699,0,659801,NULL,NULL,NULL,NULL,NULL,NULL,NULL,0,0,0,0,NULL,1ca59a4a-0d4d-4ed1-9847-951e0441d6d8,NULL
53356,659301,1995,10429," ","ROUND PILE ATTACHMENT",830408PC," ",4525,"2026-07-16 20:05:59",265,25018,0,45,1,0,1,0,0,0,0,0,0,0,0,NULL,NULL,699,0,659301,NULL,NULL,NULL,NULL,NULL,NULL,NULL,0,0,0,0,NULL,34d6fb24-6888-443d-88ce-01f38907a9a6,NULL
53357,660400,2002,10429,"PRIM CAP SN HS-P26-0","DELMAG D30-32 DIESEL PILE HMMR",7581," ",4529,"2026-07-16 20:06:27",265,25018,0,45,1,1,1,0,0,0,0,0,0,0,0,NULL,NULL,699,0,660400,NULL,NULL,,NULL,NULL,NULL,NULL,0,0,0,1,NULL,863a1d76-0b22-4707-ba26-8654a5b186b9,NULL
53358,661400,2012,10429," ","DELMAG D30-32  PILE HAMMER",7693K," ",4529,"2026-07-16 20:06:28",265,25018,0,45,1,1,1,0,0,0,0,0,0,0,0,NULL,NULL,699,0,661400,NULL,NULL,NULL,NULL,NULL,NULL,NULL,0,0,0,1,NULL,6c67d3b4-932f-4ea5-bba9-fda6e593a816,NULL
53359,661000,2011,10429," ","MKT V52 VIBRATORY EXCITER (Power Unit Shared w/ 6625)",090101E/P," ",4445,"2026-07-16 20:06:29",265,25018,0,45,1,0,1,0,0,0,0,0,0,0,0,NULL,NULL,699,0,661000,NULL,NULL,,NULL,NULL,10028184,5282273,0,0,0,1,NULL,b79d3d2e-626d-4ba5-8614-2e2beb29b26e,NULL
53360,660600,NULL,10429," ","FET ST100 LEADS/APE SPOTTER"," "," ",4529,"2026-07-16 20:06:30",265,25018,0,45,1,1,1,0,0,0,0,0,0,0,0,NULL,NULL,699,0,660600,NULL,NULL,NULL,NULL,NULL,NULL,NULL,0,0,0,1,NULL,08f5d658-24a5-458b-b456-3c65bc9a0863,NULL
53361,661200,2012,10429," ","26HS VIBRO DRIVER/EXTRACTOR",092908E/P," ",4322,"2026-07-16 20:06:31",265,25122,0,45,1,1,1,0,0,0,0,0,0,0,0,NULL,NULL,699,0,661200,NULL,NULL,NULL,NULL,NULL,10023933,5282796,0,0,0,1,NULL,97d11cea-b4dd-4002-b597-fef208cb746f,NULL
53362,661002,2021,10429," ","REBUILD OF MKT V52 VIBRATORY EXCITER",090101E/P," ",4445,"2026-07-16 20:06:32",265,25018,0,45,1,0,1,0,0,0,0,0,0,0,0,NULL,NULL,699,0,661002,NULL,NULL,NULL,NULL,NULL,NULL,NULL,0,0,0,0,NULL,f74e6300-297c-4737-b956-0a0b2eb993eb,NULL
53363,661300,2012,10429," ","DELMAG D19-42 PILE HAMMER",1044K," ",4289,"2026-07-16 20:06:57",265,25122,0,45,1,1,1,0,0,0,0,0,0,0,0,NULL,NULL,699,0,661300,NULL,NULL,NULL,NULL,NULL,NULL,NULL,0,0,0,1,NULL,68e71f51-45aa-4962-a5d2-c1bed449c83f,NULL
53364,661001,2011,10429," ","REBUILD OF MKT V52 VIBRATORY EXCITER",090101E/P," ",4445,"2026-07-16 20:06:57",265,25018,0,45,1,0,1,0,0,0,0,0,0,0,0,NULL,NULL,699,0,661001,NULL,NULL,NULL,NULL,NULL,NULL,NULL,0,0,0,0,NULL,96befcec-cb63-42da-b794-e71c65296836,NULL
53365,661003,2023,10429," ","REBUILD MKT V52 HYDRAULIC COMPONENTS",090101E/P," ",4445,"2026-07-16 20:06:58",265,25018,0,45,1,0,1,0,0,0,0,0,0,0,0,NULL,NULL,699,0,661003,NULL,NULL,NULL,NULL,NULL,NULL,NULL,0,0,0,0,NULL,c59926d3-d228-4496-b17a-33d809603dac,NULL
53366,661900,NULL,10358,D25-32,"DELMAG D25-32 DSL PILE HAMMER (WAS #660700)",3503," ",4529,"2026-07-16 20:06:58",265,25067,0,45,1,1,1,0,0,0,0,0,0,0,0,NULL,NULL,699,0,661900,NULL,NULL,,NULL,NULL,9890723,NULL,0,0,0,1,NULL,2b2d60b1-a7c4-40b7-93e4-a6eb471495ca,NULL
53367,661301,2018,10429," ","DELMAG D19 8" X 21" HD LEADS (TUBULAR SWING)",1044K," ",4289,"2026-07-16 20:08:03",265,25018,0,45,1,0,1,0,0,0,0,0,0,0,0,NULL,NULL,699,0,661301,NULL,NULL,NULL,NULL,NULL,NULL,NULL,0,0,0,0,NULL,76928f12-985c-476f-863e-600bbaa0d82f,NULL
53368,661600,2014,10429," ","MKT V5Esc VIBRATORY EXCITER (SIDE CLAMP SYSTEM)",140601E/140603P," ",4311,"2026-07-16 20:08:32",265,25122,0,45,1,1,1,0,0,0,0,0,0,0,0,NULL,NULL,699,0,661600,NULL,NULL,NULL,NULL,NULL,10028890,5282883,0,0,0,1,NULL,df2ab6b2-0b6a-4794-a008-e3b7cb7d2a10,NULL
53369,667100,2002,10429," ","STEEL BARGE-2 SECTION (8X40)",," ",4513,"2026-07-16 20:08:32",265,25136,0,45,1,1,1,0,0,0,0,0,0,0,0,NULL,NULL,699,0,667100,NULL,NULL,,NULL,NULL,NULL,NULL,0,0,0,1,NULL,4797c96f-43ad-4586-ba4d-e3940bc87083,NULL
53370,669201,2023,10429,CLYDESDALE,"TUGBOAT GENSETS (2) "MISS KARA" AND UPFIT",," ",4471,"2026-07-16 20:08:33",265,25136,0,45,1,1,1,0,0,0,0,0,0,0,0,NULL,NULL,699,0,669201,NULL,NULL,,NULL,NULL,NULL,NULL,0,0,0,0,NULL,12a1f689-a45b-489e-a6af-415d97c7314f,NULL
53371,669001,2002,10429," ","TUGBOAT REPAIRS EKS-VI TWINSCREW 360HP","IBW 192"," ",4471,"2026-07-16 20:08:34",265,25018,0,45,1,1,1,0,0,0,0,0,0,0,0,NULL,NULL,699,0,669001,NULL,NULL,,NULL,NULL,NULL,NULL,0,0,0,0,NULL,ccda7086-5349-4333-8d25-d8edb5c62c24,NULL
53372,668900,2004,10429," ","WORK BARGE-36" X 8' X 40'",," ",4513,"2026-07-16 20:08:35",265,25026,0,45,1,1,1,0,0,0,0,0,0,0,0,NULL,NULL,699,0,668900,NULL,NULL,,NULL,NULL,NULL,NULL,0,0,0,1,NULL,383c0660-0042-40d0-b34f-9229cc0337b2,NULL
53373,669301,1978,10429," ","TUGBOAT GENSETS (2) "MISS KARA PATRICIA"",," ",4303,"2026-07-16 20:08:36",265,25025,0,45,1,1,1,0,0,0,0,0,0,0,0,NULL,NULL,699,0,669301,NULL,NULL,,NULL,NULL,10012558,5271943,0,0,0,0,NULL,c6c902f8-6e7e-49d1-84df-6f039215587f,NULL
53374,668600,NULL,10429," ","WORK BARGES-EKS 10X7.5x2 (2)"," "," ",4513,"2026-07-16 20:09:02",265,25018,0,45,1,1,1,0,0,0,0,0,0,0,0,NULL,NULL,699,0,668600,NULL,NULL,NULL,NULL,NULL,NULL,NULL,0,0,0,1,NULL,c9c81d7c-b4de-4440-b590-4a230a2bae57,NULL
53375,669300,1978,10429," ","TUGBOAT "MISS KARA PATRICIA" (EKS OWNED) 56.7 LENGTH",," ",4303,"2026-07-16 20:09:02",265,25025,0,45,1,1,1,0,0,0,0,0,0,0,0,NULL,NULL,699,0,669300,NULL,NULL,TBD,NULL,NULL,10012555,5271942,0,0,1,1,NULL,d97cb364-bf55-4b6a-a328-dd95366ed6e4,NULL
53376,670500,NULL,10429," ","CRANE BARGE-EKS 40 X 80",," ",4374,"2026-07-16 20:09:52",265,25042,0,45,1,1,1,0,0,0,0,0,0,0,0,NULL,NULL,699,0,670500,NULL,NULL,,NULL,NULL,NULL,NULL,0,0,0,1,NULL,f34412b7-9369-4afe-97ac-8be5bde26cc6,NULL
53377,670800,NULL,10429," ","WORK BARGE-EKS 16X40-2 SECTION",," ",4513,"2026-07-16 20:09:52",265,25042,0,45,1,1,1,0,0,0,0,0,0,0,0,NULL,NULL,699,0,670800,NULL,NULL,,NULL,NULL,NULL,NULL,0,0,0,1,NULL,b9191bf1-1bbf-4a69-b30e-526f7e9ab42b,NULL
53378,672800,1973,10429," ","TUGBOAT EKS-I W/GM 6-71 DIESEL",6AO-358616," ",4402,"2026-07-16 20:10:22",265,25018,0,45,1,1,1,0,0,0,0,0,0,0,0,NULL,NULL,699,0,672800,NULL,NULL,WS4126FL,NULL,NULL,10024970,NULL,0,0,0,1,NULL,e9ce7ea0-407f-4813-bc92-e6c7c195f161,NULL
53379,671100,1975,10429," ","WORK BARGE-EKS 16X40-2 SECTION"," "," ",4513,"2026-07-16 20:10:23",265,25025,0,45,1,1,1,0,0,0,0,0,0,0,0,NULL,NULL,699,0,671100,NULL,NULL,NULL,NULL,NULL,NULL,NULL,0,0,0,1,NULL,c5122d57-4599-432b-a864-db3900b5507f,NULL
53380,669200,2016,10429,CLYDESDALE,"TUGBOAT "MISS KARA" (EKS OWNED) 25'-3" x 14'X5' HULL NO 293",MI02930316," ",4471,"2026-07-16 20:10:23",265,25136,0,45,1,1,1,0,0,0,0,0,0,0,0,NULL,NULL,699,0,669200,NULL,NULL,WS1000WC,NULL,NULL,10002261,5264018,0,0,0,1,NULL,77978c91-eed1-43cc-9e80-06a23219ac5e,NULL
53381,669100,NULL,10429," ","T-714 WORK BOAT"," "," ",4402,"2026-07-16 20:10:23",265,25018,0,45,1,1,1,0,0,0,0,0,0,0,0,NULL,NULL,699,0,669100,NULL,NULL,NA,NULL,NULL,9802407,NULL,0,0,0,1,NULL,4815c25c-d17a-43e6-91d7-8c3769183eaa,NULL
53382,669000,2002,10429," ","TUGBOAT EKS-VI TWINSCREW 360HP","IBW 192"," ",4471,"2026-07-16 20:10:24",265,25018,0,45,1,1,1,0,0,0,0,0,0,0,0,NULL,NULL,699,0,669000,NULL,NULL,1233053,NULL,NULL,9802402,5141350,0,0,0,1,NULL,0ca187b7-b1d9-4dea-bbbd-e2dfb9a140c6,NULL
53383,672900,1975,10429," ","TUGBOAT EKS-II W/GM 6-71 DIESEL",6A358692," ",4402,"2026-07-16 20:10:24",265,25136,0,45,1,1,1,0,0,0,0,0,0,0,0,NULL,NULL,699,0,672900,NULL,NULL,WS4124FL,NULL,NULL,10022657,NULL,0,0,0,1,NULL,a32577d4-eb9c-40ac-a8ff-d8962e8fd6b6,NULL
53384,670300,NULL,10429," ","CRANE BARGE-EKS 50 X 80",," ",4317,"2026-07-16 20:10:25",265,25042,0,45,1,1,1,0,0,0,0,0,0,0,0,NULL,NULL,699,0,670300,NULL,NULL,,NULL,NULL,NULL,NULL,0,0,0,1,NULL,4869c722-a283-4f11-84bf-486c10b93f42,NULL
53385,674500,1977,10429," ","TUGBOAT EKS-III W/GM 6-71 DIESEL",6A382993," ",4402,"2026-07-16 20:10:52",265,25008,0,45,1,1,1,0,0,0,0,0,0,0,0,NULL,NULL,699,0,674500,NULL,NULL,WS4125FL,NULL,NULL,10022415,NULL,0,0,0,1,NULL,4fccc21c-9e94-4bec-8f4d-4d673d366699,NULL
53386,674800,1980,10429," ","TUGBOAT EKS-V W/GM 6-71 DIESEL",6A439002/WSZ264290890," ",4402,"2026-07-16 20:10:52",265,25018,0,45,1,1,1,0,0,0,0,0,0,0,0,NULL,NULL,699,0,674800,NULL,NULL,WS4127FL,NULL,NULL,9802440,NULL,0,0,0,1,NULL,23fa49cb-4f53-45a1-971d-55c4d17f2760,NULL
53387,674600,1980,10429," ","TUGBOAT EKS-IV W/GM 6-71 DIESEL",WSZ264300890," ",4402,"2026-07-16 20:10:53",265,25018,0,45,1,1,1,0,0,0,0,0,0,0,0,NULL,NULL,699,0,674600,NULL,NULL,WS4128FL,NULL,NULL,10024971,NULL,0,0,0,1,NULL,54b41f2e-7cc3-40b6-9134-786b9e1c99a7,NULL
53388,674900,1985,10429," ","WORK BARGE-EKS 12 X 20",," ",4513,"2026-07-16 20:11:43",265,25067,0,45,1,1,1,0,0,0,0,0,0,0,0,NULL,NULL,699,0,674900,NULL,NULL,,NULL,NULL,NULL,NULL,0,0,0,1,NULL,b470c0e1-90e2-4954-a479-3da5da3ab3cc,NULL
53389,674700,NULL,10429," ","CRANE BARGE-EKS 60 X 60"," "," ",4321,"2026-07-16 20:11:43",265,25122,0,45,1,1,1,0,0,0,0,0,0,0,0,NULL,NULL,699,0,674700,NULL,NULL,NULL,NULL,NULL,NULL,NULL,0,0,0,1,NULL,7225e36e-99dd-4737-b574-16e3ce4562c7,NULL
53390,684300,2012,10429,G18-43,"LIGHT TOWER WACKER","20091085; 5XFLN051XCN000252"," ",4468,"2026-07-16 20:12:12",265,24981,0,45,1,1,1,0,0,0,0,0,0,0,0,NULL,NULL,699,0,684300,NULL,NULL,DTPK26,NULL,NULL,10023954,NULL,0,0,0,0,NULL,afb33ec8-6f4b-40e6-b5db-f4430ff24bb3,NULL
53391,684700,2012,10429,G18-44,"LIGHT TOWER WACKER (JUNK)",20091105," ",4468,"2026-07-16 20:12:12",265,24981,0,45,1,0,1,0,0,0,0,0,0,0,0,NULL,NULL,699,0,684700,NULL,NULL,NA,NULL,NULL,NULL,NULL,0,0,0,0,NULL,b8d2ab6b-3ca5-410c-9333-1fc1489faeae,NULL
53392,684200,2005,10429," ","MAGNUM MLT4060 LIGHT PLANT","057126 / 5AJLS16165B004126"," ",4468,"2026-07-16 20:12:13",265,24981,0,45,1,1,1,0,0,0,0,0,0,0,0,NULL,NULL,699,0,684200,NULL,NULL,DTPK25,NULL,NULL,9802445,NULL,0,0,1,0,NULL,c68642f0-6f09-4ad8-93e3-6fbf31ec0b72,NULL
53393,691100,2018,10429,MLT6SMD,"MLT6SMD LIGHT TOWER - AUTO START","3002931751 / 7FSBL1014JB931751"," ",4393,"2026-07-16 20:12:13",265,25089,0,45,1,1,1,0,0,0,0,0,0,0,0,NULL,NULL,699,0,691100,NULL,NULL,DTPK38,NULL,NULL,9802514,NULL,0,0,0,0,NULL,c45b22ec-df33-47aa-a35b-fc6e595d2c03,NULL
53394,682700,2002,10429," ","GENERATOR 200-239KW ATLAS COPCO","00380407 / 16MPF12281D029086"," ",4495,"2026-07-16 20:12:14",265,24981,0,45,1,1,1,0,0,0,0,0,0,0,0,NULL,NULL,699,0,682700,NULL,NULL,NA,NULL,NULL,10023935,NULL,0,0,0,0,NULL,bfddbf0b-dc04-433b-864c-94baadfc720d,NULL
53395,683700,2006,10429,MLT3060,"MAGNUM MLT3060 LIGHT PLANT 06","065763 / 5AJLS16106B006763"," ",4468,"2026-07-16 20:12:14",265,25018,0,45,1,1,1,0,0,0,0,0,0,0,0,NULL,NULL,699,0,683700,NULL,NULL,NULL,NULL,NULL,9802443,NULL,0,0,0,0,NULL,57b18eb7-e5da-4509-aabd-a6b4b4909dc1,NULL
53396,691600,2018,10429,MLT6SMD,"MLT6SMD LIGHT TOWER - AUTO START","3002931752 / 7FSBL1016JB931752"," ",4393,"2026-07-16 20:12:42",265,24981,0,45,1,1,1,0,0,0,0,0,0,0,0,NULL,NULL,699,0,691600,NULL,NULL,DTPK39,NULL,NULL,9802524,NULL,0,0,0,0,NULL,38fe1a74-99bc-4c58-858d-e99248c3d098,NULL
53397,692400,2025,10429," ","CAMERA/SECURITY TRAILER w/ Full 360 PTZ Camera",TTI164013," ",4473,"2026-07-16 20:12:42",265,25089,0,45,1,1,1,0,0,0,0,0,0,0,0,NULL,NULL,699,0,692400,NULL,NULL,NA,NULL,NULL,NULL,NULL,0,0,0,0,NULL,c8ef47a4-5833-45a0-bc36-2ce8d8dc2bbf,NULL
53398,692600,2025,10429," ","CAMERA/SECURITY TRAILER w/ Full 360 PTZ Camera",TTI164015," ",4473,"2026-07-16 20:12:43",265,25089,0,45,1,1,1,0,0,0,0,0,0,0,0,NULL,NULL,699,0,692600,NULL,NULL,NA,NULL,NULL,NULL,NULL,0,0,0,0,NULL,a5659d7f-25a4-4f1d-a311-52fd137a6feb,NULL
53399,693900,2026,10429," ","CAMERA/SECURITY TRAILER w/ Full 360 PTZ Camera",TTI164033," ",4473,"2026-07-16 20:13:12",265,25125,0,45,1,1,1,0,0,0,0,0,0,0,0,NULL,NULL,699,0,693900,NULL,NULL,NA,NULL,NULL,NULL,NULL,0,0,0,0,NULL,a9dbb6d3-da0f-4bf4-949b-7d3850cb8da8,NULL
53400,693800,2026,10429," ","CAMERA/SECURITY TRAILER w/ Full 360 PTZ Camera",TTI164032," ",4473,"2026-07-16 20:13:13",265,25125,0,45,1,1,1,0,0,0,0,0,0,0,0,NULL,NULL,699,0,693800,NULL,NULL,NA,NULL,NULL,NULL,NULL,0,0,0,0,NULL,ed388a91-aa69-492d-acaa-c4f5c5bb04b4,NULL
53401,693400,2026,10429," ","CAMERA/SECURITY TRAILER w/ Full 360 PTZ Camera",TTI164028," ",4473,"2026-07-16 20:13:14",265,24980,0,45,1,1,1,0,0,0,0,0,0,0,0,NULL,NULL,699,0,693400,NULL,NULL,NA,NULL,NULL,NULL,NULL,0,0,0,0,NULL,c065b161-02b1-4f6c-b412-3452654ca303,NULL
53402,692100,2025,10429," ","CAMERA/SECURITY TRAILER w/ Full 360 PTZ Camera",TTI164010," ",4473,"2026-07-16 20:14:07",265,25089,0,45,1,1,1,0,0,0,0,0,0,0,0,NULL,NULL,699,0,692100,NULL,NULL,NA,NULL,NULL,NULL,NULL,0,0,0,0,NULL,c3604049-10bf-41b8-89fa-d6f399754243,NULL
53403,693000,2026,10429,CAMTRLR25,"CAMERA/SECURITY TRAILER w/ Full 360 PTZ Camera (on RPO NCM)",TTI164018," ",4473,"2026-07-16 20:14:07",265,25132,0,45,1,1,1,0,0,1,0,0,0,0,0,NULL,NULL,699,0,693000,NULL,NULL,,NULL,NULL,NULL,NULL,0,0,0,0,NULL,bd70f4c6-5816-44d5-957a-9b8f5027d0ad,NULL
53404,692500,2025,10429," ","CAMERA/SECURITY TRAILER w/ Full 360 PTZ Camera",TTI164014," ",4473,"2026-07-16 20:14:08",265,25089,0,45,1,1,1,0,0,0,0,0,0,0,0,NULL,NULL,699,0,692500,NULL,NULL,NA,NULL,NULL,NULL,NULL,0,0,0,0,NULL,d706dc77-836c-4042-9850-12607c65a537,NULL
53405,693200,2026,10429,CAMTRLR25,"CAMERA/SECURITY TRAILER w/ Full 360 PTZ Camera (on RPO NCM)",TTI164021," ",4473,"2026-07-16 20:14:37",265,25119,0,45,1,1,1,0,0,1,0,0,0,0,0,NULL,NULL,699,0,693200,NULL,NULL,,NULL,NULL,NULL,NULL,0,0,0,0,NULL,88383f7c-6e1a-41d6-85d6-f3496eedeb08,NULL
53406,693100,2026,10429,CAMTRLR25,"CAMERA/SECURITY TRAILER w/ Full 360 PTZ Camera (on RPO NCM)",TTI164019," ",4473,"2026-07-16 20:14:37",265,25119,0,45,1,1,1,0,0,1,0,0,0,0,0,NULL,NULL,699,0,693100,NULL,NULL,,NULL,NULL,NULL,NULL,0,0,0,0,NULL,e2231a31-5bec-4827-bb58-65219ceaf6c7,NULL
53407,693300,2026,10429,CAMTRLR25,"CAMERA/SECURITY TRAILER w/ Full 360 PTZ Camera (on RPO NCM)",TTI164022," ",4473,"2026-07-16 20:14:38",265,25107,0,45,1,1,1,0,0,1,0,0,0,0,0,NULL,NULL,699,0,693300,NULL,NULL,,NULL,NULL,NULL,NULL,0,0,0,0,NULL,1e66b8c0-07bb-4520-b060-f2437a22ab5f,NULL
53408,796400,NULL,10429," ","8X20 CARGO CONTAINER",TPHU8104202," ",4414,"2026-07-16 20:24:37",265,25122,0,45,1,1,1,0,0,0,0,0,0,0,0,NULL,NULL,699,0,796400,NULL,NULL,NULL,NULL,NULL,NULL,NULL,0,0,0,0,NULL,a21d1e79-fa8a-4b38-afd5-74d988404765,NULL
53409,755000,NULL,10429," ","20' CONEX CARGO CONTAINER"," "," ",4414,"2026-07-16 20:24:38",265,25122,0,45,1,1,1,0,0,0,0,0,0,0,0,NULL,NULL,699,0,755000,NULL,NULL,NULL,NULL,NULL,NULL,NULL,0,0,0,0,NULL,99f7d08b-ea22-41f0-9de8-77e1aaa79a01,NULL
53410,819800,2011,10429," ","MILLER TRAILBLAZER 302 WELDER",MB020205M," ",4333,"2026-07-16 20:25:07",265,24978,0,45,1,1,1,0,0,0,0,0,0,0,0,NULL,NULL,699,0,819800,NULL,NULL,,NULL,NULL,9802558,NULL,0,0,0,0,NULL,e4d7c9f6-b12d-4d4a-b1c7-6c112ef7534a,NULL
53411,789100,NULL,10429," ","8X20 CARGO CONTAINER",MIT#2041913," ",4414,"2026-07-16 20:28:52",265,24981,0,45,1,1,1,0,0,0,0,0,0,0,0,NULL,NULL,699,0,789100,NULL,NULL,NA,NULL,NULL,NULL,NULL,0,0,0,0,NULL,04c83b8c-b559-4ad6-9d17-39542efe2218,NULL
53412,827800,2017,10287,"BOBCAT 225NT","MILLER BOBCAT 225 NT(KOHLER)WELDER(GAS)-ATTACHED TO 2766",MH090425R," ",4333,"2026-07-16 20:29:23",265,25018,0,45,1,0,1,0,0,0,0,0,0,0,0,NULL,NULL,699,0,827800,NULL,NULL,,NULL,NULL,9802604,NULL,0,0,0,0,NULL,32a7a138-d0ac-45bc-b18f-86915bceeaaf,NULL
53413,818200,2009,10429," ","MILLER TRAILBLAZER 302 WELDER",LK120234Q," ",4333,"2026-07-16 20:29:23",265,25089,0,45,1,1,1,0,0,0,0,0,0,0,0,NULL,NULL,699,0,818200,NULL,NULL,0040356341,NULL,NULL,9802548,NULL,0,0,0,0,NULL,e270be9d-7e37-4ebb-a1ea-82e5449dc5c7,NULL
53414,762800,NULL,10429," ","WARMING SHACK/HUESE HOUSE",," ",4442,"2026-07-16 20:29:24",265,25136,0,45,1,1,1,0,0,0,0,0,0,0,0,NULL,NULL,699,0,762800,NULL,NULL,,NULL,NULL,NULL,NULL,0,0,0,0,NULL,2e29bf9e-d610-433f-8ac4-d0e5e4552bb9,NULL
53415,827200,2015,10429," ","MILLER BIG BLU 400 PRO WELDER",MF150095E," ",4333,"2026-07-16 20:29:24",265,25012,0,45,1,1,1,0,0,0,0,0,0,0,0,NULL,NULL,699,0,827200,NULL,NULL,,NULL,NULL,10024199,NULL,0,0,0,0,NULL,f2ac8778-a8ab-4118-9b8e-aced85316fc9,NULL
53416,890700,1989,10429,"FORKE AUCTIONS-TACOM","BIDWELL BR201 FINISH MACHINE",BR89684-2," ",4295,"2026-07-16 20:30:08",265,24981,0,45,1,1,1,0,0,0,0,0,0,0,0,NULL,NULL,699,0,890700,NULL,NULL,NA,NULL,NULL,9905488,NULL,0,0,0,0,NULL,ec48b2f1-466b-478b-b5b7-5922f71c59e6,NULL
53417,755200,NULL,10429," ","FIELD LAB 12 X 56",EEL1260IDCM91B537," ",4296,"2026-07-16 20:30:37",265,24981,0,45,1,1,1,0,0,0,0,0,0,0,0,NULL,NULL,699,0,755200,NULL,NULL,0040356356,NULL,NULL,NULL,NULL,0,0,0,0,NULL,96ec9eaa-78e0-4e1f-a3cf-4ae2d8193f4e,NULL
53418,817500,NULL,10429," ","GROUND HEATER E3000","3000-1563 / 1G9UP15292S201146"," ",4424,"2026-07-16 20:32:08",265,25122,0,45,1,1,1,0,0,0,0,0,0,0,0,NULL,NULL,699,0,817500,NULL,NULL,NULL,NULL,NULL,9802540,5141363,0,0,0,0,NULL,fc27cbdf-d615-4551-9fd7-6e382e8a6e27,NULL
53419,991786,NULL,10429," ","DIGITAL REMOTE DISPLAY-SCALE",8910-333," ",4525,"2026-07-16 20:33:27",265,25018,0,45,1,0,1,0,0,0,0,0,0,0,0,NULL,NULL,699,0,991786,NULL,NULL,NULL,NULL,NULL,NULL,NULL,0,0,0,0,NULL,4ccfc24c-9ff3-4863-8154-23f7265d8e6c,NULL
53420,788900,NULL,10429," ","8X20 CARGO CONTAINER",MIT#3160327," ",4414,"2026-07-16 20:34:03",265,25136,0,45,1,1,1,0,0,0,0,0,0,0,0,NULL,NULL,699,0,788900,NULL,NULL,,NULL,NULL,NULL,NULL,0,0,0,0,NULL,94b1bdd1-b159-4ddb-be22-d03ccbb6e75c,NULL
53421,798500,NULL,10429," ","BLANKET CONTAINER FOR 6X25s",GWCU2292282," ",4414,"2026-07-16 20:34:03",265,25122,0,45,1,1,1,0,0,0,0,0,0,0,0,NULL,NULL,699,0,798500,NULL,NULL,NULL,NULL,NULL,NULL,NULL,0,0,0,0,NULL,c948b837-46b9-4bfd-b1d4-61e15c3fc8a4,NULL
53422,R-537897,NULL,10429,4000G,"WATER TRUCK 4000G (Wagner)"," ",3ALHCYD24SDWA0230,4389,"2026-07-16 20:34:32",265,25089,0,45,1,1,1,0,0,1,0,0,0,0,0,NULL,NULL,699,0,R-537897,NULL,NULL,,NULL,NULL,NULL,5280877,0,0,0,1,4568,76bc5937-e37a-4a0b-b3a1-ff5f275a969a,NULL
53423,826900,2015,10429," ","MILLER BIG BLU 400 PRO WELDER",MF150092E," ",4333,"2026-07-16 20:35:03",265,25058,0,45,1,1,1,0,0,0,0,0,0,0,0,NULL,NULL,699,0,826900,NULL,NULL,,NULL,NULL,10024197,NULL,0,0,0,0,NULL,52aebb74-10a1-477d-9b69-6cf2d9d8b46c,NULL
53424,879001,2017,10394,BR202,"BIDWELL BR202 HD BRIDGE FINISH-REBUILD",BR87623-2HD," ",4295,"2026-07-16 20:35:43",265,25018,0,45,1,0,1,0,0,0,0,0,0,0,0,NULL,NULL,699,0,879001,NULL,NULL,,NULL,NULL,NULL,NULL,0,0,0,0,NULL,ee79d134-97a0-4a20-a3d6-f7e3f21dd583,NULL
53425,752000,2003,10429," ","SCOTSMAN 60X12 OFFICE TRAILER (Perm in MN Yard)",03-7985," ",4296,"2026-07-16 20:36:12",265,25122,0,45,1,0,1,0,0,0,0,0,0,0,0,NULL,NULL,699,0,752000,NULL,NULL,NULL,NULL,NULL,NULL,NULL,0,0,0,0,NULL,23a39ba5-dec8-43fd-8553-6baa78e842bb,NULL
53426,891600,NULL,10429," ","TORQUE TECH TW20000K WINCH  #4",8916-4," ",4352,"2026-07-16 20:36:13",265,24981,0,45,1,1,1,0,0,0,0,0,0,0,0,NULL,NULL,699,0,891600,NULL,NULL,NA,NULL,NULL,NULL,NULL,0,0,0,0,NULL,35416395-86fa-4cf4-97cc-231cf422b03a,NULL
53427,991785,NULL,10429," ","DERLEIN 50 TON SCALE-YARD"," "," ",4525,"2026-07-16 20:36:13",265,25018,0,45,1,0,1,0,0,0,0,0,0,0,0,NULL,NULL,699,0,991785,NULL,NULL,NULL,NULL,NULL,NULL,NULL,0,0,0,0,NULL,f07af71b-cb89-45c3-8f73-2b09e995d432,NULL
53428,794800,NULL,10429," ","8X20 CARGO CONTAINER-IRONWORKR","WHITE #0117"," ",4414,"2026-07-16 20:36:47",265,25122,0,45,1,1,1,0,0,0,0,0,0,0,0,NULL,NULL,699,0,794800,NULL,NULL,NULL,NULL,NULL,NULL,NULL,0,0,0,0,NULL,e0600ced-2f01-4de3-8c87-67553eb3007f,NULL
53429,894200,2002,10429,"HYDRA PLATFORMS MFG,","HP32/180 UNDERBRIDGE PLATFORM",IH9US33352C196191," ",4338,"2026-07-16 20:37:32",265,25045,0,45,1,1,1,0,0,0,0,0,0,0,0,NULL,NULL,699,0,894200,NULL,NULL,NULL,NULL,NULL,9802688,NULL,0,0,0,0,NULL,92c445d4-f754-44dc-b06a-3c40b953d62b,NULL
53430,797400,NULL,10429," ","8X20 CARGO CONTAINER",3231781," ",4414,"2026-07-16 20:38:03",265,25122,0,45,1,1,1,0,0,0,0,0,0,0,0,NULL,NULL,699,0,797400,NULL,NULL,NULL,NULL,NULL,NULL,NULL,0,0,0,0,NULL,c7b202d8-9082-4485-af44-a669223d9a80,NULL
53431,755500,NULL,10429," ","OFFICE TRAILER 12 x 56",00-4456," ",4296,"2026-07-16 20:38:03",265,24980,0,45,1,1,1,0,0,0,0,0,0,0,0,NULL,NULL,699,0,755500,NULL,NULL,0040356336,NULL,NULL,NULL,NULL,0,0,0,0,NULL,fedb52f4-3554-4793-8557-526e5ff714d8,NULL
53432,826800,2014,10429," ","MILLER BIG BLU 400 PRO WELDER",ME100210E," ",4333,"2026-07-16 20:38:32",265,25098,0,45,1,1,1,0,0,0,0,0,0,0,0,NULL,NULL,699,0,826800,NULL,NULL,,NULL,NULL,10024196,NULL,0,0,0,0,NULL,fa1ecbd0-1a8e-46a5-a4a9-ab73943c74cb,NULL
53433,815600,1999,10429,MCD-225-8,"NELSON STUD WELDER 6500",062499817," ",4535,"2026-07-16 20:39:05",265,25122,0,45,1,1,1,0,0,0,0,0,0,0,0,NULL,NULL,699,0,815600,NULL,NULL,,NULL,NULL,10024178,NULL,0,0,0,0,NULL,d232d83b-94f0-4221-b1bf-393719db74ad,NULL
53434,735700,NULL,10429," ","8X10 HUESE HOUSE",," ",4442,"2026-07-16 20:39:06",265,25042,0,45,1,1,1,0,0,0,0,0,0,0,0,NULL,NULL,699,0,735700,NULL,NULL,,NULL,NULL,NULL,NULL,0,0,0,0,NULL,97709b8d-eefc-4ddc-88bd-347254d49119,NULL
53435,737200,NULL,10429," ","8X10 HUESE HOUSE",," ",4442,"2026-07-16 20:39:09",265,25042,0,45,1,1,1,0,0,0,0,0,0,0,0,NULL,NULL,699,0,737200,NULL,NULL,,NULL,NULL,NULL,NULL,0,0,0,0,NULL,8caa6a38-6d2a-4e6a-8608-a0acf05a96fd,NULL
53436,754800,NULL,10429," ","20' CONEX CARGO CONTAINER"," "," ",4414,"2026-07-16 20:40:02",265,25018,0,45,1,1,1,0,0,0,0,0,0,0,0,NULL,NULL,699,0,754800,NULL,NULL,NULL,NULL,NULL,NULL,NULL,0,0,0,0,NULL,4d7ae204-9955-4669-adf2-7812ccd3fd03,NULL
53437,827100,2015,10429," ","MILLER BIG BLU 400 PRO WELDER",MF150094E," ",4333,"2026-07-16 20:40:03",265,25067,0,45,1,1,1,0,0,0,0,0,0,0,0,NULL,NULL,699,0,827100,NULL,NULL,,NULL,NULL,10022329,NULL,0,0,0,0,NULL,bfd447f8-d691-499b-8310-330488a0b3d5,NULL
53438,736500,NULL,10429," ","8X10 HUESE HOUSE",," ",4442,"2026-07-16 20:40:37",265,25018,0,45,1,1,1,0,0,0,0,0,0,0,0,NULL,NULL,699,0,736500,NULL,NULL,,NULL,NULL,NULL,NULL,0,0,0,0,NULL,af85c5cc-3599-46df-96a2-81e4fff36ef8,NULL
53439,660100,2001,10429," ","MKT V5C VIBRATORY EXTRACTOR",990601E/P," ",4311,"2026-07-16 20:41:43",265,25093,0,45,1,1,1,0,0,0,0,0,0,0,0,NULL,NULL,699,0,660100,NULL,NULL,,NULL,NULL,10027988,5282197,0,0,0,1,NULL,cf44f317-375c-48b9-a3e0-752443acde4d,NULL
53440,693700,2026,10429," ","CAMERA/SECURITY TRAILER w/ Full 360 PTZ Camera",TTI164031," ",4473,"2026-07-16 20:41:43",265,24981,0,45,1,1,1,0,0,0,0,0,0,0,0,NULL,NULL,699,0,693700,NULL,NULL,NA,NULL,NULL,NULL,NULL,0,0,0,0,NULL,38f8d179-9a73-447a-9524-f2632908cd75,NULL
53441,827600,2017,10287," ","MILLER BIG BLUE 400 PRO WELDER",MH100531R," ",4333,"2026-07-16 20:41:44",265,25060,0,45,1,1,1,0,0,0,0,0,0,0,0,NULL,NULL,699,0,827600,NULL,NULL,,NULL,NULL,10024217,NULL,0,0,0,0,NULL,31bf77df-603a-4df0-afdd-03b0fcedc761,NULL
53443,754900,NULL,10429," ","20' CONEX CARGO CONTAINER"," "," ",4414,"2026-07-16 20:42:37",265,25018,0,45,1,1,1,0,0,0,0,0,0,0,0,NULL,NULL,699,0,754900,NULL,NULL,NULL,NULL,NULL,NULL,NULL,0,0,0,0,NULL,80336e9d-6587-4d0a-9b17-5641f1594b25,NULL
53444,788100,NULL,10429," ","8X20 CARGO CONTAINER",MIT#2803009," ",4414,"2026-07-16 20:43:07",265,24981,0,45,1,1,1,0,0,0,0,0,0,0,0,NULL,NULL,699,0,788100,NULL,NULL,NA,NULL,NULL,NULL,NULL,0,0,0,0,NULL,8a3d24aa-a514-471c-8ca9-9897904f68c4,NULL
53445,891500,NULL,10429," ","TORQUE TECH TW20000K WINCH  #6",8915-6," ",4352,"2026-07-16 20:43:07",265,24981,0,45,1,1,1,0,0,0,0,0,0,0,0,NULL,NULL,699,0,891500,NULL,NULL,NA,NULL,NULL,NULL,NULL,0,0,0,0,NULL,7088c063-b4c6-4744-a72f-2bc39e4d284d,NULL
53446,818000,2009,10429," ","MILLER TRAILBLAZER 302 WELDER",LK120204Q," ",4333,"2026-07-16 20:43:08",265,24981,0,45,1,1,1,0,0,0,0,0,0,0,0,NULL,NULL,699,0,818000,NULL,NULL,NULL,NULL,NULL,9802544,NULL,0,0,0,0,NULL,3a13089d-f84b-49fb-86ac-7db8f06b09e2,NULL
53447,826600,2014,10429," ","MILLER BIG BLU 400 PRO WELDER",ME070254E," ",4333,"2026-07-16 20:43:43",265,25107,0,45,1,1,1,0,0,0,0,0,0,0,0,NULL,NULL,699,0,826600,NULL,NULL,,NULL,NULL,10024188,NULL,0,0,0,0,NULL,7976916a-e343-4a1a-b737-370445ba6729,NULL
53448,752100,2005,10429," ","64X12 OFFICE TRAILER  (Perm in MN Yard)",05-11236," ",4296,"2026-07-16 20:43:43",265,25122,0,45,1,0,1,0,0,0,0,0,0,0,0,NULL,NULL,699,0,752100,NULL,NULL,NULL,NULL,NULL,NULL,NULL,0,0,0,0,NULL,828d3117-aea1-4631-b970-e263fbaec4bf,NULL
53449,905300,2017,10429,SS30005VSPW,"GPM PRESSURE WASHER PSI3000",201701818," ",4538,"2026-07-16 20:44:12",265,25018,0,45,1,1,1,0,0,0,0,0,0,0,0,NULL,NULL,699,0,905300,NULL,NULL,,NULL,NULL,NULL,NULL,0,0,0,0,NULL,e59f8fa4-4fdc-451a-8c2c-f0003e491b37,NULL
53450,825900,2013,10429," ","MILLER TRAILBLAZER 302 WELDER",MD020653R," ",4333,"2026-07-16 20:44:12",265,25019,0,45,1,1,1,0,0,0,0,0,0,0,0,NULL,NULL,699,0,825900,NULL,NULL,0040356337,NULL,NULL,9802568,NULL,0,0,0,0,NULL,ea2d50e4-a255-4aad-ae4d-e5b9b76de2f1,NULL
53451,799100,1987,10429,"FROM FAK","DORSEY 45 TOOL VAN TRAILER"," ",1DTV61Z28SA221820,4413,"2026-07-16 20:45:52",265,24981,0,45,1,1,1,0,0,0,0,0,0,0,0,NULL,NULL,699,0,799100,NULL,NULL,686016,NULL,NULL,NULL,NULL,0,0,0,0,NULL,e18bacc2-8e2f-48b7-920c-d3d3ebbe1b49,NULL
53452,818400,2009,10429," ","MILLER TRAILBLAZER 302 WELDER",LK120241Q," ",4333,"2026-07-16 20:46:45",265,25129,0,45,1,1,1,0,0,0,0,0,0,0,0,NULL,NULL,699,0,818400,NULL,NULL,,NULL,NULL,10009793,NULL,0,0,0,0,NULL,aa0c51bb-a057-4826-aa7d-960c988c2e0f,NULL
53453,892300,NULL,10429," ","BRIDGE BEAM LAUNCHER-57 TON"," "," ",4499,"2026-07-16 20:47:12",265,25018,0,45,1,0,1,0,0,0,0,0,0,0,0,NULL,NULL,699,0,892300,NULL,NULL,NULL,NULL,NULL,NULL,NULL,0,0,0,0,NULL,88ee0aa8-35bc-49a2-9d74-66bef014069a,NULL
53454,894800,2001,10429," ","WATER TANK WAGON-500 GAL"," ",17XFJ082321020509,4502,"2026-07-16 20:47:13",265,24978,0,45,1,1,1,0,0,0,0,0,0,0,0,NULL,NULL,699,0,894800,NULL,NULL,XR95127,NULL,NULL,NULL,NULL,0,0,0,0,NULL,57d7f8db-a6c5-4371-8cbf-c6e8474be358,NULL
53455,756200,2015,10429," ","LAB TRAILER 12X32",A1232LW1882T," ",4296,"2026-07-16 20:47:43",265,25033,0,45,1,1,1,0,0,0,0,0,0,0,0,NULL,NULL,699,0,756200,NULL,NULL,0040356364,NULL,NULL,NULL,NULL,0,0,0,0,NULL,a9b380f5-8334-4252-8f6d-5a27958851e1,NULL
53456,798800,NULL,10429," ","8X20 CARGO CONTAINER CONEX",3070612GB2210," ",4414,"2026-07-16 20:47:44",265,25122,0,45,1,1,1,0,0,0,0,0,0,0,0,NULL,NULL,699,0,798800,NULL,NULL,NULL,NULL,NULL,NULL,NULL,0,0,0,0,NULL,4f71917d-083b-4512-b7ac-ba4f9e63231a,NULL
53457,894600,2002,10429,REEL-NEAT,"REEL-O-MATIC CABLE WINDER",10000000000000909WI," ",4499,"2026-07-16 20:47:44",265,25122,0,45,1,0,1,0,0,0,0,0,0,0,0,NULL,NULL,699,0,894600,NULL,NULL,CA22751,NULL,NULL,NULL,NULL,0,0,0,0,NULL,5845bf7b-b7c1-4b95-95f6-861d6024bfe5,NULL
53458,735100,NULL,10429," ","8X12 HUESE HOUSE",," ",4442,"2026-07-16 20:47:45",265,25074,0,45,1,1,1,0,0,0,0,0,0,0,0,NULL,NULL,699,0,735100,NULL,NULL,,NULL,NULL,NULL,NULL,0,0,0,0,NULL,f443753b-c79e-43a0-97ef-b3d58467013d,NULL
53459,797000,NULL,10429," ","8X20 CARGO CONTAINER",TRLU3043615," ",4414,"2026-07-16 20:47:45",265,24981,0,45,1,1,1,0,0,0,0,0,0,0,0,NULL,NULL,699,0,797000,NULL,NULL,NA,NULL,NULL,NULL,NULL,0,0,0,0,NULL,6a0a623b-6d77-44c4-8ae8-147bb6523b65,NULL
53460,787800,1988,10429," ","UTILITY 48'X102' TRAILER VAN"," ",1UYVS2486JU874215,4413,"2026-07-16 20:47:46",265,25002,0,45,1,1,1,0,0,0,0,0,0,0,0,NULL,NULL,699,0,787800,NULL,NULL,686052,NULL,NULL,NULL,NULL,0,0,0,0,NULL,f80893c9-e7e2-4a4d-9e14-11d8408e405a,NULL
53461,798000,NULL,10429," ","8X20 CARGO CONTAINER","FFFU 000073"," ",4414,"2026-07-16 20:47:46",265,25018,0,45,1,1,1,0,0,0,0,0,0,0,0,NULL,NULL,699,0,798000,NULL,NULL,NULL,NULL,NULL,NULL,NULL,0,0,0,0,NULL,4b4536a6-9d1c-4498-a857-51a17efcdb23,NULL
53462,556800,2018,10429," ","BOX TRAILER 6' X 12' (FORTUNATO)"," ",5JWTC1221KN512908,4526,"2026-07-16 20:47:47",265,25019,0,45,1,1,1,0,0,0,0,0,0,0,0,NULL,NULL,699,0,556800,NULL,NULL,DTPK05,NULL,NULL,NULL,NULL,0,0,0,0,NULL,3f646676-0a98-4c6e-9d1f-d0befff68ccb,NULL
53463,796700,1987,10429," ","GREAT DANE TOOL VAN"," ",1GRAA9323HB151004,4413,"2026-07-16 20:47:47",265,25122,0,45,1,1,1,0,0,0,0,0,0,0,0,NULL,NULL,699,0,796700,NULL,NULL,686018,NULL,NULL,NULL,NULL,0,0,0,0,NULL,7c12b4ea-489f-4adc-9b67-fefe44a62bfe,NULL
53464,756400,2015,10429," ","LAB TRAILER 12X32",A1232LW1887T," ",4296,"2026-07-16 20:48:12",265,25080,0,45,1,1,1,0,0,0,0,0,0,0,0,NULL,NULL,699,0,756400,NULL,NULL,TBD,NULL,NULL,NULL,NULL,0,0,0,0,NULL,24b316fc-0cf8-49bd-b142-eac4140762ac,NULL
53465,789000,NULL,10429," ","8X20 CARGO CONTAINER",MIT#2285591," ",4414,"2026-07-16 20:48:12",265,24981,0,45,1,1,1,0,0,0,0,0,0,0,0,NULL,NULL,699,0,789000,NULL,NULL,NA,NULL,NULL,NULL,NULL,0,0,0,0,NULL,d1df3e8c-b863-4c12-8da9-c1bf54ae0c40,NULL
53466,792300,NULL,10429," ","8X20 CARGO CONTAINER",2247940," ",4414,"2026-07-16 20:48:13",265,25018,0,45,1,1,1,0,0,0,0,0,0,0,0,NULL,NULL,699,0,792300,NULL,NULL,NULL,NULL,NULL,NULL,NULL,0,0,0,0,NULL,6c781758-a8b9-4e67-b475-1dbc5ce99abf,NULL
53467,756300,2015,10429," ","LAB TRAILER 12X32",A1232LW1883T," ",4296,"2026-07-16 20:48:13",265,24981,0,45,1,1,1,0,0,0,0,0,0,0,0,NULL,NULL,699,0,756300,NULL,NULL,0040356363,NULL,NULL,NULL,NULL,0,0,0,0,NULL,0252e764-c509-4ecc-b8da-19be6483cf18,NULL
53468,793800,NULL,10429," ","8X20 CARGO CONTAINER",EISU314992.9," ",4414,"2026-07-16 20:48:14",265,25122,0,45,1,1,1,0,0,0,0,0,0,0,0,NULL,NULL,699,0,793800,NULL,NULL,NULL,NULL,NULL,NULL,NULL,0,0,0,0,NULL,e26f1e34-2c57-4227-bcd2-5ea0268216a4,NULL
53469,796300,NULL,10429," ","8X20 CARGO CONTAINER",TPHU6692196," ",4414,"2026-07-16 20:48:14",265,24981,0,45,1,1,1,0,0,0,0,0,0,0,0,NULL,NULL,699,0,796300,NULL,NULL,NA,NULL,NULL,NULL,NULL,0,0,0,0,NULL,ffced9ad-7ec0-4135-b69b-dc94bd3c741c,NULL
53470,791800,NULL,10429," ","8X40 CARGO CONTAINER",MMMU3628254," ",4414,"2026-07-16 20:48:42",265,25018,0,45,1,1,1,0,0,0,0,0,0,0,0,NULL,NULL,699,0,791800,NULL,NULL,NULL,NULL,NULL,NULL,NULL,0,0,0,0,NULL,d2753876-233f-4921-b9e8-9d51ebdc7973,NULL
53471,895600,NULL,10429," ","STRIPPING PLATFORM OVERHANG"," "," ",4527,"2026-07-16 20:49:12",265,25122,0,45,1,1,1,0,0,0,0,0,0,0,0,NULL,NULL,699,0,895600,NULL,NULL,NULL,NULL,NULL,NULL,NULL,0,0,0,0,NULL,6eb33ae7-10b3-495b-a5ce-def7d5a8f56c,NULL
53472,797100,NULL,10429," ","8X20 CARGO CONTAINER",APLS2775770," ",4414,"2026-07-16 20:49:13",265,25122,0,45,1,1,1,0,0,0,0,0,0,0,0,NULL,NULL,699,0,797100,NULL,NULL,,NULL,NULL,NULL,NULL,0,0,0,0,NULL,7a3d0c3e-12e0-46ff-8968-1a32ebcc6e11,NULL
53473,901800,2004,10429," ","CAT FORKLIFT 8,000#",AT29C0088," ",4537,"2026-07-16 20:49:57",265,25018,0,45,1,1,1,0,0,0,0,0,0,0,0,NULL,NULL,699,0,901800,NULL,NULL,,NULL,NULL,9802709,NULL,0,0,0,0,NULL,eea3bb48-c989-44f4-b83f-8742ca8b424e,NULL
53474,790300,NULL,10429," ","8X20 CARGO CONTAINER",2283562," ",4414,"2026-07-16 20:50:28",265,25122,0,45,1,1,1,0,0,0,0,0,0,0,0,NULL,NULL,699,0,790300,NULL,NULL,NULL,NULL,NULL,NULL,NULL,0,0,0,0,NULL,4d719315-a8d3-4760-9603-932ff07362ba,NULL
53475,760200,2026,10429," ","OFFICE CONTAINER (8'X20X'8', 160 SQ FT)",IO20.1," ",4329,"2026-07-16 20:50:57",265,25089,0,45,1,1,1,0,0,0,0,0,0,0,0,NULL,NULL,699,0,760200,NULL,NULL,NA,NULL,NULL,NULL,NULL,0,0,0,0,NULL,c98430bf-d836-4e8b-bebc-101e9e1f0949,NULL
53477,898400,NULL,10429," ","ACCESS/STRIPPING WAGON-HDUTY",4878," ",4353,"2026-07-16 20:51:42",265,25018,0,45,1,1,1,0,0,0,0,0,0,0,0,NULL,NULL,699,0,898400,NULL,NULL,NULL,NULL,NULL,NULL,NULL,0,0,0,0,NULL,7d8480a3-2746-4fb5-af74-cdca1edab6ed,NULL
53478,825800,2013,10429," ","MILLER TRAILBLAZER 302 WELDER",MC510488R," ",4333,"2026-07-16 20:52:12",265,25018,0,45,1,1,1,0,0,0,0,0,0,0,0,NULL,NULL,699,0,825800,NULL,NULL,,NULL,NULL,9802566,NULL,0,0,0,0,NULL,b070dbd7-74b0-4a62-ac18-1748dac06339,NULL
53479,795000,NULL,10429," ","8X20 CARGO CONTAINER-KOERBER","WHITE #0115"," ",4414,"2026-07-16 20:52:42",265,25122,0,45,1,1,1,0,0,0,0,0,0,0,0,NULL,NULL,699,0,795000,NULL,NULL,NULL,NULL,NULL,NULL,NULL,0,0,0,0,NULL,c083c4af-1298-45b1-9c1c-2f27f9d8ef01,NULL
53480,891300,NULL,10429," ","TORQUE TECH TW20000K WINCH  #7",8913-7," ",4352,"2026-07-16 20:53:13",265,24981,0,45,1,1,1,0,0,0,0,0,0,0,0,NULL,NULL,699,0,891300,NULL,NULL,NA,NULL,NULL,NULL,NULL,0,0,0,0,NULL,8e1c8368-b079-482f-a114-47552eb51426,NULL
53481,794600,NULL,10429," ","8X20 CARGO CONTAINER","WHITE #0118"," ",4414,"2026-07-16 20:53:14",265,24981,0,45,1,1,1,0,0,0,0,0,0,0,0,NULL,NULL,699,0,794600,NULL,NULL,NA,NULL,NULL,NULL,NULL,0,0,0,0,NULL,1f6c3c3b-cba7-4ba9-9577-cfb0c6163b25,NULL
53482,754400,2001,10429,"NTS TRAILER SERVICES","TOOL VAN TRAILER 53'"," ",1JJV532W11L780785,4413,"2026-07-16 20:54:16",265,24978,0,45,1,1,1,0,0,0,0,0,0,0,0,NULL,NULL,699,0,754400,NULL,NULL,686035,NULL,NULL,NULL,NULL,0,0,0,0,NULL,a213b1ed-56c9-4afb-9ee3-f0846c18ca08,NULL
53483,788500,1992,10429," ","MOD SPACE 12X28 FIELD LAB",322771," ",4296,"2026-07-16 20:54:44",265,24981,0,45,1,1,1,0,0,0,0,0,0,0,0,NULL,NULL,699,0,788500,NULL,NULL,DTPK56,NULL,NULL,NULL,NULL,0,0,0,0,NULL,15790923-7931-4a9c-8929-0a0407633f90,NULL
53484,897300,NULL,10429,W-50-36-LAC-AB,"JENSEN SAN-EI AIR TUGGER",1362031," ",4377,"2026-07-16 20:54:53",265,25042,0,45,1,1,1,0,0,0,0,0,0,0,0,NULL,NULL,699,0,897300,NULL,NULL,,NULL,NULL,NULL,NULL,0,0,0,0,NULL,2deaf6c8-52ac-4bf2-9394-bac008182b43,NULL
53485,542400,2021,10429,"30 BD175PR","SLAB GRABBER 30" (CAT315)",C11289," ",4406,"2026-07-16 20:55:00",265,25018,0,45,1,1,1,0,0,0,0,0,0,0,0,NULL,NULL,699,0,542400,NULL,NULL,NULL,NULL,NULL,NULL,NULL,0,0,0,0,NULL,ef697eca-49be-4c33-ac00-07aabceb125a,NULL
53486,799500,NULL,10429,"FROM FAK","48' Tool Storage Trailer"," ",1PT02DNH1E9009051,4413,"2026-07-16 20:55:01",265,25058,0,45,1,1,1,0,0,0,0,0,0,0,0,NULL,NULL,699,0,799500,NULL,NULL,686019,NULL,NULL,NULL,NULL,0,0,0,0,NULL,90f6c0b9-4ecd-4359-83da-61a4c99e19a8,NULL
53487,799800,NULL,10429," ","20' Storage Container",9957015," ",4414,"2026-07-16 20:55:02",265,25074,0,45,1,1,1,0,0,0,0,0,0,0,0,NULL,NULL,699,0,799800,NULL,NULL,,NULL,NULL,NULL,NULL,0,0,0,0,NULL,b90c34b0-7280-4892-98f1-62dad842b318,NULL
53488,900300,2011,10429,"MQ MC94PH8HBC1","CONCRETE MIXER TOWBEHIND GAS",C1125081," ",4421,"2026-07-16 20:55:03",265,24981,0,45,1,1,1,0,0,0,0,0,0,0,0,NULL,NULL,699,0,900300,NULL,NULL,DOSH33,NULL,NULL,NULL,NULL,0,0,0,0,NULL,3fa37109-7929-458a-b7bc-fdc0d8f84208,NULL
53489,670600,NULL,10429," ","WORK BARGE-EKS 16X40-2 SECTION",," ",4513,"2026-07-16 20:56:22",265,25042,0,45,1,1,1,0,0,0,0,0,0,0,0,NULL,NULL,699,0,670600,NULL,NULL,,NULL,NULL,NULL,NULL,0,0,0,1,NULL,eb02ff19-7d5b-4f03-bf96-a16c289a946f,NULL
53490,898100,NULL,10429,238,"ACCESS/STRIPPING WAGON-HDUTY",521668," ",4353,"2026-07-16 20:56:23",265,25018,0,45,1,1,1,0,0,0,0,0,0,0,0,NULL,NULL,699,0,898100,NULL,NULL,NULL,NULL,NULL,NULL,NULL,0,0,0,0,NULL,f902431c-93c6-4cf8-acb0-7eb3014f05fa,NULL
53491,897801,2017,10429," ","BIDWELL 487 FINISH MACHINE-REBUILD",48947872HDD-," ",4525,"2026-07-16 20:56:53",265,25018,0,45,1,0,1,0,0,0,0,0,0,0,0,NULL,NULL,699,0,897801,NULL,NULL,NULL,NULL,NULL,NULL,NULL,0,0,0,0,NULL,af99c97f-2f02-4581-be1e-0c260b98c66f,NULL
53492,751300,NULL,10429," ","8X20 CARGO CONTAINER",GSTU219576," ",4414,"2026-07-16 20:56:53",265,25122,0,45,1,1,1,0,0,0,0,0,0,0,0,NULL,NULL,699,0,751300,NULL,NULL,NULL,NULL,NULL,NULL,NULL,0,0,0,0,NULL,af10de92-467b-4c50-b747-9dc6bbf228e1,NULL
53493,793200,NULL,10429," ","8X40 CARGO CONTAINER",9985017," ",4414,"2026-07-16 20:56:54",265,25018,0,45,1,1,1,0,0,0,0,0,0,0,0,NULL,NULL,699,0,793200,NULL,NULL,NULL,NULL,NULL,NULL,NULL,0,0,0,0,NULL,5336e28b-0c39-4a89-b64d-5f251accbfc1,NULL
53494,736700,NULL,10429," ","8X10 HUESE HOUSE",," ",4442,"2026-07-16 20:56:55",265,25042,0,45,1,1,1,0,0,0,0,0,0,0,0,NULL,NULL,699,0,736700,NULL,NULL,,NULL,NULL,NULL,NULL,0,0,0,0,NULL,bf1de7bd-9770-42e7-b89a-6c400f5f9097,NULL
53495,340,NULL,10429," ","Psuedo Unit # Construction"," "," ",4525,"2026-07-16 20:56:55",265,25018,0,45,1,0,1,0,0,0,0,0,0,0,0,NULL,NULL,699,0,340,NULL,NULL,NULL,NULL,NULL,NULL,NULL,0,0,0,0,NULL,b9252bb3-7c0f-41bc-9a66-00a325ae7722,NULL
53496,750800,NULL,10429,UF18835,"20' STEEL STORAGE CONTAINER",2415510," ",4414,"2026-07-16 20:57:51",265,25018,0,45,1,1,1,0,0,0,0,0,0,0,0,NULL,NULL,699,0,750800,NULL,NULL,NULL,NULL,NULL,NULL,NULL,0,0,0,0,NULL,9f87a9e1-1298-48e1-a454-fe4cc4e892b0,NULL
53497,817400,NULL,10429," ","BOBCAT 250 DIESEL KUBOTA WELDER",LF326544," ",4333,"2026-07-16 20:57:51",265,24981,0,45,1,1,1,0,0,0,0,0,0,0,0,NULL,NULL,699,0,817400,NULL,NULL,,NULL,NULL,9802538,NULL,0,0,1,0,NULL,a151e1ef-24e6-4a65-a5e8-0c6bd42b20b8,NULL
53498,751500,NULL,10429," ","8X20 CARGO CONTAINER","GSTU 446534"," ",4414,"2026-07-16 20:58:19",265,25018,0,45,1,1,1,0,0,0,0,0,0,0,0,NULL,NULL,699,0,751500,NULL,NULL,NULL,NULL,NULL,NULL,NULL,0,0,0,0,NULL,659ae167-2556-458f-a590-1f06a7f7f2a8,NULL
53499,752800,NULL,10429," ","8X20 CARGO STORAGE UNIT"," "," ",4414,"2026-07-16 20:58:19",265,25122,0,45,1,1,1,0,0,0,0,0,0,0,0,NULL,NULL,699,0,752800,NULL,NULL,NULL,NULL,NULL,NULL,NULL,0,0,0,0,NULL,00da4128-dc87-438e-8060-75ea6adbfe83,NULL
53500,827700,2017,10287,"BOBCAT 225NT","MILLER BOBCAT 225 NT(KOHLER)WELDER(GAS)(ATTACHED TO 2796)",MH100311R," ",4333,"2026-07-16 20:59:57",265,25018,0,45,1,0,1,0,0,0,0,0,0,0,0,NULL,NULL,699,0,827700,NULL,NULL,,NULL,NULL,9802602,NULL,0,0,0,0,NULL,e50f8b31-f632-4401-be01-b01ba0b9ffee,NULL
53501,795600,NULL,10429," ","8X20 CARGO CONTAINER",2230172," ",4414,"2026-07-16 21:00:30",265,25001,0,45,1,1,1,0,0,0,0,0,0,0,0,NULL,NULL,699,0,795600,NULL,NULL,,NULL,NULL,NULL,NULL,0,0,0,0,NULL,953da2ab-257b-4c08-a7c7-2b0f3df4f8e4,NULL
53502,692300,2025,10429," ","CAMERA/SECURITY TRAILER w/ Full 360 PTZ Camera",TTI164012," ",4473,"2026-07-16 21:00:58",265,25089,0,45,1,1,1,0,0,0,0,0,0,0,0,NULL,NULL,699,0,692300,NULL,NULL,NA,NULL,NULL,NULL,NULL,0,0,0,0,NULL,b1f5702a-7197-4c81-af42-1d3df4acaa08,NULL
53503,903500,2014,11062,5610G,"TOOLCAT 5610G SWEEPER",B2LH11053," ",4459,"2026-07-16 21:00:59",265,25018,0,45,1,1,1,0,0,0,0,0,0,0,0,NULL,NULL,699,0,903500,NULL,NULL,,NULL,NULL,10024398,NULL,0,0,0,0,NULL,d3b6a22c-8b9b-4f41-aa05-8ad8b9b8526f,NULL
53504,737100,NULL,10429," ","8X10 HUESE HOUSE",," ",4442,"2026-07-16 21:01:29",265,25025,0,45,1,1,1,0,0,0,0,0,0,0,0,NULL,NULL,699,0,737100,NULL,NULL,,NULL,NULL,NULL,NULL,0,0,0,0,NULL,29b586dc-0fa9-4968-a511-b65c8950c200,NULL
53505,694000,2026,10429," ","CAMERA/SECURITY TRAILER w/Full 260 PTZ Camera (on RPO NCM)",TTI164020," ",4473,"2026-07-16 21:01:30",265,25125,0,45,1,1,1,0,0,1,0,0,0,0,0,NULL,NULL,699,0,694000,NULL,NULL,,NULL,NULL,NULL,NULL,0,0,0,0,NULL,58f325f1-7cb3-44f7-afba-bd6d2fb34cbe,NULL
53506,787500,1987,10429," ","DORSEY TOOL VAN TLR"," ",1DTV61X22HW026746,4413,"2026-07-16 21:01:57",265,25044,0,45,1,1,1,0,0,0,0,0,0,0,0,NULL,NULL,699,0,787500,NULL,NULL,686045,NULL,NULL,NULL,NULL,0,0,0,0,NULL,c21fd574-d1a1-4bac-a55c-8328b3eb0297,NULL
53507,692200,2025,10429," ","CAMERA/SECURITY TRAILER w/ Full 360 PTZ Camera",TTI164011," ",4473,"2026-07-16 21:01:57",265,25089,0,45,1,1,1,0,0,0,0,0,0,0,0,NULL,NULL,699,0,692200,NULL,NULL,NA,NULL,NULL,NULL,NULL,0,0,0,0,NULL,4b9fddbb-fd84-464f-855a-7057cfa086d4,NULL
53508,792600,NULL,10429," ","8X20 CARGO CONTAINER",2241990," ",4414,"2026-07-16 21:02:57",265,25018,0,45,1,1,1,0,0,0,0,0,0,0,0,NULL,NULL,699,0,792600,NULL,NULL,NULL,NULL,NULL,NULL,NULL,0,0,0,0,NULL,4817a8db-d9b6-499b-a9af-8ea418f6af50,NULL
53509,795200,NULL,10429," ","8X20 CARGO CONTAINER"," "," ",4414,"2026-07-16 21:03:38",265,25018,0,45,1,1,1,0,0,0,0,0,0,0,0,NULL,NULL,699,0,795200,NULL,NULL,NULL,NULL,NULL,NULL,NULL,0,0,0,0,NULL,c86d6a7d-3f95-4720-a690-5a0944291a2f,NULL
53510,661500,2012,10429," ","DELMAG D30-32  PILE HAMMER",7695K," ",4529,"2026-07-16 21:04:02",265,25018,0,45,1,1,1,0,0,0,0,0,0,0,0,NULL,NULL,699,0,661500,NULL,NULL,NULL,NULL,NULL,NULL,NULL,0,0,0,1,NULL,aaede4a1-5a59-459d-9476-f5dd7f98e38a,NULL
53511,819000,2010,10429," ","MILLER TRAILBLAZER 302 WELDER",MA090055M," ",4333,"2026-07-16 21:04:03",265,24981,0,45,1,1,1,0,0,0,0,0,0,0,0,NULL,NULL,699,0,819000,NULL,NULL,NULL,NULL,NULL,10024179,NULL,0,0,0,0,NULL,bb2cc71a-6758-4c92-a145-00c2b2188f47,NULL
53512,786600,1988,10429," ","AMERICAN A455 TOOL VAN-",1YKRO4823J3044229," ",4413,"2026-07-16 21:04:38",265,25106,0,45,1,1,1,0,0,0,0,0,0,0,0,NULL,NULL,699,0,786600,NULL,NULL,686048,NULL,NULL,NULL,NULL,0,0,0,0,NULL,94b636d0-ba4b-44ca-aee5-490509c41cf9,NULL
53513,899600,1981,10429,"BULK TRAILER EQUIP C","WATER TANKER-7,500 GAL"," ",1PTF15SJ6B4000171,4351,"2026-07-16 21:04:38",265,25122,0,45,1,1,1,0,0,0,0,0,0,0,0,NULL,NULL,699,0,899600,NULL,NULL,686059,NULL,NULL,NULL,NULL,0,0,0,0,NULL,76a504d6-f99c-498f-93c7-a1c246462420,NULL
53514,753100,NULL,10429," ","8X20 CARGO STORAGE UNIT"," "," ",4414,"2026-07-16 21:04:39",265,25122,0,45,1,1,1,0,0,0,0,0,0,0,0,NULL,NULL,699,0,753100,NULL,NULL,NULL,NULL,NULL,NULL,NULL,0,0,0,0,NULL,e993836f-a783-4e16-a0f4-bebbad942088,NULL
53515,751100,NULL,10429," ","CONNEX 20' STEEL CONTAINER",350203," ",4414,"2026-07-16 21:04:39",265,25122,0,45,1,1,1,0,0,0,0,0,0,0,0,NULL,NULL,699,0,751100,NULL,NULL,NULL,NULL,NULL,NULL,NULL,0,0,0,0,NULL,1db0dd45-f55f-42f2-8fe1-43eda914612d,NULL
53516,735600,NULL,10429," ","8X10 HUESE HOUSE"," "," ",4442,"2026-07-16 21:04:39",265,25018,0,45,1,1,1,0,0,0,0,0,0,0,0,NULL,NULL,699,0,735600,NULL,NULL,NULL,NULL,NULL,NULL,NULL,0,0,0,0,NULL,5dc1383e-0f4f-425f-b0a3-fd3d5e57600c,NULL
53517,750600,2002,10429," ","PACE AMER BOX TRAILER 16'X7' (GERMAN CHAVEZ)"," ",4P2UB14202U029252,4526,"2026-07-16 21:04:40",265,25129,0,45,1,1,1,0,0,0,0,0,0,0,0,NULL,NULL,699,0,750600,NULL,NULL,DTPK48,NULL,NULL,NULL,NULL,0,0,0,0,NULL,7886f75d-c950-4326-a1e6-d36669b7aa6e,NULL
53518,827300,2015,10429," ","MILLER BIG BLU 400 PRO WELDER",MF150096E," ",4333,"2026-07-16 21:05:08",265,25058,0,45,1,1,1,0,0,0,0,0,0,0,0,NULL,NULL,699,0,827300,NULL,NULL,,NULL,NULL,10024200,NULL,0,0,1,0,NULL,522e33d6-a98e-41f1-b5f3-31d7583df107,NULL
53519,892600,NULL,10429," ","CRANE HOUSE TRAILER CHASIS"," "," ",4525,"2026-07-16 21:06:13",265,25018,0,45,1,1,1,0,0,0,0,0,0,0,0,NULL,NULL,699,0,892600,NULL,NULL,NULL,NULL,NULL,NULL,NULL,0,0,0,0,NULL,565e1fc3-04d0-4731-a146-8305e82bdb68,NULL
53520,750200,NULL,10429," ","8X40 CONEX BOX"," "," ",4414,"2026-07-16 21:06:45",265,25018,0,45,1,1,1,0,0,0,0,0,0,0,0,NULL,NULL,699,0,750200,NULL,NULL,NULL,NULL,NULL,NULL,NULL,0,0,0,0,NULL,13bf913f-e08a-4fc4-9896-8d094f1dd6d5,NULL
53521,790100,NULL,10429," ","8X20 CARGO CONTAINER","YMLU 2237931"," ",4414,"2026-07-16 21:06:45",265,24981,0,45,1,1,1,0,0,0,0,0,0,0,0,NULL,NULL,699,0,790100,NULL,NULL,NA,NULL,NULL,NULL,NULL,0,0,0,0,NULL,ab9f7ac6-c48b-4694-9c52-506598d22ed9,NULL
53522,895700,NULL,10429," ","STRIPPING PLATFORM OVERHANG"," "," ",4527,"2026-07-16 21:06:45",265,25018,0,45,1,1,1,0,0,0,0,0,0,0,0,NULL,NULL,699,0,895700,NULL,NULL,NULL,NULL,NULL,NULL,NULL,0,0,0,0,NULL,da4c2194-8a17-4224-b816-077d0f4da373,NULL
53523,891700,NULL,10429," ","TORQUE TECH TW20000K WINCH  #3",8917-3," ",4352,"2026-07-16 21:06:46",265,24981,0,45,1,1,1,0,0,0,0,0,0,0,0,NULL,NULL,699,0,891700,NULL,NULL,NA,NULL,NULL,NULL,NULL,0,0,0,0,NULL,543783ee-9f7f-424f-a48b-3839a9895714,NULL
53524,902300,2013,10429," ","HW119 DOUBLE WINCH 60HP",HW119," ",4465,"2026-07-16 21:06:46",265,25025,0,45,1,1,1,0,0,0,0,0,0,0,0,NULL,NULL,699,0,902300,NULL,NULL,,NULL,NULL,10024392,NULL,0,0,0,1,NULL,266e9c36-6eaf-4a87-8d1c-5ae57553634d,NULL
53525,756700,2018,10429," ","24' X 60' MODULAR OFFICE BUILDING",," ",4544,"2026-07-16 21:06:47",265,25129,0,45,1,1,1,0,0,0,0,0,0,0,0,NULL,NULL,699,0,756700,NULL,NULL,NA,NULL,NULL,NULL,NULL,0,0,0,0,NULL,d11bcab6-2a4e-4116-8369-84e1f7ad584b,NULL
53526,895400,2003,10429," ","WATER TANK WAGON-500 GAL",ID47007392CO," ",4502,"2026-07-16 21:06:47",265,24981,0,45,1,1,1,0,0,0,0,0,0,0,0,NULL,NULL,699,0,895400,NULL,NULL,DXGK45,NULL,NULL,NULL,NULL,0,0,0,0,NULL,b1a7b1b8-41da-44d2-b9ca-87e45f01e300,NULL
53527,788300,NULL,10429," ","8X20 CARGO CONTAINER",MIT#2826513," ",4414,"2026-07-16 21:07:12",265,25136,0,45,1,1,1,0,0,0,0,0,0,0,0,NULL,NULL,699,0,788300,NULL,NULL,,NULL,NULL,NULL,NULL,0,0,0,0,NULL,722db3ad-61ec-4571-9b40-c8e3204d1c11,NULL
53528,737000,NULL,10429," ","8X10 HUESE HOUSE",," ",4442,"2026-07-16 21:07:13",265,25025,0,45,1,1,1,0,0,0,0,0,0,0,0,NULL,NULL,699,0,737000,NULL,NULL,,NULL,NULL,NULL,NULL,0,0,0,0,NULL,8877f432-f463-4819-a2a6-9d0f3463da6c,NULL
53529,826300,2013,10429," ","MILLER TRAILBLAZER 302 WELDER",MC500974R," ",4333,"2026-07-16 21:07:13",265,25106,0,45,1,1,1,0,0,0,0,0,0,0,0,NULL,NULL,699,0,826300,NULL,NULL,,NULL,NULL,10024182,NULL,0,0,0,0,NULL,3738de12-26ce-440a-afdc-0107e9661847,NULL
53530,892100,2001,10390,GX620-QDW,"HYD PUMP FOR RR JACKING SYSTEM",," ",4417,"2026-07-16 21:07:14",265,25018,0,45,1,1,1,0,0,0,0,0,0,0,0,NULL,NULL,699,0,892100,NULL,NULL,,NULL,NULL,9802679,NULL,0,0,0,0,NULL,85c44e2d-085a-426b-bca7-d513def5432e,NULL
53531,893000,NULL,10429," ","CONCR CURE TANK-250G ON TRLR",ID47006580CO," ",4501,"2026-07-16 21:07:14",265,25129,0,45,1,1,1,0,0,0,0,0,0,0,0,NULL,NULL,699,0,893000,NULL,NULL,DOSH25,NULL,NULL,NULL,NULL,0,0,0,0,NULL,56d6299f-5ccd-4726-9a5d-618677c5c8a3,NULL
53532,752400,NULL,10429," ","8X20 CARGO CONTAINER",2689829," ",4414,"2026-07-16 21:07:14",265,25122,0,45,1,1,1,0,0,0,0,0,0,0,0,NULL,NULL,699,0,752400,NULL,NULL,NULL,NULL,NULL,NULL,NULL,0,0,0,0,NULL,ae832cd1-6407-44b6-b676-484df170a525,NULL
53533,893800,NULL,10429," ","FM CLYDE #7 WINCH-2 DRUM",25437," ",4465,"2026-07-16 21:07:43",265,25018,0,45,1,1,1,0,0,0,0,0,0,0,0,NULL,NULL,699,0,893800,NULL,NULL,NULL,NULL,NULL,9802681,NULL,0,0,0,1,NULL,7e25531a-58d9-45ba-80e7-4097ddc8c04d,NULL
53534,554000,2013,11058,"HAVSD12WSA --- B&B S","FONTAINE 48'STEPDECK TRAILER"," ",13N248200D1559987,4486,"2026-07-16 21:07:43",265,25122,0,45,1,1,1,0,0,0,0,0,0,0,0,NULL,NULL,699,0,554000,NULL,NULL,686039,NULL,NULL,NULL,NULL,0,0,0,0,NULL,a4dfe27a-10ac-48bd-8c6b-64e7b2ef809c,NULL
53535,798100,NULL,10429," ","40' SEA CONTAINER"," "," ",4414,"2026-07-16 21:07:44",265,24981,0,45,1,1,1,0,0,0,0,0,0,0,0,NULL,NULL,699,0,798100,NULL,NULL,NA,NULL,NULL,NULL,NULL,0,0,0,0,NULL,9830aa8b-d70b-46fc-890c-9303da9d2857,NULL
53536,753600,2012,10429,TSTV716WT2,"7X16 ENCLOSED TRAILER HAULMARK (TRAUTLEIN, JUSTIN)"," ",16HPB1624CH191961,4526,"2026-07-16 21:07:44",265,25122,0,45,1,1,1,0,0,0,0,0,0,0,0,NULL,NULL,699,0,753600,NULL,NULL,XR95126,NULL,NULL,NULL,NULL,0,0,0,0,NULL,54d6eaf9-6ae5-4c72-8e6a-62868b11de40,NULL
53537,891400,NULL,10429," ","TORQUE TECH TW20000K WINCH  #8",8914-8," ",4352,"2026-07-16 21:07:45",265,24981,0,45,1,1,1,0,0,0,0,0,0,0,0,NULL,NULL,699,0,891400,NULL,NULL,NA,NULL,NULL,NULL,NULL,0,0,0,0,NULL,46911c20-2f94-404b-b73e-e1364904651a,NULL
53539,902000,2013,10429," ","EASY-KLEEN PRESSURE WASHER",13560," ",4538,"2026-07-16 21:07:45",265,24981,0,45,1,1,1,0,0,0,0,0,0,0,0,NULL,NULL,699,0,902000,NULL,NULL,NA,NULL,NULL,NULL,NULL,0,0,0,0,NULL,90946d5c-9c1a-43f0-a12c-d32bcd361e46,NULL
53540,894500,NULL,10429," ","OVERHANG STRIPPING WAGON",," ",4353,"2026-07-16 21:08:12",265,25042,0,45,1,1,1,0,0,0,0,0,0,0,0,NULL,NULL,699,0,894500,NULL,NULL,,NULL,NULL,NULL,NULL,0,0,0,0,NULL,969f0be5-f1e7-4e14-ad46-99c90788245c,NULL
53541,758100,2023,10429," ","40' LAB & OFFICE CONEX",40-513128-4," ",4392,"2026-07-16 21:08:13",265,25089,0,45,1,1,1,0,0,0,0,0,0,0,0,NULL,NULL,699,0,758100,NULL,NULL,NA,NULL,NULL,NULL,NULL,0,0,0,0,NULL,5edc2a35-bdc2-4713-b2a7-ed6f526085fa,NULL
53542,753200,NULL,10429," ","8X20 CARGO STORAGE UNIT"," "," ",4414,"2026-07-16 21:08:13",265,25122,0,45,1,1,1,0,0,0,0,0,0,0,0,NULL,NULL,699,0,753200,NULL,NULL,NULL,NULL,NULL,NULL,NULL,0,0,0,0,NULL,7c793b0f-6066-4276-9706-e4857bb725ca,NULL
53543,R-I33003,NULL,10429,LR1300SX,"LR1300SX LATTICE CRAWLER 330T (Ideal)",138-420," ",4389,"2026-07-16 21:08:13",265,25044,0,45,1,1,1,0,0,1,0,0,0,0,0,NULL,NULL,699,0,R-I33003,NULL,NULL,,NULL,NULL,10011731,NULL,0,0,0,1,NULL,9a745ea1-c172-41a5-87d1-634a5db5bc01,NULL
53544,790900,1989,10429," ","GREAT DANE 48X96 STORAGE VAN"," ",1GRAA942XKW012907,4413,"2026-07-16 21:08:14",265,25110,0,45,1,1,1,0,0,0,0,0,0,0,0,NULL,NULL,699,0,790900,NULL,NULL,686056,NULL,NULL,NULL,NULL,0,0,0,0,NULL,d0597a92-be65-46d7-a86c-727a0b839320,NULL
53545,797900,NULL,10429," ","8X20 CARGO CONTAINER","FFFU 000076"," ",4414,"2026-07-16 21:08:14",265,24981,0,45,1,1,1,0,0,0,0,0,0,0,0,NULL,NULL,699,0,797900,NULL,NULL,NA,NULL,NULL,NULL,NULL,0,0,0,0,NULL,87a9841d-66b7-4863-98ae-dcced6ae9dda,NULL
53546,898900,NULL,10429," ","STRIPPING PLATFORM 46'"," "," ",4527,"2026-07-16 21:08:15",265,25018,0,45,1,1,1,0,0,0,0,0,0,0,0,NULL,NULL,699,0,898900,NULL,NULL,NULL,NULL,NULL,NULL,NULL,0,0,0,0,NULL,4bd79a77-ed9d-41b3-b58b-55f79b29052d,NULL
53547,825300,2011,10429," ","MILLER TRAILBLAZER 302 WELDER (AUCTION LIST 07/30/26)",MB020204M," ",4333,"2026-07-16 21:08:17",265,25018,0,45,1,1,1,0,0,0,0,0,0,0,0,NULL,NULL,699,0,825300,NULL,NULL,,NULL,NULL,9905467,NULL,0,0,0,0,NULL,4b890446-447a-47ac-92d2-57ee98292f66,NULL
53548,598500,2014,10429,XAS185JD7,"ATLAS COPCO 185 AIR COMPRESSOR",HOP044590," ",4349,"2026-07-16 21:09:13",265,25045,0,45,1,1,1,0,0,0,0,0,0,0,0,NULL,NULL,699,0,598500,NULL,NULL,NULL,NULL,NULL,10023866,NULL,0,0,0,0,NULL,754b89a9-a4c3-4aed-813c-6a029925b033,NULL
53549,794200,NULL,10429," ","8X20 CARGO CONTAINER","WHITE #0112"," ",4414,"2026-07-16 21:09:14",265,25018,0,45,1,1,1,0,0,0,0,0,0,0,0,NULL,NULL,699,0,794200,NULL,NULL,NULL,NULL,NULL,NULL,NULL,0,0,0,0,NULL,6377523a-186e-4d28-89fd-77bb5bbd6419,NULL
53550,828000,2017,10287,"TRAIL BLAZER","MILLER TRAIL BLAZER 302 DIESEL WELDER",MH090053R," ",4333,"2026-07-16 21:09:15",265,25018,0,45,1,1,1,0,0,0,0,0,0,0,0,NULL,NULL,699,0,828000,NULL,NULL,,NULL,NULL,9905469,NULL,0,0,1,0,NULL,5ee9edeb-f129-4bd8-8bbb-484789ef3fa0,NULL
53551,754300,2001,10429,"NTS TRAILER SERVICES","TOOL VAN TRAILER 53'"," ",1JJV532W51L780790,4413,"2026-07-16 21:09:54",265,25018,0,45,1,1,1,0,0,0,0,0,0,0,0,NULL,NULL,699,0,754300,NULL,NULL,686036,NULL,NULL,NULL,NULL,0,0,0,0,NULL,f83cd039-dbc6-4b02-a115-e64208f189f4,NULL
53552,693600,2026,10429," ","CAMERA/SECURITY TRAILER w/ Full 360 PTZ Camera",TTI164030," ",4473,"2026-07-16 21:10:22",265,24981,0,45,1,1,1,0,0,0,0,0,0,0,0,NULL,NULL,699,0,693600,NULL,NULL,NA,NULL,NULL,NULL,NULL,0,0,0,0,NULL,8d095755-8be1-4abd-9698-ffacac9a2044,NULL
53553,795300,NULL,10429," ","8X40 CARGO CONTAINER"," "," ",4414,"2026-07-16 21:10:23",265,25018,0,45,1,1,1,0,0,0,0,0,0,0,0,NULL,NULL,699,0,795300,NULL,NULL,NULL,NULL,NULL,NULL,NULL,0,0,0,0,NULL,cb2a654b-97c2-4152-b12e-35e4652d6ee0,NULL
53554,752500,2007,10429," ","32X8 MOBILE OFFICE",SMI39583," ",4296,"2026-07-16 21:10:23",265,24980,0,45,1,1,1,0,0,0,0,0,0,0,0,NULL,NULL,699,0,752500,NULL,NULL,DTPK49,NULL,NULL,NULL,NULL,0,0,0,0,NULL,ee3e41ff-3899-4365-afca-d2511d8e7b1b,NULL
53555,795800,NULL,10429," ","8X20 CARGO CONTAINER",6000240," ",4414,"2026-07-16 21:10:23",265,25122,0,45,1,1,1,0,0,0,0,0,0,0,0,NULL,NULL,699,0,795800,NULL,NULL,NULL,NULL,NULL,NULL,NULL,0,0,0,0,NULL,16a3f4cf-2a07-48f2-bb7e-7d1ab24c8d8f,NULL
53556,751700,NULL,10429," ","8 X 20 CARGO CONTAINER",GSTU-367818," ",4414,"2026-07-16 21:10:24",265,25122,0,45,1,1,1,0,0,0,0,0,0,0,0,NULL,NULL,699,0,751700,NULL,NULL,NULL,NULL,NULL,NULL,NULL,0,0,0,0,NULL,bb2a8794-a093-455d-a6e1-fc6ea50c27ec,NULL
53557,790400,NULL,10429," ","8X20 CARGO CONTAINER",2275058," ",4414,"2026-07-16 21:10:24",265,25018,0,45,1,1,1,0,0,0,0,0,0,0,0,NULL,NULL,699,0,790400,NULL,NULL,NULL,NULL,NULL,NULL,NULL,0,0,0,0,NULL,a9748c30-7b76-4d95-b4cb-33f979312ddc,NULL
53558,794700,NULL,10429," ","8X20 CARGO CONTAINER","WHITE #0122"," ",4414,"2026-07-16 21:10:25",265,25062,0,45,1,1,1,0,0,0,0,0,0,0,0,NULL,NULL,699,0,794700,NULL,NULL,NA,NULL,NULL,NULL,NULL,0,0,0,0,NULL,0f72373a-3076-47a8-9433-a7ef1dc3df5a,NULL
53559,752300,NULL,10429," ","8X20 CARGO CONTAINER CONEX"," "," ",4414,"2026-07-16 21:10:25",265,25122,0,45,1,1,1,0,0,0,0,0,0,0,0,NULL,NULL,699,0,752300,NULL,NULL,NULL,NULL,NULL,NULL,NULL,0,0,0,0,NULL,57bbb070-9ff0-4c9b-82e9-4a86ecf0f86b,NULL
53560,751800,NULL,10429," ","8 X 20 CARGO CONTAINER",2161700," ",4414,"2026-07-16 21:10:25",265,25122,0,45,1,1,1,0,0,0,0,0,0,0,0,NULL,NULL,699,0,751800,NULL,NULL,NULL,NULL,NULL,NULL,NULL,0,0,0,0,NULL,005dcd40-55a7-4b8e-906d-154554f3e651,NULL
53561,736900,NULL,10429," ","8X10 HUESE HOUSE"," "," ",4442,"2026-07-16 21:10:52",265,25122,0,45,1,1,1,0,0,0,0,0,0,0,0,NULL,NULL,699,0,736900,NULL,NULL,NULL,NULL,NULL,NULL,NULL,0,0,0,0,NULL,8acb0d48-2809-4f87-b4f9-1d92a2c5b0b4,NULL
53562,755100,NULL,10429," ","20' CONEX CARGO CONTAINER"," "," ",4414,"2026-07-16 21:10:53",265,25018,0,45,1,1,1,0,0,0,0,0,0,0,0,NULL,NULL,699,0,755100,NULL,NULL,NULL,NULL,NULL,NULL,NULL,0,0,0,0,NULL,4907dd77-fd4d-4746-aefb-2d4cf31f5839,NULL
53563,788800,NULL,10429," ","BLANKET CONTAINER FOR 6X25s",MIT#2934531," ",4414,"2026-07-16 21:10:53",265,25018,0,45,1,1,1,0,0,0,0,0,0,0,0,NULL,NULL,699,0,788800,NULL,NULL,NULL,NULL,NULL,NULL,NULL,0,0,0,0,NULL,f8851300-3f39-4c3d-9a55-7e7fa1565018,NULL
53564,900700,NULL,10429," ","6" SUBMERSIBLE HYD WATER PUMP",PE4045D657246," ",4533,"2026-07-16 21:10:53",265,25018,0,45,1,1,1,0,0,0,0,0,0,0,0,NULL,NULL,699,0,900700,NULL,NULL,NULL,NULL,NULL,10024386,NULL,0,0,0,0,NULL,6caf845c-de3a-454c-a4ce-bf9fed1c0755,NULL
53565,891200,NULL,10429," ","TORQUE TECH TW20000K WINCH  #1",8912-1," ",4352,"2026-07-16 21:10:54",265,24981,0,45,1,1,1,0,0,0,0,0,0,0,0,NULL,NULL,699,0,891200,NULL,NULL,NA,NULL,NULL,NULL,NULL,0,0,0,0,NULL,475a1633-5ad1-4c64-bf05-ce1bf53ee8b7,NULL
53566,753000,NULL,10429," ","8X20 CARGO STORAGE UNIT"," "," ",4414,"2026-07-16 21:10:55",265,25122,0,45,1,1,1,0,0,0,0,0,0,0,0,NULL,NULL,699,0,753000,NULL,NULL,NULL,NULL,NULL,NULL,NULL,0,0,0,0,NULL,b5c24fc2-604e-476d-b417-31900cd4422f,NULL
53567,826700,2014,10429," ","MILLER BIG BLU 400 PRO WELDER",ME100217E," ",4333,"2026-07-16 21:10:55",265,25067,0,45,1,1,1,0,0,0,0,0,0,0,0,NULL,NULL,699,0,826700,NULL,NULL,,NULL,NULL,10022318,NULL,0,0,0,0,NULL,d05f4e00-b132-4ecb-9175-8e29af12f152,NULL
53568,877200,1989,10429," ","BRIDGE TEXTURE MACHINE    1989",," ",4551,"2026-07-16 21:11:22",265,25018,0,45,1,1,1,0,0,0,0,0,0,0,0,NULL,NULL,699,0,877200,NULL,NULL,,NULL,NULL,NULL,NULL,0,0,0,0,NULL,b87f3064-fa04-4807-a6df-32708af4c93e,NULL
53569,799300,NULL,10429,"FROM FAK","48' Tool Storage Trailer"," ",1PMR04822D3036728,4413,"2026-07-16 21:12:03",265,24981,0,45,1,1,1,0,0,0,0,0,0,0,0,NULL,NULL,699,0,799300,NULL,NULL,686017,NULL,NULL,NULL,NULL,0,0,0,0,NULL,cc8569bd-986d-4509-b862-2975d2ecc9bd,NULL
53570,736100,NULL,10429," ","8X10 HUESE HOUSE"," "," ",4442,"2026-07-16 21:12:03",265,24981,0,45,1,1,1,0,0,0,0,0,0,0,0,NULL,NULL,699,0,736100,NULL,NULL,NA,NULL,NULL,NULL,NULL,0,0,0,0,NULL,4ad1cedb-1242-4d2c-97f1-d37b4419a021,NULL
53571,790200,NULL,10429," ","8X20 CARGO CONTAINER","YMLU 2306816"," ",4414,"2026-07-16 21:12:32",265,25018,0,45,1,1,1,0,0,0,0,0,0,0,0,NULL,NULL,699,0,790200,NULL,NULL,NULL,NULL,NULL,NULL,NULL,0,0,0,0,NULL,a803647f-4e22-4a30-a9b1-cdd79dab63e4,NULL
53572,111002,NULL,10429," ","ADD 3RD DRUM ASSY-900 SERIES"," "," ",4514,"2026-07-16 21:12:33",265,25018,0,45,1,0,1,0,0,0,0,0,0,0,0,NULL,NULL,699,0,111002,NULL,NULL,NULL,NULL,NULL,NULL,NULL,0,0,0,0,NULL,b61eb5e0-cfe0-476e-8dad-d7099f0bf693,NULL
53573,553600,2011,10429," ","RAILROAD SERVICE CART (RF)",103," ",4478,"2026-07-16 21:12:33",265,25018,0,45,1,1,1,0,0,0,0,0,0,0,0,NULL,NULL,699,0,553600,NULL,NULL,NULL,NULL,NULL,NULL,NULL,0,0,0,0,NULL,893a7f23-5d39-44a6-98b2-e036a92bf673,NULL
53574,750300,NULL,10429," ","8X40 CONEX BOX"," "," ",4414,"2026-07-16 21:13:02",265,25018,0,45,1,1,1,0,0,0,0,0,0,0,0,NULL,NULL,699,0,750300,NULL,NULL,NULL,NULL,NULL,NULL,NULL,0,0,0,0,NULL,ae34babe-48fb-463b-8186-cc64ff7e3e6a,NULL
53575,894601,2005,10429,"HOME MADE","CABLE WINDER ON TRAILER",10000000000002944WI," ",4499,"2026-07-16 21:13:03",265,25018,0,45,1,0,1,0,0,0,0,0,0,0,0,NULL,NULL,699,0,894601,NULL,NULL,CA21424,NULL,NULL,NULL,NULL,0,0,0,0,NULL,6f75621f-542e-479f-befb-b04055fc3047,NULL
53576,660800,NULL,10429," ","V-5 TIMBER PILE ATTACHMENT"," "," ",4470,"2026-07-16 21:13:04",265,25122,0,45,1,1,1,0,0,0,0,0,0,0,0,NULL,NULL,699,0,660800,NULL,NULL,NULL,NULL,NULL,NULL,NULL,0,0,0,1,NULL,b417deb4-3694-464e-a5f8-ab1d9dbeb143,NULL
53577,789700,1984,10429," ","DORSEY 48'X102"TLR VAN"," ",1DTV61X21EW018049,4413,"2026-07-16 21:13:57",265,25136,0,45,1,1,1,0,0,0,0,0,0,0,0,NULL,NULL,699,0,789700,NULL,NULL,686051,NULL,NULL,NULL,NULL,0,0,0,0,NULL,93964d65-1b94-4c95-9952-9b18acdbc8df,NULL
53578,901600,2007,10429," ","CAT P5000 INDUSTRIAL FORKLIFT",AT3520268," ",4318,"2026-07-16 21:13:58",265,25122,0,45,1,1,1,0,0,0,0,0,0,0,0,NULL,NULL,699,0,901600,NULL,NULL,,NULL,NULL,9802705,NULL,0,0,0,0,NULL,55d07ceb-d73c-4d89-a6a5-e1422fc96975,NULL
53579,787400,1989,10429," ","AMERICAN TOOL VAN TRAILER",1YKRO4829K3046097," ",4413,"2026-07-16 21:14:32",265,25018,0,45,1,1,1,0,0,0,0,0,0,0,0,NULL,NULL,699,0,787400,NULL,NULL,686046,NULL,NULL,NULL,NULL,0,0,0,0,NULL,f51c0bb5-5ec9-4dd0-82a4-d9cf6a211fa8,NULL
53580,890701,2003,10429," ","BIDWELL LONGITUDINAL TINER"," "," ",4525,"2026-07-16 21:14:33",265,25018,0,45,1,0,1,0,0,0,0,0,0,0,0,NULL,NULL,699,0,890701,NULL,NULL,NULL,NULL,NULL,NULL,NULL,0,0,0,0,NULL,b26f0bfb-fec6-41aa-9f87-eeb48d220e40,NULL
53581,754500,2001,10429,"NTS TRAILER SERVICES","TOOL VAN TRAILER 53'"," ",1JJV532W91L780775,4413,"2026-07-16 21:14:34",265,25071,0,45,1,1,1,0,0,0,0,0,0,0,0,NULL,NULL,699,0,754500,NULL,NULL,686044,NULL,NULL,NULL,NULL,0,0,0,0,NULL,b83f0620-2bec-4694-acb4-a3cf15d4d372,NULL
53582,827000,2015,10429," ","MILLER BIG BLU 400 PRO WELDER",MF150093E," ",4333,"2026-07-16 21:15:02",265,25025,0,45,1,1,1,0,0,0,0,0,0,0,0,NULL,NULL,699,0,827000,NULL,NULL,,NULL,NULL,10022849,NULL,0,0,0,0,NULL,58356f77-7f6e-408b-8c0b-4c0c76077c0f,NULL
53583,879000,1988,10429," ","BIDWELL BR202 HD BRIDGE FINISH",BR87623-2HD," ",4295,"2026-07-16 21:15:38",265,25122,0,45,1,1,1,0,0,0,0,0,0,0,0,NULL,NULL,699,0,879000,NULL,NULL,NULL,NULL,NULL,9802670,NULL,0,0,0,0,NULL,630e1b51-f55b-4c8f-b105-d88c300f1709,NULL
53584,898500,NULL,10429," ","ACCESS/STRIPPING WAGON-HDUTY",4882," ",4353,"2026-07-16 21:15:38",265,25018,0,45,1,1,1,0,0,0,0,0,0,0,0,NULL,NULL,699,0,898500,NULL,NULL,NULL,NULL,NULL,NULL,NULL,0,0,0,0,NULL,f3f57cd2-9d88-4796-9fbc-1add125d6472,NULL
53585,754200,2002,10429,"NTS TRAILER SERVICES","TOOL VAN TRAILER 53'-SCHNEIDER"," ",1JJV532W82L757442,4413,"2026-07-16 21:15:39",265,25025,0,45,1,1,1,0,0,0,0,0,0,0,0,NULL,NULL,699,0,754200,NULL,NULL,686037,NULL,NULL,NULL,NULL,0,0,0,0,NULL,26da3a87-afe8-4847-8598-d1586051503a,NULL
53586,825400,2011,10429," ","MILLER TRAILBLAZER 302 WELDER",MB070076M," ",4333,"2026-07-16 21:16:08",265,25018,0,45,1,1,1,0,0,0,0,0,0,0,0,NULL,NULL,699,0,825400,NULL,NULL,NULL,NULL,NULL,9905468,NULL,0,0,0,0,NULL,bc4cca0d-7996-40d6-a7b8-0b27fbf89dd5,NULL
53587,753300,NULL,10429," ","8X20 CARGO STORAGE UNIT"," "," ",4414,"2026-07-16 21:17:58",265,25122,0,45,1,1,1,0,0,0,0,0,0,0,0,NULL,NULL,699,0,753300,NULL,NULL,NULL,NULL,NULL,NULL,NULL,0,0,0,0,NULL,005b4905-23ed-4feb-89ed-065b8765ae24,NULL
53588,795700,NULL,10429," ","8X20 CARGO CONTAINER",2246918," ",4414,"2026-07-16 21:17:58",265,25122,0,45,1,1,1,0,0,0,0,0,0,0,0,NULL,NULL,699,0,795700,NULL,NULL,NULL,NULL,NULL,NULL,NULL,0,0,0,0,NULL,56427586-725b-4601-bbc8-83fcfacc1f04,NULL
53589,753900,NULL,10429," ","20' STEEL STORAGE CONTAINER",2416610," ",4414,"2026-07-16 21:18:00",265,25018,0,45,1,1,1,0,0,0,0,0,0,0,0,NULL,NULL,699,0,753900,NULL,NULL,NULL,NULL,NULL,NULL,NULL,0,0,0,0,NULL,eb095fdf-9ff4-4d92-884c-f82ffc6c44f8,NULL
53590,819600,NULL,10429,"E3000G-GEN GROUNDHEA","GROUND HEATER ES-3000","2071 / 1G9UP152165201731"," ",4424,"2026-07-16 21:18:27",265,25018,0,45,1,1,1,0,0,0,0,0,0,0,0,NULL,NULL,699,0,819600,NULL,NULL,NULL,NULL,NULL,9802556,5141365,0,0,0,0,NULL,2b68bb8b-c637-4e65-a3e6-410c95da6059,NULL
53591,728700,NULL,10429," ","SAM TRAILER W TOP DISPLAY RADAR BOARD"," ",1P91F0613GG301467,4509,"2026-07-16 21:18:28",265,24981,0,45,1,1,1,0,0,0,0,0,0,0,0,NULL,NULL,699,0,728700,NULL,NULL,DTPK43,NULL,NULL,NULL,NULL,0,0,0,0,NULL,3d8680c5-e967-4da1-abc9-0bd188f169f8,NULL
53592,894101,NULL,10429," ","BIDWELL WORK PLATFORMS"," "," ",4525,"2026-07-16 21:18:57",265,25018,0,45,1,1,1,0,0,0,0,0,0,0,0,NULL,NULL,699,0,894101,NULL,NULL,NULL,NULL,NULL,NULL,NULL,0,0,0,0,NULL,c4f34df4-7b18-4321-86c3-f548e22c5c85,NULL
53593,752600,NULL,10429," ","8X20 CARGO STORAGE UNIT"," "," ",4414,"2026-07-16 21:18:58",265,25122,0,45,1,1,1,0,0,0,0,0,0,0,0,NULL,NULL,699,0,752600,NULL,NULL,NULL,NULL,NULL,NULL,NULL,0,0,0,0,NULL,4797d876-f963-414d-9484-80a121208b94,NULL
53594,728400,NULL,10429," ","SAM TRAILER W TOP DISPLAY RADAR BOARD",469," ",4509,"2026-07-16 21:19:44",265,24981,0,45,1,1,1,0,0,0,0,0,0,0,0,NULL,NULL,699,0,728400,NULL,NULL,DTPK41,NULL,NULL,NULL,NULL,0,0,0,0,NULL,fc5133da-8f7a-462f-985b-9742239a2f4c,NULL
53595,787600,1988,10429," ","UTILITY 48'X102"TLR VAN"," ",1UYVS2483JU874205,4413,"2026-07-16 21:20:18",265,25089,0,45,1,1,1,0,0,0,0,0,0,0,0,NULL,NULL,699,0,787600,NULL,NULL,686054,NULL,NULL,NULL,NULL,0,0,0,0,NULL,a92f127e-7e4d-48ec-9028-654c609a8dff,NULL
53596,670100,NULL,10429," ","CRANE BARGE-EKS 50 X 80",," ",4317,"2026-07-16 21:21:03",265,25042,0,45,1,1,1,0,0,0,0,0,0,0,0,NULL,NULL,699,0,670100,NULL,NULL,,NULL,NULL,NULL,NULL,0,0,0,1,NULL,7f7c0a0e-0ae1-40b1-828d-7ad63e6ddaa6,NULL
53597,896600,NULL,10429," ","HYD PUMP FOR RR JACKING SYSTEM",," ",4417,"2026-07-16 21:21:03",265,25018,0,45,1,1,1,0,0,0,0,0,0,0,0,NULL,NULL,699,0,896600,NULL,NULL,,NULL,NULL,NULL,NULL,0,0,0,0,NULL,5f88a417-f9a2-4df8-bfdd-2e626863ea3a,NULL
53598,898200,NULL,10429,380,"ACCESS/STRIPPING WAGON-HDUTY",24326," ",4353,"2026-07-16 21:21:57",265,25018,0,45,1,1,1,0,0,0,0,0,0,0,0,NULL,NULL,699,0,898200,NULL,NULL,NULL,NULL,NULL,NULL,NULL,0,0,0,0,NULL,68a3fbb8-830f-4d1d-88be-a8f1b47eeb16,NULL
53599,879200,1993,10429," ","WATER TANK WAGON-1800 GAL"," "," ",4351,"2026-07-16 21:22:28",265,25018,0,45,1,1,1,0,0,0,0,0,0,0,0,NULL,NULL,699,0,879200,NULL,NULL,NULL,NULL,NULL,NULL,NULL,0,0,0,0,NULL,18b998dd-0014-4e6b-9596-b0d7d94ed521,NULL
53600,895500,NULL,10429," ","STRIPPING PLATFORM OVERHANG"," "," ",4527,"2026-07-16 21:22:28",265,25018,0,45,1,1,1,0,0,0,0,0,0,0,0,NULL,NULL,699,0,895500,NULL,NULL,NULL,NULL,NULL,NULL,NULL,0,0,0,0,NULL,cfd331d7-2a02-4199-a5f2-604b83dc30b5,NULL
53601,899500,1978,10429,"BULK TRAILER EQUIP C","WATER TANKER-7,800 GAL",950240," ",4351,"2026-07-16 21:22:29",265,25018,0,45,1,1,1,0,0,0,0,0,0,0,0,NULL,NULL,699,0,899500,NULL,NULL,686058,NULL,NULL,NULL,NULL,0,0,0,0,NULL,c0c942ef-d527-437b-888e-719dc770b425,NULL
53602,894400,NULL,10429," ","OVERHANG STRIPPING WAGON"," "," ",4353,"2026-07-16 21:22:29",265,24981,0,45,1,1,1,0,0,0,0,0,0,0,0,NULL,NULL,699,0,894400,NULL,NULL,NA,NULL,NULL,NULL,NULL,0,0,0,0,NULL,b70007cf-6b1d-4c5f-a021-43920947f683,NULL
53603,898300,NULL,10429," ","DUAL PUMP PACK",304-01203," ",4525,"2026-07-16 21:22:58",265,25018,0,45,1,0,1,0,0,0,0,0,0,0,0,NULL,NULL,699,0,898300,NULL,NULL,NULL,NULL,NULL,NULL,NULL,0,0,0,0,NULL,af4b9c2a-6e7a-40d9-a5d2-451f58ccacbf,NULL
53604,647000,NULL,10429," ","STEEL BARGE HULL 10' X 30'",," ",4513,"2026-07-16 21:22:58",265,25136,0,45,1,1,1,0,0,0,0,0,0,0,0,NULL,NULL,699,0,647000,NULL,NULL,,NULL,NULL,NULL,NULL,0,0,0,1,NULL,65d4d613-d822-4e0f-b1ff-1348f33ac822,NULL
53605,893600,NULL,10429," ","20PSI PRESSURE WASHER-ON TRLR"," ",1B9AX08102P358715,4538,"2026-07-16 21:22:58",265,24981,0,45,1,1,1,0,0,0,0,0,0,0,0,NULL,NULL,699,0,893600,NULL,NULL,DOSH27,NULL,NULL,NULL,NULL,0,0,0,0,NULL,2388a6f2-ae94-4f28-9c0c-3c7dc4c2bcaa,NULL
53606,752900,NULL,10429," ","8X20 CARGO STORAGE UNIT"," "," ",4414,"2026-07-16 21:22:59",265,25122,0,45,1,1,1,0,0,0,0,0,0,0,0,NULL,NULL,699,0,752900,NULL,NULL,NULL,NULL,NULL,NULL,NULL,0,0,0,0,NULL,9ec96469-bb6a-49d4-9525-8adf9e7969dd,NULL
53607,753800,2012,10429," ","OFFICE TRAILER 10X35",827112," ",4296,"2026-07-16 21:23:27",265,25122,0,45,1,1,1,0,0,0,0,0,0,0,0,NULL,NULL,699,0,753800,NULL,NULL,NULL,NULL,NULL,NULL,NULL,0,0,0,0,NULL,7e2ec778-df30-4ed4-8559-9d895225a61a,NULL
53608,814800,NULL,10429," ","LINCOLN COMMANDER 300 WELDER (JUNK 2023)",U1010101573," ",4333,"2026-07-16 21:23:28",265,24981,0,45,1,0,1,0,0,0,0,0,0,0,0,NULL,NULL,699,0,814800,NULL,NULL,0040356335,NULL,NULL,NULL,NULL,0,0,0,0,NULL,94f35de4-0b3f-4068-a980-611cb59ec35d,NULL
53609,760300,2018,10429,115URC,"RAILROAD SERVICE CART 16'",RDRC02," ",4478,"2026-07-16 21:25:07",265,25031,0,45,1,1,1,0,0,0,0,0,0,0,0,NULL,NULL,699,0,760300,NULL,NULL,NULL,NULL,NULL,NULL,NULL,0,0,1,1,NULL,d4b713ec-1346-4b03-85b7-59c640e01bf2,NULL
53610,893200,NULL,10429," ","CONCR CURE TANK-250G ON TRLR",STICTT," ",4501,"2026-07-16 21:25:38",265,25089,0,45,1,1,1,0,0,0,0,0,0,0,0,NULL,NULL,699,0,893200,NULL,NULL,DOSH26,NULL,NULL,NULL,NULL,0,0,0,0,NULL,7e8ef50e-9b5f-4d5a-b2d2-9a282802cecc,NULL
53611,818600,2009,10429," ","MILLER TRAILBLAZER 302 WELDER",LK400034M," ",4333,"2026-07-16 21:25:39",265,25018,0,45,1,1,1,0,0,0,0,0,0,0,0,NULL,NULL,699,0,818600,NULL,NULL,NULL,NULL,NULL,9802552,NULL,0,0,0,0,NULL,6e34312b-3f31-43ba-9797-a89aeb7f7449,NULL
53612,794100,NULL,10429," ","8X20 CARGO CONTAINER","WHITE #0116"," ",4414,"2026-07-16 21:25:39",265,24981,0,45,1,1,1,0,0,0,0,0,0,0,0,NULL,NULL,699,0,794100,NULL,NULL,NA,NULL,NULL,NULL,NULL,0,0,0,0,NULL,12e74531-1912-49a3-93e2-a72f069a62f1,NULL
53613,875900,NULL,10429," ","BIDWELL BR201 FINISH MACHINE - (USED FOR PARTS ONLY!)",BR84538-2," ",4295,"2026-07-16 21:25:40",265,25018,0,45,1,0,1,0,0,0,0,0,0,0,0,NULL,NULL,699,0,875900,NULL,NULL,NULL,NULL,NULL,NULL,NULL,0,0,0,0,NULL,3c473fd2-4fee-4a00-beec-ba222c005329,NULL
53614,817600,NULL,10429," ","GROUND HEATER E3000","3000-1556 / 1G9UP15212S201139"," ",4424,"2026-07-16 21:25:40",265,25018,0,45,1,1,1,0,0,0,0,0,0,0,0,NULL,NULL,699,0,817600,NULL,NULL,NULL,NULL,NULL,9802542,5141364,0,0,0,0,NULL,5c6e86ca-2f2d-408c-a7b1-441bc3f8a070,NULL
53615,818100,2009,10429," ","MILLER TRAILBLAZER 302 WELDER",LK120205Q," ",4333,"2026-07-16 21:25:40",265,24981,0,45,1,1,1,0,0,0,0,0,0,0,0,NULL,NULL,699,0,818100,NULL,NULL,0040356340,NULL,NULL,9802546,NULL,0,0,0,0,NULL,5bb937e6-7d37-43ba-b117-3ee93ca9e8b5,NULL
53616,827400,2017,10287," ","MILLER BIG BLUE 400 PRO WELDER",MH100534R," ",4333,"2026-07-16 21:25:41",265,25026,0,45,1,1,1,0,0,0,0,0,0,0,0,NULL,NULL,699,0,827400,NULL,NULL,,NULL,NULL,10022311,NULL,0,0,0,0,NULL,68ab9377-cb01-47aa-9a0d-15872e2d5621,NULL
53617,895300,2003,10429," ","WATER TANK WAGON-500 GAL",02011," ",4502,"2026-07-16 21:25:41",265,25122,0,45,1,1,1,0,0,0,0,0,0,0,0,NULL,NULL,699,0,895300,NULL,NULL,XR34828,NULL,NULL,NULL,NULL,0,0,0,0,NULL,e431334a-e1ab-43a9-9a99-0acbe55d163c,NULL
53618,875901,NULL,10429," ","ROL-A-TAMP W/DUAL PUMP AUGERS","BIDWELL ATTACHMENT"," ",4525,"2026-07-16 21:25:41",265,25018,0,45,1,0,1,0,0,0,0,0,0,0,0,NULL,NULL,699,0,875901,NULL,NULL,NULL,NULL,NULL,NULL,NULL,0,0,0,0,NULL,4ed9e322-911f-4ca8-a6b2-87808aea1e83,NULL
53619,599400,2018,10351,XAS185,"ATLAS COPCO 185 AIR COMPRESSOR","4500A1012JR057556 / HOPO57556"," ",4349,"2026-07-16 21:25:42",265,24981,0,45,1,1,1,0,0,0,0,0,0,0,0,NULL,NULL,699,0,599400,NULL,NULL,DTPK16,NULL,NULL,10023929,NULL,0,0,1,0,NULL,750aa27b-7fb4-4c9d-885b-1219f3bb62f9,NULL
53620,894100,2002,10429," ","BIDWELL BR-4800 PAVER-36 FT",48-20021012-2-2-HD," ",4295,"2026-07-16 21:25:42",265,25045,0,45,1,1,1,0,0,0,0,0,0,0,0,NULL,NULL,699,0,894100,NULL,NULL,NULL,NULL,NULL,9802686,NULL,0,0,1,1,NULL,e3ed1959-dc8e-4b9e-a6c9-0e03c450a383,NULL
53621,736300,NULL,10429," ","8X10 HUESE HOUSE",," ",4442,"2026-07-16 21:26:08",265,25008,0,45,1,1,1,0,0,0,0,0,0,0,0,NULL,NULL,699,0,736300,NULL,NULL,,NULL,NULL,NULL,NULL,0,0,0,0,NULL,6dc64f91-8aae-4f93-b43e-f68b599fc440,NULL
53622,799900,NULL,10429," ","20' Storage Container",9955727," ",4414,"2026-07-16 21:26:08",265,24981,0,45,1,1,1,0,0,0,0,0,0,0,0,NULL,NULL,699,0,799900,NULL,NULL,NA,NULL,NULL,NULL,NULL,0,0,0,0,NULL,5810c7c2-9df2-453f-868c-fdc0ea4277c3,NULL
53623,797500,NULL,10429," ","8X20 CARGO CONTAINER",2334376," ",4414,"2026-07-16 21:26:08",265,24981,0,45,1,1,1,0,0,0,0,0,0,0,0,NULL,NULL,699,0,797500,NULL,NULL,NA,NULL,NULL,NULL,NULL,0,0,0,0,NULL,3b4309c1-6087-44e6-a0e8-2ccd741eb822,NULL
53624,736600,NULL,10429," ","8X10 HUESE HOUSE",," ",4442,"2026-07-16 21:26:09",265,25042,0,45,1,1,1,0,0,0,0,0,0,0,0,NULL,NULL,699,0,736600,NULL,NULL,,NULL,NULL,NULL,NULL,0,0,0,0,NULL,1ff3a4d1-8e24-474d-b207-f578059ab744,NULL
53625,891900,NULL,10429," ","TORQUE TECH TW20000K WINCH  #2",8919-2," ",4352,"2026-07-16 21:26:37",265,24981,0,45,1,1,1,0,0,0,0,0,0,0,0,NULL,NULL,699,0,891900,NULL,NULL,NA,NULL,NULL,NULL,NULL,0,0,0,0,NULL,77e18719-91cc-4354-8d68-9aaf1fd741ca,NULL
53626,793900,NULL,10429," ","BLANKET CONTAINER FOR 12X25s",G-69836," ",4414,"2026-07-16 21:26:38",265,25122,0,45,1,1,1,0,0,0,0,0,0,0,0,NULL,NULL,699,0,793900,NULL,NULL,NULL,NULL,NULL,NULL,NULL,0,0,0,0,NULL,5da50d49-3047-4fa1-99a0-aacc05e4e3d2,NULL
53627,694100,2026,10429," ","CAMERA/SECURITY TRAILER w/Full 260 PTZ Camera (on RPO NCM)",TTI164017," ",4473,"2026-07-16 21:27:08",265,25125,0,45,1,1,1,0,0,1,0,0,0,0,0,NULL,NULL,699,0,694100,NULL,NULL,,NULL,NULL,NULL,NULL,0,0,0,0,NULL,4c0360ae-96f1-4f5d-abdb-d0770610a592,NULL
53628,902100,2011,10429," ","HYSTER H210HD FORKLIFT",J007E01556J," ",4537,"2026-07-16 21:27:53",265,25018,0,45,1,1,1,0,0,0,0,0,0,0,0,NULL,NULL,699,0,902100,NULL,NULL,,NULL,NULL,9802710,NULL,0,0,0,0,NULL,a9f58bbb-72ab-4dbc-ae52-fe93697a170b,NULL
53629,754100,1993,10429,TW2210,"20' STEEL STORAGE CONTAINER",WHLU9300247," ",4414,"2026-07-16 21:28:23",265,24981,0,45,1,1,1,0,0,0,0,0,0,0,0,NULL,NULL,699,0,754100,NULL,NULL,NA,NULL,NULL,NULL,NULL,0,0,0,0,NULL,9c545106-eba8-4332-9482-ca463fd46e63,NULL
53630,750400,NULL,10429," ","8X20 CARGO CONTAINER",TPHU6692196-2," ",4414,"2026-07-16 21:28:24",265,25012,0,45,1,1,1,0,0,0,0,0,0,0,0,NULL,NULL,699,0,750400,NULL,NULL,,NULL,NULL,NULL,NULL,0,0,0,0,NULL,e558aa6e-8755-400b-8f8f-8bd0006e2ebf,NULL
53631,789800,1987,10429," ","GREAT DANE 48X102 TRAILER VAN"," ",1GRAA9627JB057709,4413,"2026-07-16 21:28:25",265,25122,0,45,1,1,1,0,0,0,0,0,0,0,0,NULL,NULL,699,0,789800,NULL,NULL,686055,NULL,NULL,NULL,NULL,0,0,0,0,NULL,50d8a732-433b-4e9b-80c2-149a3976bdc3,NULL
53632,693500,2026,10429," ","CAMERA/SECURITY TRAILER w/ Full 360 PTZ Camera",TTI164029," ",4473,"2026-07-16 21:28:53",265,24981,0,45,1,1,1,0,0,0,0,0,0,0,0,NULL,NULL,699,0,693500,NULL,NULL,NA,NULL,NULL,NULL,NULL,0,0,0,0,NULL,5407e641-332e-4fb9-ab8b-8cf3a74f8360,NULL
53633,820000,2011,10429," ","MILLER TRAILBLAZER 302 WELDER",MB020202M," ",4333,"2026-07-16 21:28:53",265,24981,0,45,1,1,1,0,0,0,0,0,0,0,0,NULL,NULL,699,0,820000,NULL,NULL,0040356332,NULL,NULL,9802560,NULL,0,0,0,0,NULL,a39d651a-0442-4931-8e99-effbab0a6894,NULL
53634,751200,NULL,10429," ","CONNEX 20' STEEL CONTAINER",280412," ",4414,"2026-07-16 21:28:53",265,25122,0,45,1,1,1,0,0,0,0,0,0,0,0,NULL,NULL,699,0,751200,NULL,NULL,NULL,NULL,NULL,NULL,NULL,0,0,0,0,NULL,49f8a7fc-2f0d-45d9-bc10-c199c1d1b22f,NULL
53635,752700,NULL,10429," ","8X20 CARGO STORAGE UNIT"," "," ",4414,"2026-07-16 21:28:54",265,25122,0,45,1,1,1,0,0,0,0,0,0,0,0,NULL,NULL,699,0,752700,NULL,NULL,NULL,NULL,NULL,NULL,NULL,0,0,0,0,NULL,b2f1c7be-05df-4c0c-be73-5a82707cfb8f,NULL
53636,826200,2013,10429," ","MILLER TRAILBLAZER 302 WELDER",MC480781R," ",4333,"2026-07-16 21:28:54",265,25122,0,45,1,1,1,0,0,0,0,0,0,0,0,NULL,NULL,699,0,826200,NULL,NULL,NULL,NULL,NULL,10024181,NULL,0,0,0,0,NULL,1bb8a441-a51e-41ce-8c09-6b8adc1641cc,NULL
53637,827500,2017,10287,"BIG BLUE 400","MILLER BIG BLUE 400 PRO WELDER",MH100535R," ",4333,"2026-07-16 21:28:55",265,25107,0,45,1,1,1,0,0,0,0,0,0,0,0,NULL,NULL,699,0,827500,NULL,NULL,,NULL,NULL,10022615,NULL,0,0,0,0,NULL,c3234f6a-f498-4999-85c2-ab35a891ed58,NULL
53638,751600,NULL,10429," ","8X10 HUESE HOUSE"," "," ",4442,"2026-07-16 21:29:44",265,24981,0,45,1,1,1,0,0,0,0,0,0,0,0,NULL,NULL,699,0,751600,NULL,NULL,NA,NULL,NULL,NULL,NULL,0,0,0,0,NULL,32c3fa91-e725-479f-b91f-5abaff9140c4,NULL
53639,788200,NULL,10429," ","8X20 CARGO CONTAINER",MIT#2818919," ",4414,"2026-07-16 21:29:45",265,24981,0,45,1,1,1,0,0,0,0,0,0,0,0,NULL,NULL,699,0,788200,NULL,NULL,NA,NULL,NULL,NULL,NULL,0,0,0,0,NULL,73e13b0f-7115-447e-aa32-2f3044955c86,NULL
53640,897100,NULL,10429,W-50-36-LAC-AB,"JENSEN SAN-EI AIR TUGGER",1362048," ",4377,"2026-07-16 21:29:45",265,25018,0,45,1,1,1,0,0,0,0,0,0,0,0,NULL,NULL,699,0,897100,NULL,NULL,NULL,NULL,NULL,NULL,NULL,0,0,0,0,NULL,57c764e9-9784-40c7-ab0c-2d9cb79e8646,NULL
53641,660900,2011,10429," ","DELMAG D19-42 DSL PILE HAMMER",1022K," ",4289,"2026-07-16 21:29:46",265,25122,0,45,1,1,1,0,0,0,0,0,0,0,0,NULL,NULL,699,0,660900,NULL,NULL,NULL,NULL,NULL,NULL,NULL,0,0,0,1,NULL,73710b39-76d9-481a-8b0c-0d661de9d2ea,NULL
53642,755600,NULL,10429," ","OFFICE TRAILER 12 X 56",R74621256," ",4296,"2026-07-16 21:29:46",265,25089,0,45,1,1,1,0,0,0,0,0,0,0,0,NULL,NULL,699,0,755600,NULL,NULL,0040356358,NULL,NULL,NULL,NULL,0,0,0,0,NULL,ca324a57-c30f-4ca0-beb9-1d3b9df559ba,NULL
53643,754700,NULL,10429," ","20' CONEX CARGO CONTAINER"," "," ",4414,"2026-07-16 21:30:13",265,25018,0,45,1,1,1,0,0,0,0,0,0,0,0,NULL,NULL,699,0,754700,NULL,NULL,NULL,NULL,NULL,NULL,NULL,0,0,0,0,NULL,7b998533-3bcd-495e-909e-45557fc95cc2,NULL
53644,872000,NULL,10429,"DO NOT CHARGE 330","ROD CUTTER/POWER PLANT",4032/3025," ",4525,"2026-07-16 21:30:14",265,25018,0,45,1,0,1,0,0,0,0,0,0,0,0,NULL,NULL,699,0,872000,NULL,NULL,NULL,NULL,NULL,NULL,NULL,0,0,0,0,NULL,e77f40f9-4798-486d-971a-a24b16e06681,NULL
53645,792000,NULL,10429," ","8X20 CARGO CONTAINER",NYKU2143632," ",4414,"2026-07-16 21:30:15",265,25018,0,45,1,1,1,0,0,0,0,0,0,0,0,NULL,NULL,699,0,792000,NULL,NULL,NULL,NULL,NULL,NULL,NULL,0,0,0,0,NULL,8afa0ba9-506e-4ce7-8c9c-291051a7aa4d,NULL
53646,794300,NULL,10429," ","8X20 CARGO CONTAINER",WPMJ004699," ",4414,"2026-07-16 21:30:16",265,24981,0,45,1,1,1,0,0,0,0,0,0,0,0,NULL,NULL,699,0,794300,NULL,NULL,NA,NULL,NULL,NULL,NULL,0,0,0,0,NULL,13cae11e-8bc6-4c1c-b2df-ac431c6115d6,NULL
53647,474100,NULL,10309,BF40D2LHA,"HONDA 40HP BOAT MOTOR",BBDJ-1104328," ",4294,"2026-07-16 21:30:16",265,25008,0,45,1,1,1,0,0,0,0,0,0,0,0,NULL,NULL,699,0,474100,NULL,NULL,,NULL,NULL,NULL,NULL,0,0,0,0,NULL,9fe69450-8028-4082-851b-8a9308095ffe,NULL
53648,704800,2021,10429,GODWIN,"GODWIN CD100S TRAILER MOUNTED DIESEL PUMP"," ",16MBB0915LD081209,4466,"2026-07-16 21:30:49",265,25033,0,45,1,1,1,0,0,0,0,0,0,0,0,NULL,NULL,699,0,704800,NULL,NULL,DTPK40,NULL,NULL,9802534,NULL,0,0,0,0,NULL,978727c8-5b4d-4852-8f4a-ce1946b21218,NULL
53649,897200,NULL,10429,W-50-36-LAC-AB,"JENSEN SAN-EI AIR TUGGER",1362047," ",4377,"2026-07-16 21:30:50",265,25042,0,45,1,1,1,0,0,0,0,0,0,0,0,NULL,NULL,699,0,897200,NULL,NULL,,NULL,NULL,NULL,NULL,0,0,0,0,NULL,9a7e5d1e-734d-41a0-8465-81b6128a56aa,NULL
53650,991663,NULL,10429," ","SAWDUST RECOVERY SYSTEM"," "," ",4525,"2026-07-16 21:30:50",265,25018,0,45,1,0,1,0,0,0,0,0,0,0,0,NULL,NULL,699,0,991663,NULL,NULL,NULL,NULL,NULL,NULL,NULL,0,0,0,0,NULL,473db022-c745-45be-9886-71183777de55,NULL
53651,891800,NULL,10429," ","TORQUE TECH TW20000K WINCH  #5",8918-5," ",4352,"2026-07-16 21:30:51",265,24981,0,45,1,1,1,0,0,0,0,0,0,0,0,NULL,NULL,699,0,891800,NULL,NULL,NA,NULL,NULL,NULL,NULL,0,0,0,0,NULL,1f4ea09b-1c5f-4f29-82ec-b9097030004a,NULL
53652,728600,NULL,10429," ","SAM TRAILER W TOP DISPLAY RADAR BOARD",474," ",4509,"2026-07-16 21:31:13",265,24981,0,45,1,1,1,0,0,0,0,0,0,0,0,NULL,NULL,699,0,728600,NULL,NULL,DTPK42,NULL,NULL,NULL,NULL,0,0,0,0,NULL,0b533dd0-02f9-45de-89bc-665341901281,NULL
53653,789900,NULL,10429," ","8X20 CARGO CONTAINER","TAHU 6009632"," ",4414,"2026-07-16 21:31:54",265,25089,0,45,1,1,1,0,0,0,0,0,0,0,0,NULL,NULL,699,0,789900,NULL,NULL,NA,NULL,NULL,NULL,NULL,0,0,0,0,NULL,af510f7b-b43f-41bd-a019-66d710797dee,NULL
53654,825200,2011,10429," ","MILLER TRAILBLAZER 302 WELDER",MB020203M," ",4333,"2026-07-16 21:31:54",265,25008,0,45,1,1,1,0,0,0,0,0,0,0,0,NULL,NULL,699,0,825200,NULL,NULL,,NULL,NULL,9802562,NULL,0,0,0,0,NULL,030ea1b6-7462-4378-8f99-85f28aea1ad7,NULL
53655,754600,NULL,10429," ","20' CONEX CARGO CONTAINER"," "," ",4414,"2026-07-16 21:31:55",265,25122,0,45,1,1,1,0,0,0,0,0,0,0,0,NULL,NULL,699,0,754600,NULL,NULL,NULL,NULL,NULL,NULL,NULL,0,0,0,0,NULL,1addb512-4ee7-49a2-b8a9-78ef9a7918dd,NULL
53656,795100,NULL,10429," ","BLANKET CONTAINER FOR 12X25s","WHITE #0108"," ",4414,"2026-07-16 21:31:55",265,25018,0,45,1,1,1,0,0,0,0,0,0,0,0,NULL,NULL,699,0,795100,NULL,NULL,NULL,NULL,NULL,NULL,NULL,0,0,0,0,NULL,4506ae27-9876-43eb-a11a-303629f6a830,NULL
53657,884600,1997,10429,"EKS CONST","WATER TANK WAGON-2000 GAL"," "," ",4351,"2026-07-16 21:31:56",265,25018,0,45,1,1,1,0,0,0,0,0,0,0,0,NULL,NULL,699,0,884600,NULL,NULL,NULL,NULL,NULL,NULL,NULL,0,0,0,0,NULL,9197ccfd-be9d-4acb-bf08-c2b9126295b3,NULL
53658,799400,NULL,10429," ","48' Tool Storage Trailer"," ",1PT02DNH4E9009125,4413,"2026-07-16 21:31:56",265,24981,0,45,1,1,1,0,0,0,0,0,0,0,0,NULL,NULL,699,0,799400,NULL,NULL,NA,NULL,NULL,NULL,NULL,0,0,0,0,NULL,9870a57f-b238-4991-9123-fe5a8942a03c,NULL
53659,897400,NULL,10429,W-20-220-LAC-MB,"JENSEN SAN-EI AIR TUGGER",1221612," ",4377,"2026-07-16 21:31:57",265,25089,0,45,1,1,1,0,0,0,0,0,0,0,0,NULL,NULL,699,0,897400,NULL,NULL,NA,NULL,NULL,NULL,NULL,0,0,0,0,NULL,734d6067-aa22-40a2-ba89-e232368fb2de,NULL
53660,750900,NULL,10429,UF18756,"20' STEEL STORAGE CONTAINER",2907380," ",4414,"2026-07-16 21:31:57",265,25122,0,45,1,1,1,0,0,0,0,0,0,0,0,NULL,NULL,699,0,750900,NULL,NULL,NULL,NULL,NULL,NULL,NULL,0,0,0,0,NULL,b86e7a7e-542f-423c-83e3-b77d3484bc6b,NULL
53661,897800,1994,10429,"KIEWIT COMPANIES","BIDWELL 487 FINISH MACHINE",48947872HDD-," ",4295,"2026-07-16 21:32:18",265,25025,0,45,1,1,1,0,0,0,0,0,0,0,0,NULL,NULL,699,0,897800,NULL,NULL,,NULL,NULL,9905493,NULL,0,0,0,1,NULL,c28499cf-330f-4fa6-bc63-c0b19a415057,NULL
53662,826500,2014,10429," ","MILLER BIG BLU 400 PRO WELDER (w/ Unit 4471)",ME070253E," ",4333,"2026-07-16 21:32:18",265,24981,0,45,1,0,1,0,0,0,0,0,0,0,0,NULL,NULL,699,0,826500,NULL,NULL,0033486009,NULL,NULL,9802578,NULL,0,0,0,0,NULL,00907ce1-301d-4207-b2cd-1499e456f386,NULL
53663,754000,1999,10429," ","FIELD OFFICE 12 X 60 CO YARD",R79041256," ",4296,"2026-07-16 21:32:18",265,24981,0,45,1,1,1,0,0,0,0,0,0,0,0,NULL,NULL,699,0,754000,NULL,NULL,NA,NULL,NULL,NULL,NULL,0,0,0,0,NULL,857e71e5-9fb7-4c77-a9d7-c3122782d048,NULL
53664,790000,NULL,10429," ","8X20 CARGO CONTAINER","WLLU 2933237"," ",4414,"2026-07-16 21:32:19",265,25018,0,45,1,1,1,0,0,0,0,0,0,0,0,NULL,NULL,699,0,790000,NULL,NULL,NULL,NULL,NULL,NULL,NULL,0,0,0,0,NULL,3e4c8658-ce54-472b-b69c-84e75755ea75,NULL
53665,793600,NULL,10429," ","8X20 CARGO CONTAINER",2265712," ",4414,"2026-07-16 21:32:19",265,25098,0,45,1,1,1,0,0,0,0,0,0,0,0,NULL,NULL,699,0,793600,NULL,NULL,,NULL,NULL,NULL,NULL,0,0,0,0,NULL,c73c7ab6-9753-45b3-982f-a2d56d0f64de,NULL
53666,893900,NULL,10429," ","AMERICAN 120B WINCH-2 DRUM",H4197," ",4465,"2026-07-16 21:32:20",265,25042,0,45,1,1,1,0,0,0,0,0,0,0,0,NULL,NULL,699,0,893900,NULL,NULL,,NULL,NULL,10022299,NULL,0,0,0,1,NULL,e4257db3-9338-4a23-a712-eece1fe46374,NULL
53667,826400,2014,10429," ","MILLER BIG BLUE 400 PRO WELDER",ME070248E," ",4333,"2026-07-16 21:32:48",265,25089,0,45,1,1,1,0,0,0,0,0,0,0,0,NULL,NULL,699,0,826400,NULL,NULL,0040356339,NULL,NULL,10024184,NULL,0,0,0,0,NULL,d0ae6b61-4da9-433a-a073-8553f6927deb,NULL
53668,586100,2011,10429," ","ABI HVR-100 VIBRATORY HAMMER (EXCAVATOR USE)",110210E/P," ",4475,"2026-07-16 21:32:49",265,24982,0,45,1,1,1,0,0,0,0,0,0,0,0,NULL,NULL,699,0,586100,NULL,NULL,NA,NULL,NULL,NULL,NULL,0,0,0,1,NULL,c86f5e27-722d-4f4b-8e59-d4216b601e3c,NULL
53669,792100,NULL,10429," ","8X20 CARGO CONTAINER","Y89-4064 (2135637)"," ",4414,"2026-07-16 21:32:50",265,24981,0,45,1,1,1,0,0,0,0,0,0,0,0,NULL,NULL,699,0,792100,NULL,NULL,NA,NULL,NULL,NULL,NULL,0,0,0,0,NULL,43f267e8-236d-4a63-b26f-0ed2d1f8d61a,NULL
53670,895200,2003,10429," ","WATER TANK WAGON-500 GAL",ID47006581CO," ",4502,"2026-07-16 21:32:50",265,25089,0,45,1,1,1,0,0,0,0,0,0,0,0,NULL,NULL,699,0,895200,NULL,NULL,DOSH28,NULL,NULL,NULL,NULL,0,0,0,0,NULL,677e61b0-7f31-45a3-b999-ff3506bcf820,NULL
53671,751000,NULL,10429," ","CONNEX 20' STEEL CONTAINER",357139," ",4414,"2026-07-16 21:33:18",265,25018,0,45,1,1,1,0,0,0,0,0,0,0,0,NULL,NULL,699,0,751000,NULL,NULL,NULL,NULL,NULL,NULL,NULL,0,0,0,0,NULL,7face90d-a8e9-4a2c-836c-10bf3f489058,NULL
53672,897500,NULL,10429,W-20-220-LAC-MB,"JENSEN SAN-EI AIR TUGGER",1221647," ",4377,"2026-07-16 21:33:19",265,25018,0,45,1,1,1,0,0,0,0,0,0,0,0,NULL,NULL,699,0,897500,NULL,NULL,NULL,NULL,NULL,NULL,NULL,0,0,0,0,NULL,d9ddc84d-ede2-4f20-983d-bcffa0711d96,NULL
53673,793100,NULL,10429," ","8X20 CARGO CONTAINER",2234476," ",4414,"2026-07-16 21:33:53",265,25122,0,45,1,1,1,0,0,0,0,0,0,0,0,NULL,NULL,699,0,793100,NULL,NULL,NULL,NULL,NULL,NULL,NULL,0,0,0,0,NULL,853972f4-29e8-4919-b16e-dba6c5a6a209,NULL
53674,826000,2013,10429," ","MILLER TRAILBLAZER 302 WELDER",MD020652R," ",4333,"2026-07-16 21:33:53",265,24981,0,45,1,1,1,0,0,0,0,0,0,0,0,NULL,NULL,699,0,826000,NULL,NULL,0040356334,NULL,NULL,10024180,NULL,0,0,0,0,NULL,9b7b7432-0dbc-4407-8f2c-9140fd70fdaf,NULL
53675,751400,NULL,10429," ","8X20 CARGO CONTAINER",220060," ",4414,"2026-07-16 21:33:53",265,25018,0,45,1,1,1,0,0,0,0,0,0,0,0,NULL,NULL,699,0,751400,NULL,NULL,NULL,NULL,NULL,NULL,NULL,0,0,0,0,NULL,a76dee25-f9d6-4cc2-b17b-89082475eb5a,NULL
53676,755400,NULL,10429,DJ-96-00415,"8 X 20 CARGO CONTAINER",JS-D24WH-A," ",4414,"2026-07-16 21:34:19",265,24981,0,45,1,1,1,0,0,0,0,0,0,0,0,NULL,NULL,699,0,755400,NULL,NULL,NA,NULL,NULL,NULL,NULL,0,0,0,0,NULL,9ee56fe5-aae7-4939-856e-7ded88274619,NULL
53677,894300,NULL,10429," ","OVERHANG STRIPPING WAGON"," "," ",4353,"2026-07-16 21:34:20",265,25018,0,45,1,1,1,0,0,0,0,0,0,0,0,NULL,NULL,699,0,894300,NULL,NULL,NULL,NULL,NULL,NULL,NULL,0,0,0,0,NULL,52ced136-1cb6-4ce7-8a32-52c7e45336ad,NULL
53678,661100,2012,10429," ","15HS VIBRO DRIVER/EXTRACTOR",110210EP," ",4311,"2026-07-16 21:34:21",265,25018,0,45,1,1,1,0,0,0,0,0,0,0,0,NULL,NULL,699,0,661100,NULL,NULL,NULL,NULL,NULL,10023932,5282519,0,0,0,1,NULL,1f78b62d-f990-4e43-8bcd-606406cfe6f3,NULL
53679,553500,2011,10429,"ABSOLUTE TRAILER SAL","HAULMARK TSV7X14DTS ENCL TRLR"," ",16HPB142XBH184613,4526,"2026-07-16 21:34:53",265,25031,0,45,1,1,1,0,0,0,0,0,0,0,0,NULL,NULL,699,0,553500,NULL,NULL,XR97098,NULL,NULL,NULL,NULL,0,0,0,0,NULL,670c1d15-61c4-48c2-b19a-e40ac3f13c29,NULL
53680,757300,2018,10429," ","20' STANDARD CONTAINER",TRHU712028," ",4414,"2026-07-16 21:34:53",265,25129,0,45,1,1,1,0,0,0,0,0,0,0,0,NULL,NULL,699,0,757300,NULL,NULL,NA,NULL,NULL,NULL,NULL,0,0,0,0,NULL,35f25ea9-1711-432c-b9c7-ad173a651276,NULL
53820,8004,2019,10288,374FC,"FLUKE TRMS CLAMP METER-(Out of Service 9/12/24)",44440052WS," ",4432,"2026-07-24 17:58:45",265,25010,0,45,0,1,1,0,0,0,0,0,0,0,0,NULL,NULL,699,0,8004,NULL,NULL,,NULL,NULL,NULL,NULL,0,0,0,1,NULL,b886398b-0627-462f-b3df-365a46ecb9d0,NULL
53821,103301,NULL,NULL," ","ADD OSHA ANTI TWO-BLOCK SYSTEM"," "," ",4514,"2026-07-24 17:58:45",265,25122,0,45,0,1,1,0,0,0,0,0,0,0,0,NULL,NULL,699,0,103301,NULL,NULL,NULL,NULL,NULL,NULL,NULL,0,0,0,1,NULL,e8a8ded4-0763-4760-9a81-3a429500b629,NULL
53822,103300,1969,10291,5299,"AMER 5299 CRANE-50 TON  1969-DISPOSED 11/20/20",GS-11832," ",4423,"2026-07-24 17:58:46",265,25018,0,45,0,1,1,0,0,0,0,0,0,0,0,NULL,NULL,699,0,103300,NULL,NULL,NULL,NULL,NULL,NULL,NULL,0,0,0,1,NULL,0530a2ad-c473-4615-a86e-bc888f2cf37d,NULL
53823,109600,1975,10291,4260,"AMERICAN 4260 CRANE-DISPOSED 11/20/20",GS17933W," ",4443,"2026-07-24 17:58:46",265,25018,0,45,0,1,1,0,0,0,0,0,0,0,0,NULL,NULL,699,0,109600,NULL,NULL,NULL,NULL,NULL,NULL,NULL,0,0,0,1,NULL,e4def74c-8573-47c5-887d-0575f523a21d,NULL
53824,104900,1975,10290,LS338,"LINKBELT LS338-100T CR (Traded in 7/16/24)",21G5-309E," ",4332,"2026-07-24 17:58:47",265,25018,0,45,0,1,1,0,0,0,0,0,0,0,0,NULL,NULL,699,0,104900,NULL,NULL,NULL,NULL,NULL,NULL,NULL,0,0,0,1,NULL,8162d178-8db1-4011-8541-9fd9c9f8ebf9,NULL
53825,109300,1973,10291,5299,"AMER 5299 CRANE-50 TON-DISPOSED 11/20/20",16950," ",4423,"2026-07-24 17:58:49",265,25018,0,45,0,1,1,0,0,0,0,0,0,0,0,NULL,NULL,699,0,109300,NULL,NULL,NULL,NULL,NULL,NULL,NULL,0,0,0,1,NULL,2e2c4d29-bc8f-493d-af5f-fc3edf4afbb8,NULL
53826,106200,1982,10290,LS338,"LINKBELT LS338-100T CR  1982",21H2-321G," ",4332,"2026-07-24 17:58:49",265,25018,0,45,0,1,1,0,0,0,0,0,0,0,0,NULL,NULL,699,0,106200,NULL,NULL,NULL,NULL,NULL,NULL,NULL,0,0,0,1,NULL,737fa399-f39b-46ec-bd21-86ef8d62f501,NULL
53827,106201,NULL,NULL," ","ADD OSHA ANTI-TWO BLOCK SYSTEM"," "," ",4514,"2026-07-24 17:58:50",265,25018,0,45,0,1,1,0,0,0,0,0,0,0,0,NULL,NULL,699,0,106201,NULL,NULL,NULL,NULL,NULL,NULL,NULL,0,0,0,1,NULL,cb4a2025-cb38-47ee-9f8c-97c65ea94438,NULL
53828,110500,1973,NULL," ","LINKBELT LS318-80T      1973-sold 5.24.16",21G3538B," ",4419,"2026-07-24 17:58:51",265,25018,0,45,0,1,1,0,0,0,0,0,0,0,0,NULL,NULL,699,0,110500,NULL,NULL,NULL,NULL,NULL,NULL,NULL,0,0,0,1,NULL,4dc13df1-8e84-4627-8b2a-8b728ddf5dc2,NULL
53829,105600,1976,10290,LS338,"LINKBELT LS338-100T CR  1976 (Sold 04/24/24)",21G6-782G," ",4332,"2026-07-24 17:58:52",265,25018,0,45,0,1,1,0,0,0,0,0,0,0,0,NULL,NULL,699,0,105600,NULL,NULL,NULL,NULL,NULL,NULL,NULL,0,0,0,1,NULL,c46f7cbb-6c74-484e-aa7f-9ea03432c8f0,NULL
53830,105601,NULL,NULL," ","ADD OSHA ANTI-TWO BLOCK SYSTEM"," "," ",4514,"2026-07-24 17:58:52",265,25018,0,45,0,1,1,0,0,0,0,0,0,0,0,NULL,NULL,699,0,105601,NULL,NULL,NULL,NULL,NULL,NULL,NULL,0,0,0,1,NULL,4d40be43-5c43-47b0-8789-909d24df0e9e,NULL
53831,106202,NULL,NULL," ","CONV 2-BLK SYSTEM TO HYDRAULIC"," "," ",4514,"2026-07-24 17:58:53",265,25018,0,45,0,1,1,0,0,0,0,0,0,0,0,NULL,NULL,699,0,106202,NULL,NULL,NULL,NULL,NULL,NULL,NULL,0,0,0,1,NULL,6479823b-47c7-426a-b80f-e137f495ea53,NULL
53832,108000,1980,10290,HC138A,"LINKBELT HC138A 75T CR  1980",65T551(LOWER)19H0621A(UP)," ",4390,"2026-07-24 17:58:54",265,25018,0,45,0,1,1,0,0,0,0,0,0,0,0,NULL,NULL,699,0,108000,NULL,NULL,PERMIT,NULL,NULL,NULL,NULL,0,0,0,1,NULL,c99a7889-6639-460e-8e22-05c2fdcddd3e,NULL
53833,108800,1978,10293,RT625,"GROVE RT625 CRANE-25T   1978-SOLD",43020," ",4546,"2026-07-24 17:58:55",265,25018,0,45,0,1,1,0,0,0,0,0,0,0,0,NULL,NULL,699,0,108800,NULL,NULL,NULL,NULL,NULL,NULL,NULL,0,0,0,1,NULL,b3a98e41-c942-4265-957e-f3676f1d1364,NULL
53834,107701,1971,NULL," ","ADD OSHA ANTI-2 BLK SYSTEM  (SOLD 10/18/23)"," "," ",4514,"2026-07-24 17:58:55",265,25018,0,45,0,1,1,0,0,0,0,0,0,0,0,NULL,NULL,699,0,107701,NULL,NULL,NULL,NULL,NULL,NULL,NULL,0,0,0,1,NULL,03c85c73-6b49-46e8-a125-3d99f3c7622d,NULL
53835,108801,NULL,NULL," ","ADD OSHA ANTI-TWO BLOCK SYSTEM (disposed 10-16-17)"," "," ",4514,"2026-07-24 17:58:56",265,25018,0,45,0,1,1,0,0,0,0,0,0,0,0,NULL,NULL,699,0,108801,NULL,NULL,NULL,NULL,NULL,NULL,NULL,0,0,0,1,NULL,fa390164-59f8-44f9-b27f-0b90586dc5b0,NULL
53836,109301,NULL,NULL," ","ADD OSHA ANTI-TWO BLOCK SYSTEM-DISPOSED 11/20/20"," "," ",4514,"2026-07-24 17:58:57",265,25018,0,45,0,1,1,0,0,0,0,0,0,0,0,NULL,NULL,699,0,109301,NULL,NULL,NULL,NULL,NULL,NULL,NULL,0,0,0,1,NULL,1e2458f6-51e8-4544-a7c0-3461eccf2c0f,NULL
53837,113500,2001,NULL," ","TEREX RT160 CRANE-60 TON (SOLD 3-15-19)",160236," ",4304,"2026-07-24 17:58:57",265,25122,0,45,0,1,1,0,0,0,0,0,0,0,0,NULL,NULL,699,0,113500,NULL,NULL,NULL,NULL,NULL,NULL,NULL,0,0,0,1,NULL,00c98ce6-a643-4af7-9287-8606940e95fe,NULL
53838,114800,2011,NULL," ","MANITOWOC 10K CRAWLER-100 TON (damaged on jobsite)",10001187," ",4332,"2026-07-24 17:58:59",265,25018,0,45,0,1,1,0,0,0,0,0,0,0,0,NULL,NULL,699,0,114800,NULL,NULL,NULL,NULL,NULL,NULL,NULL,0,0,0,1,NULL,314b8396-d023-4568-bac6-c436357caad2,NULL
53839,113100,2001,NULL," ","TEREX RT555 CRANE (traded in 6-7-19)",12815," ",4506,"2026-07-24 17:58:59",265,25122,0,45,0,1,1,0,0,0,0,0,0,0,0,NULL,NULL,699,0,113100,NULL,NULL,NULL,NULL,NULL,NULL,NULL,0,0,0,1,NULL,d15760c9-735a-4ecf-8cf8-963a3f6f218e,NULL
53840,113600,2003,NULL," ","TEREX RT555 CRANE 55-TON-DISPOSED 11/20/20",13248," ",4506,"2026-07-24 17:59:00",265,25018,0,45,0,1,1,0,0,0,0,0,0,0,0,NULL,NULL,699,0,113600,NULL,NULL,10409604,NULL,NULL,NULL,NULL,0,0,0,1,NULL,ab7891a9-f5d8-4117-a215-743277f422b9,NULL
53841,111500,1990,NULL," ","KOBELKO 7065 CRAWLER-65T",GG00082," ",4403,"2026-07-24 17:59:01",265,25018,0,45,0,1,1,0,0,0,0,0,0,0,0,NULL,NULL,699,0,111500,NULL,NULL,NULL,NULL,NULL,NULL,NULL,0,0,0,1,NULL,ea59a169-31b8-4ac0-b3fb-b695ee40430d,NULL
53842,111700,1972,10291," ","AMER 5299 CRANE-50 TON-DISPOSED 11/20/20",16696," ",4423,"2026-07-24 17:59:02",265,25018,0,45,0,1,1,0,0,0,0,0,0,0,0,NULL,NULL,699,0,111700,NULL,NULL,NULL,NULL,NULL,NULL,NULL,0,0,0,1,NULL,5c5b651f-6318-410d-8d71-e562a3fb165b,NULL
53843,111200,1979,NULL," ","LINKBELT HC218A CRANE-100 TON-SOLD",18HA741," ",4390,"2026-07-24 17:59:02",265,24981,0,45,0,1,1,0,0,0,0,0,0,0,0,NULL,NULL,699,0,111200,NULL,NULL,496SPU,NULL,NULL,NULL,NULL,0,0,0,1,NULL,a869ed77-4e61-4c2f-82cb-b894fd05c7d3,NULL
53844,113800,2003,NULL," ","TEREX RT555 CRANE",13250," ",4506,"2026-07-24 17:59:03",265,25018,0,45,0,1,1,0,0,0,0,0,0,0,0,NULL,NULL,699,0,113800,NULL,NULL,NULL,NULL,NULL,NULL,NULL,0,0,0,1,NULL,e2d17d00-1101-444e-be9c-6eaaca59a467,NULL
53845,112000,1995,NULL," ","LINK BELT HTC 8665-65 TON",D615-2425," ",4390,"2026-07-24 17:59:03",265,24981,0,45,0,1,1,0,0,0,0,0,0,0,0,NULL,NULL,699,0,112000,NULL,NULL,002HOH,NULL,NULL,NULL,NULL,0,0,0,1,NULL,4e2252a3-73ca-44cb-be71-662c2cc16b5f,NULL
53846,111201,NULL,NULL," ","ADD OSHA ANTI 2-BLOCK SYSTEM-SOLD"," "," ",4514,"2026-07-24 17:59:04",265,24981,0,45,0,1,1,0,0,0,0,0,0,0,0,NULL,NULL,699,0,111201,NULL,NULL,NULL,NULL,NULL,NULL,NULL,0,0,0,1,NULL,38a7491e-9055-47a9-934c-86cbd7a64281,NULL
53847,113300,1994,NULL,IC80-2D,"BRODERSON 8.5 TON CARRY DECK",219543," ",4546,"2026-07-24 17:59:05",265,25018,0,45,0,1,1,0,0,0,0,0,0,0,0,NULL,NULL,699,0,113300,NULL,NULL,NULL,NULL,NULL,NULL,NULL,0,0,0,1,NULL,e4ce20da-27cc-4fd0-b2f9-0b09bd7b45ee,NULL
53848,115300,2012,10429," ","GROVE RT650E CRANE (50 TON) (Traded 6/14/24)",232706," ",4506,"2026-07-24 17:59:05",265,25018,0,45,0,1,1,0,0,0,0,0,0,0,0,NULL,NULL,699,0,115300,NULL,NULL,,NULL,NULL,NULL,NULL,0,0,0,1,NULL,15cdb71e-beeb-45d4-9b5f-1ba904484668,NULL
53849,115700,2014,10292,MLC-165,"MANITOWOC MLC165 CRAWLER CRANE (traded in 9-6-18)",91651018," ",4379,"2026-07-24 17:59:05",265,25122,0,45,0,1,1,0,0,0,0,0,0,0,0,NULL,NULL,699,0,115700,NULL,NULL,NULL,NULL,NULL,NULL,NULL,0,0,0,1,NULL,2aefa5cf-ac46-4dcb-82ba-e49cd1273259,NULL
53850,112600,2001,NULL," ","TEREX RT555 CRANE-DISPOSED 11/20/20",12784," ",4506,"2026-07-24 17:59:06",265,25018,0,45,0,1,1,0,0,0,0,0,0,0,0,NULL,NULL,699,0,112600,NULL,NULL,10409574,NULL,NULL,NULL,NULL,0,0,0,1,NULL,0919c100-c51e-417e-b9a9-509f1464543d,NULL
53852,113700,2003,NULL," ","TEREX RT555 CRANE (sold at auction 3/22)",13249," ",4506,"2026-07-24 17:59:08",265,24981,0,45,0,1,1,0,0,0,0,0,0,0,0,NULL,NULL,699,0,113700,NULL,NULL,10409557,NULL,NULL,NULL,NULL,0,0,0,1,NULL,2f4a03e7-f991-495b-a763-596e5b789734,NULL
53853,113200,2001,NULL," ","TEREX RT555 CRANE (TRADED IN 3/1/22)",12823," ",4506,"2026-07-24 17:59:09",265,25122,0,45,0,1,1,0,0,0,0,0,0,0,0,NULL,NULL,699,0,113200,NULL,NULL,NULL,NULL,NULL,NULL,NULL,0,0,0,1,NULL,b23a4ce6-ef99-4a67-8284-8941cc8aae5b,NULL
53854,113000,2001,NULL," ","TEREX RT555 CRANE (traded in 6-7-19)",12808," ",4506,"2026-07-24 17:59:11",265,25122,0,45,0,1,1,0,0,0,0,0,0,0,0,NULL,NULL,699,0,113000,NULL,NULL,NULL,NULL,NULL,NULL,NULL,0,0,0,1,NULL,9cd0ba05-b470-4215-a502-f4e9b4d4443c,NULL
53855,112800,2001,NULL," ","TEREX AMER HC125 CRAWLER 2001-sold 6-1-16",AC3778," ",4379,"2026-07-24 17:59:11",265,25122,0,45,0,1,1,0,0,0,0,0,0,0,0,NULL,NULL,699,0,112800,NULL,NULL,NULL,NULL,NULL,NULL,NULL,0,0,0,1,NULL,10fc7626-e99b-47fb-80d3-7adf5aa4bf56,NULL
53856,115800,1999,NULL,"2250 SERIES 3","MANITOWOC 2250 S3 -  300T CRAWLER (traded in)",2251062," ",4409,"2026-07-24 17:59:12",265,NULL,0,45,0,1,1,0,0,0,0,0,0,0,0,NULL,NULL,699,0,115800,NULL,NULL,NULL,NULL,NULL,NULL,NULL,0,0,0,1,NULL,1b9946d0-4d1b-4b30-8724-2716f29d7c21,NULL
53857,129912,NULL,NULL," ","3 SHEAVE LOAD BLOCKS (2)-(disposed 10-16-17)"," "," ",4514,"2026-07-24 17:59:13",265,25018,0,45,0,1,1,0,0,0,0,0,0,0,0,NULL,NULL,699,0,129912,NULL,NULL,NULL,NULL,NULL,NULL,NULL,0,0,0,1,NULL,520b6058-2b91-4b10-9cb2-9cfb1b32900c,NULL
53858,129908,NULL,NULL," ","55 TON LOAD BLOCKS (2)-(disposed 10-16-17)"," "," ",4514,"2026-07-24 17:59:13",265,25018,0,45,0,1,1,0,0,0,0,0,0,0,0,NULL,NULL,699,0,129908,NULL,NULL,NULL,NULL,NULL,NULL,NULL,0,0,0,1,NULL,4ae13c5c-d531-4a0c-8dcc-a8eab2d25420,NULL
53859,112700,2001,NULL," ","TEREX RT555 CRANE (traded in 6-7-19)",12730," ",4506,"2026-07-24 17:59:14",265,25122,0,45,0,1,1,0,0,0,0,0,0,0,0,NULL,NULL,699,0,112700,NULL,NULL,NULL,NULL,NULL,NULL,NULL,0,0,0,1,NULL,cd33a95d-69f4-456b-8d19-ef9834af0289,NULL
53860,129903,NULL,NULL,"DICK KORBA","AMERICAN 20' 46H BOOM SECTION (disposed 10-16-17)"," "," ",4514,"2026-07-24 17:59:15",265,25018,0,45,0,1,1,0,0,0,0,0,0,0,0,NULL,NULL,699,0,129903,NULL,NULL,NULL,NULL,NULL,NULL,NULL,0,0,0,1,NULL,1f953a0f-b59a-48a6-adb2-3f53d86ef6b3,NULL
53861,129907,NULL,NULL," ","20' F SECTION-218A BOOM (disposed 10-16-17)"," "," ",4514,"2026-07-24 17:59:15",265,25018,0,45,0,1,1,0,0,0,0,0,0,0,0,NULL,NULL,699,0,129907,NULL,NULL,NULL,NULL,NULL,NULL,NULL,0,0,0,1,NULL,1c1140c3-1d8a-40bb-8c6e-32f99031030f,NULL
53862,129901,NULL,NULL," ","AMERICAN 20' 46S BOOM SECTION (disposed 10-16-17)"," "," ",4514,"2026-07-24 17:59:16",265,25018,0,45,0,1,1,0,0,0,0,0,0,0,0,NULL,NULL,699,0,129901,NULL,NULL,NULL,NULL,NULL,NULL,NULL,0,0,0,1,NULL,b6679fa4-ef85-402c-9789-b5152b846df8,NULL
53863,129911,NULL,NULL," ","AMERICAN 60' 9HL JIB COMPLETE (Disposed 10-16-17)"," "," ",4514,"2026-07-24 17:59:16",265,25018,0,45,0,1,1,0,0,0,0,0,0,0,0,NULL,NULL,699,0,129911,NULL,NULL,NULL,NULL,NULL,NULL,NULL,0,0,0,1,NULL,0e6b0836-e46b-485e-bf6c-b6938fd780ae,NULL
53864,129915,NULL,NULL,"THUNDER BAY HARBOR I","MCKISSICK 40 TON LOAD BLOCK (disposed 10-16-17)",177," ",4514,"2026-07-24 17:59:17",265,25018,0,45,0,1,1,0,0,0,0,0,0,0,0,NULL,NULL,699,0,129915,NULL,NULL,NULL,NULL,NULL,NULL,NULL,0,0,0,1,NULL,b055280c-2305-4653-b518-218eef9fbb64,NULL
53865,129918,NULL,NULL," ","AMERICAN 20' 77S BOOM INSERT (disposed 10-16-17)"," "," ",4514,"2026-07-24 17:59:17",265,25018,0,45,0,1,1,0,0,0,0,0,0,0,0,NULL,NULL,699,0,129918,NULL,NULL,NULL,NULL,NULL,NULL,NULL,0,0,0,1,NULL,c0a0dfd0-281a-45f5-9f51-a2b146662c80,NULL
53866,129916,NULL,NULL,"THUNDER BAY HARBOR I","MCKISSICK 65 TON LOAD BLOCK (Disposed 10-16-17)",360," ",4514,"2026-07-24 17:59:18",265,25018,0,45,0,1,1,0,0,0,0,0,0,0,0,NULL,NULL,699,0,129916,NULL,NULL,NULL,NULL,NULL,NULL,NULL,0,0,0,1,NULL,bab08bfe-f046-45f1-9028-46274be81bfe,NULL
53867,129909,NULL,NULL," ","30 TON LOAD BLOCK (disposed 10-16-17)"," "," ",4514,"2026-07-24 17:59:18",265,25018,0,45,0,1,1,0,0,0,0,0,0,0,0,NULL,NULL,699,0,129909,NULL,NULL,NULL,NULL,NULL,NULL,NULL,0,0,0,1,NULL,2f86a1b2-c5cb-49d4-a3a0-3373fda35617,NULL
53868,129905,NULL,NULL," ","TRIPLE BARREL TAGLINE (disposed 10-16-17)"," "," ",4514,"2026-07-24 17:59:19",265,25018,0,45,0,1,1,0,0,0,0,0,0,0,0,NULL,NULL,699,0,129905,NULL,NULL,NULL,NULL,NULL,NULL,NULL,0,0,0,1,NULL,0a4caab5-3879-4425-9c1f-1211c243ab06,NULL
53869,129913,NULL,NULL," ","AMERICAN 10' 59S BOOM INSERT (disposed 10-16-17)"," "," ",4514,"2026-07-24 17:59:19",265,25018,0,45,0,1,1,0,0,0,0,0,0,0,0,NULL,NULL,699,0,129913,NULL,NULL,NULL,NULL,NULL,NULL,NULL,0,0,0,1,NULL,9db2b3dd-d422-4e8b-8423-01f722562cc4,NULL
53870,129910,NULL,NULL," ","AMERICAN 40' 59H BOOM INSERT (disposed 10-16-17)"," "," ",4514,"2026-07-24 17:59:44",265,25018,0,45,0,1,1,0,0,0,0,0,0,0,0,NULL,NULL,699,0,129910,NULL,NULL,NULL,NULL,NULL,NULL,NULL,0,0,0,1,NULL,0f5bf602-94c1-4a80-9edd-50cba6672758,NULL
53871,129923,NULL,NULL," ","AMERICAN 20' 77S BOOM INSERT (disposed 10-16-17)"," "," ",4514,"2026-07-24 17:59:45",265,25018,0,45,0,1,1,0,0,0,0,0,0,0,0,NULL,NULL,699,0,129923,NULL,NULL,NULL,NULL,NULL,NULL,NULL,0,0,0,1,NULL,7f0a752d-4c6a-4158-aec1-762d49f133b5,NULL
53872,118100,2013,10295,5540F,"SHUTTLELIFT 5540F CARRY DECK CRANE-15 TON (Traded 8/16/23)",322021," ",4546,"2026-07-24 17:59:45",265,25018,0,45,0,1,1,0,0,0,0,0,0,0,0,NULL,NULL,699,0,118100,NULL,NULL,NULL,NULL,NULL,NULL,NULL,0,0,0,1,NULL,692f2f44-84f7-46fd-bb41-5bd4be02f021,NULL
53873,129906,NULL,NULL," ","59S BOOM POINT W/PENDANTS (disposed 10-16-17)"," "," ",4514,"2026-07-24 17:59:45",265,25018,0,45,0,1,1,0,0,0,0,0,0,0,0,NULL,NULL,699,0,129906,NULL,NULL,NULL,NULL,NULL,NULL,NULL,0,0,0,1,NULL,d0479cb8-371a-438d-a717-5c45ec587738,NULL
53874,129926,NULL,NULL," ","50 TON HOOK BLOCK (Disposed 10-16-17)"," "," ",4514,"2026-07-24 17:59:45",265,25018,0,45,0,1,1,0,0,0,0,0,0,0,0,NULL,NULL,699,0,129926,NULL,NULL,NULL,NULL,NULL,NULL,NULL,0,0,0,1,NULL,a19f4bcd-6b3d-4544-beff-963c9c95df34,NULL
53875,129922,NULL,NULL," ","AMER 77S 2-SHEAVE TAPER TIP (disposed 10-16-17)"," "," ",4514,"2026-07-24 17:59:45",265,25018,0,45,0,1,1,0,0,0,0,0,0,0,0,NULL,NULL,699,0,129922,NULL,NULL,NULL,NULL,NULL,NULL,NULL,0,0,0,1,NULL,a7c1516f-541e-4367-a1b1-59db91d4f376,NULL
53876,129921,NULL,NULL," ","AMERICAN 50' 77S BOOM INSERT (disposed 10-16-17)"," "," ",4514,"2026-07-24 17:59:46",265,25018,0,45,0,1,1,0,0,0,0,0,0,0,0,NULL,NULL,699,0,129921,NULL,NULL,NULL,NULL,NULL,NULL,NULL,0,0,0,1,NULL,a7f465a0-dc00-4411-b4d2-fad01dd0c6e2,NULL
53877,129927,NULL,NULL," ","LINKBELT LS338 20' BOOM SECT (Disposed 10-16-17)"," "," ",4514,"2026-07-24 17:59:46",265,25018,0,45,0,1,1,0,0,0,0,0,0,0,0,NULL,NULL,699,0,129927,NULL,NULL,NULL,NULL,NULL,NULL,NULL,0,0,0,1,NULL,242b6083-c138-40a1-af8d-1ee5d9a50c0e,NULL
53878,129914,NULL,NULL,"THUNDER BAY HARBOR I","JOHNSON 20 TON LOAD BLOCK (disposed 10-16-17)",28986," ",4514,"2026-07-24 17:59:46",265,25018,0,45,0,1,1,0,0,0,0,0,0,0,0,NULL,NULL,699,0,129914,NULL,NULL,NULL,NULL,NULL,NULL,NULL,0,0,0,1,NULL,c9e52a99-3339-42f7-807e-b25cb81f77ec,NULL
53879,129902,NULL,NULL," ","AMERICAN 40' 59S BOOM SECTION (disposed 10-16-17)"," "," ",4514,"2026-07-24 17:59:46",265,25018,0,45,0,1,1,0,0,0,0,0,0,0,0,NULL,NULL,699,0,129902,NULL,NULL,NULL,NULL,NULL,NULL,NULL,0,0,0,1,NULL,994b4820-b9f9-45d1-9a90-94745a1916f2,NULL
53880,129928,NULL,NULL," ","LINKBELT LS338 20' BOOM SECT (Disposed 10-16-17)"," "," ",4514,"2026-07-24 17:59:46",265,25018,0,45,0,1,1,0,0,0,0,0,0,0,0,NULL,NULL,699,0,129928,NULL,NULL,NULL,NULL,NULL,NULL,NULL,0,0,0,1,NULL,755483dc-7602-4523-815e-fb3028261bab,NULL
53881,129938,2002,NULL," ","STINGER ATTACHMENT-V HAMMERS (Disposed 10-16-17)",020703CS," ",4514,"2026-07-24 17:59:46",265,25018,0,45,0,1,1,0,0,0,0,0,0,0,0,NULL,NULL,699,0,129938,NULL,NULL,NULL,NULL,NULL,NULL,NULL,0,0,0,1,NULL,e7b7b5d3-4e62-4879-b726-c3d295826374,NULL
53882,248500,1999,NULL," ","INTERNATIONAL MECH-(SOLD 3-15-19)"," ",1HTSCAAN0XH667066,4418,"2026-07-24 17:59:47",265,25018,0,45,0,1,1,0,0,0,0,0,0,0,0,NULL,NULL,699,0,248500,NULL,NULL,67221X,NULL,NULL,NULL,NULL,0,0,0,1,NULL,15cfdfba-380c-413a-8572-c29dd2407bc1,NULL
53883,129925,NULL,NULL," ","JOHNSON 15 TON HOOK BLOCK (Disposed 10-16-17)"," "," ",4514,"2026-07-24 17:59:47",265,25018,0,45,0,1,1,0,0,0,0,0,0,0,0,NULL,NULL,699,0,129925,NULL,NULL,NULL,NULL,NULL,NULL,NULL,0,0,0,1,NULL,49e8c7cf-7a89-4ed4-a4b6-911f339246af,NULL
53884,250000,2011,NULL," ","FORD F350 HIRAIL-sold 3/31/20"," ",1FT8W3D69BEA26524,4310,"2026-07-24 17:59:47",265,25018,0,45,0,1,1,0,0,0,0,0,0,0,0,NULL,NULL,699,0,250000,NULL,NULL,YBC8265,NULL,NULL,NULL,NULL,0,0,0,1,NULL,bc6a2e6c-1c86-4560-bdfe-ce6b30d2b59d,NULL
53885,234200,2003,NULL," ","FORD MECH F550-"," ",1FDAF56P13EC74993,4418,"2026-07-24 17:59:47",265,25122,0,45,0,1,1,0,0,0,0,0,0,0,0,NULL,NULL,699,0,234200,NULL,NULL,25203X,NULL,NULL,NULL,NULL,0,0,0,1,NULL,ec11d71e-92a8-429a-a445-93ae4f9e7abd,NULL
53886,250100,2009,NULL," ","FORD F350 HIRAIL- (sold 5/17/23)"," ",1FTWW33Y09EB26466,4310,"2026-07-24 17:59:47",265,25018,0,45,0,1,1,0,0,0,0,0,0,0,0,NULL,NULL,699,0,250100,NULL,NULL,EC42405,NULL,NULL,NULL,NULL,0,0,0,1,NULL,6e5c5371-c68c-4ed5-8783-a3cbf17b19ec,NULL
53887,248800,2009,NULL," ","FORD F350 HI-RAIL-(SOLD 3-13-20)"," ",1FTWW33Y39EB26459,4310,"2026-07-24 17:59:47",265,25018,0,45,0,1,1,0,0,0,0,0,0,0,0,NULL,NULL,699,0,248800,NULL,NULL,EC44078,NULL,NULL,NULL,NULL,0,0,0,1,NULL,6bd621e1-8398-4e34-9c2b-5692ddd9a346,NULL
53888,241700,2004,NULL,"JBA AUTOMOTIVE","CHEV 3/4T EXT-SOLD",1GCHC29U15E128401-," ",4401,"2026-07-24 17:59:48",265,24981,0,45,0,1,1,0,0,0,0,0,0,0,0,NULL,NULL,699,0,241700,NULL,NULL,562RQR,NULL,NULL,NULL,NULL,0,0,0,1,NULL,4388c9c1-fec6-4f29-9006-1c25bf3370b5,NULL
53889,242600,2007,NULL,"LEASE BUYOUT 3-28-12","FORD MECH F550"," ",3FRNF65F97V509836,4418,"2026-07-24 17:59:48",265,25122,0,45,0,1,1,0,0,0,0,0,0,0,0,NULL,NULL,699,0,242600,NULL,NULL,25194X,NULL,NULL,NULL,NULL,0,0,0,1,NULL,104700ca-ecb4-4eff-b7d6-04122c0aa886,NULL
53890,129934,NULL,NULL," ","LC#5 DURLINE 25 TON LOAD SCALE (Disposed 10-16-17)",212533541," ",4514,"2026-07-24 17:59:48",265,25018,0,45,0,1,1,0,0,0,0,0,0,0,0,NULL,NULL,699,0,129934,NULL,NULL,NULL,NULL,NULL,NULL,NULL,0,0,0,1,NULL,94229a11-dd6a-4a05-bd87-ae60b0c13c17,NULL
53891,243200,2007,NULL,"LEASE BUYOUT 8-5-12","FORD MECH F650-SOLD"," ",3FRNF65FX7V511093,4418,"2026-07-24 17:59:48",265,25018,0,45,0,1,1,0,0,0,0,0,0,0,0,NULL,NULL,699,0,243200,NULL,NULL,25195X,NULL,NULL,NULL,NULL,0,0,0,1,NULL,1142ead6-e4e2-474e-aa1e-b2148a0c7b3d,NULL
53892,251500,2007,NULL,"MOUNTAIN TRUCK SALES","FORD MECH F650"," ",3FRWX65R07V426632,4418,"2026-07-24 17:59:48",265,25018,0,45,0,1,1,0,0,0,0,0,0,0,0,NULL,NULL,699,0,251500,NULL,NULL,13143Z,NULL,NULL,NULL,NULL,0,0,0,1,NULL,8f7ce338-5598-46b7-b10d-781a1305a03f,NULL
53893,188201,NULL,NULL," ","SERVICE BODY-MECHANIC TRUCK (Disposed 10-16-17)"," "," ",4525,"2026-07-24 17:59:48",265,25122,0,45,0,1,1,0,0,0,0,0,0,0,0,NULL,NULL,699,0,188201,NULL,NULL,NULL,NULL,NULL,NULL,NULL,0,0,0,1,NULL,c0dc8945-c990-475b-bc17-49a4bafb6c7a,NULL
53894,243400,2005,NULL,"MN TITLE L2750T073","CHEV 3/4T 4WD-"," ",1GCHK29U95E109582,4401,"2026-07-24 17:59:49",265,25018,0,45,0,1,1,0,0,0,0,0,0,0,0,NULL,NULL,699,0,243400,NULL,NULL,PKT250,NULL,NULL,NULL,NULL,0,0,0,1,NULL,1f629258-d559-4524-84ad-270ab47644bd,NULL
53895,256001,2003,NULL," ","BLAST BEDLINER/PAINT BOX"," "," ",4418,"2026-07-24 17:59:49",265,25122,0,45,0,1,1,0,0,0,0,0,0,0,0,NULL,NULL,699,0,256001,NULL,NULL,NULL,NULL,NULL,NULL,NULL,0,0,0,1,NULL,ef55d307-f21b-44d6-9ba2-a2e645930387,NULL
53896,129939,NULL,NULL," ","LC#6-LSI GC060 60K LOAD CELL (Disposed 10-16-17)",G19045/ML60K9," ",4514,"2026-07-24 17:59:49",265,25122,0,45,0,1,1,0,0,0,0,0,0,0,0,NULL,NULL,699,0,129939,NULL,NULL,NULL,NULL,NULL,NULL,NULL,0,0,0,1,NULL,0b009f92-ff87-401f-ab0d-561559b4b880,NULL
53897,265500,2016,10303,"4300 MECH","INTERNATIONAL 4300 MECHANIC- (AUCTION LIST 04/14/26)"," ",3HAMMMML3GL160352,4418,"2026-07-24 17:59:49",265,24981,0,45,0,1,1,0,0,0,0,0,0,0,0,NULL,NULL,699,0,265500,NULL,NULL,EDYN00,NULL,NULL,NULL,NULL,0,0,0,1,NULL,26cea37f-fbef-440a-9de8-5b6566277f42,NULL
53898,422000,1998,10299,LT9513,"HI-RAIL ROTARY DUMP TRUCK-FORD LT9513 (TO AUCTION)"," ",1FDZS96P3WVA16761,4380,"2026-07-24 18:02:39",265,25018,0,45,0,1,1,0,0,0,0,0,0,0,0,NULL,NULL,699,0,422000,NULL,NULL,25197X,NULL,NULL,NULL,NULL,0,0,0,1,NULL,fc8f80c1-7da6-419a-8781-77745c084231,NULL
53899,307400,2026,10299,"F150 XL","FORD F150 SUPERCREW XL 4WD - RED OWL, STEPHEN (SURVEY)"," ",1FTFW1L56TKD50246,4429,"2026-07-24 18:02:40",265,25055,0,45,1,1,1,0,0,0,0,0,0,0,0,NULL,NULL,699,0,307400,NULL,NULL,TBD,NULL,NULL,NULL,5282759,0,0,0,0,NULL,7aca5228-3f4e-4ce1-8bad-cbab82d1c394,NULL
53900,422500,2007,10302,M2,"2007 M2 FREIGHTLINER FLATBED (Sold 12/04/24)"," ",1FVACWDC87HY46525,4534,"2026-07-24 18:03:09",265,24981,0,45,0,1,1,0,0,0,0,0,0,0,0,NULL,NULL,699,0,422500,NULL,NULL,BZBD68,NULL,NULL,NULL,NULL,0,0,0,1,NULL,70993cc2-5b75-46ea-8fb5-609f81e91900,NULL
53901,433100,2006,NULL,"F-750 FORD","WATER TRUCK 2000 GAL FORD F750 (Sold 10/4/23)"," ",3FRXF75E46V349885,4397,"2026-07-24 18:03:09",265,24981,0,45,0,1,1,0,0,0,0,0,0,0,0,NULL,NULL,699,0,433100,NULL,NULL,648QPG,NULL,NULL,NULL,NULL,0,0,0,1,NULL,908804c9-1025-4460-987a-a3bbadc3f6d7,NULL
53902,432700,1995,NULL,"SOBOJINSKI-WI DELLS","WHITE GMC-4000 GAL WATER TANK (Sold 11-20-17)"," ",4V2JCBDF8SR832865,4305,"2026-07-24 18:03:10",265,24981,0,45,0,1,1,0,0,0,0,0,0,0,0,NULL,NULL,699,0,432700,NULL,NULL,316DXQ,NULL,NULL,NULL,NULL,0,0,0,1,NULL,90a20a8e-8d41-4fb3-a99a-3eba2b50af7e,NULL
53903,422400,2007,NULL,"CAT AUCTION SERVICES","HINO 258 FLATBED TRUCK"," ",5PVND8JP172S50141,4534,"2026-07-24 18:03:10",265,24981,0,45,0,1,1,0,0,0,0,0,0,0,0,NULL,NULL,699,0,422400,NULL,NULL,799HVU,NULL,NULL,NULL,NULL,0,0,0,1,NULL,d0b9b906-5995-4455-908d-5b89dd6a7310,NULL
53904,433300,2011,10303,4300SBA,"WATER TRUCK 2000 GAL INTERNATIONAL"," ",1HTMKAAL8BH369674,4397,"2026-07-24 18:03:10",265,24981,0,45,0,1,1,0,0,0,0,0,0,0,0,NULL,NULL,699,0,433300,NULL,NULL,OVE422,NULL,NULL,NULL,NULL,0,0,0,1,NULL,57dc7aba-fd24-4107-b555-6bdbf16e0b30,NULL
53905,422600,2007,NULL,"BOUGHT WITH 91,070 M","2007 M2 FREIGHTLINER FLATBED (Sold 10/4/23)"," ",1FVACWDC67HY46524,4534,"2026-07-24 18:03:11",265,24981,0,45,0,1,1,0,0,0,0,0,0,0,0,NULL,NULL,699,0,422600,NULL,NULL,338CVK,NULL,NULL,NULL,NULL,0,0,0,1,NULL,b97d957b-ec8f-42a4-b46d-69bc48494f29,NULL
53906,422900,2011,10303,4300,"INTERNATIONAL 4300 DUMP TRUCK"," ",1HTMMAAN4BH326929,4371,"2026-07-24 18:03:11",265,25018,0,45,0,1,1,0,0,0,0,0,0,0,0,NULL,NULL,699,0,422900,NULL,NULL,HD35627,NULL,NULL,NULL,NULL,0,0,0,1,NULL,5d503659-b7f5-45c3-99b1-5a25404eea26,NULL
53907,422300,2004,NULL," ","FREIGHTLINER M2 FLATBED TRUCK (SOLD 3/26/21)"," ",1FVACWDD84HN27842,4534,"2026-07-24 18:03:12",265,24981,0,45,0,1,1,0,0,0,0,0,0,0,0,NULL,NULL,699,0,422300,NULL,NULL,843XPN,NULL,NULL,NULL,NULL,0,0,0,1,NULL,42c96c17-f044-4285-9e3b-17a281393323,NULL
53908,422800,2008,NULL,"BOUGHT W/ 165,853 M","2008 M2 FREIGHTLINER FLATBED-SOLD"," ",1FVACXDT58HZ83509,4534,"2026-07-24 18:03:41",265,24981,0,45,0,1,1,0,0,0,0,0,0,0,0,NULL,NULL,699,0,422800,NULL,NULL,XQU969,NULL,NULL,NULL,NULL,0,0,0,1,NULL,925c9345-0a49-4586-87f8-1ef24aebc61c,NULL
53909,433600,2013,10302,"M2 106","WATER TRUCK 4000 GAL (sold at auction 3/22)"," ",1FVHCYBS9DHFE2652,4305,"2026-07-24 18:03:42",265,24981,0,45,0,1,1,0,0,0,0,0,0,0,0,NULL,NULL,699,0,433600,NULL,NULL,BION81,NULL,NULL,NULL,NULL,0,0,0,1,NULL,f7d9d809-5281-44ba-a6b2-4ec2638fd330,NULL
53910,432400,1984,NULL," ","MACK-4000 GAL TANK (SOLD 3-4-19)"," ",1M2N179Y4EA087418,4305,"2026-07-24 18:03:44",265,25018,0,45,0,1,1,0,0,0,0,0,0,0,0,NULL,NULL,699,0,432400,NULL,NULL,NULL,NULL,NULL,NULL,NULL,0,0,0,1,NULL,29c1548c-d774-482b-9a33-82db16862829,NULL
53911,473000,NULL,NULL,613477,"MUD BUDDY OUTBOARD 35HP (sold 5-8-21)",05052712," ",4294,"2026-07-24 18:03:45",265,25018,0,45,0,1,1,0,0,0,0,0,0,0,0,NULL,NULL,699,0,473000,NULL,NULL,NULL,NULL,NULL,NULL,NULL,0,0,0,1,NULL,ccc24ec0-6ab5-4e77-9a9c-8a7057c9ac44,NULL
53912,463100,2011,NULL," ","BAUER HD STEEL-FLAT BOAT (EKS FAB)-DISPOSED 9/29/20",-GLCH388JH203," ",4331,"2026-07-24 18:03:45",265,25018,0,45,0,1,1,0,0,0,0,0,0,0,0,NULL,NULL,699,0,463100,NULL,NULL,WS4192GK,NULL,NULL,NULL,NULL,0,0,0,1,NULL,35a63461-1aab-459e-bba9-1821a5f1f24c,NULL
53913,463500,2019,10318," ","KANN MFG ALUMINUM 18X60 BOAT-damaged-written off",KMQ18714H919," ",4331,"2026-07-24 18:03:46",265,25018,0,45,0,1,1,0,0,0,0,0,0,0,0,NULL,NULL,699,0,463500,NULL,NULL,WS1278VV,NULL,NULL,NULL,NULL,0,0,0,1,NULL,3c875b51-a223-4240-97fd-94a7f9b7d7b4,NULL
53914,474000,NULL,NULL,BF40D2LHA,"HONDA 40HP BOAT MOTOR (sank w/boat in 2016)",BBDJ-1105703," ",4294,"2026-07-24 18:03:46",265,25018,0,45,0,1,1,0,0,0,0,0,0,0,0,NULL,NULL,699,0,474000,NULL,NULL,NULL,NULL,NULL,NULL,NULL,0,0,0,1,NULL,0ec3d5ea-7c49-4edd-8fc2-5c1b9def28d3,NULL
53915,473500,NULL,NULL,"BBDJ BF40DKLH","HONDA 40HP BOAT MOTOR-damaged-written off",1005645," ",4294,"2026-07-24 18:03:47",265,25018,0,45,0,1,1,0,0,0,0,0,0,0,0,NULL,NULL,699,0,473500,NULL,NULL,NULL,NULL,NULL,NULL,NULL,0,0,0,1,NULL,28a59578-2012-4cb0-aa0d-4aa2644dda52,NULL
53917,473400,2007,NULL,40ELHPT,"MERCURY 40HP MOTOR (SOLD 12-23-19)",1C032431," ",4294,"2026-07-24 18:03:48",265,25018,0,45,0,1,1,0,0,0,0,0,0,0,0,NULL,NULL,699,0,473400,NULL,NULL,NULL,NULL,NULL,NULL,NULL,0,0,0,1,NULL,66e2ad0b-b6e5-4972-a46f-c3436cff3531,NULL
53918,446201,2016,NULL," ","AIR COMPRESSOR W/KOHLER ENGINE (Disposed)",4528730," ",4349,"2026-07-24 18:03:49",265,24981,0,45,0,1,1,0,0,0,0,0,0,0,0,NULL,NULL,699,0,446201,NULL,NULL,X603976,NULL,NULL,NULL,NULL,0,0,0,1,NULL,a255f5f1-10c2-4cc0-8036-867717b457dd,NULL
53919,445900,1998,NULL," ","FREIGHTLINER FL70  LUBE/FUEL"," ",1FV6HLAC5WH957039,4508,"2026-07-24 18:03:49",265,24981,0,45,0,1,1,0,0,0,0,0,0,0,0,NULL,NULL,699,0,445900,NULL,NULL,166EHI,NULL,NULL,NULL,NULL,0,0,0,1,NULL,d159d6e6-07ac-4285-af1e-7bf4834e3a7d,NULL
53920,462000,2002,NULL," ","CRESTLINER C1860 18'BOAT MOD-V (DISPOSED 7-17-18)",NOR59489I899," ",4331,"2026-07-24 18:03:50",265,25018,0,45,0,1,1,0,0,0,0,0,0,0,0,NULL,NULL,699,0,462000,NULL,NULL,WS3651GG,NULL,NULL,NULL,NULL,0,0,0,1,NULL,7c3e5971-d67b-4a01-a606-6963fa90f46c,NULL
53921,446200,2006,NULL," ","FORD F-550 WELD TRK-UNASSIGNED"," ",1FDAF57P16EB61872,4355,"2026-07-24 18:03:51",265,24981,0,45,0,1,1,0,0,0,0,0,0,0,0,NULL,NULL,699,0,446200,NULL,NULL,913OIQ,NULL,NULL,NULL,NULL,0,0,0,1,NULL,dbc18ffd-23cd-48b0-a958-a51457e47ea4,NULL
53922,500900,1970,NULL,"job trailer only","BROWN 40' PLATFORM (SOLD 11-12-18)",M700742," ",4486,"2026-07-24 18:03:53",265,25018,0,45,0,1,1,0,0,0,0,0,0,0,0,NULL,NULL,699,0,500900,NULL,NULL,NULL,NULL,NULL,NULL,NULL,0,0,0,1,NULL,4c6356d0-7af9-4c96-97ae-c49c15da5160,NULL
53923,463000,2011,NULL," ","BAUER HD STEEL-FLAT BOAT (EKS FAB) (disposed 5-27-20)",-GLCH438JH203," ",4331,"2026-07-24 18:03:55",265,25018,0,45,0,1,1,0,0,0,0,0,0,0,0,NULL,NULL,699,0,463000,NULL,NULL,WS4198GK,NULL,NULL,NULL,NULL,0,0,0,1,NULL,5c2c6799-4fee-4180-9b75-3053fe732a37,NULL
53924,503900,1989,NULL," ","TRAILMOBILE FLATBED-ON JOB ONL (SOLD 11-12-18)",1PTF71H7K9008186," ",4486,"2026-07-24 18:03:56",265,25018,0,45,0,1,1,0,0,0,0,0,0,0,0,NULL,NULL,699,0,503900,NULL,NULL,NULL,NULL,NULL,NULL,NULL,0,0,0,1,NULL,f34bdfc7-f643-40ce-8897-61635b102517,NULL
53925,461800,2002,NULL," ","POLAR KRAFT MV1775 17' BOAT-scrapped 6-10-16",PLR28216A202," ",4331,"2026-07-24 18:03:58",265,25122,0,45,0,1,1,0,0,0,0,0,0,0,0,NULL,NULL,699,0,461800,NULL,NULL,WS3660GG,NULL,NULL,NULL,NULL,0,0,0,1,NULL,3a2a9b3f-4b95-49ae-9ffc-5963d94eaed2,NULL
53926,463400,2016,10320,"1754 JON","TRACKER ALUMINUM 1754 JON BOAT (DISPOSED OF 9-14-21)",BUJ03133F516," ",4331,"2026-07-24 18:04:00",265,25018,0,45,0,1,1,0,0,0,0,0,0,0,0,NULL,NULL,699,0,463400,NULL,NULL,WS1056YR,NULL,NULL,NULL,NULL,0,0,0,1,NULL,26e7ed5c-b434-41c3-befc-4c7dbc4597d3,NULL
53927,472600,NULL,NULL," ","HONDA BF40A 40HP MOTOR",BAYS-3300187," ",4294,"2026-07-24 18:04:02",265,25018,0,45,0,1,1,0,0,0,0,0,0,0,0,NULL,NULL,699,0,472600,NULL,NULL,NULL,NULL,NULL,NULL,NULL,0,0,0,1,NULL,78388e54-ee46-4d14-92db-1d881e3f40f3,NULL
53928,502500,1979,NULL,"05/04/00-In MN yard","GREAT DANE HIGHBOY-ON JOB ONLY (SOLD 11-12-18)",M22329," ",4486,"2026-07-24 18:04:04",265,25018,0,45,0,1,1,0,0,0,0,0,0,0,0,NULL,NULL,699,0,502500,NULL,NULL,NULL,NULL,NULL,NULL,NULL,0,0,0,1,NULL,7ca52b4a-49f2-4007-8f89-aa66ce91405a,NULL
53929,504600,2008,NULL,TL-2000,"TRANSCRAFT FLATBED TRAILER (SOLD 3-16-18)"," ",1TTF4820881084735,4486,"2026-07-24 18:04:05",265,25110,0,45,0,1,1,0,0,0,0,0,0,0,0,NULL,NULL,699,0,504600,NULL,NULL,686034,NULL,NULL,NULL,NULL,0,0,0,1,NULL,04d38699-e38e-4db1-9205-5ab519b18099,NULL
53930,504400,1999,NULL," ","GREAT DANE 48-65' EXTENS TRLR"," ",1GRDM9634XM000801,4486,"2026-07-24 18:04:07",265,25018,0,45,0,1,1,0,0,0,0,0,0,0,0,NULL,NULL,699,0,504400,NULL,NULL,NULL,NULL,NULL,NULL,NULL,0,0,0,1,NULL,fa885dc3-caa1-403a-a288-9ca69a7f2771,NULL
53931,473200,2007,NULL,"UPC 678633042881","MERCURY MOTOR 8M 4 STROKE (STOLEN from 501705)-DISPOSED",OR179933," ",4294,"2026-07-24 18:04:08",265,25018,0,45,0,1,1,0,0,0,0,0,0,0,0,NULL,NULL,699,0,473200,NULL,NULL,NULL,NULL,NULL,NULL,NULL,0,0,0,1,NULL,f90ccf61-8619-4c19-aebb-e9d96112cc07,NULL
53932,502900,1983,NULL,"job trailer only","STOUGHTON 42' PLATFORM (SOLD 11-12-18)",1DWIB4223CS392401," ",4486,"2026-07-24 18:04:09",265,25018,0,45,0,1,1,0,0,0,0,0,0,0,0,NULL,NULL,699,0,502900,NULL,NULL,NULL,NULL,NULL,NULL,NULL,0,0,0,1,NULL,5e729f52-1870-43d3-9a1e-f023185ac877,NULL
53933,504700,2008,NULL,TL-2000,"TRANSCRAFT FLATBED TRAILER (SOLD 3-15-19)"," ",1TTF4820981084727,4486,"2026-07-24 18:04:10",265,25110,0,45,0,1,1,0,0,0,0,0,0,0,0,NULL,NULL,699,0,504700,NULL,NULL,686033,NULL,NULL,NULL,NULL,0,0,0,1,NULL,917e245a-c9fd-451f-8769-683727aff7b6,NULL
53934,472400,1983,NULL," ","JOHNSON 90HP JET OB MOTOR-DISPOSED",J5689517," ",4294,"2026-07-24 18:04:10",265,25018,0,45,0,1,1,0,0,0,0,0,0,0,0,NULL,NULL,699,0,472400,NULL,NULL,NULL,NULL,NULL,NULL,NULL,0,0,0,1,NULL,4f6749a0-ff9b-457a-bd19-3c10fe80a706,NULL
53935,507200,1993,NULL,AT714T2,"TIMBERWOLF 14' FINISH TRAILER"," ",48FCE1828R1001091,4526,"2026-07-24 18:04:10",265,25018,0,45,0,1,1,0,0,0,0,0,0,0,0,NULL,NULL,699,0,507200,NULL,NULL,CA45124,NULL,NULL,NULL,NULL,0,0,0,1,NULL,e4f16508-20cd-411c-b17f-8316a67cb04c,NULL
53936,472300,2002,NULL," ","HONDA BF15A 15HP MOTOR (scrapped 4-7-20)",BAAS-1600687," ",4294,"2026-07-24 18:04:11",265,25018,0,45,0,1,1,0,0,0,0,0,0,0,0,NULL,NULL,699,0,472300,NULL,NULL,NULL,NULL,NULL,NULL,NULL,0,0,0,1,NULL,a6b1d01b-efb7-4d0e-aba3-2b05cad21da2,NULL
53937,471300,2002,NULL," ","HONDA BF40A 40HP MOTOR (Disposed on 12-13-18)",BAYS-3221098," ",4294,"2026-07-24 18:04:11",265,25018,0,45,0,1,1,0,0,0,0,0,0,0,0,NULL,NULL,699,0,471300,NULL,NULL,NULL,NULL,NULL,NULL,NULL,0,0,0,1,NULL,daafbd5f-1ecd-4053-8b13-9c59bbdd2070,NULL
53938,507600,1995,NULL,"BIG TEX TRAILERS","CARHAULER 12CH-18 TRAILER (SOLD 5-19-17)",16VCX1820S371469," ",4532,"2026-07-24 18:04:11",265,24981,0,45,0,1,1,0,0,0,0,0,0,0,0,NULL,NULL,699,0,507600,NULL,NULL,720HOI,NULL,NULL,NULL,NULL,0,0,0,1,NULL,b8dc2bbf-9174-4ff4-a1c0-1b1c3b43358b,NULL
53939,508200,1998,NULL,"charges daily at end","TOWMASTER 20 TON TILT TRAILER (SOLD 9-3-21)"," ",4KNTT2422WL161900,4408,"2026-07-24 18:04:11",265,25018,0,45,0,1,1,0,0,0,0,0,0,0,0,NULL,NULL,699,0,508200,NULL,NULL,JR2329,NULL,NULL,NULL,NULL,0,0,0,1,NULL,64154b3b-0cb7-4a0f-adb7-fe71a5f1e8f0,NULL
53940,504900,2008,NULL,DTL-2100W,"TRANSCRAFT STEP DECK TRAILER (SOLD 1-18-19)"," ",1TTE5320481084792,4486,"2026-07-24 18:04:11",265,25110,0,45,0,1,1,0,0,0,0,0,0,0,0,NULL,NULL,699,0,504900,NULL,NULL,686031,NULL,NULL,NULL,NULL,0,0,0,1,NULL,4a222578-6f97-4785-8552-b580ea1bf596,NULL
53941,520600,1995,NULL," ","CAT 966F-II LOADER (Sold 5-14-18)",01SL01673," ",4480,"2026-07-24 18:04:11",265,25018,0,45,0,1,1,0,0,0,0,0,0,0,0,NULL,NULL,699,0,520600,NULL,NULL,NULL,NULL,NULL,NULL,NULL,0,0,0,1,NULL,6dac6583-c23b-42a6-8386-71c8232ac538,NULL
53942,504800,2008,NULL,DTL-2100W,"TRANSCRAFT STEP DECK TRAILER (SOLD 4-4-19)"," ",1TTE5320281084743,4486,"2026-07-24 18:04:11",265,25110,0,45,0,1,1,0,0,0,0,0,0,0,0,NULL,NULL,699,0,504800,NULL,NULL,762576,NULL,NULL,NULL,NULL,0,0,0,1,NULL,48caa925-1860-4641-b145-d72cc50ce5be,NULL
53943,521301,NULL,NULL," ","ADD BALDERSON FORKS/COUPLERS"," "," ",4525,"2026-07-24 18:04:12",265,25018,0,45,0,1,1,0,0,0,0,0,0,0,0,NULL,NULL,699,0,521301,NULL,NULL,NULL,NULL,NULL,NULL,NULL,0,0,0,1,NULL,434889d5-0f1f-42a4-9310-d5c277545378,NULL
53944,520601,NULL,NULL," ","ADD BALDERSON COUPLERS/FORKS (Sold 5-14-18)"," "," ",4525,"2026-07-24 18:04:12",265,25018,0,45,0,1,1,0,0,0,0,0,0,0,0,NULL,NULL,699,0,520601,NULL,NULL,NULL,NULL,NULL,NULL,NULL,0,0,0,1,NULL,24e3a623-66c5-4d01-b040-3473c4108e8c,NULL
53945,521302,NULL,NULL," ","REBUILD CAT 970F LOADER"," "," ",4480,"2026-07-24 18:04:12",265,25018,0,45,0,1,1,0,0,0,0,0,0,0,0,NULL,NULL,699,0,521302,NULL,NULL,NULL,NULL,NULL,NULL,NULL,0,0,0,1,NULL,1c47b20b-9049-4c78-91cc-5785d421d158,NULL
53946,506700,1992,NULL,"BIGO'S TRAILERS","CARHAULER HD 16' TRAILER (SOLD 5-23-17)",2154," ",4532,"2026-07-24 18:04:12",265,25018,0,45,0,1,1,0,0,0,0,0,0,0,0,NULL,NULL,699,0,506700,NULL,NULL,DR41073,NULL,NULL,NULL,NULL,0,0,0,1,NULL,e8547ead-737d-4706-adbf-049f7092e4e1,NULL
53947,521601,2000,NULL," ","CAT 950G LOADER-REFURBISHED",2JS00626," ",4481,"2026-07-24 18:04:12",265,25122,0,45,0,1,1,0,0,0,0,0,0,0,0,NULL,NULL,699,0,521601,NULL,NULL,NULL,NULL,NULL,NULL,NULL,0,0,0,1,NULL,eb31f334-4f68-444d-8018-721dc7d777e7,NULL
53948,520901,NULL,NULL," ","ADD BALDERSON FORKS/COUPLERS"," "," ",4480,"2026-07-24 18:04:13",265,25018,0,45,0,1,1,0,0,0,0,0,0,0,0,NULL,NULL,699,0,520901,NULL,NULL,NULL,NULL,NULL,NULL,NULL,0,0,0,1,NULL,ad6df2e4-3a42-43a1-9616-106ea2891185,NULL
53949,521400,1996,NULL," ","CAT 950F LOADER (Sold 5-14-18)",05SK02400," ",4481,"2026-07-24 18:04:13",265,25018,0,45,0,1,1,0,0,0,0,0,0,0,0,NULL,NULL,699,0,521400,NULL,NULL,NULL,NULL,NULL,NULL,NULL,0,0,0,1,NULL,785b5988-fb90-4fcb-b998-c21d82822b60,NULL
53950,508500,1998,NULL," ","SOUTHWEST 13.5' UTILITY TRLR (GOING TO AUCTION)"," ",48B500D20W2017143,4526,"2026-07-24 18:04:13",265,25018,0,45,0,1,1,0,0,0,0,0,0,0,0,NULL,NULL,699,0,508500,NULL,NULL,CA22079,NULL,NULL,NULL,NULL,0,0,0,1,NULL,203b72b0-9c4f-4c7c-9668-65a0c8570b2a,NULL
53951,521600,2000,NULL," ","CAT 950G LOADER (Traded 3/13/23)",2JS00626," ",4481,"2026-07-24 18:04:13",265,25018,0,45,0,1,1,0,0,0,0,0,0,0,0,NULL,NULL,699,0,521600,NULL,NULL,NULL,NULL,NULL,NULL,NULL,0,0,0,1,NULL,a689d078-50af-4611-910e-6182fa3d5201,NULL
53952,508400,1998,NULL," ","SOUTHWEST 13.5' UTILITY TRLR (K. Hickey)"," ",48B500D29W2017142,4526,"2026-07-24 18:04:13",265,25018,0,45,0,1,1,0,0,0,0,0,0,0,0,NULL,NULL,699,0,508400,NULL,NULL,CA22362,NULL,NULL,NULL,NULL,0,0,0,1,NULL,bb0842e2-cb2d-4055-8ea9-b51a1a02ce62,NULL
53953,521700,2001,NULL," ","CAT 950G LOADER -(Traded 3/13/23)",2JS01773," ",4481,"2026-07-24 18:04:13",265,25018,0,45,0,1,1,0,0,0,0,0,0,0,0,NULL,NULL,699,0,521700,NULL,NULL,NULL,NULL,NULL,NULL,NULL,0,0,0,1,NULL,d1c91228-1479-4423-9034-06cc396e7d6c,NULL
53954,520902,1995,NULL,966F,"CAT 966F-S2 LOADER-RECONDITIONED",9YJ2452," ",4480,"2026-07-24 18:04:13",265,24981,0,45,0,1,1,0,0,0,0,0,0,0,0,NULL,NULL,699,0,520902,NULL,NULL,NA,NULL,NULL,NULL,NULL,0,0,0,1,NULL,b7b871db-c45e-48b6-92ec-2479ea3daaad,NULL
53955,520602,NULL,NULL," ","REBUILD CAT 966F (Sold 5-14-18)"," "," ",4480,"2026-07-24 18:04:13",265,25018,0,45,0,1,1,0,0,0,0,0,0,0,0,NULL,NULL,699,0,520602,NULL,NULL,NULL,NULL,NULL,NULL,NULL,0,0,0,1,NULL,d7481e8b-d499-4dc7-9544-291f81fcb3a8,NULL
53956,508100,1998,NULL,"Bobcat Trailer","BIG O 12' HD UTILITY TRAILER-sold 5/2/16"," ",1B9AX1224WP358469,4526,"2026-07-24 18:04:13",265,25018,0,45,0,1,1,0,0,0,0,0,0,0,0,NULL,NULL,699,0,508100,NULL,NULL,CA22425,NULL,NULL,NULL,NULL,0,0,0,1,NULL,89f0bc9c-e199-4934-b916-8aa94ddeada3,NULL
53957,521800,1997,NULL," ","CAT 950F LOADER (Sold 5-14-18)",5SK02853," ",4481,"2026-07-24 18:04:13",265,25018,0,45,0,1,1,0,0,0,0,0,0,0,0,NULL,NULL,699,0,521800,NULL,NULL,NULL,NULL,NULL,NULL,NULL,0,0,0,1,NULL,9a7698b5-b3c7-4cd2-8018-ffae937a8125,NULL
53958,522200,2001,NULL," ","CAT 950G LOADER (SOLD 5/19/22)",2JS01353," ",4481,"2026-07-24 18:04:14",265,25018,0,45,0,1,1,0,0,0,0,0,0,0,0,NULL,NULL,699,0,522200,NULL,NULL,272HOH,NULL,NULL,NULL,NULL,0,0,0,1,NULL,300379d4-136f-4f4b-b2b5-9f68b7443109,NULL
53959,522700,2008,NULL," ","VOLVO L-110F LOADER (Trade-in 7/5/23)",L110FV61713," ",4481,"2026-07-24 18:04:14",265,25018,0,45,0,1,1,0,0,0,0,0,0,0,0,NULL,NULL,699,0,522700,NULL,NULL,NULL,NULL,NULL,NULL,NULL,0,0,0,1,NULL,81e646c5-0949-4158-97b9-e30f42cc6f5a,NULL
53960,522900,2004,NULL," ","CAT 950G II LOADER SW MA4 (Traded In 9/30/24)",AXX01037," ",4481,"2026-07-24 18:04:14",265,25122,0,45,0,1,1,0,0,0,0,0,0,0,0,NULL,NULL,699,0,522900,NULL,NULL,NULL,NULL,NULL,NULL,NULL,0,0,0,1,NULL,9f95d658-85a0-4c30-98c1-474422229952,NULL
53961,523000,2004,NULL," ","CAT 950G II LOADER SW MA4 (TRADE IN 4-9-19)",BAA00524," ",4481,"2026-07-24 18:04:14",265,25018,0,45,0,1,1,0,0,0,0,0,0,0,0,NULL,NULL,699,0,523000,NULL,NULL,NULL,NULL,NULL,NULL,NULL,0,0,0,1,NULL,7e3bca2f-625a-456c-abc9-4d6a1fabccf2,NULL
53962,520300,1993,NULL," ","CAT 950F-II LOADER (Sold 5-14-18)",5SK00425," ",4481,"2026-07-24 18:04:14",265,25018,0,45,0,1,1,0,0,0,0,0,0,0,0,NULL,NULL,699,0,520300,NULL,NULL,NULL,NULL,NULL,NULL,NULL,0,0,0,1,NULL,e8b7a576-8c57-4eeb-ba83-9d08dced9175,NULL
53963,509300,2003,NULL," ","SOUTHWEST 7X14 ENCLOSED TRLR"," ",48BTE14273B033401,4526,"2026-07-24 18:04:14",265,25110,0,45,0,1,1,0,0,0,0,0,0,0,0,NULL,NULL,699,0,509300,NULL,NULL,CA22005,NULL,NULL,NULL,NULL,0,0,0,1,NULL,f27ef92b-f2f0-4d2d-821f-1a088c056af3,NULL
53964,509400,2003,NULL,"TOPAR WELDING & TRAI","TX BRAGG 7X16 UTILITY TRAILER (SOLD 10-26-17("," ",17XFF162631036683,4526,"2026-07-24 18:04:15",265,24981,0,45,0,1,1,0,0,0,0,0,0,0,0,NULL,NULL,699,0,509400,NULL,NULL,444ILN,NULL,NULL,NULL,NULL,0,0,0,1,NULL,37911bea-fcc0-46d3-8cb9-32856d8b7937,NULL
53965,522800,2008,NULL," ","VOLVO L-110F LOADER (sold at auction 3/22)",L110EV61066," ",4481,"2026-07-24 18:04:15",265,24981,0,45,0,1,1,0,0,0,0,0,0,0,0,NULL,NULL,699,0,522800,NULL,NULL,10409582,NULL,NULL,NULL,NULL,0,0,0,1,NULL,84163cb3-6c39-4199-b779-c7ea8ce5db00,NULL
53966,509000,2000,NULL," ","7X14 LEAD DECON UNIT ( no shower)"," ",48B500F22Y2022425,4463,"2026-07-24 18:04:15",265,25018,0,45,0,1,1,0,0,0,0,0,0,0,0,NULL,NULL,699,0,509000,NULL,NULL,CA22284,NULL,NULL,NULL,NULL,0,0,0,1,NULL,ccfb1580-c9ec-4c5f-97a0-8db93921de44,NULL
53967,509500,2003,NULL,"TOPAR WELDING & TRAI","TX BRAGG 7X16 UTILITY TRAILER-sold 5/2/16"," ",17XFF162231036681,4526,"2026-07-24 18:04:15",265,25018,0,45,0,1,1,0,0,0,0,0,0,0,0,NULL,NULL,699,0,509500,NULL,NULL,DR54367,NULL,NULL,NULL,NULL,0,0,0,1,NULL,00a0c3ff-c0fc-451c-8325-ff1c83b21639,NULL
53968,521300,1996,NULL," ","CAT 970F LOADER (Traded In 02-27-24)",9JK00522," ",4480,"2026-07-24 18:04:15",265,25018,0,45,0,1,1,0,0,0,0,0,0,0,0,NULL,NULL,699,0,521300,NULL,NULL,NULL,NULL,NULL,NULL,NULL,0,0,0,1,NULL,737f513b-fc46-4bf0-9e85-072e9c310f19,NULL
53969,522100,2001,NULL," ","CAT 950G LOADER (TRADED 02/28/23)",5FW2112," ",4481,"2026-07-24 18:04:15",265,25018,0,45,0,1,1,0,0,0,0,0,0,0,0,NULL,NULL,699,0,522100,NULL,NULL,NULL,NULL,NULL,NULL,NULL,0,0,0,1,NULL,b941fa6a-4eaf-499e-b8aa-5b60db56dae7,NULL
53970,509800,2000,NULL," ","GREAT DANE FLATBED TRAILER (DISPOSED 1-16-19)"," ",1GRDM9621YM023803,4486,"2026-07-24 18:04:15",265,25110,0,45,0,1,1,0,0,0,0,0,0,0,0,NULL,NULL,699,0,509800,NULL,NULL,686030,NULL,NULL,NULL,NULL,0,0,0,1,NULL,08d7bcfc-0759-4244-b706-eeabe3f9bf8b,NULL
53971,541000,2018,NULL," ","ENFENCER ATTACHMENT WITH SKID LOADER MOUNTING (SOLD 3-26-20)"," "," ",4525,"2026-07-24 18:04:16",265,24981,0,45,0,1,1,0,0,0,0,0,0,0,0,NULL,NULL,699,0,541000,NULL,NULL,TBD,NULL,NULL,NULL,NULL,0,0,0,1,NULL,6daa2e27-e679-49bc-a167-df597926650f,NULL
53972,541400,2019,10336,777,"ALLIED MFG RAMMER 777 (use w/ CAT308E2)",107426," ",4464,"2026-07-24 18:04:16",265,25018,0,45,0,1,1,0,0,0,0,0,0,0,0,NULL,NULL,699,0,541400,NULL,NULL,NULL,NULL,NULL,NULL,NULL,0,0,0,1,NULL,07f8a77d-8c78-4cff-b41c-dad608f3e9bf,NULL
53973,541500,2019,10319,B6,"CAT B6 HAMMER W/ SKID STEER AND 308E2BRACKETS(STOLEN 4/4/22)",HA601289," ",4464,"2026-07-24 18:05:01",265,24981,0,45,0,1,1,0,0,0,0,0,0,0,0,NULL,NULL,699,0,541500,NULL,NULL,TBD,NULL,NULL,NULL,NULL,0,0,0,1,NULL,3de883d6-9e90-458e-b4a0-43ff36693a11,NULL
53974,543200,NULL,NULL,TACW-16,"NEW ROME DISC MODEL TACW-16 (12' WIDE X 32" DEEP DISC)",8TACW-792," ",4489,"2026-07-24 18:05:01",265,24981,0,45,0,1,1,0,0,0,0,0,0,0,0,NULL,NULL,699,0,543200,NULL,NULL,NA,NULL,NULL,NULL,NULL,0,0,0,1,NULL,ef37834a-83f6-4681-8779-422447e5a22f,NULL
53976,544300,2022,NULL,SBK108,"KAGE SBK108 SNOWFIRE PLOW (use w/ skidsteer)",SF108-22004," ",4437,"2026-07-24 18:05:02",265,25031,0,45,0,1,1,0,0,0,0,0,0,0,0,NULL,NULL,699,0,544300,NULL,NULL,NULL,NULL,NULL,NULL,NULL,0,0,0,1,NULL,8f8d5c1e-e1e6-48b4-aa09-28b1d7ad726a,NULL
53977,544600,2022,NULL," ","TRENCH BOX/SHORING SYSTEM"," "," ",4457,"2026-07-24 18:05:03",265,25009,0,45,0,1,1,0,0,0,0,0,0,0,0,NULL,NULL,699,0,544600,NULL,NULL,NA,NULL,NULL,NULL,NULL,0,0,0,1,NULL,6791a7a5-8e4a-4938-b555-7cee3f180bcb,NULL
53978,547000,2025,NULL," ","TRENCH BOX/SHORING SYSTEM"," "," ",4457,"2026-07-24 18:05:03",265,25009,0,45,0,1,1,0,0,0,0,0,0,0,0,NULL,NULL,699,0,547000,NULL,NULL,NA,NULL,NULL,NULL,NULL,0,0,0,1,NULL,ae5a18e9-dc93-47a4-966f-2f3f96a89a1a,NULL
53979,544200,2022,10330,"9.2 VXT SS","BOSS SNOW PLOW 9.2 VXT SS (use w/ Dodge Ram #  2765 )"," "," ",4437,"2026-07-24 18:05:04",265,24981,0,45,0,1,1,0,0,0,0,0,0,0,0,NULL,NULL,699,0,544200,NULL,NULL,NA,NULL,NULL,NULL,NULL,0,0,0,1,NULL,deed9f48-e676-4c26-b450-89a8d94072ed,NULL
53980,545000,2023,NULL," ","TRENCH BOX/SHORING SYSTEM"," "," ",4457,"2026-07-24 18:05:04",265,25009,0,45,0,1,1,0,0,0,0,0,0,0,0,NULL,NULL,699,0,545000,NULL,NULL,NA,NULL,NULL,NULL,NULL,0,0,0,1,NULL,723d6a36-b7ae-497a-9bdf-883330acb474,NULL
53981,545100,2023,NULL," ","TRENCH BOX/SHORING SYSTEM"," "," ",4457,"2026-07-24 18:05:05",265,25009,0,45,0,1,1,0,0,0,0,0,0,0,0,NULL,NULL,699,0,545100,NULL,NULL,NA,NULL,NULL,NULL,NULL,0,0,0,1,NULL,cfd0b3fe-d166-435b-b512-392af593900c,NULL
53982,547100,2025,NULL," ","TRENCH BOX/SHORING SYSTEM"," "," ",4457,"2026-07-24 18:05:06",265,25009,0,45,0,1,1,0,0,0,0,0,0,0,0,NULL,NULL,699,0,547100,NULL,NULL,NA,NULL,NULL,NULL,NULL,0,0,0,1,NULL,b2ee768f-190c-4103-923b-9be3689c05fd,NULL
53983,546900,2025,NULL," ","TRENCH BOX/SHORING SYSTEM"," "," ",4457,"2026-07-24 18:05:07",265,25009,0,45,0,1,1,0,0,0,0,0,0,0,0,NULL,NULL,699,0,546900,NULL,NULL,NA,NULL,NULL,NULL,NULL,0,0,0,1,NULL,6b88364a-d27e-4a73-aa2f-8e5edf658c32,NULL
53984,545200,2023,NULL," ","TRENCH BOX/SHORING SYSTEM"," "," ",4457,"2026-07-24 18:05:07",265,25009,0,45,0,1,1,0,0,0,0,0,0,0,0,NULL,NULL,699,0,545200,NULL,NULL,NA,NULL,NULL,NULL,NULL,0,0,0,1,NULL,7a30a0d1-2536-4604-9a35-1ae07f1e50d1,NULL
53985,550800,1994,NULL," ","CAT D4C DOZER (SOLD 9-3-21)",6YL00532," ",4491,"2026-07-24 18:05:08",265,25018,0,45,0,1,1,0,0,0,0,0,0,0,0,NULL,NULL,699,0,550800,NULL,NULL,NULL,NULL,NULL,NULL,NULL,0,0,0,1,NULL,0ad48d84-a28b-4339-baac-2222b17e4f0c,NULL
53986,551101,2020,10337," ","TRIMBLE 3D SYSTEM FOR CAT D6T DOZER S/N MH701046 (SOLD 06/26",478742," ",4441,"2026-07-24 18:05:08",265,24981,0,45,0,1,1,0,0,0,0,0,0,0,0,NULL,NULL,699,0,551101,NULL,NULL,NA,NULL,NULL,NULL,NULL,0,0,0,1,NULL,705a4fda-ad0c-4015-8414-38bf2c625e6a,NULL
53987,546800,2025,NULL," ","TRENCH BOX/SHORING SYSTEM"," "," ",4457,"2026-07-24 18:05:08",265,25009,0,45,0,1,1,0,0,0,0,0,0,0,0,NULL,NULL,699,0,546800,NULL,NULL,NA,NULL,NULL,NULL,NULL,0,0,0,1,NULL,15841e4c-9526-472c-af26-b35b3d95ba04,NULL
53988,552700,2007,NULL,"TRAILER SOURCE, INC.","FLATBED TRAILER (SOLD 5-18-17)"," ",5APCN18217L004776,4486,"2026-07-24 18:05:45",265,24981,0,45,0,1,1,0,0,0,0,0,0,0,0,NULL,NULL,699,0,552700,NULL,NULL,043TNV,NULL,NULL,NULL,NULL,0,0,0,1,NULL,8b180b70-26b6-463a-a821-ce1287aedf5c,NULL
53989,554600,2013,NULL,600-1,"SKIDSTEER TRAILER 12,000# - 20' (Auction)"," ",4P5F82022D1190471,4532,"2026-07-24 18:05:46",265,25018,0,45,0,1,1,0,0,0,0,0,0,0,0,NULL,NULL,699,0,554600,NULL,NULL,NA,NULL,NULL,NULL,NULL,0,0,0,1,NULL,9d93c3fd-abd3-4e53-bf4d-0df75faad5bd,NULL
53990,553400,NULL,NULL,"CC202 - CHARGED TO M","SKIDSTEER TRAILER (SOLD)"," ",4P5CC2025A1144761,4532,"2026-07-24 18:05:46",265,25122,0,45,0,1,1,0,0,0,0,0,0,0,0,NULL,NULL,699,0,553400,NULL,NULL,6318CGT,NULL,NULL,NULL,NULL,0,0,0,1,NULL,454608fe-a0b1-4b01-b9e7-c50685871b31,NULL
53991,553300,NULL,NULL,"FS252 - CHARGED TO M","GOOSENECK TRAILER"," ",4P5FS2523A1145559,4408,"2026-07-24 18:05:47",265,25122,0,45,0,1,1,0,0,0,0,0,0,0,0,NULL,NULL,699,0,553300,NULL,NULL,6327CGT,NULL,NULL,NULL,NULL,0,0,0,1,NULL,ccb252fc-0252-4325-9cd4-f71805c48cd1,NULL
53993,553800,2011,NULL,"SOUTH METRO RENTAL","SKIDSTEER TRAILER W/ RAMPS 14,000# (SOLD 5-11-17)"," ",4P5CC2029B1159149,4532,"2026-07-24 18:05:49",265,25122,0,45,0,1,1,0,0,0,0,0,0,0,0,NULL,NULL,699,0,553800,NULL,NULL,1655CTB,NULL,NULL,NULL,NULL,0,0,0,1,NULL,04ec08e9-ee07-43ac-b905-bb1ab707b8e2,NULL
53994,554100,2013,NULL,"HAVSD12WSA -- B&B SP","FONTAINE 48'STEPDECK TRAILER (SOLD 7-27-20)"," ",13N248202D1559988,4486,"2026-07-24 18:05:50",265,25018,0,45,0,1,1,0,0,0,0,0,0,0,0,NULL,NULL,699,0,554100,NULL,NULL,686038,NULL,NULL,NULL,NULL,0,0,0,1,NULL,d7ed6086-47ce-465f-913b-762885beb439,NULL
53996,553900,2012,NULL,600-1,"TRAILER DECK OVER 22'"," ",4P5F8222XD1185189,4408,"2026-07-24 18:05:51",265,25018,0,45,0,1,1,0,0,0,0,0,0,0,0,NULL,NULL,699,0,553900,NULL,NULL,DR60278,NULL,NULL,NULL,NULL,0,0,0,1,NULL,f993b2a6-b382-478e-9639-0de923fffd05,NULL
53997,554200,2012,NULL,T107-10,"TRAILER DECKOVER 20' (SOLD)"," ",4P5F82029D1181640,4532,"2026-07-24 18:05:52",265,24981,0,45,0,1,1,0,0,0,0,0,0,0,0,NULL,NULL,699,0,554200,NULL,NULL,992ZAI,NULL,NULL,NULL,NULL,0,0,0,1,NULL,2e1f00a5-c8fc-42c5-a00f-80cd0e541f7b,NULL
53998,555700,2016,NULL," ","SKID STEER TRAILER 10,000# (GOING TO AUCTION)"," ",4P5F82027G1252984,4532,"2026-07-24 18:05:53",265,25018,0,45,0,1,1,0,0,0,0,0,0,0,0,NULL,NULL,699,0,555700,NULL,NULL,495CTK,NULL,NULL,NULL,NULL,0,0,0,1,NULL,ebea4ca3-51cf-497e-9d88-9b9dfc54da33,NULL
53999,554400,2012,NULL,"B&B SPECIALIZED SALE","WINSTON TRAILER-20 TON (SOLD 9-3-21)"," ",1W9AP2527CH160116,4408,"2026-07-24 18:05:53",265,25018,0,45,0,1,1,0,0,0,0,0,0,0,0,NULL,NULL,699,0,554400,NULL,NULL,JR2022,NULL,NULL,NULL,NULL,0,0,0,1,NULL,e40afca9-a889-40b3-b1ad-f605abc030c0,NULL
54000,554300,2012,NULL,T107-9,"TRAILER DECKOVER 20' (SOLD)"," ",4P5F82026D1181711,4532,"2026-07-24 18:05:54",265,24981,0,45,0,1,1,0,0,0,0,0,0,0,0,NULL,NULL,699,0,554300,NULL,NULL,993ZAI,NULL,NULL,NULL,NULL,0,0,0,1,NULL,5b5c63fb-501e-4adf-8262-8c5f5f66acdd,NULL
54001,555600,2016,NULL," ","DECKOVER TRAILER 10,000# (Auction)"," ",4P5F82025G1252983,4532,"2026-07-24 18:05:55",265,25018,0,45,0,1,1,0,0,0,0,0,0,0,0,NULL,NULL,699,0,555600,NULL,NULL,XR67161,NULL,NULL,NULL,NULL,0,0,0,1,NULL,4f2cd3d5-a14e-43d5-aa17-550243fa0024,NULL
54002,558100,2020,10339,H7212TFTV-070,"HHTC RED ENCLOSED TRAILER (TOTALLED) WROTE OFF 06/24/26"," ",5JWTC1226LN636574,4526,"2026-07-24 18:05:56",265,24981,0,45,0,1,1,0,0,0,0,0,0,0,0,NULL,NULL,699,0,558100,NULL,NULL,DTPK10,NULL,NULL,NULL,NULL,0,0,0,1,NULL,ae24e014-d7ab-4987-a6c5-eb4b32d68a71,NULL
54003,554500,2012,NULL,T107-11,"TRAILER DECK OVER 20' (SOLD 6-15-18)"," ",4P5F82027D1185136,4408,"2026-07-24 18:05:57",265,25018,0,45,0,1,1,0,0,0,0,0,0,0,0,NULL,NULL,699,0,554500,NULL,NULL,DR64592,NULL,NULL,NULL,NULL,0,0,0,1,NULL,1e33c3cc-e886-41de-b72a-0fe8555d5b5f,NULL
54004,558200,2020,10339,H7212TFTV,"HHTC RED ENCLOSED TRAILER (STOLEN 4/4/22)"," ",5JWTC1228LN636575,4526,"2026-07-24 18:05:58",265,24981,0,45,0,1,1,0,0,0,0,0,0,0,0,NULL,NULL,699,0,558200,NULL,NULL,BAFH15,NULL,NULL,NULL,NULL,0,0,0,1,NULL,ccabd29c-d41d-4874-812e-1ea0f2414d1f,NULL
54005,558700,2021,10315,14ET-20BL-MR,"SKIDSTEER TRAILER 14,000# 20' (SOLD 04/08/26)"," ",16V1C2526M2059540,4532,"2026-07-24 18:05:59",265,25018,0,45,0,1,1,0,0,0,0,0,0,0,0,NULL,NULL,699,0,558700,NULL,NULL,DTPK12,NULL,NULL,NULL,NULL,0,0,0,1,NULL,1c837e04-0d34-4c41-8c6b-3ed789ad6d37,NULL
54006,560200,2020,10314,M320F,"CAT M320F WHEEL EXCAVATOR (TRADED IN 05/26/26)",FB200401," ",4394,"2026-07-24 18:06:09",265,25018,0,45,0,1,1,0,0,0,0,0,0,0,0,NULL,NULL,699,0,560200,NULL,NULL,NULL,NULL,NULL,NULL,NULL,0,0,0,1,NULL,3ddfdbd9-ba87-4c9f-b78e-67bdc135f1da,NULL
54007,560400,2009,NULL,8530,"JD8530 TRACTOR",RW8530D042940," ",4540,"2026-07-24 18:06:10",265,24981,0,45,0,1,1,0,0,0,0,0,0,0,0,NULL,NULL,699,0,560400,NULL,NULL,0023997019,NULL,NULL,NULL,NULL,0,0,0,1,NULL,29e21dd5-ef92-4623-9d22-e4acbf116f13,NULL
54008,562700,2017,10314,289D,"CAT 289D3 TRACK SKIDSTEER (AUCTION 04/14/26)",0TAW06453," ",4345,"2026-07-24 18:06:11",265,24981,0,45,0,1,1,0,0,0,0,0,0,0,0,NULL,NULL,699,0,562700,NULL,NULL,0033485964,NULL,NULL,NULL,NULL,0,0,0,1,NULL,3ed45cf2-6be0-4a0c-b670-760cf95e892a,NULL
54009,563200,2023,10314,336,"CAT 336-07HT EXCAVATOR W/ THUMB (Totaled 2/23/24)",0DKS20557," ",4504,"2026-07-24 18:06:40",265,25018,0,45,0,1,1,0,0,0,0,0,0,0,0,NULL,NULL,699,0,563200,NULL,NULL,NULL,NULL,NULL,NULL,NULL,0,0,0,1,NULL,63026789-a813-4c57-b4f4-7dd9b16f2e78,NULL
54011,578500,1992,NULL," ","IR P185W-JD ON 2 WHEELS",195475," ",4349,"2026-07-24 18:08:04",265,25018,0,45,0,1,1,0,0,0,0,0,0,0,0,NULL,NULL,699,0,578500,NULL,NULL,NULL,NULL,NULL,NULL,NULL,0,0,0,1,NULL,bb446bec-165d-4106-9032-0dd9be0e4073,NULL
54012,579500,1999,NULL," ","IR P185W-JD ON 2 WHEELS-SOLD",297088UAJ221," ",4349,"2026-07-24 18:08:05",265,25018,0,45,0,1,1,0,0,0,0,0,0,0,0,NULL,NULL,699,0,579500,NULL,NULL,NULL,NULL,NULL,NULL,NULL,0,0,0,1,NULL,e70e00d4-004e-4e63-bc82-c66a1d6a9d0c,NULL
54013,579900,1997,NULL,"BEING PAINTED","IR P125W-JD ON 2 WHEELS-SOLD",C281490UII224," ",4349,"2026-07-24 18:08:05",265,25018,0,45,0,1,1,0,0,0,0,0,0,0,0,NULL,NULL,699,0,579900,NULL,NULL,NULL,NULL,NULL,NULL,NULL,0,0,0,1,NULL,7b4b81bc-fe53-43e4-9bf5-0300732465f4,NULL
54014,582300,1995,NULL," ","CASE 1845C SKIDSTEER 6,000# (SOLD 3-16-18)",JAF0162438," ",4343,"2026-07-24 18:08:05",265,25018,0,45,0,1,1,0,0,0,0,0,0,0,0,NULL,NULL,699,0,582300,NULL,NULL,NULL,NULL,NULL,NULL,NULL,0,0,0,1,NULL,f28cb684-5166-44f8-aea6-2e11b63f65b0,NULL
54015,582701,1992,NULL," ","LUG INSTALLATION ON UP90"," "," ",4387,"2026-07-24 18:08:05",265,25018,0,45,0,1,1,0,0,0,0,0,0,0,0,NULL,NULL,699,0,582701,NULL,NULL,NULL,NULL,NULL,NULL,NULL,0,0,0,1,NULL,1f945ba9-130c-4921-ada8-366d065adaa7,NULL
54016,583900,NULL,10336,G110,"RAMMER G110 HAMMER (SOLD 3-31-20)",11ADB5124," ",4288,"2026-07-24 18:08:05",265,25018,0,45,0,1,1,0,0,0,0,0,0,0,0,NULL,NULL,699,0,583900,NULL,NULL,NULL,NULL,NULL,NULL,NULL,0,0,0,1,NULL,4796107a-c29f-4ba5-8b9a-b56077418c45,NULL
54017,585100,NULL,10319," ","CATERPILLAR H115S HAMMER (Disposed 3/18/20)",4PL04190," ",4464,"2026-07-24 18:08:05",265,25018,0,45,0,1,1,0,0,0,0,0,0,0,0,NULL,NULL,699,0,585100,NULL,NULL,NULL,NULL,NULL,NULL,NULL,0,0,0,1,NULL,13202842-d49f-4a68-8cb6-24b4eb8fe35b,NULL
54018,577700,1986,NULL," ","IR P185W-JD ON 2 WHEELS   1986",152489," ",4349,"2026-07-24 18:08:05",265,25018,0,45,0,1,1,0,0,0,0,0,0,0,0,NULL,NULL,699,0,577700,NULL,NULL,NULL,NULL,NULL,NULL,NULL,0,0,0,1,NULL,bf7ce242-d86e-4880-8698-33ff4b6409a3,NULL
54019,579100,1996,NULL," ","IR P185CW-JD ON 2 WHEELS (SOLD 3-15-19)",267006," ",4349,"2026-07-24 18:08:05",265,24981,0,45,0,1,1,0,0,0,0,0,0,0,0,NULL,NULL,699,0,579100,NULL,NULL,310OYU,NULL,NULL,NULL,NULL,0,0,0,1,NULL,33deb936-3750-45d4-8d75-aa746857698f,NULL
54020,578700,1991,NULL," ","IR P185W-JD ON 2 WHEELS (SOLD 3-15-19)",190883," ",4349,"2026-07-24 18:08:06",265,24981,0,45,0,1,1,0,0,0,0,0,0,0,0,NULL,NULL,699,0,578700,NULL,NULL,114OTZ,NULL,NULL,NULL,NULL,0,0,0,1,NULL,fa82a7a6-5e22-42a4-9771-aee00c931ece,NULL
54021,581601,1998,NULL," ","ADD SWEEPSTER LHQA 7' BROOM (Disposed 10-16-17)"," "," ",4525,"2026-07-24 18:08:06",265,24981,0,45,0,1,1,0,0,0,0,0,0,0,0,NULL,NULL,699,0,581601,NULL,NULL,NULL,NULL,NULL,NULL,NULL,0,0,0,1,NULL,ca2a8759-9b6b-4751-8b90-293c5594a95f,NULL
54022,583201,2002,10319," ","CAT 345BL II WVG HYD EXCAVATOR-REBUILD (SOLD 3-26-19)",DCW00305," ",4370,"2026-07-24 18:08:06",265,25018,0,45,0,1,1,0,0,0,0,0,0,0,0,NULL,NULL,699,0,583201,NULL,NULL,NULL,NULL,NULL,NULL,NULL,0,0,0,1,NULL,72a33483-56f7-42f6-97e9-b5cbb3638283,NULL
54023,578800,1994,NULL,"BEING PAINTED","IR P185CW-JD ON 2 WHEELS (SOLD 3-15-19)",244417," ",4349,"2026-07-24 18:08:06",265,24981,0,45,0,1,1,0,0,0,0,0,0,0,0,NULL,NULL,699,0,578800,NULL,NULL,116OTZ,NULL,NULL,NULL,NULL,0,0,0,1,NULL,1515fbdd-2f84-48ec-8e2b-c5deb1d729e0,NULL
54024,582700,1992,NULL," ","LABOUNTY UP90 (Auction 8/7/25)",UP9021," ",4387,"2026-07-24 18:08:06",265,25018,0,45,0,1,1,0,0,0,0,0,0,0,0,NULL,NULL,699,0,582700,NULL,NULL,NULL,NULL,NULL,NULL,NULL,0,0,0,1,NULL,b10ed21f-59a2-4a55-8a5f-0a9b1efedecc,NULL
54025,583800,2007,10319," ","CAT 330DL EXC W/THUMB (Traded in 2/28/22)",MWP00479," ",4504,"2026-07-24 18:08:06",265,25018,0,45,0,1,1,0,0,0,0,0,0,0,0,NULL,NULL,699,0,583800,NULL,NULL,NULL,NULL,NULL,NULL,NULL,0,0,0,1,NULL,8c277066-7208-4a3b-b9e1-a4b2edaa9b93,NULL
54026,579300,1999,NULL," ","IR P185W-JD ON 2 WHEELS (SOLD 3-15-19)",297086," ",4349,"2026-07-24 18:08:06",265,24981,0,45,0,1,1,0,0,0,0,0,0,0,0,NULL,NULL,699,0,579300,NULL,NULL,070AVF,NULL,NULL,NULL,NULL,0,0,0,1,NULL,f87b0048-bce3-4819-aca9-40ebc5a6d774,NULL
54027,583200,2002,10319," ","CAT 345BL II WVG HYD EXCAVATOR (SOLD 3-26-19) 5852 is hammer",DCW00305," ",4370,"2026-07-24 18:08:06",265,25018,0,45,0,1,1,0,0,0,0,0,0,0,0,NULL,NULL,699,0,583200,NULL,NULL,NULL,NULL,NULL,NULL,NULL,0,0,0,1,NULL,937c4613-b88b-4822-896d-4a1a0a8bdf62,NULL
54028,585400,NULL,10351," ","ATLAS MB-1500 BREAKER (SOLD 3-15-19)",0158," ",4464,"2026-07-24 18:08:06",265,25122,0,45,0,1,1,0,0,0,0,0,0,0,0,NULL,NULL,699,0,585400,NULL,NULL,NULL,NULL,NULL,NULL,NULL,0,0,0,1,NULL,8c510b62-8642-4e03-b946-28f47e513c3a,NULL
54029,579400,1999,NULL," ","IR P185W-JD ON 2 WHEELS",297087," ",4349,"2026-07-24 18:08:07",265,25018,0,45,0,1,1,0,0,0,0,0,0,0,0,NULL,NULL,699,0,579400,NULL,NULL,NULL,NULL,NULL,NULL,NULL,0,0,0,1,NULL,b2668836-07dd-49a8-b8b9-334fbdbfa18c,NULL
54030,585300,2010,NULL,M0025-T2,"BOBCAT T250 SKID STEER (SOLD 3-15-19)",531840176," ",4422,"2026-07-24 18:08:07",265,25122,0,45,0,1,1,0,0,0,0,0,0,0,0,NULL,NULL,699,0,585300,NULL,NULL,NULL,NULL,NULL,NULL,NULL,0,0,0,1,NULL,2ef92f9a-3d04-4e64-afe5-8329f529c8ed,NULL
54031,581500,1997,NULL," ","CASE 95XT SKID STEER LOADER (SOLD 3-16-18)",JAF0237476," ",4343,"2026-07-24 18:08:07",265,25018,0,45,0,1,1,0,0,0,0,0,0,0,0,NULL,NULL,699,0,581500,NULL,NULL,NULL,NULL,NULL,NULL,NULL,0,0,0,1,NULL,7921ad2e-fc21-483c-95e8-143ce4fb8e3d,NULL
54032,579800,1999,NULL," ","IR P185W-JD ON 2 WHEELS (SOLD 3-13-20)",297092," ",4349,"2026-07-24 18:08:07",265,25018,0,45,0,1,1,0,0,0,0,0,0,0,0,NULL,NULL,699,0,579800,NULL,NULL,NULL,NULL,NULL,NULL,NULL,0,0,0,1,NULL,106430f5-511f-4cd8-b648-57124e8c6295,NULL
54033,582100,1999,NULL," ","CASE 580L-2SCD BACKHOE (SOLD)",JJG0239425," ",4362,"2026-07-24 18:08:07",265,25018,0,45,0,1,1,0,0,0,0,0,0,0,0,NULL,NULL,699,0,582100,NULL,NULL,NULL,NULL,NULL,NULL,NULL,0,0,0,1,NULL,b21ea8b0-a317-4a07-b56b-78a4e435a302,NULL
54034,582601,NULL,NULL," ","UP20 LABOUNTY PULVERIZING JAWS (SOLD 3-15-19)",UP20205," ",4525,"2026-07-24 18:08:07",265,25018,0,45,0,1,1,0,0,0,0,0,0,0,0,NULL,NULL,699,0,582601,NULL,NULL,NULL,NULL,NULL,NULL,NULL,0,0,0,1,NULL,3aedb660-899b-4134-acf8-6df6bc814944,NULL
54035,583000,2001,10319," ","CAT 330BL EXC W/THUMB-SOLD 2-15-17",3YR01555," ",4504,"2026-07-24 18:08:07",265,25018,0,45,0,1,1,0,0,0,0,0,0,0,0,NULL,NULL,699,0,583000,NULL,NULL,NULL,NULL,NULL,NULL,NULL,0,0,0,1,NULL,8c85763f-19eb-4b99-a08e-da4c5ba874bc,NULL
54036,581403,2002,NULL," ","SLAB GRABBER ATTACHMENT (DIsposed 10-16-17)",4117-01-02," ",4406,"2026-07-24 18:08:07",265,25018,0,45,0,1,1,0,0,0,0,0,0,0,0,NULL,NULL,699,0,581403,NULL,NULL,NULL,NULL,NULL,NULL,NULL,0,0,0,1,NULL,4c6f0943-2cda-4365-9997-77202af3f49e,NULL
54037,582600,2002,NULL," ","LIEBHERR A924 WHEELED EXCAVATOR (SOLD 3-15-19)",675-11678," ",4394,"2026-07-24 18:08:07",265,25122,0,45,0,1,1,0,0,0,0,0,0,0,0,NULL,NULL,699,0,582600,NULL,NULL,NULL,NULL,NULL,NULL,NULL,0,0,0,1,NULL,412acc83-8ea6-43b9-9713-0a3ce4ecfca3,NULL
54038,584800,2005,NULL," ","CAT 315CL HYDRAULIC EXCAVATOR (Traded/Sold 2-26-21)",CJC02537," ",4324,"2026-07-24 18:08:07",265,25018,0,45,0,1,1,0,0,0,0,0,0,0,0,NULL,NULL,699,0,584800,NULL,NULL,NULL,NULL,NULL,NULL,NULL,0,0,0,1,NULL,3cf3e834-d9bb-45a3-ab2d-195c4818aaad,NULL
54039,582001,2003,NULL," ","BUCKET 36" SEVERE DUTY (Disposed 10-16-17)"," "," ",4525,"2026-07-24 18:08:07",265,25018,0,45,0,1,1,0,0,0,0,0,0,0,0,NULL,NULL,699,0,582001,NULL,NULL,NULL,NULL,NULL,NULL,NULL,0,0,0,1,NULL,5c5ee4e4-fa29-4d13-9453-915650d26c5d,NULL
54040,585900,2011,10351,AT10510D,"HAMMER-ATLAS COPCO MB1000 (Auction)",1079," ",4550,"2026-07-24 18:08:07",265,25018,0,45,0,1,1,0,0,0,0,0,0,0,0,NULL,NULL,699,0,585900,NULL,NULL,NULL,NULL,NULL,NULL,NULL,0,0,0,1,NULL,e5e0078a-1ad4-4afe-b801-4f17cb9e04c4,NULL
54041,583400,NULL,10289," ","MB100EXS STANELY BREAKER (SOLD 3-13-20)",262," ",4288,"2026-07-24 18:08:07",265,25018,0,45,0,1,1,0,0,0,0,0,0,0,0,NULL,NULL,699,0,583400,NULL,NULL,NULL,NULL,NULL,NULL,NULL,0,0,0,1,NULL,da707b40-a503-4790-88ea-84d07e197b18,NULL
54042,587900,2014,10319," ","CAT 336EL EXC W/THUMB (Traded 3/28/24)",BZY01119," ",4504,"2026-07-24 18:08:08",265,24981,0,45,0,1,1,0,0,0,0,0,0,0,0,NULL,NULL,699,0,587900,NULL,NULL,0018034607,NULL,NULL,NULL,NULL,0,0,0,1,NULL,47225eba-d84d-40f4-9686-bf66e09225cf,NULL
54043,585201,2008,10319," ","CATERPILLAR H140D HYD HAMMER-RECONDITIONED",BXB00758," ",4286,"2026-07-24 18:08:08",265,25122,0,45,0,1,1,0,0,0,0,0,0,0,0,NULL,NULL,699,0,585201,NULL,NULL,NULL,NULL,NULL,NULL,NULL,0,0,0,1,NULL,b206c238-7c78-4823-8d94-06b43e181e7a,NULL
54044,579600,1999,NULL," ","IR P185W-JD ON 2 WHEELS",297089UAJ221," ",4349,"2026-07-24 18:08:08",265,25018,0,45,0,1,1,0,0,0,0,0,0,0,0,NULL,NULL,699,0,579600,NULL,NULL,NULL,NULL,NULL,NULL,NULL,0,0,0,1,NULL,80e44369-d67a-4613-a930-6a5709a0337b,NULL
54045,582702,NULL,NULL," ","LABOUNTY UP90 SHEAR JAWS"," "," ",4387,"2026-07-24 18:08:08",265,25018,0,45,0,1,1,0,0,0,0,0,0,0,0,NULL,NULL,699,0,582702,NULL,NULL,NULL,NULL,NULL,NULL,NULL,0,0,0,1,NULL,51f4243b-c3b1-4d86-b36c-fc6eb7a182f9,NULL
54046,585800,2008,NULL,160D,"JOHN DEERE 160D EXC W/THUMB (Traded in 2/25/22)",FF160DX050253," ",4324,"2026-07-24 18:08:08",265,25018,0,45,0,1,1,0,0,0,0,0,0,0,0,NULL,NULL,699,0,585800,NULL,NULL,NULL,NULL,NULL,NULL,NULL,0,0,0,1,NULL,42d770d3-23cd-4eec-833a-37e5a471cf2e,NULL
54047,588300,2014,NULL,277C2,"CAT 277-C2 TRACK SKIDSTEER (TRADED IN 5-1-17)",MET00187," ",4422,"2026-07-24 18:08:08",265,25122,0,45,0,1,1,0,0,0,0,0,0,0,0,NULL,NULL,699,0,588300,NULL,NULL,NULL,NULL,NULL,NULL,NULL,0,0,0,1,NULL,574d2b95-246d-4293-85d0-d0ad6503413f,NULL
54048,586900,2013,10319," ","CAT 336EL EXC W/THUMB (TRADED 9/29/23)",JRJ00237," ",4504,"2026-07-24 18:08:08",265,25018,0,45,0,1,1,0,0,0,0,0,0,0,0,NULL,NULL,699,0,586900,NULL,NULL,NULL,NULL,NULL,NULL,NULL,0,0,0,1,NULL,53fff48a-28fc-4a71-b139-634512eca9c1,NULL
54049,585700,2010,NULL," ","JOHN DEERE 323D TRACK SKDSTEER (SOLD 3-16-18)",T0323DK183527," ",4422,"2026-07-24 18:08:08",265,25018,0,45,0,1,1,0,0,0,0,0,0,0,0,NULL,NULL,699,0,585700,NULL,NULL,NULL,NULL,NULL,NULL,NULL,0,0,0,1,NULL,292ecedd-38ec-453e-aabd-38e3e498df66,NULL
54050,587600,2012,10306," ","VOLVO BR3288 HAMMER",3288A0492," ",4286,"2026-07-24 18:08:08",265,25018,0,45,0,1,1,0,0,0,0,0,0,0,0,NULL,NULL,699,0,587600,NULL,NULL,NA,NULL,NULL,NULL,NULL,0,0,0,1,NULL,f10ae4f0-8437-4eed-9e0e-d67b77965d72,NULL
54051,587000,2012,10319," ","CAT H140 HYDRAULIC HAMMER (sold auction 3/22/22)",BXB01383," ",4286,"2026-07-24 18:08:08",265,24981,0,45,0,1,1,0,0,0,0,0,0,0,0,NULL,NULL,699,0,587000,NULL,NULL,NA,NULL,NULL,NULL,NULL,0,0,0,1,NULL,0e4530f3-65e2-451c-9b5a-1941a80fea63,NULL
54052,585500,2003,10319," ","CAT 330CL EXC W/THUMB  (SOLD 9-3-21)",DKY01453," ",4504,"2026-07-24 18:08:08",265,25018,0,45,0,1,1,0,0,0,0,0,0,0,0,NULL,NULL,699,0,585500,NULL,NULL,NULL,NULL,NULL,NULL,NULL,0,0,0,1,NULL,f5dcc066-448a-4565-b2cf-1f4c3b9e54df,NULL
54053,580800,1996,NULL," ","KUBOTA KX-71 HYD MINI-EXC (SOLD 5-22-17)",12125," ",4323,"2026-07-24 18:08:09",265,24981,0,45,0,1,1,0,0,0,0,0,0,0,0,NULL,NULL,699,0,580800,NULL,NULL,X528258,NULL,NULL,NULL,NULL,0,0,0,1,NULL,fd60fef0-925c-4a91-b1b5-5c3e73b7d525,NULL
54054,587601,2012,10306," ","VOLVO BR3288 HAMMER--REPAIR",3288A0492," ",4286,"2026-07-24 18:08:09",265,25122,0,45,0,1,1,0,0,0,0,0,0,0,0,NULL,NULL,699,0,587601,NULL,NULL,NULL,NULL,NULL,NULL,NULL,0,0,0,1,NULL,b8d25038-26d8-4d39-bc8a-8295ecc0e097,NULL
54055,588700,2016,NULL,CX55B,"CASE CX55B MINI-EXCAVATOR (11K) (sold 8/24/23)",NETN55153," ",4456,"2026-07-24 18:08:09",265,24981,0,45,0,1,1,0,0,0,0,0,0,0,0,NULL,NULL,699,0,588700,NULL,NULL,10409569,NULL,NULL,NULL,NULL,0,0,0,1,NULL,2ef0727b-d4d4-4485-8f6d-2d1fe4344dd5,NULL
54056,587001,2012,10319," ","CAT H140 HYDRAULIC HAMMER-REBUILD (sold at auction 3/22)",BXB01383," ",4286,"2026-07-24 18:08:09",265,25018,0,45,0,1,1,0,0,0,0,0,0,0,0,NULL,NULL,699,0,587001,NULL,NULL,NULL,NULL,NULL,NULL,NULL,0,0,0,1,NULL,41645f62-8f7d-46a8-97a1-822f8dae9448,NULL
54058,586800,2008,NULL," ","HITACHI ZX50U MINI-EXC (11,000#)-SOLD",FF01MCQ270054," ",4456,"2026-07-24 18:08:09",265,24981,0,45,0,1,1,0,0,0,0,0,0,0,0,NULL,NULL,699,0,586800,NULL,NULL,10409559,NULL,NULL,NULL,NULL,0,0,0,1,NULL,65275ed5-6461-4751-ba71-c302c0b7dd89,NULL
54059,588000,2015,NULL,TR310,"TR310 CASE TRACK SKID STEER (SOLD 3-11-19)",NFM402762," ",4422,"2026-07-24 18:08:09",265,24981,0,45,0,1,1,0,0,0,0,0,0,0,0,NULL,NULL,699,0,588000,NULL,NULL,X603965,NULL,NULL,NULL,NULL,0,0,0,1,NULL,1ba72ed5-eb92-45c4-9e4c-bffc48e66184,NULL
54060,588400,2015,NULL,277C2HF,"CAT 277-C2HF TRACK SKIDSTEER (SOLD 6-9-17)",MET00353," ",4422,"2026-07-24 18:08:09",265,25122,0,45,0,1,1,0,0,0,0,0,0,0,0,NULL,NULL,699,0,588400,NULL,NULL,NULL,NULL,NULL,NULL,NULL,0,0,0,1,NULL,a6e0ae34-5851-4dbf-80dd-b241d578e002,NULL
54061,586000,2010,10319," ","CAT 345DL EXCAVATOR W/THUMB (TRADED IN 4-4-19)",EEH00723," ",4370,"2026-07-24 18:08:09",265,25018,0,45,0,1,1,0,0,0,0,0,0,0,0,NULL,NULL,699,0,586000,NULL,NULL,NULL,NULL,NULL,NULL,NULL,0,0,0,1,NULL,7c4ad9a9-924a-4d72-9fec-1410c9f2204c,NULL
54062,588800,2013,10314,259B3,"CAT 259B3 SKIDSTEER (Traded in 7-17-18)"," ",CAT0259BPYYZ05748,4422,"2026-07-24 18:08:09",265,24981,0,45,0,1,1,0,0,0,0,0,0,0,0,NULL,NULL,699,0,588800,NULL,NULL,OWG277,NULL,NULL,NULL,NULL,0,0,0,1,NULL,6ab82e52-820c-499c-8185-4a4df9b9ac4a,NULL
54063,586200,2006,NULL," ","HITACHI ZX27U MINI-EXC(6500#) (TRADED IN 2/29/24)",FF01MKQ224361," ",4323,"2026-07-24 18:08:09",265,25018,0,45,0,1,1,0,0,0,0,0,0,0,0,NULL,NULL,699,0,586200,NULL,NULL,NULL,NULL,NULL,NULL,NULL,0,0,0,1,NULL,bc779c5b-5e90-4619-ad3e-f1945b6fd06e,NULL
54064,586600,2012,NULL," ","BOBCAT T630 TRACK SKID STEER (SOLD 9-3-21)",A7PU12366," ",4422,"2026-07-24 18:08:10",265,25018,0,45,0,1,1,0,0,0,0,0,0,0,0,NULL,NULL,699,0,586600,NULL,NULL,NULL,NULL,NULL,NULL,NULL,0,0,0,1,NULL,ba64adda-3e0f-4261-8c6b-2b8746d84b62,NULL
54065,586500,2012,NULL,SR175,"CASE SR175 SKID STEER (SOLD 3-15-19)",NBM428384," ",4343,"2026-07-24 18:08:10",265,24981,0,45,0,1,1,0,0,0,0,0,0,0,0,NULL,NULL,699,0,586500,NULL,NULL,440XPS,NULL,NULL,NULL,NULL,0,0,0,1,NULL,48828f3c-4b2c-45cd-a4cc-c37cd6dd05cc,NULL
54066,586701,2017,NULL," ","JOHN DEERE 410J BACKHOE LOADER-REFURBISHED (Disposed 100917)",T0410OJX180557," ",4362,"2026-07-24 18:08:10",265,24981,0,45,0,1,1,0,0,0,0,0,0,0,0,NULL,NULL,699,0,586701,NULL,NULL,NULL,NULL,NULL,NULL,NULL,0,0,0,1,NULL,19fae7cc-59de-4f68-a90e-84b7f514c43d,NULL
54067,586700,2010,NULL," ","JOHN DEERE 410J BACKHOE LOADER (DISPOSED 10-9-17)",T0410OJX180557," ",4362,"2026-07-24 18:08:10",265,24981,0,45,0,1,1,0,0,0,0,0,0,0,0,NULL,NULL,699,0,586700,NULL,NULL,610ZAI,NULL,NULL,NULL,NULL,0,0,0,1,NULL,f0942126-0fda-48cc-a20d-1677d23dd9aa,NULL
54068,588100,2015,NULL,236D,"CAT 236D SKID STEER LOADER (SOLD 3-15-19)",BGZ01533," ",4343,"2026-07-24 18:08:10",265,25018,0,45,0,1,1,0,0,0,0,0,0,0,0,NULL,NULL,699,0,588100,NULL,NULL,NULL,NULL,NULL,NULL,NULL,0,0,0,1,NULL,ebb81fae-607a-456f-b2e6-b393f2747174,NULL
54069,589200,2017,NULL,TR310,"CASE TR310 TRACK SKIDSTEER (SOLD 3-11-19)",NHM431328," ",4422,"2026-07-24 18:08:10",265,24981,0,45,0,1,1,0,0,0,0,0,0,0,0,NULL,NULL,699,0,589200,NULL,NULL,OWG294,NULL,NULL,NULL,NULL,0,0,0,1,NULL,2b58d3d7-dbf3-4734-a014-910f2d216202,NULL
54070,587101,2016,10319," ","CAT H140 HYDRAULIC HAMMER REBUILD","BXB01381 2"," ",4286,"2026-07-24 18:08:10",265,25018,0,45,0,1,1,0,0,0,0,0,0,0,0,NULL,NULL,699,0,587101,NULL,NULL,NULL,NULL,NULL,NULL,NULL,0,0,0,1,NULL,11727467-2cb4-439b-99a5-a20994d1ec54,NULL
54071,588500,2016,10319,236D,"CAT 236D SKID STEER LOADER (Traded in 02/25/22)",BGZ02047," ",4343,"2026-07-24 18:08:10",265,25018,0,45,0,1,1,0,0,0,0,0,0,0,0,NULL,NULL,699,0,588500,NULL,NULL,NULL,NULL,NULL,NULL,NULL,0,0,0,1,NULL,8ad95b45-67a0-4af9-b7e6-499e5012e28d,NULL
54072,587700,2013,NULL,3VM27046,"VOLVO EW210D WHEELED EXCAVATOR (Traded 2/28/23)",220057," ",4394,"2026-07-24 18:08:10",265,25018,0,45,0,1,1,0,0,0,0,0,0,0,0,NULL,NULL,699,0,587700,NULL,NULL,NULL,NULL,NULL,NULL,NULL,0,0,0,1,NULL,c3989390-fd4d-4191-b0d7-0a0f4961ade0,NULL
54073,588900,2017,10306,EC350E,"VOLVO EC350E EXC W/THUMB (SOLD 1-2-25)",310243," ",4504,"2026-07-24 18:08:11",265,25018,0,45,0,1,1,0,0,0,0,0,0,0,0,NULL,NULL,699,0,588900,NULL,NULL,NULL,NULL,NULL,NULL,NULL,0,0,0,1,NULL,2faf1b42-68c2-4034-a300-680a1e277370,NULL
54074,587200,2013,NULL,SR175,"CASE SR175 SKID STEER (SOLD 3-15-19)",NBM428391," ",4343,"2026-07-24 18:08:11",265,25122,0,45,0,1,1,0,0,0,0,0,0,0,0,NULL,NULL,699,0,587200,NULL,NULL,NULL,NULL,NULL,NULL,NULL,0,0,0,1,NULL,207c69a3-d1fa-46e7-a180-f4c94ff0a1e7,NULL
54075,587100,2012,10319," ","CAT H140 HYDRAULIC HAMMER",BXB01381," ",4286,"2026-07-24 18:08:11",265,25018,0,45,0,1,1,0,0,0,0,0,0,0,0,NULL,NULL,699,0,587100,NULL,NULL,NULL,NULL,NULL,NULL,NULL,0,0,0,1,NULL,b2ba3aed-e9e5-4f3c-9c8d-baf82b876b3d,NULL
54076,587800,2012,10323,1NP01017,"HAMMER-NPK GH9 (USE W/ VOLVO EW210D) (Auction)",9174/98204," ",4364,"2026-07-24 18:08:11",265,25018,0,45,0,1,1,0,0,0,0,0,0,0,0,NULL,NULL,699,0,587800,NULL,NULL,NULL,NULL,NULL,NULL,NULL,0,0,0,1,NULL,08430a35-d35f-4843-8776-e20704e2c3b4,NULL
54077,588200,2015,NULL,236D,"CAT 236D SKID STEER LOADER (SOLD 3-11-19)",BGZ01531," ",4343,"2026-07-24 18:08:11",265,25018,0,45,0,1,1,0,0,0,0,0,0,0,0,NULL,NULL,699,0,588200,NULL,NULL,NULL,NULL,NULL,NULL,NULL,0,0,0,1,NULL,64089cb5-473d-4de8-84e5-b775bfa66549,NULL
54078,587500,2012,10306," ","VOLVO EC340DL EXC W/THUMB (TRADE IN JULY2020)",EC340DP00210077," ",4504,"2026-07-24 18:08:11",265,24981,0,45,0,1,1,0,0,0,0,0,0,0,0,NULL,NULL,699,0,587500,NULL,NULL,10409567,NULL,NULL,NULL,NULL,0,0,0,1,NULL,70e45102-2038-45b2-950a-7a5c8d9ad6c4,NULL
54079,589000,2017,10314,259D3,"CAT 259D3 TRACK SKIDSTEER-(Traded In 08/29/25)",FTL12053," ",4422,"2026-07-24 18:08:11",265,25018,0,45,0,1,1,0,0,0,0,0,0,0,0,NULL,NULL,699,0,589000,NULL,NULL,NULL,NULL,NULL,NULL,NULL,0,0,0,1,NULL,369521a8-1918-4867-9786-c541b9c37842,NULL
54080,589400,2014,10319,"420F 4WDE","CAT 420F BACKHOE",SKR04275," ",4362,"2026-07-24 18:08:11",265,24981,0,45,0,1,1,0,0,0,0,0,0,0,0,NULL,NULL,699,0,589400,NULL,NULL,10409573,NULL,NULL,NULL,NULL,0,0,0,1,NULL,2d2366e3-89c8-43d0-85c0-38a07dd87f4a,NULL
54081,595400,1998,NULL," ","IR P185W-JD ON 2 WHEELS (SOLD 3-15-19)",280514," ",4349,"2026-07-24 18:08:34",265,25018,0,45,0,1,1,0,0,0,0,0,0,0,0,NULL,NULL,699,0,595400,NULL,NULL,NULL,NULL,NULL,NULL,NULL,0,0,0,1,NULL,b1bff1b5-03e7-4388-9886-f78bb24eeee3,NULL
54082,594900,2020,10314,259D3,"CAT 259D3 TRACK SKIDSTEER W/ FORKS AND BUCKET(Totalled 9/24)",CW905729," ",4422,"2026-07-24 18:08:35",265,24981,0,45,0,1,1,0,0,0,0,0,0,0,0,NULL,NULL,699,0,594900,NULL,NULL,SMM,NULL,NULL,NULL,NULL,0,0,0,1,NULL,b0e17c66-d4da-45ed-b779-5c2989230523,NULL
54083,595600,1999,NULL," ","IR P125WJD ON 2 WHEELS (SOLD 3-15-19)",301005UEJ224," ",4349,"2026-07-24 18:08:35",265,24981,0,45,0,1,1,0,0,0,0,0,0,0,0,NULL,NULL,699,0,595600,NULL,NULL,309OYU,NULL,NULL,NULL,NULL,0,0,0,1,NULL,d8fe11c0-da20-4502-a67b-cc1b93112b35,NULL
54084,593800,2019,10319,320F,"CAT M320F EXCAVATOR",F2W00313," ",4394,"2026-07-24 18:08:36",265,24981,0,45,0,1,1,0,0,0,0,0,0,0,0,NULL,NULL,699,0,593800,NULL,NULL,SMM,NULL,NULL,NULL,NULL,0,0,0,1,NULL,897ac7a3-51b8-422f-a0b4-3e8308eead3e,NULL
54085,593900,2019,10314,259D,"CAT 259D TRACK SKIDSTEER - (AUCTION 04/14/26)",FTL23593," ",4422,"2026-07-24 18:08:36",265,25018,0,45,0,1,1,0,0,0,0,0,0,0,0,NULL,NULL,699,0,593900,NULL,NULL,NULL,NULL,NULL,NULL,NULL,0,0,0,1,NULL,1bc95d00-1994-4b2d-85a6-6d42d19dfaa3,NULL
54086,595900,2003,NULL," ","IR P185W-JD ON 2 WHEELS",337043UDN295," ",4349,"2026-07-24 18:08:36",265,25018,0,45,0,1,1,0,0,0,0,0,0,0,0,NULL,NULL,699,0,595900,NULL,NULL,NULL,NULL,NULL,NULL,NULL,0,0,0,1,NULL,542aab8b-a9ef-4e8c-aa21-11c9475bb729,NULL
54087,596000,2003,NULL," ","IR P185W-JD AIR COMP ON 2 WHEELS (sold at auction 3/22)",337044UDN295," ",4349,"2026-07-24 18:08:37",265,24981,0,45,0,1,1,0,0,0,0,0,0,0,0,NULL,NULL,699,0,596000,NULL,NULL,267DXQ,NULL,NULL,NULL,NULL,0,0,0,1,NULL,9184fe03-1124-41ca-a2b2-faeec065b80a,NULL
54088,595200,2001,NULL," ","INGERSOL RAND 185W AIR COMPRESSOR (GOING TO AUCTION)",318241," ",4349,"2026-07-24 18:08:37",265,25018,0,45,0,1,1,0,0,0,0,0,0,0,0,NULL,NULL,699,0,595200,NULL,NULL,NULL,NULL,NULL,NULL,NULL,0,0,0,1,NULL,d89d2149-867a-45f4-8fcd-c31a76e0b5dc,NULL
54089,595300,2001,NULL," ","IR P185W ON 2 WHEELS (SOLD 3-16-18)",318483," ",4349,"2026-07-24 18:08:37",265,25018,0,45,0,1,1,0,0,0,0,0,0,0,0,NULL,NULL,699,0,595300,NULL,NULL,NULL,NULL,NULL,NULL,NULL,0,0,0,1,NULL,f748deec-1ccf-4032-9ffc-3bfd9af8045d,NULL
54090,596500,1994,NULL,20-150HP,"SULLAIR 750CFM ELCTRC AIR COMP",003-74704," ",4547,"2026-07-24 18:08:38",265,24981,0,45,0,1,1,0,0,0,0,0,0,0,0,NULL,NULL,699,0,596500,NULL,NULL,NULL,NULL,NULL,NULL,NULL,0,0,0,1,NULL,a197d3c2-fa9c-464f-bf17-a09413428182,NULL
54091,596300,2002,NULL," ","INGERSOLL 185 CFM AIR COMPRESS (SOLD 9-3-21)",325022UJL295," ",4349,"2026-07-24 18:08:38",265,25018,0,45,0,1,1,0,0,0,0,0,0,0,0,NULL,NULL,699,0,596300,NULL,NULL,NULL,NULL,NULL,NULL,NULL,0,0,0,1,NULL,402eaf97-4bd4-41d1-a971-4b5808987404,NULL
54092,596100,1999,NULL," ","IR P185W-JD ON 2 WHEELS (disposed on 11-12-19)",297238UBJ221," ",4349,"2026-07-24 18:08:38",265,25018,0,45,0,1,1,0,0,0,0,0,0,0,0,NULL,NULL,699,0,596100,NULL,NULL,NULL,NULL,NULL,NULL,NULL,0,0,0,1,NULL,d0b98b61-b477-4ade-827c-b1aee1853a53,NULL
54093,596800,2007,NULL,XP185WIR,"XP185WIR AIR COMPRESSOR",391592," ",4349,"2026-07-24 18:08:38",265,25018,0,45,0,1,1,0,0,0,0,0,0,0,0,NULL,NULL,699,0,596800,NULL,NULL,NULL,NULL,NULL,NULL,NULL,0,0,0,1,NULL,890f8605-1721-4be1-ab25-d3151a231c44,NULL
54094,589900,2018,10319,259D,"CAT 259D TRACK SKIDSTEER (TRADED 02/27/24)",FTL15761," ",4422,"2026-07-24 18:08:40",265,25018,0,45,0,1,1,0,0,0,0,0,0,0,0,NULL,NULL,699,0,589900,NULL,NULL,NULL,NULL,NULL,NULL,NULL,0,0,0,1,NULL,58b6422e-eb31-4aec-ae87-4fbc4591d8e7,NULL
54095,592500,2018,10314,259D,"CAT 259D TRACK SKIDSTEER (AUCTION 04/14/26)",FTL17966," ",4422,"2026-07-24 18:08:40",265,24981,0,45,0,1,1,0,0,0,0,0,0,0,0,NULL,NULL,699,0,592500,NULL,NULL,0033485982,NULL,NULL,NULL,NULL,0,0,0,1,NULL,64a4d9c4-bc4a-4f1f-aaa8-efc8c28e385b,NULL
54096,592700,2018,10314,259D,"CAT 259D TRACK SKIDSTEER  (AUCTION 04/14/26)",FTL21126," ",4422,"2026-07-24 18:08:40",265,24981,0,45,0,1,1,0,0,0,0,0,0,0,0,NULL,NULL,699,0,592700,NULL,NULL,0033485983,NULL,NULL,NULL,NULL,0,0,0,1,NULL,a0295928-4173-4f92-bff8-8feed2e0306a,NULL
54097,597300,2010,NULL," ","ATLAS COPCO 185 AIR COMPRESSOR (AUCTION 04/14/26)"," ",4500A10129R032359,4349,"2026-07-24 18:08:41",265,25018,0,45,0,1,1,0,0,0,0,0,0,0,0,NULL,NULL,699,0,597300,NULL,NULL,NULL,NULL,NULL,NULL,NULL,0,0,0,1,NULL,00502abd-0fd5-4310-ae16-0793f8ecb47e,NULL
54098,592900,2018,10314,259D,"CAT 259D TRACK SKIDSTEER (AUCTION 04/14/26)",FTL21621," ",4422,"2026-07-24 18:08:41",265,24981,0,45,0,1,1,0,0,0,0,0,0,0,0,NULL,NULL,699,0,592900,NULL,NULL,0033485985,NULL,NULL,NULL,NULL,0,0,0,1,NULL,147c0965-c074-4e56-b9c8-5485f5add4cd,NULL
54099,593000,2018,10319,259D,"CAT 259D TRACK SKIDSTEER (TRADED IN 8-31-20)",FTL21628," ",4422,"2026-07-24 18:08:42",265,NULL,0,45,0,1,1,0,0,0,0,0,0,0,0,NULL,NULL,699,0,593000,NULL,NULL,10409598,NULL,NULL,NULL,NULL,0,0,0,1,NULL,a76adbdf-c74a-47cf-a46b-753da7be5597,NULL
54100,590000,2018,10314,259D,"CAT 259D TRACK SKIDSTEER (AUCTION 04/14/26)",FTL16001," ",4422,"2026-07-24 18:08:42",265,24981,0,45,0,1,1,0,0,0,0,0,0,0,0,NULL,NULL,699,0,590000,NULL,NULL,0033485981,NULL,NULL,NULL,NULL,0,0,0,1,NULL,f26b16bd-b837-4c9b-ac13-48e2069bca74,NULL
54101,592600,2018,10410,RX1575,"ROLLER-WB SHEEPSFOOT REMOTE CONTROLLED (GOING TO AUCTION)",5570271," ",4368,"2026-07-24 18:08:42",265,24981,0,45,0,1,1,0,0,0,0,0,0,0,0,NULL,NULL,699,0,592600,NULL,NULL,10409583,NULL,NULL,NULL,NULL,0,0,0,1,NULL,79e05cea-35b0-418d-a2b0-1805f55ec1f0,NULL
54102,592800,2018,10314,259D,"CAT 259D TRACK SKIDSTEER (AUCTION 04/14/26)",FTL21612," ",4422,"2026-07-24 18:08:43",265,24981,0,45,0,1,1,0,0,0,0,0,0,0,0,NULL,NULL,699,0,592800,NULL,NULL,0033485984,NULL,NULL,NULL,NULL,0,0,0,1,NULL,394daf8e-094f-4e0e-8b06-4359043eb64d,NULL
54103,597900,2011,NULL,"XAS185 JD7","ATLAS COPCO 185 AIR COMPRESSOR (GOING TO AUCTION)"," ",4500A1014BR036175,4349,"2026-07-24 18:09:04",265,24981,0,45,0,1,1,0,0,0,0,0,0,0,0,NULL,NULL,699,0,597900,NULL,NULL,BSPS62,NULL,NULL,NULL,NULL,0,0,0,1,NULL,84a33275-e26f-4491-a237-dde5124a3608,NULL
54104,582101,1997,NULL," ","TRAMAC BRP140 BREAKER (DISPOSED FEB2018)",119550," ",4362,"2026-07-24 18:09:35",265,25110,0,45,0,1,1,0,0,0,0,0,0,0,0,NULL,NULL,699,0,582101,NULL,NULL,NULL,NULL,NULL,NULL,NULL,0,0,0,1,NULL,db6919a6-8307-457f-830e-45179653dcdc,NULL
54105,579700,1999,NULL," ","IR P185W-JD ON 2 WHEELS-SOLD",297091," ",4349,"2026-07-24 18:09:36",265,25018,0,45,0,1,1,0,0,0,0,0,0,0,0,NULL,NULL,699,0,579700,NULL,NULL,NULL,NULL,NULL,NULL,NULL,0,0,0,1,NULL,a2330349-b577-4726-8aa2-d6c7eb749814,NULL
54107,129904,NULL,NULL,"RITCHIE BROS AUCTION","GARBRO CONCRETE BUCKETS (6)-(Disposed 10-16-17)"," "," ",4525,"2026-07-24 18:10:05",265,25018,0,45,0,1,1,0,0,0,0,0,0,0,0,NULL,NULL,699,0,129904,NULL,NULL,NULL,NULL,NULL,NULL,NULL,0,0,0,1,NULL,30b39f08-3c92-437e-bd56-63201581d8f2,NULL
54108,256000,2003,NULL," ","FORD MECH TRUCK F550- UNASSIGNED"," ",1FDAF56PX3ED00782,4418,"2026-07-24 18:10:40",265,25018,0,45,0,1,1,0,0,0,0,0,0,0,0,NULL,NULL,699,0,256000,NULL,NULL,67222X,NULL,NULL,NULL,NULL,0,0,0,1,NULL,339c3fd3-ce08-4e6c-8ac6-67bf66a9d39a,NULL
54109,509900,2004,NULL,155X8D52,"HAULMARK TS 5X8 ENCLOSED TRLR",16HCB08184H113293-," ",4526,"2026-07-24 18:11:09",265,25018,0,45,0,1,1,0,0,0,0,0,0,0,0,NULL,NULL,699,0,509900,NULL,NULL,TBD,NULL,NULL,NULL,NULL,0,0,0,1,NULL,2a9075c6-b0a2-4003-b739-3735af26b098,NULL
54110,520900,1995,NULL," ","CAT 966F-S2 LOADER (Traded In 06/30/23)",9YJ2452," ",4480,"2026-07-24 18:11:10",265,25018,0,45,0,1,1,0,0,0,0,0,0,0,0,NULL,NULL,699,0,520900,NULL,NULL,NULL,NULL,NULL,NULL,NULL,0,0,0,1,NULL,9c231a84-c3c2-4b38-9c31-f2622ea5121c,NULL
54111,552800,2010,NULL,"TRAILER SOURCE, INC.","FLATBED TRAILER (SOLD 10-26-17)"," ",5APCN1829AL005729,4486,"2026-07-24 18:11:10",265,24981,0,45,0,1,1,0,0,0,0,0,0,0,0,NULL,NULL,699,0,552800,NULL,NULL,754UMS,NULL,NULL,NULL,NULL,0,0,0,1,NULL,c9c48f4c-a355-447f-a460-ab1aa7b0804b,NULL
54112,508600,1996,NULL," ","BIG TEX 16' UTILITY TRAILER (SOLD 5-18-17)"," ",16VEX1626T1381629,4526,"2026-07-24 18:11:10",265,24981,0,45,0,1,1,0,0,0,0,0,0,0,0,NULL,NULL,699,0,508600,NULL,NULL,FYQ647,NULL,NULL,NULL,NULL,0,0,0,1,NULL,ce9f32d9-8fba-49cc-86d0-192fc6e5c6fc,NULL
54113,554800,2014,NULL,T71-17,"TRAILER DECKOVER (SOLD 11-7-16)"," ",4P5F82026E1204454,4532,"2026-07-24 18:11:11",265,25110,0,45,0,1,1,0,0,0,0,0,0,0,0,NULL,NULL,699,0,554800,NULL,NULL,DR62685,NULL,NULL,NULL,NULL,0,0,0,1,NULL,1983486e-1950-434f-99e7-c4e9e59b0af3,NULL
54114,555500,2016,NULL," ","DECKOVER TRAILER 10,000# (Auction)"," ",4P5F82023G1252982,4532,"2026-07-24 18:11:11",265,25018,0,45,0,1,1,0,0,0,0,0,0,0,0,NULL,NULL,699,0,555500,NULL,NULL,XR75871,NULL,NULL,NULL,NULL,0,0,0,1,NULL,e8e3f834-861e-4fe2-97c3-8428b9f175e0,NULL
54116,585200,2008,10319," ","CATERPILLAR H140D HYD HAMMER",BXB00758," ",4286,"2026-07-24 18:11:11",265,25018,0,45,0,1,1,0,0,0,0,0,0,0,0,NULL,NULL,699,0,585200,NULL,NULL,NA,NULL,NULL,NULL,NULL,0,0,0,1,NULL,134c6f75-c425-4a79-99ab-b524814b290d,NULL
54117,583901,NULL,10336,G110,"RAMMER G110 HAMMER-TIE ROD REPAIR (SOLD 3-13-20)",11ADB5124," ",4288,"2026-07-24 18:11:12",265,25018,0,45,0,1,1,0,0,0,0,0,0,0,0,NULL,NULL,699,0,583901,NULL,NULL,NULL,NULL,NULL,NULL,NULL,0,0,0,1,NULL,287ccb8f-4c80-4926-b540-1cc5e2572042,NULL
54118,577400,1986,NULL," ","IR P185W-JD ON 2 WHEELS-wrote off",155084," ",4349,"2026-07-24 18:11:13",265,24981,0,45,0,1,1,0,0,0,0,0,0,0,0,NULL,NULL,699,0,577400,NULL,NULL,970HOF,NULL,NULL,NULL,NULL,0,0,0,1,NULL,3b148623-44a6-4cf8-864a-0be93d89ba31,NULL
54119,563000,2019,10314,335FL,"CAT 335FL EXCAVATOR (AUCTION MAY 2025)",SGJ20580," ",4504,"2026-07-24 18:11:13",265,24981,0,45,0,1,1,0,0,0,0,0,0,0,0,NULL,NULL,699,0,563000,NULL,NULL,0033485967,NULL,NULL,NULL,NULL,0,0,0,1,NULL,70342908-6a66-46ee-8ce0-1beb993b8822,NULL
54120,596900,2007,NULL,XP185WIR,"XP185WIR AIR COMPRESSOR (SOLD 10-26-17)",390135," ",4349,"2026-07-24 18:11:14",265,24981,0,45,0,1,1,0,0,0,0,0,0,0,0,NULL,NULL,699,0,596900,NULL,NULL,X322378,NULL,NULL,NULL,NULL,0,0,0,1,NULL,8eb1aafd-b1a6-4149-b703-c0f9333095b5,NULL
54121,588600,2016,NULL,TR310,"CASE TR310 TRACK SKID STEER (SOLD 3-11-19)",NGM416094," ",4422,"2026-07-24 18:11:14",265,24981,0,45,0,1,1,0,0,0,0,0,0,0,0,NULL,NULL,699,0,588600,NULL,NULL,X603995,NULL,NULL,NULL,NULL,0,0,0,1,NULL,550bfda1-099e-406c-8b8b-5b5ca2da241b,NULL
54122,596700,2007,NULL,XP185WIR,"XP185WIR AIR COMPRESSOR",390130UHR821," ",4349,"2026-07-24 18:11:14",265,24981,0,45,0,1,1,0,0,0,0,0,0,0,0,NULL,NULL,699,0,596700,NULL,NULL,200DXQ,NULL,NULL,NULL,NULL,0,0,0,1,NULL,882b553c-4d68-4d8d-974b-4adb9e4361ea,NULL
54123,107700,1971,10291,5299,"AMER 5299 CRANE-50 TON  1971  (SOLD 10/18/23)",GS14898," ",4423,"2026-07-24 18:11:14",265,25122,0,45,0,1,1,0,0,0,0,0,0,0,0,NULL,NULL,699,0,107700,NULL,NULL,NULL,NULL,NULL,NULL,NULL,0,0,0,1,NULL,53f526a0-8926-46ad-b340-a3f456d51f32,NULL
54124,107301,NULL,NULL," ","ADD OSHA ANTI-TWO BLOCK SYSTEM (Disposed 10-16-17)"," "," ",4514,"2026-07-24 18:11:15",265,25018,0,45,0,1,1,0,0,0,0,0,0,0,0,NULL,NULL,699,0,107301,NULL,NULL,NULL,NULL,NULL,NULL,NULL,0,0,0,1,NULL,a6ec19b7-3c6f-4eb7-b64d-ad0e74158e15,NULL
54125,597500,2010,NULL," ","ATLAS COPCO 185 AIR COMPRESSOR (Auction)",032361," ",4349,"2026-07-24 18:11:15",265,25018,0,45,0,1,1,0,0,0,0,0,0,0,0,NULL,NULL,699,0,597500,NULL,NULL,NULL,NULL,NULL,NULL,NULL,0,0,0,1,NULL,46963576-c76e-4ca6-8e83-2fc683950429,NULL
54126,597800,2011,NULL," ","ATLAS COPCO 185 AIR COMPRESSOR (SOLD 12/04/24)"," ",4500A1010BR036173,4349,"2026-07-24 18:11:15",265,24981,0,45,0,1,1,0,0,0,0,0,0,0,0,NULL,NULL,699,0,597800,NULL,NULL,677DXQ,NULL,NULL,NULL,NULL,0,0,0,1,NULL,1971445d-4140-48d4-bd16-d7cee7951315,NULL
54127,598900,2015,NULL,XAS185BW,"ATLAS COPCO 185 AIR COMPRESSOR (AUCTION 04/14/26)",HOP048755," ",4349,"2026-07-24 18:11:16",265,25018,0,45,0,1,1,0,0,0,0,0,0,0,0,NULL,NULL,699,0,598900,NULL,NULL,NULL,NULL,NULL,NULL,NULL,0,0,0,1,NULL,788ebd5f-9858-4866-9f51-c4c70f690e2d,NULL
54128,552900,2010,NULL,"TRAILER SOURCE, INC.","FLATBED TRAILER (DISPOSED)"," ",5APCN1829AL005746,4486,"2026-07-24 18:11:39",265,24981,0,45,0,1,1,0,0,0,0,0,0,0,0,NULL,NULL,699,0,552900,NULL,NULL,753UMS,NULL,NULL,NULL,NULL,0,0,0,1,NULL,5a8407c8-f296-400d-a214-ec6513dd5c5e,NULL
55175,424900,2019,10302,M2,"FREIGHTLINER M2 FLATBED TRUCK"," ",3ALACWFC9KDKY4551,4534,"2026-07-29 13:32:58",265,24981,0,45,1,1,0,0,0,0,0,0,0,0,0,NULL,NULL,699,0,424900,NULL,NULL,FADU59,NULL,NULL,NULL,5205278,0,0,0,1,NULL,9b74a517-328e-4347-8dac-6b29e2e11e3e,NULL
55182,R-000G61,NULL,10347,872GP,"JOHN DEERE 872GP GRADER (Performance)"," ",1DW872GPCKF702481,4389,"2026-07-29 18:05:56",265,25033,0,45,0,1,0,0,0,1,0,0,0,0,0,NULL,NULL,699,0,R-000G61,NULL,NULL,NULL,NULL,NULL,NULL,NULL,0,0,0,1,NULL,414b540c-6d18-46bd-9927-f7eff36b6d7e,NULL
55188,R-525667,NULL,10314,CP56/CP12,"CAT CP56/CP12 ROLLER (Wagner)",07G400125,,4389,"2026-07-29 19:05:55",265,24980,0,45,1,1,0,0,0,1,0,0,0,0,0,NULL,NULL,699,0,R-525667,NULL,NULL,,NULL,NULL,9905669,NULL,0,0,0,1,NULL,c86c05e7-c97b-4706-9919-d10c0af7b17c,NULL
55192,305900,2026,10299,"RANGER XLT","FORD RANGER XLT SUPERCREW 4WD"," ",1FTER4HH1TLE10662,4439,"2026-07-29 19:33:57",265,25137,0,45,1,1,0,0,0,0,0,0,0,0,0,NULL,NULL,699,0,305900,NULL,NULL,D77869J,NULL,NULL,NULL,5190177,0,0,0,0,NULL,2fc14c94-9ba9-498c-b0c6-da194b4cd2fa,NULL
55193,306000,2026,10299,"F150 XL","FORD F150 XL SUPERCAB 4WD"," ",1FTFX1L54TKD86823,4429,"2026-07-29 19:35:11",265,25137,0,45,1,1,0,0,0,0,0,0,0,0,0,NULL,NULL,699,0,306000,NULL,NULL,TER998,NULL,NULL,NULL,5190176,0,0,0,0,NULL,b9e4ebae-13f7-46e9-a14f-fd5cf74a7711,NULL
55196,306500,2026,10299,"F250 XL","FORD F250 XL CREW CAB 4WD - RITCHEY, KEVIN"," ",1FT7W2BA9TED89663,4301,"2026-07-29 19:37:26",265,25136,0,45,1,1,0,0,0,0,0,0,0,0,0,NULL,NULL,699,0,306500,NULL,NULL,XE93733,NULL,NULL,NULL,5284364,0,0,0,0,NULL,98ebd18b-79db-47bc-8b88-0cc5bea78d30,NULL
55197,307200,2026,10299,"F350 CREW DRW XL","FORD F350 SUPERDUTY DRW XL CREW - DYDA, JOHN"," ",1FD8W3HT9TEE19565,4521,"2026-07-29 19:39:05",265,25129,0,45,1,1,0,0,0,0,0,0,0,0,0,NULL,NULL,699,0,307200,NULL,NULL,FACD44,NULL,NULL,NULL,5284373,0,0,0,0,NULL,613a77e5-1fe7-48a5-8c9f-7889cf0678bb,NULL
55199,307000,2026,10299,"RANGER XLT","FORD RANGER XLT SUPERCREW 4WD"," ",1FTER4HH6TLE15372,4439,"2026-07-29 19:39:36",265,25045,0,45,1,1,0,0,0,0,0,0,0,0,0,NULL,NULL,699,0,307000,NULL,NULL,D12627L,NULL,NULL,NULL,5283628,0,0,0,0,NULL,a128b622-e0f0-4e44-9441-a89104e06a76,NULL
55201,R-0ST128,NULL,10310,T370,"WATER TRUCK 4000 GAL (Performance)"," ",2NKHLJ0X9NM103245,4389,"2026-07-29 19:42:02",265,25089,0,45,0,1,0,0,0,1,0,0,0,0,0,NULL,NULL,699,0,R-0ST128,NULL,NULL,,NULL,NULL,9905646,NULL,0,0,0,1,NULL,df2953da-6f4e-40aa-8c27-2a3518a766cc,NULL
55202,R-00R117,NULL,10415,HC12I,"HAMM H12I COMPACTOR (Performance)"," ",WGH0H235PHAA01789,4389,"2026-07-29 19:42:33",265,25062,0,45,1,1,0,0,0,1,0,0,0,0,0,NULL,NULL,699,0,R-00R117,NULL,NULL,,NULL,NULL,10022837,NULL,0,0,0,1,NULL,6a4aca1f-10db-4c5f-9d02-f68515fa5875,NULL
55203,R-544894,NULL,10314,TL1255,"CAT TL1255 FORKLIFT 12K (Wagner)",0ZH600977,,4389,"2026-07-29 19:42:33",265,25129,0,45,1,1,0,0,0,1,0,0,0,0,0,NULL,NULL,699,0,R-544894,NULL,NULL,,NULL,NULL,9905673,NULL,0,0,0,1,NULL,e5fa137e-0f8a-4ac4-bc85-951d2110534e,NULL
55204,R-555266,NULL,10314,265HF,"CAT 265HF TRACK SKIDSTEER (Wagner)",0KR402270,,4389,"2026-07-29 19:42:36",265,25019,0,45,1,1,0,0,0,1,0,0,0,0,0,NULL,NULL,699,0,R-555266,NULL,NULL,,NULL,NULL,9905675,NULL,0,0,0,1,NULL,f80b711d-6c5a-4e90-8a37-ad6563c36f8c,NULL
55206,757200,2018,10429,,"20' STANDARD CONTAINER",TRHU220380,,4414,"2026-07-29 19:45:46",265,25129,0,45,1,1,0,0,0,0,0,0,0,0,0,NULL,NULL,699,0,757200,NULL,NULL,NA,NULL,NULL,NULL,NULL,0,0,0,0,NULL,136eaaa4-ea99-4592-9b07-4f850fd2ea08,NULL
55207,770200,2026,10429,,"TOOL STORAGE CONTAINER 8X40X8",,,4386,"2026-07-29 19:45:46",265,25137,0,45,1,1,0,0,0,0,0,0,0,0,0,NULL,NULL,699,0,770200,NULL,NULL,NA,NULL,NULL,NULL,NULL,0,0,0,0,NULL,4ff6b536-81b1-463d-9470-2b10d4254933,NULL
55208,760100,2026,10429,,"OFFICE CONTAINER (8'X40X'8', 320 SQ FT)",IO40.1,,4386,"2026-07-29 19:46:15",265,25137,0,45,1,1,0,0,0,0,0,0,0,0,0,NULL,NULL,699,0,760100,NULL,NULL,NA,NULL,NULL,NULL,NULL,0,0,0,0,NULL,ad314124-23c9-482a-9b51-50d470180bab,NULL
55209,770400,2026,10429,,"TOOL STORAGE CONTAINER 8X40X8",,,4386,"2026-07-29 19:46:16",265,25137,0,45,1,1,0,0,0,0,0,0,0,0,0,NULL,NULL,699,0,770400,NULL,NULL,NA,NULL,NULL,NULL,NULL,0,0,0,0,NULL,c530dfbb-e3a4-45e8-9a6d-7a9bfcb3278a,NULL
55211,424800,2019,10302,M2,"FREIGHTLINER M2 FLATBED TRUCK"," ",3ALACWFC0KDKY9086,4534,"2026-07-29 19:47:36",265,25045,0,45,1,1,0,0,0,0,0,0,0,0,0,NULL,NULL,699,0,424800,NULL,NULL,FACC40,NULL,NULL,NULL,5206110,0,0,0,1,NULL,27d243d1-15d5-4249-9118-5fbcf7112085,NULL
55212,760400,NULL,10429,,"OFFICE BUILDING 4-PLEX",,,4482,"2026-07-29 19:47:37",265,25137,0,45,1,1,0,0,0,0,0,0,0,0,0,NULL,NULL,699,0,760400,NULL,NULL,NA,NULL,NULL,NULL,NULL,0,0,0,0,NULL,e818da5e-5f09-4a86-9dec-d08b17bdf019,NULL
55220,R-518257,NULL,10314,289/265,"CAT 289/265 TRACK SKIDSTEER (Wagner)",0JX918786,,4389,"2026-07-29 22:06:41",265,25033,0,45,1,1,0,0,0,1,0,0,0,0,0,NULL,NULL,699,0,R-518257,NULL,NULL,,NULL,NULL,10022026,NULL,0,0,1,1,NULL,9dad883a-dce1-4925-955b-5854eedcf963,NULL
55224,T1234567,2025,10314,335,"CAT335 EXCAVATOR (TEST FOR IVO)",987654321,,4504,"2026-07-30 02:05:54",265,24981,0,45,1,1,0,0,0,0,0,0,0,0,0,NULL,NULL,699,0,T1234567,NULL,NULL,,NULL,NULL,9975333,5244822,0,0,0,1,NULL,1edfd43c-19a3-4925-9a32-e7ff1abf97a9,NULL
55235,582400,NULL,10429,,"SLAB GRABBER (CAT 336)",,,4406,"2026-07-30 15:12:32",265,25042,0,45,1,1,0,0,0,0,0,0,0,0,0,NULL,NULL,699,0,582400,NULL,NULL,,NULL,NULL,NULL,NULL,0,0,0,0,NULL,33cfed77-9c72-49bb-b156-d86c5abb5b9a,NULL
55242,770300,2026,10429,,"TOOL STORAGE CONTAINER 8X40X8",,,4386,"2026-07-30 16:16:16",265,25137,0,45,1,1,0,0,0,0,0,0,0,0,0,NULL,NULL,699,0,770300,NULL,NULL,NA,NULL,NULL,NULL,NULL,0,0,0,0,NULL,5b101229-9c1f-4c16-b359-a98c340c8acb,NULL
55714,256700,2015,10299,F150,"FORD F150 SUPER- UNASSIGNED- (Sold 05/14/26)"," ",1FTFX1EF9FKD17846,4404,"2026-08-10 16:06:07",265,25018,0,45,0,1,0,0,0,0,0,0,0,0,0,NULL,NULL,699,0,256700,NULL,NULL,EDYS82,NULL,NULL,NULL,NULL,0,0,0,1,NULL,bdd9ba23-df9c-47a0-8101-968f22e980f2,NULL
55715,254200,2014,10299,"F250 REG CAB","F250 REG CAB 4WD- UNASSIGNED (Sold 05/14/26)"," ",1FTBF2B61EEB66347,4401,"2026-08-10 16:06:08",265,25018,0,45,0,1,0,0,0,0,0,0,0,0,0,NULL,NULL,699,0,254200,NULL,NULL,XD52061,NULL,NULL,NULL,NULL,0,0,0,1,NULL,0ff2d382-dc0d-4718-87bb-171d667256f2,NULL
55716,257000,2015,10299,"F250 EXT","FORD F250 SUPER CAB-  (Sold 5/4/26)"," ",1FT7X2B64FED17671,4401,"2026-08-10 16:06:08",265,25018,0,45,0,1,0,0,0,0,0,0,0,0,0,NULL,NULL,699,0,257000,NULL,NULL,XE75559,NULL,NULL,NULL,NULL,0,0,0,1,NULL,07310d29-e225-4636-a434-faa686ae44b3,NULL
55717,264100,2017,10301,"SILVERADO 1500 LT","CHEV 1/2T SILVERADO DBL CAB 4WD (Sold 05/20/26)"," ",1GCVKREH3HZ257003,4404,"2026-08-10 16:06:09",265,25018,0,45,0,1,0,0,0,0,0,0,0,0,0,NULL,NULL,699,0,264100,NULL,NULL,EDYG96,NULL,NULL,NULL,NULL,0,0,0,1,NULL,f7300c57-cde6-41c1-aa6f-173f2a8f949e,NULL
55718,267700,2019,10301,"SILVERADO 1500LT","CHEV 1/2T SILVERADO DBL CAB 4WD-(Sold 05/20/26)"," ",2GCVKPEC9K1126862,4404,"2026-08-10 16:06:09",265,25018,0,45,0,1,0,0,0,0,0,0,0,0,0,NULL,NULL,699,0,267700,NULL,NULL,EDYN05,NULL,NULL,NULL,NULL,0,0,0,1,NULL,2c642b81-90bb-43ff-9e13-7e5063d8aa58,NULL
55719,262100,2016,10301,"SILVERADO 1500 LT","CHEV 1/2T SILVERADO DBL CAB 4WD- (Sold 05/19/26)"," ",1GCVKREH7GZ329478,4404,"2026-08-10 16:06:09",265,24981,0,45,0,1,0,0,0,0,0,0,0,0,0,NULL,NULL,699,0,262100,NULL,NULL,EDYG91,NULL,NULL,NULL,NULL,0,0,0,1,NULL,a9605ad5-0b1e-4565-8c8a-af8de7119c8f,NULL
55720,265800,2018,10301,"SILVERADO 1500LT","CHEV 1/2T SILVERADO DBL CAB 4WD- (Sold 05/20/26)"," ",1GCVKREH2JZ278947,4404,"2026-08-10 16:06:10",265,25018,0,45,0,1,0,0,0,0,0,0,0,0,0,NULL,NULL,699,0,265800,NULL,NULL,EDYN02,NULL,NULL,NULL,NULL,0,0,0,1,NULL,3a49f521-6125-4bf7-bc94-c5e9bb51013f,NULL
55721,267900,2019,10301,"SILVERADO 1500LT","CHEV 1/2T SILVERADO DBL CAB 4WD- (Sold 04/30/26)"," ",2GCVKPEC2K1123821,4404,"2026-08-10 16:06:10",265,24981,0,45,0,1,0,0,0,0,0,0,0,0,0,NULL,NULL,699,0,267900,NULL,NULL,EDYN07,NULL,NULL,NULL,NULL,0,0,0,1,NULL,020a9313-813b-4767-858b-059d499d47d3,NULL
55722,264500,2017,10301,"SILVERADO 2500 HD LT","CHEV 3/4T SILVERADO DBL CAB 4WD (Sold 05/14/26)"," ",1GC2KVEG3HZ253553,4401,"2026-08-10 16:06:11",265,25018,0,45,0,1,0,0,0,0,0,0,0,0,0,NULL,NULL,699,0,264500,NULL,NULL,EDYS84,NULL,NULL,NULL,NULL,0,0,0,1,NULL,0571c981-5778-47b9-93ff-2fc8f218a9f4,NULL
55723,264600,2017,10301,"SILVERADO 1500 LT","CHEV 1/2T SILVERADO DBL CAB 4WD- (Sold 04/30/26)"," ",1GCVKREH2HZ259888,4404,"2026-08-10 16:06:11",265,24981,0,45,0,1,0,0,0,0,0,0,0,0,0,NULL,NULL,699,0,264600,NULL,NULL,EDYG97,NULL,NULL,NULL,NULL,0,0,0,1,NULL,f90385c3-8a0e-41df-9452-f0f2398b7fc9,NULL
55724,269300,2019,10301,"SILVERADO 1500LT","CHEV 1/2T SILVERADO DBL CAB 4WD-(Sold 05/20/26)"," ",2GCVKPEC4K1177959,4404,"2026-08-10 16:06:12",265,25018,0,45,0,1,0,0,0,0,0,0,0,0,0,NULL,NULL,699,0,269300,NULL,NULL,EDYN13,NULL,NULL,NULL,NULL,0,0,0,1,NULL,efd8feea-7b0b-4044-9e97-adad75bf3708,NULL
55725,276000,2020,10299,"FORD F250 XLT","F250 SUPERDUTY XLT 4WD - (Sold 05/14/26)"," ",1FT7X2B62LEC47535,4401,"2026-08-10 16:06:12",265,25018,0,45,0,1,0,0,0,0,0,0,0,0,0,NULL,NULL,699,0,276000,NULL,NULL,XE77985,NULL,NULL,NULL,NULL,0,0,0,1,NULL,2acec158-4daf-43ea-97e9-aa409f1f14ec,NULL
55726,276100,2020,10299,"FORD F250 XLT","FORD F250 SUPER DUTY XLT SUPER CAB 4WD-(Sold 05/14/26)"," ",1FT7X2B64LEC47536,4401,"2026-08-10 16:06:13",265,25018,0,45,0,1,0,0,0,0,0,0,0,0,0,NULL,NULL,699,0,276100,NULL,NULL,XE77988,NULL,NULL,NULL,NULL,0,0,0,1,NULL,b69e0522-a0cb-4db4-aca4-ee997d1f4649,NULL
55750,R502401,0,10429,"Complete on Inspection","RENTAL EQUIPMENT",,,4389,"2026-08-11 01:55:04",265,25042,0,16095,1,1,1,0,0,1,0,0,0,0,0,NULL,NULL,708,0,,"Rental Inspections, Unit # NOT Setup",,,,,NULL,NULL,0,0,0,1,NULL,b874f969-76d6-4b20-b776-f1d8d28db229,NULL
55780,548000,2026,10429,"84"","BUCKET 84" ROCK BUCKET EXTREME DUTY",223078,,4525,"2026-08-12 18:06:09",265,25137,0,45,1,1,0,0,0,0,0,0,0,0,0,NULL,NULL,699,0,548000,NULL,NULL,NULL,NULL,NULL,NULL,NULL,0,0,0,1,NULL,fa54c9bb-b7da-4cd6-8e64-16d352e76689,NULL
55781,669400,2026,10429,,"TUGBOAT "MISS 50-CAL" (EKS OWNED) 25'-3"X14'X5' HULL NO 524",524,,4471,"2026-08-12 18:06:09",265,25137,0,45,1,1,0,0,0,0,0,0,0,0,0,NULL,NULL,699,0,669400,NULL,NULL,TBD,NULL,NULL,NULL,NULL,0,0,0,1,NULL,9aae4ea0-a674-481a-b232-1f0d06c92dc4,NULL
55782,R-522103,NULL,10314,308,"CAT 308 EXCAVATOR (Wagner)",0GG810872,,4389,"2026-08-12 18:06:10",265,25062,0,45,1,1,0,0,0,1,0,0,0,0,0,NULL,NULL,699,0,R-522103,NULL,NULL,,NULL,NULL,10022838,NULL,0,0,0,1,NULL,40fde15a-4bb3-41b7-a7f7-0302aec0b378,NULL
55783,669401,2026,10429,,"TUGBOAT GENSETS (2) "MISS 50-CAL"",,,4471,"2026-08-12 18:06:10",265,25137,0,45,1,1,0,0,0,0,0,0,0,0,0,NULL,NULL,699,0,669401,NULL,NULL,NULL,NULL,NULL,NULL,NULL,0,0,0,1,NULL,5a34fdcc-e925-451e-a169-f165755c3dfa,NULL
55784,R-504716,NULL,10314,315,"CAT 315 EXCAVATOR (Wagner)",0FTY30058,,4389,"2026-08-12 18:06:10",265,25129,0,45,1,1,0,0,0,1,0,0,0,0,0,NULL,NULL,699,0,R-504716,NULL,NULL,NULL,NULL,NULL,9926923,NULL,0,0,0,1,NULL,070d8f25-06f5-47f0-b71d-4545f73f0848,NULL
55881,R-546132,NULL,10314,259/255,"CAT259/255 TRACK SKIDSTEER (Wagner)",0FL715309,,4389,"2026-08-17 21:24:05",265,25080,0,45,1,1,0,0,0,1,0,0,0,0,0,NULL,NULL,699,0,R-546132,NULL,NULL,NULL,NULL,NULL,NULL,NULL,0,0,0,1,NULL,b89db32b-1c88-4b4b-a39a-75d80b327b40,NULL
55882,569300,2025,10314,MP332,"CAT MP332 PROCESSOR (on RPO) Fabick",MW200312,,4387,"2026-08-17 22:06:10",265,24981,0,45,1,1,0,0,0,1,0,0,0,0,0,NULL,NULL,699,0,569300,NULL,NULL,NA,NULL,NULL,NULL,NULL,0,0,0,1,NULL,2f61de19-140c-4de1-86c8-f99cff3de12b,NULL
