setupId,equipmentId,createdTimestampUtc,pmTypeId,isDeleted,isActive,pmName,intervalHours,intervalDays,intervalOdometer,beginningHours,beginningDate,beginningOdometer,fixedDate,fixedHours,fixedOdometer,partsNote,workNote,createdByUserId,triggerDays,triggerHours,triggerOdometer,lastPmPerformedId,companyEquipmentPmTemplateId,uuid
34719,51864,"2026-07-29 21:15:32",1,0,1,"1000 HR SERVICE (EXCAVATOR)",1000,NULL,NULL,NULL,NULL,NULL,NULL,1000,NULL,"SEE EQUIPMENT DETAILS - PARTS TAB OR WRITE IN PARTS USED:
","INCLUDES ALL 500 HR TASKS, PLUS:
REPLACE HYDRAULIC RETURN FILTER
REPLACE PILOT FILTER
INSPECT PUMPS
INSPECT SWING DRIVE
INSPECT ROLLERS
INSPECT IDLERS
INSPECT TRACK CHAINS
PERFORM DIAGNOSTIC SCAN
",1288,NULL,40,NULL,47375,2585,266987d5-c6e4-4116-9585-0d4eba6d3646
34771,51864,"2026-07-29 21:16:35",1,0,1,"2000 HR SERVICE (EXCAVATOR)",2000,NULL,NULL,NULL,NULL,NULL,NULL,NULL,NULL,"SEE EQUIPMENT DETAILS - PARTS TAB OR WRITE IN PARTS USED:
","INCLUDES ALL 1000 HR TASKS
SAMPLE HYDRAULIC OIL
REPLACE COOLANT
INSPECT MAIN PUMPS
INSPECT SWING GEARBOX
INSPECT TRAVEL GEARBOXES
HYDRAULIC PERFORMANCE TEST
",1288,NULL,40,NULL,47376,2633,4c3b4003-4fa4-457c-b057-4f04c1314472
34823,51864,"2026-07-29 21:17:42",1,0,1,"500 HR SERVICE (EXCAVATOR)",500,NULL,NULL,NULL,NULL,NULL,NULL,NULL,NULL,"SEE EQUIPMENT DETAILS - PARTS TAB OR WRITE IN PARTS USED:
","CHANGE ENGINE OIL
REPLACE ENGINE OIL FILTER
REPLACE FUEL FILTERS
REPLACE AIR FILTERS
CHECK ALL FLUIDS
GREASE BOOM PINS & BUSHINGS
GREASE STICK PINS
GREASE BUCKET PINS
GREASE SWING BEARING
INSPECT TIRES/TRACKS
INSPECT CYLINDERS
INSPECT UNDERCARRIAGE
INSPECT/CHANGE FINAL DRIVES
CHECK FAULT CODES
RESET SERVICE METER
",1288,NULL,40,NULL,47374,2694,be15114c-d5e5-4bcf-9179-1f7ab7a51343
35908,51866,"2026-07-31 15:45:24",3,0,1,"CALIBRATION - (MASTER TAPE)  - 1825 DAY - REPLACE",NULL,1825,NULL,NULL,NULL,NULL,NULL,NULL,NULL,,"*NOTICE TO REPLACE MASTER TAPES AFTER 5-YEAR TO AVOID CALIBRATION PAPERWORK. ",1288,7,NULL,NULL,46946,2753,1b6353b9-0641-4896-a253-6e6350718a6b
35898,51867,"2026-07-31 15:43:48",3,0,1,"CALIBRATION - (FLUKE METER) - 365 DAY",NULL,365,NULL,NULL,NULL,NULL,NULL,NULL,NULL,"
","365 DAY INTERVAL. SUBMIT WEVR PAPERWORK. WORK ORDER WILL NOT CLOSE UNLESS PAPERWORK IS CORRECT & SUBMITTED.",1288,7,NULL,NULL,46942,2752,15183672-f4a4-421f-9854-87f7ab26ff62
35900,51869,"2026-07-31 15:43:49",3,1,0,"CALIBRATION - (FLUKE METER) - 365 DAY",NULL,365,NULL,NULL,NULL,NULL,NULL,NULL,NULL,"
","365 DAY INTERVAL. SUBMIT WEVR PAPERWORK. WORK ORDER WILL NOT CLOSE UNLESS PAPERWORK IS CORRECT & SUBMITTED.",1288,7,NULL,NULL,NULL,2752,22386ec5-2e7c-44e5-a645-0b166ec01acb
35895,51875,"2026-07-31 15:43:46",3,0,1,"CALIBRATION - (FLUKE METER) - 365 DAY",NULL,365,NULL,NULL,NULL,NULL,NULL,NULL,NULL,"
","365 DAY INTERVAL. SUBMIT WEVR PAPERWORK. WORK ORDER WILL NOT CLOSE UNLESS PAPERWORK IS CORRECT & SUBMITTED.",1288,7,NULL,NULL,46937,2752,22b9b77f-ab61-4d3a-8e75-f1d7116f929f
34726,51880,"2026-07-29 21:15:39",1,0,1,"1000 HR SERVICE (EXCAVATOR)",1000,NULL,NULL,NULL,NULL,NULL,NULL,1000,NULL,"SEE EQUIPMENT DETAILS - PARTS TAB OR WRITE IN PARTS USED:
","INCLUDES ALL 500 HR TASKS, PLUS:
REPLACE HYDRAULIC RETURN FILTER
REPLACE PILOT FILTER
INSPECT PUMPS
INSPECT SWING DRIVE
INSPECT ROLLERS
INSPECT IDLERS
INSPECT TRACK CHAINS
PERFORM DIAGNOSTIC SCAN
",1288,NULL,40,NULL,47386,2585,7106aa5b-95f7-4fe7-b959-9ce6eb57ca9c
34778,51880,"2026-07-29 21:16:40",1,0,1,"2000 HR SERVICE (EXCAVATOR)",2000,NULL,NULL,NULL,NULL,NULL,NULL,NULL,NULL,"SEE EQUIPMENT DETAILS - PARTS TAB OR WRITE IN PARTS USED:
","INCLUDES ALL 1000 HR TASKS
SAMPLE HYDRAULIC OIL
REPLACE COOLANT
INSPECT MAIN PUMPS
INSPECT SWING GEARBOX
INSPECT TRAVEL GEARBOXES
HYDRAULIC PERFORMANCE TEST
",1288,NULL,40,NULL,47387,2633,173b0d6c-b880-459e-8e17-c84f6fe95927
34830,51880,"2026-07-29 21:17:48",1,0,1,"500 HR SERVICE (EXCAVATOR)",500,NULL,NULL,NULL,NULL,NULL,NULL,NULL,NULL,"SEE EQUIPMENT DETAILS - PARTS TAB OR WRITE IN PARTS USED:
","CHANGE ENGINE OIL
REPLACE ENGINE OIL FILTER
REPLACE FUEL FILTERS
REPLACE AIR FILTERS
CHECK ALL FLUIDS
GREASE BOOM PINS & BUSHINGS
GREASE STICK PINS
GREASE BUCKET PINS
GREASE SWING BEARING
INSPECT TIRES/TRACKS
INSPECT CYLINDERS
INSPECT UNDERCARRIAGE
INSPECT/CHANGE FINAL DRIVES
CHECK FAULT CODES
RESET SERVICE METER
",1288,NULL,40,NULL,47385,2694,e597e5c6-6a30-4fa1-9610-6bf64c7ca88f
34859,51881,"2026-07-30 12:41:37",1,0,1,"500 HR SERVICE (MOTOR GRADER)",500,NULL,NULL,NULL,NULL,NULL,NULL,NULL,NULL,"SEE EQUIPMENT DETAILS - PARTS TAB OR WRITE IN PARTS USED:
","CHANGE ENGINE OIL & FILTER
REPLACE FUEL FILTER(S)
INSPECT AIR FILTER
CHECK HYDRAULIC OIL LEVEL
GREASE ALL FITTINGS
INSPECT MOLDBOARD
INSPECT CIRCLE DRIVE
CHECK CUTTING EDGE WEAR
CHECK TIRES
INSPECT STEERING COMPONENTS
TEST LIGHTS AND SAFETY DEVICES
",1288,NULL,40,NULL,47380,2696,4cceacdb-c1d9-489a-8c5d-d5584b36e43c
34863,51881,"2026-07-30 12:42:03",1,0,1,"2000 HR SERVICE (MOTOR GRADER)",2000,NULL,NULL,NULL,NULL,NULL,NULL,NULL,NULL,"SEE EQUIPMENT DETAILS - PARTS TAB OR WRITE IN PARTS USED:
","COMPLETE 1000 HR SERVICE
SAMPLE HYDRAULIC OIL
CHANGE TANDEM OILS
REPLACE COOLANT
REPLACE ALL FILTERS
INSPECT CIRCLE DRIVE COMPONENTS
INSPECT PINS AND BUSHINGS
INSPECT FRAME AND STRUCTURAL COMPONENTS
COMPLETE SAFETY INSPECTION
",1288,NULL,40,NULL,47382,2634,650669f6-725b-4224-8471-c8a92c5c87bd
34867,51881,"2026-07-30 12:42:26",1,0,1,"1000 HR SERVICE (MOTOR GRADER)",1000,NULL,NULL,NULL,NULL,NULL,NULL,NULL,NULL,"SEE EQUIPMENT DETAILS - PARTS TAB OR WRITE IN PARTS USED:
","COMPLETE 500 HR SERVICE
REPLACE AIR FILTERS
REPLACE HYDRAULIC FILTERS
CHECK TANDEM OIL LEVELS
INSPECT CIRCLE WEAR STRIPS
INSPECT ARTICULATION JOINT
CHECK COOLING SYSTEM
INSPECT BRAKES
INSPECT ELECTRICAL SYSTEM
",1288,NULL,40,NULL,47381,2586,c7f68e37-11c7-4630-aa9d-d73dda0bf898
35917,51883,"2026-07-31 15:45:30",3,0,1,"CALIBRATION - (MASTER TAPE)  - 1825 DAY - REPLACE",NULL,1825,NULL,NULL,NULL,NULL,NULL,NULL,NULL,,"*NOTICE TO REPLACE MASTER TAPES AFTER 5-YEAR TO AVOID CALIBRATION PAPERWORK. ",1288,7,NULL,NULL,46960,2753,6bebdc44-d50d-4ef1-8a13-61acd1ae6380
34706,51884,"2026-07-29 21:15:21",1,0,1,"1000 HR SERVICE (EXCAVATOR)",1000,NULL,NULL,NULL,NULL,NULL,NULL,1000,NULL,"SEE EQUIPMENT DETAILS - PARTS TAB OR WRITE IN PARTS USED:
","INCLUDES ALL 500 HR TASKS, PLUS:
REPLACE HYDRAULIC RETURN FILTER
REPLACE PILOT FILTER
INSPECT PUMPS
INSPECT SWING DRIVE
INSPECT ROLLERS
INSPECT IDLERS
INSPECT TRACK CHAINS
PERFORM DIAGNOSTIC SCAN
",1288,NULL,40,NULL,47378,2585,942bd5f8-61d1-4a5e-8337-b65ad907b955
34758,51884,"2026-07-29 21:16:25",1,0,1,"2000 HR SERVICE (EXCAVATOR)",2000,NULL,NULL,NULL,NULL,NULL,NULL,NULL,NULL,"SEE EQUIPMENT DETAILS - PARTS TAB OR WRITE IN PARTS USED:
","INCLUDES ALL 1000 HR TASKS
SAMPLE HYDRAULIC OIL
REPLACE COOLANT
INSPECT MAIN PUMPS
INSPECT SWING GEARBOX
INSPECT TRAVEL GEARBOXES
HYDRAULIC PERFORMANCE TEST
",1288,NULL,40,NULL,47379,2633,f2e8d6ac-4eea-451d-90af-e371a478ee8d
34810,51884,"2026-07-29 21:17:33",1,0,1,"500 HR SERVICE (EXCAVATOR)",500,NULL,NULL,NULL,NULL,NULL,NULL,NULL,NULL,"SEE EQUIPMENT DETAILS - PARTS TAB OR WRITE IN PARTS USED:
","CHANGE ENGINE OIL
REPLACE ENGINE OIL FILTER
REPLACE FUEL FILTERS
REPLACE AIR FILTERS
CHECK ALL FLUIDS
GREASE BOOM PINS & BUSHINGS
GREASE STICK PINS
GREASE BUCKET PINS
GREASE SWING BEARING
INSPECT TIRES/TRACKS
INSPECT CYLINDERS
INSPECT UNDERCARRIAGE
INSPECT/CHANGE FINAL DRIVES
CHECK FAULT CODES
RESET SERVICE METER
",1288,NULL,40,NULL,47377,2694,c8e1fe4c-2ce8-4ab0-bd12-75c59e25f326
35893,51886,"2026-07-31 15:43:45",3,0,1,"CALIBRATION - (FLUKE METER) - 365 DAY",NULL,365,NULL,NULL,NULL,NULL,NULL,NULL,NULL,"
","365 DAY INTERVAL. SUBMIT WEVR PAPERWORK. WORK ORDER WILL NOT CLOSE UNLESS PAPERWORK IS CORRECT & SUBMITTED.",1288,7,NULL,NULL,46935,2752,709878f3-dccc-4555-b8d2-5f9720fa178b
35911,51888,"2026-07-31 15:45:26",3,0,1,"CALIBRATION - (MASTER TAPE)  - 1825 DAY - REPLACE",NULL,1825,NULL,NULL,NULL,NULL,NULL,NULL,NULL,,"*NOTICE TO REPLACE MASTER TAPES AFTER 5-YEAR TO AVOID CALIBRATION PAPERWORK. ",1288,7,NULL,NULL,46949,2753,7c8c26c3-aac4-4b3b-b2dc-16f903026bcb
34727,51895,"2026-07-29 21:15:40",1,0,1,"1000 HR SERVICE (EXCAVATOR)",1000,NULL,NULL,NULL,NULL,NULL,NULL,1000,NULL,"SEE EQUIPMENT DETAILS - PARTS TAB OR WRITE IN PARTS USED:
","INCLUDES ALL 500 HR TASKS, PLUS:
REPLACE HYDRAULIC RETURN FILTER
REPLACE PILOT FILTER
INSPECT PUMPS
INSPECT SWING DRIVE
INSPECT ROLLERS
INSPECT IDLERS
INSPECT TRACK CHAINS
PERFORM DIAGNOSTIC SCAN
",1288,NULL,40,NULL,47389,2585,35b6ea6f-aaec-4428-aac2-2b030800df28
34779,51895,"2026-07-29 21:16:40",1,0,1,"2000 HR SERVICE (EXCAVATOR)",2000,NULL,NULL,NULL,NULL,NULL,NULL,NULL,NULL,"SEE EQUIPMENT DETAILS - PARTS TAB OR WRITE IN PARTS USED:
","INCLUDES ALL 1000 HR TASKS
SAMPLE HYDRAULIC OIL
REPLACE COOLANT
INSPECT MAIN PUMPS
INSPECT SWING GEARBOX
INSPECT TRAVEL GEARBOXES
HYDRAULIC PERFORMANCE TEST
",1288,NULL,40,NULL,47390,2633,9fcbb664-c41b-49b6-8355-bad8df1faa93
34831,51895,"2026-07-29 21:17:49",1,0,1,"500 HR SERVICE (EXCAVATOR)",500,NULL,NULL,NULL,NULL,NULL,NULL,NULL,NULL,"SEE EQUIPMENT DETAILS - PARTS TAB OR WRITE IN PARTS USED:
","CHANGE ENGINE OIL
REPLACE ENGINE OIL FILTER
REPLACE FUEL FILTERS
REPLACE AIR FILTERS
CHECK ALL FLUIDS
GREASE BOOM PINS & BUSHINGS
GREASE STICK PINS
GREASE BUCKET PINS
GREASE SWING BEARING
INSPECT TIRES/TRACKS
INSPECT CYLINDERS
INSPECT UNDERCARRIAGE
INSPECT/CHANGE FINAL DRIVES
CHECK FAULT CODES
RESET SERVICE METER
",1288,NULL,40,NULL,47388,2694,8dc010d0-1068-4052-82f0-4145e6aed888
36780,51895,"2026-08-04 04:49:41",1,0,1,"250 HR SERVICE (BIO FUEL)",250,NULL,NULL,NULL,NULL,NULL,NULL,NULL,NULL,"SEE EQUIPMENT DETAILS - PARTS TAB OR WRITE IN PARTS USED:

","CHANGE FUEL FILTERS EVERY 250 HR
SAMPLE BIO FUEL",1288,NULL,40,NULL,47391,2675,fe5da623-87b2-4cf2-8a01-73581ea21cd5
35316,51896,"2026-07-30 19:12:10",1,0,1,"1000 HR SERVICE (SKIDSTEER)",1000,NULL,NULL,NULL,NULL,NULL,NULL,NULL,NULL,"SEE EQUIPMENT DETAILS - PARTS TAB OR WRITE IN PARTS USED:","PERFORM ALL 500 HR TASKS
REPLACE HYDRAULIC RETURN FILTER
REPLACE CASE DRAIN FILTER
INSPECT LOADER LINKAGE
INSPECT CYLINDERS
INSPECT UNDERCARRIAGE WEAR
CHECK HYDRAULIC PRESSURES
PERFORM DIAGNOSTIC SCAN
",1288,NULL,40,NULL,47392,2613,8a234f38-92ff-4fef-98fb-37837c101482
35351,51896,"2026-07-30 19:13:00",1,0,1,"2000 HR SERVICE (SKIDSTEER)",2000,NULL,NULL,NULL,NULL,NULL,NULL,NULL,NULL,"SEE EQUIPMENT DETAILS - PARTS TAB OR WRITE IN PARTS USED:","PERFORM ALL 1000 HR TASKS
SAMPLE HYDRAULIC OIL
REPLACE COOLANT
INSPECT HYDRAULIC PUMPS
INSPECT FINAL DRIVES
INSPECT TURBOCHARGER
",1288,NULL,40,NULL,47394,2657,a08dad2e-696a-48bc-839f-8dbc6f74fb26
35386,51896,"2026-07-30 19:13:53",1,0,1,"500 HR SERVICE (SKIDSTEER)",500,NULL,NULL,NULL,NULL,NULL,NULL,NULL,NULL,"SEE EQUIPMENT DETAILS - PARTS TAB OR WRITE IN FILTERS USED:","CHANGE ENGINE OIL
REPLACE ENGINE OIL FILTER
REPLACE FUEL FILTERS
DRAIN WATER SEPARATOR
CHECK TRACK TENSION
INSPECT SPROCKETS
INSPECT IDLERS
INSPECT DRIVE MOTORS
INSPECT HYDRAULIC HOSES
GREASE ALL PIVOTS
CHECK FAULT CODES

",1288,NULL,40,NULL,47393,2725,51c1b145-df1a-4fed-8834-dc2f7b6e3003
35336,51898,"2026-07-30 19:12:24",1,0,1,"1000 HR SERVICE (SKIDSTEER)",1000,NULL,NULL,NULL,NULL,NULL,NULL,NULL,NULL,"SEE EQUIPMENT DETAILS - PARTS TAB OR WRITE IN PARTS USED:","PERFORM ALL 500 HR TASKS
REPLACE HYDRAULIC RETURN FILTER
REPLACE CASE DRAIN FILTER
INSPECT LOADER LINKAGE
INSPECT CYLINDERS
INSPECT UNDERCARRIAGE WEAR
CHECK HYDRAULIC PRESSURES
PERFORM DIAGNOSTIC SCAN
",1288,NULL,40,NULL,47417,2613,b30a92cb-77fa-425d-80d4-2f5ad71e6995
35371,51898,"2026-07-30 19:13:14",1,0,1,"2000 HR SERVICE (SKIDSTEER)",2000,NULL,NULL,NULL,NULL,NULL,NULL,NULL,NULL,"SEE EQUIPMENT DETAILS - PARTS TAB OR WRITE IN PARTS USED:","PERFORM ALL 1000 HR TASKS
SAMPLE HYDRAULIC OIL
REPLACE COOLANT
INSPECT HYDRAULIC PUMPS
INSPECT FINAL DRIVES
INSPECT TURBOCHARGER
",1288,NULL,40,NULL,47418,2657,a1951006-0648-4940-8d71-89e24abbfb8c
35406,51898,"2026-07-30 19:14:05",1,0,1,"500 HR SERVICE (SKIDSTEER)",500,NULL,NULL,NULL,NULL,NULL,NULL,NULL,NULL,"SEE EQUIPMENT DETAILS - PARTS TAB OR WRITE IN FILTERS USED:","CHANGE ENGINE OIL
REPLACE ENGINE OIL FILTER
REPLACE FUEL FILTERS
DRAIN WATER SEPARATOR
CHECK TRACK TENSION
INSPECT SPROCKETS
INSPECT IDLERS
INSPECT DRIVE MOTORS
INSPECT HYDRAULIC HOSES
GREASE ALL PIVOTS
CHECK FAULT CODES

",1288,NULL,40,NULL,47416,2725,e8349288-ffdb-4bf5-891f-745fbb33db4e
37157,51899,"2026-08-17 16:26:22",3,0,1,"DOT - ANNUAL",NULL,365,NULL,NULL,2026-08-13,NULL,NULL,NULL,NULL,,"ATTACH DOT ANNUAL PAPERWORK. PLEASE VERIFY VIN NUMBER!",16222,30,NULL,NULL,48837,NULL,208d6069-d656-4ab1-bcee-4df42bdbc522
35894,51907,"2026-07-31 15:43:46",3,0,1,"CALIBRATION - (FLUKE METER) - 365 DAY",NULL,365,NULL,NULL,NULL,NULL,NULL,NULL,NULL,"
","365 DAY INTERVAL. SUBMIT WEVR PAPERWORK. WORK ORDER WILL NOT CLOSE UNLESS PAPERWORK IS CORRECT & SUBMITTED.",1288,7,NULL,NULL,46936,2752,565a7bb1-98ef-445f-8f76-1044badcf5c7
34627,51909,"2026-07-29 20:38:28",1,0,1,"1000 HR SERVICE (COMPACTOR/ROLLER)",1000,NULL,NULL,NULL,NULL,NULL,NULL,NULL,NULL,"SEE EQUIPMENT DETAILS - PARTS TAB OR WRITE IN PARTS USED:","COMPLETE 500 HR SERVICE
REPLACE AIR FILTERS
REPLACE HYDRAULIC FILTERS
CHECK AXLE OIL LEVELSINSPECT DRUM BEARINGS
INSPECT DRIVE SYSTEM
INSPECT VIBRATION COMPONENTS
INSPECT HYDRAULIC HOSES AND CYLINDERS
CHECK COOLING SYSTEM
INSPECT ELECTRICAL SYSTEM
",1288,NULL,40,NULL,47425,2582,4bbb54bb-b769-49e2-ba23-ae2d49909dd3
34638,51909,"2026-07-29 20:41:34",1,0,1,"2000 HR SERVICE (COMPACTOR/ROLLER)",2000,NULL,NULL,NULL,NULL,NULL,NULL,NULL,NULL,"SEE EQUIPMENT DETAILS - PARTS TAB OR WRITE IN PARTS USED:","COMPLETE 1000 HR SERVICE
CHANGE HYDRAULIC OIL
CHANGE AXLE OILS
REPLACE COOLANT
REPLACE ALL FILTERS
INSPECT PINS AND BUSHINGS
INSPECT STRUCTURAL WELDS
INSPECT DRUM MOUNTS
PERFORM COMPLETE SAFETY INSPECTION",1288,NULL,40,NULL,47426,2631,88c81a0c-5552-4331-8414-e094cb5b9b9d
34652,51909,"2026-07-29 20:44:20",1,0,1,"500 HR SERVICE (COMPACTOR/ROLLER)",500,NULL,NULL,NULL,NULL,NULL,NULL,NULL,NULL,"SEE EQUIPMENT DETAILS - PARTS TAB OR WRITE IN PARTS USED:","CHANGE ENGINE OIL & FILTER
REPLACE FUEL FILTER(S)
INSPECT AIR FILTER
CHECK HYDRAULIC OIL LEVEL
GREASE ALL FITTINGS
INSPECT DRUM VIBRATION SYSTEM
CHECK SCRAPER BARS
INSPECT DRUM AND FRAME
CHECK BATTERY AND CABLES
INSPECT BELTS AND HOSES
CHECK BRAKES AND STEERING
TEST LIGHTS, ALARMS, AND SAFETY DEVICES",1288,NULL,40,NULL,47427,2691,51f077d4-358d-48ca-9ff2-6b197036d3f1
35334,51911,"2026-07-30 19:12:23",1,0,1,"1000 HR SERVICE (SKIDSTEER)",1000,NULL,NULL,NULL,NULL,NULL,NULL,NULL,NULL,"SEE EQUIPMENT DETAILS - PARTS TAB OR WRITE IN PARTS USED:","PERFORM ALL 500 HR TASKS
REPLACE HYDRAULIC RETURN FILTER
REPLACE CASE DRAIN FILTER
INSPECT LOADER LINKAGE
INSPECT CYLINDERS
INSPECT UNDERCARRIAGE WEAR
CHECK HYDRAULIC PRESSURES
PERFORM DIAGNOSTIC SCAN
",1288,NULL,40,NULL,47410,2613,7829d8d4-de2e-4d66-ac77-e2d7531f68e8
35369,51911,"2026-07-30 19:13:13",1,0,1,"2000 HR SERVICE (SKIDSTEER)",2000,NULL,NULL,NULL,NULL,NULL,NULL,NULL,NULL,"SEE EQUIPMENT DETAILS - PARTS TAB OR WRITE IN PARTS USED:","PERFORM ALL 1000 HR TASKS
SAMPLE HYDRAULIC OIL
REPLACE COOLANT
INSPECT HYDRAULIC PUMPS
INSPECT FINAL DRIVES
INSPECT TURBOCHARGER
",1288,NULL,40,NULL,47411,2657,9242e6e3-016a-421a-82b2-33e33cbab30e
35404,51911,"2026-07-30 19:14:05",1,0,1,"500 HR SERVICE (SKIDSTEER)",500,NULL,NULL,NULL,NULL,NULL,NULL,NULL,NULL,"SEE EQUIPMENT DETAILS - PARTS TAB OR WRITE IN FILTERS USED:","CHANGE ENGINE OIL
REPLACE ENGINE OIL FILTER
REPLACE FUEL FILTERS
DRAIN WATER SEPARATOR
CHECK TRACK TENSION
INSPECT SPROCKETS
INSPECT IDLERS
INSPECT DRIVE MOTORS
INSPECT HYDRAULIC HOSES
GREASE ALL PIVOTS
CHECK FAULT CODES

",1288,NULL,40,NULL,47412,2725,460de3e9-d62c-4bba-a163-efd06d1e58a1
35899,51913,"2026-07-31 15:43:48",3,0,1,"CALIBRATION - (FLUKE METER) - 365 DAY",NULL,365,NULL,NULL,NULL,NULL,NULL,NULL,NULL,"
","365 DAY INTERVAL. SUBMIT WEVR PAPERWORK. WORK ORDER WILL NOT CLOSE UNLESS PAPERWORK IS CORRECT & SUBMITTED.",1288,7,NULL,NULL,46961,2752,4cb17d98-dddf-4d31-a8a0-69b50fe03247
34707,51916,"2026-07-29 21:15:21",1,0,1,"1000 HR SERVICE (EXCAVATOR)",1000,NULL,NULL,NULL,NULL,NULL,NULL,1000,NULL,"SEE EQUIPMENT DETAILS - PARTS TAB OR WRITE IN PARTS USED:
","INCLUDES ALL 500 HR TASKS, PLUS:
REPLACE HYDRAULIC RETURN FILTER
REPLACE PILOT FILTER
INSPECT PUMPS
INSPECT SWING DRIVE
INSPECT ROLLERS
INSPECT IDLERS
INSPECT TRACK CHAINS
PERFORM DIAGNOSTIC SCAN
",1288,NULL,40,NULL,47395,2585,6cf93c2b-40a4-40d5-80f7-87274c83faf1
34759,51916,"2026-07-29 21:16:25",1,0,1,"2000 HR SERVICE (EXCAVATOR)",2000,NULL,NULL,NULL,NULL,NULL,NULL,NULL,NULL,"SEE EQUIPMENT DETAILS - PARTS TAB OR WRITE IN PARTS USED:
","INCLUDES ALL 1000 HR TASKS
SAMPLE HYDRAULIC OIL
REPLACE COOLANT
INSPECT MAIN PUMPS
INSPECT SWING GEARBOX
INSPECT TRAVEL GEARBOXES
HYDRAULIC PERFORMANCE TEST
",1288,NULL,40,NULL,47397,2633,30bcc690-3e71-4935-aac6-a704c607e191
34811,51916,"2026-07-29 21:17:33",1,0,1,"500 HR SERVICE (EXCAVATOR)",500,NULL,NULL,NULL,NULL,NULL,NULL,NULL,NULL,"SEE EQUIPMENT DETAILS - PARTS TAB OR WRITE IN PARTS USED:
","CHANGE ENGINE OIL
REPLACE ENGINE OIL FILTER
REPLACE FUEL FILTERS
REPLACE AIR FILTERS
CHECK ALL FLUIDS
GREASE BOOM PINS & BUSHINGS
GREASE STICK PINS
GREASE BUCKET PINS
GREASE SWING BEARING
INSPECT TIRES/TRACKS
INSPECT CYLINDERS
INSPECT UNDERCARRIAGE
INSPECT/CHANGE FINAL DRIVES
CHECK FAULT CODES
RESET SERVICE METER
",1288,NULL,40,NULL,47396,2694,ad8b4a3c-7b44-4d4b-bd28-b4efc2eaddfe
34701,51917,"2026-07-29 21:15:16",1,0,1,"1000 HR SERVICE (EXCAVATOR)",1000,NULL,NULL,NULL,NULL,NULL,NULL,1000,NULL,"SEE EQUIPMENT DETAILS - PARTS TAB OR WRITE IN PARTS USED:
","INCLUDES ALL 500 HR TASKS, PLUS:
REPLACE HYDRAULIC RETURN FILTER
REPLACE PILOT FILTER
INSPECT PUMPS
INSPECT SWING DRIVE
INSPECT ROLLERS
INSPECT IDLERS
INSPECT TRACK CHAINS
PERFORM DIAGNOSTIC SCAN
",1288,NULL,40,NULL,NULL,2585,e85de5a3-623c-4ae1-9f97-0688c03614fb
34753,51917,"2026-07-29 21:16:20",1,0,1,"2000 HR SERVICE (EXCAVATOR)",2000,NULL,NULL,NULL,NULL,NULL,NULL,NULL,NULL,"SEE EQUIPMENT DETAILS - PARTS TAB OR WRITE IN PARTS USED:
","INCLUDES ALL 1000 HR TASKS
SAMPLE HYDRAULIC OIL
REPLACE COOLANT
INSPECT MAIN PUMPS
INSPECT SWING GEARBOX
INSPECT TRAVEL GEARBOXES
HYDRAULIC PERFORMANCE TEST
",1288,NULL,40,NULL,NULL,2633,f333f327-96f4-468c-8a91-000fe68b9e50
34805,51917,"2026-07-29 21:17:28",1,0,1,"500 HR SERVICE (EXCAVATOR)",500,NULL,NULL,NULL,NULL,NULL,NULL,NULL,NULL,"SEE EQUIPMENT DETAILS - PARTS TAB OR WRITE IN PARTS USED:
","CHANGE ENGINE OIL
REPLACE ENGINE OIL FILTER
REPLACE FUEL FILTERS
REPLACE AIR FILTERS
CHECK ALL FLUIDS
GREASE BOOM PINS & BUSHINGS
GREASE STICK PINS
GREASE BUCKET PINS
GREASE SWING BEARING
INSPECT TIRES/TRACKS
INSPECT CYLINDERS
INSPECT UNDERCARRIAGE
INSPECT/CHANGE FINAL DRIVES
CHECK FAULT CODES
RESET SERVICE METER
",1288,NULL,40,NULL,NULL,2694,7627b25d-952d-4b50-8a5f-0c83a3a2672c
35915,51918,"2026-07-31 15:45:28",3,0,1,"CALIBRATION - (MASTER TAPE)  - 1825 DAY - REPLACE",NULL,1825,NULL,NULL,NULL,NULL,NULL,NULL,NULL,,"*NOTICE TO REPLACE MASTER TAPES AFTER 5-YEAR TO AVOID CALIBRATION PAPERWORK. ",1288,7,NULL,NULL,46958,2753,de0e6157-937e-46d0-9a49-6dc39b849086
34408,51920,"2026-07-27 02:58:24",1,0,1,"100 HR SERVICE (RR-KNUCKLE/GRAPPLE/BOOM/DUMP/CONCRETE TRUCK)",100,NULL,NULL,NULL,NULL,NULL,NULL,NULL,NULL,"SEE EQUIPMENT DETAILS - PARTS TAB OR WRITE IN PARTS USED:

","CHANGE ENGINE OIL & FILTER
CHANGE AIR FILTERS
REPLACE FUEL FILTERS
DRAIN WATER SEPARATOR
CHECK DEF LEVEL
CHECK COOLANT LEVEL
INSPECT BELTS
INSPECT AIR FILTER
CHECK BATTERIES
CHECK LIGHTS
CHECK BRAKES
CHECK TIRES
CHECK WHEEL TORQUE
INSPECT DRIVELINE
GREASE CHASSIS FITTINGS
CHECK ACTIVE FAULT CODES

",1288,NULL,20,NULL,47130,2570,4912b5ea-1a65-4026-bbd6-3646f1b41035
34414,51920,"2026-07-27 02:59:24",2,0,1,"6000 MI SERVICE (RR-KNUCKLE/GRAPPLE/BOOM/DUMP/CONCRETE TRUCK",NULL,NULL,6000,NULL,NULL,NULL,NULL,NULL,NULL,"SEE EQUIPMENT DETAILS - PARTS TAB OR WRITE IN PARTS USED:

","ENGINE & FLUIDS:
-CHECK ENGINE OIL LEVEL AND CONDITION
-CHANGE ENGINE OIL AND OIL FILTER
-CHECK COOLANT LEVEL AND CONDITION
-CHECK POWER STEERING FLUID
-CHECK TRANSMISSION FLUID LEVEL
-CHECK HYDRAULIC FLUID LEVEL
-CHECK DEF LEVEL AND INSPECT DEF SYSTEM
-DRAIN WATER SEPARATOR AND INSPECT FUEL SYSTEM

BRAKES:
-INSPECT BRAKE LININGS/PADS
-CHECK BRAKE DRUMS/ROTORS
-INSPECT SLACK ADJUSTERS
-CHECK BRAKE CHAMBERS AND HARDWARE
-VERIFY PARKING BRAKE OPERATION

TIRES & WHEELS:
-CHECK TIRE PRESSURE
-MEASURE TREAD DEPTH
-INSPECT FOR CUTS, PUNCTURES, AND UNEVEN WEAR
-CHECK WHEEL NUTS AND RIM CONDITION

STEERING & SUSPENSION:
-INSPECT STEERING LINKAGE
-CHECK KINGPINS AND TIE-ROD ENDS
-LUBRICATE GREASE FITTINGS
-INSPECT SPRINGS, BUSHINGS, SHOCKS, AND U-BOLTS

HYDRAULIC DUMP SYSTEM:
-INSPECT HYDRAULIC CYLINDER FOR LEAKS
-CHECK HOSES AND FITTINGS
-VERIFY DUMP BODY OPERATION
-INSPECT HOIST PIVOTS AND GREASE AS REQUIRED

ELECTRICAL SYSTEM:
-TEST LIGHTS AND SIGNALS
-INSPECT BATTERIES AND CONNECTIONS
-CHECK ALTERNATOR CHARGING VOLTAGE
-INSPECT WIRING FOR DAMAGE

GENERAL INSPECTION:
-CHECK MIRRORS, WINDSHIELD, AND WIPERS
-INSPECT SEAT BELTS
-CHECK HORN AND BACKUP ALARM
-INSPECT PTO OPERATION
-DOCUMENT DEFECTS AND REPAIRS",1288,NULL,NULL,200,47131,2749,beeb72fb-014d-4b54-bd10-3319ad18af44
34700,51924,"2026-07-29 21:15:16",1,0,1,"1000 HR SERVICE (EXCAVATOR)",1000,NULL,NULL,NULL,NULL,NULL,NULL,1000,NULL,"SEE EQUIPMENT DETAILS - PARTS TAB OR WRITE IN PARTS USED:
","INCLUDES ALL 500 HR TASKS, PLUS:
REPLACE HYDRAULIC RETURN FILTER
REPLACE PILOT FILTER
INSPECT PUMPS
INSPECT SWING DRIVE
INSPECT ROLLERS
INSPECT IDLERS
INSPECT TRACK CHAINS
PERFORM DIAGNOSTIC SCAN
",1288,NULL,40,NULL,47419,2585,794789c5-8cf2-4b55-8822-f800a44bdcd9
34752,51924,"2026-07-29 21:16:20",1,0,1,"2000 HR SERVICE (EXCAVATOR)",2000,NULL,NULL,NULL,NULL,NULL,NULL,NULL,NULL,"SEE EQUIPMENT DETAILS - PARTS TAB OR WRITE IN PARTS USED:
","INCLUDES ALL 1000 HR TASKS
SAMPLE HYDRAULIC OIL
REPLACE COOLANT
INSPECT MAIN PUMPS
INSPECT SWING GEARBOX
INSPECT TRAVEL GEARBOXES
HYDRAULIC PERFORMANCE TEST
",1288,NULL,40,NULL,47420,2633,9296b8f1-b4d7-44f6-a2d9-d0f77c98985e
34804,51924,"2026-07-29 21:17:28",1,0,1,"500 HR SERVICE (EXCAVATOR)",500,NULL,NULL,NULL,NULL,NULL,NULL,NULL,NULL,"SEE EQUIPMENT DETAILS - PARTS TAB OR WRITE IN PARTS USED:
","CHANGE ENGINE OIL
REPLACE ENGINE OIL FILTER
REPLACE FUEL FILTERS
REPLACE AIR FILTERS
CHECK ALL FLUIDS
GREASE BOOM PINS & BUSHINGS
GREASE STICK PINS
GREASE BUCKET PINS
GREASE SWING BEARING
INSPECT TIRES/TRACKS
INSPECT CYLINDERS
INSPECT UNDERCARRIAGE
INSPECT/CHANGE FINAL DRIVES
CHECK FAULT CODES
RESET SERVICE METER
",1288,NULL,40,NULL,47421,2694,e8b73218-cdef-4735-98aa-5f7df4356afa
34712,51927,"2026-07-29 21:15:26",1,0,1,"1000 HR SERVICE (EXCAVATOR)",1000,NULL,NULL,NULL,NULL,NULL,NULL,1000,NULL,"SEE EQUIPMENT DETAILS - PARTS TAB OR WRITE IN PARTS USED:
","INCLUDES ALL 500 HR TASKS, PLUS:
REPLACE HYDRAULIC RETURN FILTER
REPLACE PILOT FILTER
INSPECT PUMPS
INSPECT SWING DRIVE
INSPECT ROLLERS
INSPECT IDLERS
INSPECT TRACK CHAINS
PERFORM DIAGNOSTIC SCAN
",1288,NULL,40,NULL,47422,2585,ea8fa874-3a28-4d3b-b750-ae78984a75d5
34764,51927,"2026-07-29 21:16:29",1,0,1,"2000 HR SERVICE (EXCAVATOR)",2000,NULL,NULL,NULL,NULL,NULL,NULL,NULL,NULL,"SEE EQUIPMENT DETAILS - PARTS TAB OR WRITE IN PARTS USED:
","INCLUDES ALL 1000 HR TASKS
SAMPLE HYDRAULIC OIL
REPLACE COOLANT
INSPECT MAIN PUMPS
INSPECT SWING GEARBOX
INSPECT TRAVEL GEARBOXES
HYDRAULIC PERFORMANCE TEST
",1288,NULL,40,NULL,47424,2633,0d639c8a-90f6-4a7d-a27b-3e102c8bdd37
34816,51927,"2026-07-29 21:17:37",1,0,1,"500 HR SERVICE (EXCAVATOR)",500,NULL,NULL,NULL,NULL,NULL,NULL,NULL,NULL,"SEE EQUIPMENT DETAILS - PARTS TAB OR WRITE IN PARTS USED:
","CHANGE ENGINE OIL
REPLACE ENGINE OIL FILTER
REPLACE FUEL FILTERS
REPLACE AIR FILTERS
CHECK ALL FLUIDS
GREASE BOOM PINS & BUSHINGS
GREASE STICK PINS
GREASE BUCKET PINS
GREASE SWING BEARING
INSPECT TIRES/TRACKS
INSPECT CYLINDERS
INSPECT UNDERCARRIAGE
INSPECT/CHANGE FINAL DRIVES
CHECK FAULT CODES
RESET SERVICE METER
",1288,NULL,40,NULL,47423,2694,f3b53dee-e60a-45a9-8cbe-b9f4515bdb07
35896,51928,"2026-07-31 15:43:47",3,0,1,"CALIBRATION - (FLUKE METER) - 365 DAY",NULL,365,NULL,NULL,NULL,NULL,NULL,NULL,NULL,"
","365 DAY INTERVAL. SUBMIT WEVR PAPERWORK. WORK ORDER WILL NOT CLOSE UNLESS PAPERWORK IS CORRECT & SUBMITTED.",1288,7,NULL,NULL,46938,2752,946a1b26-04c8-4223-84a7-b186cb1249cc
34410,51930,"2026-07-27 02:58:26",1,0,1,"100 HR SERVICE (RR-KNUCKLE/GRAPPLE/BOOM/DUMP/CONCRETE TRUCK)",100,NULL,NULL,NULL,NULL,NULL,NULL,NULL,NULL,"SEE EQUIPMENT DETAILS - PARTS TAB OR WRITE IN PARTS USED:

","CHANGE ENGINE OIL & FILTER
CHANGE AIR FILTERS
REPLACE FUEL FILTERS
DRAIN WATER SEPARATOR
CHECK DEF LEVEL
CHECK COOLANT LEVEL
INSPECT BELTS
INSPECT AIR FILTER
CHECK BATTERIES
CHECK LIGHTS
CHECK BRAKES
CHECK TIRES
CHECK WHEEL TORQUE
INSPECT DRIVELINE
GREASE CHASSIS FITTINGS
CHECK ACTIVE FAULT CODES

",1288,NULL,20,NULL,47138,2570,7a5d44ae-fa9e-46ea-9ebe-fc594fbf994b
34416,51930,"2026-07-27 02:59:26",2,0,1,"6000 MI SERVICE (RR-KNUCKLE/GRAPPLE/BOOM/DUMP/CONCRETE TRUCK",NULL,NULL,6000,NULL,NULL,NULL,NULL,NULL,NULL,"SEE EQUIPMENT DETAILS - PARTS TAB OR WRITE IN PARTS USED:

","ENGINE & FLUIDS:
-CHECK ENGINE OIL LEVEL AND CONDITION
-CHANGE ENGINE OIL AND OIL FILTER
-CHECK COOLANT LEVEL AND CONDITION
-CHECK POWER STEERING FLUID
-CHECK TRANSMISSION FLUID LEVEL
-CHECK HYDRAULIC FLUID LEVEL
-CHECK DEF LEVEL AND INSPECT DEF SYSTEM
-DRAIN WATER SEPARATOR AND INSPECT FUEL SYSTEM

BRAKES:
-INSPECT BRAKE LININGS/PADS
-CHECK BRAKE DRUMS/ROTORS
-INSPECT SLACK ADJUSTERS
-CHECK BRAKE CHAMBERS AND HARDWARE
-VERIFY PARKING BRAKE OPERATION

TIRES & WHEELS:
-CHECK TIRE PRESSURE
-MEASURE TREAD DEPTH
-INSPECT FOR CUTS, PUNCTURES, AND UNEVEN WEAR
-CHECK WHEEL NUTS AND RIM CONDITION

STEERING & SUSPENSION:
-INSPECT STEERING LINKAGE
-CHECK KINGPINS AND TIE-ROD ENDS
-LUBRICATE GREASE FITTINGS
-INSPECT SPRINGS, BUSHINGS, SHOCKS, AND U-BOLTS

HYDRAULIC DUMP SYSTEM:
-INSPECT HYDRAULIC CYLINDER FOR LEAKS
-CHECK HOSES AND FITTINGS
-VERIFY DUMP BODY OPERATION
-INSPECT HOIST PIVOTS AND GREASE AS REQUIRED

ELECTRICAL SYSTEM:
-TEST LIGHTS AND SIGNALS
-INSPECT BATTERIES AND CONNECTIONS
-CHECK ALTERNATOR CHARGING VOLTAGE
-INSPECT WIRING FOR DAMAGE

GENERAL INSPECTION:
-CHECK MIRRORS, WINDSHIELD, AND WIPERS
-INSPECT SEAT BELTS
-CHECK HORN AND BACKUP ALARM
-INSPECT PTO OPERATION
-DOCUMENT DEFECTS AND REPAIRS",1288,NULL,NULL,200,48443,2749,4b54ede8-45fa-41ac-a44c-bb6f374cb320
35909,51931,"2026-07-31 15:45:24",3,0,1,"CALIBRATION - (MASTER TAPE)  - 1825 DAY - REPLACE",NULL,1825,NULL,NULL,NULL,NULL,NULL,NULL,NULL,,"*NOTICE TO REPLACE MASTER TAPES AFTER 5-YEAR TO AVOID CALIBRATION PAPERWORK. ",1288,7,NULL,NULL,46948,2753,45d09b45-28d8-4733-85d4-1aaf3627e290
34409,51933,"2026-07-27 02:58:25",1,0,1,"100 HR SERVICE (RR-KNUCKLE/GRAPPLE/BOOM/DUMP/CONCRETE TRUCK)",100,NULL,NULL,NULL,NULL,NULL,NULL,NULL,NULL,"SEE EQUIPMENT DETAILS - PARTS TAB OR WRITE IN PARTS USED:

","CHANGE ENGINE OIL & FILTER
CHANGE AIR FILTERS
REPLACE FUEL FILTERS
DRAIN WATER SEPARATOR
CHECK DEF LEVEL
CHECK COOLANT LEVEL
INSPECT BELTS
INSPECT AIR FILTER
CHECK BATTERIES
CHECK LIGHTS
CHECK BRAKES
CHECK TIRES
CHECK WHEEL TORQUE
INSPECT DRIVELINE
GREASE CHASSIS FITTINGS
CHECK ACTIVE FAULT CODES

",1288,NULL,20,NULL,47132,2570,c6bad49a-153d-4c74-88ec-bb5e763246b4
34415,51933,"2026-07-27 02:59:25",2,0,1,"6000 MI SERVICE (RR-KNUCKLE/GRAPPLE/BOOM/DUMP/CONCRETE TRUCK",NULL,NULL,6000,NULL,NULL,NULL,NULL,NULL,NULL,"SEE EQUIPMENT DETAILS - PARTS TAB OR WRITE IN PARTS USED:

","ENGINE & FLUIDS:
-CHECK ENGINE OIL LEVEL AND CONDITION
-CHANGE ENGINE OIL AND OIL FILTER
-CHECK COOLANT LEVEL AND CONDITION
-CHECK POWER STEERING FLUID
-CHECK TRANSMISSION FLUID LEVEL
-CHECK HYDRAULIC FLUID LEVEL
-CHECK DEF LEVEL AND INSPECT DEF SYSTEM
-DRAIN WATER SEPARATOR AND INSPECT FUEL SYSTEM

BRAKES:
-INSPECT BRAKE LININGS/PADS
-CHECK BRAKE DRUMS/ROTORS
-INSPECT SLACK ADJUSTERS
-CHECK BRAKE CHAMBERS AND HARDWARE
-VERIFY PARKING BRAKE OPERATION

TIRES & WHEELS:
-CHECK TIRE PRESSURE
-MEASURE TREAD DEPTH
-INSPECT FOR CUTS, PUNCTURES, AND UNEVEN WEAR
-CHECK WHEEL NUTS AND RIM CONDITION

STEERING & SUSPENSION:
-INSPECT STEERING LINKAGE
-CHECK KINGPINS AND TIE-ROD ENDS
-LUBRICATE GREASE FITTINGS
-INSPECT SPRINGS, BUSHINGS, SHOCKS, AND U-BOLTS

HYDRAULIC DUMP SYSTEM:
-INSPECT HYDRAULIC CYLINDER FOR LEAKS
-CHECK HOSES AND FITTINGS
-VERIFY DUMP BODY OPERATION
-INSPECT HOIST PIVOTS AND GREASE AS REQUIRED

ELECTRICAL SYSTEM:
-TEST LIGHTS AND SIGNALS
-INSPECT BATTERIES AND CONNECTIONS
-CHECK ALTERNATOR CHARGING VOLTAGE
-INSPECT WIRING FOR DAMAGE

GENERAL INSPECTION:
-CHECK MIRRORS, WINDSHIELD, AND WIPERS
-INSPECT SEAT BELTS
-CHECK HORN AND BACKUP ALARM
-INSPECT PTO OPERATION
-DOCUMENT DEFECTS AND REPAIRS",1288,NULL,NULL,200,48441,2749,3bedff8f-db3d-4b2e-b3ea-20bfc6eb4169
34697,51934,"2026-07-29 21:15:13",1,0,1,"1000 HR SERVICE (EXCAVATOR)",1000,NULL,NULL,NULL,NULL,NULL,NULL,1000,NULL,"SEE EQUIPMENT DETAILS - PARTS TAB OR WRITE IN PARTS USED:
","INCLUDES ALL 500 HR TASKS, PLUS:
REPLACE HYDRAULIC RETURN FILTER
REPLACE PILOT FILTER
INSPECT PUMPS
INSPECT SWING DRIVE
INSPECT ROLLERS
INSPECT IDLERS
INSPECT TRACK CHAINS
PERFORM DIAGNOSTIC SCAN
",1288,NULL,40,NULL,47407,2585,792ae18f-1c10-4e27-9e4a-6a7ddb2a6c03
34749,51934,"2026-07-29 21:16:17",1,0,1,"2000 HR SERVICE (EXCAVATOR)",2000,NULL,NULL,NULL,NULL,NULL,NULL,NULL,NULL,"SEE EQUIPMENT DETAILS - PARTS TAB OR WRITE IN PARTS USED:
","INCLUDES ALL 1000 HR TASKS
SAMPLE HYDRAULIC OIL
REPLACE COOLANT
INSPECT MAIN PUMPS
INSPECT SWING GEARBOX
INSPECT TRAVEL GEARBOXES
HYDRAULIC PERFORMANCE TEST
",1288,NULL,40,NULL,47408,2633,59de6511-6a6e-4bff-ae3a-453c104b95bc
34801,51934,"2026-07-29 21:17:24",1,0,1,"500 HR SERVICE (EXCAVATOR)",500,NULL,NULL,NULL,NULL,NULL,NULL,NULL,NULL,"SEE EQUIPMENT DETAILS - PARTS TAB OR WRITE IN PARTS USED:
","CHANGE ENGINE OIL
REPLACE ENGINE OIL FILTER
REPLACE FUEL FILTERS
REPLACE AIR FILTERS
CHECK ALL FLUIDS
GREASE BOOM PINS & BUSHINGS
GREASE STICK PINS
GREASE BUCKET PINS
GREASE SWING BEARING
INSPECT TIRES/TRACKS
INSPECT CYLINDERS
INSPECT UNDERCARRIAGE
INSPECT/CHANGE FINAL DRIVES
CHECK FAULT CODES
RESET SERVICE METER
",1288,NULL,40,NULL,47409,2694,0976dfe1-b247-4585-820f-9b8d245ce90b
34713,51935,"2026-07-29 21:15:27",1,0,1,"1000 HR SERVICE (EXCAVATOR)",1000,NULL,NULL,NULL,NULL,NULL,NULL,1000,NULL,"SEE EQUIPMENT DETAILS - PARTS TAB OR WRITE IN PARTS USED:
","INCLUDES ALL 500 HR TASKS, PLUS:
REPLACE HYDRAULIC RETURN FILTER
REPLACE PILOT FILTER
INSPECT PUMPS
INSPECT SWING DRIVE
INSPECT ROLLERS
INSPECT IDLERS
INSPECT TRACK CHAINS
PERFORM DIAGNOSTIC SCAN
",1288,NULL,40,NULL,47429,2585,692b73c8-0993-4773-a174-60d21339b3a3
34765,51935,"2026-07-29 21:16:30",1,0,1,"2000 HR SERVICE (EXCAVATOR)",2000,NULL,NULL,NULL,NULL,NULL,NULL,NULL,NULL,"SEE EQUIPMENT DETAILS - PARTS TAB OR WRITE IN PARTS USED:
","INCLUDES ALL 1000 HR TASKS
SAMPLE HYDRAULIC OIL
REPLACE COOLANT
INSPECT MAIN PUMPS
INSPECT SWING GEARBOX
INSPECT TRAVEL GEARBOXES
HYDRAULIC PERFORMANCE TEST
",1288,NULL,40,NULL,47430,2633,e9cb51b2-5d0a-4757-8eaf-a029523418aa
34817,51935,"2026-07-29 21:17:38",1,0,1,"500 HR SERVICE (EXCAVATOR)",500,NULL,NULL,NULL,NULL,NULL,NULL,NULL,NULL,"SEE EQUIPMENT DETAILS - PARTS TAB OR WRITE IN PARTS USED:
","CHANGE ENGINE OIL
REPLACE ENGINE OIL FILTER
REPLACE FUEL FILTERS
REPLACE AIR FILTERS
CHECK ALL FLUIDS
GREASE BOOM PINS & BUSHINGS
GREASE STICK PINS
GREASE BUCKET PINS
GREASE SWING BEARING
INSPECT TIRES/TRACKS
INSPECT CYLINDERS
INSPECT UNDERCARRIAGE
INSPECT/CHANGE FINAL DRIVES
CHECK FAULT CODES
RESET SERVICE METER
",1288,NULL,40,NULL,47428,2694,7fea6e7d-4763-4bd2-a233-b9c0a40942e5
34720,51939,"2026-07-29 21:15:33",1,0,1,"1000 HR SERVICE (EXCAVATOR)",1000,NULL,NULL,NULL,NULL,NULL,NULL,1000,NULL,"SEE EQUIPMENT DETAILS - PARTS TAB OR WRITE IN PARTS USED:
","INCLUDES ALL 500 HR TASKS, PLUS:
REPLACE HYDRAULIC RETURN FILTER
REPLACE PILOT FILTER
INSPECT PUMPS
INSPECT SWING DRIVE
INSPECT ROLLERS
INSPECT IDLERS
INSPECT TRACK CHAINS
PERFORM DIAGNOSTIC SCAN
",1288,NULL,40,NULL,47433,2585,53a0668c-6231-4f2e-9d31-5d28e7eb65fb
34772,51939,"2026-07-29 21:16:35",1,0,1,"2000 HR SERVICE (EXCAVATOR)",2000,NULL,NULL,NULL,NULL,NULL,NULL,NULL,NULL,"SEE EQUIPMENT DETAILS - PARTS TAB OR WRITE IN PARTS USED:
","INCLUDES ALL 1000 HR TASKS
SAMPLE HYDRAULIC OIL
REPLACE COOLANT
INSPECT MAIN PUMPS
INSPECT SWING GEARBOX
INSPECT TRAVEL GEARBOXES
HYDRAULIC PERFORMANCE TEST
",1288,NULL,40,NULL,47435,2633,da1e1ae9-72a4-40de-afdf-d3c393c17de7
34824,51939,"2026-07-29 21:17:43",1,0,1,"500 HR SERVICE (EXCAVATOR)",500,NULL,NULL,NULL,NULL,NULL,NULL,NULL,NULL,"SEE EQUIPMENT DETAILS - PARTS TAB OR WRITE IN PARTS USED:
","CHANGE ENGINE OIL
REPLACE ENGINE OIL FILTER
REPLACE FUEL FILTERS
REPLACE AIR FILTERS
CHECK ALL FLUIDS
GREASE BOOM PINS & BUSHINGS
GREASE STICK PINS
GREASE BUCKET PINS
GREASE SWING BEARING
INSPECT TIRES/TRACKS
INSPECT CYLINDERS
INSPECT UNDERCARRIAGE
INSPECT/CHANGE FINAL DRIVES
CHECK FAULT CODES
RESET SERVICE METER
",1288,NULL,40,NULL,47434,2694,40d85d0a-8200-4b5d-b3a5-a1c01580cb79
36682,51941,"2026-07-31 18:30:53",2,0,1,"20000 MI SERVICE (FLATBED TRUCK)",NULL,NULL,20000,NULL,NULL,NULL,NULL,NULL,NULL,"SEE EQUIPMENT DETAILS - PARTS TAB OR WRITE IN PARTS USED:

","INCLUDES ALL 6,000 MI SERVICE ITEMS, PLUS:

ENGINE MAINTENANCE:
-CHANGE ENGINE OIL AND FILTER
-REPLACE FUEL FILTERS (PRIMARY AND SECONDARY IF REQUIRED)
-INSPECT SERPENTINE BELTS AND TENSIONERS
-INSPECT COOLING SYSTEM HOSES AND CLAMPS
-CHECK ENGINE MOUNTS

AIR INTAKE SYSTEM:
-INSPECT AIR CLEANER RESTRICTION INDICATOR
-INSPECT AIR FILTER AND REPLACE IF NEEDED
-CHECK TURBOCHARGER CONNECTIONS

DRIVELINE:
-INSPECT DRIVESHAFT
-LUBRICATE U-JOINTS
-INSPECT CARRIER BEARINGS
-CHECK DIFFERENTIAL FLUID LEVELS

TRANSMISSION:
-INSPECT TRANSMISSION FOR LEAKS
-CHECK TRANSMISSION FLUID CONDITION/CHANGE FILTER
-INSPECT PTO AND PTO MOUNTS

AXLES & HUBS:
-CHECK AXLE OIL LEVELS
-INSPECT WHEEL SEALS FOR LEAKS
-CHECK HUB OIL LEVELS

BRAKE SYSTEM:
-MEASURE BRAKE LINING THICKNESS
-INSPECT ABS SENSORS AND WIRING
-CHECK BRAKE ADJUSTMENT
-INSPECT FOUNDATION BRAKE COMPONENTS

SUSPENSION:
-TORQUE-CHECK SUSPENSION COMPONENTS
-INSPECT SPRING HANGERS
-CHECK TORQUE RODS AND BUSHINGS
-INSPECT AIR BAGS (IF EQUIPPED)

HYDRAULIC SYSTEM:
-CHECK HYDRAULIC TANK BREATHER
-INSPECT HYDRAULIC FILTER CONDITION/SAMPLE FLUID
-VERIFY HYDRAULIC PRESSURE AND OPERATION

FRAME & BODY:
-INSPECT FRAME RAILS FOR CRACKS
-CHECK CROSS MEMBERS
-CHECK TAILGATE OPERATION AND HARDWARE

SAFETY INSPECTION:
-VERIFY REFLECTIVE TAPE CONDITION
-TEST BACKUP CAMERA (IF EQUIPPED)
",1288,NULL,NULL,200,47135,2670,5ba11787-04d2-4335-a417-883db18287d3
36690,51941,"2026-07-31 18:31:27",2,0,1,"6000 MI SERVICE (FLATBED TRUCK)",NULL,NULL,6000,NULL,NULL,NULL,NULL,NULL,NULL,"SEE EQUIPMENT DETAILS - PARTS TAB OR WRITE IN PARTS USED:

","ENGINE & FLUIDS:
-CHANGE ENGINE OIL AND OIL FILTER
-CHECK COOLANT LEVEL AND CONDITION
-CHECK POWER STEERING FLUID
-CHECK TRANSMISSION FLUID LEVEL/FILTER
-CHECK HYDRAULIC FLUID LEVEL
-CHECK DEF LEVEL AND INSPECT DEF SYSTEM
-DRAIN WATER SEPARATOR AND INSPECT FUEL SYSTEM

AIR:
-INSPECT AIR FILTERS AND REPLACE IF NEEDED

BRAKES:
-INSPECT BRAKE LININGS/PADS
-CHECK BRAKE DRUMS/ROTORS
-INSPECT SLACK ADJUSTERS
-CHECK BRAKE CHAMBERS AND HARDWARE
-VERIFY PARKING BRAKE OPERATION

TIRES & WHEELS:
-CHECK TIRE PRESSURE
-MEASURE TREAD DEPTH
-INSPECT FOR CUTS, PUNCTURES, AND UNEVEN WEAR
-CHECK WHEEL NUTS AND RIM CONDITION

STEERING & SUSPENSION:
-INSPECT STEERING LINKAGE
-CHECK KINGPINS AND TIE-ROD ENDS
-LUBRICATE GREASE FITTINGS
-INSPECT SPRINGS, BUSHINGS, SHOCKS, AND U-BOLTS

ELECTRICAL SYSTEM:
-TEST LIGHTS AND SIGNALS
-INSPECT BATTERIES AND CONNECTIONS
-CHECK ALTERNATOR CHARGING VOLTAGE
-INSPECT WIRING FOR DAMAGE

GENERAL INSPECTION:
-CHECK MIRRORS, WINDSHIELD, AND WIPERS
-INSPECT SEAT BELTS
-CHECK HORN AND BACKUP ALARM
-INSPECT PTO OPERATION
-DOCUMENT DEFECTS AND REPAIRS
",1288,NULL,NULL,200,47134,2743,710c38c8-fbb1-4314-9d8a-f3c469607c19
35912,51942,"2026-07-31 15:45:27",3,0,1,"CALIBRATION - (MASTER TAPE)  - 1825 DAY - REPLACE",NULL,1825,NULL,NULL,NULL,NULL,NULL,NULL,NULL,,"*NOTICE TO REPLACE MASTER TAPES AFTER 5-YEAR TO AVOID CALIBRATION PAPERWORK. ",1288,7,NULL,NULL,46955,2753,a15c60de-4185-498f-bf79-6fc47d29b600
35910,51945,"2026-07-31 15:45:25",3,0,1,"CALIBRATION - (MASTER TAPE)  - 1825 DAY - REPLACE",NULL,1825,NULL,NULL,NULL,NULL,NULL,NULL,NULL,,"*NOTICE TO REPLACE MASTER TAPES AFTER 5-YEAR TO AVOID CALIBRATION PAPERWORK. ",1288,7,NULL,NULL,46947,2753,dc638a9c-ed39-4fab-88b3-2e432f804a98
34915,51948,"2026-07-30 14:45:57",1,0,1,"1000 HR SERVICE (HAUL TRUCK)",1000,NULL,NULL,NULL,NULL,NULL,NULL,NULL,NULL,"SEE EQUIPMENT DETAILS - PARTS TAB OR WRITE IN PARTS USED:
","INCLUDES ALL 500 HR TASKS
REPLACE HYDRAULIC RETURN FILTER
REPLACE TRANSMISSION FILTER
INSPECT DRIVELINES
INSPECT AXLES
INSPECT DIFFERENTIALS
INSPECT SUSPENSION
CHECK SERVICE BRAKES
CHECK PARKING BRAKE
PERFORM DIAGNOSTIC SCAN
",1288,NULL,40,NULL,47146,2595,c6e52a13-2476-46ad-934f-1a63bbc935ca
34919,51948,"2026-07-30 14:46:13",1,0,1,"2000 HR SERVICE (HAUL TRUCK)",2000,NULL,NULL,NULL,NULL,NULL,NULL,NULL,NULL,"SEE EQUIPMENT DETAILS - PARTS TAB OR WRITE IN PARTS USED:
","INCLUDES ALL 1000 HR TASKS
SAMPLE HYDRAULIC OIL
REPLACE COOLANT
INSPECT TRANSMISSION
INSPECT DIFFERENTIALS
INSPECT FINAL DRIVES
INSPECT TURBOCHARGER
ENGINE PERFORMANCE TEST
HYDRAULIC PERFORMANCE TEST
BRAKE PERFORMANCE TEST
",1288,NULL,40,NULL,47147,2643,b65a79f5-dc33-4ecb-99f8-38b1cd1c4a48
34923,51948,"2026-07-30 14:46:32",1,0,1,"500 HR SERVICE (HAUL TRUCK)",500,NULL,NULL,NULL,NULL,NULL,NULL,NULL,NULL,"SEE EQUIPMENT DETAILS - PARTS TAB OR WRITE IN PARTS USED:","CHANGE ENGINE OIL
REPLACE ENGINE OIL FILTER
REPLACE FUEL FILTERS
DRAIN WATER SEPARATOR
INSPECT AIR FILTER
CHECK COOLANT LEVEL
CHECK BATTERY
INSPECT FRAME
INSPECT BODY PINS
INSPECT HOIST CYLINDERS
INSPECT STEERING CYLINDERS
INSPECT HYDRAULIC HOSES
CHECK TIRE CONDITION
CHECK TIRE PRESSURES
GREASE CHASSIS FITTINGS
CHECK FAULT CODES
OPERATIONAL TEST
",1288,NULL,40,NULL,47145,2706,6bac90f0-9d35-4ca6-9ece-8e61a1c939ae
35331,51949,"2026-07-30 19:12:19",1,0,1,"1000 HR SERVICE (SKIDSTEER)",1000,NULL,NULL,NULL,NULL,NULL,NULL,NULL,NULL,"SEE EQUIPMENT DETAILS - PARTS TAB OR WRITE IN PARTS USED:","PERFORM ALL 500 HR TASKS
REPLACE HYDRAULIC RETURN FILTER
REPLACE CASE DRAIN FILTER
INSPECT LOADER LINKAGE
INSPECT CYLINDERS
INSPECT UNDERCARRIAGE WEAR
CHECK HYDRAULIC PRESSURES
PERFORM DIAGNOSTIC SCAN
",1288,NULL,40,NULL,47439,2613,4e41ac69-41ae-479c-b726-754581555ce0
35366,51949,"2026-07-30 19:13:10",1,0,1,"2000 HR SERVICE (SKIDSTEER)",2000,NULL,NULL,NULL,NULL,NULL,NULL,NULL,NULL,"SEE EQUIPMENT DETAILS - PARTS TAB OR WRITE IN PARTS USED:","PERFORM ALL 1000 HR TASKS
SAMPLE HYDRAULIC OIL
REPLACE COOLANT
INSPECT HYDRAULIC PUMPS
INSPECT FINAL DRIVES
INSPECT TURBOCHARGER
",1288,NULL,40,NULL,47440,2657,91ea91b3-fcfb-4d19-ab5c-f7d4a90e3019
35401,51949,"2026-07-30 19:14:02",1,0,1,"500 HR SERVICE (SKIDSTEER)",500,NULL,NULL,NULL,NULL,NULL,NULL,NULL,NULL,"SEE EQUIPMENT DETAILS - PARTS TAB OR WRITE IN FILTERS USED:","CHANGE ENGINE OIL
REPLACE ENGINE OIL FILTER
REPLACE FUEL FILTERS
DRAIN WATER SEPARATOR
CHECK TRACK TENSION
INSPECT SPROCKETS
INSPECT IDLERS
INSPECT DRIVE MOTORS
INSPECT HYDRAULIC HOSES
GREASE ALL PIVOTS
CHECK FAULT CODES

",1288,NULL,40,NULL,47441,2725,cc9bc29c-55c3-4d83-a503-fabb37c78763
34721,51950,"2026-07-29 21:15:33",1,0,1,"1000 HR SERVICE (EXCAVATOR)",1000,NULL,NULL,NULL,NULL,NULL,NULL,1000,NULL,"SEE EQUIPMENT DETAILS - PARTS TAB OR WRITE IN PARTS USED:
","INCLUDES ALL 500 HR TASKS, PLUS:
REPLACE HYDRAULIC RETURN FILTER
REPLACE PILOT FILTER
INSPECT PUMPS
INSPECT SWING DRIVE
INSPECT ROLLERS
INSPECT IDLERS
INSPECT TRACK CHAINS
PERFORM DIAGNOSTIC SCAN
",1288,NULL,40,NULL,47448,2585,7c36aa13-b23b-4f76-926f-654da13f3293
34773,51950,"2026-07-29 21:16:36",1,0,1,"2000 HR SERVICE (EXCAVATOR)",2000,NULL,NULL,NULL,NULL,NULL,NULL,NULL,NULL,"SEE EQUIPMENT DETAILS - PARTS TAB OR WRITE IN PARTS USED:
","INCLUDES ALL 1000 HR TASKS
SAMPLE HYDRAULIC OIL
REPLACE COOLANT
INSPECT MAIN PUMPS
INSPECT SWING GEARBOX
INSPECT TRAVEL GEARBOXES
HYDRAULIC PERFORMANCE TEST
",1288,NULL,40,NULL,47449,2633,1f3fb52c-09d8-48bc-9af1-04227c57ed8d
34825,51950,"2026-07-29 21:17:43",1,0,1,"500 HR SERVICE (EXCAVATOR)",500,NULL,NULL,NULL,NULL,NULL,NULL,NULL,NULL,"SEE EQUIPMENT DETAILS - PARTS TAB OR WRITE IN PARTS USED:
","CHANGE ENGINE OIL
REPLACE ENGINE OIL FILTER
REPLACE FUEL FILTERS
REPLACE AIR FILTERS
CHECK ALL FLUIDS
GREASE BOOM PINS & BUSHINGS
GREASE STICK PINS
GREASE BUCKET PINS
GREASE SWING BEARING
INSPECT TIRES/TRACKS
INSPECT CYLINDERS
INSPECT UNDERCARRIAGE
INSPECT/CHANGE FINAL DRIVES
CHECK FAULT CODES
RESET SERVICE METER
",1288,NULL,40,NULL,47450,2694,02631b09-7ef1-419f-aa3e-777035163348
35907,51951,"2026-07-31 15:45:23",3,0,1,"CALIBRATION - (MASTER TAPE)  - 1825 DAY - REPLACE",NULL,1825,NULL,NULL,NULL,NULL,NULL,NULL,NULL,,"*NOTICE TO REPLACE MASTER TAPES AFTER 5-YEAR TO AVOID CALIBRATION PAPERWORK. ",1288,7,NULL,NULL,46944,2753,39f005a2-9890-4a91-ab2a-8312b30379c6
35948,51952,"2026-07-31 15:48:39",2,0,1,"6000 MI SERVICE (MECHANIC)",NULL,NULL,6000,NULL,NULL,NULL,NULL,NULL,NULL,"SEE EQUIPMENT DETAILS - PARTS TAB OR WRITE IN PARTS USED:

","ENGINE & FLUIDS:
-CHANGE ENGINE OIL AND OIL FILTER
-CHECK COOLANT LEVEL AND CONDITION
-CHECK POWER STEERING FLUID
-CHECK TRANSMISSION FLUID LEVEL/FILTER
-CHECK HYDRAULIC FLUID LEVEL
-CHECK DEF LEVEL AND INSPECT DEF SYSTEM
-DRAIN WATER SEPARATOR AND INSPECT FUEL SYSTEM

AIR:
-INSPECT AIR FILTERS AND REPLACE IF NEEDED

BRAKES:
-INSPECT BRAKE LININGS/PADS
-CHECK BRAKE DRUMS/ROTORS
-INSPECT SLACK ADJUSTERS
-CHECK BRAKE CHAMBERS AND HARDWARE
-VERIFY PARKING BRAKE OPERATION

TIRES & WHEELS:
-CHECK TIRE PRESSURE
-MEASURE TREAD DEPTH
-INSPECT FOR CUTS, PUNCTURES, AND UNEVEN WEAR
-CHECK WHEEL NUTS AND RIM CONDITION

STEERING & SUSPENSION:
-INSPECT STEERING LINKAGE
-CHECK KINGPINS AND TIE-ROD ENDS
-LUBRICATE GREASE FITTINGS
-INSPECT SPRINGS, BUSHINGS, SHOCKS, AND U-BOLTS

ELECTRICAL SYSTEM:
-TEST LIGHTS AND SIGNALS
-INSPECT BATTERIES AND CONNECTIONS
-CHECK ALTERNATOR CHARGING VOLTAGE
-INSPECT WIRING FOR DAMAGE

GENERAL INSPECTION:
-CHECK MIRRORS, WINDSHIELD, AND WIPERS
-INSPECT SEAT BELTS
-CHECK HORN AND BACKUP ALARM
-INSPECT PTO OPERATION
-DOCUMENT DEFECTS AND REPAIRS
",1288,NULL,NULL,200,NULL,2745,d24c465e-7e32-4af2-91da-ff45c444f76a
35959,51952,"2026-07-31 15:49:29",2,0,1,"20000 MI SERVICE (MECHANIC)",NULL,NULL,20000,NULL,NULL,NULL,NULL,NULL,NULL,"SEE EQUIPMENT DETAILS - PARTS TAB OR WRITE IN PARTS USED:

","INCLUDES ALL 6,000 MI SERVICE ITEMS, PLUS:

ENGINE MAINTENANCE:
-CHANGE ENGINE OIL AND FILTER
-REPLACE FUEL FILTERS (PRIMARY AND SECONDARY IF REQUIRED)
-INSPECT SERPENTINE BELTS AND TENSIONERS
-INSPECT COOLING SYSTEM HOSES AND CLAMPS
-CHECK ENGINE MOUNTS

AIR INTAKE SYSTEM:
-INSPECT AIR CLEANER RESTRICTION INDICATOR
-INSPECT AIR FILTER AND REPLACE IF NEEDED
-CHECK TURBOCHARGER CONNECTIONS

DRIVELINE:
-INSPECT DRIVESHAFT
-LUBRICATE U-JOINTS
-INSPECT CARRIER BEARINGS
-CHECK DIFFERENTIAL FLUID LEVELS

TRANSMISSION:
-INSPECT TRANSMISSION FOR LEAKS
-CHECK TRANSMISSION FLUID CONDITION/CHANGE FILTER
-INSPECT PTO AND PTO MOUNTS

AXLES & HUBS:
-CHECK AXLE OIL LEVELS
-INSPECT WHEEL SEALS FOR LEAKS
-CHECK HUB OIL LEVELS

BRAKE SYSTEM:
-MEASURE BRAKE LINING THICKNESS
-INSPECT ABS SENSORS AND WIRING
-CHECK BRAKE ADJUSTMENT
-INSPECT FOUNDATION BRAKE COMPONENTS

SUSPENSION:
-TORQUE-CHECK SUSPENSION COMPONENTS
-INSPECT SPRING HANGERS
-CHECK TORQUE RODS AND BUSHINGS
-INSPECT AIR BAGS (IF EQUIPPED)

HYDRAULIC SYSTEM:
-CHECK HYDRAULIC TANK BREATHER
-INSPECT HYDRAULIC FILTER CONDITION/SAMPLE FLUID
-VERIFY HYDRAULIC PRESSURE AND OPERATION

FRAME & BODY:
-INSPECT FRAME RAILS FOR CRACKS
-CHECK CROSS MEMBERS
-CHECK TAILGATE OPERATION AND HARDWARE

SAFETY INSPECTION:
-VERIFY REFLECTIVE TAPE CONDITION
-TEST BACKUP CAMERA (IF EQUIPPED)
",1288,NULL,NULL,200,NULL,2672,0742bdaa-8983-44c7-8d8f-eb5a78b3b574
34729,51956,"2026-07-29 21:15:41",1,0,1,"1000 HR SERVICE (EXCAVATOR)",1000,NULL,NULL,NULL,NULL,NULL,NULL,1000,NULL,"SEE EQUIPMENT DETAILS - PARTS TAB OR WRITE IN PARTS USED:
","INCLUDES ALL 500 HR TASKS, PLUS:
REPLACE HYDRAULIC RETURN FILTER
REPLACE PILOT FILTER
INSPECT PUMPS
INSPECT SWING DRIVE
INSPECT ROLLERS
INSPECT IDLERS
INSPECT TRACK CHAINS
PERFORM DIAGNOSTIC SCAN
",1288,NULL,40,NULL,47451,2585,39a58926-e74f-478f-b486-b845a556511f
34781,51956,"2026-07-29 21:16:41",1,0,1,"2000 HR SERVICE (EXCAVATOR)",2000,NULL,NULL,NULL,NULL,NULL,NULL,NULL,NULL,"SEE EQUIPMENT DETAILS - PARTS TAB OR WRITE IN PARTS USED:
","INCLUDES ALL 1000 HR TASKS
SAMPLE HYDRAULIC OIL
REPLACE COOLANT
INSPECT MAIN PUMPS
INSPECT SWING GEARBOX
INSPECT TRAVEL GEARBOXES
HYDRAULIC PERFORMANCE TEST
",1288,NULL,40,NULL,47453,2633,7354eb22-9564-4c01-b931-8ae101365219
34833,51956,"2026-07-29 21:17:50",1,0,1,"500 HR SERVICE (EXCAVATOR)",500,NULL,NULL,NULL,NULL,NULL,NULL,NULL,NULL,"SEE EQUIPMENT DETAILS - PARTS TAB OR WRITE IN PARTS USED:
","CHANGE ENGINE OIL
REPLACE ENGINE OIL FILTER
REPLACE FUEL FILTERS
REPLACE AIR FILTERS
CHECK ALL FLUIDS
GREASE BOOM PINS & BUSHINGS
GREASE STICK PINS
GREASE BUCKET PINS
GREASE SWING BEARING
INSPECT TIRES/TRACKS
INSPECT CYLINDERS
INSPECT UNDERCARRIAGE
INSPECT/CHANGE FINAL DRIVES
CHECK FAULT CODES
RESET SERVICE METER
",1288,NULL,40,NULL,47452,2694,168d94ac-b86c-4add-bac7-c082ccb9e6e4
34914,51960,"2026-07-30 14:45:57",1,0,1,"1000 HR SERVICE (HAUL TRUCK)",1000,NULL,NULL,NULL,NULL,NULL,NULL,NULL,NULL,"SEE EQUIPMENT DETAILS - PARTS TAB OR WRITE IN PARTS USED:
","INCLUDES ALL 500 HR TASKS
REPLACE HYDRAULIC RETURN FILTER
REPLACE TRANSMISSION FILTER
INSPECT DRIVELINES
INSPECT AXLES
INSPECT DIFFERENTIALS
INSPECT SUSPENSION
CHECK SERVICE BRAKES
CHECK PARKING BRAKE
PERFORM DIAGNOSTIC SCAN
",1288,NULL,40,NULL,47142,2595,bbaa8451-e92d-46d0-84d2-abb8201873ce
34918,51960,"2026-07-30 14:46:12",1,0,1,"2000 HR SERVICE (HAUL TRUCK)",2000,NULL,NULL,NULL,NULL,NULL,NULL,NULL,NULL,"SEE EQUIPMENT DETAILS - PARTS TAB OR WRITE IN PARTS USED:
","INCLUDES ALL 1000 HR TASKS
SAMPLE HYDRAULIC OIL
REPLACE COOLANT
INSPECT TRANSMISSION
INSPECT DIFFERENTIALS
INSPECT FINAL DRIVES
INSPECT TURBOCHARGER
ENGINE PERFORMANCE TEST
HYDRAULIC PERFORMANCE TEST
BRAKE PERFORMANCE TEST
",1288,NULL,40,NULL,47143,2643,71f6f3be-2e01-4aea-9576-050085ce45a6
34922,51960,"2026-07-30 14:46:31",1,0,1,"500 HR SERVICE (HAUL TRUCK)",500,NULL,NULL,NULL,NULL,NULL,NULL,NULL,NULL,"SEE EQUIPMENT DETAILS - PARTS TAB OR WRITE IN PARTS USED:","CHANGE ENGINE OIL
REPLACE ENGINE OIL FILTER
REPLACE FUEL FILTERS
DRAIN WATER SEPARATOR
INSPECT AIR FILTER
CHECK COOLANT LEVEL
CHECK BATTERY
INSPECT FRAME
INSPECT BODY PINS
INSPECT HOIST CYLINDERS
INSPECT STEERING CYLINDERS
INSPECT HYDRAULIC HOSES
CHECK TIRE CONDITION
CHECK TIRE PRESSURES
GREASE CHASSIS FITTINGS
CHECK FAULT CODES
OPERATIONAL TEST
",1288,NULL,40,NULL,47144,2706,0081cb29-c769-4aad-894e-4e8217b52c94
35897,51961,"2026-07-31 15:43:47",3,0,1,"CALIBRATION - (FLUKE METER) - 365 DAY",NULL,365,NULL,NULL,NULL,NULL,NULL,NULL,NULL,"
","365 DAY INTERVAL. SUBMIT WEVR PAPERWORK. WORK ORDER WILL NOT CLOSE UNLESS PAPERWORK IS CORRECT & SUBMITTED.",1288,7,NULL,NULL,46939,2752,9ee852e0-6543-499c-be78-7d5952b83e0c
36686,51962,"2026-07-31 18:30:56",2,0,1,"20000 MI SERVICE (FLATBED TRUCK)",NULL,NULL,20000,NULL,NULL,NULL,NULL,NULL,NULL,"SEE EQUIPMENT DETAILS - PARTS TAB OR WRITE IN PARTS USED:

","INCLUDES ALL 6,000 MI SERVICE ITEMS, PLUS:

ENGINE MAINTENANCE:
-CHANGE ENGINE OIL AND FILTER
-REPLACE FUEL FILTERS (PRIMARY AND SECONDARY IF REQUIRED)
-INSPECT SERPENTINE BELTS AND TENSIONERS
-INSPECT COOLING SYSTEM HOSES AND CLAMPS
-CHECK ENGINE MOUNTS

AIR INTAKE SYSTEM:
-INSPECT AIR CLEANER RESTRICTION INDICATOR
-INSPECT AIR FILTER AND REPLACE IF NEEDED
-CHECK TURBOCHARGER CONNECTIONS

DRIVELINE:
-INSPECT DRIVESHAFT
-LUBRICATE U-JOINTS
-INSPECT CARRIER BEARINGS
-CHECK DIFFERENTIAL FLUID LEVELS

TRANSMISSION:
-INSPECT TRANSMISSION FOR LEAKS
-CHECK TRANSMISSION FLUID CONDITION/CHANGE FILTER
-INSPECT PTO AND PTO MOUNTS

AXLES & HUBS:
-CHECK AXLE OIL LEVELS
-INSPECT WHEEL SEALS FOR LEAKS
-CHECK HUB OIL LEVELS

BRAKE SYSTEM:
-MEASURE BRAKE LINING THICKNESS
-INSPECT ABS SENSORS AND WIRING
-CHECK BRAKE ADJUSTMENT
-INSPECT FOUNDATION BRAKE COMPONENTS

SUSPENSION:
-TORQUE-CHECK SUSPENSION COMPONENTS
-INSPECT SPRING HANGERS
-CHECK TORQUE RODS AND BUSHINGS
-INSPECT AIR BAGS (IF EQUIPPED)

HYDRAULIC SYSTEM:
-CHECK HYDRAULIC TANK BREATHER
-INSPECT HYDRAULIC FILTER CONDITION/SAMPLE FLUID
-VERIFY HYDRAULIC PRESSURE AND OPERATION

FRAME & BODY:
-INSPECT FRAME RAILS FOR CRACKS
-CHECK CROSS MEMBERS
-CHECK TAILGATE OPERATION AND HARDWARE

SAFETY INSPECTION:
-VERIFY REFLECTIVE TAPE CONDITION
-TEST BACKUP CAMERA (IF EQUIPPED)
",1288,NULL,NULL,200,47150,2670,45bb2eb4-7cf5-4e64-adc5-c8adcbd43431
36694,51962,"2026-07-31 18:31:29",2,0,1,"6000 MI SERVICE (FLATBED TRUCK)",NULL,NULL,6000,NULL,NULL,NULL,NULL,NULL,NULL,"SEE EQUIPMENT DETAILS - PARTS TAB OR WRITE IN PARTS USED:

","ENGINE & FLUIDS:
-CHANGE ENGINE OIL AND OIL FILTER
-CHECK COOLANT LEVEL AND CONDITION
-CHECK POWER STEERING FLUID
-CHECK TRANSMISSION FLUID LEVEL/FILTER
-CHECK HYDRAULIC FLUID LEVEL
-CHECK DEF LEVEL AND INSPECT DEF SYSTEM
-DRAIN WATER SEPARATOR AND INSPECT FUEL SYSTEM

AIR:
-INSPECT AIR FILTERS AND REPLACE IF NEEDED

BRAKES:
-INSPECT BRAKE LININGS/PADS
-CHECK BRAKE DRUMS/ROTORS
-INSPECT SLACK ADJUSTERS
-CHECK BRAKE CHAMBERS AND HARDWARE
-VERIFY PARKING BRAKE OPERATION

TIRES & WHEELS:
-CHECK TIRE PRESSURE
-MEASURE TREAD DEPTH
-INSPECT FOR CUTS, PUNCTURES, AND UNEVEN WEAR
-CHECK WHEEL NUTS AND RIM CONDITION

STEERING & SUSPENSION:
-INSPECT STEERING LINKAGE
-CHECK KINGPINS AND TIE-ROD ENDS
-LUBRICATE GREASE FITTINGS
-INSPECT SPRINGS, BUSHINGS, SHOCKS, AND U-BOLTS

ELECTRICAL SYSTEM:
-TEST LIGHTS AND SIGNALS
-INSPECT BATTERIES AND CONNECTIONS
-CHECK ALTERNATOR CHARGING VOLTAGE
-INSPECT WIRING FOR DAMAGE

GENERAL INSPECTION:
-CHECK MIRRORS, WINDSHIELD, AND WIPERS
-INSPECT SEAT BELTS
-CHECK HORN AND BACKUP ALARM
-INSPECT PTO OPERATION
-DOCUMENT DEFECTS AND REPAIRS
",1288,NULL,NULL,200,47151,2743,eb9ff6fe-c8eb-421f-92d5-031612e3c69e
36683,51963,"2026-07-31 18:30:54",2,0,1,"20000 MI SERVICE (FLATBED TRUCK)",NULL,NULL,20000,NULL,NULL,NULL,NULL,NULL,NULL,"SEE EQUIPMENT DETAILS - PARTS TAB OR WRITE IN PARTS USED:

","INCLUDES ALL 6,000 MI SERVICE ITEMS, PLUS:

ENGINE MAINTENANCE:
-CHANGE ENGINE OIL AND FILTER
-REPLACE FUEL FILTERS (PRIMARY AND SECONDARY IF REQUIRED)
-INSPECT SERPENTINE BELTS AND TENSIONERS
-INSPECT COOLING SYSTEM HOSES AND CLAMPS
-CHECK ENGINE MOUNTS

AIR INTAKE SYSTEM:
-INSPECT AIR CLEANER RESTRICTION INDICATOR
-INSPECT AIR FILTER AND REPLACE IF NEEDED
-CHECK TURBOCHARGER CONNECTIONS

DRIVELINE:
-INSPECT DRIVESHAFT
-LUBRICATE U-JOINTS
-INSPECT CARRIER BEARINGS
-CHECK DIFFERENTIAL FLUID LEVELS

TRANSMISSION:
-INSPECT TRANSMISSION FOR LEAKS
-CHECK TRANSMISSION FLUID CONDITION/CHANGE FILTER
-INSPECT PTO AND PTO MOUNTS

AXLES & HUBS:
-CHECK AXLE OIL LEVELS
-INSPECT WHEEL SEALS FOR LEAKS
-CHECK HUB OIL LEVELS

BRAKE SYSTEM:
-MEASURE BRAKE LINING THICKNESS
-INSPECT ABS SENSORS AND WIRING
-CHECK BRAKE ADJUSTMENT
-INSPECT FOUNDATION BRAKE COMPONENTS

SUSPENSION:
-TORQUE-CHECK SUSPENSION COMPONENTS
-INSPECT SPRING HANGERS
-CHECK TORQUE RODS AND BUSHINGS
-INSPECT AIR BAGS (IF EQUIPPED)

HYDRAULIC SYSTEM:
-CHECK HYDRAULIC TANK BREATHER
-INSPECT HYDRAULIC FILTER CONDITION/SAMPLE FLUID
-VERIFY HYDRAULIC PRESSURE AND OPERATION

FRAME & BODY:
-INSPECT FRAME RAILS FOR CRACKS
-CHECK CROSS MEMBERS
-CHECK TAILGATE OPERATION AND HARDWARE

SAFETY INSPECTION:
-VERIFY REFLECTIVE TAPE CONDITION
-TEST BACKUP CAMERA (IF EQUIPPED)
",1288,NULL,NULL,200,47137,2670,84425e74-e1c4-4f1a-b026-ea46f55dd66d
36691,51963,"2026-07-31 18:31:27",2,0,1,"6000 MI SERVICE (FLATBED TRUCK)",NULL,NULL,6000,NULL,NULL,NULL,NULL,NULL,NULL,"SEE EQUIPMENT DETAILS - PARTS TAB OR WRITE IN PARTS USED:

","ENGINE & FLUIDS:
-CHANGE ENGINE OIL AND OIL FILTER
-CHECK COOLANT LEVEL AND CONDITION
-CHECK POWER STEERING FLUID
-CHECK TRANSMISSION FLUID LEVEL/FILTER
-CHECK HYDRAULIC FLUID LEVEL
-CHECK DEF LEVEL AND INSPECT DEF SYSTEM
-DRAIN WATER SEPARATOR AND INSPECT FUEL SYSTEM

AIR:
-INSPECT AIR FILTERS AND REPLACE IF NEEDED

BRAKES:
-INSPECT BRAKE LININGS/PADS
-CHECK BRAKE DRUMS/ROTORS
-INSPECT SLACK ADJUSTERS
-CHECK BRAKE CHAMBERS AND HARDWARE
-VERIFY PARKING BRAKE OPERATION

TIRES & WHEELS:
-CHECK TIRE PRESSURE
-MEASURE TREAD DEPTH
-INSPECT FOR CUTS, PUNCTURES, AND UNEVEN WEAR
-CHECK WHEEL NUTS AND RIM CONDITION

STEERING & SUSPENSION:
-INSPECT STEERING LINKAGE
-CHECK KINGPINS AND TIE-ROD ENDS
-LUBRICATE GREASE FITTINGS
-INSPECT SPRINGS, BUSHINGS, SHOCKS, AND U-BOLTS

ELECTRICAL SYSTEM:
-TEST LIGHTS AND SIGNALS
-INSPECT BATTERIES AND CONNECTIONS
-CHECK ALTERNATOR CHARGING VOLTAGE
-INSPECT WIRING FOR DAMAGE

GENERAL INSPECTION:
-CHECK MIRRORS, WINDSHIELD, AND WIPERS
-INSPECT SEAT BELTS
-CHECK HORN AND BACKUP ALARM
-INSPECT PTO OPERATION
-DOCUMENT DEFECTS AND REPAIRS
",1288,NULL,NULL,200,47136,2743,86008f44-b199-45be-b8f8-4cd182cc14e3
34411,51964,"2026-07-27 02:58:27",1,0,1,"100 HR SERVICE (RR-KNUCKLE/GRAPPLE/BOOM/DUMP/CONCRETE TRUCK)",100,NULL,NULL,NULL,NULL,NULL,NULL,NULL,NULL,"SEE EQUIPMENT DETAILS - PARTS TAB OR WRITE IN PARTS USED:

","CHANGE ENGINE OIL & FILTER
CHANGE AIR FILTERS
REPLACE FUEL FILTERS
DRAIN WATER SEPARATOR
CHECK DEF LEVEL
CHECK COOLANT LEVEL
INSPECT BELTS
INSPECT AIR FILTER
CHECK BATTERIES
CHECK LIGHTS
CHECK BRAKES
CHECK TIRES
CHECK WHEEL TORQUE
INSPECT DRIVELINE
GREASE CHASSIS FITTINGS
CHECK ACTIVE FAULT CODES

",1288,NULL,20,NULL,47140,2570,92e1081e-53d5-47b2-b0da-e2b8fd40e17e
34417,51964,"2026-07-27 02:59:27",2,0,1,"6000 MI SERVICE (RR-KNUCKLE/GRAPPLE/BOOM/DUMP/CONCRETE TRUCK",NULL,NULL,6000,NULL,NULL,NULL,NULL,NULL,NULL,"SEE EQUIPMENT DETAILS - PARTS TAB OR WRITE IN PARTS USED:

","ENGINE & FLUIDS:
-CHECK ENGINE OIL LEVEL AND CONDITION
-CHANGE ENGINE OIL AND OIL FILTER
-CHECK COOLANT LEVEL AND CONDITION
-CHECK POWER STEERING FLUID
-CHECK TRANSMISSION FLUID LEVEL
-CHECK HYDRAULIC FLUID LEVEL
-CHECK DEF LEVEL AND INSPECT DEF SYSTEM
-DRAIN WATER SEPARATOR AND INSPECT FUEL SYSTEM

BRAKES:
-INSPECT BRAKE LININGS/PADS
-CHECK BRAKE DRUMS/ROTORS
-INSPECT SLACK ADJUSTERS
-CHECK BRAKE CHAMBERS AND HARDWARE
-VERIFY PARKING BRAKE OPERATION

TIRES & WHEELS:
-CHECK TIRE PRESSURE
-MEASURE TREAD DEPTH
-INSPECT FOR CUTS, PUNCTURES, AND UNEVEN WEAR
-CHECK WHEEL NUTS AND RIM CONDITION

STEERING & SUSPENSION:
-INSPECT STEERING LINKAGE
-CHECK KINGPINS AND TIE-ROD ENDS
-LUBRICATE GREASE FITTINGS
-INSPECT SPRINGS, BUSHINGS, SHOCKS, AND U-BOLTS

HYDRAULIC DUMP SYSTEM:
-INSPECT HYDRAULIC CYLINDER FOR LEAKS
-CHECK HOSES AND FITTINGS
-VERIFY DUMP BODY OPERATION
-INSPECT HOIST PIVOTS AND GREASE AS REQUIRED

ELECTRICAL SYSTEM:
-TEST LIGHTS AND SIGNALS
-INSPECT BATTERIES AND CONNECTIONS
-CHECK ALTERNATOR CHARGING VOLTAGE
-INSPECT WIRING FOR DAMAGE

GENERAL INSPECTION:
-CHECK MIRRORS, WINDSHIELD, AND WIPERS
-INSPECT SEAT BELTS
-CHECK HORN AND BACKUP ALARM
-INSPECT PTO OPERATION
-DOCUMENT DEFECTS AND REPAIRS",1288,NULL,NULL,200,47141,2749,19b39a28-440d-4d7f-8d62-0d52265699da
34702,51965,"2026-07-29 21:15:17",1,0,1,"1000 HR SERVICE (EXCAVATOR)",1000,NULL,NULL,NULL,NULL,NULL,NULL,1000,NULL,"SEE EQUIPMENT DETAILS - PARTS TAB OR WRITE IN PARTS USED:
","INCLUDES ALL 500 HR TASKS, PLUS:
REPLACE HYDRAULIC RETURN FILTER
REPLACE PILOT FILTER
INSPECT PUMPS
INSPECT SWING DRIVE
INSPECT ROLLERS
INSPECT IDLERS
INSPECT TRACK CHAINS
PERFORM DIAGNOSTIC SCAN
",1288,NULL,40,NULL,47444,2585,7c4b1eef-36b8-4d41-8c17-f3e1c9efae31
34754,51965,"2026-07-29 21:16:20",1,0,1,"2000 HR SERVICE (EXCAVATOR)",2000,NULL,NULL,NULL,NULL,NULL,NULL,NULL,NULL,"SEE EQUIPMENT DETAILS - PARTS TAB OR WRITE IN PARTS USED:
","INCLUDES ALL 1000 HR TASKS
SAMPLE HYDRAULIC OIL
REPLACE COOLANT
INSPECT MAIN PUMPS
INSPECT SWING GEARBOX
INSPECT TRAVEL GEARBOXES
HYDRAULIC PERFORMANCE TEST
",1288,NULL,40,NULL,47446,2633,54f04cab-863c-4a19-9e95-5a2126449287
34806,51965,"2026-07-29 21:17:29",1,0,1,"500 HR SERVICE (EXCAVATOR)",500,NULL,NULL,NULL,NULL,NULL,NULL,NULL,NULL,"SEE EQUIPMENT DETAILS - PARTS TAB OR WRITE IN PARTS USED:
","CHANGE ENGINE OIL
REPLACE ENGINE OIL FILTER
REPLACE FUEL FILTERS
REPLACE AIR FILTERS
CHECK ALL FLUIDS
GREASE BOOM PINS & BUSHINGS
GREASE STICK PINS
GREASE BUCKET PINS
GREASE SWING BEARING
INSPECT TIRES/TRACKS
INSPECT CYLINDERS
INSPECT UNDERCARRIAGE
INSPECT/CHANGE FINAL DRIVES
CHECK FAULT CODES
RESET SERVICE METER
",1288,NULL,40,NULL,47445,2694,552b7786-7ce0-43e6-b032-358e946dc543
35335,51966,"2026-07-30 19:12:23",1,0,1,"1000 HR SERVICE (SKIDSTEER)",1000,NULL,NULL,NULL,NULL,NULL,NULL,NULL,NULL,"SEE EQUIPMENT DETAILS - PARTS TAB OR WRITE IN PARTS USED:","PERFORM ALL 500 HR TASKS
REPLACE HYDRAULIC RETURN FILTER
REPLACE CASE DRAIN FILTER
INSPECT LOADER LINKAGE
INSPECT CYLINDERS
INSPECT UNDERCARRIAGE WEAR
CHECK HYDRAULIC PRESSURES
PERFORM DIAGNOSTIC SCAN
",1288,NULL,40,NULL,47413,2613,c0444a5e-80ee-4175-a0ff-19b82ffba08b
35370,51966,"2026-07-30 19:13:14",1,0,1,"2000 HR SERVICE (SKIDSTEER)",2000,NULL,NULL,NULL,NULL,NULL,NULL,NULL,NULL,"SEE EQUIPMENT DETAILS - PARTS TAB OR WRITE IN PARTS USED:","PERFORM ALL 1000 HR TASKS
SAMPLE HYDRAULIC OIL
REPLACE COOLANT
INSPECT HYDRAULIC PUMPS
INSPECT FINAL DRIVES
INSPECT TURBOCHARGER
",1288,NULL,40,NULL,47415,2657,9daa327b-8209-4816-b214-db00a6df4589
35405,51966,"2026-07-30 19:14:05",1,0,1,"500 HR SERVICE (SKIDSTEER)",500,NULL,NULL,NULL,NULL,NULL,NULL,NULL,NULL,"SEE EQUIPMENT DETAILS - PARTS TAB OR WRITE IN FILTERS USED:","CHANGE ENGINE OIL
REPLACE ENGINE OIL FILTER
REPLACE FUEL FILTERS
DRAIN WATER SEPARATOR
CHECK TRACK TENSION
INSPECT SPROCKETS
INSPECT IDLERS
INSPECT DRIVE MOTORS
INSPECT HYDRAULIC HOSES
GREASE ALL PIVOTS
CHECK FAULT CODES

",1288,NULL,40,NULL,47414,2725,46ee9c61-2f59-49fe-a772-8a09923d44eb
34592,51968,"2026-07-29 19:54:10",1,0,1,"1000 HR SERVICE (AMER 5299)",1000,NULL,NULL,NULL,NULL,NULL,NULL,NULL,NULL,"SEE EQUIPMENT DETAILS - PARTS TAB OR WRITE IN PARTS USED:
","COMPLETE ALL 500 HR ITEMS
MAIN & AUX HOIST GEAR CASES (DRAIN & FLUSH)
CHANGE SWING DRIVE OIL
CHANGE TRAVEL GEARBOX OIL
SAMPLE HYD FLUID
TORQUE CONVERTER - DRAIN & REFILL
TORQUE CONVERTER - CHANGE FILTER
FLUSH TORQUE COOLER
SPRAG OIL - DRAIN & REFILL
CHAIN CASE - DRAIN, INSPECT & REFILL
UPPER DECK - DRAIN & REFILL
LOWER TUBS - DRAIN & REFILL
LUBRICATE HOIST VALVES",1288,NULL,40,NULL,46969,2576,d775235a-e7fa-4acd-b0b2-6b829c4e143b
34596,51968,"2026-07-29 19:54:39",1,0,1,"500 HR SERVICE (AMER 5299)",500,NULL,NULL,NULL,NULL,NULL,NULL,NULL,NULL,"SEE EQUIPMENT DETAILS - PARTS TAB OR WRITE IN PARTS USED:
","CHANGE ENGINE OIL & FILTER
CHANGE FUEL FILTERS
CHANGE AIR FILTERS
SAMPLE GEARBOX OIL
REPLACE TORQUE CONVERTER / TRANS FILTER
CHECK TORQUE CONVERTER OIL LEVEL
CHECK FAN BELTS
CHECK COOLANT LEVEL
GREASE ALL CRANE LUBRICATION POINTS
CHECK MAIN HOIST GEARCASE OIL LEVEL
CHECK AUX HOIST GEARCASE OIL LEVEL
CHECK PROPEL DRIVE OIL LEVELS
CHECK BATTERIES AND CABLES
INSPECT BRAKES & CLUTCHES",1288,NULL,40,NULL,46970,2684,b635aa28-bc9c-4f1d-87de-c26e5ee5ab66
36685,51971,"2026-07-31 18:30:55",2,0,1,"20000 MI SERVICE (FLATBED TRUCK)",NULL,NULL,20000,NULL,NULL,NULL,NULL,NULL,NULL,"SEE EQUIPMENT DETAILS - PARTS TAB OR WRITE IN PARTS USED:

","INCLUDES ALL 6,000 MI SERVICE ITEMS, PLUS:

ENGINE MAINTENANCE:
-CHANGE ENGINE OIL AND FILTER
-REPLACE FUEL FILTERS (PRIMARY AND SECONDARY IF REQUIRED)
-INSPECT SERPENTINE BELTS AND TENSIONERS
-INSPECT COOLING SYSTEM HOSES AND CLAMPS
-CHECK ENGINE MOUNTS

AIR INTAKE SYSTEM:
-INSPECT AIR CLEANER RESTRICTION INDICATOR
-INSPECT AIR FILTER AND REPLACE IF NEEDED
-CHECK TURBOCHARGER CONNECTIONS

DRIVELINE:
-INSPECT DRIVESHAFT
-LUBRICATE U-JOINTS
-INSPECT CARRIER BEARINGS
-CHECK DIFFERENTIAL FLUID LEVELS

TRANSMISSION:
-INSPECT TRANSMISSION FOR LEAKS
-CHECK TRANSMISSION FLUID CONDITION/CHANGE FILTER
-INSPECT PTO AND PTO MOUNTS

AXLES & HUBS:
-CHECK AXLE OIL LEVELS
-INSPECT WHEEL SEALS FOR LEAKS
-CHECK HUB OIL LEVELS

BRAKE SYSTEM:
-MEASURE BRAKE LINING THICKNESS
-INSPECT ABS SENSORS AND WIRING
-CHECK BRAKE ADJUSTMENT
-INSPECT FOUNDATION BRAKE COMPONENTS

SUSPENSION:
-TORQUE-CHECK SUSPENSION COMPONENTS
-INSPECT SPRING HANGERS
-CHECK TORQUE RODS AND BUSHINGS
-INSPECT AIR BAGS (IF EQUIPPED)

HYDRAULIC SYSTEM:
-CHECK HYDRAULIC TANK BREATHER
-INSPECT HYDRAULIC FILTER CONDITION/SAMPLE FLUID
-VERIFY HYDRAULIC PRESSURE AND OPERATION

FRAME & BODY:
-INSPECT FRAME RAILS FOR CRACKS
-CHECK CROSS MEMBERS
-CHECK TAILGATE OPERATION AND HARDWARE

SAFETY INSPECTION:
-VERIFY REFLECTIVE TAPE CONDITION
-TEST BACKUP CAMERA (IF EQUIPPED)
",1288,NULL,NULL,200,47148,2670,66e3fc2b-b89f-4c0f-8861-f4663e5a88c5
36693,51971,"2026-07-31 18:31:28",2,0,1,"6000 MI SERVICE (FLATBED TRUCK)",NULL,NULL,6000,NULL,NULL,NULL,NULL,NULL,NULL,"SEE EQUIPMENT DETAILS - PARTS TAB OR WRITE IN PARTS USED:

","ENGINE & FLUIDS:
-CHANGE ENGINE OIL AND OIL FILTER
-CHECK COOLANT LEVEL AND CONDITION
-CHECK POWER STEERING FLUID
-CHECK TRANSMISSION FLUID LEVEL/FILTER
-CHECK HYDRAULIC FLUID LEVEL
-CHECK DEF LEVEL AND INSPECT DEF SYSTEM
-DRAIN WATER SEPARATOR AND INSPECT FUEL SYSTEM

AIR:
-INSPECT AIR FILTERS AND REPLACE IF NEEDED

BRAKES:
-INSPECT BRAKE LININGS/PADS
-CHECK BRAKE DRUMS/ROTORS
-INSPECT SLACK ADJUSTERS
-CHECK BRAKE CHAMBERS AND HARDWARE
-VERIFY PARKING BRAKE OPERATION

TIRES & WHEELS:
-CHECK TIRE PRESSURE
-MEASURE TREAD DEPTH
-INSPECT FOR CUTS, PUNCTURES, AND UNEVEN WEAR
-CHECK WHEEL NUTS AND RIM CONDITION

STEERING & SUSPENSION:
-INSPECT STEERING LINKAGE
-CHECK KINGPINS AND TIE-ROD ENDS
-LUBRICATE GREASE FITTINGS
-INSPECT SPRINGS, BUSHINGS, SHOCKS, AND U-BOLTS

ELECTRICAL SYSTEM:
-TEST LIGHTS AND SIGNALS
-INSPECT BATTERIES AND CONNECTIONS
-CHECK ALTERNATOR CHARGING VOLTAGE
-INSPECT WIRING FOR DAMAGE

GENERAL INSPECTION:
-CHECK MIRRORS, WINDSHIELD, AND WIPERS
-INSPECT SEAT BELTS
-CHECK HORN AND BACKUP ALARM
-INSPECT PTO OPERATION
-DOCUMENT DEFECTS AND REPAIRS
",1288,NULL,NULL,200,47149,2743,9b91e6df-680b-4711-a563-b7011a884baa
35916,51974,"2026-07-31 15:45:29",3,0,1,"CALIBRATION - (MASTER TAPE)  - 1825 DAY - REPLACE",NULL,1825,NULL,NULL,NULL,NULL,NULL,NULL,NULL,,"*NOTICE TO REPLACE MASTER TAPES AFTER 5-YEAR TO AVOID CALIBRATION PAPERWORK. ",1288,7,NULL,NULL,46959,2753,976c545b-eb3e-40b7-a092-6c96651f4074
34728,51975,"2026-07-29 21:15:40",1,0,1,"1000 HR SERVICE (EXCAVATOR)",1000,NULL,NULL,NULL,NULL,NULL,NULL,1000,NULL,"SEE EQUIPMENT DETAILS - PARTS TAB OR WRITE IN PARTS USED:
","INCLUDES ALL 500 HR TASKS, PLUS:
REPLACE HYDRAULIC RETURN FILTER
REPLACE PILOT FILTER
INSPECT PUMPS
INSPECT SWING DRIVE
INSPECT ROLLERS
INSPECT IDLERS
INSPECT TRACK CHAINS
PERFORM DIAGNOSTIC SCAN
",1288,NULL,40,NULL,47437,2585,b53c37d8-55ff-4b38-996c-17fbc1869164
34780,51975,"2026-07-29 21:16:41",1,0,1,"2000 HR SERVICE (EXCAVATOR)",2000,NULL,NULL,NULL,NULL,NULL,NULL,NULL,NULL,"SEE EQUIPMENT DETAILS - PARTS TAB OR WRITE IN PARTS USED:
","INCLUDES ALL 1000 HR TASKS
SAMPLE HYDRAULIC OIL
REPLACE COOLANT
INSPECT MAIN PUMPS
INSPECT SWING GEARBOX
INSPECT TRAVEL GEARBOXES
HYDRAULIC PERFORMANCE TEST
",1288,NULL,40,NULL,47438,2633,4c192056-6281-4b3d-9c94-cb5234bead13
34832,51975,"2026-07-29 21:17:49",1,0,1,"500 HR SERVICE (EXCAVATOR)",500,NULL,NULL,NULL,NULL,NULL,NULL,NULL,NULL,"SEE EQUIPMENT DETAILS - PARTS TAB OR WRITE IN PARTS USED:
","CHANGE ENGINE OIL
REPLACE ENGINE OIL FILTER
REPLACE FUEL FILTERS
REPLACE AIR FILTERS
CHECK ALL FLUIDS
GREASE BOOM PINS & BUSHINGS
GREASE STICK PINS
GREASE BUCKET PINS
GREASE SWING BEARING
INSPECT TIRES/TRACKS
INSPECT CYLINDERS
INSPECT UNDERCARRIAGE
INSPECT/CHANGE FINAL DRIVES
CHECK FAULT CODES
RESET SERVICE METER
",1288,NULL,40,NULL,47436,2694,1147584f-51c9-4d01-b7e5-c62d0f4c511d
34591,51976,"2026-07-29 19:54:07",1,0,1,"1000 HR SERVICE (AMER 5299)",1000,NULL,NULL,NULL,NULL,NULL,NULL,NULL,NULL,"SEE EQUIPMENT DETAILS - PARTS TAB OR WRITE IN PARTS USED:
","COMPLETE ALL 500 HR ITEMS
MAIN & AUX HOIST GEAR CASES (DRAIN & FLUSH)
CHANGE SWING DRIVE OIL
CHANGE TRAVEL GEARBOX OIL
SAMPLE HYD FLUID
TORQUE CONVERTER - DRAIN & REFILL
TORQUE CONVERTER - CHANGE FILTER
FLUSH TORQUE COOLER
SPRAG OIL - DRAIN & REFILL
CHAIN CASE - DRAIN, INSPECT & REFILL
UPPER DECK - DRAIN & REFILL
LOWER TUBS - DRAIN & REFILL
LUBRICATE HOIST VALVES",1288,NULL,40,NULL,46967,2576,a0f370a4-4890-4f39-a65a-9d04b5d6c067
34595,51976,"2026-07-29 19:54:38",1,0,1,"500 HR SERVICE (AMER 5299)",500,NULL,NULL,NULL,NULL,NULL,NULL,NULL,NULL,"SEE EQUIPMENT DETAILS - PARTS TAB OR WRITE IN PARTS USED:
","CHANGE ENGINE OIL & FILTER
CHANGE FUEL FILTERS
CHANGE AIR FILTERS
SAMPLE GEARBOX OIL
REPLACE TORQUE CONVERTER / TRANS FILTER
CHECK TORQUE CONVERTER OIL LEVEL
CHECK FAN BELTS
CHECK COOLANT LEVEL
GREASE ALL CRANE LUBRICATION POINTS
CHECK MAIN HOIST GEARCASE OIL LEVEL
CHECK AUX HOIST GEARCASE OIL LEVEL
CHECK PROPEL DRIVE OIL LEVELS
CHECK BATTERIES AND CABLES
INSPECT BRAKES & CLUTCHES",1288,NULL,40,NULL,46968,2684,65a25a3f-4445-4229-9117-8e90c8c196f3
36984,51976,"2026-08-06 20:01:33",1,1,0,"SOS - RESAMPLE IN 250 HRS",250,NULL,NULL,NULL,NULL,NULL,NULL,NULL,NULL,,,16222,NULL,40,NULL,NULL,2788,eb3c907c-bd2b-4fa9-92f1-68b3d04eb27b
36678,51977,"2026-07-31 18:28:50",2,0,1,"20000 MI SERVICE (DUMP TRUCK)",20000,NULL,20000,NULL,NULL,NULL,NULL,NULL,NULL,"SEE EQUIPMENT DETAILS - PARTS TAB OR WRITE IN PARTS USED:

","INCLUDES ALL 6,000 MI SERVICE ITEMS, PLUS:

ENGINE MAINTENANCE:
- CHANGE ENGINE OIL AND FILTER
-REPLACE FUEL FILTERS (PRIMARY AND SECONDARY IF REQUIRED)
-INSPECT SERPENTINE BELTS AND TENSIONERS
-INSPECT COOLING SYSTEM HOSES AND CLAMPS
-CHECK ENGINE MOUNTS

AIR INTAKE SYSTEM:
-INSPECT AIR CLEANER RESTRICTION INDICATOR
-INSPECT AIR FILTER AND REPLACE IF NEEDED
-CHECK TURBOCHARGER CONNECTIONS

DRIVELINE:
-INSPECT DRIVESHAFT
-LUBRICATE U-JOINTS
-INSPECT CARRIER BEARINGS
-CHECK DIFFERENTIAL FLUID LEVELS

TRANSMISSION:
-INSPECT TRANSMISSION FOR LEAKS
-CHECK TRANSMISSION FLUID CONDITION
-INSPECT PTO AND PTO MOUNTS

AXLES & HUBS:
-CHECK AXLE OIL LEVELS
-INSPECT WHEEL SEALS FOR LEAKS
-CHECK HUB OIL LEVELS

BRAKE SYSTEM:
-MEASURE BRAKE LINING THICKNESS
-INSPECT ABS SENSORS AND WIRING
-CHECK BRAKE ADJUSTMENT
-INSPECT FOUNDATION BRAKE COMPONENTS

SUSPENSION:
-TORQUE-CHECK SUSPENSION COMPONENTS
-INSPECT SPRING HANGERS
-CHECK TORQUE RODS AND BUSHINGS
-INSPECT AIR BAGS (IF EQUIPPED)

HYDRAULIC SYSTEM:
-CHECK HYDRAULIC TANK BREATHER
-INSPECT HYDRAULIC FILTER CONDITION
-VERIFY HYDRAULIC PRESSURE AND OPERATION

FRAME & BODY:
-INSPECT FRAME RAILS FOR CRACKS
-CHECK CROSS MEMBERS
-INSPECT DUMP BODY HINGES AND PINS
-CHECK TAILGATE OPERATION AND HARDWARE

SAFETY INSPECTION:
-VERIFY REFLECTIVE TAPE CONDITION
-TEST BACKUP CAMERA (IF EQUIPPED)
",1288,NULL,200,200,47161,2669,78799316-7e8d-430c-8676-48a3b86ba852
36680,51977,"2026-07-31 18:29:22",2,0,1,"6000 MI SERVICE (DUMP TRUCK)",NULL,NULL,6000,NULL,NULL,NULL,NULL,NULL,NULL,"SEE EQUIPMENT DETAILS - PARTS TAB OR WRITE IN PARTS USED:
","ENGINE & FLUIDS:
-CHECK ENGINE OIL LEVEL AND CONDITION
-CHANGE ENGINE OIL AND OIL FILTER
-CHECK COOLANT LEVEL AND CONDITION
-CHECK POWER STEERING FLUID
-CHECK TRANSMISSION FLUID LEVEL
-CHECK HYDRAULIC FLUID LEVEL
-CHECK DEF LEVEL AND INSPECT DEF SYSTEM
-DRAIN WATER SEPARATOR AND INSPECT FUEL SYSTEM

BRAKES:
-INSPECT BRAKE LININGS/PADS
-CHECK BRAKE DRUMS/ROTORS
-INSPECT SLACK ADJUSTERS
-CHECK BRAKE CHAMBERS AND HARDWARE
-VERIFY PARKING BRAKE OPERATION

TIRES & WHEELS:
-CHECK TIRE PRESSURE
-MEASURE TREAD DEPTH
-INSPECT FOR CUTS, PUNCTURES, AND UNEVEN WEAR
-CHECK WHEEL NUTS AND RIM CONDITION

STEERING & SUSPENSION:
-INSPECT STEERING LINKAGE
-CHECK KINGPINS AND TIE-ROD ENDS
-LUBRICATE GREASE FITTINGS
-INSPECT SPRINGS, BUSHINGS, SHOCKS, AND U-BOLTS

HYDRAULIC DUMP SYSTEM:
-INSPECT HYDRAULIC CYLINDER FOR LEAKS
-CHECK HOSES AND FITTINGS
-VERIFY DUMP BODY OPERATION
-INSPECT HOIST PIVOTS AND GREASE AS REQUIRED

ELECTRICAL SYSTEM:
-TEST LIGHTS AND SIGNALS
-INSPECT BATTERIES AND CONNECTIONS
-CHECK ALTERNATOR CHARGING VOLTAGE
-INSPECT WIRING FOR DAMAGE

GENERAL INSPECTION:
-CHECK MIRRORS, WINDSHIELD, AND WIPERS
-INSPECT SEAT BELTS
-CHECK HORN AND BACKUP ALARM
-INSPECT PTO OPERATION
-DOCUMENT DEFECTS AND REPAIRS
",1288,NULL,NULL,200,47162,2742,d05084d8-f7cd-4791-9a17-7a4cf08403bb
35913,51978,"2026-07-31 15:45:27",3,0,1,"CALIBRATION - (MASTER TAPE)  - 1825 DAY - REPLACE",NULL,1825,NULL,NULL,NULL,NULL,NULL,NULL,NULL,,"*NOTICE TO REPLACE MASTER TAPES AFTER 5-YEAR TO AVOID CALIBRATION PAPERWORK. ",1288,7,NULL,NULL,46956,2753,4ef67ea6-9793-4762-88e5-7dfd92bdc9cd
34599,51979,"2026-07-29 19:56:22",1,0,1,"1000 HR SERVICE (AMER 7260)",1000,NULL,NULL,NULL,NULL,NULL,NULL,NULL,NULL,"SEE EQUIPMENT DETAILS - PARTS TAB OR WRITE IN PARTS USED:

","COMPLETE ALL 500 HR ITEMS
MAIN & AUX HOIST GEAR CASES (DRAIN & FLUSH)
CHANGE SWING DRIVE OIL
CHANGE TRAVEL GEARBOX OIL
SAMPLE HYD FLUID
TORQUE CONVERTER - DRAIN & REFILL
TORQUE CONVERTER - CHANGE FILTER
FLUSH TORQUE COOLER
SPRAG OIL - DRAIN & REFILL
CHAIN CASE - DRAIN, INSPECT & REFILL
UPPER DECK - DRAIN & REFILL
LOWER TUBS - DRAIN & REFILL
LUBRICATE HOIST VALVES
",1288,NULL,40,NULL,46971,2577,f0c6a6e7-2a20-42c0-9b27-65cb65966a1a
34602,51979,"2026-07-29 19:56:50",1,0,1,"500 HR SERVICE (AMER 7260)",500,NULL,NULL,NULL,NULL,NULL,NULL,NULL,NULL,"SEE EQUIPMENT DETAILS - PARTS TAB OR WRITE IN PARTS USED:

","CHANGE ENGINE OIL & FILTER
CHANGE FUEL FILTERS
CHANGE AIR FILTERS
SAMPLE GEARBOX OIL
REPLACE TORQUE CONVERTER / TRANS FILTER
CHECK TORQUE CONVERTER OIL LEVEL
CHECK FAN BELTS
CHECK COOLANT LEVEL
GREASE ALL CRANE LUBRICATION POINTS
CHECK MAIN HOIST GEARCASE OIL LEVEL
CHECK AUX HOIST GEARCASE OIL LEVEL
CHECK PROPEL DRIVE OIL LEVELS
CHECK BATTERIES AND CABLES
INSPECT BRAKES & CLUTCHES",1288,NULL,40,NULL,46972,2685,3a84fac6-9753-409f-9c62-42f05ac2877c
34412,51980,"2026-07-27 02:58:28",1,0,1,"100 HR SERVICE (RR-KNUCKLE/GRAPPLE/BOOM/DUMP/CONCRETE TRUCK)",100,NULL,NULL,NULL,NULL,NULL,NULL,NULL,NULL,"SEE EQUIPMENT DETAILS - PARTS TAB OR WRITE IN PARTS USED:

","CHANGE ENGINE OIL & FILTER
CHANGE AIR FILTERS
REPLACE FUEL FILTERS
DRAIN WATER SEPARATOR
CHECK DEF LEVEL
CHECK COOLANT LEVEL
INSPECT BELTS
INSPECT AIR FILTER
CHECK BATTERIES
CHECK LIGHTS
CHECK BRAKES
CHECK TIRES
CHECK WHEEL TORQUE
INSPECT DRIVELINE
GREASE CHASSIS FITTINGS
CHECK ACTIVE FAULT CODES

",1288,NULL,20,NULL,47166,2570,9c01ecab-3a5b-4d2b-98f6-4cc5c0a4ef9e
34418,51980,"2026-07-27 02:59:27",2,0,1,"6000 MI SERVICE (RR-KNUCKLE/GRAPPLE/BOOM/DUMP/CONCRETE TRUCK",NULL,NULL,6000,NULL,NULL,NULL,NULL,NULL,NULL,"SEE EQUIPMENT DETAILS - PARTS TAB OR WRITE IN PARTS USED:

","ENGINE & FLUIDS:
-CHECK ENGINE OIL LEVEL AND CONDITION
-CHANGE ENGINE OIL AND OIL FILTER
-CHECK COOLANT LEVEL AND CONDITION
-CHECK POWER STEERING FLUID
-CHECK TRANSMISSION FLUID LEVEL
-CHECK HYDRAULIC FLUID LEVEL
-CHECK DEF LEVEL AND INSPECT DEF SYSTEM
-DRAIN WATER SEPARATOR AND INSPECT FUEL SYSTEM

BRAKES:
-INSPECT BRAKE LININGS/PADS
-CHECK BRAKE DRUMS/ROTORS
-INSPECT SLACK ADJUSTERS
-CHECK BRAKE CHAMBERS AND HARDWARE
-VERIFY PARKING BRAKE OPERATION

TIRES & WHEELS:
-CHECK TIRE PRESSURE
-MEASURE TREAD DEPTH
-INSPECT FOR CUTS, PUNCTURES, AND UNEVEN WEAR
-CHECK WHEEL NUTS AND RIM CONDITION

STEERING & SUSPENSION:
-INSPECT STEERING LINKAGE
-CHECK KINGPINS AND TIE-ROD ENDS
-LUBRICATE GREASE FITTINGS
-INSPECT SPRINGS, BUSHINGS, SHOCKS, AND U-BOLTS

HYDRAULIC DUMP SYSTEM:
-INSPECT HYDRAULIC CYLINDER FOR LEAKS
-CHECK HOSES AND FITTINGS
-VERIFY DUMP BODY OPERATION
-INSPECT HOIST PIVOTS AND GREASE AS REQUIRED

ELECTRICAL SYSTEM:
-TEST LIGHTS AND SIGNALS
-INSPECT BATTERIES AND CONNECTIONS
-CHECK ALTERNATOR CHARGING VOLTAGE
-INSPECT WIRING FOR DAMAGE

GENERAL INSPECTION:
-CHECK MIRRORS, WINDSHIELD, AND WIPERS
-INSPECT SEAT BELTS
-CHECK HORN AND BACKUP ALARM
-INSPECT PTO OPERATION
-DOCUMENT DEFECTS AND REPAIRS",1288,NULL,NULL,200,47167,2749,2dbd1109-10bf-4c03-b208-2dbd9b23dcf8
35317,51981,"2026-07-30 19:12:10",1,0,1,"1000 HR SERVICE (SKIDSTEER)",1000,NULL,NULL,NULL,NULL,NULL,NULL,NULL,NULL,"SEE EQUIPMENT DETAILS - PARTS TAB OR WRITE IN PARTS USED:","PERFORM ALL 500 HR TASKS
REPLACE HYDRAULIC RETURN FILTER
REPLACE CASE DRAIN FILTER
INSPECT LOADER LINKAGE
INSPECT CYLINDERS
INSPECT UNDERCARRIAGE WEAR
CHECK HYDRAULIC PRESSURES
PERFORM DIAGNOSTIC SCAN
",1288,NULL,40,NULL,47455,2613,23507312-4f08-483b-a06f-e741a5e70575
35352,51981,"2026-07-30 19:13:01",1,0,1,"2000 HR SERVICE (SKIDSTEER)",2000,NULL,NULL,NULL,NULL,NULL,NULL,NULL,NULL,"SEE EQUIPMENT DETAILS - PARTS TAB OR WRITE IN PARTS USED:","PERFORM ALL 1000 HR TASKS
SAMPLE HYDRAULIC OIL
REPLACE COOLANT
INSPECT HYDRAULIC PUMPS
INSPECT FINAL DRIVES
INSPECT TURBOCHARGER
",1288,NULL,40,NULL,NULL,2657,5928ddb2-8ba8-495f-a840-8d6f3ca1da09
35387,51981,"2026-07-30 19:13:53",1,0,1,"500 HR SERVICE (SKIDSTEER)",500,NULL,NULL,NULL,NULL,NULL,NULL,NULL,NULL,"SEE EQUIPMENT DETAILS - PARTS TAB OR WRITE IN FILTERS USED:","CHANGE ENGINE OIL
REPLACE ENGINE OIL FILTER
REPLACE FUEL FILTERS
DRAIN WATER SEPARATOR
CHECK TRACK TENSION
INSPECT SPROCKETS
INSPECT IDLERS
INSPECT DRIVE MOTORS
INSPECT HYDRAULIC HOSES
GREASE ALL PIVOTS
CHECK FAULT CODES

",1288,NULL,40,NULL,47456,2725,d2b09987-48d0-4732-844e-2edb6471d55e
35073,51982,"2026-07-30 16:15:30",1,0,1,"1000 HR SERVICE (WATER TRUCK)",1000,NULL,NULL,NULL,NULL,NULL,NULL,NULL,NULL,"SEE EQUIPMENT DETAILS - PARTS TAB OR WRITE IN PARTS USED:
","INCLUDES ALL 500 HR TASKS +
REPLACE AIR FILTER
REPLACE TRANSMISSION FILTER
CHECK AXLE OIL LEVELS
INSPECT U-JOINTS
CHECK BRAKE LININGS
CHECK SLACK ADJUSTERS
CHECK CHARGING SYSTEM
PERFORM DIAGNOSTIC SCAN
",1288,NULL,40,NULL,47181,2619,759e59ca-7c97-4dd6-a9c6-ab578a13636b
35082,51982,"2026-07-30 16:16:12",1,0,1,"2000 HR SERVICE (WATER TRUCK)",2000,NULL,NULL,NULL,NULL,NULL,NULL,NULL,NULL,"SEE EQUIPMENT DETAILS - PARTS TAB OR WRITE IN PARTS USED:
","INCLUDES ALL 1000 HR TASKS
SAMPLE HYDRAULIC OIL
REPLACE COOLANT
INSPECT DIFFERENTIALS
INSPECT TRANSMISSION
INSPECT TURBOCHARGER
INSPECT ENGINE MOUNTS
ENGINE PERFORMANCE TEST
",1288,NULL,40,NULL,47182,2663,1b01e5fb-99c5-478f-b095-d43db5bb56e0
35091,51982,"2026-07-30 16:16:50",2,0,1,"20000 MI SERVICE (WATER TRUCK)",NULL,NULL,20000,NULL,NULL,NULL,NULL,NULL,NULL,"SEE EQUIPMENT DETAILS - PARTS TAB OR WRITE IN PARTS USED:
","INCLUDES ALL 6,000 MI SERVICE ITEMS, PLUS:

ENGINE MAINTENANCE:
- CHANGE ENGINE OIL AND FILTER
-REPLACE FUEL FILTERS (PRIMARY AND SECONDARY IF REQUIRED)
-INSPECT SERPENTINE BELTS AND TENSIONERS
-INSPECT COOLING SYSTEM HOSES AND CLAMPS
-CHECK ENGINE MOUNTS

AIR INTAKE SYSTEM:
-INSPECT AIR CLEANER RESTRICTION INDICATOR
-INSPECT AIR FILTER AND REPLACE IF NEEDED
-CHECK TURBOCHARGER CONNECTIONS

DRIVELINE:
-INSPECT DRIVESHAFT
-LUBRICATE U-JOINTS
-INSPECT CARRIER BEARINGS
-CHECK DIFFERENTIAL FLUID LEVELS

TRANSMISSION:
-INSPECT TRANSMISSION FOR LEAKS
-CHECK TRANSMISSION FLUID CONDITION
-INSPECT PTO AND PTO MOUNTS

AXLES & HUBS:
-CHECK AXLE OIL LEVELS
-INSPECT WHEEL SEALS FOR LEAKS
-CHECK HUB OIL LEVELS

BRAKE SYSTEM:
-MEASURE BRAKE LINING THICKNESS
-INSPECT ABS SENSORS AND WIRING
-CHECK BRAKE ADJUSTMENT
-INSPECT FOUNDATION BRAKE COMPONENTS

SUSPENSION:
-TORQUE-CHECK SUSPENSION COMPONENTS
-INSPECT SPRING HANGERS
-CHECK TORQUE RODS AND BUSHINGS
-INSPECT AIR BAGS (IF EQUIPPED)

HYDRAULIC SYSTEM:
-CHECK HYDRAULIC TANK BREATHER
-INSPECT HYDRAULIC FILTER CONDITION
-VERIFY HYDRAULIC PRESSURE AND OPERATION

FRAME & BODY:
-INSPECT FRAME RAILS FOR CRACKS
-CHECK CROSS MEMBERS
-INSPECT DUMP BODY HINGES AND PINS
-CHECK TAILGATE OPERATION AND HARDWARE

SAFETY INSPECTION:
-VERIFY REFLECTIVE TAPE CONDITION
-TEST BACKUP CAMERA (IF EQUIPPED)
",1288,NULL,NULL,200,47178,2673,240dc2c3-c879-4c29-80cf-cbba708455a9
35100,51982,"2026-07-30 16:17:24",1,0,1,"500 HR SERVICE (WATER TRUCK)",500,NULL,NULL,NULL,NULL,NULL,NULL,NULL,NULL,"SEE EQUIPMENT DETAILS - PARTS TAB OR WRITE IN PARTS USED:
","CHANGE ENGINE OIL & FILTER
CHANGE AIR FILTERS
REPLACE FUEL FILTERS
DRAIN WATER SEPARATOR
CHECK DEF LEVEL
CHECK COOLANT LEVEL
INSPECT BELTS
INSPECT AIR FILTER
CHECK BATTERIES
CHECK LIGHTS
CHECK BRAKES
CHECK TIRES
CHECK WHEEL TORQUE
INSPECT DRIVELINE
GREASE CHASSIS FITTINGS
CHECK ACTIVE FAULT CODES
",1288,NULL,40,NULL,47180,2735,615b48c8-30cc-4fca-a1ca-339bd2047617
35109,51982,"2026-07-30 16:18:27",2,0,1,"6000 MI SERVICE (WATER TRUCK)",NULL,NULL,6000,NULL,NULL,NULL,NULL,NULL,NULL,"SEE EQUIPMENT DETAILS - PARTS TAB OR WRITE IN PARTS USED:","ENGINE & FLUIDS:
-CHECK ENGINE OIL LEVEL AND CONDITION
-CHANGE ENGINE OIL AND OIL FILTER
-CHECK COOLANT LEVEL AND CONDITION
-CHECK POWER STEERING FLUID
-CHECK TRANSMISSION FLUID LEVEL
-CHECK HYDRAULIC FLUID LEVEL
-CHECK DEF LEVEL AND INSPECT DEF SYSTEM
-DRAIN WATER SEPARATOR AND INSPECT FUEL SYSTEM

BRAKES:
-INSPECT BRAKE LININGS/PADS
-CHECK BRAKE DRUMS/ROTORS
-INSPECT SLACK ADJUSTERS
-CHECK BRAKE CHAMBERS AND HARDWARE
-VERIFY PARKING BRAKE OPERATION

TIRES & WHEELS:
-CHECK TIRE PRESSURE
-MEASURE TREAD DEPTH
-INSPECT FOR CUTS, PUNCTURES, AND UNEVEN WEAR
-CHECK WHEEL NUTS AND RIM CONDITION

STEERING & SUSPENSION:
-INSPECT STEERING LINKAGE
-CHECK KINGPINS AND TIE-ROD ENDS
-LUBRICATE GREASE FITTINGS
-INSPECT SPRINGS, BUSHINGS, SHOCKS, AND U-BOLTS

HYDRAULIC DUMP SYSTEM:
-INSPECT HYDRAULIC CYLINDER FOR LEAKS
-CHECK HOSES AND FITTINGS
-VERIFY DUMP BODY OPERATION
-INSPECT HOIST PIVOTS AND GREASE AS REQUIRED

ELECTRICAL SYSTEM:
-TEST LIGHTS AND SIGNALS
-INSPECT BATTERIES AND CONNECTIONS
-CHECK ALTERNATOR CHARGING VOLTAGE
-INSPECT WIRING FOR DAMAGE

GENERAL INSPECTION:
-CHECK MIRRORS, WINDSHIELD, AND WIPERS
-INSPECT SEAT BELTS
-CHECK HORN AND BACKUP ALARM
-INSPECT PTO OPERATION
-DOCUMENT DEFECTS AND REPAIRS
",1288,NULL,NULL,200,NULL,2747,e1da83fa-42b5-4454-a4df-cd85d33dfebc
34917,51983,"2026-07-30 14:45:58",1,0,1,"1000 HR SERVICE (HAUL TRUCK)",1000,NULL,NULL,NULL,NULL,NULL,NULL,NULL,NULL,"SEE EQUIPMENT DETAILS - PARTS TAB OR WRITE IN PARTS USED:
","INCLUDES ALL 500 HR TASKS
REPLACE HYDRAULIC RETURN FILTER
REPLACE TRANSMISSION FILTER
INSPECT DRIVELINES
INSPECT AXLES
INSPECT DIFFERENTIALS
INSPECT SUSPENSION
CHECK SERVICE BRAKES
CHECK PARKING BRAKE
PERFORM DIAGNOSTIC SCAN
",1288,NULL,40,NULL,47163,2595,cfa8d26f-76ad-49ce-b6da-4de151846207
34921,51983,"2026-07-30 14:46:14",1,0,1,"2000 HR SERVICE (HAUL TRUCK)",2000,NULL,NULL,NULL,NULL,NULL,NULL,NULL,NULL,"SEE EQUIPMENT DETAILS - PARTS TAB OR WRITE IN PARTS USED:
","INCLUDES ALL 1000 HR TASKS
SAMPLE HYDRAULIC OIL
REPLACE COOLANT
INSPECT TRANSMISSION
INSPECT DIFFERENTIALS
INSPECT FINAL DRIVES
INSPECT TURBOCHARGER
ENGINE PERFORMANCE TEST
HYDRAULIC PERFORMANCE TEST
BRAKE PERFORMANCE TEST
",1288,NULL,40,NULL,47164,2643,c7202150-08e4-4dfc-add4-bb27fda17056
34925,51983,"2026-07-30 14:46:33",1,0,1,"500 HR SERVICE (HAUL TRUCK)",500,NULL,NULL,NULL,NULL,NULL,NULL,NULL,NULL,"SEE EQUIPMENT DETAILS - PARTS TAB OR WRITE IN PARTS USED:","CHANGE ENGINE OIL
REPLACE ENGINE OIL FILTER
REPLACE FUEL FILTERS
DRAIN WATER SEPARATOR
INSPECT AIR FILTER
CHECK COOLANT LEVEL
CHECK BATTERY
INSPECT FRAME
INSPECT BODY PINS
INSPECT HOIST CYLINDERS
INSPECT STEERING CYLINDERS
INSPECT HYDRAULIC HOSES
CHECK TIRE CONDITION
CHECK TIRE PRESSURES
GREASE CHASSIS FITTINGS
CHECK FAULT CODES
OPERATIONAL TEST
",1288,NULL,40,NULL,47165,2706,8e542c47-5ccc-4a45-bd04-3d0daf4e2ff9
34593,51984,"2026-07-29 19:54:10",1,0,1,"1000 HR SERVICE (AMER 5299)",1000,NULL,NULL,NULL,NULL,NULL,NULL,NULL,NULL,"SEE EQUIPMENT DETAILS - PARTS TAB OR WRITE IN PARTS USED:
","COMPLETE ALL 500 HR ITEMS
MAIN & AUX HOIST GEAR CASES (DRAIN & FLUSH)
CHANGE SWING DRIVE OIL
CHANGE TRAVEL GEARBOX OIL
SAMPLE HYD FLUID
TORQUE CONVERTER - DRAIN & REFILL
TORQUE CONVERTER - CHANGE FILTER
FLUSH TORQUE COOLER
SPRAG OIL - DRAIN & REFILL
CHAIN CASE - DRAIN, INSPECT & REFILL
UPPER DECK - DRAIN & REFILL
LOWER TUBS - DRAIN & REFILL
LUBRICATE HOIST VALVES",1288,NULL,40,NULL,46990,2576,8107968f-a08f-4527-be34-9e6e7262d9d3
34597,51984,"2026-07-29 19:54:40",1,0,1,"500 HR SERVICE (AMER 5299)",500,NULL,NULL,NULL,NULL,NULL,NULL,NULL,NULL,"SEE EQUIPMENT DETAILS - PARTS TAB OR WRITE IN PARTS USED:
","CHANGE ENGINE OIL & FILTER
CHANGE FUEL FILTERS
CHANGE AIR FILTERS
SAMPLE GEARBOX OIL
REPLACE TORQUE CONVERTER / TRANS FILTER
CHECK TORQUE CONVERTER OIL LEVEL
CHECK FAN BELTS
CHECK COOLANT LEVEL
GREASE ALL CRANE LUBRICATION POINTS
CHECK MAIN HOIST GEARCASE OIL LEVEL
CHECK AUX HOIST GEARCASE OIL LEVEL
CHECK PROPEL DRIVE OIL LEVELS
CHECK BATTERIES AND CABLES
INSPECT BRAKES & CLUTCHES",1288,NULL,40,NULL,46989,2684,77422a5e-f819-4432-a58b-3f79a8585348
35318,51985,"2026-07-30 19:12:11",1,0,1,"1000 HR SERVICE (SKIDSTEER)",1000,NULL,NULL,NULL,NULL,NULL,NULL,NULL,NULL,"SEE EQUIPMENT DETAILS - PARTS TAB OR WRITE IN PARTS USED:","PERFORM ALL 500 HR TASKS
REPLACE HYDRAULIC RETURN FILTER
REPLACE CASE DRAIN FILTER
INSPECT LOADER LINKAGE
INSPECT CYLINDERS
INSPECT UNDERCARRIAGE WEAR
CHECK HYDRAULIC PRESSURES
PERFORM DIAGNOSTIC SCAN
",1288,NULL,40,NULL,47457,2613,895e2ac7-ec04-46a4-b57a-c56e36d12a59
35353,51985,"2026-07-30 19:13:02",1,0,1,"2000 HR SERVICE (SKIDSTEER)",2000,NULL,NULL,NULL,NULL,NULL,NULL,NULL,NULL,"SEE EQUIPMENT DETAILS - PARTS TAB OR WRITE IN PARTS USED:","PERFORM ALL 1000 HR TASKS
SAMPLE HYDRAULIC OIL
REPLACE COOLANT
INSPECT HYDRAULIC PUMPS
INSPECT FINAL DRIVES
INSPECT TURBOCHARGER
",1288,NULL,40,NULL,47459,2657,d5b6970d-2654-4199-a1ff-60cf733cc5a5
35388,51985,"2026-07-30 19:13:54",1,0,1,"500 HR SERVICE (SKIDSTEER)",500,NULL,NULL,NULL,NULL,NULL,NULL,NULL,NULL,"SEE EQUIPMENT DETAILS - PARTS TAB OR WRITE IN FILTERS USED:","CHANGE ENGINE OIL
REPLACE ENGINE OIL FILTER
REPLACE FUEL FILTERS
DRAIN WATER SEPARATOR
CHECK TRACK TENSION
INSPECT SPROCKETS
INSPECT IDLERS
INSPECT DRIVE MOTORS
INSPECT HYDRAULIC HOSES
GREASE ALL PIVOTS
CHECK FAULT CODES

",1288,NULL,40,NULL,47458,2725,358b1002-5565-40e9-b895-ce8ef532cf6d
34723,51988,"2026-07-29 21:15:35",1,0,1,"1000 HR SERVICE (EXCAVATOR)",1000,NULL,NULL,NULL,NULL,NULL,NULL,1000,NULL,"SEE EQUIPMENT DETAILS - PARTS TAB OR WRITE IN PARTS USED:
","INCLUDES ALL 500 HR TASKS, PLUS:
REPLACE HYDRAULIC RETURN FILTER
REPLACE PILOT FILTER
INSPECT PUMPS
INSPECT SWING DRIVE
INSPECT ROLLERS
INSPECT IDLERS
INSPECT TRACK CHAINS
PERFORM DIAGNOSTIC SCAN
",1288,NULL,40,NULL,47486,2585,16d270aa-8e14-4bb7-8b9b-ccdf62bbe03b
34775,51988,"2026-07-29 21:16:36",1,0,1,"2000 HR SERVICE (EXCAVATOR)",2000,NULL,NULL,NULL,NULL,NULL,NULL,NULL,NULL,"SEE EQUIPMENT DETAILS - PARTS TAB OR WRITE IN PARTS USED:
","INCLUDES ALL 1000 HR TASKS
SAMPLE HYDRAULIC OIL
REPLACE COOLANT
INSPECT MAIN PUMPS
INSPECT SWING GEARBOX
INSPECT TRAVEL GEARBOXES
HYDRAULIC PERFORMANCE TEST
",1288,NULL,40,NULL,47487,2633,8c8a602c-0d30-4dca-9421-66cc5b0e0330
34827,51988,"2026-07-29 21:17:44",1,0,1,"500 HR SERVICE (EXCAVATOR)",500,NULL,NULL,NULL,NULL,NULL,NULL,NULL,NULL,"SEE EQUIPMENT DETAILS - PARTS TAB OR WRITE IN PARTS USED:
","CHANGE ENGINE OIL
REPLACE ENGINE OIL FILTER
REPLACE FUEL FILTERS
REPLACE AIR FILTERS
CHECK ALL FLUIDS
GREASE BOOM PINS & BUSHINGS
GREASE STICK PINS
GREASE BUCKET PINS
GREASE SWING BEARING
INSPECT TIRES/TRACKS
INSPECT CYLINDERS
INSPECT UNDERCARRIAGE
INSPECT/CHANGE FINAL DRIVES
CHECK FAULT CODES
RESET SERVICE METER
",1288,NULL,40,NULL,47485,2694,b58095fc-bf53-4ad5-befd-02a0ef099def
34698,51989,"2026-07-29 21:15:14",1,0,1,"1000 HR SERVICE (EXCAVATOR)",1000,NULL,NULL,NULL,NULL,NULL,NULL,1000,NULL,"SEE EQUIPMENT DETAILS - PARTS TAB OR WRITE IN PARTS USED:
","INCLUDES ALL 500 HR TASKS, PLUS:
REPLACE HYDRAULIC RETURN FILTER
REPLACE PILOT FILTER
INSPECT PUMPS
INSPECT SWING DRIVE
INSPECT ROLLERS
INSPECT IDLERS
INSPECT TRACK CHAINS
PERFORM DIAGNOSTIC SCAN
",1288,NULL,40,NULL,47442,2585,b16fb47c-b54c-472e-acce-b2dd876f56e6
34750,51989,"2026-07-29 21:16:17",1,0,1,"2000 HR SERVICE (EXCAVATOR)",2000,NULL,NULL,NULL,NULL,NULL,NULL,NULL,NULL,"SEE EQUIPMENT DETAILS - PARTS TAB OR WRITE IN PARTS USED:
","INCLUDES ALL 1000 HR TASKS
SAMPLE HYDRAULIC OIL
REPLACE COOLANT
INSPECT MAIN PUMPS
INSPECT SWING GEARBOX
INSPECT TRAVEL GEARBOXES
HYDRAULIC PERFORMANCE TEST
",1288,NULL,40,NULL,NULL,2633,909ff1e1-d26b-4c56-ab42-19c85a945114
34802,51989,"2026-07-29 21:17:25",1,0,1,"500 HR SERVICE (EXCAVATOR)",500,NULL,NULL,NULL,NULL,NULL,NULL,NULL,NULL,"SEE EQUIPMENT DETAILS - PARTS TAB OR WRITE IN PARTS USED:
","CHANGE ENGINE OIL
REPLACE ENGINE OIL FILTER
REPLACE FUEL FILTERS
REPLACE AIR FILTERS
CHECK ALL FLUIDS
GREASE BOOM PINS & BUSHINGS
GREASE STICK PINS
GREASE BUCKET PINS
GREASE SWING BEARING
INSPECT TIRES/TRACKS
INSPECT CYLINDERS
INSPECT UNDERCARRIAGE
INSPECT/CHANGE FINAL DRIVES
CHECK FAULT CODES
RESET SERVICE METER
",1288,NULL,40,NULL,47443,2694,cd0f5bd4-fdb5-454a-802f-f75483e04167
34586,51991,"2026-07-29 19:49:06",1,0,1,"1000 HR SERVICE (AMER 4250)",1000,NULL,NULL,NULL,NULL,NULL,NULL,NULL,NULL,"SEE EQUIPMENT DETAILS - PARTS TAB OR WRITE IN PARTS USED:

","COMPLETE ALL 500 HR ITEMS
MAIN & AUX HOIST GEAR CASES (DRAIN & FLUSH)
CHANGE SWING DRIVE OIL
CHANGE TRAVEL GEARBOX OIL
SAMPLE HYD FLUID
TORQUE CONVERTER - DRAIN & REFILL
TORQUE CONVERTER - CHANGE FILTER
FLUSH TORQUE COOLER
SPRAG OIL - DRAIN & REFILL
CHAIN CASE - DRAIN, INSPECT & REFILL
UPPER DECK - DRAIN & REFILL
LOWER TUBS - DRAIN & REFILL
LUBRICATE HOIST VALVES",1288,NULL,40,NULL,NULL,2574,d6b2cfff-6fde-4aeb-9f3e-23dd4f3c82b7
34587,51991,"2026-07-29 19:49:36",1,0,1,"500 HR SERVICE (AMER 4250)",500,NULL,NULL,NULL,NULL,NULL,NULL,NULL,NULL,"SEE EQUIPMENT DETAILS - PARTS TAB OR WRITE IN PARTS USED:

","CHANGE ENGINE OIL & FILTER
CHANGE FUEL FILTERS
CHANGE AIR FILTERS
SAMPLE GEARBOX OIL
REPLACE TORQUE CONVERTER / TRANS FILTER
CHECK TORQUE CONVERTER OIL LEVEL
CHECK FAN BELTS
CHECK COOLANT LEVEL
GREASE ALL CRANE LUBRICATION POINTS
CHECK MAIN HOIST GEARCASE OIL LEVEL
CHECK AUX HOIST GEARCASE OIL LEVEL
CHECK PROPEL DRIVE OIL LEVELS
CHECK BATTERIES AND CABLES
INSPECT BRAKES & CLUTCHES",1288,NULL,40,NULL,NULL,2682,6980f523-b9d4-46e0-ad8a-d2e2c7af66e8
36679,51992,"2026-07-31 18:28:52",2,0,1,"20000 MI SERVICE (DUMP TRUCK)",20000,NULL,20000,NULL,NULL,NULL,NULL,NULL,NULL,"SEE EQUIPMENT DETAILS - PARTS TAB OR WRITE IN PARTS USED:

","INCLUDES ALL 6,000 MI SERVICE ITEMS, PLUS:

ENGINE MAINTENANCE:
- CHANGE ENGINE OIL AND FILTER
-REPLACE FUEL FILTERS (PRIMARY AND SECONDARY IF REQUIRED)
-INSPECT SERPENTINE BELTS AND TENSIONERS
-INSPECT COOLING SYSTEM HOSES AND CLAMPS
-CHECK ENGINE MOUNTS

AIR INTAKE SYSTEM:
-INSPECT AIR CLEANER RESTRICTION INDICATOR
-INSPECT AIR FILTER AND REPLACE IF NEEDED
-CHECK TURBOCHARGER CONNECTIONS

DRIVELINE:
-INSPECT DRIVESHAFT
-LUBRICATE U-JOINTS
-INSPECT CARRIER BEARINGS
-CHECK DIFFERENTIAL FLUID LEVELS

TRANSMISSION:
-INSPECT TRANSMISSION FOR LEAKS
-CHECK TRANSMISSION FLUID CONDITION
-INSPECT PTO AND PTO MOUNTS

AXLES & HUBS:
-CHECK AXLE OIL LEVELS
-INSPECT WHEEL SEALS FOR LEAKS
-CHECK HUB OIL LEVELS

BRAKE SYSTEM:
-MEASURE BRAKE LINING THICKNESS
-INSPECT ABS SENSORS AND WIRING
-CHECK BRAKE ADJUSTMENT
-INSPECT FOUNDATION BRAKE COMPONENTS

SUSPENSION:
-TORQUE-CHECK SUSPENSION COMPONENTS
-INSPECT SPRING HANGERS
-CHECK TORQUE RODS AND BUSHINGS
-INSPECT AIR BAGS (IF EQUIPPED)

HYDRAULIC SYSTEM:
-CHECK HYDRAULIC TANK BREATHER
-INSPECT HYDRAULIC FILTER CONDITION
-VERIFY HYDRAULIC PRESSURE AND OPERATION

FRAME & BODY:
-INSPECT FRAME RAILS FOR CRACKS
-CHECK CROSS MEMBERS
-INSPECT DUMP BODY HINGES AND PINS
-CHECK TAILGATE OPERATION AND HARDWARE

SAFETY INSPECTION:
-VERIFY REFLECTIVE TAPE CONDITION
-TEST BACKUP CAMERA (IF EQUIPPED)
",1288,NULL,200,200,47159,2669,187a832c-c130-4452-aa10-438b11a5b829
36681,51992,"2026-07-31 18:29:24",2,0,1,"6000 MI SERVICE (DUMP TRUCK)",NULL,NULL,6000,NULL,NULL,NULL,NULL,NULL,NULL,"SEE EQUIPMENT DETAILS - PARTS TAB OR WRITE IN PARTS USED:
","ENGINE & FLUIDS:
-CHECK ENGINE OIL LEVEL AND CONDITION
-CHANGE ENGINE OIL AND OIL FILTER
-CHECK COOLANT LEVEL AND CONDITION
-CHECK POWER STEERING FLUID
-CHECK TRANSMISSION FLUID LEVEL
-CHECK HYDRAULIC FLUID LEVEL
-CHECK DEF LEVEL AND INSPECT DEF SYSTEM
-DRAIN WATER SEPARATOR AND INSPECT FUEL SYSTEM

BRAKES:
-INSPECT BRAKE LININGS/PADS
-CHECK BRAKE DRUMS/ROTORS
-INSPECT SLACK ADJUSTERS
-CHECK BRAKE CHAMBERS AND HARDWARE
-VERIFY PARKING BRAKE OPERATION

TIRES & WHEELS:
-CHECK TIRE PRESSURE
-MEASURE TREAD DEPTH
-INSPECT FOR CUTS, PUNCTURES, AND UNEVEN WEAR
-CHECK WHEEL NUTS AND RIM CONDITION

STEERING & SUSPENSION:
-INSPECT STEERING LINKAGE
-CHECK KINGPINS AND TIE-ROD ENDS
-LUBRICATE GREASE FITTINGS
-INSPECT SPRINGS, BUSHINGS, SHOCKS, AND U-BOLTS

HYDRAULIC DUMP SYSTEM:
-INSPECT HYDRAULIC CYLINDER FOR LEAKS
-CHECK HOSES AND FITTINGS
-VERIFY DUMP BODY OPERATION
-INSPECT HOIST PIVOTS AND GREASE AS REQUIRED

ELECTRICAL SYSTEM:
-TEST LIGHTS AND SIGNALS
-INSPECT BATTERIES AND CONNECTIONS
-CHECK ALTERNATOR CHARGING VOLTAGE
-INSPECT WIRING FOR DAMAGE

GENERAL INSPECTION:
-CHECK MIRRORS, WINDSHIELD, AND WIPERS
-INSPECT SEAT BELTS
-CHECK HORN AND BACKUP ALARM
-INSPECT PTO OPERATION
-DOCUMENT DEFECTS AND REPAIRS
",1288,NULL,NULL,200,47160,2742,1c5f9448-0c6b-43b4-b1b3-ca5de62e16ba
34692,51995,"2026-07-29 21:15:09",1,0,1,"1000 HR SERVICE (EXCAVATOR)",1000,NULL,NULL,NULL,NULL,NULL,NULL,1000,NULL,"SEE EQUIPMENT DETAILS - PARTS TAB OR WRITE IN PARTS USED:
","INCLUDES ALL 500 HR TASKS, PLUS:
REPLACE HYDRAULIC RETURN FILTER
REPLACE PILOT FILTER
INSPECT PUMPS
INSPECT SWING DRIVE
INSPECT ROLLERS
INSPECT IDLERS
INSPECT TRACK CHAINS
PERFORM DIAGNOSTIC SCAN
",1288,NULL,40,NULL,47477,2585,f305cf53-5f97-45d3-ac8a-a26bff868036
34744,51995,"2026-07-29 21:16:13",1,0,1,"2000 HR SERVICE (EXCAVATOR)",2000,NULL,NULL,NULL,NULL,NULL,NULL,NULL,NULL,"SEE EQUIPMENT DETAILS - PARTS TAB OR WRITE IN PARTS USED:
","INCLUDES ALL 1000 HR TASKS
SAMPLE HYDRAULIC OIL
REPLACE COOLANT
INSPECT MAIN PUMPS
INSPECT SWING GEARBOX
INSPECT TRAVEL GEARBOXES
HYDRAULIC PERFORMANCE TEST
",1288,NULL,40,NULL,NULL,2633,ec3a2d29-8e87-4d81-b609-1e14a28d9283
34796,51995,"2026-07-29 21:17:21",1,0,1,"500 HR SERVICE (EXCAVATOR)",500,NULL,NULL,NULL,NULL,NULL,NULL,NULL,NULL,"SEE EQUIPMENT DETAILS - PARTS TAB OR WRITE IN PARTS USED:
","CHANGE ENGINE OIL
REPLACE ENGINE OIL FILTER
REPLACE FUEL FILTERS
REPLACE AIR FILTERS
CHECK ALL FLUIDS
GREASE BOOM PINS & BUSHINGS
GREASE STICK PINS
GREASE BUCKET PINS
GREASE SWING BEARING
INSPECT TIRES/TRACKS
INSPECT CYLINDERS
INSPECT UNDERCARRIAGE
INSPECT/CHANGE FINAL DRIVES
CHECK FAULT CODES
RESET SERVICE METER
",1288,NULL,40,NULL,47478,2694,d3362996-4f2b-4e61-b129-5f2da19b4e8d
35974,51996,"2026-07-31 15:57:15",1,1,0,"500 HR SERVICE (PRESSURE WASHER)",500,NULL,NULL,NULL,NULL,NULL,NULL,NULL,NULL,"SEE EQUIPMENT DETAILS - PARTS TAB OR WRITE IN PARTS USED:
","CHANGE ENGINE OIL & FILTER
REPLACE AIR FILTER
REPLACE FUEL FILTER
SPARK PLUG CLEANING & REPLACEMENT
INSPECT & CLEAN MUFFLER (AND SPARK ARRESTOR IF EQUIPPED)",1288,NULL,40,NULL,NULL,2723,968b65e6-c334-466b-be61-bdd03a37565e
35975,51996,"2026-07-31 15:57:18",1,0,1,"500 HR SERVICE (PRESSURE WASHER)",500,NULL,NULL,NULL,NULL,NULL,NULL,NULL,NULL,"SEE EQUIPMENT DETAILS - PARTS TAB OR WRITE IN PARTS USED:
","CHANGE ENGINE OIL & FILTER
REPLACE AIR FILTER
REPLACE FUEL FILTER
SPARK PLUG CLEANING & REPLACEMENT
INSPECT & CLEAN MUFFLER (AND SPARK ARRESTOR IF EQUIPPED)",1288,NULL,40,NULL,NULL,2723,0f9e47a6-ac10-418b-bd8c-91149ca89faf
35982,51996,"2026-07-31 15:57:58",4,0,1,"INITIAL 40 HR BREAK-IN SERVICE (PRESSURE WASHER)",NULL,NULL,NULL,NULL,NULL,NULL,NULL,40,NULL,"SEE EQUIPMENT DETAILS - PARTS TAB OR WRITE IN PARTS USED:
","CHANGE PUMP OIL AFTER INITIAL 40 HOURS OF USE",1288,NULL,5,NULL,NULL,2761,2e8ef1f8-d029-4171-a144-4187a822f672
36970,51998,"2026-08-04 19:00:02",1,0,1,"100 HR SERVICE (RR-KNUCKLE/GRAPPLE/BOOM/DUMP/CONCRETE TRUCK)",100,NULL,NULL,NULL,NULL,NULL,NULL,NULL,NULL,"SEE EQUIPMENT DETAILS - PARTS TAB OR WRITE IN PARTS USED:

","CHANGE ENGINE OIL & FILTER
CHANGE AIR FILTERS
REPLACE FUEL FILTERS
DRAIN WATER SEPARATOR
CHECK DEF LEVEL
CHECK COOLANT LEVEL
INSPECT BELTS
INSPECT AIR FILTER
CHECK BATTERIES
CHECK LIGHTS
CHECK BRAKES
CHECK TIRES
CHECK WHEEL TORQUE
INSPECT DRIVELINE
GREASE CHASSIS FITTINGS
CHECK ACTIVE FAULT CODES

",1288,NULL,20,NULL,NULL,2570,ffabe525-4956-4d3c-998c-4eb8f5758db1
36971,51998,"2026-08-04 19:00:28",2,0,1,"6000 MI SERVICE (RR-KNUCKLE/GRAPPLE/BOOM/DUMP/CONCRETE TRUCK",NULL,NULL,6000,NULL,NULL,NULL,NULL,NULL,NULL,"SEE EQUIPMENT DETAILS - PARTS TAB OR WRITE IN PARTS USED:

","ENGINE & FLUIDS:
-CHECK ENGINE OIL LEVEL AND CONDITION
-CHANGE ENGINE OIL AND OIL FILTER
-CHECK COOLANT LEVEL AND CONDITION
-CHECK POWER STEERING FLUID
-CHECK TRANSMISSION FLUID LEVEL
-CHECK HYDRAULIC FLUID LEVEL
-CHECK DEF LEVEL AND INSPECT DEF SYSTEM
-DRAIN WATER SEPARATOR AND INSPECT FUEL SYSTEM

BRAKES:
-INSPECT BRAKE LININGS/PADS
-CHECK BRAKE DRUMS/ROTORS
-INSPECT SLACK ADJUSTERS
-CHECK BRAKE CHAMBERS AND HARDWARE
-VERIFY PARKING BRAKE OPERATION

TIRES & WHEELS:
-CHECK TIRE PRESSURE
-MEASURE TREAD DEPTH
-INSPECT FOR CUTS, PUNCTURES, AND UNEVEN WEAR
-CHECK WHEEL NUTS AND RIM CONDITION

STEERING & SUSPENSION:
-INSPECT STEERING LINKAGE
-CHECK KINGPINS AND TIE-ROD ENDS
-LUBRICATE GREASE FITTINGS
-INSPECT SPRINGS, BUSHINGS, SHOCKS, AND U-BOLTS

HYDRAULIC DUMP SYSTEM:
-INSPECT HYDRAULIC CYLINDER FOR LEAKS
-CHECK HOSES AND FITTINGS
-VERIFY DUMP BODY OPERATION
-INSPECT HOIST PIVOTS AND GREASE AS REQUIRED

ELECTRICAL SYSTEM:
-TEST LIGHTS AND SIGNALS
-INSPECT BATTERIES AND CONNECTIONS
-CHECK ALTERNATOR CHARGING VOLTAGE
-INSPECT WIRING FOR DAMAGE

GENERAL INSPECTION:
-CHECK MIRRORS, WINDSHIELD, AND WIPERS
-INSPECT SEAT BELTS
-CHECK HORN AND BACKUP ALARM
-INSPECT PTO OPERATION
-DOCUMENT DEFECTS AND REPAIRS",1288,NULL,NULL,200,NULL,2749,d123b76e-502b-4bde-b3f5-59d62fdee418
35076,51999,"2026-07-30 16:15:32",1,0,1,"1000 HR SERVICE (WATER TRUCK)",1000,NULL,NULL,NULL,NULL,NULL,NULL,NULL,NULL,"SEE EQUIPMENT DETAILS - PARTS TAB OR WRITE IN PARTS USED:
","INCLUDES ALL 500 HR TASKS +
REPLACE AIR FILTER
REPLACE TRANSMISSION FILTER
CHECK AXLE OIL LEVELS
INSPECT U-JOINTS
CHECK BRAKE LININGS
CHECK SLACK ADJUSTERS
CHECK CHARGING SYSTEM
PERFORM DIAGNOSTIC SCAN
",1288,NULL,40,NULL,47187,2619,82a0359f-4c2d-4c65-b770-b21abd3d2ae5
35085,51999,"2026-07-30 16:16:14",1,0,1,"2000 HR SERVICE (WATER TRUCK)",2000,NULL,NULL,NULL,NULL,NULL,NULL,NULL,NULL,"SEE EQUIPMENT DETAILS - PARTS TAB OR WRITE IN PARTS USED:
","INCLUDES ALL 1000 HR TASKS
SAMPLE HYDRAULIC OIL
REPLACE COOLANT
INSPECT DIFFERENTIALS
INSPECT TRANSMISSION
INSPECT TURBOCHARGER
INSPECT ENGINE MOUNTS
ENGINE PERFORMANCE TEST
",1288,NULL,40,NULL,47188,2663,3ed3ceb8-9f68-4192-a414-915c9579545b
35094,51999,"2026-07-30 16:16:52",2,0,1,"20000 MI SERVICE (WATER TRUCK)",NULL,NULL,20000,NULL,NULL,NULL,NULL,NULL,NULL,"SEE EQUIPMENT DETAILS - PARTS TAB OR WRITE IN PARTS USED:
","INCLUDES ALL 6,000 MI SERVICE ITEMS, PLUS:

ENGINE MAINTENANCE:
- CHANGE ENGINE OIL AND FILTER
-REPLACE FUEL FILTERS (PRIMARY AND SECONDARY IF REQUIRED)
-INSPECT SERPENTINE BELTS AND TENSIONERS
-INSPECT COOLING SYSTEM HOSES AND CLAMPS
-CHECK ENGINE MOUNTS

AIR INTAKE SYSTEM:
-INSPECT AIR CLEANER RESTRICTION INDICATOR
-INSPECT AIR FILTER AND REPLACE IF NEEDED
-CHECK TURBOCHARGER CONNECTIONS

DRIVELINE:
-INSPECT DRIVESHAFT
-LUBRICATE U-JOINTS
-INSPECT CARRIER BEARINGS
-CHECK DIFFERENTIAL FLUID LEVELS

TRANSMISSION:
-INSPECT TRANSMISSION FOR LEAKS
-CHECK TRANSMISSION FLUID CONDITION
-INSPECT PTO AND PTO MOUNTS

AXLES & HUBS:
-CHECK AXLE OIL LEVELS
-INSPECT WHEEL SEALS FOR LEAKS
-CHECK HUB OIL LEVELS

BRAKE SYSTEM:
-MEASURE BRAKE LINING THICKNESS
-INSPECT ABS SENSORS AND WIRING
-CHECK BRAKE ADJUSTMENT
-INSPECT FOUNDATION BRAKE COMPONENTS

SUSPENSION:
-TORQUE-CHECK SUSPENSION COMPONENTS
-INSPECT SPRING HANGERS
-CHECK TORQUE RODS AND BUSHINGS
-INSPECT AIR BAGS (IF EQUIPPED)

HYDRAULIC SYSTEM:
-CHECK HYDRAULIC TANK BREATHER
-INSPECT HYDRAULIC FILTER CONDITION
-VERIFY HYDRAULIC PRESSURE AND OPERATION

FRAME & BODY:
-INSPECT FRAME RAILS FOR CRACKS
-CHECK CROSS MEMBERS
-INSPECT DUMP BODY HINGES AND PINS
-CHECK TAILGATE OPERATION AND HARDWARE

SAFETY INSPECTION:
-VERIFY REFLECTIVE TAPE CONDITION
-TEST BACKUP CAMERA (IF EQUIPPED)
",1288,NULL,NULL,200,47191,2673,58debfc9-c107-480e-8ee0-bd7156f52649
35103,51999,"2026-07-30 16:17:26",1,0,1,"500 HR SERVICE (WATER TRUCK)",500,NULL,NULL,NULL,NULL,NULL,NULL,NULL,NULL,"SEE EQUIPMENT DETAILS - PARTS TAB OR WRITE IN PARTS USED:
","CHANGE ENGINE OIL & FILTER
CHANGE AIR FILTERS
REPLACE FUEL FILTERS
DRAIN WATER SEPARATOR
CHECK DEF LEVEL
CHECK COOLANT LEVEL
INSPECT BELTS
INSPECT AIR FILTER
CHECK BATTERIES
CHECK LIGHTS
CHECK BRAKES
CHECK TIRES
CHECK WHEEL TORQUE
INSPECT DRIVELINE
GREASE CHASSIS FITTINGS
CHECK ACTIVE FAULT CODES
",1288,NULL,40,NULL,47189,2735,f445a15b-f51d-4132-9b20-e87c90bfefda
35112,51999,"2026-07-30 16:18:30",2,0,1,"6000 MI SERVICE (WATER TRUCK)",NULL,NULL,6000,NULL,NULL,NULL,NULL,NULL,NULL,"SEE EQUIPMENT DETAILS - PARTS TAB OR WRITE IN PARTS USED:","ENGINE & FLUIDS:
-CHECK ENGINE OIL LEVEL AND CONDITION
-CHANGE ENGINE OIL AND OIL FILTER
-CHECK COOLANT LEVEL AND CONDITION
-CHECK POWER STEERING FLUID
-CHECK TRANSMISSION FLUID LEVEL
-CHECK HYDRAULIC FLUID LEVEL
-CHECK DEF LEVEL AND INSPECT DEF SYSTEM
-DRAIN WATER SEPARATOR AND INSPECT FUEL SYSTEM

BRAKES:
-INSPECT BRAKE LININGS/PADS
-CHECK BRAKE DRUMS/ROTORS
-INSPECT SLACK ADJUSTERS
-CHECK BRAKE CHAMBERS AND HARDWARE
-VERIFY PARKING BRAKE OPERATION

TIRES & WHEELS:
-CHECK TIRE PRESSURE
-MEASURE TREAD DEPTH
-INSPECT FOR CUTS, PUNCTURES, AND UNEVEN WEAR
-CHECK WHEEL NUTS AND RIM CONDITION

STEERING & SUSPENSION:
-INSPECT STEERING LINKAGE
-CHECK KINGPINS AND TIE-ROD ENDS
-LUBRICATE GREASE FITTINGS
-INSPECT SPRINGS, BUSHINGS, SHOCKS, AND U-BOLTS

HYDRAULIC DUMP SYSTEM:
-INSPECT HYDRAULIC CYLINDER FOR LEAKS
-CHECK HOSES AND FITTINGS
-VERIFY DUMP BODY OPERATION
-INSPECT HOIST PIVOTS AND GREASE AS REQUIRED

ELECTRICAL SYSTEM:
-TEST LIGHTS AND SIGNALS
-INSPECT BATTERIES AND CONNECTIONS
-CHECK ALTERNATOR CHARGING VOLTAGE
-INSPECT WIRING FOR DAMAGE

GENERAL INSPECTION:
-CHECK MIRRORS, WINDSHIELD, AND WIPERS
-INSPECT SEAT BELTS
-CHECK HORN AND BACKUP ALARM
-INSPECT PTO OPERATION
-DOCUMENT DEFECTS AND REPAIRS
",1288,NULL,NULL,200,47183,2747,b423f2eb-c0ac-4506-9a7e-322e738d36fe
34916,52001,"2026-07-30 14:45:58",1,0,1,"1000 HR SERVICE (HAUL TRUCK)",1000,NULL,NULL,NULL,NULL,NULL,NULL,NULL,NULL,"SEE EQUIPMENT DETAILS - PARTS TAB OR WRITE IN PARTS USED:
","INCLUDES ALL 500 HR TASKS
REPLACE HYDRAULIC RETURN FILTER
REPLACE TRANSMISSION FILTER
INSPECT DRIVELINES
INSPECT AXLES
INSPECT DIFFERENTIALS
INSPECT SUSPENSION
CHECK SERVICE BRAKES
CHECK PARKING BRAKE
PERFORM DIAGNOSTIC SCAN
",1288,NULL,40,NULL,47157,2595,11a99ba0-0d3f-4188-bd0c-0eb25e10c40e
34920,52001,"2026-07-30 14:46:14",1,0,1,"2000 HR SERVICE (HAUL TRUCK)",2000,NULL,NULL,NULL,NULL,NULL,NULL,NULL,NULL,"SEE EQUIPMENT DETAILS - PARTS TAB OR WRITE IN PARTS USED:
","INCLUDES ALL 1000 HR TASKS
SAMPLE HYDRAULIC OIL
REPLACE COOLANT
INSPECT TRANSMISSION
INSPECT DIFFERENTIALS
INSPECT FINAL DRIVES
INSPECT TURBOCHARGER
ENGINE PERFORMANCE TEST
HYDRAULIC PERFORMANCE TEST
BRAKE PERFORMANCE TEST
",1288,NULL,40,NULL,47158,2643,5df303ec-5778-4456-bd38-aaf9b6cc1ea0
34924,52001,"2026-07-30 14:46:32",1,0,1,"500 HR SERVICE (HAUL TRUCK)",500,NULL,NULL,NULL,NULL,NULL,NULL,NULL,NULL,"SEE EQUIPMENT DETAILS - PARTS TAB OR WRITE IN PARTS USED:","CHANGE ENGINE OIL
REPLACE ENGINE OIL FILTER
REPLACE FUEL FILTERS
DRAIN WATER SEPARATOR
INSPECT AIR FILTER
CHECK COOLANT LEVEL
CHECK BATTERY
INSPECT FRAME
INSPECT BODY PINS
INSPECT HOIST CYLINDERS
INSPECT STEERING CYLINDERS
INSPECT HYDRAULIC HOSES
CHECK TIRE CONDITION
CHECK TIRE PRESSURES
GREASE CHASSIS FITTINGS
CHECK FAULT CODES
OPERATIONAL TEST
",1288,NULL,40,NULL,47155,2706,0374160f-d7b4-4187-9f29-975dbb843a5e
34722,52003,"2026-07-29 21:15:34",1,0,1,"1000 HR SERVICE (EXCAVATOR)",1000,NULL,NULL,NULL,NULL,NULL,NULL,1000,NULL,"SEE EQUIPMENT DETAILS - PARTS TAB OR WRITE IN PARTS USED:
","INCLUDES ALL 500 HR TASKS, PLUS:
REPLACE HYDRAULIC RETURN FILTER
REPLACE PILOT FILTER
INSPECT PUMPS
INSPECT SWING DRIVE
INSPECT ROLLERS
INSPECT IDLERS
INSPECT TRACK CHAINS
PERFORM DIAGNOSTIC SCAN
",1288,NULL,40,NULL,47481,2585,09bb4627-388c-4f5b-ae64-30c41a71a19d
34774,52003,"2026-07-29 21:16:36",1,0,1,"2000 HR SERVICE (EXCAVATOR)",2000,NULL,NULL,NULL,NULL,NULL,NULL,NULL,NULL,"SEE EQUIPMENT DETAILS - PARTS TAB OR WRITE IN PARTS USED:
","INCLUDES ALL 1000 HR TASKS
SAMPLE HYDRAULIC OIL
REPLACE COOLANT
INSPECT MAIN PUMPS
INSPECT SWING GEARBOX
INSPECT TRAVEL GEARBOXES
HYDRAULIC PERFORMANCE TEST
",1288,NULL,40,NULL,47484,2633,5e4ab885-85e5-45ad-9fe9-e17d61105e82
34826,52003,"2026-07-29 21:17:44",1,0,1,"500 HR SERVICE (EXCAVATOR)",500,NULL,NULL,NULL,NULL,NULL,NULL,NULL,NULL,"SEE EQUIPMENT DETAILS - PARTS TAB OR WRITE IN PARTS USED:
","CHANGE ENGINE OIL
REPLACE ENGINE OIL FILTER
REPLACE FUEL FILTERS
REPLACE AIR FILTERS
CHECK ALL FLUIDS
GREASE BOOM PINS & BUSHINGS
GREASE STICK PINS
GREASE BUCKET PINS
GREASE SWING BEARING
INSPECT TIRES/TRACKS
INSPECT CYLINDERS
INSPECT UNDERCARRIAGE
INSPECT/CHANGE FINAL DRIVES
CHECK FAULT CODES
RESET SERVICE METER
",1288,NULL,40,NULL,47482,2694,574a4088-fd57-4077-b3e2-2f134e3f3a11
35319,52005,"2026-07-30 19:12:11",1,0,1,"1000 HR SERVICE (SKIDSTEER)",1000,NULL,NULL,NULL,NULL,NULL,NULL,NULL,NULL,"SEE EQUIPMENT DETAILS - PARTS TAB OR WRITE IN PARTS USED:","PERFORM ALL 500 HR TASKS
REPLACE HYDRAULIC RETURN FILTER
REPLACE CASE DRAIN FILTER
INSPECT LOADER LINKAGE
INSPECT CYLINDERS
INSPECT UNDERCARRIAGE WEAR
CHECK HYDRAULIC PRESSURES
PERFORM DIAGNOSTIC SCAN
",1288,NULL,40,NULL,47460,2613,20ccaa19-b6e7-44bc-8c8c-d03cabeed0b4
35354,52005,"2026-07-30 19:13:02",1,0,1,"2000 HR SERVICE (SKIDSTEER)",2000,NULL,NULL,NULL,NULL,NULL,NULL,NULL,NULL,"SEE EQUIPMENT DETAILS - PARTS TAB OR WRITE IN PARTS USED:","PERFORM ALL 1000 HR TASKS
SAMPLE HYDRAULIC OIL
REPLACE COOLANT
INSPECT HYDRAULIC PUMPS
INSPECT FINAL DRIVES
INSPECT TURBOCHARGER
",1288,NULL,40,NULL,47461,2657,8f5ae7b5-d502-4b5d-a8ae-51f9736ef7b9
35389,52005,"2026-07-30 19:13:54",1,0,1,"500 HR SERVICE (SKIDSTEER)",500,NULL,NULL,NULL,NULL,NULL,NULL,NULL,NULL,"SEE EQUIPMENT DETAILS - PARTS TAB OR WRITE IN FILTERS USED:","CHANGE ENGINE OIL
REPLACE ENGINE OIL FILTER
REPLACE FUEL FILTERS
DRAIN WATER SEPARATOR
CHECK TRACK TENSION
INSPECT SPROCKETS
INSPECT IDLERS
INSPECT DRIVE MOTORS
INSPECT HYDRAULIC HOSES
GREASE ALL PIVOTS
CHECK FAULT CODES

",1288,NULL,40,NULL,47462,2725,902b5e4f-f9f2-4101-b971-b0878f91046d
35320,52006,"2026-07-30 19:12:12",1,0,1,"1000 HR SERVICE (SKIDSTEER)",1000,NULL,NULL,NULL,NULL,NULL,NULL,NULL,NULL,"SEE EQUIPMENT DETAILS - PARTS TAB OR WRITE IN PARTS USED:","PERFORM ALL 500 HR TASKS
REPLACE HYDRAULIC RETURN FILTER
REPLACE CASE DRAIN FILTER
INSPECT LOADER LINKAGE
INSPECT CYLINDERS
INSPECT UNDERCARRIAGE WEAR
CHECK HYDRAULIC PRESSURES
PERFORM DIAGNOSTIC SCAN
",1288,NULL,40,NULL,47463,2613,5949ba83-6d07-45ee-9ffe-d38680287411
35355,52006,"2026-07-30 19:13:03",1,0,1,"2000 HR SERVICE (SKIDSTEER)",2000,NULL,NULL,NULL,NULL,NULL,NULL,NULL,NULL,"SEE EQUIPMENT DETAILS - PARTS TAB OR WRITE IN PARTS USED:","PERFORM ALL 1000 HR TASKS
SAMPLE HYDRAULIC OIL
REPLACE COOLANT
INSPECT HYDRAULIC PUMPS
INSPECT FINAL DRIVES
INSPECT TURBOCHARGER
",1288,NULL,40,NULL,NULL,2657,5db6162a-c7af-4cc9-abd1-9e04b4ea6f7b
35390,52006,"2026-07-30 19:13:55",1,0,1,"500 HR SERVICE (SKIDSTEER)",500,NULL,NULL,NULL,NULL,NULL,NULL,NULL,NULL,"SEE EQUIPMENT DETAILS - PARTS TAB OR WRITE IN FILTERS USED:","CHANGE ENGINE OIL
REPLACE ENGINE OIL FILTER
REPLACE FUEL FILTERS
DRAIN WATER SEPARATOR
CHECK TRACK TENSION
INSPECT SPROCKETS
INSPECT IDLERS
INSPECT DRIVE MOTORS
INSPECT HYDRAULIC HOSES
GREASE ALL PIVOTS
CHECK FAULT CODES

",1288,NULL,40,NULL,47464,2725,c876bc0d-7ab7-4e4c-91f4-d65d6a492b7d
35914,52009,"2026-07-31 15:45:28",3,0,1,"CALIBRATION - (MASTER TAPE)  - 1825 DAY - REPLACE",NULL,1825,NULL,NULL,NULL,NULL,NULL,NULL,NULL,,"*NOTICE TO REPLACE MASTER TAPES AFTER 5-YEAR TO AVOID CALIBRATION PAPERWORK. ",1288,7,NULL,NULL,46957,2753,7afc7289-6967-4994-a80d-cdbda6cf1dce
35070,52011,"2026-07-30 16:09:05",1,0,1,"1000 HR SERVICE (LINKBELT LS338)",1000,NULL,NULL,NULL,NULL,NULL,NULL,NULL,NULL,"SEE EQUIPMENT DETAILS - PARTS TAB OR WRITE IN PARTS USED:
","• COMPLETE ALL 500 HOUR ITEMS
• CHANGE SWING MACHINERY OIL
• CHANGE MAIN HOIST GEARCASE OIL
• CHANGE AUXILIARY HOIST GEARCASE OIL
• CHANGE PROPEL MACHINERY OIL
• CHANGE TORQUE CONVERTER / TRANSMISSION OIL
• REPLACE TORQUE CONVERTER FILTER
• CLEAN TRANSMISSION SUCTION SCREEN
• CHECK TRANSMISSION PRESSURES
• INSPECT SWING BEARING BOLTS
• INSPECT BOOM STRUCTURE
• INSPECT CARBODY AND CRAWLER FRAME
• CHECK SAFETY DEVICES AND LIMIT SWITCHES",1288,NULL,40,NULL,48173,2599,d7131ad2-0371-4b84-ba44-84792cc32798
35071,52011,"2026-07-30 16:10:30",1,0,1,"2000 HR SERVICE (LINKBELT LS338)",2000,NULL,NULL,NULL,NULL,NULL,NULL,NULL,NULL,"SEE EQUIPMENT DETAILS - PARTS TAB OR WRITE IN PARTS USED:
","• COMPLETE ALL 1000 HOUR ITEMS
• DRAIN, FLUSH AND REPLACE COOLANT
• CHANGE ALL GEARCASE OILS
• CHANGE TORQUE CONVERTER / TRANSMISSION OIL
• REPLACE TORQUE CONVERTER FILTER
• REMOVE AND CLEAN SUCTION SCREEN
• INSPECT TORQUE CONVERTER DRIVE COMPONENTS
• INSPECT TRANSMISSION PUMP OUTPUT
• INSPECT SWING BEARING CONDITION
• INSPECT DRUMS, SHAFTS AND BEARINGS
• INSPECT SHEAVES FOR WEAR
• INSPECT HOOK BLOCKS
• PERFORM STRUCTURAL INSPECTION
• PERFORM FULL FUNCTION TEST
",1288,NULL,40,NULL,NULL,2654,d2ba819f-c7ed-4aab-8bfa-21e9bc3629d8
35072,52011,"2026-07-30 16:10:52",1,0,1,"500 HR SERVICE (LINKBELT LS338)",500,NULL,NULL,NULL,NULL,NULL,NULL,NULL,NULL,"SEE EQUIPMENT DETAILS - PARTS TAB OR WRITE IN PARTS USED:

","• CHANGE ENGINE OIL & FILTER(S)
• REPLACE PRIMARY FUEL FILTER
• REPLACE SECONDARY FUEL FILTER
• INSPECT AIR FILTER RESTRICTION INDICATOR
• CHECK COOLANT LEVEL
• CHECK BELTS AND HOSES
• GREASE ALL LUBRICATION POINTS
• CHECK HYDRAULIC OIL LEVEL
• REPLACE HYDRAULIC RETURN FILTER(S)
• CHECK SWING MACHINERY OIL LEVEL
• CHECK PROPEL GEARCASE OIL LEVELS
• INSPECT WIRE ROPES
• INSPECT BOOM AND GANTRY PINS
• INSPECT HOOK BLOCKS
• INSPECT BRAKES
• INSPECT TRACKS, ROLLERS AND IDLERS
• CHECK BATTERIES AND CABLES
• INSPECT HYDRAULIC HOSES FOR LEAKS
",1288,NULL,40,NULL,48174,2711,82a23d8f-baef-4316-ab8a-060879983a32
35080,52012,"2026-07-30 16:15:34",1,0,1,"1000 HR SERVICE (WATER TRUCK)",1000,NULL,NULL,NULL,NULL,NULL,NULL,NULL,NULL,"SEE EQUIPMENT DETAILS - PARTS TAB OR WRITE IN PARTS USED:
","INCLUDES ALL 500 HR TASKS +
REPLACE AIR FILTER
REPLACE TRANSMISSION FILTER
CHECK AXLE OIL LEVELS
INSPECT U-JOINTS
CHECK BRAKE LININGS
CHECK SLACK ADJUSTERS
CHECK CHARGING SYSTEM
PERFORM DIAGNOSTIC SCAN
",1288,NULL,40,NULL,47212,2619,06a311d9-e7cf-496c-8c56-3b1831553006
35089,52012,"2026-07-30 16:16:16",1,0,1,"2000 HR SERVICE (WATER TRUCK)",2000,NULL,NULL,NULL,NULL,NULL,NULL,NULL,NULL,"SEE EQUIPMENT DETAILS - PARTS TAB OR WRITE IN PARTS USED:
","INCLUDES ALL 1000 HR TASKS
SAMPLE HYDRAULIC OIL
REPLACE COOLANT
INSPECT DIFFERENTIALS
INSPECT TRANSMISSION
INSPECT TURBOCHARGER
INSPECT ENGINE MOUNTS
ENGINE PERFORMANCE TEST
",1288,NULL,40,NULL,47213,2663,deb72508-5f6f-4164-abcf-1c1b7d39e732
35098,52012,"2026-07-30 16:16:54",2,0,1,"20000 MI SERVICE (WATER TRUCK)",NULL,NULL,20000,NULL,NULL,NULL,NULL,NULL,NULL,"SEE EQUIPMENT DETAILS - PARTS TAB OR WRITE IN PARTS USED:
","INCLUDES ALL 6,000 MI SERVICE ITEMS, PLUS:

ENGINE MAINTENANCE:
- CHANGE ENGINE OIL AND FILTER
-REPLACE FUEL FILTERS (PRIMARY AND SECONDARY IF REQUIRED)
-INSPECT SERPENTINE BELTS AND TENSIONERS
-INSPECT COOLING SYSTEM HOSES AND CLAMPS
-CHECK ENGINE MOUNTS

AIR INTAKE SYSTEM:
-INSPECT AIR CLEANER RESTRICTION INDICATOR
-INSPECT AIR FILTER AND REPLACE IF NEEDED
-CHECK TURBOCHARGER CONNECTIONS

DRIVELINE:
-INSPECT DRIVESHAFT
-LUBRICATE U-JOINTS
-INSPECT CARRIER BEARINGS
-CHECK DIFFERENTIAL FLUID LEVELS

TRANSMISSION:
-INSPECT TRANSMISSION FOR LEAKS
-CHECK TRANSMISSION FLUID CONDITION
-INSPECT PTO AND PTO MOUNTS

AXLES & HUBS:
-CHECK AXLE OIL LEVELS
-INSPECT WHEEL SEALS FOR LEAKS
-CHECK HUB OIL LEVELS

BRAKE SYSTEM:
-MEASURE BRAKE LINING THICKNESS
-INSPECT ABS SENSORS AND WIRING
-CHECK BRAKE ADJUSTMENT
-INSPECT FOUNDATION BRAKE COMPONENTS

SUSPENSION:
-TORQUE-CHECK SUSPENSION COMPONENTS
-INSPECT SPRING HANGERS
-CHECK TORQUE RODS AND BUSHINGS
-INSPECT AIR BAGS (IF EQUIPPED)

HYDRAULIC SYSTEM:
-CHECK HYDRAULIC TANK BREATHER
-INSPECT HYDRAULIC FILTER CONDITION
-VERIFY HYDRAULIC PRESSURE AND OPERATION

FRAME & BODY:
-INSPECT FRAME RAILS FOR CRACKS
-CHECK CROSS MEMBERS
-INSPECT DUMP BODY HINGES AND PINS
-CHECK TAILGATE OPERATION AND HARDWARE

SAFETY INSPECTION:
-VERIFY REFLECTIVE TAPE CONDITION
-TEST BACKUP CAMERA (IF EQUIPPED)
",1288,NULL,NULL,200,47210,2673,19c45eba-9d1f-433d-8db9-df79bf5e0587
35107,52012,"2026-07-30 16:17:29",1,0,1,"500 HR SERVICE (WATER TRUCK)",500,NULL,NULL,NULL,NULL,NULL,NULL,NULL,NULL,"SEE EQUIPMENT DETAILS - PARTS TAB OR WRITE IN PARTS USED:
","CHANGE ENGINE OIL & FILTER
CHANGE AIR FILTERS
REPLACE FUEL FILTERS
DRAIN WATER SEPARATOR
CHECK DEF LEVEL
CHECK COOLANT LEVEL
INSPECT BELTS
INSPECT AIR FILTER
CHECK BATTERIES
CHECK LIGHTS
CHECK BRAKES
CHECK TIRES
CHECK WHEEL TORQUE
INSPECT DRIVELINE
GREASE CHASSIS FITTINGS
CHECK ACTIVE FAULT CODES
",1288,NULL,40,NULL,47211,2735,ec0e8fdf-1087-4b67-9e72-e11d0d8dcfd7
35116,52012,"2026-07-30 16:18:33",2,0,1,"6000 MI SERVICE (WATER TRUCK)",NULL,NULL,6000,NULL,NULL,NULL,NULL,NULL,NULL,"SEE EQUIPMENT DETAILS - PARTS TAB OR WRITE IN PARTS USED:","ENGINE & FLUIDS:
-CHECK ENGINE OIL LEVEL AND CONDITION
-CHANGE ENGINE OIL AND OIL FILTER
-CHECK COOLANT LEVEL AND CONDITION
-CHECK POWER STEERING FLUID
-CHECK TRANSMISSION FLUID LEVEL
-CHECK HYDRAULIC FLUID LEVEL
-CHECK DEF LEVEL AND INSPECT DEF SYSTEM
-DRAIN WATER SEPARATOR AND INSPECT FUEL SYSTEM

BRAKES:
-INSPECT BRAKE LININGS/PADS
-CHECK BRAKE DRUMS/ROTORS
-INSPECT SLACK ADJUSTERS
-CHECK BRAKE CHAMBERS AND HARDWARE
-VERIFY PARKING BRAKE OPERATION

TIRES & WHEELS:
-CHECK TIRE PRESSURE
-MEASURE TREAD DEPTH
-INSPECT FOR CUTS, PUNCTURES, AND UNEVEN WEAR
-CHECK WHEEL NUTS AND RIM CONDITION

STEERING & SUSPENSION:
-INSPECT STEERING LINKAGE
-CHECK KINGPINS AND TIE-ROD ENDS
-LUBRICATE GREASE FITTINGS
-INSPECT SPRINGS, BUSHINGS, SHOCKS, AND U-BOLTS

HYDRAULIC DUMP SYSTEM:
-INSPECT HYDRAULIC CYLINDER FOR LEAKS
-CHECK HOSES AND FITTINGS
-VERIFY DUMP BODY OPERATION
-INSPECT HOIST PIVOTS AND GREASE AS REQUIRED

ELECTRICAL SYSTEM:
-TEST LIGHTS AND SIGNALS
-INSPECT BATTERIES AND CONNECTIONS
-CHECK ALTERNATOR CHARGING VOLTAGE
-INSPECT WIRING FOR DAMAGE

GENERAL INSPECTION:
-CHECK MIRRORS, WINDSHIELD, AND WIPERS
-INSPECT SEAT BELTS
-CHECK HORN AND BACKUP ALARM
-INSPECT PTO OPERATION
-DOCUMENT DEFECTS AND REPAIRS
",1288,NULL,NULL,200,47209,2747,255153a5-7d5c-449f-9eb1-70198dbbef63
35074,52013,"2026-07-30 16:15:30",1,0,1,"1000 HR SERVICE (WATER TRUCK)",1000,NULL,NULL,NULL,NULL,NULL,NULL,NULL,NULL,"SEE EQUIPMENT DETAILS - PARTS TAB OR WRITE IN PARTS USED:
","INCLUDES ALL 500 HR TASKS +
REPLACE AIR FILTER
REPLACE TRANSMISSION FILTER
CHECK AXLE OIL LEVELS
INSPECT U-JOINTS
CHECK BRAKE LININGS
CHECK SLACK ADJUSTERS
CHECK CHARGING SYSTEM
PERFORM DIAGNOSTIC SCAN
",1288,NULL,40,NULL,NULL,2619,dcc1bdb3-d443-42bd-9cab-7475aed7ccc5
35083,52013,"2026-07-30 16:16:13",1,0,1,"2000 HR SERVICE (WATER TRUCK)",2000,NULL,NULL,NULL,NULL,NULL,NULL,NULL,NULL,"SEE EQUIPMENT DETAILS - PARTS TAB OR WRITE IN PARTS USED:
","INCLUDES ALL 1000 HR TASKS
SAMPLE HYDRAULIC OIL
REPLACE COOLANT
INSPECT DIFFERENTIALS
INSPECT TRANSMISSION
INSPECT TURBOCHARGER
INSPECT ENGINE MOUNTS
ENGINE PERFORMANCE TEST
",1288,NULL,40,NULL,NULL,2663,c7334d6d-d024-46ef-a95e-9eed1a03da91
35092,52013,"2026-07-30 16:16:51",2,0,1,"20000 MI SERVICE (WATER TRUCK)",NULL,NULL,20000,NULL,NULL,NULL,NULL,NULL,NULL,"SEE EQUIPMENT DETAILS - PARTS TAB OR WRITE IN PARTS USED:
","INCLUDES ALL 6,000 MI SERVICE ITEMS, PLUS:

ENGINE MAINTENANCE:
- CHANGE ENGINE OIL AND FILTER
-REPLACE FUEL FILTERS (PRIMARY AND SECONDARY IF REQUIRED)
-INSPECT SERPENTINE BELTS AND TENSIONERS
-INSPECT COOLING SYSTEM HOSES AND CLAMPS
-CHECK ENGINE MOUNTS

AIR INTAKE SYSTEM:
-INSPECT AIR CLEANER RESTRICTION INDICATOR
-INSPECT AIR FILTER AND REPLACE IF NEEDED
-CHECK TURBOCHARGER CONNECTIONS

DRIVELINE:
-INSPECT DRIVESHAFT
-LUBRICATE U-JOINTS
-INSPECT CARRIER BEARINGS
-CHECK DIFFERENTIAL FLUID LEVELS

TRANSMISSION:
-INSPECT TRANSMISSION FOR LEAKS
-CHECK TRANSMISSION FLUID CONDITION
-INSPECT PTO AND PTO MOUNTS

AXLES & HUBS:
-CHECK AXLE OIL LEVELS
-INSPECT WHEEL SEALS FOR LEAKS
-CHECK HUB OIL LEVELS

BRAKE SYSTEM:
-MEASURE BRAKE LINING THICKNESS
-INSPECT ABS SENSORS AND WIRING
-CHECK BRAKE ADJUSTMENT
-INSPECT FOUNDATION BRAKE COMPONENTS

SUSPENSION:
-TORQUE-CHECK SUSPENSION COMPONENTS
-INSPECT SPRING HANGERS
-CHECK TORQUE RODS AND BUSHINGS
-INSPECT AIR BAGS (IF EQUIPPED)

HYDRAULIC SYSTEM:
-CHECK HYDRAULIC TANK BREATHER
-INSPECT HYDRAULIC FILTER CONDITION
-VERIFY HYDRAULIC PRESSURE AND OPERATION

FRAME & BODY:
-INSPECT FRAME RAILS FOR CRACKS
-CHECK CROSS MEMBERS
-INSPECT DUMP BODY HINGES AND PINS
-CHECK TAILGATE OPERATION AND HARDWARE

SAFETY INSPECTION:
-VERIFY REFLECTIVE TAPE CONDITION
-TEST BACKUP CAMERA (IF EQUIPPED)
",1288,NULL,NULL,200,NULL,2673,7f90e901-c4cb-4af3-a52b-1f7e76e6f21a
35101,52013,"2026-07-30 16:17:25",1,0,1,"500 HR SERVICE (WATER TRUCK)",500,NULL,NULL,NULL,NULL,NULL,NULL,NULL,NULL,"SEE EQUIPMENT DETAILS - PARTS TAB OR WRITE IN PARTS USED:
","CHANGE ENGINE OIL & FILTER
CHANGE AIR FILTERS
REPLACE FUEL FILTERS
DRAIN WATER SEPARATOR
CHECK DEF LEVEL
CHECK COOLANT LEVEL
INSPECT BELTS
INSPECT AIR FILTER
CHECK BATTERIES
CHECK LIGHTS
CHECK BRAKES
CHECK TIRES
CHECK WHEEL TORQUE
INSPECT DRIVELINE
GREASE CHASSIS FITTINGS
CHECK ACTIVE FAULT CODES
",1288,NULL,40,NULL,NULL,2735,7db26a01-d3f3-4475-aa0d-afd4ed2a8339
35110,52013,"2026-07-30 16:18:28",2,0,1,"6000 MI SERVICE (WATER TRUCK)",NULL,NULL,6000,NULL,NULL,NULL,NULL,NULL,NULL,"SEE EQUIPMENT DETAILS - PARTS TAB OR WRITE IN PARTS USED:","ENGINE & FLUIDS:
-CHECK ENGINE OIL LEVEL AND CONDITION
-CHANGE ENGINE OIL AND OIL FILTER
-CHECK COOLANT LEVEL AND CONDITION
-CHECK POWER STEERING FLUID
-CHECK TRANSMISSION FLUID LEVEL
-CHECK HYDRAULIC FLUID LEVEL
-CHECK DEF LEVEL AND INSPECT DEF SYSTEM
-DRAIN WATER SEPARATOR AND INSPECT FUEL SYSTEM

BRAKES:
-INSPECT BRAKE LININGS/PADS
-CHECK BRAKE DRUMS/ROTORS
-INSPECT SLACK ADJUSTERS
-CHECK BRAKE CHAMBERS AND HARDWARE
-VERIFY PARKING BRAKE OPERATION

TIRES & WHEELS:
-CHECK TIRE PRESSURE
-MEASURE TREAD DEPTH
-INSPECT FOR CUTS, PUNCTURES, AND UNEVEN WEAR
-CHECK WHEEL NUTS AND RIM CONDITION

STEERING & SUSPENSION:
-INSPECT STEERING LINKAGE
-CHECK KINGPINS AND TIE-ROD ENDS
-LUBRICATE GREASE FITTINGS
-INSPECT SPRINGS, BUSHINGS, SHOCKS, AND U-BOLTS

HYDRAULIC DUMP SYSTEM:
-INSPECT HYDRAULIC CYLINDER FOR LEAKS
-CHECK HOSES AND FITTINGS
-VERIFY DUMP BODY OPERATION
-INSPECT HOIST PIVOTS AND GREASE AS REQUIRED

ELECTRICAL SYSTEM:
-TEST LIGHTS AND SIGNALS
-INSPECT BATTERIES AND CONNECTIONS
-CHECK ALTERNATOR CHARGING VOLTAGE
-INSPECT WIRING FOR DAMAGE

GENERAL INSPECTION:
-CHECK MIRRORS, WINDSHIELD, AND WIPERS
-INSPECT SEAT BELTS
-CHECK HORN AND BACKUP ALARM
-INSPECT PTO OPERATION
-DOCUMENT DEFECTS AND REPAIRS
",1288,NULL,NULL,200,47204,2747,808f3fbc-3fea-46a5-8c2c-97f043837c51
35077,52014,"2026-07-30 16:15:33",1,0,1,"1000 HR SERVICE (WATER TRUCK)",1000,NULL,NULL,NULL,NULL,NULL,NULL,NULL,NULL,"SEE EQUIPMENT DETAILS - PARTS TAB OR WRITE IN PARTS USED:
","INCLUDES ALL 500 HR TASKS +
REPLACE AIR FILTER
REPLACE TRANSMISSION FILTER
CHECK AXLE OIL LEVELS
INSPECT U-JOINTS
CHECK BRAKE LININGS
CHECK SLACK ADJUSTERS
CHECK CHARGING SYSTEM
PERFORM DIAGNOSTIC SCAN
",1288,NULL,40,NULL,NULL,2619,b7823104-dbe3-4532-a039-b2321937fe09
35086,52014,"2026-07-30 16:16:14",1,0,1,"2000 HR SERVICE (WATER TRUCK)",2000,NULL,NULL,NULL,NULL,NULL,NULL,NULL,NULL,"SEE EQUIPMENT DETAILS - PARTS TAB OR WRITE IN PARTS USED:
","INCLUDES ALL 1000 HR TASKS
SAMPLE HYDRAULIC OIL
REPLACE COOLANT
INSPECT DIFFERENTIALS
INSPECT TRANSMISSION
INSPECT TURBOCHARGER
INSPECT ENGINE MOUNTS
ENGINE PERFORMANCE TEST
",1288,NULL,40,NULL,NULL,2663,585c3d50-9254-4f39-98a9-0e96df9b1a9a
35095,52014,"2026-07-30 16:16:53",2,0,1,"20000 MI SERVICE (WATER TRUCK)",NULL,NULL,20000,NULL,NULL,NULL,NULL,NULL,NULL,"SEE EQUIPMENT DETAILS - PARTS TAB OR WRITE IN PARTS USED:
","INCLUDES ALL 6,000 MI SERVICE ITEMS, PLUS:

ENGINE MAINTENANCE:
- CHANGE ENGINE OIL AND FILTER
-REPLACE FUEL FILTERS (PRIMARY AND SECONDARY IF REQUIRED)
-INSPECT SERPENTINE BELTS AND TENSIONERS
-INSPECT COOLING SYSTEM HOSES AND CLAMPS
-CHECK ENGINE MOUNTS

AIR INTAKE SYSTEM:
-INSPECT AIR CLEANER RESTRICTION INDICATOR
-INSPECT AIR FILTER AND REPLACE IF NEEDED
-CHECK TURBOCHARGER CONNECTIONS

DRIVELINE:
-INSPECT DRIVESHAFT
-LUBRICATE U-JOINTS
-INSPECT CARRIER BEARINGS
-CHECK DIFFERENTIAL FLUID LEVELS

TRANSMISSION:
-INSPECT TRANSMISSION FOR LEAKS
-CHECK TRANSMISSION FLUID CONDITION
-INSPECT PTO AND PTO MOUNTS

AXLES & HUBS:
-CHECK AXLE OIL LEVELS
-INSPECT WHEEL SEALS FOR LEAKS
-CHECK HUB OIL LEVELS

BRAKE SYSTEM:
-MEASURE BRAKE LINING THICKNESS
-INSPECT ABS SENSORS AND WIRING
-CHECK BRAKE ADJUSTMENT
-INSPECT FOUNDATION BRAKE COMPONENTS

SUSPENSION:
-TORQUE-CHECK SUSPENSION COMPONENTS
-INSPECT SPRING HANGERS
-CHECK TORQUE RODS AND BUSHINGS
-INSPECT AIR BAGS (IF EQUIPPED)

HYDRAULIC SYSTEM:
-CHECK HYDRAULIC TANK BREATHER
-INSPECT HYDRAULIC FILTER CONDITION
-VERIFY HYDRAULIC PRESSURE AND OPERATION

FRAME & BODY:
-INSPECT FRAME RAILS FOR CRACKS
-CHECK CROSS MEMBERS
-INSPECT DUMP BODY HINGES AND PINS
-CHECK TAILGATE OPERATION AND HARDWARE

SAFETY INSPECTION:
-VERIFY REFLECTIVE TAPE CONDITION
-TEST BACKUP CAMERA (IF EQUIPPED)
",1288,NULL,NULL,200,47196,2673,a92134ee-278c-46e1-b27f-7b349bff806a
35104,52014,"2026-07-30 16:17:27",1,0,1,"500 HR SERVICE (WATER TRUCK)",500,NULL,NULL,NULL,NULL,NULL,NULL,NULL,NULL,"SEE EQUIPMENT DETAILS - PARTS TAB OR WRITE IN PARTS USED:
","CHANGE ENGINE OIL & FILTER
CHANGE AIR FILTERS
REPLACE FUEL FILTERS
DRAIN WATER SEPARATOR
CHECK DEF LEVEL
CHECK COOLANT LEVEL
INSPECT BELTS
INSPECT AIR FILTER
CHECK BATTERIES
CHECK LIGHTS
CHECK BRAKES
CHECK TIRES
CHECK WHEEL TORQUE
INSPECT DRIVELINE
GREASE CHASSIS FITTINGS
CHECK ACTIVE FAULT CODES
",1288,NULL,40,NULL,NULL,2735,a1707c56-7b67-45ea-bbaa-3677d7ccedb8
35113,52014,"2026-07-30 16:18:31",2,0,1,"6000 MI SERVICE (WATER TRUCK)",NULL,NULL,6000,NULL,NULL,NULL,NULL,NULL,NULL,"SEE EQUIPMENT DETAILS - PARTS TAB OR WRITE IN PARTS USED:","ENGINE & FLUIDS:
-CHECK ENGINE OIL LEVEL AND CONDITION
-CHANGE ENGINE OIL AND OIL FILTER
-CHECK COOLANT LEVEL AND CONDITION
-CHECK POWER STEERING FLUID
-CHECK TRANSMISSION FLUID LEVEL
-CHECK HYDRAULIC FLUID LEVEL
-CHECK DEF LEVEL AND INSPECT DEF SYSTEM
-DRAIN WATER SEPARATOR AND INSPECT FUEL SYSTEM

BRAKES:
-INSPECT BRAKE LININGS/PADS
-CHECK BRAKE DRUMS/ROTORS
-INSPECT SLACK ADJUSTERS
-CHECK BRAKE CHAMBERS AND HARDWARE
-VERIFY PARKING BRAKE OPERATION

TIRES & WHEELS:
-CHECK TIRE PRESSURE
-MEASURE TREAD DEPTH
-INSPECT FOR CUTS, PUNCTURES, AND UNEVEN WEAR
-CHECK WHEEL NUTS AND RIM CONDITION

STEERING & SUSPENSION:
-INSPECT STEERING LINKAGE
-CHECK KINGPINS AND TIE-ROD ENDS
-LUBRICATE GREASE FITTINGS
-INSPECT SPRINGS, BUSHINGS, SHOCKS, AND U-BOLTS

HYDRAULIC DUMP SYSTEM:
-INSPECT HYDRAULIC CYLINDER FOR LEAKS
-CHECK HOSES AND FITTINGS
-VERIFY DUMP BODY OPERATION
-INSPECT HOIST PIVOTS AND GREASE AS REQUIRED

ELECTRICAL SYSTEM:
-TEST LIGHTS AND SIGNALS
-INSPECT BATTERIES AND CONNECTIONS
-CHECK ALTERNATOR CHARGING VOLTAGE
-INSPECT WIRING FOR DAMAGE

GENERAL INSPECTION:
-CHECK MIRRORS, WINDSHIELD, AND WIPERS
-INSPECT SEAT BELTS
-CHECK HORN AND BACKUP ALARM
-INSPECT PTO OPERATION
-DOCUMENT DEFECTS AND REPAIRS
",1288,NULL,NULL,200,47197,2747,6399e6d6-e679-4b4b-ba53-f64a3a362919
34611,52015,"2026-07-29 19:59:55",1,0,1,"1000 HR SERVICE (AMER 9299)",1000,NULL,NULL,NULL,NULL,NULL,NULL,NULL,NULL,"SEE EQUIPMENT DETAILS - PARTS TAB OR WRITE IN PARTS USED:

","COMPLETE ALL 500 HR ITEMS
MAIN & AUX HOIST GEAR CASES (DRAIN & FLUSH)
CHANGE SWING DRIVE OIL
CHANGE TRAVEL GEARBOX OIL
SAMPLE HYD FLUID
TORQUE CONVERTER - DRAIN & REFILL
TORQUE CONVERTER - CHANGE FILTER
FLUSH TORQUE COOLER
SPRAG OIL - DRAIN & REFILL
CHAIN CASE - DRAIN, INSPECT & REFILL
UPPER DECK - DRAIN & REFILL
LOWER TUBS - DRAIN & REFILL
LUBRICATE HOIST VALVES",1288,NULL,40,NULL,46988,2579,9573cad1-6c6c-4042-9b93-98f964ca5629
34612,52015,"2026-07-29 20:00:28",1,0,1,"500 HR SERVICE (AMER 9299)",500,NULL,NULL,NULL,NULL,NULL,NULL,NULL,NULL,"SEE EQUIPMENT DETAILS - PARTS TAB OR WRITE IN PARTS USED:
","CHANGE ENGINE OIL & FILTER
CHANGE FUEL FILTERS
CHANGE AIR FILTERS
SAMPLE GEARBOX OIL
REPLACE TORQUE CONVERTER / TRANS FILTER
CHECK TORQUE CONVERTER OIL LEVEL
CHECK FAN BELTS
CHECK COOLANT LEVEL
GREASE ALL CRANE LUBRICATION POINTS
CHECK MAIN HOIST GEARCASE OIL LEVEL
CHECK AUX HOIST GEARCASE OIL LEVEL
CHECK PROPEL DRIVE OIL LEVELS
CHECK BATTERIES AND CABLES
INSPECT BRAKES & CLUTCHES",1288,NULL,40,NULL,48803,2687,4c91a07c-65e8-4140-a80c-a688e791d070
34709,52017,"2026-07-29 21:15:23",1,0,1,"1000 HR SERVICE (EXCAVATOR)",1000,NULL,NULL,NULL,NULL,NULL,NULL,1000,NULL,"SEE EQUIPMENT DETAILS - PARTS TAB OR WRITE IN PARTS USED:
","INCLUDES ALL 500 HR TASKS, PLUS:
REPLACE HYDRAULIC RETURN FILTER
REPLACE PILOT FILTER
INSPECT PUMPS
INSPECT SWING DRIVE
INSPECT ROLLERS
INSPECT IDLERS
INSPECT TRACK CHAINS
PERFORM DIAGNOSTIC SCAN
",1288,NULL,40,NULL,47491,2585,a75aaa7c-3f2d-49b1-a713-cb964ec1553f
34761,52017,"2026-07-29 21:16:26",1,0,1,"2000 HR SERVICE (EXCAVATOR)",2000,NULL,NULL,NULL,NULL,NULL,NULL,NULL,NULL,"SEE EQUIPMENT DETAILS - PARTS TAB OR WRITE IN PARTS USED:
","INCLUDES ALL 1000 HR TASKS
SAMPLE HYDRAULIC OIL
REPLACE COOLANT
INSPECT MAIN PUMPS
INSPECT SWING GEARBOX
INSPECT TRAVEL GEARBOXES
HYDRAULIC PERFORMANCE TEST
",1288,NULL,40,NULL,47493,2633,9b586915-fcc8-496c-846e-743a67b2e480
34813,52017,"2026-07-29 21:17:34",1,0,1,"500 HR SERVICE (EXCAVATOR)",500,NULL,NULL,NULL,NULL,NULL,NULL,NULL,NULL,"SEE EQUIPMENT DETAILS - PARTS TAB OR WRITE IN PARTS USED:
","CHANGE ENGINE OIL
REPLACE ENGINE OIL FILTER
REPLACE FUEL FILTERS
REPLACE AIR FILTERS
CHECK ALL FLUIDS
GREASE BOOM PINS & BUSHINGS
GREASE STICK PINS
GREASE BUCKET PINS
GREASE SWING BEARING
INSPECT TIRES/TRACKS
INSPECT CYLINDERS
INSPECT UNDERCARRIAGE
INSPECT/CHANGE FINAL DRIVES
CHECK FAULT CODES
RESET SERVICE METER
",1288,NULL,40,NULL,47492,2694,2606f166-39f4-4f98-8558-e101137f1433
35977,52018,"2026-07-31 15:57:20",1,0,1,"500 HR SERVICE (PRESSURE WASHER)",500,NULL,NULL,NULL,NULL,NULL,NULL,NULL,NULL,"SEE EQUIPMENT DETAILS - PARTS TAB OR WRITE IN PARTS USED:
","CHANGE ENGINE OIL & FILTER
REPLACE AIR FILTER
REPLACE FUEL FILTER
SPARK PLUG CLEANING & REPLACEMENT
INSPECT & CLEAN MUFFLER (AND SPARK ARRESTOR IF EQUIPPED)",1288,NULL,40,NULL,NULL,2723,618ddc40-6fb0-45a3-aea6-2bfff1608e75
35984,52018,"2026-07-31 15:57:58",4,0,1,"INITIAL 40 HR BREAK-IN SERVICE (PRESSURE WASHER)",NULL,NULL,NULL,NULL,NULL,NULL,NULL,40,NULL,"SEE EQUIPMENT DETAILS - PARTS TAB OR WRITE IN PARTS USED:
","CHANGE PUMP OIL AFTER INITIAL 40 HOURS OF USE",1288,NULL,5,NULL,NULL,2761,aa22cbaf-701a-42da-ae3a-ac42299a9ba6
35079,52019,"2026-07-30 16:15:34",1,0,1,"1000 HR SERVICE (WATER TRUCK)",1000,NULL,NULL,NULL,NULL,NULL,NULL,NULL,NULL,"SEE EQUIPMENT DETAILS - PARTS TAB OR WRITE IN PARTS USED:
","INCLUDES ALL 500 HR TASKS +
REPLACE AIR FILTER
REPLACE TRANSMISSION FILTER
CHECK AXLE OIL LEVELS
INSPECT U-JOINTS
CHECK BRAKE LININGS
CHECK SLACK ADJUSTERS
CHECK CHARGING SYSTEM
PERFORM DIAGNOSTIC SCAN
",1288,NULL,40,NULL,47206,2619,58b2ef58-14eb-450a-bd18-00a131ad77e5
35088,52019,"2026-07-30 16:16:15",1,0,1,"2000 HR SERVICE (WATER TRUCK)",2000,NULL,NULL,NULL,NULL,NULL,NULL,NULL,NULL,"SEE EQUIPMENT DETAILS - PARTS TAB OR WRITE IN PARTS USED:
","INCLUDES ALL 1000 HR TASKS
SAMPLE HYDRAULIC OIL
REPLACE COOLANT
INSPECT DIFFERENTIALS
INSPECT TRANSMISSION
INSPECT TURBOCHARGER
INSPECT ENGINE MOUNTS
ENGINE PERFORMANCE TEST
",1288,NULL,40,NULL,47207,2663,b4a726c4-8b21-4b71-866f-d35899b351d0
35097,52019,"2026-07-30 16:16:54",2,0,1,"20000 MI SERVICE (WATER TRUCK)",NULL,NULL,20000,NULL,NULL,NULL,NULL,NULL,NULL,"SEE EQUIPMENT DETAILS - PARTS TAB OR WRITE IN PARTS USED:
","INCLUDES ALL 6,000 MI SERVICE ITEMS, PLUS:

ENGINE MAINTENANCE:
- CHANGE ENGINE OIL AND FILTER
-REPLACE FUEL FILTERS (PRIMARY AND SECONDARY IF REQUIRED)
-INSPECT SERPENTINE BELTS AND TENSIONERS
-INSPECT COOLING SYSTEM HOSES AND CLAMPS
-CHECK ENGINE MOUNTS

AIR INTAKE SYSTEM:
-INSPECT AIR CLEANER RESTRICTION INDICATOR
-INSPECT AIR FILTER AND REPLACE IF NEEDED
-CHECK TURBOCHARGER CONNECTIONS

DRIVELINE:
-INSPECT DRIVESHAFT
-LUBRICATE U-JOINTS
-INSPECT CARRIER BEARINGS
-CHECK DIFFERENTIAL FLUID LEVELS

TRANSMISSION:
-INSPECT TRANSMISSION FOR LEAKS
-CHECK TRANSMISSION FLUID CONDITION
-INSPECT PTO AND PTO MOUNTS

AXLES & HUBS:
-CHECK AXLE OIL LEVELS
-INSPECT WHEEL SEALS FOR LEAKS
-CHECK HUB OIL LEVELS

BRAKE SYSTEM:
-MEASURE BRAKE LINING THICKNESS
-INSPECT ABS SENSORS AND WIRING
-CHECK BRAKE ADJUSTMENT
-INSPECT FOUNDATION BRAKE COMPONENTS

SUSPENSION:
-TORQUE-CHECK SUSPENSION COMPONENTS
-INSPECT SPRING HANGERS
-CHECK TORQUE RODS AND BUSHINGS
-INSPECT AIR BAGS (IF EQUIPPED)

HYDRAULIC SYSTEM:
-CHECK HYDRAULIC TANK BREATHER
-INSPECT HYDRAULIC FILTER CONDITION
-VERIFY HYDRAULIC PRESSURE AND OPERATION

FRAME & BODY:
-INSPECT FRAME RAILS FOR CRACKS
-CHECK CROSS MEMBERS
-INSPECT DUMP BODY HINGES AND PINS
-CHECK TAILGATE OPERATION AND HARDWARE

SAFETY INSPECTION:
-VERIFY REFLECTIVE TAPE CONDITION
-TEST BACKUP CAMERA (IF EQUIPPED)
",1288,NULL,NULL,200,NULL,2673,f9da1506-2ff7-4a58-a36e-5d08b57e44eb
35106,52019,"2026-07-30 16:17:28",1,0,1,"500 HR SERVICE (WATER TRUCK)",500,NULL,NULL,NULL,NULL,NULL,NULL,NULL,NULL,"SEE EQUIPMENT DETAILS - PARTS TAB OR WRITE IN PARTS USED:
","CHANGE ENGINE OIL & FILTER
CHANGE AIR FILTERS
REPLACE FUEL FILTERS
DRAIN WATER SEPARATOR
CHECK DEF LEVEL
CHECK COOLANT LEVEL
INSPECT BELTS
INSPECT AIR FILTER
CHECK BATTERIES
CHECK LIGHTS
CHECK BRAKES
CHECK TIRES
CHECK WHEEL TORQUE
INSPECT DRIVELINE
GREASE CHASSIS FITTINGS
CHECK ACTIVE FAULT CODES
",1288,NULL,40,NULL,47208,2735,168060a8-1660-4ba3-8223-5481c0e5ef78
35115,52019,"2026-07-30 16:18:32",2,0,1,"6000 MI SERVICE (WATER TRUCK)",NULL,NULL,6000,NULL,NULL,NULL,NULL,NULL,NULL,"SEE EQUIPMENT DETAILS - PARTS TAB OR WRITE IN PARTS USED:","ENGINE & FLUIDS:
-CHECK ENGINE OIL LEVEL AND CONDITION
-CHANGE ENGINE OIL AND OIL FILTER
-CHECK COOLANT LEVEL AND CONDITION
-CHECK POWER STEERING FLUID
-CHECK TRANSMISSION FLUID LEVEL
-CHECK HYDRAULIC FLUID LEVEL
-CHECK DEF LEVEL AND INSPECT DEF SYSTEM
-DRAIN WATER SEPARATOR AND INSPECT FUEL SYSTEM

BRAKES:
-INSPECT BRAKE LININGS/PADS
-CHECK BRAKE DRUMS/ROTORS
-INSPECT SLACK ADJUSTERS
-CHECK BRAKE CHAMBERS AND HARDWARE
-VERIFY PARKING BRAKE OPERATION

TIRES & WHEELS:
-CHECK TIRE PRESSURE
-MEASURE TREAD DEPTH
-INSPECT FOR CUTS, PUNCTURES, AND UNEVEN WEAR
-CHECK WHEEL NUTS AND RIM CONDITION

STEERING & SUSPENSION:
-INSPECT STEERING LINKAGE
-CHECK KINGPINS AND TIE-ROD ENDS
-LUBRICATE GREASE FITTINGS
-INSPECT SPRINGS, BUSHINGS, SHOCKS, AND U-BOLTS

HYDRAULIC DUMP SYSTEM:
-INSPECT HYDRAULIC CYLINDER FOR LEAKS
-CHECK HOSES AND FITTINGS
-VERIFY DUMP BODY OPERATION
-INSPECT HOIST PIVOTS AND GREASE AS REQUIRED

ELECTRICAL SYSTEM:
-TEST LIGHTS AND SIGNALS
-INSPECT BATTERIES AND CONNECTIONS
-CHECK ALTERNATOR CHARGING VOLTAGE
-INSPECT WIRING FOR DAMAGE

GENERAL INSPECTION:
-CHECK MIRRORS, WINDSHIELD, AND WIPERS
-INSPECT SEAT BELTS
-CHECK HORN AND BACKUP ALARM
-INSPECT PTO OPERATION
-DOCUMENT DEFECTS AND REPAIRS
",1288,NULL,NULL,200,47205,2747,57be381a-7304-4051-838f-57581bb703e9
34731,52020,"2026-07-29 21:15:42",1,0,1,"1000 HR SERVICE (EXCAVATOR)",1000,NULL,NULL,NULL,NULL,NULL,NULL,1000,NULL,"SEE EQUIPMENT DETAILS - PARTS TAB OR WRITE IN PARTS USED:
","INCLUDES ALL 500 HR TASKS, PLUS:
REPLACE HYDRAULIC RETURN FILTER
REPLACE PILOT FILTER
INSPECT PUMPS
INSPECT SWING DRIVE
INSPECT ROLLERS
INSPECT IDLERS
INSPECT TRACK CHAINS
PERFORM DIAGNOSTIC SCAN
",1288,NULL,40,NULL,47473,2585,6ddb0b7b-1ebd-465e-a9ae-1fcfddcbef1a
34783,52020,"2026-07-29 21:16:43",1,0,1,"2000 HR SERVICE (EXCAVATOR)",2000,NULL,NULL,NULL,NULL,NULL,NULL,NULL,NULL,"SEE EQUIPMENT DETAILS - PARTS TAB OR WRITE IN PARTS USED:
","INCLUDES ALL 1000 HR TASKS
SAMPLE HYDRAULIC OIL
REPLACE COOLANT
INSPECT MAIN PUMPS
INSPECT SWING GEARBOX
INSPECT TRAVEL GEARBOXES
HYDRAULIC PERFORMANCE TEST
",1288,NULL,40,NULL,47475,2633,11353318-45a5-455d-bded-aefb5248c13c
34835,52020,"2026-07-29 21:17:51",1,0,1,"500 HR SERVICE (EXCAVATOR)",500,NULL,NULL,NULL,NULL,NULL,NULL,NULL,NULL,"SEE EQUIPMENT DETAILS - PARTS TAB OR WRITE IN PARTS USED:
","CHANGE ENGINE OIL
REPLACE ENGINE OIL FILTER
REPLACE FUEL FILTERS
REPLACE AIR FILTERS
CHECK ALL FLUIDS
GREASE BOOM PINS & BUSHINGS
GREASE STICK PINS
GREASE BUCKET PINS
GREASE SWING BEARING
INSPECT TIRES/TRACKS
INSPECT CYLINDERS
INSPECT UNDERCARRIAGE
INSPECT/CHANGE FINAL DRIVES
CHECK FAULT CODES
RESET SERVICE METER
",1288,NULL,40,NULL,47476,2694,48a0b4fa-a77a-4181-bd19-a5858eb9b828
35976,52022,"2026-07-31 15:57:19",1,0,1,"500 HR SERVICE (PRESSURE WASHER)",500,NULL,NULL,NULL,NULL,NULL,NULL,NULL,NULL,"SEE EQUIPMENT DETAILS - PARTS TAB OR WRITE IN PARTS USED:
","CHANGE ENGINE OIL & FILTER
REPLACE AIR FILTER
REPLACE FUEL FILTER
SPARK PLUG CLEANING & REPLACEMENT
INSPECT & CLEAN MUFFLER (AND SPARK ARRESTOR IF EQUIPPED)",1288,NULL,40,NULL,NULL,2723,86f3fc58-3335-46f5-8db1-acf3997bef43
35983,52022,"2026-07-31 15:57:58",4,0,1,"INITIAL 40 HR BREAK-IN SERVICE (PRESSURE WASHER)",NULL,NULL,NULL,NULL,NULL,NULL,NULL,40,NULL,"SEE EQUIPMENT DETAILS - PARTS TAB OR WRITE IN PARTS USED:
","CHANGE PUMP OIL AFTER INITIAL 40 HOURS OF USE",1288,NULL,5,NULL,NULL,2761,63f78436-1d02-47fb-93b5-1a7ec0058db3
34733,52025,"2026-07-29 21:15:43",1,0,1,"1000 HR SERVICE (EXCAVATOR)",1000,NULL,NULL,NULL,NULL,NULL,NULL,1000,NULL,"SEE EQUIPMENT DETAILS - PARTS TAB OR WRITE IN PARTS USED:
","INCLUDES ALL 500 HR TASKS, PLUS:
REPLACE HYDRAULIC RETURN FILTER
REPLACE PILOT FILTER
INSPECT PUMPS
INSPECT SWING DRIVE
INSPECT ROLLERS
INSPECT IDLERS
INSPECT TRACK CHAINS
PERFORM DIAGNOSTIC SCAN
",1288,NULL,40,NULL,48463,2585,6641bb3e-822b-46d3-a252-a699db1cee4a
34784,52025,"2026-07-29 21:16:43",1,0,1,"2000 HR SERVICE (EXCAVATOR)",2000,NULL,NULL,NULL,NULL,NULL,NULL,NULL,NULL,"SEE EQUIPMENT DETAILS - PARTS TAB OR WRITE IN PARTS USED:
","INCLUDES ALL 1000 HR TASKS
SAMPLE HYDRAULIC OIL
REPLACE COOLANT
INSPECT MAIN PUMPS
INSPECT SWING GEARBOX
INSPECT TRAVEL GEARBOXES
HYDRAULIC PERFORMANCE TEST
",1288,NULL,40,NULL,48464,2633,95b3d16c-246c-458c-b231-44f370596d63
34836,52025,"2026-07-29 21:17:51",1,0,1,"500 HR SERVICE (EXCAVATOR)",500,NULL,NULL,NULL,NULL,NULL,NULL,NULL,NULL,"SEE EQUIPMENT DETAILS - PARTS TAB OR WRITE IN PARTS USED:
","CHANGE ENGINE OIL
REPLACE ENGINE OIL FILTER
REPLACE FUEL FILTERS
REPLACE AIR FILTERS
CHECK ALL FLUIDS
GREASE BOOM PINS & BUSHINGS
GREASE STICK PINS
GREASE BUCKET PINS
GREASE SWING BEARING
INSPECT TIRES/TRACKS
INSPECT CYLINDERS
INSPECT UNDERCARRIAGE
INSPECT/CHANGE FINAL DRIVES
CHECK FAULT CODES
RESET SERVICE METER
",1288,NULL,40,NULL,48462,2694,ef4fd6bc-3e02-4eed-aabc-a0fc61d0f608
34600,52026,"2026-07-29 19:56:24",1,0,1,"1000 HR SERVICE (AMER 7260)",1000,NULL,NULL,NULL,NULL,NULL,NULL,NULL,NULL,"SEE EQUIPMENT DETAILS - PARTS TAB OR WRITE IN PARTS USED:

","COMPLETE ALL 500 HR ITEMS
MAIN & AUX HOIST GEAR CASES (DRAIN & FLUSH)
CHANGE SWING DRIVE OIL
CHANGE TRAVEL GEARBOX OIL
SAMPLE HYD FLUID
TORQUE CONVERTER - DRAIN & REFILL
TORQUE CONVERTER - CHANGE FILTER
FLUSH TORQUE COOLER
SPRAG OIL - DRAIN & REFILL
CHAIN CASE - DRAIN, INSPECT & REFILL
UPPER DECK - DRAIN & REFILL
LOWER TUBS - DRAIN & REFILL
LUBRICATE HOIST VALVES
",1288,NULL,40,NULL,46973,2577,b6993d01-8a6f-4df7-b0c4-a87d7f85db84
34603,52026,"2026-07-29 19:56:51",1,0,1,"500 HR SERVICE (AMER 7260)",500,NULL,NULL,NULL,NULL,NULL,NULL,NULL,NULL,"SEE EQUIPMENT DETAILS - PARTS TAB OR WRITE IN PARTS USED:

","CHANGE ENGINE OIL & FILTER
CHANGE FUEL FILTERS
CHANGE AIR FILTERS
SAMPLE GEARBOX OIL
REPLACE TORQUE CONVERTER / TRANS FILTER
CHECK TORQUE CONVERTER OIL LEVEL
CHECK FAN BELTS
CHECK COOLANT LEVEL
GREASE ALL CRANE LUBRICATION POINTS
CHECK MAIN HOIST GEARCASE OIL LEVEL
CHECK AUX HOIST GEARCASE OIL LEVEL
CHECK PROPEL DRIVE OIL LEVELS
CHECK BATTERIES AND CABLES
INSPECT BRAKES & CLUTCHES",1288,NULL,40,NULL,46974,2685,c176ac14-fd3c-4b38-bb68-9a2188e73aa4
35067,52027,"2026-07-30 16:06:55",1,0,1,"1000 HR SERVICE (LINKBELT 128DLC)",1000,NULL,NULL,NULL,NULL,NULL,NULL,NULL,NULL,"SEE EQUIPMENT DETAILS - PARTS TAB OR WRITE IN PARTS USED:
","• COMPLETE ALL 500 HOUR ITEMS
• CHANGE SWING MACHINERY OIL
• CHANGE PROPEL GEARCASE OIL
• REPLACE HYDRAULIC PRESSURE FILTER(S)
• SAMPLE OR CHANGE HYDRAULIC OIL AS REQUIRED
• INSPECT SWING BEARING BOLTS
• INSPECT STRUCTURAL WELDS
• INSPECT PUMPS AND HYDRAULIC MOTORS
• CHECK TRACK TENSION
• INSPECT CARBODY AND CRAWLER FRAMES
• INSPECT LOAD HOLDING VALVES
• CHECK ALL LIMITS AND SAFETY DEVICES

",1288,NULL,40,NULL,48172,2598,108efaec-7586-4e9d-8cac-ebee73929892
35068,52027,"2026-07-30 16:07:19",1,0,1,"2000 HR SERVICE (LINKBELT 128DLC)",2000,NULL,5000,NULL,NULL,NULL,NULL,NULL,NULL,"SEE EQUIPMENT DETAILS - PARTS TAB OR WRITE IN PARTS USED:","• COMPLETE ALL 1000 HOUR ITEMS
• SAMPLE HYDRAULIC OIL
• REPLACE ALL HYDRAULIC FILTERS
• CHANGE SWING MACHINERY OIL
• CHANGE PROPEL GEARCASE OIL
• INSPECT SWING BEARING CLEARANCE
• INSPECT SWING GEAR TEETH
• INSPECT BOOM SECTIONS FOR CRACKS
• INSPECT DRUM SHAFTS AND BEARINGS
• INSPECT HYDRAULIC PUMPS
• INSPECT TRAVEL MOTORS
• PERFORM COMPLETE STRUCTURAL INSPECTION
• PERFORM OPERATIONAL FUNCTION TEST
",1288,NULL,40,200,NULL,2744,2e2cd9bf-166b-4ca3-9069-2954f7ebf84a
35069,52027,"2026-07-30 16:07:35",1,0,1,"500 HR SERVICE (LINKBELT 128DLC)",500,NULL,NULL,NULL,NULL,NULL,NULL,NULL,NULL,"SEE EQUIPMENT DETAILS - PARTS TAB OR WRITE IN PARTS USED:

","• CHANGE ENGINE OIL & FILTER(S)
• REPLACE PRIMARY FUEL FILTER
• REPLACE SECONDARY FUEL FILTER
• INSPECT AIR FILTER RESTRICTION INDICATOR
• CHECK COOLANT LEVEL
• CHECK BELTS AND HOSES
• GREASE ALL LUBRICATION POINTS
• CHECK HYDRAULIC OIL LEVEL
• REPLACE HYDRAULIC RETURN FILTER(S)
• CHECK SWING MACHINERY OIL LEVEL
• CHECK PROPEL GEARCASE OIL LEVELS
• INSPECT WIRE ROPES
• INSPECT BOOM AND GANTRY PINS
• INSPECT HOOK BLOCKS
• INSPECT BRAKES
• INSPECT TRACKS, ROLLERS AND IDLERS
• CHECK BATTERIES AND CABLES
• INSPECT HYDRAULIC HOSES FOR LEAKS
",1288,NULL,40,NULL,48171,2710,a3706539-f3fd-4162-867c-17ee9cac9a78
35078,52028,"2026-07-30 16:15:33",1,0,1,"1000 HR SERVICE (WATER TRUCK)",1000,NULL,NULL,NULL,NULL,NULL,NULL,NULL,NULL,"SEE EQUIPMENT DETAILS - PARTS TAB OR WRITE IN PARTS USED:
","INCLUDES ALL 500 HR TASKS +
REPLACE AIR FILTER
REPLACE TRANSMISSION FILTER
CHECK AXLE OIL LEVELS
INSPECT U-JOINTS
CHECK BRAKE LININGS
CHECK SLACK ADJUSTERS
CHECK CHARGING SYSTEM
PERFORM DIAGNOSTIC SCAN
",1288,NULL,40,NULL,47201,2619,3cc90101-fa24-48a8-9489-e6ef70951713
35087,52028,"2026-07-30 16:16:15",1,0,1,"2000 HR SERVICE (WATER TRUCK)",2000,NULL,NULL,NULL,NULL,NULL,NULL,NULL,NULL,"SEE EQUIPMENT DETAILS - PARTS TAB OR WRITE IN PARTS USED:
","INCLUDES ALL 1000 HR TASKS
SAMPLE HYDRAULIC OIL
REPLACE COOLANT
INSPECT DIFFERENTIALS
INSPECT TRANSMISSION
INSPECT TURBOCHARGER
INSPECT ENGINE MOUNTS
ENGINE PERFORMANCE TEST
",1288,NULL,40,NULL,47202,2663,77b223f7-3611-4215-98a4-f4f564dc1bfc
35096,52028,"2026-07-30 16:16:53",2,0,1,"20000 MI SERVICE (WATER TRUCK)",NULL,NULL,20000,NULL,NULL,NULL,NULL,NULL,NULL,"SEE EQUIPMENT DETAILS - PARTS TAB OR WRITE IN PARTS USED:
","INCLUDES ALL 6,000 MI SERVICE ITEMS, PLUS:

ENGINE MAINTENANCE:
- CHANGE ENGINE OIL AND FILTER
-REPLACE FUEL FILTERS (PRIMARY AND SECONDARY IF REQUIRED)
-INSPECT SERPENTINE BELTS AND TENSIONERS
-INSPECT COOLING SYSTEM HOSES AND CLAMPS
-CHECK ENGINE MOUNTS

AIR INTAKE SYSTEM:
-INSPECT AIR CLEANER RESTRICTION INDICATOR
-INSPECT AIR FILTER AND REPLACE IF NEEDED
-CHECK TURBOCHARGER CONNECTIONS

DRIVELINE:
-INSPECT DRIVESHAFT
-LUBRICATE U-JOINTS
-INSPECT CARRIER BEARINGS
-CHECK DIFFERENTIAL FLUID LEVELS

TRANSMISSION:
-INSPECT TRANSMISSION FOR LEAKS
-CHECK TRANSMISSION FLUID CONDITION
-INSPECT PTO AND PTO MOUNTS

AXLES & HUBS:
-CHECK AXLE OIL LEVELS
-INSPECT WHEEL SEALS FOR LEAKS
-CHECK HUB OIL LEVELS

BRAKE SYSTEM:
-MEASURE BRAKE LINING THICKNESS
-INSPECT ABS SENSORS AND WIRING
-CHECK BRAKE ADJUSTMENT
-INSPECT FOUNDATION BRAKE COMPONENTS

SUSPENSION:
-TORQUE-CHECK SUSPENSION COMPONENTS
-INSPECT SPRING HANGERS
-CHECK TORQUE RODS AND BUSHINGS
-INSPECT AIR BAGS (IF EQUIPPED)

HYDRAULIC SYSTEM:
-CHECK HYDRAULIC TANK BREATHER
-INSPECT HYDRAULIC FILTER CONDITION
-VERIFY HYDRAULIC PRESSURE AND OPERATION

FRAME & BODY:
-INSPECT FRAME RAILS FOR CRACKS
-CHECK CROSS MEMBERS
-INSPECT DUMP BODY HINGES AND PINS
-CHECK TAILGATE OPERATION AND HARDWARE

SAFETY INSPECTION:
-VERIFY REFLECTIVE TAPE CONDITION
-TEST BACKUP CAMERA (IF EQUIPPED)
",1288,NULL,NULL,200,47198,2673,4f9b83b3-4cd2-4954-ad9f-404a1059fcbc
35105,52028,"2026-07-30 16:17:27",1,0,1,"500 HR SERVICE (WATER TRUCK)",500,NULL,NULL,NULL,NULL,NULL,NULL,NULL,NULL,"SEE EQUIPMENT DETAILS - PARTS TAB OR WRITE IN PARTS USED:
","CHANGE ENGINE OIL & FILTER
CHANGE AIR FILTERS
REPLACE FUEL FILTERS
DRAIN WATER SEPARATOR
CHECK DEF LEVEL
CHECK COOLANT LEVEL
INSPECT BELTS
INSPECT AIR FILTER
CHECK BATTERIES
CHECK LIGHTS
CHECK BRAKES
CHECK TIRES
CHECK WHEEL TORQUE
INSPECT DRIVELINE
GREASE CHASSIS FITTINGS
CHECK ACTIVE FAULT CODES
",1288,NULL,40,NULL,47200,2735,9b91c789-08b1-4e1e-9ccd-5a2836a7ab30
35114,52028,"2026-07-30 16:18:31",2,0,1,"6000 MI SERVICE (WATER TRUCK)",NULL,NULL,6000,NULL,NULL,NULL,NULL,NULL,NULL,"SEE EQUIPMENT DETAILS - PARTS TAB OR WRITE IN PARTS USED:","ENGINE & FLUIDS:
-CHECK ENGINE OIL LEVEL AND CONDITION
-CHANGE ENGINE OIL AND OIL FILTER
-CHECK COOLANT LEVEL AND CONDITION
-CHECK POWER STEERING FLUID
-CHECK TRANSMISSION FLUID LEVEL
-CHECK HYDRAULIC FLUID LEVEL
-CHECK DEF LEVEL AND INSPECT DEF SYSTEM
-DRAIN WATER SEPARATOR AND INSPECT FUEL SYSTEM

BRAKES:
-INSPECT BRAKE LININGS/PADS
-CHECK BRAKE DRUMS/ROTORS
-INSPECT SLACK ADJUSTERS
-CHECK BRAKE CHAMBERS AND HARDWARE
-VERIFY PARKING BRAKE OPERATION

TIRES & WHEELS:
-CHECK TIRE PRESSURE
-MEASURE TREAD DEPTH
-INSPECT FOR CUTS, PUNCTURES, AND UNEVEN WEAR
-CHECK WHEEL NUTS AND RIM CONDITION

STEERING & SUSPENSION:
-INSPECT STEERING LINKAGE
-CHECK KINGPINS AND TIE-ROD ENDS
-LUBRICATE GREASE FITTINGS
-INSPECT SPRINGS, BUSHINGS, SHOCKS, AND U-BOLTS

HYDRAULIC DUMP SYSTEM:
-INSPECT HYDRAULIC CYLINDER FOR LEAKS
-CHECK HOSES AND FITTINGS
-VERIFY DUMP BODY OPERATION
-INSPECT HOIST PIVOTS AND GREASE AS REQUIRED

ELECTRICAL SYSTEM:
-TEST LIGHTS AND SIGNALS
-INSPECT BATTERIES AND CONNECTIONS
-CHECK ALTERNATOR CHARGING VOLTAGE
-INSPECT WIRING FOR DAMAGE

GENERAL INSPECTION:
-CHECK MIRRORS, WINDSHIELD, AND WIPERS
-INSPECT SEAT BELTS
-CHECK HORN AND BACKUP ALARM
-INSPECT PTO OPERATION
-DOCUMENT DEFECTS AND REPAIRS
",1288,NULL,NULL,200,47199,2747,f8fed800-ebaa-4db5-9b99-38e56a433693
34730,52030,"2026-07-29 21:15:42",1,0,1,"1000 HR SERVICE (EXCAVATOR)",1000,NULL,NULL,NULL,NULL,NULL,NULL,1000,NULL,"SEE EQUIPMENT DETAILS - PARTS TAB OR WRITE IN PARTS USED:
","INCLUDES ALL 500 HR TASKS, PLUS:
REPLACE HYDRAULIC RETURN FILTER
REPLACE PILOT FILTER
INSPECT PUMPS
INSPECT SWING DRIVE
INSPECT ROLLERS
INSPECT IDLERS
INSPECT TRACK CHAINS
PERFORM DIAGNOSTIC SCAN
",1288,NULL,40,NULL,48516,2585,bfa403a4-98c2-484b-846c-f094a836bb08
34782,52030,"2026-07-29 21:16:42",1,0,1,"2000 HR SERVICE (EXCAVATOR)",2000,NULL,NULL,NULL,NULL,NULL,NULL,NULL,NULL,"SEE EQUIPMENT DETAILS - PARTS TAB OR WRITE IN PARTS USED:
","INCLUDES ALL 1000 HR TASKS
SAMPLE HYDRAULIC OIL
REPLACE COOLANT
INSPECT MAIN PUMPS
INSPECT SWING GEARBOX
INSPECT TRAVEL GEARBOXES
HYDRAULIC PERFORMANCE TEST
",1288,NULL,40,NULL,47468,2633,2ffe99f5-6163-4d1f-a023-a76379d110c7
34834,52030,"2026-07-29 21:17:50",1,0,1,"500 HR SERVICE (EXCAVATOR)",500,NULL,NULL,NULL,NULL,NULL,NULL,NULL,NULL,"SEE EQUIPMENT DETAILS - PARTS TAB OR WRITE IN PARTS USED:
","CHANGE ENGINE OIL
REPLACE ENGINE OIL FILTER
REPLACE FUEL FILTERS
REPLACE AIR FILTERS
CHECK ALL FLUIDS
GREASE BOOM PINS & BUSHINGS
GREASE STICK PINS
GREASE BUCKET PINS
GREASE SWING BEARING
INSPECT TIRES/TRACKS
INSPECT CYLINDERS
INSPECT UNDERCARRIAGE
INSPECT/CHANGE FINAL DRIVES
CHECK FAULT CODES
RESET SERVICE METER
",1288,NULL,40,NULL,48517,2694,e7086464-dede-4075-8009-26a13aa7f99c
37101,52030,"2026-08-11 19:02:20",1,0,1,"250 HR SERVICE (BIO FUEL)",250,NULL,NULL,NULL,NULL,NULL,NULL,NULL,NULL,"SEE EQUIPMENT DETAILS - PARTS TAB OR WRITE IN PARTS USED:

","CHANGE FUEL FILTERS EVERY 250 HR
SAMPLE BIO FUEL",1288,NULL,40,NULL,48524,2675,08090010-4a0e-4133-83fc-9dbf1138f2a2
34703,52031,"2026-07-29 21:15:18",1,0,1,"1000 HR SERVICE (EXCAVATOR)",1000,NULL,NULL,NULL,NULL,NULL,NULL,1000,NULL,"SEE EQUIPMENT DETAILS - PARTS TAB OR WRITE IN PARTS USED:
","INCLUDES ALL 500 HR TASKS, PLUS:
REPLACE HYDRAULIC RETURN FILTER
REPLACE PILOT FILTER
INSPECT PUMPS
INSPECT SWING DRIVE
INSPECT ROLLERS
INSPECT IDLERS
INSPECT TRACK CHAINS
PERFORM DIAGNOSTIC SCAN
",1288,NULL,40,NULL,47509,2585,f21ffe1a-b51e-412c-938c-ab5016178d3d
34755,52031,"2026-07-29 21:16:21",1,0,1,"2000 HR SERVICE (EXCAVATOR)",2000,NULL,NULL,NULL,NULL,NULL,NULL,NULL,NULL,"SEE EQUIPMENT DETAILS - PARTS TAB OR WRITE IN PARTS USED:
","INCLUDES ALL 1000 HR TASKS
SAMPLE HYDRAULIC OIL
REPLACE COOLANT
INSPECT MAIN PUMPS
INSPECT SWING GEARBOX
INSPECT TRAVEL GEARBOXES
HYDRAULIC PERFORMANCE TEST
",1288,NULL,40,NULL,47510,2633,78cd537d-2d1b-4807-9a89-b72ae49391ce
34807,52031,"2026-07-29 21:17:29",1,0,1,"500 HR SERVICE (EXCAVATOR)",500,NULL,NULL,NULL,NULL,NULL,NULL,NULL,NULL,"SEE EQUIPMENT DETAILS - PARTS TAB OR WRITE IN PARTS USED:
","CHANGE ENGINE OIL
REPLACE ENGINE OIL FILTER
REPLACE FUEL FILTERS
REPLACE AIR FILTERS
CHECK ALL FLUIDS
GREASE BOOM PINS & BUSHINGS
GREASE STICK PINS
GREASE BUCKET PINS
GREASE SWING BEARING
INSPECT TIRES/TRACKS
INSPECT CYLINDERS
INSPECT UNDERCARRIAGE
INSPECT/CHANGE FINAL DRIVES
CHECK FAULT CODES
RESET SERVICE METER
",1288,NULL,40,NULL,47511,2694,6344d5ff-5947-4c38-9de1-bd2c3a3511a8
36687,52034,"2026-07-31 18:30:56",2,0,1,"20000 MI SERVICE (FLATBED TRUCK)",NULL,NULL,20000,NULL,NULL,NULL,NULL,NULL,NULL,"SEE EQUIPMENT DETAILS - PARTS TAB OR WRITE IN PARTS USED:

","INCLUDES ALL 6,000 MI SERVICE ITEMS, PLUS:

ENGINE MAINTENANCE:
-CHANGE ENGINE OIL AND FILTER
-REPLACE FUEL FILTERS (PRIMARY AND SECONDARY IF REQUIRED)
-INSPECT SERPENTINE BELTS AND TENSIONERS
-INSPECT COOLING SYSTEM HOSES AND CLAMPS
-CHECK ENGINE MOUNTS

AIR INTAKE SYSTEM:
-INSPECT AIR CLEANER RESTRICTION INDICATOR
-INSPECT AIR FILTER AND REPLACE IF NEEDED
-CHECK TURBOCHARGER CONNECTIONS

DRIVELINE:
-INSPECT DRIVESHAFT
-LUBRICATE U-JOINTS
-INSPECT CARRIER BEARINGS
-CHECK DIFFERENTIAL FLUID LEVELS

TRANSMISSION:
-INSPECT TRANSMISSION FOR LEAKS
-CHECK TRANSMISSION FLUID CONDITION/CHANGE FILTER
-INSPECT PTO AND PTO MOUNTS

AXLES & HUBS:
-CHECK AXLE OIL LEVELS
-INSPECT WHEEL SEALS FOR LEAKS
-CHECK HUB OIL LEVELS

BRAKE SYSTEM:
-MEASURE BRAKE LINING THICKNESS
-INSPECT ABS SENSORS AND WIRING
-CHECK BRAKE ADJUSTMENT
-INSPECT FOUNDATION BRAKE COMPONENTS

SUSPENSION:
-TORQUE-CHECK SUSPENSION COMPONENTS
-INSPECT SPRING HANGERS
-CHECK TORQUE RODS AND BUSHINGS
-INSPECT AIR BAGS (IF EQUIPPED)

HYDRAULIC SYSTEM:
-CHECK HYDRAULIC TANK BREATHER
-INSPECT HYDRAULIC FILTER CONDITION/SAMPLE FLUID
-VERIFY HYDRAULIC PRESSURE AND OPERATION

FRAME & BODY:
-INSPECT FRAME RAILS FOR CRACKS
-CHECK CROSS MEMBERS
-CHECK TAILGATE OPERATION AND HARDWARE

SAFETY INSPECTION:
-VERIFY REFLECTIVE TAPE CONDITION
-TEST BACKUP CAMERA (IF EQUIPPED)
",1288,NULL,NULL,200,47152,2670,79659340-3adf-49ec-a818-1ce70a07bf38
36695,52034,"2026-07-31 18:31:29",2,0,1,"6000 MI SERVICE (FLATBED TRUCK)",NULL,NULL,6000,NULL,NULL,NULL,NULL,NULL,NULL,"SEE EQUIPMENT DETAILS - PARTS TAB OR WRITE IN PARTS USED:

","ENGINE & FLUIDS:
-CHANGE ENGINE OIL AND OIL FILTER
-CHECK COOLANT LEVEL AND CONDITION
-CHECK POWER STEERING FLUID
-CHECK TRANSMISSION FLUID LEVEL/FILTER
-CHECK HYDRAULIC FLUID LEVEL
-CHECK DEF LEVEL AND INSPECT DEF SYSTEM
-DRAIN WATER SEPARATOR AND INSPECT FUEL SYSTEM

AIR:
-INSPECT AIR FILTERS AND REPLACE IF NEEDED

BRAKES:
-INSPECT BRAKE LININGS/PADS
-CHECK BRAKE DRUMS/ROTORS
-INSPECT SLACK ADJUSTERS
-CHECK BRAKE CHAMBERS AND HARDWARE
-VERIFY PARKING BRAKE OPERATION

TIRES & WHEELS:
-CHECK TIRE PRESSURE
-MEASURE TREAD DEPTH
-INSPECT FOR CUTS, PUNCTURES, AND UNEVEN WEAR
-CHECK WHEEL NUTS AND RIM CONDITION

STEERING & SUSPENSION:
-INSPECT STEERING LINKAGE
-CHECK KINGPINS AND TIE-ROD ENDS
-LUBRICATE GREASE FITTINGS
-INSPECT SPRINGS, BUSHINGS, SHOCKS, AND U-BOLTS

ELECTRICAL SYSTEM:
-TEST LIGHTS AND SIGNALS
-INSPECT BATTERIES AND CONNECTIONS
-CHECK ALTERNATOR CHARGING VOLTAGE
-INSPECT WIRING FOR DAMAGE

GENERAL INSPECTION:
-CHECK MIRRORS, WINDSHIELD, AND WIPERS
-INSPECT SEAT BELTS
-CHECK HORN AND BACKUP ALARM
-INSPECT PTO OPERATION
-DOCUMENT DEFECTS AND REPAIRS
",1288,NULL,NULL,200,47153,2743,69d404fe-f0cf-4ac0-98f8-ef352d633565
35321,52036,"2026-07-30 19:12:12",1,0,1,"1000 HR SERVICE (SKIDSTEER)",1000,NULL,NULL,NULL,NULL,NULL,NULL,NULL,NULL,"SEE EQUIPMENT DETAILS - PARTS TAB OR WRITE IN PARTS USED:","PERFORM ALL 500 HR TASKS
REPLACE HYDRAULIC RETURN FILTER
REPLACE CASE DRAIN FILTER
INSPECT LOADER LINKAGE
INSPECT CYLINDERS
INSPECT UNDERCARRIAGE WEAR
CHECK HYDRAULIC PRESSURES
PERFORM DIAGNOSTIC SCAN
",1288,NULL,40,NULL,47507,2613,cd8f6879-55ce-4fda-9689-1195a35b988a
35356,52036,"2026-07-30 19:13:03",1,0,1,"2000 HR SERVICE (SKIDSTEER)",2000,NULL,NULL,NULL,NULL,NULL,NULL,NULL,NULL,"SEE EQUIPMENT DETAILS - PARTS TAB OR WRITE IN PARTS USED:","PERFORM ALL 1000 HR TASKS
SAMPLE HYDRAULIC OIL
REPLACE COOLANT
INSPECT HYDRAULIC PUMPS
INSPECT FINAL DRIVES
INSPECT TURBOCHARGER
",1288,NULL,40,NULL,47508,2657,0772e2b6-bb3c-412e-b1bb-928ee0e833b8
35391,52036,"2026-07-30 19:13:55",1,0,1,"500 HR SERVICE (SKIDSTEER)",500,NULL,NULL,NULL,NULL,NULL,NULL,NULL,NULL,"SEE EQUIPMENT DETAILS - PARTS TAB OR WRITE IN FILTERS USED:","CHANGE ENGINE OIL
REPLACE ENGINE OIL FILTER
REPLACE FUEL FILTERS
DRAIN WATER SEPARATOR
CHECK TRACK TENSION
INSPECT SPROCKETS
INSPECT IDLERS
INSPECT DRIVE MOTORS
INSPECT HYDRAULIC HOSES
GREASE ALL PIVOTS
CHECK FAULT CODES

",1288,NULL,40,NULL,47506,2725,9860d57c-fe6d-4463-9756-af36b0f1e776
34732,52037,"2026-07-29 21:15:43",1,0,1,"1000 HR SERVICE (EXCAVATOR)",1000,NULL,NULL,NULL,NULL,NULL,NULL,1000,NULL,"SEE EQUIPMENT DETAILS - PARTS TAB OR WRITE IN PARTS USED:
","INCLUDES ALL 500 HR TASKS, PLUS:
REPLACE HYDRAULIC RETURN FILTER
REPLACE PILOT FILTER
INSPECT PUMPS
INSPECT SWING DRIVE
INSPECT ROLLERS
INSPECT IDLERS
INSPECT TRACK CHAINS
PERFORM DIAGNOSTIC SCAN
",1288,NULL,40,NULL,47504,2585,5e737c66-f495-4f62-bf2b-6e392064f3f9
34785,52037,"2026-07-29 21:16:44",1,0,1,"2000 HR SERVICE (EXCAVATOR)",2000,NULL,NULL,NULL,NULL,NULL,NULL,NULL,NULL,"SEE EQUIPMENT DETAILS - PARTS TAB OR WRITE IN PARTS USED:
","INCLUDES ALL 1000 HR TASKS
SAMPLE HYDRAULIC OIL
REPLACE COOLANT
INSPECT MAIN PUMPS
INSPECT SWING GEARBOX
INSPECT TRAVEL GEARBOXES
HYDRAULIC PERFORMANCE TEST
",1288,NULL,40,NULL,NULL,2633,2506226d-71cb-41ad-8a69-a1a5f67cb05d
34837,52037,"2026-07-29 21:17:52",1,0,1,"500 HR SERVICE (EXCAVATOR)",500,NULL,NULL,NULL,NULL,NULL,NULL,NULL,NULL,"SEE EQUIPMENT DETAILS - PARTS TAB OR WRITE IN PARTS USED:
","CHANGE ENGINE OIL
REPLACE ENGINE OIL FILTER
REPLACE FUEL FILTERS
REPLACE AIR FILTERS
CHECK ALL FLUIDS
GREASE BOOM PINS & BUSHINGS
GREASE STICK PINS
GREASE BUCKET PINS
GREASE SWING BEARING
INSPECT TIRES/TRACKS
INSPECT CYLINDERS
INSPECT UNDERCARRIAGE
INSPECT/CHANGE FINAL DRIVES
CHECK FAULT CODES
RESET SERVICE METER
",1288,NULL,40,NULL,47505,2694,bc2eff24-bba0-4633-98d8-f7d8a43a2a37
34630,52038,"2026-07-29 20:38:45",1,0,1,"1000 HR SERVICE (COMPACTOR/ROLLER)",1000,NULL,NULL,NULL,NULL,NULL,NULL,NULL,NULL,"SEE EQUIPMENT DETAILS - PARTS TAB OR WRITE IN PARTS USED:","COMPLETE 500 HR SERVICE
REPLACE AIR FILTERS
REPLACE HYDRAULIC FILTERS
CHECK AXLE OIL LEVELSINSPECT DRUM BEARINGS
INSPECT DRIVE SYSTEM
INSPECT VIBRATION COMPONENTS
INSPECT HYDRAULIC HOSES AND CYLINDERS
CHECK COOLING SYSTEM
INSPECT ELECTRICAL SYSTEM
",1288,NULL,40,NULL,47515,2582,605b9cc1-6c6a-47d3-bee7-b581ba51dfd7
34641,52038,"2026-07-29 20:41:36",1,0,1,"2000 HR SERVICE (COMPACTOR/ROLLER)",2000,NULL,NULL,NULL,NULL,NULL,NULL,NULL,NULL,"SEE EQUIPMENT DETAILS - PARTS TAB OR WRITE IN PARTS USED:","COMPLETE 1000 HR SERVICE
CHANGE HYDRAULIC OIL
CHANGE AXLE OILS
REPLACE COOLANT
REPLACE ALL FILTERS
INSPECT PINS AND BUSHINGS
INSPECT STRUCTURAL WELDS
INSPECT DRUM MOUNTS
PERFORM COMPLETE SAFETY INSPECTION",1288,NULL,40,NULL,NULL,2631,98886419-4064-4269-9c83-0e9ee87a4a20
34647,52038,"2026-07-29 20:44:17",1,0,1,"500 HR SERVICE (COMPACTOR/ROLLER)",500,NULL,NULL,NULL,NULL,NULL,NULL,NULL,NULL,"SEE EQUIPMENT DETAILS - PARTS TAB OR WRITE IN PARTS USED:","CHANGE ENGINE OIL & FILTER
REPLACE FUEL FILTER(S)
INSPECT AIR FILTER
CHECK HYDRAULIC OIL LEVEL
GREASE ALL FITTINGS
INSPECT DRUM VIBRATION SYSTEM
CHECK SCRAPER BARS
INSPECT DRUM AND FRAME
CHECK BATTERY AND CABLES
INSPECT BELTS AND HOSES
CHECK BRAKES AND STEERING
TEST LIGHTS, ALARMS, AND SAFETY DEVICES",1288,NULL,40,NULL,47516,2691,20d0dd1a-550f-4ce3-b5c3-02cbde3f6f41
36684,52040,"2026-07-31 18:30:54",2,0,1,"20000 MI SERVICE (FLATBED TRUCK)",NULL,NULL,20000,NULL,NULL,NULL,NULL,NULL,NULL,"SEE EQUIPMENT DETAILS - PARTS TAB OR WRITE IN PARTS USED:

","INCLUDES ALL 6,000 MI SERVICE ITEMS, PLUS:

ENGINE MAINTENANCE:
-CHANGE ENGINE OIL AND FILTER
-REPLACE FUEL FILTERS (PRIMARY AND SECONDARY IF REQUIRED)
-INSPECT SERPENTINE BELTS AND TENSIONERS
-INSPECT COOLING SYSTEM HOSES AND CLAMPS
-CHECK ENGINE MOUNTS

AIR INTAKE SYSTEM:
-INSPECT AIR CLEANER RESTRICTION INDICATOR
-INSPECT AIR FILTER AND REPLACE IF NEEDED
-CHECK TURBOCHARGER CONNECTIONS

DRIVELINE:
-INSPECT DRIVESHAFT
-LUBRICATE U-JOINTS
-INSPECT CARRIER BEARINGS
-CHECK DIFFERENTIAL FLUID LEVELS

TRANSMISSION:
-INSPECT TRANSMISSION FOR LEAKS
-CHECK TRANSMISSION FLUID CONDITION/CHANGE FILTER
-INSPECT PTO AND PTO MOUNTS

AXLES & HUBS:
-CHECK AXLE OIL LEVELS
-INSPECT WHEEL SEALS FOR LEAKS
-CHECK HUB OIL LEVELS

BRAKE SYSTEM:
-MEASURE BRAKE LINING THICKNESS
-INSPECT ABS SENSORS AND WIRING
-CHECK BRAKE ADJUSTMENT
-INSPECT FOUNDATION BRAKE COMPONENTS

SUSPENSION:
-TORQUE-CHECK SUSPENSION COMPONENTS
-INSPECT SPRING HANGERS
-CHECK TORQUE RODS AND BUSHINGS
-INSPECT AIR BAGS (IF EQUIPPED)

HYDRAULIC SYSTEM:
-CHECK HYDRAULIC TANK BREATHER
-INSPECT HYDRAULIC FILTER CONDITION/SAMPLE FLUID
-VERIFY HYDRAULIC PRESSURE AND OPERATION

FRAME & BODY:
-INSPECT FRAME RAILS FOR CRACKS
-CHECK CROSS MEMBERS
-CHECK TAILGATE OPERATION AND HARDWARE

SAFETY INSPECTION:
-VERIFY REFLECTIVE TAPE CONDITION
-TEST BACKUP CAMERA (IF EQUIPPED)
",1288,NULL,NULL,200,NULL,2670,eb13520e-4490-4525-aacc-758e8f874bb4
36692,52040,"2026-07-31 18:31:28",2,0,1,"6000 MI SERVICE (FLATBED TRUCK)",NULL,NULL,6000,NULL,NULL,NULL,NULL,NULL,NULL,"SEE EQUIPMENT DETAILS - PARTS TAB OR WRITE IN PARTS USED:

","ENGINE & FLUIDS:
-CHANGE ENGINE OIL AND OIL FILTER
-CHECK COOLANT LEVEL AND CONDITION
-CHECK POWER STEERING FLUID
-CHECK TRANSMISSION FLUID LEVEL/FILTER
-CHECK HYDRAULIC FLUID LEVEL
-CHECK DEF LEVEL AND INSPECT DEF SYSTEM
-DRAIN WATER SEPARATOR AND INSPECT FUEL SYSTEM

AIR:
-INSPECT AIR FILTERS AND REPLACE IF NEEDED

BRAKES:
-INSPECT BRAKE LININGS/PADS
-CHECK BRAKE DRUMS/ROTORS
-INSPECT SLACK ADJUSTERS
-CHECK BRAKE CHAMBERS AND HARDWARE
-VERIFY PARKING BRAKE OPERATION

TIRES & WHEELS:
-CHECK TIRE PRESSURE
-MEASURE TREAD DEPTH
-INSPECT FOR CUTS, PUNCTURES, AND UNEVEN WEAR
-CHECK WHEEL NUTS AND RIM CONDITION

STEERING & SUSPENSION:
-INSPECT STEERING LINKAGE
-CHECK KINGPINS AND TIE-ROD ENDS
-LUBRICATE GREASE FITTINGS
-INSPECT SPRINGS, BUSHINGS, SHOCKS, AND U-BOLTS

ELECTRICAL SYSTEM:
-TEST LIGHTS AND SIGNALS
-INSPECT BATTERIES AND CONNECTIONS
-CHECK ALTERNATOR CHARGING VOLTAGE
-INSPECT WIRING FOR DAMAGE

GENERAL INSPECTION:
-CHECK MIRRORS, WINDSHIELD, AND WIPERS
-INSPECT SEAT BELTS
-CHECK HORN AND BACKUP ALARM
-INSPECT PTO OPERATION
-DOCUMENT DEFECTS AND REPAIRS
",1288,NULL,NULL,200,NULL,2743,36bd97b8-90f0-4d95-96ae-6bd4907a74bf
34743,52041,"2026-07-29 21:15:51",1,0,1,"1000 HR SERVICE (EXCAVATOR)",1000,NULL,NULL,NULL,NULL,NULL,NULL,1000,NULL,"SEE EQUIPMENT DETAILS - PARTS TAB OR WRITE IN PARTS USED:
","INCLUDES ALL 500 HR TASKS, PLUS:
REPLACE HYDRAULIC RETURN FILTER
REPLACE PILOT FILTER
INSPECT PUMPS
INSPECT SWING DRIVE
INSPECT ROLLERS
INSPECT IDLERS
INSPECT TRACK CHAINS
PERFORM DIAGNOSTIC SCAN
",1288,NULL,40,NULL,47466,2585,67e6a941-1aab-43aa-aac7-671948e17ab0
34795,52041,"2026-07-29 21:16:52",1,0,1,"2000 HR SERVICE (EXCAVATOR)",2000,NULL,NULL,NULL,NULL,NULL,NULL,NULL,NULL,"SEE EQUIPMENT DETAILS - PARTS TAB OR WRITE IN PARTS USED:
","INCLUDES ALL 1000 HR TASKS
SAMPLE HYDRAULIC OIL
REPLACE COOLANT
INSPECT MAIN PUMPS
INSPECT SWING GEARBOX
INSPECT TRAVEL GEARBOXES
HYDRAULIC PERFORMANCE TEST
",1288,NULL,40,NULL,NULL,2633,b5ee6ec3-fc17-4c67-b03f-765d96615d63
34847,52041,"2026-07-29 21:17:59",1,0,1,"500 HR SERVICE (EXCAVATOR)",500,NULL,NULL,NULL,NULL,NULL,NULL,NULL,NULL,"SEE EQUIPMENT DETAILS - PARTS TAB OR WRITE IN PARTS USED:
","CHANGE ENGINE OIL
REPLACE ENGINE OIL FILTER
REPLACE FUEL FILTERS
REPLACE AIR FILTERS
CHECK ALL FLUIDS
GREASE BOOM PINS & BUSHINGS
GREASE STICK PINS
GREASE BUCKET PINS
GREASE SWING BEARING
INSPECT TIRES/TRACKS
INSPECT CYLINDERS
INSPECT UNDERCARRIAGE
INSPECT/CHANGE FINAL DRIVES
CHECK FAULT CODES
RESET SERVICE METER
",1288,NULL,40,NULL,47467,2694,83714537-3e83-4092-9b5b-c45aba3d4ded
34605,52045,"2026-07-29 19:58:29",1,0,1,"1000 HR SERVICE (AMER 9270)",1000,NULL,NULL,NULL,NULL,NULL,NULL,NULL,NULL,"SEE EQUIPMENT DETAILS - PARTS TAB OR WRITE IN PARTS USED:","COMPLETE ALL 500 HR ITEMS
MAIN & AUX HOIST GEAR CASES (DRAIN & FLUSH)
CHANGE SWING DRIVE OIL
CHANGE TRAVEL GEARBOX OIL
SAMPLE HYD FLUID
TORQUE CONVERTER - DRAIN & REFILL
TORQUE CONVERTER - CHANGE FILTER
FLUSH TORQUE COOLER
SPRAG OIL - DRAIN & REFILL
CHAIN CASE - DRAIN, INSPECT & REFILL
UPPER DECK - DRAIN & REFILL
LOWER TUBS - DRAIN & REFILL
LUBRICATE HOIST VALVES
",1288,NULL,40,NULL,48284,2578,640d4d6a-5a2f-4424-ae9a-d0c0cf9f537a
34608,52045,"2026-07-29 19:58:54",1,0,1,"500 HR SERVICE (AMER 9270)",500,NULL,NULL,NULL,NULL,NULL,NULL,NULL,NULL,"SEE EQUIPMENT DETAILS - PARTS TAB OR WRITE IN PARTS USED:
","CHANGE ENGINE OIL & FILTER
CHANGE FUEL FILTERS
CHANGE AIR FILTERS
SAMPLE GEARBOX OIL
REPLACE TORQUE CONVERTER / TRANS FILTER
CHECK TORQUE CONVERTER OIL LEVEL
CHECK FAN BELTS
CHECK COOLANT LEVEL
GREASE ALL CRANE LUBRICATION POINTS
CHECK MAIN HOIST GEARCASE OIL LEVEL
CHECK AUX HOIST GEARCASE OIL LEVEL
CHECK PROPEL DRIVE OIL LEVELS
CHECK BATTERIES AND CABLES
INSPECT BRAKES & CLUTCHES",1288,NULL,40,NULL,48285,2686,36d10b6f-a1d0-4bfc-bf41-a310ee428460
34618,52048,"2026-07-29 20:31:00",1,0,1,"1000 HR SERVICE (AMER 9310)",1000,NULL,NULL,NULL,NULL,NULL,NULL,NULL,NULL,"SEE EQUIPMENT DETAILS - PARTS TAB OR WRITE IN PARTS USED:
","COMPLETE ALL 500 HR ITEMS
MAIN & AUX HOIST GEAR CASES (DRAIN & FLUSH)
CHANGE SWING DRIVE OIL
CHANGE TRAVEL GEARBOX OIL
SAMPLE HYD FLUID
TORQUE CONVERTER - DRAIN & REFILL
TORQUE CONVERTER - CHANGE FILTER
FLUSH TORQUE COOLER
SPRAG OIL - DRAIN & REFILL
CHAIN CASE - DRAIN, INSPECT & REFILL
UPPER DECK - DRAIN & REFILL
LOWER TUBS - DRAIN & REFILL
LUBRICATE HOIST VALVES",1288,NULL,40,NULL,46975,2580,2f47d22c-857b-4dce-aa21-b89f81ba50ac
34620,52048,"2026-07-29 20:31:58",1,0,1,"500 HR SERVICE (AMER 9310)",500,NULL,NULL,NULL,NULL,NULL,NULL,NULL,NULL,"SEE EQUIPMENT DETAILS - PARTS TAB OR WRITE IN PARTS USED:
","CHANGE ENGINE OIL & FILTER
CHANGE FUEL FILTERS
CHANGE AIR FILTERS
SAMPLE GEARBOX OIL
REPLACE TORQUE CONVERTER / TRANS FILTER
CHECK TORQUE CONVERTER OIL LEVEL
CHECK FAN BELTS
CHECK COOLANT LEVEL
GREASE ALL CRANE LUBRICATION POINTS
CHECK MAIN HOIST GEARCASE OIL LEVEL
CHECK AUX HOIST GEARCASE OIL LEVEL
CHECK PROPEL DRIVE OIL LEVELS
CHECK BATTERIES AND CABLES
INSPECT BRAKES & CLUTCHES",1288,NULL,40,NULL,46976,2688,c9e86b78-8852-4dd5-81bc-eb5011d2f5c1
35978,52049,"2026-07-31 15:57:20",1,0,1,"500 HR SERVICE (PRESSURE WASHER)",500,NULL,NULL,NULL,NULL,NULL,NULL,NULL,NULL,"SEE EQUIPMENT DETAILS - PARTS TAB OR WRITE IN PARTS USED:
","CHANGE ENGINE OIL & FILTER
REPLACE AIR FILTER
REPLACE FUEL FILTER
SPARK PLUG CLEANING & REPLACEMENT
INSPECT & CLEAN MUFFLER (AND SPARK ARRESTOR IF EQUIPPED)",1288,NULL,40,NULL,NULL,2723,9ba848df-4322-499a-93b4-4b61e599187c
35985,52049,"2026-07-31 15:57:59",4,0,1,"INITIAL 40 HR BREAK-IN SERVICE (PRESSURE WASHER)",NULL,NULL,NULL,NULL,NULL,NULL,NULL,40,NULL,"SEE EQUIPMENT DETAILS - PARTS TAB OR WRITE IN PARTS USED:
","CHANGE PUMP OIL AFTER INITIAL 40 HOURS OF USE",1288,NULL,5,NULL,NULL,2761,a22b02f3-0d91-460b-9334-574ff5879a46
34628,52050,"2026-07-29 20:38:38",1,0,1,"1000 HR SERVICE (COMPACTOR/ROLLER)",1000,NULL,NULL,NULL,NULL,NULL,NULL,NULL,NULL,"SEE EQUIPMENT DETAILS - PARTS TAB OR WRITE IN PARTS USED:","COMPLETE 500 HR SERVICE
REPLACE AIR FILTERS
REPLACE HYDRAULIC FILTERS
CHECK AXLE OIL LEVELSINSPECT DRUM BEARINGS
INSPECT DRIVE SYSTEM
INSPECT VIBRATION COMPONENTS
INSPECT HYDRAULIC HOSES AND CYLINDERS
CHECK COOLING SYSTEM
INSPECT ELECTRICAL SYSTEM
",1288,NULL,40,NULL,47503,2582,42b3ee81-94a1-44c7-b1f6-f38370272205
34639,52050,"2026-07-29 20:41:34",1,0,1,"2000 HR SERVICE (COMPACTOR/ROLLER)",2000,NULL,NULL,NULL,NULL,NULL,NULL,NULL,NULL,"SEE EQUIPMENT DETAILS - PARTS TAB OR WRITE IN PARTS USED:","COMPLETE 1000 HR SERVICE
CHANGE HYDRAULIC OIL
CHANGE AXLE OILS
REPLACE COOLANT
REPLACE ALL FILTERS
INSPECT PINS AND BUSHINGS
INSPECT STRUCTURAL WELDS
INSPECT DRUM MOUNTS
PERFORM COMPLETE SAFETY INSPECTION",1288,NULL,40,NULL,NULL,2631,22b13cea-3cbb-4dc3-82ac-da46f1c06243
34651,52050,"2026-07-29 20:44:20",1,0,1,"500 HR SERVICE (COMPACTOR/ROLLER)",500,NULL,NULL,NULL,NULL,NULL,NULL,NULL,NULL,"SEE EQUIPMENT DETAILS - PARTS TAB OR WRITE IN PARTS USED:","CHANGE ENGINE OIL & FILTER
REPLACE FUEL FILTER(S)
INSPECT AIR FILTER
CHECK HYDRAULIC OIL LEVEL
GREASE ALL FITTINGS
INSPECT DRUM VIBRATION SYSTEM
CHECK SCRAPER BARS
INSPECT DRUM AND FRAME
CHECK BATTERY AND CABLES
INSPECT BELTS AND HOSES
CHECK BRAKES AND STEERING
TEST LIGHTS, ALARMS, AND SAFETY DEVICES",1288,NULL,40,NULL,47502,2691,3756ec3e-aa1d-4c94-92c6-11e020e95d09
34699,52051,"2026-07-29 21:15:14",1,0,1,"1000 HR SERVICE (EXCAVATOR)",1000,NULL,NULL,NULL,NULL,NULL,NULL,1000,NULL,"SEE EQUIPMENT DETAILS - PARTS TAB OR WRITE IN PARTS USED:
","INCLUDES ALL 500 HR TASKS, PLUS:
REPLACE HYDRAULIC RETURN FILTER
REPLACE PILOT FILTER
INSPECT PUMPS
INSPECT SWING DRIVE
INSPECT ROLLERS
INSPECT IDLERS
INSPECT TRACK CHAINS
PERFORM DIAGNOSTIC SCAN
",1288,NULL,40,NULL,47529,2585,425a019c-d3de-4f2e-9d53-483c327c8128
34751,52051,"2026-07-29 21:16:18",1,0,1,"2000 HR SERVICE (EXCAVATOR)",2000,NULL,NULL,NULL,NULL,NULL,NULL,NULL,NULL,"SEE EQUIPMENT DETAILS - PARTS TAB OR WRITE IN PARTS USED:
","INCLUDES ALL 1000 HR TASKS
SAMPLE HYDRAULIC OIL
REPLACE COOLANT
INSPECT MAIN PUMPS
INSPECT SWING GEARBOX
INSPECT TRAVEL GEARBOXES
HYDRAULIC PERFORMANCE TEST
",1288,NULL,40,NULL,NULL,2633,adbfa1e2-28ef-4776-8ce0-9eff5d4149ea
34803,52051,"2026-07-29 21:17:26",1,0,1,"500 HR SERVICE (EXCAVATOR)",500,NULL,NULL,NULL,NULL,NULL,NULL,NULL,NULL,"SEE EQUIPMENT DETAILS - PARTS TAB OR WRITE IN PARTS USED:
","CHANGE ENGINE OIL
REPLACE ENGINE OIL FILTER
REPLACE FUEL FILTERS
REPLACE AIR FILTERS
CHECK ALL FLUIDS
GREASE BOOM PINS & BUSHINGS
GREASE STICK PINS
GREASE BUCKET PINS
GREASE SWING BEARING
INSPECT TIRES/TRACKS
INSPECT CYLINDERS
INSPECT UNDERCARRIAGE
INSPECT/CHANGE FINAL DRIVES
CHECK FAULT CODES
RESET SERVICE METER
",1288,NULL,40,NULL,47530,2694,ccf41f68-1866-41b4-b7a9-0d6ee03ff389
35337,52052,"2026-07-30 19:12:24",1,0,1,"1000 HR SERVICE (SKIDSTEER)",1000,NULL,NULL,NULL,NULL,NULL,NULL,NULL,NULL,"SEE EQUIPMENT DETAILS - PARTS TAB OR WRITE IN PARTS USED:","PERFORM ALL 500 HR TASKS
REPLACE HYDRAULIC RETURN FILTER
REPLACE CASE DRAIN FILTER
INSPECT LOADER LINKAGE
INSPECT CYLINDERS
INSPECT UNDERCARRIAGE WEAR
CHECK HYDRAULIC PRESSURES
PERFORM DIAGNOSTIC SCAN
",1288,NULL,40,NULL,47532,2613,9ba1176d-2ff1-495a-ad72-31cb3b94e7ba
35372,52052,"2026-07-30 19:13:14",1,0,1,"2000 HR SERVICE (SKIDSTEER)",2000,NULL,NULL,NULL,NULL,NULL,NULL,NULL,NULL,"SEE EQUIPMENT DETAILS - PARTS TAB OR WRITE IN PARTS USED:","PERFORM ALL 1000 HR TASKS
SAMPLE HYDRAULIC OIL
REPLACE COOLANT
INSPECT HYDRAULIC PUMPS
INSPECT FINAL DRIVES
INSPECT TURBOCHARGER
",1288,NULL,40,NULL,47533,2657,abb611a1-350d-40de-a505-30e4a9587278
35407,52052,"2026-07-30 19:14:06",1,0,1,"500 HR SERVICE (SKIDSTEER)",500,NULL,NULL,NULL,NULL,NULL,NULL,NULL,NULL,"SEE EQUIPMENT DETAILS - PARTS TAB OR WRITE IN FILTERS USED:","CHANGE ENGINE OIL
REPLACE ENGINE OIL FILTER
REPLACE FUEL FILTERS
DRAIN WATER SEPARATOR
CHECK TRACK TENSION
INSPECT SPROCKETS
INSPECT IDLERS
INSPECT DRIVE MOTORS
INSPECT HYDRAULIC HOSES
GREASE ALL PIVOTS
CHECK FAULT CODES

",1288,NULL,40,NULL,47531,2725,c314c335-515a-4909-ae42-f38312173786
34734,52053,"2026-07-29 21:15:44",1,0,1,"1000 HR SERVICE (EXCAVATOR)",1000,NULL,NULL,NULL,NULL,NULL,NULL,1000,NULL,"SEE EQUIPMENT DETAILS - PARTS TAB OR WRITE IN PARTS USED:
","INCLUDES ALL 500 HR TASKS, PLUS:
REPLACE HYDRAULIC RETURN FILTER
REPLACE PILOT FILTER
INSPECT PUMPS
INSPECT SWING DRIVE
INSPECT ROLLERS
INSPECT IDLERS
INSPECT TRACK CHAINS
PERFORM DIAGNOSTIC SCAN
",1288,NULL,40,NULL,47513,2585,16fbf93b-7256-4d50-8969-026c237ab543
34786,52053,"2026-07-29 21:16:45",1,0,1,"2000 HR SERVICE (EXCAVATOR)",2000,NULL,NULL,NULL,NULL,NULL,NULL,NULL,NULL,"SEE EQUIPMENT DETAILS - PARTS TAB OR WRITE IN PARTS USED:
","INCLUDES ALL 1000 HR TASKS
SAMPLE HYDRAULIC OIL
REPLACE COOLANT
INSPECT MAIN PUMPS
INSPECT SWING GEARBOX
INSPECT TRAVEL GEARBOXES
HYDRAULIC PERFORMANCE TEST
",1288,NULL,40,NULL,47514,2633,939d1555-7574-410c-89ab-d48f898367c2
34838,52053,"2026-07-29 21:17:53",1,0,1,"500 HR SERVICE (EXCAVATOR)",500,NULL,NULL,NULL,NULL,NULL,NULL,NULL,NULL,"SEE EQUIPMENT DETAILS - PARTS TAB OR WRITE IN PARTS USED:
","CHANGE ENGINE OIL
REPLACE ENGINE OIL FILTER
REPLACE FUEL FILTERS
REPLACE AIR FILTERS
CHECK ALL FLUIDS
GREASE BOOM PINS & BUSHINGS
GREASE STICK PINS
GREASE BUCKET PINS
GREASE SWING BEARING
INSPECT TIRES/TRACKS
INSPECT CYLINDERS
INSPECT UNDERCARRIAGE
INSPECT/CHANGE FINAL DRIVES
CHECK FAULT CODES
RESET SERVICE METER
",1288,NULL,40,NULL,47512,2694,03fb1948-a3fb-40d4-b14d-e8191a44079e
35081,52054,"2026-07-30 16:15:35",1,0,1,"1000 HR SERVICE (WATER TRUCK)",1000,NULL,NULL,NULL,NULL,NULL,NULL,NULL,NULL,"SEE EQUIPMENT DETAILS - PARTS TAB OR WRITE IN PARTS USED:
","INCLUDES ALL 500 HR TASKS +
REPLACE AIR FILTER
REPLACE TRANSMISSION FILTER
CHECK AXLE OIL LEVELS
INSPECT U-JOINTS
CHECK BRAKE LININGS
CHECK SLACK ADJUSTERS
CHECK CHARGING SYSTEM
PERFORM DIAGNOSTIC SCAN
",1288,NULL,40,NULL,47218,2619,be4c12f2-d505-4443-9dce-d9a8750d3057
35090,52054,"2026-07-30 16:16:16",1,0,1,"2000 HR SERVICE (WATER TRUCK)",2000,NULL,NULL,NULL,NULL,NULL,NULL,NULL,NULL,"SEE EQUIPMENT DETAILS - PARTS TAB OR WRITE IN PARTS USED:
","INCLUDES ALL 1000 HR TASKS
SAMPLE HYDRAULIC OIL
REPLACE COOLANT
INSPECT DIFFERENTIALS
INSPECT TRANSMISSION
INSPECT TURBOCHARGER
INSPECT ENGINE MOUNTS
ENGINE PERFORMANCE TEST
",1288,NULL,40,NULL,47220,2663,dc37a84f-9656-4d82-98e4-458f983be9f4
35099,52054,"2026-07-30 16:16:55",2,0,1,"20000 MI SERVICE (WATER TRUCK)",NULL,NULL,20000,NULL,NULL,NULL,NULL,NULL,NULL,"SEE EQUIPMENT DETAILS - PARTS TAB OR WRITE IN PARTS USED:
","INCLUDES ALL 6,000 MI SERVICE ITEMS, PLUS:

ENGINE MAINTENANCE:
- CHANGE ENGINE OIL AND FILTER
-REPLACE FUEL FILTERS (PRIMARY AND SECONDARY IF REQUIRED)
-INSPECT SERPENTINE BELTS AND TENSIONERS
-INSPECT COOLING SYSTEM HOSES AND CLAMPS
-CHECK ENGINE MOUNTS

AIR INTAKE SYSTEM:
-INSPECT AIR CLEANER RESTRICTION INDICATOR
-INSPECT AIR FILTER AND REPLACE IF NEEDED
-CHECK TURBOCHARGER CONNECTIONS

DRIVELINE:
-INSPECT DRIVESHAFT
-LUBRICATE U-JOINTS
-INSPECT CARRIER BEARINGS
-CHECK DIFFERENTIAL FLUID LEVELS

TRANSMISSION:
-INSPECT TRANSMISSION FOR LEAKS
-CHECK TRANSMISSION FLUID CONDITION
-INSPECT PTO AND PTO MOUNTS

AXLES & HUBS:
-CHECK AXLE OIL LEVELS
-INSPECT WHEEL SEALS FOR LEAKS
-CHECK HUB OIL LEVELS

BRAKE SYSTEM:
-MEASURE BRAKE LINING THICKNESS
-INSPECT ABS SENSORS AND WIRING
-CHECK BRAKE ADJUSTMENT
-INSPECT FOUNDATION BRAKE COMPONENTS

SUSPENSION:
-TORQUE-CHECK SUSPENSION COMPONENTS
-INSPECT SPRING HANGERS
-CHECK TORQUE RODS AND BUSHINGS
-INSPECT AIR BAGS (IF EQUIPPED)

HYDRAULIC SYSTEM:
-CHECK HYDRAULIC TANK BREATHER
-INSPECT HYDRAULIC FILTER CONDITION
-VERIFY HYDRAULIC PRESSURE AND OPERATION

FRAME & BODY:
-INSPECT FRAME RAILS FOR CRACKS
-CHECK CROSS MEMBERS
-INSPECT DUMP BODY HINGES AND PINS
-CHECK TAILGATE OPERATION AND HARDWARE

SAFETY INSPECTION:
-VERIFY REFLECTIVE TAPE CONDITION
-TEST BACKUP CAMERA (IF EQUIPPED)
",1288,NULL,NULL,200,NULL,2673,e133fedd-09b9-4749-ac76-4d10edae1562
35108,52054,"2026-07-30 16:17:31",1,0,1,"500 HR SERVICE (WATER TRUCK)",500,NULL,NULL,NULL,NULL,NULL,NULL,NULL,NULL,"SEE EQUIPMENT DETAILS - PARTS TAB OR WRITE IN PARTS USED:
","CHANGE ENGINE OIL & FILTER
CHANGE AIR FILTERS
REPLACE FUEL FILTERS
DRAIN WATER SEPARATOR
CHECK DEF LEVEL
CHECK COOLANT LEVEL
INSPECT BELTS
INSPECT AIR FILTER
CHECK BATTERIES
CHECK LIGHTS
CHECK BRAKES
CHECK TIRES
CHECK WHEEL TORQUE
INSPECT DRIVELINE
GREASE CHASSIS FITTINGS
CHECK ACTIVE FAULT CODES
",1288,NULL,40,NULL,47219,2735,6b241c4b-44c2-4213-93b0-4651cd179701
35117,52054,"2026-07-30 16:18:36",2,0,1,"6000 MI SERVICE (WATER TRUCK)",NULL,NULL,6000,NULL,NULL,NULL,NULL,NULL,NULL,"SEE EQUIPMENT DETAILS - PARTS TAB OR WRITE IN PARTS USED:","ENGINE & FLUIDS:
-CHECK ENGINE OIL LEVEL AND CONDITION
-CHANGE ENGINE OIL AND OIL FILTER
-CHECK COOLANT LEVEL AND CONDITION
-CHECK POWER STEERING FLUID
-CHECK TRANSMISSION FLUID LEVEL
-CHECK HYDRAULIC FLUID LEVEL
-CHECK DEF LEVEL AND INSPECT DEF SYSTEM
-DRAIN WATER SEPARATOR AND INSPECT FUEL SYSTEM

BRAKES:
-INSPECT BRAKE LININGS/PADS
-CHECK BRAKE DRUMS/ROTORS
-INSPECT SLACK ADJUSTERS
-CHECK BRAKE CHAMBERS AND HARDWARE
-VERIFY PARKING BRAKE OPERATION

TIRES & WHEELS:
-CHECK TIRE PRESSURE
-MEASURE TREAD DEPTH
-INSPECT FOR CUTS, PUNCTURES, AND UNEVEN WEAR
-CHECK WHEEL NUTS AND RIM CONDITION

STEERING & SUSPENSION:
-INSPECT STEERING LINKAGE
-CHECK KINGPINS AND TIE-ROD ENDS
-LUBRICATE GREASE FITTINGS
-INSPECT SPRINGS, BUSHINGS, SHOCKS, AND U-BOLTS

HYDRAULIC DUMP SYSTEM:
-INSPECT HYDRAULIC CYLINDER FOR LEAKS
-CHECK HOSES AND FITTINGS
-VERIFY DUMP BODY OPERATION
-INSPECT HOIST PIVOTS AND GREASE AS REQUIRED

ELECTRICAL SYSTEM:
-TEST LIGHTS AND SIGNALS
-INSPECT BATTERIES AND CONNECTIONS
-CHECK ALTERNATOR CHARGING VOLTAGE
-INSPECT WIRING FOR DAMAGE

GENERAL INSPECTION:
-CHECK MIRRORS, WINDSHIELD, AND WIPERS
-INSPECT SEAT BELTS
-CHECK HORN AND BACKUP ALARM
-INSPECT PTO OPERATION
-DOCUMENT DEFECTS AND REPAIRS
",1288,NULL,NULL,200,NULL,2747,6c7cd9b6-ff8f-46a2-9290-26fa4513d3d9
34455,52055,"2026-07-28 02:37:49",1,0,1,"1000 HR SERVICE (AMER HC80 CRAWLER CRANE)",1000,NULL,NULL,NULL,NULL,NULL,NULL,NULL,NULL,"SEE EQUIPMENT DETAILS - PARTS TAB OR WRITE IN PARTS USED:","• PERFORM ALL 500 HOUR ITEMS
• SAMPLE HYDRAULIC OIL
• REPLACE HYDRAULIC RETURN FILTER
• REPLACE HYDRAULIC SUCTION FILTER
• REPLACE HYDRAULIC RETURN FILTER

",1288,NULL,40,NULL,NULL,2610,3702a6f0-d339-4f6f-9de8-2278abf0b054
34459,52055,"2026-07-28 02:38:13",1,0,1,"2000 HR SERVICE (AMER HC80 CRAWLER CRANE)",2000,NULL,NULL,NULL,NULL,NULL,NULL,NULL,NULL,"SEE EQUIPMENT DETAILS - PARTS TAB OR WRITE IN PARTS USED:
","• PERFORM ALL 1000 HOUR ITEMS
• SAMPLE HYDRAULIC OIL/CHANGE AS NEEDED
• REPLACE COOLANT
• CHANGE SWING OIL
• CHANGE HOIST GEARBOX OIL
• CHANGE DRUM REDUCER OIL",1288,NULL,40,NULL,NULL,2721,ed3c83a6-b871-4bc1-8eb9-90e8254f0534
34463,52055,"2026-07-28 02:38:31",1,0,1,"500 HR SERVICE (AMER HC80 CRAWLER CRANE)",500,NULL,NULL,NULL,NULL,NULL,NULL,NULL,NULL,"SEE EQUIPMENT DETAILS - PARTS TAB OR WRITE IN PARTS USED:","• CHANGE ENGINE OIL & FILTERS 
• CHANGE FUEL FILTERS (W/S) & SECONDARY
• CHANGE AIR FILTERS
• CHECK FAN BELTS
• CHECK BATTERY CONDITION
• CHECK HYDRAULIC LEVELS
• CHANGE FINAL DRIVE LEVELS
• SAMPLE GEARBOX OIL
",1288,NULL,40,NULL,46981,2690,903142a0-6dab-41eb-a0d8-8b912f7a36a6
35966,52057,"2026-07-31 15:50:41",2,1,0,"20000 MI SERVICE (MECHANIC)",NULL,NULL,20000,NULL,NULL,NULL,NULL,NULL,NULL,"SEE EQUIPMENT DETAILS - PARTS TAB OR WRITE IN PARTS USED:

","INCLUDES ALL 6,000 MI SERVICE ITEMS, PLUS:

ENGINE MAINTENANCE:
-CHANGE ENGINE OIL AND FILTER
-REPLACE FUEL FILTERS (PRIMARY AND SECONDARY IF REQUIRED)
-INSPECT SERPENTINE BELTS AND TENSIONERS
-INSPECT COOLING SYSTEM HOSES AND CLAMPS
-CHECK ENGINE MOUNTS

AIR INTAKE SYSTEM:
-INSPECT AIR CLEANER RESTRICTION INDICATOR
-INSPECT AIR FILTER AND REPLACE IF NEEDED
-CHECK TURBOCHARGER CONNECTIONS

DRIVELINE:
-INSPECT DRIVESHAFT
-LUBRICATE U-JOINTS
-INSPECT CARRIER BEARINGS
-CHECK DIFFERENTIAL FLUID LEVELS

TRANSMISSION:
-INSPECT TRANSMISSION FOR LEAKS
-CHECK TRANSMISSION FLUID CONDITION/CHANGE FILTER
-INSPECT PTO AND PTO MOUNTS

AXLES & HUBS:
-CHECK AXLE OIL LEVELS
-INSPECT WHEEL SEALS FOR LEAKS
-CHECK HUB OIL LEVELS

BRAKE SYSTEM:
-MEASURE BRAKE LINING THICKNESS
-INSPECT ABS SENSORS AND WIRING
-CHECK BRAKE ADJUSTMENT
-INSPECT FOUNDATION BRAKE COMPONENTS

SUSPENSION:
-TORQUE-CHECK SUSPENSION COMPONENTS
-INSPECT SPRING HANGERS
-CHECK TORQUE RODS AND BUSHINGS
-INSPECT AIR BAGS (IF EQUIPPED)

HYDRAULIC SYSTEM:
-CHECK HYDRAULIC TANK BREATHER
-INSPECT HYDRAULIC FILTER CONDITION/SAMPLE FLUID
-VERIFY HYDRAULIC PRESSURE AND OPERATION

FRAME & BODY:
-INSPECT FRAME RAILS FOR CRACKS
-CHECK CROSS MEMBERS
-CHECK TAILGATE OPERATION AND HARDWARE

SAFETY INSPECTION:
-VERIFY REFLECTIVE TAPE CONDITION
-TEST BACKUP CAMERA (IF EQUIPPED)
",1288,NULL,NULL,200,NULL,2672,a5b5682d-e4b4-45d3-a429-c082d05fd783
35973,52057,"2026-07-31 15:53:47",2,0,1,"6000 MI SERVICE (FUEL/LUBE F-750, T370)",NULL,NULL,6000,NULL,NULL,NULL,NULL,NULL,NULL,"SEE EQUIPMENT DETAILS - PARTS TAB OR WRITE IN PARTS USED:

","ENGINE & FLUIDS:
-CHANGE ENGINE OIL AND OIL FILTER
-CHECK COOLANT LEVEL AND CONDITION
-CHECK POWER STEERING FLUID
-CHECK TRANSMISSION FLUID LEVEL/FILTER
-CHECK HYDRAULIC FLUID LEVEL
-CHECK DEF LEVEL AND INSPECT DEF SYSTEM
-DRAIN WATER SEPARATOR AND INSPECT FUEL SYSTEM

AIR:
-INSPECT AIR FILTERS AND REPLACE IF NEEDED

BRAKES:
-INSPECT BRAKE LININGS/PADS
-CHECK BRAKE DRUMS/ROTORS
-INSPECT SLACK ADJUSTERS
-CHECK BRAKE CHAMBERS AND HARDWARE
-VERIFY PARKING BRAKE OPERATION

TIRES & WHEELS:
-CHECK TIRE PRESSURE
-MEASURE TREAD DEPTH
-INSPECT FOR CUTS, PUNCTURES, AND UNEVEN WEAR
-CHECK WHEEL NUTS AND RIM CONDITION

STEERING & SUSPENSION:
-INSPECT STEERING LINKAGE
-CHECK KINGPINS AND TIE-ROD ENDS
-LUBRICATE GREASE FITTINGS
-INSPECT SPRINGS, BUSHINGS, SHOCKS, AND U-BOLTS

ELECTRICAL SYSTEM:
-TEST LIGHTS AND SIGNALS
-INSPECT BATTERIES AND CONNECTIONS
-CHECK ALTERNATOR CHARGING VOLTAGE
-INSPECT WIRING FOR DAMAGE

GENERAL INSPECTION:
-CHECK MIRRORS, WINDSHIELD, AND WIPERS
-INSPECT SEAT BELTS
-CHECK HORN AND BACKUP ALARM
-INSPECT PTO OPERATION
-DOCUMENT DEFECTS AND REPAIRS
",1288,NULL,NULL,200,48817,2748,3bf871df-d651-41ec-b66b-8b0b58b82081
34606,52059,"2026-07-29 19:58:30",1,0,1,"1000 HR SERVICE (AMER 9270)",1000,NULL,NULL,NULL,NULL,NULL,NULL,NULL,NULL,"SEE EQUIPMENT DETAILS - PARTS TAB OR WRITE IN PARTS USED:","COMPLETE ALL 500 HR ITEMS
MAIN & AUX HOIST GEAR CASES (DRAIN & FLUSH)
CHANGE SWING DRIVE OIL
CHANGE TRAVEL GEARBOX OIL
SAMPLE HYD FLUID
TORQUE CONVERTER - DRAIN & REFILL
TORQUE CONVERTER - CHANGE FILTER
FLUSH TORQUE COOLER
SPRAG OIL - DRAIN & REFILL
CHAIN CASE - DRAIN, INSPECT & REFILL
UPPER DECK - DRAIN & REFILL
LOWER TUBS - DRAIN & REFILL
LUBRICATE HOIST VALVES
",1288,NULL,40,NULL,48379,2578,bb4e0735-1365-4032-95bf-50674c1f4283
34609,52059,"2026-07-29 19:58:55",1,0,1,"500 HR SERVICE (AMER 9270)",500,NULL,NULL,NULL,NULL,NULL,NULL,NULL,NULL,"SEE EQUIPMENT DETAILS - PARTS TAB OR WRITE IN PARTS USED:
","CHANGE ENGINE OIL & FILTER
CHANGE FUEL FILTERS
CHANGE AIR FILTERS
SAMPLE GEARBOX OIL
REPLACE TORQUE CONVERTER / TRANS FILTER
CHECK TORQUE CONVERTER OIL LEVEL
CHECK FAN BELTS
CHECK COOLANT LEVEL
GREASE ALL CRANE LUBRICATION POINTS
CHECK MAIN HOIST GEARCASE OIL LEVEL
CHECK AUX HOIST GEARCASE OIL LEVEL
CHECK PROPEL DRIVE OIL LEVELS
CHECK BATTERIES AND CABLES
INSPECT BRAKES & CLUTCHES",1288,NULL,40,NULL,48381,2686,c6384641-733d-480a-b55d-99a0dd68ac5c
35951,52061,"2026-07-31 15:48:42",2,0,1,"6000 MI SERVICE (MECHANIC)",NULL,NULL,6000,NULL,NULL,NULL,NULL,NULL,NULL,"SEE EQUIPMENT DETAILS - PARTS TAB OR WRITE IN PARTS USED:

","ENGINE & FLUIDS:
-CHANGE ENGINE OIL AND OIL FILTER
-CHECK COOLANT LEVEL AND CONDITION
-CHECK POWER STEERING FLUID
-CHECK TRANSMISSION FLUID LEVEL/FILTER
-CHECK HYDRAULIC FLUID LEVEL
-CHECK DEF LEVEL AND INSPECT DEF SYSTEM
-DRAIN WATER SEPARATOR AND INSPECT FUEL SYSTEM

AIR:
-INSPECT AIR FILTERS AND REPLACE IF NEEDED

BRAKES:
-INSPECT BRAKE LININGS/PADS
-CHECK BRAKE DRUMS/ROTORS
-INSPECT SLACK ADJUSTERS
-CHECK BRAKE CHAMBERS AND HARDWARE
-VERIFY PARKING BRAKE OPERATION

TIRES & WHEELS:
-CHECK TIRE PRESSURE
-MEASURE TREAD DEPTH
-INSPECT FOR CUTS, PUNCTURES, AND UNEVEN WEAR
-CHECK WHEEL NUTS AND RIM CONDITION

STEERING & SUSPENSION:
-INSPECT STEERING LINKAGE
-CHECK KINGPINS AND TIE-ROD ENDS
-LUBRICATE GREASE FITTINGS
-INSPECT SPRINGS, BUSHINGS, SHOCKS, AND U-BOLTS

ELECTRICAL SYSTEM:
-TEST LIGHTS AND SIGNALS
-INSPECT BATTERIES AND CONNECTIONS
-CHECK ALTERNATOR CHARGING VOLTAGE
-INSPECT WIRING FOR DAMAGE

GENERAL INSPECTION:
-CHECK MIRRORS, WINDSHIELD, AND WIPERS
-INSPECT SEAT BELTS
-CHECK HORN AND BACKUP ALARM
-INSPECT PTO OPERATION
-DOCUMENT DEFECTS AND REPAIRS
",1288,NULL,NULL,200,NULL,2745,f90a11eb-81cf-47d3-9484-b7d007ca2014
35962,52061,"2026-07-31 15:49:31",2,0,1,"20000 MI SERVICE (MECHANIC)",NULL,NULL,20000,NULL,NULL,NULL,NULL,NULL,NULL,"SEE EQUIPMENT DETAILS - PARTS TAB OR WRITE IN PARTS USED:

","INCLUDES ALL 6,000 MI SERVICE ITEMS, PLUS:

ENGINE MAINTENANCE:
-CHANGE ENGINE OIL AND FILTER
-REPLACE FUEL FILTERS (PRIMARY AND SECONDARY IF REQUIRED)
-INSPECT SERPENTINE BELTS AND TENSIONERS
-INSPECT COOLING SYSTEM HOSES AND CLAMPS
-CHECK ENGINE MOUNTS

AIR INTAKE SYSTEM:
-INSPECT AIR CLEANER RESTRICTION INDICATOR
-INSPECT AIR FILTER AND REPLACE IF NEEDED
-CHECK TURBOCHARGER CONNECTIONS

DRIVELINE:
-INSPECT DRIVESHAFT
-LUBRICATE U-JOINTS
-INSPECT CARRIER BEARINGS
-CHECK DIFFERENTIAL FLUID LEVELS

TRANSMISSION:
-INSPECT TRANSMISSION FOR LEAKS
-CHECK TRANSMISSION FLUID CONDITION/CHANGE FILTER
-INSPECT PTO AND PTO MOUNTS

AXLES & HUBS:
-CHECK AXLE OIL LEVELS
-INSPECT WHEEL SEALS FOR LEAKS
-CHECK HUB OIL LEVELS

BRAKE SYSTEM:
-MEASURE BRAKE LINING THICKNESS
-INSPECT ABS SENSORS AND WIRING
-CHECK BRAKE ADJUSTMENT
-INSPECT FOUNDATION BRAKE COMPONENTS

SUSPENSION:
-TORQUE-CHECK SUSPENSION COMPONENTS
-INSPECT SPRING HANGERS
-CHECK TORQUE RODS AND BUSHINGS
-INSPECT AIR BAGS (IF EQUIPPED)

HYDRAULIC SYSTEM:
-CHECK HYDRAULIC TANK BREATHER
-INSPECT HYDRAULIC FILTER CONDITION/SAMPLE FLUID
-VERIFY HYDRAULIC PRESSURE AND OPERATION

FRAME & BODY:
-INSPECT FRAME RAILS FOR CRACKS
-CHECK CROSS MEMBERS
-CHECK TAILGATE OPERATION AND HARDWARE

SAFETY INSPECTION:
-VERIFY REFLECTIVE TAPE CONDITION
-TEST BACKUP CAMERA (IF EQUIPPED)
",1288,NULL,NULL,200,NULL,2672,6036d7fb-434b-4e39-aff7-6b291389ef36
34735,52063,"2026-07-29 21:15:44",1,0,1,"1000 HR SERVICE (EXCAVATOR)",1000,NULL,NULL,NULL,NULL,NULL,NULL,1000,NULL,"SEE EQUIPMENT DETAILS - PARTS TAB OR WRITE IN PARTS USED:
","INCLUDES ALL 500 HR TASKS, PLUS:
REPLACE HYDRAULIC RETURN FILTER
REPLACE PILOT FILTER
INSPECT PUMPS
INSPECT SWING DRIVE
INSPECT ROLLERS
INSPECT IDLERS
INSPECT TRACK CHAINS
PERFORM DIAGNOSTIC SCAN
",1288,NULL,40,NULL,47537,2585,3124e3c3-c4d4-4767-a632-8f148eb4c049
34787,52063,"2026-07-29 21:16:46",1,0,1,"2000 HR SERVICE (EXCAVATOR)",2000,NULL,NULL,NULL,NULL,NULL,NULL,NULL,NULL,"SEE EQUIPMENT DETAILS - PARTS TAB OR WRITE IN PARTS USED:
","INCLUDES ALL 1000 HR TASKS
SAMPLE HYDRAULIC OIL
REPLACE COOLANT
INSPECT MAIN PUMPS
INSPECT SWING GEARBOX
INSPECT TRAVEL GEARBOXES
HYDRAULIC PERFORMANCE TEST
",1288,NULL,40,NULL,NULL,2633,888e593a-4e84-4a04-bf42-35a67f14bd63
34839,52063,"2026-07-29 21:17:53",1,0,1,"500 HR SERVICE (EXCAVATOR)",500,NULL,NULL,NULL,NULL,NULL,NULL,NULL,NULL,"SEE EQUIPMENT DETAILS - PARTS TAB OR WRITE IN PARTS USED:
","CHANGE ENGINE OIL
REPLACE ENGINE OIL FILTER
REPLACE FUEL FILTERS
REPLACE AIR FILTERS
CHECK ALL FLUIDS
GREASE BOOM PINS & BUSHINGS
GREASE STICK PINS
GREASE BUCKET PINS
GREASE SWING BEARING
INSPECT TIRES/TRACKS
INSPECT CYLINDERS
INSPECT UNDERCARRIAGE
INSPECT/CHANGE FINAL DRIVES
CHECK FAULT CODES
RESET SERVICE METER
",1288,NULL,40,NULL,47538,2694,5dea97bc-cfd1-4de9-ae50-ac8bf72d6249
34715,52065,"2026-07-29 21:15:28",1,0,1,"1000 HR SERVICE (EXCAVATOR)",1000,NULL,NULL,NULL,NULL,NULL,NULL,1000,NULL,"SEE EQUIPMENT DETAILS - PARTS TAB OR WRITE IN PARTS USED:
","INCLUDES ALL 500 HR TASKS, PLUS:
REPLACE HYDRAULIC RETURN FILTER
REPLACE PILOT FILTER
INSPECT PUMPS
INSPECT SWING DRIVE
INSPECT ROLLERS
INSPECT IDLERS
INSPECT TRACK CHAINS
PERFORM DIAGNOSTIC SCAN
",1288,NULL,40,NULL,47520,2585,de22903c-4df3-48e8-bcbd-9b7ee22fe7af
34767,52065,"2026-07-29 21:16:31",1,0,1,"2000 HR SERVICE (EXCAVATOR)",2000,NULL,NULL,NULL,NULL,NULL,NULL,NULL,NULL,"SEE EQUIPMENT DETAILS - PARTS TAB OR WRITE IN PARTS USED:
","INCLUDES ALL 1000 HR TASKS
SAMPLE HYDRAULIC OIL
REPLACE COOLANT
INSPECT MAIN PUMPS
INSPECT SWING GEARBOX
INSPECT TRAVEL GEARBOXES
HYDRAULIC PERFORMANCE TEST
",1288,NULL,40,NULL,47521,2633,56165f04-d985-4f07-901b-2056589ab352
34819,52065,"2026-07-29 21:17:39",1,0,1,"500 HR SERVICE (EXCAVATOR)",500,NULL,NULL,NULL,NULL,NULL,NULL,NULL,NULL,"SEE EQUIPMENT DETAILS - PARTS TAB OR WRITE IN PARTS USED:
","CHANGE ENGINE OIL
REPLACE ENGINE OIL FILTER
REPLACE FUEL FILTERS
REPLACE AIR FILTERS
CHECK ALL FLUIDS
GREASE BOOM PINS & BUSHINGS
GREASE STICK PINS
GREASE BUCKET PINS
GREASE SWING BEARING
INSPECT TIRES/TRACKS
INSPECT CYLINDERS
INSPECT UNDERCARRIAGE
INSPECT/CHANGE FINAL DRIVES
CHECK FAULT CODES
RESET SERVICE METER
",1288,NULL,40,NULL,47522,2694,23903835-7f5c-442a-b1d0-2d9f393fa189
35421,52066,"2026-07-30 19:15:34",1,0,1,"1000 HR SERVICE (VAC TRUCK)",1000,NULL,NULL,NULL,NULL,NULL,NULL,NULL,NULL,"SEE EQUIPMENT DETAILS - PARTS TAB OR WRITE IN PARTS USED:

","INCLUDE ALL 500 HR TASKS
HYD OIL CHANGE (ISO 32)
HYD OIL FILTER
HYDRO STAT CHARGE FILTER
SYSTEM PRESSURE FILTER - OIL FILTER
LIQUID RING - HYD TANK (HD ISO 68)
LIQUID RING - OIL FILTER
",1288,NULL,40,NULL,47225,2618,03caf381-325a-40fc-81df-ba4e7cdee3fb
35422,52066,"2026-07-30 19:15:49",1,0,1,"2000 HR SERVICE (VAC TRUCK)",2000,NULL,NULL,NULL,NULL,NULL,NULL,NULL,NULL,"SEE EQUIPMENT DETAILS - PARTS TAB OR WRITE IN PARTS USED:
","INCLUDE ALL 1000 HR TASKS
WATERPUMP - SEALS
WATERPUMP - VALVES
",1288,NULL,40,NULL,NULL,2662,fed72b31-a1f2-49b8-8c8f-d0a1110e2bd0
35423,52066,"2026-07-30 19:16:36",1,0,1,"500 HR SERVICE (VAC TRUCK)",500,NULL,NULL,NULL,NULL,NULL,NULL,NULL,NULL,"SEE EQUIPMENT DETAILS - PARTS TAB OR WRITE IN PARTS USED:
","EPPS BOILER - FUEL FILTER
EPPS BOILER - WATER SCREEN
TRANSFER CASE - OIL (SYN 75W90)
BLOWER - OIL (ISO 220)
WATERPUMP - OIL (ISO 68)
AIR COMPRESSOR - OIL (VANGUARD PREMIUM SYN OIL)
AIR COMPRESSOR - OIL FILTER
AIR COMPRESSOR - AIR FILTER (CLEAN OR REPLACE)
BLOWER - FILTER (CLEAN OR REPLACE)
GREASE HYDRO-VAC BODY - BOOM
GREASE HYDRO-VAC BODY - DUMP DOOR & LOCK BAR
GREASE HYDRO-VAC BODY - DRIVE TRAIN
GREASE HYDRO-VAC BODY - CHASSIS
GREASE HYDRO-VAC BODY - AIR PTO SHAFT
LIQUID RING - OIL (SYN 75W90)
",1288,NULL,40,NULL,47226,2733,4b87fe4a-ef9f-44d1-ac69-ebe4103bafe8
35424,52066,"2026-07-30 19:16:57",2,0,1,"6000 MI SERVICE (VAC TRUCK - ENGINE/CHASSIS)",NULL,NULL,6000,NULL,NULL,NULL,NULL,NULL,NULL,"SEE EQUIPMENT DETAILS - PARTS TAB OR WRITE IN PARTS USED:

","CHANGE ENGINE OIL & FILTER
CHANGE FUEL FILTERS
CHANGE AIR FILTERS
GREASE UNIT
CHECK AIR SYSTEM",1288,NULL,NULL,200,48960,2746,886dbac8-9e19-4ef8-b2f5-b9a96d8a44b9
36774,52066,"2026-08-04 04:37:40",4,0,0,"INITIAL 50 HR BREAK-IN SERVICE",NULL,NULL,NULL,NULL,NULL,NULL,NULL,50,NULL,"SEE EQUIPMENT DETAILS - PARTS TAB OR WRITE IN PARTS USED:
","INITIAL 50-HR BREAK-IN (OIL CHANGE) SERVICE",1288,NULL,5,NULL,47227,2762,617703a6-170c-450f-aa50-0ec0793c98c5
35949,52067,"2026-07-31 15:48:41",2,0,1,"6000 MI SERVICE (MECHANIC)",NULL,NULL,6000,NULL,NULL,NULL,NULL,NULL,NULL,"SEE EQUIPMENT DETAILS - PARTS TAB OR WRITE IN PARTS USED:

","ENGINE & FLUIDS:
-CHANGE ENGINE OIL AND OIL FILTER
-CHECK COOLANT LEVEL AND CONDITION
-CHECK POWER STEERING FLUID
-CHECK TRANSMISSION FLUID LEVEL/FILTER
-CHECK HYDRAULIC FLUID LEVEL
-CHECK DEF LEVEL AND INSPECT DEF SYSTEM
-DRAIN WATER SEPARATOR AND INSPECT FUEL SYSTEM

AIR:
-INSPECT AIR FILTERS AND REPLACE IF NEEDED

BRAKES:
-INSPECT BRAKE LININGS/PADS
-CHECK BRAKE DRUMS/ROTORS
-INSPECT SLACK ADJUSTERS
-CHECK BRAKE CHAMBERS AND HARDWARE
-VERIFY PARKING BRAKE OPERATION

TIRES & WHEELS:
-CHECK TIRE PRESSURE
-MEASURE TREAD DEPTH
-INSPECT FOR CUTS, PUNCTURES, AND UNEVEN WEAR
-CHECK WHEEL NUTS AND RIM CONDITION

STEERING & SUSPENSION:
-INSPECT STEERING LINKAGE
-CHECK KINGPINS AND TIE-ROD ENDS
-LUBRICATE GREASE FITTINGS
-INSPECT SPRINGS, BUSHINGS, SHOCKS, AND U-BOLTS

ELECTRICAL SYSTEM:
-TEST LIGHTS AND SIGNALS
-INSPECT BATTERIES AND CONNECTIONS
-CHECK ALTERNATOR CHARGING VOLTAGE
-INSPECT WIRING FOR DAMAGE

GENERAL INSPECTION:
-CHECK MIRRORS, WINDSHIELD, AND WIPERS
-INSPECT SEAT BELTS
-CHECK HORN AND BACKUP ALARM
-INSPECT PTO OPERATION
-DOCUMENT DEFECTS AND REPAIRS
",1288,NULL,NULL,200,NULL,2745,463ed305-fd1b-498c-8852-9848177e6e39
35960,52067,"2026-07-31 15:49:30",2,0,1,"20000 MI SERVICE (MECHANIC)",NULL,NULL,20000,NULL,NULL,NULL,NULL,NULL,NULL,"SEE EQUIPMENT DETAILS - PARTS TAB OR WRITE IN PARTS USED:

","INCLUDES ALL 6,000 MI SERVICE ITEMS, PLUS:

ENGINE MAINTENANCE:
-CHANGE ENGINE OIL AND FILTER
-REPLACE FUEL FILTERS (PRIMARY AND SECONDARY IF REQUIRED)
-INSPECT SERPENTINE BELTS AND TENSIONERS
-INSPECT COOLING SYSTEM HOSES AND CLAMPS
-CHECK ENGINE MOUNTS

AIR INTAKE SYSTEM:
-INSPECT AIR CLEANER RESTRICTION INDICATOR
-INSPECT AIR FILTER AND REPLACE IF NEEDED
-CHECK TURBOCHARGER CONNECTIONS

DRIVELINE:
-INSPECT DRIVESHAFT
-LUBRICATE U-JOINTS
-INSPECT CARRIER BEARINGS
-CHECK DIFFERENTIAL FLUID LEVELS

TRANSMISSION:
-INSPECT TRANSMISSION FOR LEAKS
-CHECK TRANSMISSION FLUID CONDITION/CHANGE FILTER
-INSPECT PTO AND PTO MOUNTS

AXLES & HUBS:
-CHECK AXLE OIL LEVELS
-INSPECT WHEEL SEALS FOR LEAKS
-CHECK HUB OIL LEVELS

BRAKE SYSTEM:
-MEASURE BRAKE LINING THICKNESS
-INSPECT ABS SENSORS AND WIRING
-CHECK BRAKE ADJUSTMENT
-INSPECT FOUNDATION BRAKE COMPONENTS

SUSPENSION:
-TORQUE-CHECK SUSPENSION COMPONENTS
-INSPECT SPRING HANGERS
-CHECK TORQUE RODS AND BUSHINGS
-INSPECT AIR BAGS (IF EQUIPPED)

HYDRAULIC SYSTEM:
-CHECK HYDRAULIC TANK BREATHER
-INSPECT HYDRAULIC FILTER CONDITION/SAMPLE FLUID
-VERIFY HYDRAULIC PRESSURE AND OPERATION

FRAME & BODY:
-INSPECT FRAME RAILS FOR CRACKS
-CHECK CROSS MEMBERS
-CHECK TAILGATE OPERATION AND HARDWARE

SAFETY INSPECTION:
-VERIFY REFLECTIVE TAPE CONDITION
-TEST BACKUP CAMERA (IF EQUIPPED)
",1288,NULL,NULL,200,NULL,2672,3cdc8179-e975-4dc6-946c-27bf5494c9cf
35322,52068,"2026-07-30 19:12:13",1,0,1,"1000 HR SERVICE (SKIDSTEER)",1000,NULL,NULL,NULL,NULL,NULL,NULL,NULL,NULL,"SEE EQUIPMENT DETAILS - PARTS TAB OR WRITE IN PARTS USED:","PERFORM ALL 500 HR TASKS
REPLACE HYDRAULIC RETURN FILTER
REPLACE CASE DRAIN FILTER
INSPECT LOADER LINKAGE
INSPECT CYLINDERS
INSPECT UNDERCARRIAGE WEAR
CHECK HYDRAULIC PRESSURES
PERFORM DIAGNOSTIC SCAN
",1288,NULL,40,NULL,47535,2613,c4b84457-308b-4fcc-b3ad-ad0b9d60bf90
35357,52068,"2026-07-30 19:13:04",1,0,1,"2000 HR SERVICE (SKIDSTEER)",2000,NULL,NULL,NULL,NULL,NULL,NULL,NULL,NULL,"SEE EQUIPMENT DETAILS - PARTS TAB OR WRITE IN PARTS USED:","PERFORM ALL 1000 HR TASKS
SAMPLE HYDRAULIC OIL
REPLACE COOLANT
INSPECT HYDRAULIC PUMPS
INSPECT FINAL DRIVES
INSPECT TURBOCHARGER
",1288,NULL,40,NULL,47536,2657,a68db4bd-9cf8-44fb-8eb6-b53ff5c2248b
35392,52068,"2026-07-30 19:13:56",1,0,1,"500 HR SERVICE (SKIDSTEER)",500,NULL,NULL,NULL,NULL,NULL,NULL,NULL,NULL,"SEE EQUIPMENT DETAILS - PARTS TAB OR WRITE IN FILTERS USED:","CHANGE ENGINE OIL
REPLACE ENGINE OIL FILTER
REPLACE FUEL FILTERS
DRAIN WATER SEPARATOR
CHECK TRACK TENSION
INSPECT SPROCKETS
INSPECT IDLERS
INSPECT DRIVE MOTORS
INSPECT HYDRAULIC HOSES
GREASE ALL PIVOTS
CHECK FAULT CODES

",1288,NULL,40,NULL,47534,2725,8b3dbf17-2029-4a7e-a600-2f030ad8518b
35952,52069,"2026-07-31 15:48:43",2,0,1,"6000 MI SERVICE (MECHANIC)",NULL,NULL,6000,NULL,NULL,NULL,NULL,NULL,NULL,"SEE EQUIPMENT DETAILS - PARTS TAB OR WRITE IN PARTS USED:

","ENGINE & FLUIDS:
-CHANGE ENGINE OIL AND OIL FILTER
-CHECK COOLANT LEVEL AND CONDITION
-CHECK POWER STEERING FLUID
-CHECK TRANSMISSION FLUID LEVEL/FILTER
-CHECK HYDRAULIC FLUID LEVEL
-CHECK DEF LEVEL AND INSPECT DEF SYSTEM
-DRAIN WATER SEPARATOR AND INSPECT FUEL SYSTEM

AIR:
-INSPECT AIR FILTERS AND REPLACE IF NEEDED

BRAKES:
-INSPECT BRAKE LININGS/PADS
-CHECK BRAKE DRUMS/ROTORS
-INSPECT SLACK ADJUSTERS
-CHECK BRAKE CHAMBERS AND HARDWARE
-VERIFY PARKING BRAKE OPERATION

TIRES & WHEELS:
-CHECK TIRE PRESSURE
-MEASURE TREAD DEPTH
-INSPECT FOR CUTS, PUNCTURES, AND UNEVEN WEAR
-CHECK WHEEL NUTS AND RIM CONDITION

STEERING & SUSPENSION:
-INSPECT STEERING LINKAGE
-CHECK KINGPINS AND TIE-ROD ENDS
-LUBRICATE GREASE FITTINGS
-INSPECT SPRINGS, BUSHINGS, SHOCKS, AND U-BOLTS

ELECTRICAL SYSTEM:
-TEST LIGHTS AND SIGNALS
-INSPECT BATTERIES AND CONNECTIONS
-CHECK ALTERNATOR CHARGING VOLTAGE
-INSPECT WIRING FOR DAMAGE

GENERAL INSPECTION:
-CHECK MIRRORS, WINDSHIELD, AND WIPERS
-INSPECT SEAT BELTS
-CHECK HORN AND BACKUP ALARM
-INSPECT PTO OPERATION
-DOCUMENT DEFECTS AND REPAIRS
",1288,NULL,NULL,200,NULL,2745,55ea7684-7ed0-4ead-a6dd-74e2a592cd4e
35963,52069,"2026-07-31 15:49:32",2,0,1,"20000 MI SERVICE (MECHANIC)",NULL,NULL,20000,NULL,NULL,NULL,NULL,NULL,NULL,"SEE EQUIPMENT DETAILS - PARTS TAB OR WRITE IN PARTS USED:

","INCLUDES ALL 6,000 MI SERVICE ITEMS, PLUS:

ENGINE MAINTENANCE:
-CHANGE ENGINE OIL AND FILTER
-REPLACE FUEL FILTERS (PRIMARY AND SECONDARY IF REQUIRED)
-INSPECT SERPENTINE BELTS AND TENSIONERS
-INSPECT COOLING SYSTEM HOSES AND CLAMPS
-CHECK ENGINE MOUNTS

AIR INTAKE SYSTEM:
-INSPECT AIR CLEANER RESTRICTION INDICATOR
-INSPECT AIR FILTER AND REPLACE IF NEEDED
-CHECK TURBOCHARGER CONNECTIONS

DRIVELINE:
-INSPECT DRIVESHAFT
-LUBRICATE U-JOINTS
-INSPECT CARRIER BEARINGS
-CHECK DIFFERENTIAL FLUID LEVELS

TRANSMISSION:
-INSPECT TRANSMISSION FOR LEAKS
-CHECK TRANSMISSION FLUID CONDITION/CHANGE FILTER
-INSPECT PTO AND PTO MOUNTS

AXLES & HUBS:
-CHECK AXLE OIL LEVELS
-INSPECT WHEEL SEALS FOR LEAKS
-CHECK HUB OIL LEVELS

BRAKE SYSTEM:
-MEASURE BRAKE LINING THICKNESS
-INSPECT ABS SENSORS AND WIRING
-CHECK BRAKE ADJUSTMENT
-INSPECT FOUNDATION BRAKE COMPONENTS

SUSPENSION:
-TORQUE-CHECK SUSPENSION COMPONENTS
-INSPECT SPRING HANGERS
-CHECK TORQUE RODS AND BUSHINGS
-INSPECT AIR BAGS (IF EQUIPPED)

HYDRAULIC SYSTEM:
-CHECK HYDRAULIC TANK BREATHER
-INSPECT HYDRAULIC FILTER CONDITION/SAMPLE FLUID
-VERIFY HYDRAULIC PRESSURE AND OPERATION

FRAME & BODY:
-INSPECT FRAME RAILS FOR CRACKS
-CHECK CROSS MEMBERS
-CHECK TAILGATE OPERATION AND HARDWARE

SAFETY INSPECTION:
-VERIFY REFLECTIVE TAPE CONDITION
-TEST BACKUP CAMERA (IF EQUIPPED)
",1288,NULL,NULL,200,NULL,2672,113c667a-5c2a-4053-ba14-62c683f17b82
34736,52070,"2026-07-29 21:15:45",1,0,1,"1000 HR SERVICE (EXCAVATOR)",1000,NULL,NULL,NULL,NULL,NULL,NULL,1000,NULL,"SEE EQUIPMENT DETAILS - PARTS TAB OR WRITE IN PARTS USED:
","INCLUDES ALL 500 HR TASKS, PLUS:
REPLACE HYDRAULIC RETURN FILTER
REPLACE PILOT FILTER
INSPECT PUMPS
INSPECT SWING DRIVE
INSPECT ROLLERS
INSPECT IDLERS
INSPECT TRACK CHAINS
PERFORM DIAGNOSTIC SCAN
",1288,NULL,40,NULL,47549,2585,c2190f08-7afa-43e0-9124-54f57317a0a2
34788,52070,"2026-07-29 21:16:47",1,0,1,"2000 HR SERVICE (EXCAVATOR)",2000,NULL,NULL,NULL,NULL,NULL,NULL,NULL,NULL,"SEE EQUIPMENT DETAILS - PARTS TAB OR WRITE IN PARTS USED:
","INCLUDES ALL 1000 HR TASKS
SAMPLE HYDRAULIC OIL
REPLACE COOLANT
INSPECT MAIN PUMPS
INSPECT SWING GEARBOX
INSPECT TRAVEL GEARBOXES
HYDRAULIC PERFORMANCE TEST
",1288,NULL,40,NULL,47550,2633,91bb0c18-aebe-46c3-9f1d-33480eb179f1
34840,52070,"2026-07-29 21:17:54",1,0,1,"500 HR SERVICE (EXCAVATOR)",500,NULL,NULL,NULL,NULL,NULL,NULL,NULL,NULL,"SEE EQUIPMENT DETAILS - PARTS TAB OR WRITE IN PARTS USED:
","CHANGE ENGINE OIL
REPLACE ENGINE OIL FILTER
REPLACE FUEL FILTERS
REPLACE AIR FILTERS
CHECK ALL FLUIDS
GREASE BOOM PINS & BUSHINGS
GREASE STICK PINS
GREASE BUCKET PINS
GREASE SWING BEARING
INSPECT TIRES/TRACKS
INSPECT CYLINDERS
INSPECT UNDERCARRIAGE
INSPECT/CHANGE FINAL DRIVES
CHECK FAULT CODES
RESET SERVICE METER
",1288,NULL,40,NULL,47551,2694,78415148-0d85-4690-bdc1-b123ee72a8b9
34594,52075,"2026-07-29 19:54:11",1,0,1,"1000 HR SERVICE (AMER 5299)",1000,NULL,NULL,NULL,NULL,NULL,NULL,NULL,NULL,"SEE EQUIPMENT DETAILS - PARTS TAB OR WRITE IN PARTS USED:
","COMPLETE ALL 500 HR ITEMS
MAIN & AUX HOIST GEAR CASES (DRAIN & FLUSH)
CHANGE SWING DRIVE OIL
CHANGE TRAVEL GEARBOX OIL
SAMPLE HYD FLUID
TORQUE CONVERTER - DRAIN & REFILL
TORQUE CONVERTER - CHANGE FILTER
FLUSH TORQUE COOLER
SPRAG OIL - DRAIN & REFILL
CHAIN CASE - DRAIN, INSPECT & REFILL
UPPER DECK - DRAIN & REFILL
LOWER TUBS - DRAIN & REFILL
LUBRICATE HOIST VALVES",1288,NULL,40,NULL,46992,2576,4f3c429c-0bf0-41c3-8927-9e69d1fb6ccf
34598,52075,"2026-07-29 19:54:41",1,0,1,"500 HR SERVICE (AMER 5299)",500,NULL,NULL,NULL,NULL,NULL,NULL,NULL,NULL,"SEE EQUIPMENT DETAILS - PARTS TAB OR WRITE IN PARTS USED:
","CHANGE ENGINE OIL & FILTER
CHANGE FUEL FILTERS
CHANGE AIR FILTERS
SAMPLE GEARBOX OIL
REPLACE TORQUE CONVERTER / TRANS FILTER
CHECK TORQUE CONVERTER OIL LEVEL
CHECK FAN BELTS
CHECK COOLANT LEVEL
GREASE ALL CRANE LUBRICATION POINTS
CHECK MAIN HOIST GEARCASE OIL LEVEL
CHECK AUX HOIST GEARCASE OIL LEVEL
CHECK PROPEL DRIVE OIL LEVELS
CHECK BATTERIES AND CABLES
INSPECT BRAKES & CLUTCHES",1288,NULL,40,NULL,46991,2684,a2c7dd8c-a3df-40f6-ba02-c134dfe78321
34454,52076,"2026-07-28 02:37:49",1,0,1,"1000 HR SERVICE (AMER HC80 CRAWLER CRANE)",1000,NULL,NULL,NULL,NULL,NULL,NULL,NULL,NULL,"SEE EQUIPMENT DETAILS - PARTS TAB OR WRITE IN PARTS USED:","• PERFORM ALL 500 HOUR ITEMS
• SAMPLE HYDRAULIC OIL
• REPLACE HYDRAULIC RETURN FILTER
• REPLACE HYDRAULIC SUCTION FILTER
• REPLACE HYDRAULIC RETURN FILTER

",1288,NULL,40,NULL,NULL,2610,809f8151-dbd9-4b21-b16d-083b78798d17
34458,52076,"2026-07-28 02:38:13",1,0,1,"2000 HR SERVICE (AMER HC80 CRAWLER CRANE)",2000,NULL,NULL,NULL,NULL,NULL,NULL,NULL,NULL,"SEE EQUIPMENT DETAILS - PARTS TAB OR WRITE IN PARTS USED:
","• PERFORM ALL 1000 HOUR ITEMS
• SAMPLE HYDRAULIC OIL/CHANGE AS NEEDED
• REPLACE COOLANT
• CHANGE SWING OIL
• CHANGE HOIST GEARBOX OIL
• CHANGE DRUM REDUCER OIL",1288,NULL,40,NULL,NULL,2721,e21b177f-6e69-4ea1-bb15-57000e22624e
34462,52076,"2026-07-28 02:38:31",1,0,1,"500 HR SERVICE (AMER HC80 CRAWLER CRANE)",500,NULL,NULL,NULL,NULL,NULL,NULL,NULL,NULL,"SEE EQUIPMENT DETAILS - PARTS TAB OR WRITE IN PARTS USED:","• CHANGE ENGINE OIL & FILTERS 
• CHANGE FUEL FILTERS (W/S) & SECONDARY
• CHANGE AIR FILTERS
• CHECK FAN BELTS
• CHECK BATTERY CONDITION
• CHECK HYDRAULIC LEVELS
• CHANGE FINAL DRIVE LEVELS
• SAMPLE GEARBOX OIL
",1288,NULL,40,NULL,46980,2690,9e1b32e9-7f9d-4204-b1b2-7702291fdad9
35967,52077,"2026-07-31 15:50:41",2,1,0,"20000 MI SERVICE (MECHANIC)",NULL,NULL,20000,NULL,NULL,NULL,NULL,NULL,NULL,"SEE EQUIPMENT DETAILS - PARTS TAB OR WRITE IN PARTS USED:

","INCLUDES ALL 6,000 MI SERVICE ITEMS, PLUS:

ENGINE MAINTENANCE:
-CHANGE ENGINE OIL AND FILTER
-REPLACE FUEL FILTERS (PRIMARY AND SECONDARY IF REQUIRED)
-INSPECT SERPENTINE BELTS AND TENSIONERS
-INSPECT COOLING SYSTEM HOSES AND CLAMPS
-CHECK ENGINE MOUNTS

AIR INTAKE SYSTEM:
-INSPECT AIR CLEANER RESTRICTION INDICATOR
-INSPECT AIR FILTER AND REPLACE IF NEEDED
-CHECK TURBOCHARGER CONNECTIONS

DRIVELINE:
-INSPECT DRIVESHAFT
-LUBRICATE U-JOINTS
-INSPECT CARRIER BEARINGS
-CHECK DIFFERENTIAL FLUID LEVELS

TRANSMISSION:
-INSPECT TRANSMISSION FOR LEAKS
-CHECK TRANSMISSION FLUID CONDITION/CHANGE FILTER
-INSPECT PTO AND PTO MOUNTS

AXLES & HUBS:
-CHECK AXLE OIL LEVELS
-INSPECT WHEEL SEALS FOR LEAKS
-CHECK HUB OIL LEVELS

BRAKE SYSTEM:
-MEASURE BRAKE LINING THICKNESS
-INSPECT ABS SENSORS AND WIRING
-CHECK BRAKE ADJUSTMENT
-INSPECT FOUNDATION BRAKE COMPONENTS

SUSPENSION:
-TORQUE-CHECK SUSPENSION COMPONENTS
-INSPECT SPRING HANGERS
-CHECK TORQUE RODS AND BUSHINGS
-INSPECT AIR BAGS (IF EQUIPPED)

HYDRAULIC SYSTEM:
-CHECK HYDRAULIC TANK BREATHER
-INSPECT HYDRAULIC FILTER CONDITION/SAMPLE FLUID
-VERIFY HYDRAULIC PRESSURE AND OPERATION

FRAME & BODY:
-INSPECT FRAME RAILS FOR CRACKS
-CHECK CROSS MEMBERS
-CHECK TAILGATE OPERATION AND HARDWARE

SAFETY INSPECTION:
-VERIFY REFLECTIVE TAPE CONDITION
-TEST BACKUP CAMERA (IF EQUIPPED)
",1288,NULL,NULL,200,NULL,2672,e8a83240-878d-45de-8b6b-2adca1bb405d
35972,52077,"2026-07-31 15:53:46",2,0,1,"6000 MI SERVICE (FUEL/LUBE F-750, T370)",NULL,NULL,6000,NULL,NULL,NULL,NULL,NULL,NULL,"SEE EQUIPMENT DETAILS - PARTS TAB OR WRITE IN PARTS USED:

","ENGINE & FLUIDS:
-CHANGE ENGINE OIL AND OIL FILTER
-CHECK COOLANT LEVEL AND CONDITION
-CHECK POWER STEERING FLUID
-CHECK TRANSMISSION FLUID LEVEL/FILTER
-CHECK HYDRAULIC FLUID LEVEL
-CHECK DEF LEVEL AND INSPECT DEF SYSTEM
-DRAIN WATER SEPARATOR AND INSPECT FUEL SYSTEM

AIR:
-INSPECT AIR FILTERS AND REPLACE IF NEEDED

BRAKES:
-INSPECT BRAKE LININGS/PADS
-CHECK BRAKE DRUMS/ROTORS
-INSPECT SLACK ADJUSTERS
-CHECK BRAKE CHAMBERS AND HARDWARE
-VERIFY PARKING BRAKE OPERATION

TIRES & WHEELS:
-CHECK TIRE PRESSURE
-MEASURE TREAD DEPTH
-INSPECT FOR CUTS, PUNCTURES, AND UNEVEN WEAR
-CHECK WHEEL NUTS AND RIM CONDITION

STEERING & SUSPENSION:
-INSPECT STEERING LINKAGE
-CHECK KINGPINS AND TIE-ROD ENDS
-LUBRICATE GREASE FITTINGS
-INSPECT SPRINGS, BUSHINGS, SHOCKS, AND U-BOLTS

ELECTRICAL SYSTEM:
-TEST LIGHTS AND SIGNALS
-INSPECT BATTERIES AND CONNECTIONS
-CHECK ALTERNATOR CHARGING VOLTAGE
-INSPECT WIRING FOR DAMAGE

GENERAL INSPECTION:
-CHECK MIRRORS, WINDSHIELD, AND WIPERS
-INSPECT SEAT BELTS
-CHECK HORN AND BACKUP ALARM
-INSPECT PTO OPERATION
-DOCUMENT DEFECTS AND REPAIRS
",1288,NULL,NULL,200,47223,2748,29cd25c4-be08-4aee-9bc5-612a07001876
35324,52078,"2026-07-30 19:12:14",1,0,1,"1000 HR SERVICE (SKIDSTEER)",1000,NULL,NULL,NULL,NULL,NULL,NULL,NULL,NULL,"SEE EQUIPMENT DETAILS - PARTS TAB OR WRITE IN PARTS USED:","PERFORM ALL 500 HR TASKS
REPLACE HYDRAULIC RETURN FILTER
REPLACE CASE DRAIN FILTER
INSPECT LOADER LINKAGE
INSPECT CYLINDERS
INSPECT UNDERCARRIAGE WEAR
CHECK HYDRAULIC PRESSURES
PERFORM DIAGNOSTIC SCAN
",1288,NULL,40,NULL,47543,2613,062e1825-1153-4220-b08a-1cf38c93f98b
35359,52078,"2026-07-30 19:13:05",1,0,1,"2000 HR SERVICE (SKIDSTEER)",2000,NULL,NULL,NULL,NULL,NULL,NULL,NULL,NULL,"SEE EQUIPMENT DETAILS - PARTS TAB OR WRITE IN PARTS USED:","PERFORM ALL 1000 HR TASKS
SAMPLE HYDRAULIC OIL
REPLACE COOLANT
INSPECT HYDRAULIC PUMPS
INSPECT FINAL DRIVES
INSPECT TURBOCHARGER
",1288,NULL,40,NULL,NULL,2657,b8f46680-d35a-4442-9d1c-bf778475ec27
35394,52078,"2026-07-30 19:13:57",1,0,1,"500 HR SERVICE (SKIDSTEER)",500,NULL,NULL,NULL,NULL,NULL,NULL,NULL,NULL,"SEE EQUIPMENT DETAILS - PARTS TAB OR WRITE IN FILTERS USED:","CHANGE ENGINE OIL
REPLACE ENGINE OIL FILTER
REPLACE FUEL FILTERS
DRAIN WATER SEPARATOR
CHECK TRACK TENSION
INSPECT SPROCKETS
INSPECT IDLERS
INSPECT DRIVE MOTORS
INSPECT HYDRAULIC HOSES
GREASE ALL PIVOTS
CHECK FAULT CODES

",1288,NULL,40,NULL,47544,2725,3c8bd912-3494-4557-b669-0cb40f195a8a
35968,52079,"2026-07-31 15:50:42",2,1,0,"20000 MI SERVICE (MECHANIC)",NULL,NULL,20000,NULL,NULL,NULL,NULL,NULL,NULL,"SEE EQUIPMENT DETAILS - PARTS TAB OR WRITE IN PARTS USED:

","INCLUDES ALL 6,000 MI SERVICE ITEMS, PLUS:

ENGINE MAINTENANCE:
-CHANGE ENGINE OIL AND FILTER
-REPLACE FUEL FILTERS (PRIMARY AND SECONDARY IF REQUIRED)
-INSPECT SERPENTINE BELTS AND TENSIONERS
-INSPECT COOLING SYSTEM HOSES AND CLAMPS
-CHECK ENGINE MOUNTS

AIR INTAKE SYSTEM:
-INSPECT AIR CLEANER RESTRICTION INDICATOR
-INSPECT AIR FILTER AND REPLACE IF NEEDED
-CHECK TURBOCHARGER CONNECTIONS

DRIVELINE:
-INSPECT DRIVESHAFT
-LUBRICATE U-JOINTS
-INSPECT CARRIER BEARINGS
-CHECK DIFFERENTIAL FLUID LEVELS

TRANSMISSION:
-INSPECT TRANSMISSION FOR LEAKS
-CHECK TRANSMISSION FLUID CONDITION/CHANGE FILTER
-INSPECT PTO AND PTO MOUNTS

AXLES & HUBS:
-CHECK AXLE OIL LEVELS
-INSPECT WHEEL SEALS FOR LEAKS
-CHECK HUB OIL LEVELS

BRAKE SYSTEM:
-MEASURE BRAKE LINING THICKNESS
-INSPECT ABS SENSORS AND WIRING
-CHECK BRAKE ADJUSTMENT
-INSPECT FOUNDATION BRAKE COMPONENTS

SUSPENSION:
-TORQUE-CHECK SUSPENSION COMPONENTS
-INSPECT SPRING HANGERS
-CHECK TORQUE RODS AND BUSHINGS
-INSPECT AIR BAGS (IF EQUIPPED)

HYDRAULIC SYSTEM:
-CHECK HYDRAULIC TANK BREATHER
-INSPECT HYDRAULIC FILTER CONDITION/SAMPLE FLUID
-VERIFY HYDRAULIC PRESSURE AND OPERATION

FRAME & BODY:
-INSPECT FRAME RAILS FOR CRACKS
-CHECK CROSS MEMBERS
-CHECK TAILGATE OPERATION AND HARDWARE

SAFETY INSPECTION:
-VERIFY REFLECTIVE TAPE CONDITION
-TEST BACKUP CAMERA (IF EQUIPPED)
",1288,NULL,NULL,200,NULL,2672,3c32c2d7-16f5-4b24-99b2-cdfa132a72cd
35970,52079,"2026-07-31 15:53:21",2,0,1,"10000 MI SERVICE (FUEL/LUBE FREIGHTLINER)",NULL,NULL,10000,NULL,NULL,NULL,NULL,NULL,NULL,"SEE EQUIPMENT DETAILS - PARTS TAB OR WRITE IN PARTS USED:

","ENGINE & FLUIDS:
-CHANGE ENGINE OIL AND OIL FILTER
-CHECK COOLANT LEVEL AND CONDITION
-CHECK POWER STEERING FLUID
-CHECK TRANSMISSION FLUID LEVEL/FILTER
-CHECK HYDRAULIC FLUID LEVEL
-CHECK DEF LEVEL AND INSPECT DEF SYSTEM
-DRAIN WATER SEPARATOR AND INSPECT FUEL SYSTEM

AIR:
-INSPECT AIR FILTERS AND REPLACE IF NEEDED

BRAKES:
-INSPECT BRAKE LININGS/PADS
-CHECK BRAKE DRUMS/ROTORS
-INSPECT SLACK ADJUSTERS
-CHECK BRAKE CHAMBERS AND HARDWARE
-VERIFY PARKING BRAKE OPERATION

TIRES & WHEELS:
-CHECK TIRE PRESSURE
-MEASURE TREAD DEPTH
-INSPECT FOR CUTS, PUNCTURES, AND UNEVEN WEAR
-CHECK WHEEL NUTS AND RIM CONDITION

STEERING & SUSPENSION:
-INSPECT STEERING LINKAGE
-CHECK KINGPINS AND TIE-ROD ENDS
-LUBRICATE GREASE FITTINGS
-INSPECT SPRINGS, BUSHINGS, SHOCKS, AND U-BOLTS

ELECTRICAL SYSTEM:
-TEST LIGHTS AND SIGNALS
-INSPECT BATTERIES AND CONNECTIONS
-CHECK ALTERNATOR CHARGING VOLTAGE
-INSPECT WIRING FOR DAMAGE

GENERAL INSPECTION:
-CHECK MIRRORS, WINDSHIELD, AND WIPERS
-INSPECT SEAT BELTS
-CHECK HORN AND BACKUP ALARM
-INSPECT PTO OPERATION
-DOCUMENT DEFECTS AND REPAIRS
",1288,NULL,NULL,200,47241,2625,1e0cc5ef-7b7c-4430-aacc-2d4cef369afd
34619,52081,"2026-07-29 20:31:01",1,0,1,"1000 HR SERVICE (AMER 9310)",1000,NULL,NULL,NULL,NULL,NULL,NULL,NULL,NULL,"SEE EQUIPMENT DETAILS - PARTS TAB OR WRITE IN PARTS USED:
","COMPLETE ALL 500 HR ITEMS
MAIN & AUX HOIST GEAR CASES (DRAIN & FLUSH)
CHANGE SWING DRIVE OIL
CHANGE TRAVEL GEARBOX OIL
SAMPLE HYD FLUID
TORQUE CONVERTER - DRAIN & REFILL
TORQUE CONVERTER - CHANGE FILTER
FLUSH TORQUE COOLER
SPRAG OIL - DRAIN & REFILL
CHAIN CASE - DRAIN, INSPECT & REFILL
UPPER DECK - DRAIN & REFILL
LOWER TUBS - DRAIN & REFILL
LUBRICATE HOIST VALVES",1288,NULL,40,NULL,46994,2580,9bdbe174-548f-4732-8ac5-a8a428b8f210
34621,52081,"2026-07-29 20:31:58",1,0,1,"500 HR SERVICE (AMER 9310)",500,NULL,NULL,NULL,NULL,NULL,NULL,NULL,NULL,"SEE EQUIPMENT DETAILS - PARTS TAB OR WRITE IN PARTS USED:
","CHANGE ENGINE OIL & FILTER
CHANGE FUEL FILTERS
CHANGE AIR FILTERS
SAMPLE GEARBOX OIL
REPLACE TORQUE CONVERTER / TRANS FILTER
CHECK TORQUE CONVERTER OIL LEVEL
CHECK FAN BELTS
CHECK COOLANT LEVEL
GREASE ALL CRANE LUBRICATION POINTS
CHECK MAIN HOIST GEARCASE OIL LEVEL
CHECK AUX HOIST GEARCASE OIL LEVEL
CHECK PROPEL DRIVE OIL LEVELS
CHECK BATTERIES AND CABLES
INSPECT BRAKES & CLUTCHES",1288,NULL,40,NULL,46993,2688,c0e62812-51fc-4eb9-b33b-725ad0cb9aef
34710,52082,"2026-07-29 21:15:23",1,0,1,"1000 HR SERVICE (EXCAVATOR)",1000,NULL,NULL,NULL,NULL,NULL,NULL,1000,NULL,"SEE EQUIPMENT DETAILS - PARTS TAB OR WRITE IN PARTS USED:
","INCLUDES ALL 500 HR TASKS, PLUS:
REPLACE HYDRAULIC RETURN FILTER
REPLACE PILOT FILTER
INSPECT PUMPS
INSPECT SWING DRIVE
INSPECT ROLLERS
INSPECT IDLERS
INSPECT TRACK CHAINS
PERFORM DIAGNOSTIC SCAN
",1288,NULL,40,NULL,47523,2585,ed847644-b743-4539-a874-27eba5c9f1f1
34762,52082,"2026-07-29 21:16:27",1,0,1,"2000 HR SERVICE (EXCAVATOR)",2000,NULL,NULL,NULL,NULL,NULL,NULL,NULL,NULL,"SEE EQUIPMENT DETAILS - PARTS TAB OR WRITE IN PARTS USED:
","INCLUDES ALL 1000 HR TASKS
SAMPLE HYDRAULIC OIL
REPLACE COOLANT
INSPECT MAIN PUMPS
INSPECT SWING GEARBOX
INSPECT TRAVEL GEARBOXES
HYDRAULIC PERFORMANCE TEST
",1288,NULL,40,NULL,47524,2633,45d55a4f-46bc-4ca3-a982-1ec0dbbf1858
34814,52082,"2026-07-29 21:17:35",1,0,1,"500 HR SERVICE (EXCAVATOR)",500,NULL,NULL,NULL,NULL,NULL,NULL,NULL,NULL,"SEE EQUIPMENT DETAILS - PARTS TAB OR WRITE IN PARTS USED:
","CHANGE ENGINE OIL
REPLACE ENGINE OIL FILTER
REPLACE FUEL FILTERS
REPLACE AIR FILTERS
CHECK ALL FLUIDS
GREASE BOOM PINS & BUSHINGS
GREASE STICK PINS
GREASE BUCKET PINS
GREASE SWING BEARING
INSPECT TIRES/TRACKS
INSPECT CYLINDERS
INSPECT UNDERCARRIAGE
INSPECT/CHANGE FINAL DRIVES
CHECK FAULT CODES
RESET SERVICE METER
",1288,NULL,40,NULL,47525,2694,9a4bed8d-1864-4517-b0c0-b92c44368871
35989,52083,"2026-07-31 15:59:32",2,0,1,"10000 MI SERVICE (SEMI-TRACTOR)",NULL,NULL,10000,NULL,NULL,NULL,NULL,NULL,NULL,"SEE EQUIPMENT DETAILS - PARTS TAB OR WRITE IN PARTS USED:

","ENGINE & FLUIDS:
-CHANGE ENGINE OIL AND OIL FILTER
-CHECK COOLANT LEVEL AND CONDITION
-CHECK POWER STEERING FLUID
-CHECK TRANSMISSION FLUID LEVEL/FILTER
-CHECK HYDRAULIC FLUID LEVEL
-CHECK DEF LEVEL AND INSPECT DEF SYSTEM
-DRAIN WATER SEPARATOR AND INSPECT FUEL SYSTEM

AIR:
-INSPECT AIR FILTERS AND REPLACE IF NEEDED

BRAKES:
-INSPECT BRAKE LININGS/PADS
-CHECK BRAKE DRUMS/ROTORS
-INSPECT SLACK ADJUSTERS
-CHECK BRAKE CHAMBERS AND HARDWARE
-VERIFY PARKING BRAKE OPERATION

TIRES & WHEELS:
-CHECK TIRE PRESSURE
-MEASURE TREAD DEPTH
-INSPECT FOR CUTS, PUNCTURES, AND UNEVEN WEAR
-CHECK WHEEL NUTS AND RIM CONDITION

STEERING & SUSPENSION:
-INSPECT STEERING LINKAGE
-CHECK KINGPINS AND TIE-ROD ENDS
-LUBRICATE GREASE FITTINGS
-INSPECT SPRINGS, BUSHINGS, SHOCKS, AND U-BOLTS

ELECTRICAL SYSTEM:
-TEST LIGHTS AND SIGNALS
-INSPECT BATTERIES AND CONNECTIONS
-CHECK ALTERNATOR CHARGING VOLTAGE
-INSPECT WIRING FOR DAMAGE

GENERAL INSPECTION:
-CHECK MIRRORS, WINDSHIELD, AND WIPERS
-INSPECT SEAT BELTS
-CHECK HORN AND BACKUP ALARM
-INSPECT PTO OPERATION
-DOCUMENT DEFECTS AND REPAIRS
",1288,NULL,NULL,200,47224,2626,cb99b399-3312-420a-9fe0-759dea92e072
34708,52085,"2026-07-29 21:15:22",1,0,1,"1000 HR SERVICE (EXCAVATOR)",1000,NULL,NULL,NULL,NULL,NULL,NULL,1000,NULL,"SEE EQUIPMENT DETAILS - PARTS TAB OR WRITE IN PARTS USED:
","INCLUDES ALL 500 HR TASKS, PLUS:
REPLACE HYDRAULIC RETURN FILTER
REPLACE PILOT FILTER
INSPECT PUMPS
INSPECT SWING DRIVE
INSPECT ROLLERS
INSPECT IDLERS
INSPECT TRACK CHAINS
PERFORM DIAGNOSTIC SCAN
",1288,NULL,40,NULL,47489,2585,dd7e0096-f85b-4ee7-811c-ee20ca11e25e
34760,52085,"2026-07-29 21:16:26",1,0,1,"2000 HR SERVICE (EXCAVATOR)",2000,NULL,NULL,NULL,NULL,NULL,NULL,NULL,NULL,"SEE EQUIPMENT DETAILS - PARTS TAB OR WRITE IN PARTS USED:
","INCLUDES ALL 1000 HR TASKS
SAMPLE HYDRAULIC OIL
REPLACE COOLANT
INSPECT MAIN PUMPS
INSPECT SWING GEARBOX
INSPECT TRAVEL GEARBOXES
HYDRAULIC PERFORMANCE TEST
",1288,NULL,40,NULL,47490,2633,7e344699-bbd1-415d-bed7-3e3f3a80ce7e
34812,52085,"2026-07-29 21:17:34",1,0,1,"500 HR SERVICE (EXCAVATOR)",500,NULL,NULL,NULL,NULL,NULL,NULL,NULL,NULL,"SEE EQUIPMENT DETAILS - PARTS TAB OR WRITE IN PARTS USED:
","CHANGE ENGINE OIL
REPLACE ENGINE OIL FILTER
REPLACE FUEL FILTERS
REPLACE AIR FILTERS
CHECK ALL FLUIDS
GREASE BOOM PINS & BUSHINGS
GREASE STICK PINS
GREASE BUCKET PINS
GREASE SWING BEARING
INSPECT TIRES/TRACKS
INSPECT CYLINDERS
INSPECT UNDERCARRIAGE
INSPECT/CHANGE FINAL DRIVES
CHECK FAULT CODES
RESET SERVICE METER
",1288,NULL,40,NULL,47488,2694,2378d46a-5ad9-4d44-875c-2c5e63950a95
35953,52086,"2026-07-31 15:48:43",2,0,1,"6000 MI SERVICE (MECHANIC)",NULL,NULL,6000,NULL,NULL,NULL,NULL,NULL,NULL,"SEE EQUIPMENT DETAILS - PARTS TAB OR WRITE IN PARTS USED:

","ENGINE & FLUIDS:
-CHANGE ENGINE OIL AND OIL FILTER
-CHECK COOLANT LEVEL AND CONDITION
-CHECK POWER STEERING FLUID
-CHECK TRANSMISSION FLUID LEVEL/FILTER
-CHECK HYDRAULIC FLUID LEVEL
-CHECK DEF LEVEL AND INSPECT DEF SYSTEM
-DRAIN WATER SEPARATOR AND INSPECT FUEL SYSTEM

AIR:
-INSPECT AIR FILTERS AND REPLACE IF NEEDED

BRAKES:
-INSPECT BRAKE LININGS/PADS
-CHECK BRAKE DRUMS/ROTORS
-INSPECT SLACK ADJUSTERS
-CHECK BRAKE CHAMBERS AND HARDWARE
-VERIFY PARKING BRAKE OPERATION

TIRES & WHEELS:
-CHECK TIRE PRESSURE
-MEASURE TREAD DEPTH
-INSPECT FOR CUTS, PUNCTURES, AND UNEVEN WEAR
-CHECK WHEEL NUTS AND RIM CONDITION

STEERING & SUSPENSION:
-INSPECT STEERING LINKAGE
-CHECK KINGPINS AND TIE-ROD ENDS
-LUBRICATE GREASE FITTINGS
-INSPECT SPRINGS, BUSHINGS, SHOCKS, AND U-BOLTS

ELECTRICAL SYSTEM:
-TEST LIGHTS AND SIGNALS
-INSPECT BATTERIES AND CONNECTIONS
-CHECK ALTERNATOR CHARGING VOLTAGE
-INSPECT WIRING FOR DAMAGE

GENERAL INSPECTION:
-CHECK MIRRORS, WINDSHIELD, AND WIPERS
-INSPECT SEAT BELTS
-CHECK HORN AND BACKUP ALARM
-INSPECT PTO OPERATION
-DOCUMENT DEFECTS AND REPAIRS
",1288,NULL,NULL,200,NULL,2745,4e7d9b1c-21a3-4cc2-bdd9-5d591bd1221a
35964,52086,"2026-07-31 15:49:33",2,0,1,"20000 MI SERVICE (MECHANIC)",NULL,NULL,20000,NULL,NULL,NULL,NULL,NULL,NULL,"SEE EQUIPMENT DETAILS - PARTS TAB OR WRITE IN PARTS USED:

","INCLUDES ALL 6,000 MI SERVICE ITEMS, PLUS:

ENGINE MAINTENANCE:
-CHANGE ENGINE OIL AND FILTER
-REPLACE FUEL FILTERS (PRIMARY AND SECONDARY IF REQUIRED)
-INSPECT SERPENTINE BELTS AND TENSIONERS
-INSPECT COOLING SYSTEM HOSES AND CLAMPS
-CHECK ENGINE MOUNTS

AIR INTAKE SYSTEM:
-INSPECT AIR CLEANER RESTRICTION INDICATOR
-INSPECT AIR FILTER AND REPLACE IF NEEDED
-CHECK TURBOCHARGER CONNECTIONS

DRIVELINE:
-INSPECT DRIVESHAFT
-LUBRICATE U-JOINTS
-INSPECT CARRIER BEARINGS
-CHECK DIFFERENTIAL FLUID LEVELS

TRANSMISSION:
-INSPECT TRANSMISSION FOR LEAKS
-CHECK TRANSMISSION FLUID CONDITION/CHANGE FILTER
-INSPECT PTO AND PTO MOUNTS

AXLES & HUBS:
-CHECK AXLE OIL LEVELS
-INSPECT WHEEL SEALS FOR LEAKS
-CHECK HUB OIL LEVELS

BRAKE SYSTEM:
-MEASURE BRAKE LINING THICKNESS
-INSPECT ABS SENSORS AND WIRING
-CHECK BRAKE ADJUSTMENT
-INSPECT FOUNDATION BRAKE COMPONENTS

SUSPENSION:
-TORQUE-CHECK SUSPENSION COMPONENTS
-INSPECT SPRING HANGERS
-CHECK TORQUE RODS AND BUSHINGS
-INSPECT AIR BAGS (IF EQUIPPED)

HYDRAULIC SYSTEM:
-CHECK HYDRAULIC TANK BREATHER
-INSPECT HYDRAULIC FILTER CONDITION/SAMPLE FLUID
-VERIFY HYDRAULIC PRESSURE AND OPERATION

FRAME & BODY:
-INSPECT FRAME RAILS FOR CRACKS
-CHECK CROSS MEMBERS
-CHECK TAILGATE OPERATION AND HARDWARE

SAFETY INSPECTION:
-VERIFY REFLECTIVE TAPE CONDITION
-TEST BACKUP CAMERA (IF EQUIPPED)
",1288,NULL,NULL,200,NULL,2672,03a8f527-2fb0-4cc0-81f1-83c2305b5cca
34622,52089,"2026-07-29 20:33:57",1,0,1,"1000 HR SERVICE (AMER 9320)",1000,NULL,NULL,NULL,NULL,NULL,NULL,NULL,NULL,"SEE EQUIPMENT DETAILS - PARTS TAB OR WRITE IN PARTS USED:

","COMPLETE ALL 500 HR ITEMS
MAIN & AUX HOIST GEAR CASES (DRAIN & FLUSH)
CHANGE SWING DRIVE OIL
CHANGE TRAVEL GEARBOX OIL
SAMPLE HYD FLUID
TORQUE CONVERTER - DRAIN & REFILL
TORQUE CONVERTER - CHANGE FILTER
FLUSH TORQUE COOLER
SPRAG OIL - DRAIN & REFILL
CHAIN CASE - DRAIN, INSPECT & REFILL
UPPER DECK - DRAIN & REFILL
LOWER TUBS - DRAIN & REFILL
LUBRICATE HOIST VALVES
",1288,NULL,40,NULL,46985,2581,fc0bba84-fb5a-4515-b6a5-814bc46adc96
34623,52089,"2026-07-29 20:34:29",1,0,1,"500 HR SERVICE (AMER 9320)",500,NULL,NULL,NULL,NULL,NULL,NULL,NULL,NULL,"SEE EQUIPMENT DETAILS - PARTS TAB OR WRITE IN PARTS USED:


","CHANGE ENGINE OIL & FILTER
CHANGE FUEL FILTERS
CHANGE AIR FILTERS
SAMPLE GEARBOX OIL
REPLACE TORQUE CONVERTER / TRANS FILTER
CHECK TORQUE CONVERTER OIL LEVEL
CHECK FAN BELTS
CHECK COOLANT LEVEL
GREASE ALL CRANE LUBRICATION POINTS
CHECK MAIN HOIST GEARCASE OIL LEVEL
CHECK AUX HOIST GEARCASE OIL LEVEL
CHECK PROPEL DRIVE OIL LEVELS
CHECK BATTERIES AND CABLES
INSPECT BRAKES & CLUTCHES",1288,NULL,40,NULL,48802,2689,486de39f-60cf-4813-a3a3-1d764a230873
34714,52090,"2026-07-29 21:15:27",1,0,1,"1000 HR SERVICE (EXCAVATOR)",1000,NULL,NULL,NULL,NULL,NULL,NULL,1000,NULL,"SEE EQUIPMENT DETAILS - PARTS TAB OR WRITE IN PARTS USED:
","INCLUDES ALL 500 HR TASKS, PLUS:
REPLACE HYDRAULIC RETURN FILTER
REPLACE PILOT FILTER
INSPECT PUMPS
INSPECT SWING DRIVE
INSPECT ROLLERS
INSPECT IDLERS
INSPECT TRACK CHAINS
PERFORM DIAGNOSTIC SCAN
",1288,NULL,40,NULL,47518,2585,ccd0c60b-3988-4571-ae38-dd68ad246354
34766,52090,"2026-07-29 21:16:30",1,0,1,"2000 HR SERVICE (EXCAVATOR)",2000,NULL,NULL,NULL,NULL,NULL,NULL,NULL,NULL,"SEE EQUIPMENT DETAILS - PARTS TAB OR WRITE IN PARTS USED:
","INCLUDES ALL 1000 HR TASKS
SAMPLE HYDRAULIC OIL
REPLACE COOLANT
INSPECT MAIN PUMPS
INSPECT SWING GEARBOX
INSPECT TRAVEL GEARBOXES
HYDRAULIC PERFORMANCE TEST
",1288,NULL,40,NULL,47519,2633,d909a804-607f-4e0c-9eb8-a30c98fe504b
34818,52090,"2026-07-29 21:17:38",1,0,1,"500 HR SERVICE (EXCAVATOR)",500,NULL,NULL,NULL,NULL,NULL,NULL,NULL,NULL,"SEE EQUIPMENT DETAILS - PARTS TAB OR WRITE IN PARTS USED:
","CHANGE ENGINE OIL
REPLACE ENGINE OIL FILTER
REPLACE FUEL FILTERS
REPLACE AIR FILTERS
CHECK ALL FLUIDS
GREASE BOOM PINS & BUSHINGS
GREASE STICK PINS
GREASE BUCKET PINS
GREASE SWING BEARING
INSPECT TIRES/TRACKS
INSPECT CYLINDERS
INSPECT UNDERCARRIAGE
INSPECT/CHANGE FINAL DRIVES
CHECK FAULT CODES
RESET SERVICE METER
",1288,NULL,40,NULL,47517,2694,780899bb-ff39-4859-a3d8-b1f830de5f34
35226,52092,"2026-07-30 16:33:46",1,0,1,"1000 HR SERVICE (MANITOWOC 10K CRAWLER)",1000,NULL,NULL,NULL,NULL,NULL,NULL,NULL,NULL,"SEE EQUIPMENT DETAILS - PARTS TAB OR WRITE IN PARTS USED:

","INCLUDES ALL 500 HR TASKS
TEST ENGINE COOLANT
CHANGE AIR ELEMENT
REPLACE DRAIN FILTER (CARTRIDGE)
CHANGE SWING REDUCTION OIL
CHANGE WINCH REDUCTION OIL
CHANGE OIL IN POWER DIVIDER
CHANGE OIL IN PROPEL REDUCTION UNIT
INSPECT DRUMS
INSPECT BRAKES
INSPECT SWING DRIVE
INSPECT CRAWLERS
",1288,NULL,40,NULL,47398,2602,87c97444-7e55-4515-a771-e40bcf923746
35233,52092,"2026-07-30 16:34:43",1,0,1,"2000 HR SERVICE (MANITOWOC 10K CRAWLER)",2000,NULL,NULL,NULL,NULL,NULL,NULL,NULL,NULL,"SEE EQUIPMENT DETAILS - PARTS TAB OR WRITE IN PARTS USED:
","INCLUDES ALL 1000 HR TASKS
SAMPLE HYDRAULIC OIL
REPLACE COOLANT
INSPECT PLANETARIES
INSPECT GEARBOXES
",1288,NULL,40,NULL,47399,2647,bac3c58f-2025-4ecf-80c7-22cc582a4d65
35240,52092,"2026-07-30 16:35:25",1,0,1,"500 HR SERVICE (MANITOWOC 10K CRAWLER)",500,NULL,NULL,NULL,NULL,NULL,NULL,NULL,NULL,"SEE EQUIPMENT DETAILS - PARTS TAB OR WRITE IN PARTS USED:
","CHANGE ENGINE OIL & FILTERS
CHANGE AIR FILTERS
CHANGE FUEL FILTERS
CHANGE HYD FILTERS
CHECK FLUID LEVEL IN PLANETARY HUBS & AXLES
TEST TANK FUEL
INSPECT BOOM
INSPECT PENDANTS
INSPECT WIRE ROPE
CHECK SWING BEARING
GREASE ROTATION POINTS
CHECK LIMIT SWITCHES
",1288,NULL,40,NULL,46998,2714,74a26f4a-1697-4b6b-bff4-05ef935b3e86
35954,52094,"2026-07-31 15:48:44",2,0,1,"6000 MI SERVICE (MECHANIC)",NULL,NULL,6000,NULL,NULL,NULL,NULL,NULL,NULL,"SEE EQUIPMENT DETAILS - PARTS TAB OR WRITE IN PARTS USED:

","ENGINE & FLUIDS:
-CHANGE ENGINE OIL AND OIL FILTER
-CHECK COOLANT LEVEL AND CONDITION
-CHECK POWER STEERING FLUID
-CHECK TRANSMISSION FLUID LEVEL/FILTER
-CHECK HYDRAULIC FLUID LEVEL
-CHECK DEF LEVEL AND INSPECT DEF SYSTEM
-DRAIN WATER SEPARATOR AND INSPECT FUEL SYSTEM

AIR:
-INSPECT AIR FILTERS AND REPLACE IF NEEDED

BRAKES:
-INSPECT BRAKE LININGS/PADS
-CHECK BRAKE DRUMS/ROTORS
-INSPECT SLACK ADJUSTERS
-CHECK BRAKE CHAMBERS AND HARDWARE
-VERIFY PARKING BRAKE OPERATION

TIRES & WHEELS:
-CHECK TIRE PRESSURE
-MEASURE TREAD DEPTH
-INSPECT FOR CUTS, PUNCTURES, AND UNEVEN WEAR
-CHECK WHEEL NUTS AND RIM CONDITION

STEERING & SUSPENSION:
-INSPECT STEERING LINKAGE
-CHECK KINGPINS AND TIE-ROD ENDS
-LUBRICATE GREASE FITTINGS
-INSPECT SPRINGS, BUSHINGS, SHOCKS, AND U-BOLTS

ELECTRICAL SYSTEM:
-TEST LIGHTS AND SIGNALS
-INSPECT BATTERIES AND CONNECTIONS
-CHECK ALTERNATOR CHARGING VOLTAGE
-INSPECT WIRING FOR DAMAGE

GENERAL INSPECTION:
-CHECK MIRRORS, WINDSHIELD, AND WIPERS
-INSPECT SEAT BELTS
-CHECK HORN AND BACKUP ALARM
-INSPECT PTO OPERATION
-DOCUMENT DEFECTS AND REPAIRS
",1288,NULL,NULL,200,NULL,2745,d6f02189-0656-49e3-8f29-093133aff97c
35965,52094,"2026-07-31 15:49:34",2,0,1,"20000 MI SERVICE (MECHANIC)",NULL,NULL,20000,NULL,NULL,NULL,NULL,NULL,NULL,"SEE EQUIPMENT DETAILS - PARTS TAB OR WRITE IN PARTS USED:

","INCLUDES ALL 6,000 MI SERVICE ITEMS, PLUS:

ENGINE MAINTENANCE:
-CHANGE ENGINE OIL AND FILTER
-REPLACE FUEL FILTERS (PRIMARY AND SECONDARY IF REQUIRED)
-INSPECT SERPENTINE BELTS AND TENSIONERS
-INSPECT COOLING SYSTEM HOSES AND CLAMPS
-CHECK ENGINE MOUNTS

AIR INTAKE SYSTEM:
-INSPECT AIR CLEANER RESTRICTION INDICATOR
-INSPECT AIR FILTER AND REPLACE IF NEEDED
-CHECK TURBOCHARGER CONNECTIONS

DRIVELINE:
-INSPECT DRIVESHAFT
-LUBRICATE U-JOINTS
-INSPECT CARRIER BEARINGS
-CHECK DIFFERENTIAL FLUID LEVELS

TRANSMISSION:
-INSPECT TRANSMISSION FOR LEAKS
-CHECK TRANSMISSION FLUID CONDITION/CHANGE FILTER
-INSPECT PTO AND PTO MOUNTS

AXLES & HUBS:
-CHECK AXLE OIL LEVELS
-INSPECT WHEEL SEALS FOR LEAKS
-CHECK HUB OIL LEVELS

BRAKE SYSTEM:
-MEASURE BRAKE LINING THICKNESS
-INSPECT ABS SENSORS AND WIRING
-CHECK BRAKE ADJUSTMENT
-INSPECT FOUNDATION BRAKE COMPONENTS

SUSPENSION:
-TORQUE-CHECK SUSPENSION COMPONENTS
-INSPECT SPRING HANGERS
-CHECK TORQUE RODS AND BUSHINGS
-INSPECT AIR BAGS (IF EQUIPPED)

HYDRAULIC SYSTEM:
-CHECK HYDRAULIC TANK BREATHER
-INSPECT HYDRAULIC FILTER CONDITION/SAMPLE FLUID
-VERIFY HYDRAULIC PRESSURE AND OPERATION

FRAME & BODY:
-INSPECT FRAME RAILS FOR CRACKS
-CHECK CROSS MEMBERS
-CHECK TAILGATE OPERATION AND HARDWARE

SAFETY INSPECTION:
-VERIFY REFLECTIVE TAPE CONDITION
-TEST BACKUP CAMERA (IF EQUIPPED)
",1288,NULL,NULL,200,NULL,2672,c13c911b-a71f-458c-8557-825832333fa1
34886,52097,"2026-07-30 13:05:56",1,0,1,"1000 HR SERVICE (GROVE RT650)",1000,NULL,NULL,NULL,NULL,NULL,NULL,NULL,NULL,"SEE EQUIPMENT DETAILS - PARTS TAB OR WRITE IN PARTS USED:

","COMPLETE 500 HR TASKS
CHANGE PLANETARY HUB OIL & DIFFERENTIAL FLUID ON BOTH FRONT & REAR AXLES
CHANGE TRANSMISSION FLUID & FILTER
DRAIN/FILL MAIN HOIST
DRAIN/FILL AUX HOIST",1288,NULL,40,NULL,47022,2588,f0ed033c-27eb-4dae-acf3-65efa900b6ce
34887,52097,"2026-07-30 13:07:14",1,0,1,"2000 HR SERVICE (GROVE RT650)",2000,NULL,NULL,NULL,NULL,NULL,NULL,NULL,NULL,"SEE EQUIPMENT DETAILS - PARTS TAB OR WRITE IN PARTS USED:
","COMPLETE 1000 HR TASKS
CHANGE HYD RETURN FILTER & BREATHER
SAMPLE HYD FLUID 
INSPECT/SAMPLE COOLANT
CHECK/REPLACE COOLANT STRAINER",1288,NULL,40,NULL,47023,2636,008b896d-7ef4-4dec-9d4b-faad36b80267
34892,52097,"2026-07-30 13:07:36",1,0,1,"500 HR SERVICE (GROVE RT650)",500,NULL,NULL,NULL,NULL,NULL,NULL,NULL,NULL,"SEE EQUIPMENT DETAILS - PARTS TAB OR WRITE IN PARTS USED:

","CHANGE OIL & FILTER
CHANGE FUEL FILTERS
CHANGE AIR FILTERS
REPLACE TRANSMISSION FILTER
CHECK FLUID LEVEL IN AXLES
CHECK FLUID LEVEL IN PLANETARY HUBS
",1288,NULL,40,NULL,47021,2699,f96087ef-35bb-4ca6-bc22-03167488ea88
35326,52098,"2026-07-30 19:12:15",1,0,1,"1000 HR SERVICE (SKIDSTEER)",1000,NULL,NULL,NULL,NULL,NULL,NULL,NULL,NULL,"SEE EQUIPMENT DETAILS - PARTS TAB OR WRITE IN PARTS USED:","PERFORM ALL 500 HR TASKS
REPLACE HYDRAULIC RETURN FILTER
REPLACE CASE DRAIN FILTER
INSPECT LOADER LINKAGE
INSPECT CYLINDERS
INSPECT UNDERCARRIAGE WEAR
CHECK HYDRAULIC PRESSURES
PERFORM DIAGNOSTIC SCAN
",1288,NULL,40,NULL,47561,2613,7f049e1b-50e4-4f1d-b32e-42543d40c8df
35361,52098,"2026-07-30 19:13:06",1,0,1,"2000 HR SERVICE (SKIDSTEER)",2000,NULL,NULL,NULL,NULL,NULL,NULL,NULL,NULL,"SEE EQUIPMENT DETAILS - PARTS TAB OR WRITE IN PARTS USED:","PERFORM ALL 1000 HR TASKS
SAMPLE HYDRAULIC OIL
REPLACE COOLANT
INSPECT HYDRAULIC PUMPS
INSPECT FINAL DRIVES
INSPECT TURBOCHARGER
",1288,NULL,40,NULL,47562,2657,a056334b-a88f-4ffb-bbb9-68eca4d76616
35396,52098,"2026-07-30 19:13:57",1,0,1,"500 HR SERVICE (SKIDSTEER)",500,NULL,NULL,NULL,NULL,NULL,NULL,NULL,NULL,"SEE EQUIPMENT DETAILS - PARTS TAB OR WRITE IN FILTERS USED:","CHANGE ENGINE OIL
REPLACE ENGINE OIL FILTER
REPLACE FUEL FILTERS
DRAIN WATER SEPARATOR
CHECK TRACK TENSION
INSPECT SPROCKETS
INSPECT IDLERS
INSPECT DRIVE MOTORS
INSPECT HYDRAULIC HOSES
GREASE ALL PIVOTS
CHECK FAULT CODES

",1288,NULL,40,NULL,47560,2725,3508586e-c944-4159-aaf8-0ff31eb7906b
35323,52099,"2026-07-30 19:12:13",1,0,1,"1000 HR SERVICE (SKIDSTEER)",1000,NULL,NULL,NULL,NULL,NULL,NULL,NULL,NULL,"SEE EQUIPMENT DETAILS - PARTS TAB OR WRITE IN PARTS USED:","PERFORM ALL 500 HR TASKS
REPLACE HYDRAULIC RETURN FILTER
REPLACE CASE DRAIN FILTER
INSPECT LOADER LINKAGE
INSPECT CYLINDERS
INSPECT UNDERCARRIAGE WEAR
CHECK HYDRAULIC PRESSURES
PERFORM DIAGNOSTIC SCAN
",1288,NULL,40,NULL,47539,2613,28896272-3982-4a25-b001-b9dd3866ade4
35358,52099,"2026-07-30 19:13:04",1,0,1,"2000 HR SERVICE (SKIDSTEER)",2000,NULL,NULL,NULL,NULL,NULL,NULL,NULL,NULL,"SEE EQUIPMENT DETAILS - PARTS TAB OR WRITE IN PARTS USED:","PERFORM ALL 1000 HR TASKS
SAMPLE HYDRAULIC OIL
REPLACE COOLANT
INSPECT HYDRAULIC PUMPS
INSPECT FINAL DRIVES
INSPECT TURBOCHARGER
",1288,NULL,40,NULL,47540,2657,c3e5ccd3-41ee-4c5e-aa80-157d3ba656ab
35393,52099,"2026-07-30 19:13:56",1,0,1,"500 HR SERVICE (SKIDSTEER)",500,NULL,NULL,NULL,NULL,NULL,NULL,NULL,NULL,"SEE EQUIPMENT DETAILS - PARTS TAB OR WRITE IN FILTERS USED:","CHANGE ENGINE OIL
REPLACE ENGINE OIL FILTER
REPLACE FUEL FILTERS
DRAIN WATER SEPARATOR
CHECK TRACK TENSION
INSPECT SPROCKETS
INSPECT IDLERS
INSPECT DRIVE MOTORS
INSPECT HYDRAULIC HOSES
GREASE ALL PIVOTS
CHECK FAULT CODES

",1288,NULL,40,NULL,47541,2725,e5f34d5c-28e0-4146-b3e6-f02e38157516
34456,52100,"2026-07-28 02:37:51",1,0,1,"1000 HR SERVICE (AMER HC80 CRAWLER CRANE)",1000,NULL,NULL,NULL,NULL,NULL,NULL,NULL,NULL,"SEE EQUIPMENT DETAILS - PARTS TAB OR WRITE IN PARTS USED:","• PERFORM ALL 500 HOUR ITEMS
• SAMPLE HYDRAULIC OIL
• REPLACE HYDRAULIC RETURN FILTER
• REPLACE HYDRAULIC SUCTION FILTER
• REPLACE HYDRAULIC RETURN FILTER

",1288,NULL,40,NULL,NULL,2610,d1638e40-3cbb-472d-8615-96ab812d0beb
34460,52100,"2026-07-28 02:38:14",1,0,1,"2000 HR SERVICE (AMER HC80 CRAWLER CRANE)",2000,NULL,NULL,NULL,NULL,NULL,NULL,NULL,NULL,"SEE EQUIPMENT DETAILS - PARTS TAB OR WRITE IN PARTS USED:
","• PERFORM ALL 1000 HOUR ITEMS
• SAMPLE HYDRAULIC OIL/CHANGE AS NEEDED
• REPLACE COOLANT
• CHANGE SWING OIL
• CHANGE HOIST GEARBOX OIL
• CHANGE DRUM REDUCER OIL",1288,NULL,40,NULL,NULL,2721,ec23d524-1c4d-47d8-8300-5f885debe0cd
34464,52100,"2026-07-28 02:38:31",1,0,1,"500 HR SERVICE (AMER HC80 CRAWLER CRANE)",500,NULL,NULL,NULL,NULL,NULL,NULL,NULL,NULL,"SEE EQUIPMENT DETAILS - PARTS TAB OR WRITE IN PARTS USED:","• CHANGE ENGINE OIL & FILTERS 
• CHANGE FUEL FILTERS (W/S) & SECONDARY
• CHANGE AIR FILTERS
• CHECK FAN BELTS
• CHECK BATTERY CONDITION
• CHECK HYDRAULIC LEVELS
• CHANGE FINAL DRIVE LEVELS
• SAMPLE GEARBOX OIL
",1288,NULL,40,NULL,46982,2690,ef820508-d00d-4fa8-add0-c78b0912d490
35969,52101,"2026-07-31 15:50:42",2,1,0,"20000 MI SERVICE (MECHANIC)",NULL,NULL,20000,NULL,NULL,NULL,NULL,NULL,NULL,"SEE EQUIPMENT DETAILS - PARTS TAB OR WRITE IN PARTS USED:

","INCLUDES ALL 6,000 MI SERVICE ITEMS, PLUS:

ENGINE MAINTENANCE:
-CHANGE ENGINE OIL AND FILTER
-REPLACE FUEL FILTERS (PRIMARY AND SECONDARY IF REQUIRED)
-INSPECT SERPENTINE BELTS AND TENSIONERS
-INSPECT COOLING SYSTEM HOSES AND CLAMPS
-CHECK ENGINE MOUNTS

AIR INTAKE SYSTEM:
-INSPECT AIR CLEANER RESTRICTION INDICATOR
-INSPECT AIR FILTER AND REPLACE IF NEEDED
-CHECK TURBOCHARGER CONNECTIONS

DRIVELINE:
-INSPECT DRIVESHAFT
-LUBRICATE U-JOINTS
-INSPECT CARRIER BEARINGS
-CHECK DIFFERENTIAL FLUID LEVELS

TRANSMISSION:
-INSPECT TRANSMISSION FOR LEAKS
-CHECK TRANSMISSION FLUID CONDITION/CHANGE FILTER
-INSPECT PTO AND PTO MOUNTS

AXLES & HUBS:
-CHECK AXLE OIL LEVELS
-INSPECT WHEEL SEALS FOR LEAKS
-CHECK HUB OIL LEVELS

BRAKE SYSTEM:
-MEASURE BRAKE LINING THICKNESS
-INSPECT ABS SENSORS AND WIRING
-CHECK BRAKE ADJUSTMENT
-INSPECT FOUNDATION BRAKE COMPONENTS

SUSPENSION:
-TORQUE-CHECK SUSPENSION COMPONENTS
-INSPECT SPRING HANGERS
-CHECK TORQUE RODS AND BUSHINGS
-INSPECT AIR BAGS (IF EQUIPPED)

HYDRAULIC SYSTEM:
-CHECK HYDRAULIC TANK BREATHER
-INSPECT HYDRAULIC FILTER CONDITION/SAMPLE FLUID
-VERIFY HYDRAULIC PRESSURE AND OPERATION

FRAME & BODY:
-INSPECT FRAME RAILS FOR CRACKS
-CHECK CROSS MEMBERS
-CHECK TAILGATE OPERATION AND HARDWARE

SAFETY INSPECTION:
-VERIFY REFLECTIVE TAPE CONDITION
-TEST BACKUP CAMERA (IF EQUIPPED)
",1288,NULL,NULL,200,NULL,2672,e3d92b69-8463-4cbc-bb1b-f6a091944e8f
35971,52101,"2026-07-31 15:53:22",2,0,1,"10000 MI SERVICE (FUEL/LUBE FREIGHTLINER)",NULL,NULL,10000,NULL,NULL,NULL,NULL,NULL,NULL,"SEE EQUIPMENT DETAILS - PARTS TAB OR WRITE IN PARTS USED:

","ENGINE & FLUIDS:
-CHANGE ENGINE OIL AND OIL FILTER
-CHECK COOLANT LEVEL AND CONDITION
-CHECK POWER STEERING FLUID
-CHECK TRANSMISSION FLUID LEVEL/FILTER
-CHECK HYDRAULIC FLUID LEVEL
-CHECK DEF LEVEL AND INSPECT DEF SYSTEM
-DRAIN WATER SEPARATOR AND INSPECT FUEL SYSTEM

AIR:
-INSPECT AIR FILTERS AND REPLACE IF NEEDED

BRAKES:
-INSPECT BRAKE LININGS/PADS
-CHECK BRAKE DRUMS/ROTORS
-INSPECT SLACK ADJUSTERS
-CHECK BRAKE CHAMBERS AND HARDWARE
-VERIFY PARKING BRAKE OPERATION

TIRES & WHEELS:
-CHECK TIRE PRESSURE
-MEASURE TREAD DEPTH
-INSPECT FOR CUTS, PUNCTURES, AND UNEVEN WEAR
-CHECK WHEEL NUTS AND RIM CONDITION

STEERING & SUSPENSION:
-INSPECT STEERING LINKAGE
-CHECK KINGPINS AND TIE-ROD ENDS
-LUBRICATE GREASE FITTINGS
-INSPECT SPRINGS, BUSHINGS, SHOCKS, AND U-BOLTS

ELECTRICAL SYSTEM:
-TEST LIGHTS AND SIGNALS
-INSPECT BATTERIES AND CONNECTIONS
-CHECK ALTERNATOR CHARGING VOLTAGE
-INSPECT WIRING FOR DAMAGE

GENERAL INSPECTION:
-CHECK MIRRORS, WINDSHIELD, AND WIPERS
-INSPECT SEAT BELTS
-CHECK HORN AND BACKUP ALARM
-INSPECT PTO OPERATION
-DOCUMENT DEFECTS AND REPAIRS
",1288,NULL,NULL,200,47242,2625,96a9d383-26e1-468e-8c43-35865af8d3e6
34724,52102,"2026-07-29 21:15:35",1,0,1,"1000 HR SERVICE (EXCAVATOR)",1000,NULL,NULL,NULL,NULL,NULL,NULL,1000,NULL,"SEE EQUIPMENT DETAILS - PARTS TAB OR WRITE IN PARTS USED:
","INCLUDES ALL 500 HR TASKS, PLUS:
REPLACE HYDRAULIC RETURN FILTER
REPLACE PILOT FILTER
INSPECT PUMPS
INSPECT SWING DRIVE
INSPECT ROLLERS
INSPECT IDLERS
INSPECT TRACK CHAINS
PERFORM DIAGNOSTIC SCAN
",1288,NULL,40,NULL,47553,2585,0f38dfce-34db-4fbb-95d2-a9b2d421e6ad
34776,52102,"2026-07-29 21:16:37",1,0,1,"2000 HR SERVICE (EXCAVATOR)",2000,NULL,NULL,NULL,NULL,NULL,NULL,NULL,NULL,"SEE EQUIPMENT DETAILS - PARTS TAB OR WRITE IN PARTS USED:
","INCLUDES ALL 1000 HR TASKS
SAMPLE HYDRAULIC OIL
REPLACE COOLANT
INSPECT MAIN PUMPS
INSPECT SWING GEARBOX
INSPECT TRAVEL GEARBOXES
HYDRAULIC PERFORMANCE TEST
",1288,NULL,40,NULL,47554,2633,130d84b1-6141-4b4f-a9c5-4bdaaa3e858c
34828,52102,"2026-07-29 21:17:45",1,0,1,"500 HR SERVICE (EXCAVATOR)",500,NULL,NULL,NULL,NULL,NULL,NULL,NULL,NULL,"SEE EQUIPMENT DETAILS - PARTS TAB OR WRITE IN PARTS USED:
","CHANGE ENGINE OIL
REPLACE ENGINE OIL FILTER
REPLACE FUEL FILTERS
REPLACE AIR FILTERS
CHECK ALL FLUIDS
GREASE BOOM PINS & BUSHINGS
GREASE STICK PINS
GREASE BUCKET PINS
GREASE SWING BEARING
INSPECT TIRES/TRACKS
INSPECT CYLINDERS
INSPECT UNDERCARRIAGE
INSPECT/CHANGE FINAL DRIVES
CHECK FAULT CODES
RESET SERVICE METER
",1288,NULL,40,NULL,47552,2694,972583cd-7a7b-4c1a-9374-db1d4782c041
35227,52104,"2026-07-30 16:33:46",1,0,1,"1000 HR SERVICE (MANITOWOC 10K CRAWLER)",1000,NULL,NULL,NULL,NULL,NULL,NULL,NULL,NULL,"SEE EQUIPMENT DETAILS - PARTS TAB OR WRITE IN PARTS USED:

","INCLUDES ALL 500 HR TASKS
TEST ENGINE COOLANT
CHANGE AIR ELEMENT
REPLACE DRAIN FILTER (CARTRIDGE)
CHANGE SWING REDUCTION OIL
CHANGE WINCH REDUCTION OIL
CHANGE OIL IN POWER DIVIDER
CHANGE OIL IN PROPEL REDUCTION UNIT
INSPECT DRUMS
INSPECT BRAKES
INSPECT SWING DRIVE
INSPECT CRAWLERS
",1288,NULL,40,NULL,47001,2602,87052498-ad79-4ea2-a5a0-f01cb80ff370
35234,52104,"2026-07-30 16:34:44",1,0,1,"2000 HR SERVICE (MANITOWOC 10K CRAWLER)",2000,NULL,NULL,NULL,NULL,NULL,NULL,NULL,NULL,"SEE EQUIPMENT DETAILS - PARTS TAB OR WRITE IN PARTS USED:
","INCLUDES ALL 1000 HR TASKS
SAMPLE HYDRAULIC OIL
REPLACE COOLANT
INSPECT PLANETARIES
INSPECT GEARBOXES
",1288,NULL,40,NULL,47002,2647,d809641d-2694-4636-a4d0-0775e505689e
35241,52104,"2026-07-30 16:35:26",1,0,1,"500 HR SERVICE (MANITOWOC 10K CRAWLER)",500,NULL,NULL,NULL,NULL,NULL,NULL,NULL,NULL,"SEE EQUIPMENT DETAILS - PARTS TAB OR WRITE IN PARTS USED:
","CHANGE ENGINE OIL & FILTERS
CHANGE AIR FILTERS
CHANGE FUEL FILTERS
CHANGE HYD FILTERS
CHECK FLUID LEVEL IN PLANETARY HUBS & AXLES
TEST TANK FUEL
INSPECT BOOM
INSPECT PENDANTS
INSPECT WIRE ROPE
CHECK SWING BEARING
GREASE ROTATION POINTS
CHECK LIMIT SWITCHES
",1288,NULL,40,NULL,47000,2714,590e9370-4185-4053-b567-bb6cb8fc23b8
35332,52107,"2026-07-30 19:12:20",1,0,1,"1000 HR SERVICE (SKIDSTEER)",1000,NULL,NULL,NULL,NULL,NULL,NULL,NULL,NULL,"SEE EQUIPMENT DETAILS - PARTS TAB OR WRITE IN PARTS USED:","PERFORM ALL 500 HR TASKS
REPLACE HYDRAULIC RETURN FILTER
REPLACE CASE DRAIN FILTER
INSPECT LOADER LINKAGE
INSPECT CYLINDERS
INSPECT UNDERCARRIAGE WEAR
CHECK HYDRAULIC PRESSURES
PERFORM DIAGNOSTIC SCAN
",1288,NULL,40,NULL,47546,2613,ac0a6ab3-ff75-4222-84d7-74e6da877830
35367,52107,"2026-07-30 19:13:11",1,0,1,"2000 HR SERVICE (SKIDSTEER)",2000,NULL,NULL,NULL,NULL,NULL,NULL,NULL,NULL,"SEE EQUIPMENT DETAILS - PARTS TAB OR WRITE IN PARTS USED:","PERFORM ALL 1000 HR TASKS
SAMPLE HYDRAULIC OIL
REPLACE COOLANT
INSPECT HYDRAULIC PUMPS
INSPECT FINAL DRIVES
INSPECT TURBOCHARGER
",1288,NULL,40,NULL,47548,2657,bb1a3ef2-5e4f-48ba-a4d5-fd381b17f58d
35402,52107,"2026-07-30 19:14:03",1,0,1,"500 HR SERVICE (SKIDSTEER)",500,NULL,NULL,NULL,NULL,NULL,NULL,NULL,NULL,"SEE EQUIPMENT DETAILS - PARTS TAB OR WRITE IN FILTERS USED:","CHANGE ENGINE OIL
REPLACE ENGINE OIL FILTER
REPLACE FUEL FILTERS
DRAIN WATER SEPARATOR
CHECK TRACK TENSION
INSPECT SPROCKETS
INSPECT IDLERS
INSPECT DRIVE MOTORS
INSPECT HYDRAULIC HOSES
GREASE ALL PIVOTS
CHECK FAULT CODES

",1288,NULL,40,NULL,48424,2725,ea9b27c5-a9b9-4b35-b5f3-ffbaddec2a33
35228,52108,"2026-07-30 16:33:47",1,0,1,"1000 HR SERVICE (MANITOWOC 10K CRAWLER)",1000,NULL,NULL,NULL,NULL,NULL,NULL,NULL,NULL,"SEE EQUIPMENT DETAILS - PARTS TAB OR WRITE IN PARTS USED:

","INCLUDES ALL 500 HR TASKS
TEST ENGINE COOLANT
CHANGE AIR ELEMENT
REPLACE DRAIN FILTER (CARTRIDGE)
CHANGE SWING REDUCTION OIL
CHANGE WINCH REDUCTION OIL
CHANGE OIL IN POWER DIVIDER
CHANGE OIL IN PROPEL REDUCTION UNIT
INSPECT DRUMS
INSPECT BRAKES
INSPECT SWING DRIVE
INSPECT CRAWLERS
",1288,NULL,40,NULL,47004,2602,f34c2aac-b01a-454a-9477-6e4ffa20458b
35235,52108,"2026-07-30 16:34:44",1,0,1,"2000 HR SERVICE (MANITOWOC 10K CRAWLER)",2000,NULL,NULL,NULL,NULL,NULL,NULL,NULL,NULL,"SEE EQUIPMENT DETAILS - PARTS TAB OR WRITE IN PARTS USED:
","INCLUDES ALL 1000 HR TASKS
SAMPLE HYDRAULIC OIL
REPLACE COOLANT
INSPECT PLANETARIES
INSPECT GEARBOXES
",1288,NULL,40,NULL,47005,2647,8048ecf1-63f0-4339-b6a9-4a0d10377f4d
35242,52108,"2026-07-30 16:35:27",1,0,1,"500 HR SERVICE (MANITOWOC 10K CRAWLER)",500,NULL,NULL,NULL,NULL,NULL,NULL,NULL,NULL,"SEE EQUIPMENT DETAILS - PARTS TAB OR WRITE IN PARTS USED:
","CHANGE ENGINE OIL & FILTERS
CHANGE AIR FILTERS
CHANGE FUEL FILTERS
CHANGE HYD FILTERS
CHECK FLUID LEVEL IN PLANETARY HUBS & AXLES
TEST TANK FUEL
INSPECT BOOM
INSPECT PENDANTS
INSPECT WIRE ROPE
CHECK SWING BEARING
GREASE ROTATION POINTS
CHECK LIMIT SWITCHES
",1288,NULL,40,NULL,47003,2714,3e4d13de-3735-4263-8d88-47ae347403a2
34716,52111,"2026-07-29 21:15:29",1,0,1,"1000 HR SERVICE (EXCAVATOR)",1000,NULL,NULL,NULL,NULL,NULL,NULL,1000,NULL,"SEE EQUIPMENT DETAILS - PARTS TAB OR WRITE IN PARTS USED:
","INCLUDES ALL 500 HR TASKS, PLUS:
REPLACE HYDRAULIC RETURN FILTER
REPLACE PILOT FILTER
INSPECT PUMPS
INSPECT SWING DRIVE
INSPECT ROLLERS
INSPECT IDLERS
INSPECT TRACK CHAINS
PERFORM DIAGNOSTIC SCAN
",1288,NULL,40,NULL,47572,2585,6b3c345d-49f9-48e7-8c05-89bb7b12b0b1
34768,52111,"2026-07-29 21:16:31",1,0,1,"2000 HR SERVICE (EXCAVATOR)",2000,NULL,NULL,NULL,NULL,NULL,NULL,NULL,NULL,"SEE EQUIPMENT DETAILS - PARTS TAB OR WRITE IN PARTS USED:
","INCLUDES ALL 1000 HR TASKS
SAMPLE HYDRAULIC OIL
REPLACE COOLANT
INSPECT MAIN PUMPS
INSPECT SWING GEARBOX
INSPECT TRAVEL GEARBOXES
HYDRAULIC PERFORMANCE TEST
",1288,NULL,40,NULL,47574,2633,1d77ae43-fc7f-4ea8-8950-a89370f5c2e4
34820,52111,"2026-07-29 21:17:40",1,0,1,"500 HR SERVICE (EXCAVATOR)",500,NULL,NULL,NULL,NULL,NULL,NULL,NULL,NULL,"SEE EQUIPMENT DETAILS - PARTS TAB OR WRITE IN PARTS USED:
","CHANGE ENGINE OIL
REPLACE ENGINE OIL FILTER
REPLACE FUEL FILTERS
REPLACE AIR FILTERS
CHECK ALL FLUIDS
GREASE BOOM PINS & BUSHINGS
GREASE STICK PINS
GREASE BUCKET PINS
GREASE SWING BEARING
INSPECT TIRES/TRACKS
INSPECT CYLINDERS
INSPECT UNDERCARRIAGE
INSPECT/CHANGE FINAL DRIVES
CHECK FAULT CODES
RESET SERVICE METER
",1288,NULL,40,NULL,47573,2694,dec6776d-6c73-4f52-9ea1-ba99d1daacbc
35325,52112,"2026-07-30 19:12:15",1,0,1,"1000 HR SERVICE (SKIDSTEER)",1000,NULL,NULL,NULL,NULL,NULL,NULL,NULL,NULL,"SEE EQUIPMENT DETAILS - PARTS TAB OR WRITE IN PARTS USED:","PERFORM ALL 500 HR TASKS
REPLACE HYDRAULIC RETURN FILTER
REPLACE CASE DRAIN FILTER
INSPECT LOADER LINKAGE
INSPECT CYLINDERS
INSPECT UNDERCARRIAGE WEAR
CHECK HYDRAULIC PRESSURES
PERFORM DIAGNOSTIC SCAN
",1288,NULL,40,NULL,47558,2613,5328062b-6dd3-448d-a4ed-8d1d6eeb5920
35360,52112,"2026-07-30 19:13:06",1,0,1,"2000 HR SERVICE (SKIDSTEER)",2000,NULL,NULL,NULL,NULL,NULL,NULL,NULL,NULL,"SEE EQUIPMENT DETAILS - PARTS TAB OR WRITE IN PARTS USED:","PERFORM ALL 1000 HR TASKS
SAMPLE HYDRAULIC OIL
REPLACE COOLANT
INSPECT HYDRAULIC PUMPS
INSPECT FINAL DRIVES
INSPECT TURBOCHARGER
",1288,NULL,40,NULL,NULL,2657,d5e5efab-6570-49f9-897d-df7a2fa4d109
35395,52112,"2026-07-30 19:13:57",1,0,1,"500 HR SERVICE (SKIDSTEER)",500,NULL,NULL,NULL,NULL,NULL,NULL,NULL,NULL,"SEE EQUIPMENT DETAILS - PARTS TAB OR WRITE IN FILTERS USED:","CHANGE ENGINE OIL
REPLACE ENGINE OIL FILTER
REPLACE FUEL FILTERS
DRAIN WATER SEPARATOR
CHECK TRACK TENSION
INSPECT SPROCKETS
INSPECT IDLERS
INSPECT DRIVE MOTORS
INSPECT HYDRAULIC HOSES
GREASE ALL PIVOTS
CHECK FAULT CODES

",1288,NULL,40,NULL,47559,2725,d8f046e6-0d8c-4eb2-ba7d-8e5d2ac86be2
34871,52113,"2026-07-30 13:02:54",1,0,1,"1000 HR SERVICE (GROVE RT880 & GRT880)",1000,NULL,NULL,NULL,NULL,NULL,NULL,NULL,NULL,"SEE EQUIPMENT DETAILS - PARTS TAB OR WRITE IN PARTS USED:

","COMPLETE 500 HR TASKS
CHANGE PLANETARY HUB OIL & DIFFERENTIAL FLUID ON BOTH FRONT & REAR AXLES
CHANGE TRANSMISSION FLUID & FILTER
DRAIN/FILL MAIN HOIST
DRAIN/FILL AUX HOIST",1288,NULL,40,NULL,47016,2592,208a8f1a-7962-4ce4-964b-f514d7a1811c
34875,52113,"2026-07-30 13:03:11",1,0,1,"2000 HR SERVICE  (GROVE RT880 & GRT880)",2000,NULL,NULL,NULL,NULL,NULL,NULL,NULL,NULL,"SEE EQUIPMENT DETAILS - PARTS TAB OR WRITE IN PARTS USED:

","COMPLETE 1000 HR TASKS
CHANGE HYD RETURN FILTER & BREATHER
SAMPLE HYD FLUID 
INSPECT/SAMPLE COOLANT
CHECK/REPLACE COOLANT STRAINER",1288,NULL,40,NULL,47017,2640,67cc0dd0-4346-41ac-905d-5f5cb1992e71
34879,52113,"2026-07-30 13:03:25",1,0,1,"500 HR SERVICE (GROVE RT880 & GRT880)",500,NULL,NULL,NULL,NULL,NULL,NULL,NULL,NULL,"SEE EQUIPMENT DETAILS - PARTS TAB OR WRITE IN PARTS USED:

","CHANGE OIL & FILTER
CHANGE FUEL FILTERS
CHANGE AIR FILTERS
REPLACE TRANSMISSION FILTER
CHECK FLUID LEVEL IN AXLES
CHECK FLUID LEVEL IN PLANETARY HUBS",1288,NULL,40,NULL,47015,2703,b45a70e4-63bb-430e-847b-6759345b2e17
34607,52115,"2026-07-29 19:58:30",1,0,1,"1000 HR SERVICE (AMER 9270)",1000,NULL,NULL,NULL,NULL,NULL,NULL,NULL,NULL,"SEE EQUIPMENT DETAILS - PARTS TAB OR WRITE IN PARTS USED:","COMPLETE ALL 500 HR ITEMS
MAIN & AUX HOIST GEAR CASES (DRAIN & FLUSH)
CHANGE SWING DRIVE OIL
CHANGE TRAVEL GEARBOX OIL
SAMPLE HYD FLUID
TORQUE CONVERTER - DRAIN & REFILL
TORQUE CONVERTER - CHANGE FILTER
FLUSH TORQUE COOLER
SPRAG OIL - DRAIN & REFILL
CHAIN CASE - DRAIN, INSPECT & REFILL
UPPER DECK - DRAIN & REFILL
LOWER TUBS - DRAIN & REFILL
LUBRICATE HOIST VALVES
",1288,NULL,40,NULL,46983,2578,fd947b79-7db6-469a-9a72-4d65fd458900
34610,52115,"2026-07-29 19:58:56",1,0,1,"500 HR SERVICE (AMER 9270)",500,NULL,NULL,NULL,NULL,NULL,NULL,NULL,NULL,"SEE EQUIPMENT DETAILS - PARTS TAB OR WRITE IN PARTS USED:
","CHANGE ENGINE OIL & FILTER
CHANGE FUEL FILTERS
CHANGE AIR FILTERS
SAMPLE GEARBOX OIL
REPLACE TORQUE CONVERTER / TRANS FILTER
CHECK TORQUE CONVERTER OIL LEVEL
CHECK FAN BELTS
CHECK COOLANT LEVEL
GREASE ALL CRANE LUBRICATION POINTS
CHECK MAIN HOIST GEARCASE OIL LEVEL
CHECK AUX HOIST GEARCASE OIL LEVEL
CHECK PROPEL DRIVE OIL LEVELS
CHECK BATTERIES AND CABLES
INSPECT BRAKES & CLUTCHES",1288,NULL,40,NULL,46984,2686,700778d5-be6d-47c9-ab41-55ac785ff30b
34737,52116,"2026-07-29 21:15:46",1,0,1,"1000 HR SERVICE (EXCAVATOR)",1000,NULL,NULL,NULL,NULL,NULL,NULL,1000,NULL,"SEE EQUIPMENT DETAILS - PARTS TAB OR WRITE IN PARTS USED:
","INCLUDES ALL 500 HR TASKS, PLUS:
REPLACE HYDRAULIC RETURN FILTER
REPLACE PILOT FILTER
INSPECT PUMPS
INSPECT SWING DRIVE
INSPECT ROLLERS
INSPECT IDLERS
INSPECT TRACK CHAINS
PERFORM DIAGNOSTIC SCAN
",1288,NULL,40,NULL,47555,2585,eec0634b-db35-425a-a6a7-c198a9a7446d
34789,52116,"2026-07-29 21:16:47",1,0,1,"2000 HR SERVICE (EXCAVATOR)",2000,NULL,NULL,NULL,NULL,NULL,NULL,NULL,NULL,"SEE EQUIPMENT DETAILS - PARTS TAB OR WRITE IN PARTS USED:
","INCLUDES ALL 1000 HR TASKS
SAMPLE HYDRAULIC OIL
REPLACE COOLANT
INSPECT MAIN PUMPS
INSPECT SWING GEARBOX
INSPECT TRAVEL GEARBOXES
HYDRAULIC PERFORMANCE TEST
",1288,NULL,40,NULL,47556,2633,09d40d33-142b-48a9-ad65-5ccd0e272bce
34841,52116,"2026-07-29 21:17:54",1,0,1,"500 HR SERVICE (EXCAVATOR)",500,NULL,NULL,NULL,NULL,NULL,NULL,NULL,NULL,"SEE EQUIPMENT DETAILS - PARTS TAB OR WRITE IN PARTS USED:
","CHANGE ENGINE OIL
REPLACE ENGINE OIL FILTER
REPLACE FUEL FILTERS
REPLACE AIR FILTERS
CHECK ALL FLUIDS
GREASE BOOM PINS & BUSHINGS
GREASE STICK PINS
GREASE BUCKET PINS
GREASE SWING BEARING
INSPECT TIRES/TRACKS
INSPECT CYLINDERS
INSPECT UNDERCARRIAGE
INSPECT/CHANGE FINAL DRIVES
CHECK FAULT CODES
RESET SERVICE METER
",1288,NULL,40,NULL,47557,2694,f47dfdad-7ece-478d-8035-9c2218cd8c87
34658,52117,"2026-07-29 20:47:44",1,0,1,"1000 HR SERVICE (DOZER)",1000,NULL,NULL,NULL,NULL,NULL,NULL,NULL,NULL,"SEE EQUIPMENT DETAILS - PARTS TAB OR WRITE IN PARTS USED:
","COMPLETE 500 HR SERVICE
REPLACE AIR FILTERS
REPLACE HYDRAULIC FILTERS
CHECK FINAL DRIVE OIL
INSPECT ROLLERS, IDLERS, AND SPROCKETS
INSPECT UNDERCARRIAGE WEAR
CHECK COOLING SYSTEM
INSPECT STEERING AND BRAKES
INSPECT ELECTRICAL SYSTEM",1288,NULL,40,NULL,47568,2583,7d43ed5e-7c05-4465-b46c-2d8ba00cd177
34669,52117,"2026-07-29 20:49:31",1,0,1,"2000 HR SERVICE (DOZER)",2000,NULL,NULL,NULL,NULL,NULL,NULL,NULL,NULL,"SEE EQUIPMENT DETAILS - PARTS TAB OR WRITE IN PARTS USED:
","COMPLETE 1000 HR SERVICE
SAMPLE HYDRAULIC OIL
CHANGE FINAL DRIVE OIL
REPLACE COOLANT
REPLACE ALL FILTERS
INSPECT PUSH ARMS
INSPECT PINS AND BUSHINGS
INSPECT FRAME AND WELDS
COMPLETE SAFETY INSPECTION",1288,NULL,40,NULL,47569,2632,a2cd0846-29ac-47aa-a839-56666a557aa9
34688,52117,"2026-07-29 20:55:37",1,0,1,"500 HR SERVICE (DOZER)",500,NULL,NULL,NULL,NULL,NULL,NULL,NULL,NULL,"SEE EQUIPMENT DETAILS - PARTS TAB OR WRITE IN PARTS USED:
","CHANGE ENGINE OIL & FILTER
REPLACE FUEL FILTER(S)
INSPECT AIR FILTER
CHECK HYDRAULIC OIL LEVEL
GREASE ALL FITTINGS
INSPECT TRACKS AND PADS
CHECK TRACK TENSION
INSPECT CUTTING EDGE
INSPECT HOSES AND CYLINDERS
CHECK BATTERY
TEST LIGHTS AND SAFETY DEVICES
",1288,NULL,40,NULL,47570,2692,fee28993-797b-4a8d-b342-7065aff8bc90
34693,52119,"2026-07-29 21:15:10",1,0,1,"1000 HR SERVICE (EXCAVATOR)",1000,NULL,NULL,NULL,NULL,NULL,NULL,1000,NULL,"SEE EQUIPMENT DETAILS - PARTS TAB OR WRITE IN PARTS USED:
","INCLUDES ALL 500 HR TASKS, PLUS:
REPLACE HYDRAULIC RETURN FILTER
REPLACE PILOT FILTER
INSPECT PUMPS
INSPECT SWING DRIVE
INSPECT ROLLERS
INSPECT IDLERS
INSPECT TRACK CHAINS
PERFORM DIAGNOSTIC SCAN
",1288,NULL,40,NULL,47580,2585,bef95aee-bf60-40ff-aa5b-b25a604c1fee
34745,52119,"2026-07-29 21:16:14",1,0,1,"2000 HR SERVICE (EXCAVATOR)",2000,NULL,NULL,NULL,NULL,NULL,NULL,NULL,NULL,"SEE EQUIPMENT DETAILS - PARTS TAB OR WRITE IN PARTS USED:
","INCLUDES ALL 1000 HR TASKS
SAMPLE HYDRAULIC OIL
REPLACE COOLANT
INSPECT MAIN PUMPS
INSPECT SWING GEARBOX
INSPECT TRAVEL GEARBOXES
HYDRAULIC PERFORMANCE TEST
",1288,NULL,40,NULL,NULL,2633,74df2625-049b-4659-9e46-87fb864b23fe
34797,52119,"2026-07-29 21:17:22",1,0,1,"500 HR SERVICE (EXCAVATOR)",500,NULL,NULL,NULL,NULL,NULL,NULL,NULL,NULL,"SEE EQUIPMENT DETAILS - PARTS TAB OR WRITE IN PARTS USED:
","CHANGE ENGINE OIL
REPLACE ENGINE OIL FILTER
REPLACE FUEL FILTERS
REPLACE AIR FILTERS
CHECK ALL FLUIDS
GREASE BOOM PINS & BUSHINGS
GREASE STICK PINS
GREASE BUCKET PINS
GREASE SWING BEARING
INSPECT TIRES/TRACKS
INSPECT CYLINDERS
INSPECT UNDERCARRIAGE
INSPECT/CHANGE FINAL DRIVES
CHECK FAULT CODES
RESET SERVICE METER
",1288,NULL,40,NULL,47581,2694,6d844ad5-fc2c-48cf-96ea-f48c31c5c0f3
35225,52120,"2026-07-30 16:33:45",1,0,1,"1000 HR SERVICE (MANITOWOC 10K CRAWLER)",1000,NULL,NULL,NULL,NULL,NULL,NULL,NULL,NULL,"SEE EQUIPMENT DETAILS - PARTS TAB OR WRITE IN PARTS USED:

","INCLUDES ALL 500 HR TASKS
TEST ENGINE COOLANT
CHANGE AIR ELEMENT
REPLACE DRAIN FILTER (CARTRIDGE)
CHANGE SWING REDUCTION OIL
CHANGE WINCH REDUCTION OIL
CHANGE OIL IN POWER DIVIDER
CHANGE OIL IN PROPEL REDUCTION UNIT
INSPECT DRUMS
INSPECT BRAKES
INSPECT SWING DRIVE
INSPECT CRAWLERS
",1288,NULL,40,NULL,46995,2602,a5a60191-9d8c-4f1d-a536-2702c62a9b39
35232,52120,"2026-07-30 16:34:42",1,0,1,"2000 HR SERVICE (MANITOWOC 10K CRAWLER)",2000,NULL,NULL,NULL,NULL,NULL,NULL,NULL,NULL,"SEE EQUIPMENT DETAILS - PARTS TAB OR WRITE IN PARTS USED:
","INCLUDES ALL 1000 HR TASKS
SAMPLE HYDRAULIC OIL
REPLACE COOLANT
INSPECT PLANETARIES
INSPECT GEARBOXES
",1288,NULL,40,NULL,46997,2647,2e877812-0406-4396-832e-a344e6d49067
35239,52120,"2026-07-30 16:35:25",1,0,1,"500 HR SERVICE (MANITOWOC 10K CRAWLER)",500,NULL,NULL,NULL,NULL,NULL,NULL,NULL,NULL,"SEE EQUIPMENT DETAILS - PARTS TAB OR WRITE IN PARTS USED:
","CHANGE ENGINE OIL & FILTERS
CHANGE AIR FILTERS
CHANGE FUEL FILTERS
CHANGE HYD FILTERS
CHECK FLUID LEVEL IN PLANETARY HUBS & AXLES
TEST TANK FUEL
INSPECT BOOM
INSPECT PENDANTS
INSPECT WIRE ROPE
CHECK SWING BEARING
GREASE ROTATION POINTS
CHECK LIMIT SWITCHES
",1288,NULL,40,NULL,46996,2714,596d791f-f89c-4363-bb80-1cf495ca9fab
34899,52123,"2026-07-30 13:13:09",1,0,1,"1000 HR SERVICE (GROVE RT760)",1000,NULL,NULL,NULL,NULL,NULL,NULL,NULL,NULL,"SEE EQUIPMENT DETAILS - PARTS TAB OR WRITE IN PARTS USED:

","COMPLETE 500 HR TASKS
CHANGE PLANETARY HUB OIL & DIFFERENTIAL FLUID ON BOTH FRONT & REAR AXLES
CHANGE TRANSMISSION FLUID & FILTER
DRAIN/FILL MAIN HOIST
DRAIN/FILL AUX HOIST",1288,NULL,40,NULL,47010,2590,7a8ede1e-eda8-44fc-ab08-13d2dda6b4f5
34901,52123,"2026-07-30 13:13:30",1,0,1,"2000 HR SERVICE (GROVE RT760)",2000,NULL,NULL,NULL,NULL,NULL,NULL,NULL,NULL,"SEE EQUIPMENT DETAILS - PARTS TAB OR WRITE IN PARTS USED:

","COMPLETE 1000 HR TASKS
CHANGE HYD RETURN FILTER & BREATHER
SAMPLE HYD FLUID 
INSPECT/SAMPLE COOLANT
CHECK/REPLACE COOLANT STRAINER
",1288,NULL,40,NULL,47011,2638,7147da89-6389-40ac-aef5-8f7b4896d19f
34903,52123,"2026-07-30 13:13:48",1,0,1,"500 HR SERVICE (GROVE RT760)",500,NULL,NULL,NULL,NULL,NULL,NULL,NULL,NULL,"SEE EQUIPMENT DETAILS - PARTS TAB OR WRITE IN PARTS USED:

","CHANGE OIL & FILTER
CHANGE FUEL FILTERS
CHANGE AIR FILTERS
REPLACE TRANSMISSION FILTER
CHECK FLUID LEVEL IN AXLES
CHECK FLUID LEVEL IN PLANETARY HUBS
",1288,NULL,40,NULL,47009,2701,9813c8f9-cb28-47e8-b2cd-fbefbc2f3ef1
34884,52124,"2026-07-30 13:05:48",1,0,1,"1000 HR SERVICE (GROVE RT650)",1000,NULL,NULL,NULL,NULL,NULL,NULL,NULL,NULL,"SEE EQUIPMENT DETAILS - PARTS TAB OR WRITE IN PARTS USED:

","COMPLETE 500 HR TASKS
CHANGE PLANETARY HUB OIL & DIFFERENTIAL FLUID ON BOTH FRONT & REAR AXLES
CHANGE TRANSMISSION FLUID & FILTER
DRAIN/FILL MAIN HOIST
DRAIN/FILL AUX HOIST",1288,NULL,40,NULL,47400,2588,b64e4ca2-8e95-4eed-a795-3900c1bd1225
34888,52124,"2026-07-30 13:07:15",1,0,1,"2000 HR SERVICE (GROVE RT650)",2000,NULL,NULL,NULL,NULL,NULL,NULL,NULL,NULL,"SEE EQUIPMENT DETAILS - PARTS TAB OR WRITE IN PARTS USED:
","COMPLETE 1000 HR TASKS
CHANGE HYD RETURN FILTER & BREATHER
SAMPLE HYD FLUID 
INSPECT/SAMPLE COOLANT
CHECK/REPLACE COOLANT STRAINER",1288,NULL,40,NULL,47401,2636,267abab9-fa8e-478b-8e22-5814c51ed7e1
34891,52124,"2026-07-30 13:07:35",1,0,1,"500 HR SERVICE (GROVE RT650)",500,NULL,NULL,NULL,NULL,NULL,NULL,NULL,NULL,"SEE EQUIPMENT DETAILS - PARTS TAB OR WRITE IN PARTS USED:

","CHANGE OIL & FILTER
CHANGE FUEL FILTERS
CHANGE AIR FILTERS
REPLACE TRANSMISSION FILTER
CHECK FLUID LEVEL IN AXLES
CHECK FLUID LEVEL IN PLANETARY HUBS
",1288,NULL,40,NULL,47043,2699,e0316a7d-1814-4420-87b7-0c7f7f153b7f
34711,52126,"2026-07-29 21:15:24",1,0,1,"1000 HR SERVICE (EXCAVATOR)",1000,NULL,NULL,NULL,NULL,NULL,NULL,1000,NULL,"SEE EQUIPMENT DETAILS - PARTS TAB OR WRITE IN PARTS USED:
","INCLUDES ALL 500 HR TASKS, PLUS:
REPLACE HYDRAULIC RETURN FILTER
REPLACE PILOT FILTER
INSPECT PUMPS
INSPECT SWING DRIVE
INSPECT ROLLERS
INSPECT IDLERS
INSPECT TRACK CHAINS
PERFORM DIAGNOSTIC SCAN
",1288,NULL,40,NULL,47527,2585,b2d270a3-6e5b-4386-aa42-4b59918c2c12
34763,52126,"2026-07-29 21:16:27",1,0,1,"2000 HR SERVICE (EXCAVATOR)",2000,NULL,NULL,NULL,NULL,NULL,NULL,NULL,NULL,"SEE EQUIPMENT DETAILS - PARTS TAB OR WRITE IN PARTS USED:
","INCLUDES ALL 1000 HR TASKS
SAMPLE HYDRAULIC OIL
REPLACE COOLANT
INSPECT MAIN PUMPS
INSPECT SWING GEARBOX
INSPECT TRAVEL GEARBOXES
HYDRAULIC PERFORMANCE TEST
",1288,NULL,40,NULL,47528,2633,61c26789-34ad-48af-abcb-c7e74bfbdb93
34815,52126,"2026-07-29 21:17:35",1,0,1,"500 HR SERVICE (EXCAVATOR)",500,NULL,NULL,NULL,NULL,NULL,NULL,NULL,NULL,"SEE EQUIPMENT DETAILS - PARTS TAB OR WRITE IN PARTS USED:
","CHANGE ENGINE OIL
REPLACE ENGINE OIL FILTER
REPLACE FUEL FILTERS
REPLACE AIR FILTERS
CHECK ALL FLUIDS
GREASE BOOM PINS & BUSHINGS
GREASE STICK PINS
GREASE BUCKET PINS
GREASE SWING BEARING
INSPECT TIRES/TRACKS
INSPECT CYLINDERS
INSPECT UNDERCARRIAGE
INSPECT/CHANGE FINAL DRIVES
CHECK FAULT CODES
RESET SERVICE METER
",1288,NULL,40,NULL,47526,2694,9221c2e0-057e-4258-822a-03f678b97b76
35229,52127,"2026-07-30 16:33:48",1,0,1,"1000 HR SERVICE (MANITOWOC 10K CRAWLER)",1000,NULL,NULL,NULL,NULL,NULL,NULL,NULL,NULL,"SEE EQUIPMENT DETAILS - PARTS TAB OR WRITE IN PARTS USED:

","INCLUDES ALL 500 HR TASKS
TEST ENGINE COOLANT
CHANGE AIR ELEMENT
REPLACE DRAIN FILTER (CARTRIDGE)
CHANGE SWING REDUCTION OIL
CHANGE WINCH REDUCTION OIL
CHANGE OIL IN POWER DIVIDER
CHANGE OIL IN PROPEL REDUCTION UNIT
INSPECT DRUMS
INSPECT BRAKES
INSPECT SWING DRIVE
INSPECT CRAWLERS
",1288,NULL,40,NULL,47006,2602,61a7b83f-de02-448b-b065-cb91da5b9b63
35236,52127,"2026-07-30 16:34:45",1,0,1,"2000 HR SERVICE (MANITOWOC 10K CRAWLER)",2000,NULL,NULL,NULL,NULL,NULL,NULL,NULL,NULL,"SEE EQUIPMENT DETAILS - PARTS TAB OR WRITE IN PARTS USED:
","INCLUDES ALL 1000 HR TASKS
SAMPLE HYDRAULIC OIL
REPLACE COOLANT
INSPECT PLANETARIES
INSPECT GEARBOXES
",1288,NULL,40,NULL,47007,2647,90a59948-b01a-4d39-ae61-d3d43a260406
35243,52127,"2026-07-30 16:35:27",1,0,1,"500 HR SERVICE (MANITOWOC 10K CRAWLER)",500,NULL,NULL,NULL,NULL,NULL,NULL,NULL,NULL,"SEE EQUIPMENT DETAILS - PARTS TAB OR WRITE IN PARTS USED:
","CHANGE ENGINE OIL & FILTERS
CHANGE AIR FILTERS
CHANGE FUEL FILTERS
CHANGE HYD FILTERS
CHECK FLUID LEVEL IN PLANETARY HUBS & AXLES
TEST TANK FUEL
INSPECT BOOM
INSPECT PENDANTS
INSPECT WIRE ROPE
CHECK SWING BEARING
GREASE ROTATION POINTS
CHECK LIMIT SWITCHES
",1288,NULL,40,NULL,47008,2714,641a4f89-db52-48aa-b074-cb91e4ebb2fe
34738,52128,"2026-07-29 21:15:47",1,0,1,"1000 HR SERVICE (EXCAVATOR)",1000,NULL,NULL,NULL,NULL,NULL,NULL,1000,NULL,"SEE EQUIPMENT DETAILS - PARTS TAB OR WRITE IN PARTS USED:
","INCLUDES ALL 500 HR TASKS, PLUS:
REPLACE HYDRAULIC RETURN FILTER
REPLACE PILOT FILTER
INSPECT PUMPS
INSPECT SWING DRIVE
INSPECT ROLLERS
INSPECT IDLERS
INSPECT TRACK CHAINS
PERFORM DIAGNOSTIC SCAN
",1288,NULL,40,NULL,NULL,2585,e0104800-3fad-4afc-bdcd-5ce280007de7
34790,52128,"2026-07-29 21:16:48",1,0,1,"2000 HR SERVICE (EXCAVATOR)",2000,NULL,NULL,NULL,NULL,NULL,NULL,NULL,NULL,"SEE EQUIPMENT DETAILS - PARTS TAB OR WRITE IN PARTS USED:
","INCLUDES ALL 1000 HR TASKS
SAMPLE HYDRAULIC OIL
REPLACE COOLANT
INSPECT MAIN PUMPS
INSPECT SWING GEARBOX
INSPECT TRAVEL GEARBOXES
HYDRAULIC PERFORMANCE TEST
",1288,NULL,40,NULL,NULL,2633,3bb72c85-451f-4984-8a6f-e94c706ecda4
34842,52128,"2026-07-29 21:17:55",1,0,1,"500 HR SERVICE (EXCAVATOR)",500,NULL,NULL,NULL,NULL,NULL,NULL,NULL,NULL,"SEE EQUIPMENT DETAILS - PARTS TAB OR WRITE IN PARTS USED:
","CHANGE ENGINE OIL
REPLACE ENGINE OIL FILTER
REPLACE FUEL FILTERS
REPLACE AIR FILTERS
CHECK ALL FLUIDS
GREASE BOOM PINS & BUSHINGS
GREASE STICK PINS
GREASE BUCKET PINS
GREASE SWING BEARING
INSPECT TIRES/TRACKS
INSPECT CYLINDERS
INSPECT UNDERCARRIAGE
INSPECT/CHANGE FINAL DRIVES
CHECK FAULT CODES
RESET SERVICE METER
",1288,NULL,40,NULL,47571,2694,ca4e3f47-8747-4ad1-bb51-6135c7f3752f
34860,52129,"2026-07-30 12:41:38",1,0,1,"500 HR SERVICE (MOTOR GRADER)",500,NULL,NULL,NULL,NULL,NULL,NULL,NULL,NULL,"SEE EQUIPMENT DETAILS - PARTS TAB OR WRITE IN PARTS USED:
","CHANGE ENGINE OIL & FILTER
REPLACE FUEL FILTER(S)
INSPECT AIR FILTER
CHECK HYDRAULIC OIL LEVEL
GREASE ALL FITTINGS
INSPECT MOLDBOARD
INSPECT CIRCLE DRIVE
CHECK CUTTING EDGE WEAR
CHECK TIRES
INSPECT STEERING COMPONENTS
TEST LIGHTS AND SAFETY DEVICES
",1288,NULL,40,NULL,47567,2696,98e16a7a-d1a9-452d-9b16-b2172b4a16c8
34864,52129,"2026-07-30 12:42:03",1,0,1,"2000 HR SERVICE (MOTOR GRADER)",2000,NULL,NULL,NULL,NULL,NULL,NULL,NULL,NULL,"SEE EQUIPMENT DETAILS - PARTS TAB OR WRITE IN PARTS USED:
","COMPLETE 1000 HR SERVICE
SAMPLE HYDRAULIC OIL
CHANGE TANDEM OILS
REPLACE COOLANT
REPLACE ALL FILTERS
INSPECT CIRCLE DRIVE COMPONENTS
INSPECT PINS AND BUSHINGS
INSPECT FRAME AND STRUCTURAL COMPONENTS
COMPLETE SAFETY INSPECTION
",1288,NULL,40,NULL,47566,2634,a4936624-bdd3-48c6-ba12-8ea72812b301
34868,52129,"2026-07-30 12:42:26",1,0,1,"1000 HR SERVICE (MOTOR GRADER)",1000,NULL,NULL,NULL,NULL,NULL,NULL,NULL,NULL,"SEE EQUIPMENT DETAILS - PARTS TAB OR WRITE IN PARTS USED:
","COMPLETE 500 HR SERVICE
REPLACE AIR FILTERS
REPLACE HYDRAULIC FILTERS
CHECK TANDEM OIL LEVELS
INSPECT CIRCLE WEAR STRIPS
INSPECT ARTICULATION JOINT
CHECK COOLING SYSTEM
INSPECT BRAKES
INSPECT ELECTRICAL SYSTEM
",1288,NULL,40,NULL,47565,2586,66d265e8-7a75-450d-b27a-7ddd1e365fdd
34900,52134,"2026-07-30 13:13:10",1,0,1,"1000 HR SERVICE (GROVE RT760)",1000,NULL,NULL,NULL,NULL,NULL,NULL,NULL,NULL,"SEE EQUIPMENT DETAILS - PARTS TAB OR WRITE IN PARTS USED:

","COMPLETE 500 HR TASKS
CHANGE PLANETARY HUB OIL & DIFFERENTIAL FLUID ON BOTH FRONT & REAR AXLES
CHANGE TRANSMISSION FLUID & FILTER
DRAIN/FILL MAIN HOIST
DRAIN/FILL AUX HOIST",1288,NULL,40,NULL,47019,2590,51e0cb7d-3ce2-41bc-b4fb-2031df8145e3
34902,52134,"2026-07-30 13:13:31",1,0,1,"2000 HR SERVICE (GROVE RT760)",2000,NULL,NULL,NULL,NULL,NULL,NULL,NULL,NULL,"SEE EQUIPMENT DETAILS - PARTS TAB OR WRITE IN PARTS USED:

","COMPLETE 1000 HR TASKS
CHANGE HYD RETURN FILTER & BREATHER
SAMPLE HYD FLUID 
INSPECT/SAMPLE COOLANT
CHECK/REPLACE COOLANT STRAINER
",1288,NULL,40,NULL,47020,2638,385a6972-123e-4759-a4f1-8a2c1a783b04
34904,52134,"2026-07-30 13:13:49",1,0,1,"500 HR SERVICE (GROVE RT760)",500,NULL,NULL,NULL,NULL,NULL,NULL,NULL,NULL,"SEE EQUIPMENT DETAILS - PARTS TAB OR WRITE IN PARTS USED:

","CHANGE OIL & FILTER
CHANGE FUEL FILTERS
CHANGE AIR FILTERS
REPLACE TRANSMISSION FILTER
CHECK FLUID LEVEL IN AXLES
CHECK FLUID LEVEL IN PLANETARY HUBS
",1288,NULL,40,NULL,47018,2701,8e9cfd2a-6c8a-40c2-a034-d5227710633c
34717,52135,"2026-07-29 21:15:29",1,0,1,"1000 HR SERVICE (EXCAVATOR)",1000,NULL,NULL,NULL,NULL,NULL,NULL,1000,NULL,"SEE EQUIPMENT DETAILS - PARTS TAB OR WRITE IN PARTS USED:
","INCLUDES ALL 500 HR TASKS, PLUS:
REPLACE HYDRAULIC RETURN FILTER
REPLACE PILOT FILTER
INSPECT PUMPS
INSPECT SWING DRIVE
INSPECT ROLLERS
INSPECT IDLERS
INSPECT TRACK CHAINS
PERFORM DIAGNOSTIC SCAN
",1288,NULL,40,NULL,47576,2585,c33ab1d6-3a9a-4f97-b233-9ec2b6c25639
34769,52135,"2026-07-29 21:16:31",1,0,1,"2000 HR SERVICE (EXCAVATOR)",2000,NULL,NULL,NULL,NULL,NULL,NULL,NULL,NULL,"SEE EQUIPMENT DETAILS - PARTS TAB OR WRITE IN PARTS USED:
","INCLUDES ALL 1000 HR TASKS
SAMPLE HYDRAULIC OIL
REPLACE COOLANT
INSPECT MAIN PUMPS
INSPECT SWING GEARBOX
INSPECT TRAVEL GEARBOXES
HYDRAULIC PERFORMANCE TEST
",1288,NULL,40,NULL,47577,2633,fec61b11-67b1-48c1-83c3-0dca05c277ed
34821,52135,"2026-07-29 21:17:41",1,0,1,"500 HR SERVICE (EXCAVATOR)",500,NULL,NULL,NULL,NULL,NULL,NULL,NULL,NULL,"SEE EQUIPMENT DETAILS - PARTS TAB OR WRITE IN PARTS USED:
","CHANGE ENGINE OIL
REPLACE ENGINE OIL FILTER
REPLACE FUEL FILTERS
REPLACE AIR FILTERS
CHECK ALL FLUIDS
GREASE BOOM PINS & BUSHINGS
GREASE STICK PINS
GREASE BUCKET PINS
GREASE SWING BEARING
INSPECT TIRES/TRACKS
INSPECT CYLINDERS
INSPECT UNDERCARRIAGE
INSPECT/CHANGE FINAL DRIVES
CHECK FAULT CODES
RESET SERVICE METER
",1288,NULL,40,NULL,47579,2694,7fc4f174-0c92-47be-9ba2-3a540931aeb0
34905,52136,"2026-07-30 13:14:21",1,0,1,"1000 HR SERVICE (GROVE RT765)",1000,NULL,NULL,NULL,NULL,NULL,NULL,NULL,NULL,"SEE EQUIPMENT DETAILS - PARTS TAB OR WRITE IN PARTS USED:

","COMPLETE 500 HR TASKS
CHANGE PLANETARY HUB OIL & DIFFERENTIAL FLUID ON BOTH FRONT & REAR AXLES
CHANGE TRANSMISSION FLUID & FILTER
DRAIN/FILL MAIN HOIST
DRAIN/FILL AUX HOIST",1288,NULL,40,NULL,47038,2591,47083b41-e63a-4eee-b579-070f0b8927b1
34907,52136,"2026-07-30 13:14:44",1,0,1,"2000 HR SERVICE (GROVE RT765)",2000,NULL,NULL,NULL,NULL,NULL,NULL,NULL,NULL,"SEE EQUIPMENT DETAILS - PARTS TAB OR WRITE IN PARTS USED:
","COMPLETE 1000 HR TASKS
CHANGE HYD RETURN FILTER & BREATHER
SAMPLE HYD FLUID 
INSPECT/SAMPLE COOLANT
CHECK/REPLACE COOLANT STRAINER",1288,NULL,40,NULL,47039,2639,1256400f-4c35-48e8-ad36-a19c09bd3e11
34909,52136,"2026-07-30 13:14:58",1,0,1,"500 HR SERVICE (GROVE RT765)",500,NULL,NULL,NULL,NULL,NULL,NULL,NULL,NULL,"SEE EQUIPMENT DETAILS - PARTS TAB OR WRITE IN PARTS USED:

","CHANGE OIL & FILTER
CHANGE FUEL FILTERS
CHANGE AIR FILTERS
REPLACE TRANSMISSION FILTER
CHECK FLUID LEVEL IN AXLES
CHECK FLUID LEVEL IN PLANETARY HUBS
",1288,NULL,40,NULL,47037,2702,f3d03b55-0779-4ad3-840e-4c6c3e8e493a
34906,52137,"2026-07-30 13:14:22",1,0,1,"1000 HR SERVICE (GROVE RT765)",1000,NULL,NULL,NULL,NULL,NULL,NULL,NULL,NULL,"SEE EQUIPMENT DETAILS - PARTS TAB OR WRITE IN PARTS USED:

","COMPLETE 500 HR TASKS
CHANGE PLANETARY HUB OIL & DIFFERENTIAL FLUID ON BOTH FRONT & REAR AXLES
CHANGE TRANSMISSION FLUID & FILTER
DRAIN/FILL MAIN HOIST
DRAIN/FILL AUX HOIST",1288,NULL,40,NULL,47051,2591,f2fded25-4f29-4d8a-8ecc-584cbbbdea62
34908,52137,"2026-07-30 13:14:45",1,0,1,"2000 HR SERVICE (GROVE RT765)",2000,NULL,NULL,NULL,NULL,NULL,NULL,NULL,NULL,"SEE EQUIPMENT DETAILS - PARTS TAB OR WRITE IN PARTS USED:
","COMPLETE 1000 HR TASKS
CHANGE HYD RETURN FILTER & BREATHER
SAMPLE HYD FLUID 
INSPECT/SAMPLE COOLANT
CHECK/REPLACE COOLANT STRAINER",1288,NULL,40,NULL,47052,2639,6a64c633-1231-440f-b50a-60e0233775f6
34910,52137,"2026-07-30 13:14:59",1,0,1,"500 HR SERVICE (GROVE RT765)",500,NULL,NULL,NULL,NULL,NULL,NULL,NULL,NULL,"SEE EQUIPMENT DETAILS - PARTS TAB OR WRITE IN PARTS USED:

","CHANGE OIL & FILTER
CHANGE FUEL FILTERS
CHANGE AIR FILTERS
REPLACE TRANSMISSION FILTER
CHECK FLUID LEVEL IN AXLES
CHECK FLUID LEVEL IN PLANETARY HUBS
",1288,NULL,40,NULL,47050,2702,a4c95be7-c34f-4f22-8081-c4f07777abf8
35338,52141,"2026-07-30 19:12:25",1,0,1,"1000 HR SERVICE (SKIDSTEER)",1000,NULL,NULL,NULL,NULL,NULL,NULL,NULL,NULL,"SEE EQUIPMENT DETAILS - PARTS TAB OR WRITE IN PARTS USED:","PERFORM ALL 500 HR TASKS
REPLACE HYDRAULIC RETURN FILTER
REPLACE CASE DRAIN FILTER
INSPECT LOADER LINKAGE
INSPECT CYLINDERS
INSPECT UNDERCARRIAGE WEAR
CHECK HYDRAULIC PRESSURES
PERFORM DIAGNOSTIC SCAN
",1288,NULL,40,NULL,NULL,2613,e2fc56b9-b4a0-4b12-ae9e-b0db20924934
35373,52141,"2026-07-30 19:13:16",1,0,1,"2000 HR SERVICE (SKIDSTEER)",2000,NULL,NULL,NULL,NULL,NULL,NULL,NULL,NULL,"SEE EQUIPMENT DETAILS - PARTS TAB OR WRITE IN PARTS USED:","PERFORM ALL 1000 HR TASKS
SAMPLE HYDRAULIC OIL
REPLACE COOLANT
INSPECT HYDRAULIC PUMPS
INSPECT FINAL DRIVES
INSPECT TURBOCHARGER
",1288,NULL,40,NULL,NULL,2657,a1014c56-5b59-480b-8e81-eefb1fbae745
35408,52141,"2026-07-30 19:14:06",1,0,1,"500 HR SERVICE (SKIDSTEER)",500,NULL,NULL,NULL,NULL,NULL,NULL,NULL,NULL,"SEE EQUIPMENT DETAILS - PARTS TAB OR WRITE IN FILTERS USED:","CHANGE ENGINE OIL
REPLACE ENGINE OIL FILTER
REPLACE FUEL FILTERS
DRAIN WATER SEPARATOR
CHECK TRACK TENSION
INSPECT SPROCKETS
INSPECT IDLERS
INSPECT DRIVE MOTORS
INSPECT HYDRAULIC HOSES
GREASE ALL PIVOTS
CHECK FAULT CODES

",1288,NULL,40,NULL,47586,2725,18884fc5-f3ea-433f-ba5c-8db67cb86da5
34885,52142,"2026-07-30 13:05:49",1,0,1,"1000 HR SERVICE (GROVE RT650)",1000,NULL,NULL,NULL,NULL,NULL,NULL,NULL,NULL,"SEE EQUIPMENT DETAILS - PARTS TAB OR WRITE IN PARTS USED:

","COMPLETE 500 HR TASKS
CHANGE PLANETARY HUB OIL & DIFFERENTIAL FLUID ON BOTH FRONT & REAR AXLES
CHANGE TRANSMISSION FLUID & FILTER
DRAIN/FILL MAIN HOIST
DRAIN/FILL AUX HOIST",1288,NULL,40,NULL,47046,2588,8294b758-99b1-4e98-9d91-ee68132d9fb3
34889,52142,"2026-07-30 13:07:15",1,0,1,"2000 HR SERVICE (GROVE RT650)",2000,NULL,NULL,NULL,NULL,NULL,NULL,NULL,NULL,"SEE EQUIPMENT DETAILS - PARTS TAB OR WRITE IN PARTS USED:
","COMPLETE 1000 HR TASKS
CHANGE HYD RETURN FILTER & BREATHER
SAMPLE HYD FLUID 
INSPECT/SAMPLE COOLANT
CHECK/REPLACE COOLANT STRAINER",1288,NULL,40,NULL,47044,2636,b7c569a6-7704-4f43-a394-e4591316ace3
34890,52142,"2026-07-30 13:07:34",1,0,1,"500 HR SERVICE (GROVE RT650)",500,NULL,NULL,NULL,NULL,NULL,NULL,NULL,NULL,"SEE EQUIPMENT DETAILS - PARTS TAB OR WRITE IN PARTS USED:

","CHANGE OIL & FILTER
CHANGE FUEL FILTERS
CHANGE AIR FILTERS
REPLACE TRANSMISSION FILTER
CHECK FLUID LEVEL IN AXLES
CHECK FLUID LEVEL IN PLANETARY HUBS
",1288,NULL,40,NULL,47045,2699,8433437f-6cb6-4af2-a1ee-22af6d14e612
34624,52143,"2026-07-29 20:38:22",1,0,1,"1000 HR SERVICE (COMPACTOR/ROLLER)",1000,NULL,NULL,NULL,NULL,NULL,NULL,NULL,NULL,"SEE EQUIPMENT DETAILS - PARTS TAB OR WRITE IN PARTS USED:","COMPLETE 500 HR SERVICE
REPLACE AIR FILTERS
REPLACE HYDRAULIC FILTERS
CHECK AXLE OIL LEVELSINSPECT DRUM BEARINGS
INSPECT DRIVE SYSTEM
INSPECT VIBRATION COMPONENTS
INSPECT HYDRAULIC HOSES AND CYLINDERS
CHECK COOLING SYSTEM
INSPECT ELECTRICAL SYSTEM
",1288,NULL,40,NULL,48446,2582,7819fd8a-2749-41eb-80c7-66259e11a200
34635,52143,"2026-07-29 20:41:31",1,0,1,"2000 HR SERVICE (COMPACTOR/ROLLER)",2000,NULL,NULL,NULL,NULL,NULL,NULL,NULL,NULL,"SEE EQUIPMENT DETAILS - PARTS TAB OR WRITE IN PARTS USED:","COMPLETE 1000 HR SERVICE
CHANGE HYDRAULIC OIL
CHANGE AXLE OILS
REPLACE COOLANT
REPLACE ALL FILTERS
INSPECT PINS AND BUSHINGS
INSPECT STRUCTURAL WELDS
INSPECT DRUM MOUNTS
PERFORM COMPLETE SAFETY INSPECTION",1288,NULL,40,NULL,48447,2631,62e61733-37d2-4005-b2d4-3eaad9d8649e
34655,52143,"2026-07-29 20:44:22",1,0,1,"500 HR SERVICE (COMPACTOR/ROLLER)",500,NULL,NULL,NULL,NULL,NULL,NULL,NULL,NULL,"SEE EQUIPMENT DETAILS - PARTS TAB OR WRITE IN PARTS USED:","CHANGE ENGINE OIL & FILTER
REPLACE FUEL FILTER(S)
INSPECT AIR FILTER
CHECK HYDRAULIC OIL LEVEL
GREASE ALL FITTINGS
INSPECT DRUM VIBRATION SYSTEM
CHECK SCRAPER BARS
INSPECT DRUM AND FRAME
CHECK BATTERY AND CABLES
INSPECT BELTS AND HOSES
CHECK BRAKES AND STEERING
TEST LIGHTS, ALARMS, AND SAFETY DEVICES",1288,NULL,40,NULL,48445,2691,a90d62c6-e4a9-48fd-b6cf-a5396673cfac
34893,52144,"2026-07-30 13:08:54",1,0,1,"1000 HR SERVICE (GROVE RT600)",1000,NULL,NULL,NULL,NULL,NULL,NULL,NULL,NULL,"SEE EQUIPMENT DETAILS - PARTS TAB OR WRITE IN PARTS USED:
","COMPLETE 500 HR TASKS
CHANGE PLANETARY HUB OIL & DIFFERENTIAL FLUID ON BOTH FRONT & REAR AXLES
CHANGE TRANSMISSION FLUID & FILTER
DRAIN/FILL MAIN HOIST
DRAIN/FILL AUX HOIST",1288,NULL,40,NULL,47048,2587,bf3416ca-945e-49c9-a2a2-7dc77380373c
34894,52144,"2026-07-30 13:09:08",1,0,1,"2000 HR SERVICE (GROVE RT600)",2000,NULL,NULL,NULL,NULL,NULL,NULL,NULL,NULL,"SEE EQUIPMENT DETAILS - PARTS TAB OR WRITE IN PARTS USED:
","COMPLETE 1000 HR TASKS
CHANGE HYD RETURN FILTER & BREATHER
SAMPLE HYD FLUID 
INSPECT/SAMPLE COOLANT
CHECK/REPLACE COOLANT STRAINER",1288,NULL,40,NULL,47047,2635,958d4502-a626-4acf-b681-ae65522bea23
34895,52144,"2026-07-30 13:09:24",1,0,1,"500 HR SERVICE (GROVE RT600)",500,NULL,NULL,NULL,NULL,NULL,NULL,NULL,NULL,"SEE EQUIPMENT DETAILS - PARTS TAB OR WRITE IN PARTS USED:

","CHANGE OIL & FILTER
CHANGE FUEL FILTERS
CHANGE AIR FILTERS
REPLACE TRANSMISSION FILTER
CHECK FLUID LEVEL IN AXLES
CHECK FLUID LEVEL IN PLANETARY HUBS
",1288,NULL,40,NULL,47049,2698,e103d309-f408-47e9-8270-fd38eabaa07b
34468,52145,"2026-07-28 03:22:45",1,0,1,"1000 HR SERVICE (TADANO GTC-800 CRAWLER)",1000,NULL,NULL,NULL,NULL,NULL,NULL,NULL,NULL,"SEE EQUIPMENT DETAILS - PARTS TAB OR WRITE IN PARTS USED:
","COMPLETE ALL 500 HOUR ITEMS
REPLACE PILOT OIL PRESSURE FILTER ELEMENT
CHANGE HYD RETURN FILTERS
CHANGE SWING DRIVE REDUCER OIL
GREASE SWING DRIVE REDUCER
CHANGE TRACK DRIVE REDUCER OIL
INSPECT & CLEAN ELECTRICAL SLIP RING
CHANGE WINCH OIL
INSPECT A/C & HEATING SYSTEM
TREAT DOOR LOCK & SEAL
",1288,NULL,40,NULL,47054,2615,b172523c-5f2f-444e-8be4-3e9e1e96a1e1
34469,52145,"2026-07-28 03:23:16",1,0,1,"2000 HR SERVICE (TADANO GTC-800 CRAWLER)",2000,NULL,NULL,NULL,NULL,NULL,NULL,NULL,NULL,"SEE EQUIPMENT DETAILS - PARTS TAB OR WRITE IN PARTS USED:
","COMPLETE ALL 1000 HOUR ITEMS
SAMPLE ENGINE COOLANT/REPLACE FILTER
SAMPLE HYD OIL
REPLACE ALL HYDRAULIC FILTERS
CLEAN HYDRAULIC TANK BREATHER
CHANGE HOIST GEARBOX OIL
CHECK SWING BEARING CLEARANCE
CHANGE SWING DRIVE OIL
INSPECT SWING MECHANISM
BLEED SWING DRIVE BRAKE
INSPECT SWING DRIVE BRAKE
CHANGE FINAL DRIVE OIL IN LEFT & RIGHT CRAWLER TRACK FINAL DRIVES",1288,NULL,40,NULL,47055,2659,6314dea5-1bd9-42a3-80e8-07861cee68ed
34470,52145,"2026-07-28 03:23:32",1,0,1,"500 HR SERVICE (TADANO GTC-800 CRAWLER)",500,NULL,NULL,NULL,NULL,NULL,NULL,NULL,NULL,"SEE EQUIPMENT DETAILS - PARTS TAB OR WRITE IN PARTS USED:
","CHANGE OIL & FILTER
CHANGE FUEL FILTERS
CHANGE AIR FILTERS
INSPECT WINCH OIL LEVEL
INSPECT WINCH DRUM
INSPECT AML RADTED CAPACITY INDICATOR
CHECK FLUID IN PLANETARY HUBS



",1288,NULL,40,NULL,47053,2728,c326e1ff-3896-45a7-af1e-f8ed02cb05cf
34694,52148,"2026-07-29 21:15:11",1,0,1,"1000 HR SERVICE (EXCAVATOR)",1000,NULL,NULL,NULL,NULL,NULL,NULL,1000,NULL,"SEE EQUIPMENT DETAILS - PARTS TAB OR WRITE IN PARTS USED:
","INCLUDES ALL 500 HR TASKS, PLUS:
REPLACE HYDRAULIC RETURN FILTER
REPLACE PILOT FILTER
INSPECT PUMPS
INSPECT SWING DRIVE
INSPECT ROLLERS
INSPECT IDLERS
INSPECT TRACK CHAINS
PERFORM DIAGNOSTIC SCAN
",1288,NULL,40,NULL,47582,2585,e7a8ca63-5ec9-49ac-9938-6e1bf68a9c23
34746,52148,"2026-07-29 21:16:14",1,0,1,"2000 HR SERVICE (EXCAVATOR)",2000,NULL,NULL,NULL,NULL,NULL,NULL,NULL,NULL,"SEE EQUIPMENT DETAILS - PARTS TAB OR WRITE IN PARTS USED:
","INCLUDES ALL 1000 HR TASKS
SAMPLE HYDRAULIC OIL
REPLACE COOLANT
INSPECT MAIN PUMPS
INSPECT SWING GEARBOX
INSPECT TRAVEL GEARBOXES
HYDRAULIC PERFORMANCE TEST
",1288,NULL,40,NULL,47583,2633,358ad495-d479-4d20-9e2f-4aa68175a58f
34798,52148,"2026-07-29 21:17:22",1,0,1,"500 HR SERVICE (EXCAVATOR)",500,NULL,NULL,NULL,NULL,NULL,NULL,NULL,NULL,"SEE EQUIPMENT DETAILS - PARTS TAB OR WRITE IN PARTS USED:
","CHANGE ENGINE OIL
REPLACE ENGINE OIL FILTER
REPLACE FUEL FILTERS
REPLACE AIR FILTERS
CHECK ALL FLUIDS
GREASE BOOM PINS & BUSHINGS
GREASE STICK PINS
GREASE BUCKET PINS
GREASE SWING BEARING
INSPECT TIRES/TRACKS
INSPECT CYLINDERS
INSPECT UNDERCARRIAGE
INSPECT/CHANGE FINAL DRIVES
CHECK FAULT CODES
RESET SERVICE METER
",1288,NULL,40,NULL,47584,2694,45a40405-4778-4cf9-a6a1-2872aa634759
35341,52149,"2026-07-30 19:12:26",1,0,1,"1000 HR SERVICE (SKIDSTEER)",1000,NULL,NULL,NULL,NULL,NULL,NULL,NULL,NULL,"SEE EQUIPMENT DETAILS - PARTS TAB OR WRITE IN PARTS USED:","PERFORM ALL 500 HR TASKS
REPLACE HYDRAULIC RETURN FILTER
REPLACE CASE DRAIN FILTER
INSPECT LOADER LINKAGE
INSPECT CYLINDERS
INSPECT UNDERCARRIAGE WEAR
CHECK HYDRAULIC PRESSURES
PERFORM DIAGNOSTIC SCAN
",1288,NULL,40,NULL,NULL,2613,6df1e98b-f868-4b7d-b859-bf882b8c4db9
35376,52149,"2026-07-30 19:13:17",1,0,1,"2000 HR SERVICE (SKIDSTEER)",2000,NULL,NULL,NULL,NULL,NULL,NULL,NULL,NULL,"SEE EQUIPMENT DETAILS - PARTS TAB OR WRITE IN PARTS USED:","PERFORM ALL 1000 HR TASKS
SAMPLE HYDRAULIC OIL
REPLACE COOLANT
INSPECT HYDRAULIC PUMPS
INSPECT FINAL DRIVES
INSPECT TURBOCHARGER
",1288,NULL,40,NULL,NULL,2657,7dfa28eb-3896-489f-afd7-cd5637aeac74
35411,52149,"2026-07-30 19:14:09",1,0,1,"500 HR SERVICE (SKIDSTEER)",500,NULL,NULL,NULL,NULL,NULL,NULL,NULL,NULL,"SEE EQUIPMENT DETAILS - PARTS TAB OR WRITE IN FILTERS USED:","CHANGE ENGINE OIL
REPLACE ENGINE OIL FILTER
REPLACE FUEL FILTERS
DRAIN WATER SEPARATOR
CHECK TRACK TENSION
INSPECT SPROCKETS
INSPECT IDLERS
INSPECT DRIVE MOTORS
INSPECT HYDRAULIC HOSES
GREASE ALL PIVOTS
CHECK FAULT CODES

",1288,NULL,40,NULL,47589,2725,6afa7cf6-10b1-4c8d-830a-f489a84cc0fa
35248,52155,"2026-07-30 16:36:45",1,0,1,"1000 HR SERVICE (MANITOWOC 11K CRAWLER)",1000,NULL,NULL,NULL,NULL,NULL,NULL,NULL,NULL,"SEE EQUIPMENT DETAILS - PARTS TAB OR WRITE IN PARTS USED:

","INCLUDES ALL 500 HR TASKS
TEST ENGINE COOLANT
CHANGE AIR ELEMENT
REPLACE DRAIN FILTER (CARTRIDGE)
CHANGE SWING REDUCTION OIL
CHANGE WINCH REDUCTION OIL
CHANGE OIL IN POWER DIVIDER
CHANGE OIL IN PROPEL REDUCTION UNIT
INSPECT DRUMS
INSPECT BRAKES
INSPECT SWING DRIVE
INSPECT CRAWLERS
",1288,NULL,40,NULL,48411,2603,7ca9e8a5-c378-48bb-8a25-c3da569d5930
35249,52155,"2026-07-30 16:37:07",1,0,1,"2000 HR SERVICE (MANITOWOC 11K CRAWLER)",2000,NULL,NULL,NULL,NULL,NULL,NULL,NULL,NULL,"SEE EQUIPMENT DETAILS - PARTS TAB OR WRITE IN PARTS USED:

","INCLUDES ALL 1000 HR TASKS
SAMPLE HYDRAULIC OIL
REPLACE COOLANT
INSPECT PLANETARIES
INSPECT GEARBOXES
",1288,NULL,40,NULL,47013,2648,8706d89c-35d4-4296-9ff5-05c13700f470
35252,52155,"2026-07-30 16:37:29",1,0,1,"500 HR SERVICE (MANITOWOC 11K CRAWLER)",500,NULL,NULL,NULL,NULL,NULL,NULL,NULL,NULL,"SEE EQUIPMENT DETAILS - PARTS TAB OR WRITE IN PARTS USED:
","CHANGE ENGINE OIL & FILTERS
CHANGE AIR FILTERS
CHANGE FUEL FILTERS
CHANGE HYD FILTERS
CHECK FLUID LEVEL IN PLANETARY HUBS & AXLES
TEST TANK FUEL
INSPECT BOOM
INSPECT PENDANTS
INSPECT WIRE ROPE
CHECK SWING BEARING
GREASE ROTATION POINTS
CHECK LIMIT SWITCHES
",1288,NULL,40,NULL,48410,2715,d7d1f0d3-3062-45eb-b457-46994d3e029b
35230,52157,"2026-07-30 16:33:49",1,0,1,"1000 HR SERVICE (MANITOWOC 10K CRAWLER)",1000,NULL,NULL,NULL,NULL,NULL,NULL,NULL,NULL,"SEE EQUIPMENT DETAILS - PARTS TAB OR WRITE IN PARTS USED:

","INCLUDES ALL 500 HR TASKS
TEST ENGINE COOLANT
CHANGE AIR ELEMENT
REPLACE DRAIN FILTER (CARTRIDGE)
CHANGE SWING REDUCTION OIL
CHANGE WINCH REDUCTION OIL
CHANGE OIL IN POWER DIVIDER
CHANGE OIL IN PROPEL REDUCTION UNIT
INSPECT DRUMS
INSPECT BRAKES
INSPECT SWING DRIVE
INSPECT CRAWLERS
",1288,NULL,40,NULL,47024,2602,7f9a76ec-0ffc-4390-a262-e44dcb1af139
35237,52157,"2026-07-30 16:34:47",1,0,1,"2000 HR SERVICE (MANITOWOC 10K CRAWLER)",2000,NULL,NULL,NULL,NULL,NULL,NULL,NULL,NULL,"SEE EQUIPMENT DETAILS - PARTS TAB OR WRITE IN PARTS USED:
","INCLUDES ALL 1000 HR TASKS
SAMPLE HYDRAULIC OIL
REPLACE COOLANT
INSPECT PLANETARIES
INSPECT GEARBOXES
",1288,NULL,40,NULL,47025,2647,5c2d1fe4-bac5-413c-aac1-9f6f4e0fea40
35244,52157,"2026-07-30 16:35:29",1,0,1,"500 HR SERVICE (MANITOWOC 10K CRAWLER)",500,NULL,NULL,NULL,NULL,NULL,NULL,NULL,NULL,"SEE EQUIPMENT DETAILS - PARTS TAB OR WRITE IN PARTS USED:
","CHANGE ENGINE OIL & FILTERS
CHANGE AIR FILTERS
CHANGE FUEL FILTERS
CHANGE HYD FILTERS
CHECK FLUID LEVEL IN PLANETARY HUBS & AXLES
TEST TANK FUEL
INSPECT BOOM
INSPECT PENDANTS
INSPECT WIRE ROPE
CHECK SWING BEARING
GREASE ROTATION POINTS
CHECK LIMIT SWITCHES
",1288,NULL,40,NULL,47026,2714,a8fec806-86ef-4b5b-9a2e-c8aec5023177
35340,52159,"2026-07-30 19:12:25",1,0,1,"1000 HR SERVICE (SKIDSTEER)",1000,NULL,NULL,NULL,NULL,NULL,NULL,NULL,NULL,"SEE EQUIPMENT DETAILS - PARTS TAB OR WRITE IN PARTS USED:","PERFORM ALL 500 HR TASKS
REPLACE HYDRAULIC RETURN FILTER
REPLACE CASE DRAIN FILTER
INSPECT LOADER LINKAGE
INSPECT CYLINDERS
INSPECT UNDERCARRIAGE WEAR
CHECK HYDRAULIC PRESSURES
PERFORM DIAGNOSTIC SCAN
",1288,NULL,40,NULL,NULL,2613,da387f56-29b5-454e-a810-cf532a250356
35375,52159,"2026-07-30 19:13:16",1,0,1,"2000 HR SERVICE (SKIDSTEER)",2000,NULL,NULL,NULL,NULL,NULL,NULL,NULL,NULL,"SEE EQUIPMENT DETAILS - PARTS TAB OR WRITE IN PARTS USED:","PERFORM ALL 1000 HR TASKS
SAMPLE HYDRAULIC OIL
REPLACE COOLANT
INSPECT HYDRAULIC PUMPS
INSPECT FINAL DRIVES
INSPECT TURBOCHARGER
",1288,NULL,40,NULL,NULL,2657,04bd671a-6c50-471b-b253-913454908454
35410,52159,"2026-07-30 19:14:08",1,0,1,"500 HR SERVICE (SKIDSTEER)",500,NULL,NULL,NULL,NULL,NULL,NULL,NULL,NULL,"SEE EQUIPMENT DETAILS - PARTS TAB OR WRITE IN FILTERS USED:","CHANGE ENGINE OIL
REPLACE ENGINE OIL FILTER
REPLACE FUEL FILTERS
DRAIN WATER SEPARATOR
CHECK TRACK TENSION
INSPECT SPROCKETS
INSPECT IDLERS
INSPECT DRIVE MOTORS
INSPECT HYDRAULIC HOSES
GREASE ALL PIVOTS
CHECK FAULT CODES

",1288,NULL,40,NULL,NULL,2725,73b86114-1239-4273-a01f-b763301eb685
35339,52160,"2026-07-30 19:12:25",1,0,1,"1000 HR SERVICE (SKIDSTEER)",1000,NULL,NULL,NULL,NULL,NULL,NULL,NULL,NULL,"SEE EQUIPMENT DETAILS - PARTS TAB OR WRITE IN PARTS USED:","PERFORM ALL 500 HR TASKS
REPLACE HYDRAULIC RETURN FILTER
REPLACE CASE DRAIN FILTER
INSPECT LOADER LINKAGE
INSPECT CYLINDERS
INSPECT UNDERCARRIAGE WEAR
CHECK HYDRAULIC PRESSURES
PERFORM DIAGNOSTIC SCAN
",1288,NULL,40,NULL,47588,2613,ee558065-b539-4e24-a862-86f9de703ac0
35374,52160,"2026-07-30 19:13:16",1,0,1,"2000 HR SERVICE (SKIDSTEER)",2000,NULL,NULL,NULL,NULL,NULL,NULL,NULL,NULL,"SEE EQUIPMENT DETAILS - PARTS TAB OR WRITE IN PARTS USED:","PERFORM ALL 1000 HR TASKS
SAMPLE HYDRAULIC OIL
REPLACE COOLANT
INSPECT HYDRAULIC PUMPS
INSPECT FINAL DRIVES
INSPECT TURBOCHARGER
",1288,NULL,40,NULL,NULL,2657,7a71c1fa-62aa-443c-9c2a-b3bcac65f190
35409,52160,"2026-07-30 19:14:08",1,0,1,"500 HR SERVICE (SKIDSTEER)",500,NULL,NULL,NULL,NULL,NULL,NULL,NULL,NULL,"SEE EQUIPMENT DETAILS - PARTS TAB OR WRITE IN FILTERS USED:","CHANGE ENGINE OIL
REPLACE ENGINE OIL FILTER
REPLACE FUEL FILTERS
DRAIN WATER SEPARATOR
CHECK TRACK TENSION
INSPECT SPROCKETS
INSPECT IDLERS
INSPECT DRIVE MOTORS
INSPECT HYDRAULIC HOSES
GREASE ALL PIVOTS
CHECK FAULT CODES

",1288,NULL,40,NULL,47587,2725,8f802922-2990-47d5-97bd-84c43b8261df
34588,52162,"2026-07-29 19:51:06",1,1,0,"1000 HR SERVICE (AMER 5030-DE LOCO CRANE)",1000,NULL,NULL,NULL,NULL,NULL,NULL,NULL,NULL,"SEE EQUIPMENT DETAILS - PARTS TAB OR WRITE IN PARTS USED:

","DRAIN/REFILL PTO GEAR BOX
DRAIN AND INSPECT SPRAG OIL AND REFILL
DRAIN CHAIN CASE AND INSPECT REFILL
DRAIN UPPER DECK AND REFILL
DRAIN LOWER TUBS AND REFILL",1288,NULL,40,NULL,NULL,2575,8ae30165-f0fe-482c-a3e2-3bdc076e8a59
34589,52162,"2026-07-29 19:51:58",1,0,1,"1000 HR SERVICE (AMER 5030-DE LOCO CRANE)",1000,NULL,NULL,NULL,NULL,NULL,NULL,NULL,NULL,"SEE EQUIPMENT DETAILS - PARTS TAB OR WRITE IN PARTS USED:

","COMPLETE 500 HR SERVICE TASKS
DRAIN/REFILL PTO GEAR BOX
DRAIN AND INSPECT SPRAG OIL AND REFILL
DRAIN CHAIN CASE AND INSPECT REFILL
DRAIN UPPER DECK AND REFILL
DRAIN LOWER TUBS AND REFILL",1288,NULL,40,NULL,47036,2575,161ea771-9db9-4e5f-9999-ccd484fa10a7
34590,52162,"2026-07-29 19:52:42",1,0,1,"500 HR SERVICE (AMER 5030-DE LOCO CRANE)",500,NULL,NULL,NULL,NULL,NULL,NULL,NULL,NULL,"SEE EQUIPMENT DETAILS - PARTS TAB OR WRITE IN PARTS USED:

","CHANGE ENGINE OIL & FILTER
CHANGE FUEL FILTER
CHANGE AIR FILTER

",1288,NULL,40,NULL,47035,2683,1ab2de9d-bb33-44f0-8ea4-2256336fe144
34880,52163,"2026-07-30 13:03:26",1,1,0,"500 HR SERVICE (GROVE RT880 & GRT880)",500,NULL,NULL,NULL,NULL,NULL,NULL,NULL,NULL,"SEE EQUIPMENT DETAILS - PARTS TAB OR WRITE IN PARTS USED:

","CHANGE OIL & FILTER
CHANGE FUEL FILTERS
CHANGE AIR FILTERS
REPLACE TRANSMISSION FILTER
CHECK FLUID LEVEL IN AXLES
CHECK FLUID LEVEL IN PLANETARY HUBS",1288,NULL,40,NULL,NULL,2703,7f3b0c4b-2cbf-45f4-af0c-c701396d551c
34911,52163,"2026-07-30 13:16:30",1,0,1,"1000 HR SERVICE (GROVE RT890)",1000,NULL,NULL,NULL,NULL,NULL,NULL,NULL,NULL,"SEE EQUIPMENT DETAILS - PARTS TAB OR WRITE IN PARTS USED:
","COMPLETE 500 HR TASKS
CHANGE PLANETARY HUB OIL & DIFFERENTIAL FLUID ON BOTH FRONT & REAR AXLES
CHANGE TRANSMISSION FLUID & FILTER
DRAIN/FILL MAIN HOIST
DRAIN/FILL AUX HOIST",1288,NULL,40,NULL,47032,2593,2db498d1-3e4f-4a33-baa4-8aa42462c008
34912,52163,"2026-07-30 13:16:49",1,0,1,"2000 HR SERVICE (GROVE RT890)",2000,NULL,NULL,NULL,NULL,NULL,NULL,NULL,NULL,"SEE EQUIPMENT DETAILS - PARTS TAB OR WRITE IN PARTS USED:

","COMPLETE 1000 HR TASKS
CHANGE HYD RETURN FILTER & BREATHER
SAMPLE HYD FLUID 
INSPECT/SAMPLE COOLANT
CHECK/REPLACE COOLANT STRAINER",1288,NULL,40,NULL,47033,2641,fbc18e28-40f9-41fc-9fe6-a09b125c2baa
34913,52163,"2026-07-30 13:17:04",1,0,1,"500 HR SERVICE (GROVE RT890)",500,NULL,NULL,NULL,NULL,NULL,NULL,NULL,NULL,"SEE EQUIPMENT DETAILS - PARTS TAB OR WRITE IN PARTS USED:

","CHANGE OIL & FILTER
CHANGE FUEL FILTERS
CHANGE AIR FILTERS
REPLACE TRANSMISSION FILTER
CHECK FLUID LEVEL IN AXLES
CHECK FLUID LEVEL IN PLANETARY HUBS",1288,NULL,40,NULL,47034,2704,a52be615-3702-401f-aa3b-f9bc30ed1f2b
35330,52164,"2026-07-30 19:12:17",1,0,1,"1000 HR SERVICE (SKIDSTEER)",1000,NULL,NULL,NULL,NULL,NULL,NULL,NULL,NULL,"SEE EQUIPMENT DETAILS - PARTS TAB OR WRITE IN PARTS USED:","PERFORM ALL 500 HR TASKS
REPLACE HYDRAULIC RETURN FILTER
REPLACE CASE DRAIN FILTER
INSPECT LOADER LINKAGE
INSPECT CYLINDERS
INSPECT UNDERCARRIAGE WEAR
CHECK HYDRAULIC PRESSURES
PERFORM DIAGNOSTIC SCAN
",1288,NULL,40,NULL,NULL,2613,0e397f8e-7ded-4453-88ad-e7ad172309bd
35365,52164,"2026-07-30 19:13:08",1,0,1,"2000 HR SERVICE (SKIDSTEER)",2000,NULL,NULL,NULL,NULL,NULL,NULL,NULL,NULL,"SEE EQUIPMENT DETAILS - PARTS TAB OR WRITE IN PARTS USED:","PERFORM ALL 1000 HR TASKS
SAMPLE HYDRAULIC OIL
REPLACE COOLANT
INSPECT HYDRAULIC PUMPS
INSPECT FINAL DRIVES
INSPECT TURBOCHARGER
",1288,NULL,40,NULL,NULL,2657,7f06cfce-a980-41cb-afe8-33067eb52514
35400,52164,"2026-07-30 19:14:00",1,0,1,"500 HR SERVICE (SKIDSTEER)",500,NULL,NULL,NULL,NULL,NULL,NULL,NULL,NULL,"SEE EQUIPMENT DETAILS - PARTS TAB OR WRITE IN FILTERS USED:","CHANGE ENGINE OIL
REPLACE ENGINE OIL FILTER
REPLACE FUEL FILTERS
DRAIN WATER SEPARATOR
CHECK TRACK TENSION
INSPECT SPROCKETS
INSPECT IDLERS
INSPECT DRIVE MOTORS
INSPECT HYDRAULIC HOSES
GREASE ALL PIVOTS
CHECK FAULT CODES

",1288,NULL,40,NULL,47593,2725,162e2973-5c2b-4615-beda-88841f4c4c37
35329,52165,"2026-07-30 19:12:17",1,0,1,"1000 HR SERVICE (SKIDSTEER)",1000,NULL,NULL,NULL,NULL,NULL,NULL,NULL,NULL,"SEE EQUIPMENT DETAILS - PARTS TAB OR WRITE IN PARTS USED:","PERFORM ALL 500 HR TASKS
REPLACE HYDRAULIC RETURN FILTER
REPLACE CASE DRAIN FILTER
INSPECT LOADER LINKAGE
INSPECT CYLINDERS
INSPECT UNDERCARRIAGE WEAR
CHECK HYDRAULIC PRESSURES
PERFORM DIAGNOSTIC SCAN
",1288,NULL,40,NULL,NULL,2613,9ca194eb-d369-42c9-b112-bdc96a823624
35364,52165,"2026-07-30 19:13:08",1,0,1,"2000 HR SERVICE (SKIDSTEER)",2000,NULL,NULL,NULL,NULL,NULL,NULL,NULL,NULL,"SEE EQUIPMENT DETAILS - PARTS TAB OR WRITE IN PARTS USED:","PERFORM ALL 1000 HR TASKS
SAMPLE HYDRAULIC OIL
REPLACE COOLANT
INSPECT HYDRAULIC PUMPS
INSPECT FINAL DRIVES
INSPECT TURBOCHARGER
",1288,NULL,40,NULL,NULL,2657,ab056469-2191-4665-bfaa-32a0722eaa83
35399,52165,"2026-07-30 19:13:59",1,0,1,"500 HR SERVICE (SKIDSTEER)",500,NULL,NULL,NULL,NULL,NULL,NULL,NULL,NULL,"SEE EQUIPMENT DETAILS - PARTS TAB OR WRITE IN FILTERS USED:","CHANGE ENGINE OIL
REPLACE ENGINE OIL FILTER
REPLACE FUEL FILTERS
DRAIN WATER SEPARATOR
CHECK TRACK TENSION
INSPECT SPROCKETS
INSPECT IDLERS
INSPECT DRIVE MOTORS
INSPECT HYDRAULIC HOSES
GREASE ALL PIVOTS
CHECK FAULT CODES

",1288,NULL,40,NULL,NULL,2725,8cb27f05-f968-4b35-a42b-63b914e5fb88
35327,52167,"2026-07-30 19:12:16",1,0,1,"1000 HR SERVICE (SKIDSTEER)",1000,NULL,NULL,NULL,NULL,NULL,NULL,NULL,NULL,"SEE EQUIPMENT DETAILS - PARTS TAB OR WRITE IN PARTS USED:","PERFORM ALL 500 HR TASKS
REPLACE HYDRAULIC RETURN FILTER
REPLACE CASE DRAIN FILTER
INSPECT LOADER LINKAGE
INSPECT CYLINDERS
INSPECT UNDERCARRIAGE WEAR
CHECK HYDRAULIC PRESSURES
PERFORM DIAGNOSTIC SCAN
",1288,NULL,40,NULL,47563,2613,eb5a682e-16f6-41e2-becb-187bde3481d8
35362,52167,"2026-07-30 19:13:07",1,0,1,"2000 HR SERVICE (SKIDSTEER)",2000,NULL,NULL,NULL,NULL,NULL,NULL,NULL,NULL,"SEE EQUIPMENT DETAILS - PARTS TAB OR WRITE IN PARTS USED:","PERFORM ALL 1000 HR TASKS
SAMPLE HYDRAULIC OIL
REPLACE COOLANT
INSPECT HYDRAULIC PUMPS
INSPECT FINAL DRIVES
INSPECT TURBOCHARGER
",1288,NULL,40,NULL,NULL,2657,707ce54a-b475-4d02-aabf-47e291c85128
35397,52167,"2026-07-30 19:13:58",1,0,1,"500 HR SERVICE (SKIDSTEER)",500,NULL,NULL,NULL,NULL,NULL,NULL,NULL,NULL,"SEE EQUIPMENT DETAILS - PARTS TAB OR WRITE IN FILTERS USED:","CHANGE ENGINE OIL
REPLACE ENGINE OIL FILTER
REPLACE FUEL FILTERS
DRAIN WATER SEPARATOR
CHECK TRACK TENSION
INSPECT SPROCKETS
INSPECT IDLERS
INSPECT DRIVE MOTORS
INSPECT HYDRAULIC HOSES
GREASE ALL PIVOTS
CHECK FAULT CODES

",1288,NULL,40,NULL,47564,2725,b54c199c-69ea-400e-99e7-ece06ec49f61
35246,52168,"2026-07-30 16:36:40",1,0,1,"1000 HR SERVICE (MANITOWOC 11K CRAWLER)",1000,NULL,NULL,NULL,NULL,NULL,NULL,NULL,NULL,"SEE EQUIPMENT DETAILS - PARTS TAB OR WRITE IN PARTS USED:

","INCLUDES ALL 500 HR TASKS
TEST ENGINE COOLANT
CHANGE AIR ELEMENT
REPLACE DRAIN FILTER (CARTRIDGE)
CHANGE SWING REDUCTION OIL
CHANGE WINCH REDUCTION OIL
CHANGE OIL IN POWER DIVIDER
CHANGE OIL IN PROPEL REDUCTION UNIT
INSPECT DRUMS
INSPECT BRAKES
INSPECT SWING DRIVE
INSPECT CRAWLERS
",1288,NULL,40,NULL,47060,2603,363de52a-6ba0-4c88-840f-f82452ca8222
35250,52168,"2026-07-30 16:37:08",1,0,1,"2000 HR SERVICE (MANITOWOC 11K CRAWLER)",2000,NULL,NULL,NULL,NULL,NULL,NULL,NULL,NULL,"SEE EQUIPMENT DETAILS - PARTS TAB OR WRITE IN PARTS USED:

","INCLUDES ALL 1000 HR TASKS
SAMPLE HYDRAULIC OIL
REPLACE COOLANT
INSPECT PLANETARIES
INSPECT GEARBOXES
",1288,NULL,40,NULL,47061,2648,aa87da91-9905-46ad-91b3-39c1de216795
35253,52168,"2026-07-30 16:37:30",1,0,1,"500 HR SERVICE (MANITOWOC 11K CRAWLER)",500,NULL,NULL,NULL,NULL,NULL,NULL,NULL,NULL,"SEE EQUIPMENT DETAILS - PARTS TAB OR WRITE IN PARTS USED:
","CHANGE ENGINE OIL & FILTERS
CHANGE AIR FILTERS
CHANGE FUEL FILTERS
CHANGE HYD FILTERS
CHECK FLUID LEVEL IN PLANETARY HUBS & AXLES
TEST TANK FUEL
INSPECT BOOM
INSPECT PENDANTS
INSPECT WIRE ROPE
CHECK SWING BEARING
GREASE ROTATION POINTS
CHECK LIMIT SWITCHES
",1288,NULL,40,NULL,47062,2715,032b5f22-7262-4d16-a261-86875ee67774
35275,52169,"2026-07-30 16:52:57",1,0,1,"1000 HR SERVICE (MANITOWOC MLC165 CRAWLER)",1000,NULL,NULL,NULL,NULL,NULL,NULL,NULL,NULL,"SEE EQUIPMENT DETAILS - PARTS TAB OR WRITE IN PARTS USED:

","INCLUDES ALL 500 HR TASKS
REPLACE PILOT OIL PRESSURE FILTER ELEMENT
REPLACE HYD RETURN FILTERS (3)
INSPECT & CLEAN SUCTION STRAINER INSIDE TANK
CHANGE TRANSMISSION FILTER
SAMPLE ENGINE COOLANT
SAMPLE HYD OIL
CHANGE AIR ELEMENT
REPLACE DRAIN FILTER (CARTRIDGE)
CHANGE SWING REDUCTION OIL
CHANGE WINCH REDUCTION OIL
CHANGE OIL IN POWER DIVIDER
CHANGE OIL IN PROPEL REDUCTION UNIT
LUBE GREASE POINTS
INSPECT DRUMS
INSPECT BRAKES
INSPECT SWING DRIVE
INSPECT CRAWLERS
INSPECT PUMP DRIVE
INSPECT CRAWLER GEARBOXES
INSPECT SWING GEARBOXES
INSPECT DRUM GEARBOXES
INSPECT BOOM HOIST GEARBOX
",1288,NULL,40,NULL,47077,2607,685877e6-cd49-4990-8404-047c46acdde0
35284,52169,"2026-07-30 16:53:34",1,0,1,"2000 HR SERVICE (MANITOWOC MLC165 CRAWLER)",2000,NULL,NULL,NULL,NULL,NULL,NULL,NULL,NULL,"SEE EQUIPMENT DETAILS - PARTS TAB OR WRITE IN PARTS USED:

","INCLUDES ALL 1000 HR TASKS
SAMPLE HYDRAULIC OIL
SAMPLE COOLANT/ CHANGE FILTERS
INSPECT PLANETARIES
INSPECT GEARBOXES/CHANGE OIL
CHANGE FINAL DRIVE OIL IN LEFT & RIGHT CRAWLER TRACK FINAL DRIVES
",1288,NULL,40,NULL,47079,2652,291b3e0d-8abe-4759-9e75-b582dcad0dd7
35293,52169,"2026-07-30 16:54:07",1,0,1,"500 HR SERVICE (MANITOWOC MLC165 CRAWLER)",500,NULL,NULL,NULL,NULL,NULL,NULL,NULL,NULL,"SEE EQUIPMENT DETAILS - PARTS TAB OR WRITE IN PARTS USED:

","CHANGE ENGINE OIL & FILTERS
CHANGE AIR FILTERS
CHANGE FUEL FILTERS
CHANGE HYD FILTERS
CHECK FLUID LEVEL IN PLANETARY HUBS & AXLES
TEST TANK FUEL
INSPECT BOOM
INSPECT PENDANTS
INSPECT WIRE ROPE
CHECK SWING BEARING
GREASE ROTATION POINTS
CHECK LIMIT SWITCHES
",1288,NULL,40,NULL,47078,2719,b7123c84-7f2b-4497-b550-112af9745267
35328,52173,"2026-07-30 19:12:16",1,0,1,"1000 HR SERVICE (SKIDSTEER)",1000,NULL,NULL,NULL,NULL,NULL,NULL,NULL,NULL,"SEE EQUIPMENT DETAILS - PARTS TAB OR WRITE IN PARTS USED:","PERFORM ALL 500 HR TASKS
REPLACE HYDRAULIC RETURN FILTER
REPLACE CASE DRAIN FILTER
INSPECT LOADER LINKAGE
INSPECT CYLINDERS
INSPECT UNDERCARRIAGE WEAR
CHECK HYDRAULIC PRESSURES
PERFORM DIAGNOSTIC SCAN
",1288,NULL,40,NULL,NULL,2613,f4ba67c8-90ef-46e7-b995-f8a27f56dd92
35363,52173,"2026-07-30 19:13:07",1,0,1,"2000 HR SERVICE (SKIDSTEER)",2000,NULL,NULL,NULL,NULL,NULL,NULL,NULL,NULL,"SEE EQUIPMENT DETAILS - PARTS TAB OR WRITE IN PARTS USED:","PERFORM ALL 1000 HR TASKS
SAMPLE HYDRAULIC OIL
REPLACE COOLANT
INSPECT HYDRAULIC PUMPS
INSPECT FINAL DRIVES
INSPECT TURBOCHARGER
",1288,NULL,40,NULL,NULL,2657,04660b17-3a97-4cf2-8c78-8d6cb6bb3e3a
35398,52173,"2026-07-30 19:13:58",1,0,1,"500 HR SERVICE (SKIDSTEER)",500,NULL,NULL,NULL,NULL,NULL,NULL,NULL,NULL,"SEE EQUIPMENT DETAILS - PARTS TAB OR WRITE IN FILTERS USED:","CHANGE ENGINE OIL
REPLACE ENGINE OIL FILTER
REPLACE FUEL FILTERS
DRAIN WATER SEPARATOR
CHECK TRACK TENSION
INSPECT SPROCKETS
INSPECT IDLERS
INSPECT DRIVE MOTORS
INSPECT HYDRAULIC HOSES
GREASE ALL PIVOTS
CHECK FAULT CODES

",1288,NULL,40,NULL,47592,2725,5937b3d2-7b91-42f7-ac9a-cd1d547d8ba1
35333,52175,"2026-07-30 19:12:20",1,0,1,"1000 HR SERVICE (SKIDSTEER)",1000,NULL,NULL,NULL,NULL,NULL,NULL,NULL,NULL,"SEE EQUIPMENT DETAILS - PARTS TAB OR WRITE IN PARTS USED:","PERFORM ALL 500 HR TASKS
REPLACE HYDRAULIC RETURN FILTER
REPLACE CASE DRAIN FILTER
INSPECT LOADER LINKAGE
INSPECT CYLINDERS
INSPECT UNDERCARRIAGE WEAR
CHECK HYDRAULIC PRESSURES
PERFORM DIAGNOSTIC SCAN
",1288,NULL,40,NULL,NULL,2613,932caa87-3b9b-4c29-80f3-e45aa8202467
35368,52175,"2026-07-30 19:13:11",1,0,1,"2000 HR SERVICE (SKIDSTEER)",2000,NULL,NULL,NULL,NULL,NULL,NULL,NULL,NULL,"SEE EQUIPMENT DETAILS - PARTS TAB OR WRITE IN PARTS USED:","PERFORM ALL 1000 HR TASKS
SAMPLE HYDRAULIC OIL
REPLACE COOLANT
INSPECT HYDRAULIC PUMPS
INSPECT FINAL DRIVES
INSPECT TURBOCHARGER
",1288,NULL,40,NULL,NULL,2657,5413bb8e-2691-4952-ad6f-e63d427e55ef
35403,52175,"2026-07-30 19:14:03",1,0,1,"500 HR SERVICE (SKIDSTEER)",500,NULL,NULL,NULL,NULL,NULL,NULL,NULL,NULL,"SEE EQUIPMENT DETAILS - PARTS TAB OR WRITE IN FILTERS USED:","CHANGE ENGINE OIL
REPLACE ENGINE OIL FILTER
REPLACE FUEL FILTERS
DRAIN WATER SEPARATOR
CHECK TRACK TENSION
INSPECT SPROCKETS
INSPECT IDLERS
INSPECT DRIVE MOTORS
INSPECT HYDRAULIC HOSES
GREASE ALL PIVOTS
CHECK FAULT CODES

",1288,NULL,40,NULL,47594,2725,2da6af64-d1d8-45e7-b559-875d318e605f
35343,52178,"2026-07-30 19:12:28",1,0,1,"1000 HR SERVICE (SKIDSTEER)",1000,NULL,NULL,NULL,NULL,NULL,NULL,NULL,NULL,"SEE EQUIPMENT DETAILS - PARTS TAB OR WRITE IN PARTS USED:","PERFORM ALL 500 HR TASKS
REPLACE HYDRAULIC RETURN FILTER
REPLACE CASE DRAIN FILTER
INSPECT LOADER LINKAGE
INSPECT CYLINDERS
INSPECT UNDERCARRIAGE WEAR
CHECK HYDRAULIC PRESSURES
PERFORM DIAGNOSTIC SCAN
",1288,NULL,40,NULL,NULL,2613,20ed273d-bd4d-4592-8d0b-a885022ebb67
35378,52178,"2026-07-30 19:13:18",1,0,1,"2000 HR SERVICE (SKIDSTEER)",2000,NULL,NULL,NULL,NULL,NULL,NULL,NULL,NULL,"SEE EQUIPMENT DETAILS - PARTS TAB OR WRITE IN PARTS USED:","PERFORM ALL 1000 HR TASKS
SAMPLE HYDRAULIC OIL
REPLACE COOLANT
INSPECT HYDRAULIC PUMPS
INSPECT FINAL DRIVES
INSPECT TURBOCHARGER
",1288,NULL,40,NULL,NULL,2657,cd620273-fb0c-438d-964c-aca3fee8bc80
35413,52178,"2026-07-30 19:14:09",1,0,1,"500 HR SERVICE (SKIDSTEER)",500,NULL,NULL,NULL,NULL,NULL,NULL,NULL,NULL,"SEE EQUIPMENT DETAILS - PARTS TAB OR WRITE IN FILTERS USED:","CHANGE ENGINE OIL
REPLACE ENGINE OIL FILTER
REPLACE FUEL FILTERS
DRAIN WATER SEPARATOR
CHECK TRACK TENSION
INSPECT SPROCKETS
INSPECT IDLERS
INSPECT DRIVE MOTORS
INSPECT HYDRAULIC HOSES
GREASE ALL PIVOTS
CHECK FAULT CODES

",1288,NULL,40,NULL,NULL,2725,0662cf5f-b5a7-4103-9b7f-bf8001ede2bd
35222,52179,"2026-07-30 16:27:13",1,0,1,"500 HR SERVICE (MAEDA CC1485S-1)",500,NULL,NULL,NULL,NULL,NULL,NULL,NULL,NULL,"SEE EQUIPMENT DETAILS - PARTS TAB OR WRITE IN PARTS USED:
","CHANGE OIL & FILTER
CHANGE FUEL FILTERS
CHANGE AIR FILTERS
CHECK FLUID LEVEL IN AXLES
CHECK FLUID LEVEL IN PLANETARY HUBS
",1288,NULL,40,NULL,47082,2713,cc5bd539-6fe6-48c1-8112-3c6adaf5c9ef
35223,52179,"2026-07-30 16:27:32",1,0,1,"2000 HR SERVICE (MAEDA CC1485S-1)",2000,NULL,NULL,NULL,NULL,NULL,NULL,NULL,NULL,"SEE EQUIPMENT DETAILS - PARTS TAB OR WRITE IN PARTS USED:
","PERFORM 1000 HR SERVICE +
SAMPLE HYD OIL
CHANGE HYD RETURN FILTER & BREATHER
SAMPLE COOLANT
CHANGE COOLANT STRAINER",1288,NULL,40,NULL,47081,2646,e74bdf6d-95f4-4c68-b209-0d9cd873b57f
35224,52179,"2026-07-30 16:27:47",1,0,1,"1000 HR SERVICE (MAEDA CC1485S-1)",1000,NULL,NULL,NULL,NULL,NULL,NULL,NULL,NULL,"SEE EQUIPMENT DETAILS - PARTS TAB OR WRITE IN PARTS USED:
","PERFORM 500 HR SERVICE +
CHANGE TRANSMISSION FILTER & FLUID
",1288,NULL,40,NULL,47080,2601,1e3d17f5-d790-45f8-aee5-8950a413123d
35255,52181,"2026-07-30 16:38:47",1,0,1,"1000 HR SERVICE (MANITOWOC 2250 CRAWLER)",1000,NULL,NULL,NULL,NULL,NULL,NULL,NULL,NULL,"SEE EQUIPMENT DETAILS - PARTS TAB OR WRITE IN PARTS USED:

","INCLUDES ALL 500 HR TASKS
REPLACE PILOT OIL PRESSURE FILTER ELEMENT
REPLACE HYD RETURN FILTERS (3)
INSPECT & CLEAN SUCTION STRAINER INSIDE TANK
CHANGE TRANSMISSION FILTER
SAMPLE ENGINE COOLANT
SAMPLE HYD OIL
CHANGE AIR ELEMENT
REPLACE DRAIN FILTER (CARTRIDGE)
CHANGE SWING REDUCTION OIL
CHANGE WINCH REDUCTION OIL
CHANGE OIL IN POWER DIVIDER
CHANGE OIL IN PROPEL REDUCTION UNIT
LUBE GREASE POINTS
INSPECT DRUMS
INSPECT BRAKES
INSPECT SWING DRIVE
INSPECT CRAWLERS
INSPECT PUMP DRIVE
INSPECT CRAWLER GEARBOXES
INSPECT SWING GEARBOXES
INSPECT DRUM GEARBOXES
INSPECT BOOM HOIST GEARBOX",1288,NULL,40,NULL,47088,2604,01497bd5-e61f-417f-b62a-0b3498d941cf
35258,52181,"2026-07-30 16:39:30",1,0,1,"2000 HR SERVICE (MANITOWOC 2250 CRAWLER)",2000,NULL,NULL,NULL,NULL,NULL,NULL,NULL,NULL,"SEE EQUIPMENT DETAILS - PARTS TAB OR WRITE IN PARTS USED:

","INCLUDES ALL 1000 HR TASKS
SAMPLE HYDRAULIC OIL
SAMPLE COOLANT/ CHANGE FILTERS
INSPECT PLANETARIES
INSPECT GEARBOXES/CHANGE OIL
CHANGE FINAL DRIVE OIL IN LEFT & RIGHT CRAWLER TRACK FINAL DRIVES",1288,NULL,40,NULL,47086,2649,fbe265ea-c305-4df8-9dc4-8e2a6fef4c2e
35261,52181,"2026-07-30 16:45:21",1,0,1,"500 HR SERVICE (MANITOWOC 2250 CRAWLER)",500,NULL,NULL,NULL,NULL,NULL,NULL,NULL,NULL,"SEE EQUIPMENT DETAILS - PARTS TAB OR WRITE IN PARTS USED:

","CHANGE ENGINE OIL & FILTERS
CHANGE AIR FILTERS
CHANGE FUEL FILTERS
CHANGE HYD FILTERS
CHECK FLUID LEVEL IN PLANETARY HUBS & AXLES
TEST TANK FUEL
INSPECT BOOM
INSPECT PENDANTS
INSPECT WIRE ROPE
CHECK SWING BEARING
GREASE ROTATION POINTS
CHECK LIMIT SWITCHES
",1288,NULL,40,NULL,47087,2716,5cad867c-fc11-40c2-8c26-bbe9b7a6dd43
35273,52184,"2026-07-30 16:52:56",1,0,1,"1000 HR SERVICE (MANITOWOC MLC165 CRAWLER)",1000,NULL,NULL,NULL,NULL,NULL,NULL,NULL,NULL,"SEE EQUIPMENT DETAILS - PARTS TAB OR WRITE IN PARTS USED:

","INCLUDES ALL 500 HR TASKS
REPLACE PILOT OIL PRESSURE FILTER ELEMENT
REPLACE HYD RETURN FILTERS (3)
INSPECT & CLEAN SUCTION STRAINER INSIDE TANK
CHANGE TRANSMISSION FILTER
SAMPLE ENGINE COOLANT
SAMPLE HYD OIL
CHANGE AIR ELEMENT
REPLACE DRAIN FILTER (CARTRIDGE)
CHANGE SWING REDUCTION OIL
CHANGE WINCH REDUCTION OIL
CHANGE OIL IN POWER DIVIDER
CHANGE OIL IN PROPEL REDUCTION UNIT
LUBE GREASE POINTS
INSPECT DRUMS
INSPECT BRAKES
INSPECT SWING DRIVE
INSPECT CRAWLERS
INSPECT PUMP DRIVE
INSPECT CRAWLER GEARBOXES
INSPECT SWING GEARBOXES
INSPECT DRUM GEARBOXES
INSPECT BOOM HOIST GEARBOX
",1288,NULL,40,NULL,47042,2607,52a27e56-6a33-4a53-9f10-458c6834ddb2
35282,52184,"2026-07-30 16:53:29",1,0,1,"2000 HR SERVICE (MANITOWOC MLC165 CRAWLER)",2000,NULL,NULL,NULL,NULL,NULL,NULL,NULL,NULL,"SEE EQUIPMENT DETAILS - PARTS TAB OR WRITE IN PARTS USED:

","INCLUDES ALL 1000 HR TASKS
SAMPLE HYDRAULIC OIL
SAMPLE COOLANT/ CHANGE FILTERS
INSPECT PLANETARIES
INSPECT GEARBOXES/CHANGE OIL
CHANGE FINAL DRIVE OIL IN LEFT & RIGHT CRAWLER TRACK FINAL DRIVES
",1288,NULL,40,NULL,47040,2652,48af26ac-3aee-42a7-986d-46cd68a161c8
35291,52184,"2026-07-30 16:54:06",1,0,1,"500 HR SERVICE (MANITOWOC MLC165 CRAWLER)",500,NULL,NULL,NULL,NULL,NULL,NULL,NULL,NULL,"SEE EQUIPMENT DETAILS - PARTS TAB OR WRITE IN PARTS USED:

","CHANGE ENGINE OIL & FILTERS
CHANGE AIR FILTERS
CHANGE FUEL FILTERS
CHANGE HYD FILTERS
CHECK FLUID LEVEL IN PLANETARY HUBS & AXLES
TEST TANK FUEL
INSPECT BOOM
INSPECT PENDANTS
INSPECT WIRE ROPE
CHECK SWING BEARING
GREASE ROTATION POINTS
CHECK LIMIT SWITCHES
",1288,NULL,40,NULL,47041,2719,20a39a28-24a4-447a-8259-b08e5957f124
34631,52185,"2026-07-29 20:38:46",1,0,1,"1000 HR SERVICE (COMPACTOR/ROLLER)",1000,NULL,NULL,NULL,NULL,NULL,NULL,NULL,NULL,"SEE EQUIPMENT DETAILS - PARTS TAB OR WRITE IN PARTS USED:","COMPLETE 500 HR SERVICE
REPLACE AIR FILTERS
REPLACE HYDRAULIC FILTERS
CHECK AXLE OIL LEVELSINSPECT DRUM BEARINGS
INSPECT DRIVE SYSTEM
INSPECT VIBRATION COMPONENTS
INSPECT HYDRAULIC HOSES AND CYLINDERS
CHECK COOLING SYSTEM
INSPECT ELECTRICAL SYSTEM
",1288,NULL,40,NULL,NULL,2582,6584d8ad-4321-4398-bd0e-3c1f96696d3f
34642,52185,"2026-07-29 20:41:36",1,0,1,"2000 HR SERVICE (COMPACTOR/ROLLER)",2000,NULL,NULL,NULL,NULL,NULL,NULL,NULL,NULL,"SEE EQUIPMENT DETAILS - PARTS TAB OR WRITE IN PARTS USED:","COMPLETE 1000 HR SERVICE
CHANGE HYDRAULIC OIL
CHANGE AXLE OILS
REPLACE COOLANT
REPLACE ALL FILTERS
INSPECT PINS AND BUSHINGS
INSPECT STRUCTURAL WELDS
INSPECT DRUM MOUNTS
PERFORM COMPLETE SAFETY INSPECTION",1288,NULL,40,NULL,NULL,2631,bb7970ee-5fc9-4377-94f3-7c8c7de1c0a5
34648,52185,"2026-07-29 20:44:18",1,0,1,"500 HR SERVICE (COMPACTOR/ROLLER)",500,NULL,NULL,NULL,NULL,NULL,NULL,NULL,NULL,"SEE EQUIPMENT DETAILS - PARTS TAB OR WRITE IN PARTS USED:","CHANGE ENGINE OIL & FILTER
REPLACE FUEL FILTER(S)
INSPECT AIR FILTER
CHECK HYDRAULIC OIL LEVEL
GREASE ALL FITTINGS
INSPECT DRUM VIBRATION SYSTEM
CHECK SCRAPER BARS
INSPECT DRUM AND FRAME
CHECK BATTERY AND CABLES
INSPECT BELTS AND HOSES
CHECK BRAKES AND STEERING
TEST LIGHTS, ALARMS, AND SAFETY DEVICES",1288,NULL,40,NULL,47598,2691,8900ad42-57eb-46b0-9ff1-b30189e8b891
34551,52186,"2026-07-29 19:34:33",1,0,1,"1000 HR SERVICE (SHUTTLELIFT 5540F CARRY DECK)",1000,NULL,NULL,NULL,NULL,NULL,NULL,NULL,NULL,"SEE EQUIPMENT DETAILS - PARTS TAB OR WRITE IN PARTS USED:

","CHANGE TRANSMISSION FILTER & FLUID
REPLACE HYD FILTERS
CHANGE WINCH GEARBOX LUBRICANT
REPLACE AXLE WHEEL HUB LUBRICANT
",1288,NULL,40,NULL,47102,2612,effb79ea-6d56-4dc3-947c-05161bdfdb8e
34552,52186,"2026-07-29 19:34:46",1,0,1,"2000 HR SERVICE (SHUTTLELIFT 5540F CARRY DECK)",2000,NULL,NULL,NULL,NULL,NULL,NULL,NULL,NULL,"SEE EQUIPMENT DETAILS - PARTS TAB OR WRITE IN PARTS USED:

","CHANGE ENGINE COOLANT
INSPECT SWING MECHANISM
SAMPLE HYD OIL",1288,NULL,40,NULL,47103,2656,15009729-692b-4b62-ace3-fcd572254a89
34553,52186,"2026-07-29 19:35:06",1,0,1,"500 HR SERVICE (SHUTTLELIFT 5540F CARRY DECK)",500,NULL,NULL,NULL,NULL,NULL,NULL,NULL,NULL,"SEE EQUIPMENT DETAILS - PARTS TAB OR WRITE IN PARTS USED:

","CHANGE ENGINE OIL & FILTER
CHANGE FUEL FILTERS
CHANGE AIR FILTER
CHANGE HYD FILTERS
REPLACE ENGINE CRANKCASE OIL
",1288,NULL,40,NULL,47100,2724,b0c00bfb-83af-4906-8b5e-224b9b041d46
35274,52187,"2026-07-30 16:52:56",1,0,1,"1000 HR SERVICE (MANITOWOC MLC165 CRAWLER)",1000,NULL,NULL,NULL,NULL,NULL,NULL,NULL,NULL,"SEE EQUIPMENT DETAILS - PARTS TAB OR WRITE IN PARTS USED:

","INCLUDES ALL 500 HR TASKS
REPLACE PILOT OIL PRESSURE FILTER ELEMENT
REPLACE HYD RETURN FILTERS (3)
INSPECT & CLEAN SUCTION STRAINER INSIDE TANK
CHANGE TRANSMISSION FILTER
SAMPLE ENGINE COOLANT
SAMPLE HYD OIL
CHANGE AIR ELEMENT
REPLACE DRAIN FILTER (CARTRIDGE)
CHANGE SWING REDUCTION OIL
CHANGE WINCH REDUCTION OIL
CHANGE OIL IN POWER DIVIDER
CHANGE OIL IN PROPEL REDUCTION UNIT
LUBE GREASE POINTS
INSPECT DRUMS
INSPECT BRAKES
INSPECT SWING DRIVE
INSPECT CRAWLERS
INSPECT PUMP DRIVE
INSPECT CRAWLER GEARBOXES
INSPECT SWING GEARBOXES
INSPECT DRUM GEARBOXES
INSPECT BOOM HOIST GEARBOX
",1288,NULL,40,NULL,47072,2607,406f1bdf-b64e-4463-b87d-e9598e04628f
35283,52187,"2026-07-30 16:53:33",1,0,1,"2000 HR SERVICE (MANITOWOC MLC165 CRAWLER)",2000,NULL,NULL,NULL,NULL,NULL,NULL,NULL,NULL,"SEE EQUIPMENT DETAILS - PARTS TAB OR WRITE IN PARTS USED:

","INCLUDES ALL 1000 HR TASKS
SAMPLE HYDRAULIC OIL
SAMPLE COOLANT/ CHANGE FILTERS
INSPECT PLANETARIES
INSPECT GEARBOXES/CHANGE OIL
CHANGE FINAL DRIVE OIL IN LEFT & RIGHT CRAWLER TRACK FINAL DRIVES
",1288,NULL,40,NULL,47073,2652,c6e6209a-b3f7-4c30-86c8-8580653f6686
35292,52187,"2026-07-30 16:54:07",1,0,1,"500 HR SERVICE (MANITOWOC MLC165 CRAWLER)",500,NULL,NULL,NULL,NULL,NULL,NULL,NULL,NULL,"SEE EQUIPMENT DETAILS - PARTS TAB OR WRITE IN PARTS USED:

","CHANGE ENGINE OIL & FILTERS
CHANGE AIR FILTERS
CHANGE FUEL FILTERS
CHANGE HYD FILTERS
CHECK FLUID LEVEL IN PLANETARY HUBS & AXLES
TEST TANK FUEL
INSPECT BOOM
INSPECT PENDANTS
INSPECT WIRE ROPE
CHECK SWING BEARING
GREASE ROTATION POINTS
CHECK LIMIT SWITCHES
",1288,NULL,40,NULL,47071,2719,f659e594-c328-4858-9494-c990249729b4
34874,52189,"2026-07-30 13:02:57",1,0,1,"1000 HR SERVICE (GROVE RT880 & GRT880)",1000,NULL,NULL,NULL,NULL,NULL,NULL,NULL,NULL,"SEE EQUIPMENT DETAILS - PARTS TAB OR WRITE IN PARTS USED:

","COMPLETE 500 HR TASKS
CHANGE PLANETARY HUB OIL & DIFFERENTIAL FLUID ON BOTH FRONT & REAR AXLES
CHANGE TRANSMISSION FLUID & FILTER
DRAIN/FILL MAIN HOIST
DRAIN/FILL AUX HOIST",1288,NULL,40,NULL,47058,2592,5b530183-1fb2-4d79-b404-e144157d7dd9
34878,52189,"2026-07-30 13:03:13",1,0,1,"2000 HR SERVICE  (GROVE RT880 & GRT880)",2000,NULL,NULL,NULL,NULL,NULL,NULL,NULL,NULL,"SEE EQUIPMENT DETAILS - PARTS TAB OR WRITE IN PARTS USED:

","COMPLETE 1000 HR TASKS
CHANGE HYD RETURN FILTER & BREATHER
SAMPLE HYD FLUID 
INSPECT/SAMPLE COOLANT
CHECK/REPLACE COOLANT STRAINER",1288,NULL,40,NULL,47059,2640,49a04546-c0a1-40ae-828b-0ac195697705
34883,52189,"2026-07-30 13:03:29",1,0,1,"500 HR SERVICE (GROVE RT880 & GRT880)",500,NULL,NULL,NULL,NULL,NULL,NULL,NULL,NULL,"SEE EQUIPMENT DETAILS - PARTS TAB OR WRITE IN PARTS USED:

","CHANGE OIL & FILTER
CHANGE FUEL FILTERS
CHANGE AIR FILTERS
REPLACE TRANSMISSION FILTER
CHECK FLUID LEVEL IN AXLES
CHECK FLUID LEVEL IN PLANETARY HUBS",1288,NULL,40,NULL,47057,2703,e2c9ad91-5513-4a91-b065-b77fddb6be8a
34471,52191,"2026-07-28 03:24:33",1,0,1,"1000 HR SERVICE (TADANO GTC-900 CRAWLER)",1000,NULL,NULL,NULL,NULL,NULL,NULL,NULL,NULL,"SEE EQUIPMENT DETAILS - PARTS TAB OR WRITE IN PARTS USED:","COMPLETE ALL 500 HOUR ITEMS
REPLACE PILOT OIL PRESSURE FILTER ELEMENT
CHANGE HYD RETURN FILTERS
CHANGE SWING DRIVE REDUCER OIL
GREASE SWING DRIVE REDUCER
CHANGE TRACK DRIVE REDUCER OIL
INSPECT & CLEAN ELECTRICAL SLIP RING
CHANGE WINCH OIL
INSPECT A/C & HEATING SYSTEM
TREAT DOOR LOCK & SEAL",1288,NULL,40,NULL,47084,2616,1c185cab-4a94-409b-8ec6-c0150a9be62c
34474,52191,"2026-07-28 03:25:35",1,0,1,"2000 HR SERVICE (TADANO GTC-900 CRAWLER)",2000,NULL,NULL,NULL,NULL,NULL,NULL,NULL,NULL,"SEE EQUIPMENT DETAILS - PARTS TAB OR WRITE IN PARTS USED:","COMPLETE ALL 1000 HOUR ITEMS
SAMPLE ENGINE COOLANT/REPLACE FILTER
SAMPLE HYD OIL
REPLACE ALL HYDRAULIC FILTERS
CLEAN HYDRAULIC TANK BREATHER
CHANGE HOIST GEARBOX OIL
CHECK SWING BEARING CLEARANCE
CHANGE SWING DRIVE OIL
INSPECT SWING MECHANISM
BLEED SWING DRIVE BRAKE
INSPECT SWING DRIVE BRAKE
CHANGE FINAL DRIVE OIL IN LEFT & RIGHT CRAWLER TRACK FINAL DRIVES",1288,NULL,40,NULL,47085,2660,37d4d002-ce53-40b9-9f4b-b36090a4af03
34477,52191,"2026-07-28 03:26:09",1,0,1,"500 HR SERVICE (TADANO GTC-900 CRAWLER)",500,NULL,NULL,NULL,NULL,NULL,NULL,NULL,NULL,"SEE EQUIPMENT DETAILS - PARTS TAB OR WRITE IN PARTS USED:","CHANGE OIL & FILTER
CHANGE FUEL FILTERS
CHANGE AIR FILTERS
INSPECT WINCH OIL LEVEL
INSPECT WINCH DRUM
INSPECT AML RADTED CAPACITY INDICATOR
CHECK FLUID IN PLANETARY HUBS",1288,NULL,40,NULL,47083,2729,57e6d843-0595-4209-addd-9fe85e16a96e
35152,52192,"2026-07-30 16:22:38",1,0,1,"1000 HR SERVICE (LOADER)",1000,NULL,NULL,NULL,NULL,NULL,NULL,NULL,NULL,"SEE EQUIPMENT DETAILS - PARTS TAB OR WRITE IN PARTS USED:","INCLUDES ALL 500 HR TASKS
REPLACE HYDRAULIC RETURN FILTER
REPLACE CASE DRAIN FILTER
INSPECT MAIN HYDRAULIC PUMP
INSPECT AUXILIARY HYDRAULICS
CHECK HYDRAULIC PRESSURES
INSPECT CYLINDER RODS
INSPECT CYLINDER SEALS
INSPECT ENGINE MOUNTS
INSPECT FRAME WELDS
MEASURE UNDERCARRIAGE WEAR
INSPECT TRACK ALIGNMENT OR INSPECT TIRES
CHECK CHARGING SYSTEM
PERFORM DIAGNOSTIC SCAN
",1288,NULL,40,NULL,47247,2600,7ad23ed6-b00c-4e2c-a899-8f0381ba012a
35186,52192,"2026-07-30 16:24:01",1,0,1,"2000 HR SERVICE (LOADER)",2000,NULL,NULL,NULL,NULL,NULL,NULL,NULL,NULL,"SEE EQUIPMENT DETAILS - PARTS TAB OR WRITE IN PARTS USED:","INCLUDES ALL 1000 HR TASKS
SAMPLE HYDRAULIC OIL
REPLACE COOLANT
INSPECT HYDRAULIC PUMPS
INSPECT DRIVE MOTORS
INSPECT FINAL DRIVES
INSPECT TURBOCHARGER
INSPECT INJECTORS
INSPECT AFTERTREATMENT COMPONENTS
INSPECT STRUCTURAL WELDS
HYDRAULIC PERFORMANCE TEST

REVIEW ACTIVE FAULT CODES
",1288,NULL,40,NULL,47246,2645,3f85b631-ea18-4a2e-93a0-8b298296a9c8
35220,52192,"2026-07-30 16:24:49",1,0,1,"500 HR SERVICE (LOADER)",500,NULL,NULL,NULL,NULL,NULL,NULL,NULL,NULL,"SEE EQUIPMENT DETAILS - PARTS TAB OR WRITE IN PARTS USED:","CHANGE ENGINE OIL
REPLACE ENGINE OIL FILTER
REPLACE PRIMARY FUEL FILTER
REPLACE SECONDARY FUEL FILTER
DRAIN WATER SEPARATOR
CHECK COOLANT LEVEL
INSPECT AIR FILTER
INSPECT INTAKE HOSES
INSPECT BELTS
INSPECT BATTERY
CHECK CHARGING SYSTEM

INSPECT HYDRAULIC HOSES
INSPECT HYDRAULIC COUPLERS
INSPECT QUICK ATTACH
INSPECT LIFT ARMS
INSPECT LOADER LINKAGE
INSPECT LIFT CYLINDERS
INSPECT TILT CYLINDERS

INSPECT TRACKS, TRACK TENSION, SPROCKETS, IDLERS / OR TIRES
INSPECT DRIVE MOTORS

GREASE ALL FITTINGS

CHECK LIGHTS
CHECK BACKUP ALARM
CHECK ACTIVE FAULT CODES
",1288,NULL,40,NULL,47248,2712,ff63b39d-51d9-4d44-b675-52ec087de2f0
34725,52193,"2026-07-29 21:15:36",1,0,1,"1000 HR SERVICE (EXCAVATOR)",1000,NULL,NULL,NULL,NULL,NULL,NULL,1000,NULL,"SEE EQUIPMENT DETAILS - PARTS TAB OR WRITE IN PARTS USED:
","INCLUDES ALL 500 HR TASKS, PLUS:
REPLACE HYDRAULIC RETURN FILTER
REPLACE PILOT FILTER
INSPECT PUMPS
INSPECT SWING DRIVE
INSPECT ROLLERS
INSPECT IDLERS
INSPECT TRACK CHAINS
PERFORM DIAGNOSTIC SCAN
",1288,NULL,40,NULL,47599,2585,7eb1d0e0-3b98-43a3-807c-dc657ebf982d
34777,52193,"2026-07-29 21:16:37",1,0,1,"2000 HR SERVICE (EXCAVATOR)",2000,NULL,NULL,NULL,NULL,NULL,NULL,NULL,NULL,"SEE EQUIPMENT DETAILS - PARTS TAB OR WRITE IN PARTS USED:
","INCLUDES ALL 1000 HR TASKS
SAMPLE HYDRAULIC OIL
REPLACE COOLANT
INSPECT MAIN PUMPS
INSPECT SWING GEARBOX
INSPECT TRAVEL GEARBOXES
HYDRAULIC PERFORMANCE TEST
",1288,NULL,40,NULL,NULL,2633,0cba8220-02bc-4f6f-83e7-c2bcdd108ef9
34829,52193,"2026-07-29 21:17:45",1,0,1,"500 HR SERVICE (EXCAVATOR)",500,NULL,NULL,NULL,NULL,NULL,NULL,NULL,NULL,"SEE EQUIPMENT DETAILS - PARTS TAB OR WRITE IN PARTS USED:
","CHANGE ENGINE OIL
REPLACE ENGINE OIL FILTER
REPLACE FUEL FILTERS
REPLACE AIR FILTERS
CHECK ALL FLUIDS
GREASE BOOM PINS & BUSHINGS
GREASE STICK PINS
GREASE BUCKET PINS
GREASE SWING BEARING
INSPECT TIRES/TRACKS
INSPECT CYLINDERS
INSPECT UNDERCARRIAGE
INSPECT/CHANGE FINAL DRIVES
CHECK FAULT CODES
RESET SERVICE METER
",1288,NULL,40,NULL,47600,2694,4970f56d-c39c-4c09-b012-63c262f8641f
35342,52194,"2026-07-30 19:12:27",1,0,1,"1000 HR SERVICE (SKIDSTEER)",1000,NULL,NULL,NULL,NULL,NULL,NULL,NULL,NULL,"SEE EQUIPMENT DETAILS - PARTS TAB OR WRITE IN PARTS USED:","PERFORM ALL 500 HR TASKS
REPLACE HYDRAULIC RETURN FILTER
REPLACE CASE DRAIN FILTER
INSPECT LOADER LINKAGE
INSPECT CYLINDERS
INSPECT UNDERCARRIAGE WEAR
CHECK HYDRAULIC PRESSURES
PERFORM DIAGNOSTIC SCAN
",1288,NULL,40,NULL,47590,2613,e4ffd4a4-d63d-43a2-a79a-2465814cb7e5
35377,52194,"2026-07-30 19:13:18",1,0,1,"2000 HR SERVICE (SKIDSTEER)",2000,NULL,NULL,NULL,NULL,NULL,NULL,NULL,NULL,"SEE EQUIPMENT DETAILS - PARTS TAB OR WRITE IN PARTS USED:","PERFORM ALL 1000 HR TASKS
SAMPLE HYDRAULIC OIL
REPLACE COOLANT
INSPECT HYDRAULIC PUMPS
INSPECT FINAL DRIVES
INSPECT TURBOCHARGER
",1288,NULL,40,NULL,NULL,2657,0491cd6d-0c58-4a05-b991-3a8156f80bfc
35412,52194,"2026-07-30 19:14:09",1,0,1,"500 HR SERVICE (SKIDSTEER)",500,NULL,NULL,NULL,NULL,NULL,NULL,NULL,NULL,"SEE EQUIPMENT DETAILS - PARTS TAB OR WRITE IN FILTERS USED:","CHANGE ENGINE OIL
REPLACE ENGINE OIL FILTER
REPLACE FUEL FILTERS
DRAIN WATER SEPARATOR
CHECK TRACK TENSION
INSPECT SPROCKETS
INSPECT IDLERS
INSPECT DRIVE MOTORS
INSPECT HYDRAULIC HOSES
GREASE ALL PIVOTS
CHECK FAULT CODES

",1288,NULL,40,NULL,47591,2725,adcffd76-ef6c-4521-b657-217c68335e5f
36983,52194,"2026-08-06 20:00:06",1,1,0,"SOS - RESAMPLE IN 250 HRS",250,NULL,NULL,NULL,NULL,NULL,NULL,NULL,NULL,,,16222,NULL,40,NULL,47760,2788,723cd8c2-a8fb-4f7d-b5e4-18151292d71f
36990,52194,"2026-08-06 21:16:25",4,1,0,"SOS - RESAMPLE IN 250 HRS (5681)",250,NULL,NULL,NULL,NULL,NULL,NULL,1282,NULL,,"SOS - ENGINE - MC - 07/30/26 @ 1032 HRS -  RESULTS TO RESAMPLE IN 250 HRS",16222,NULL,40,NULL,NULL,2788,9c6c6c63-d553-42bc-86d2-776d06bff1fa
36991,52194,"2026-08-06 21:49:24",4,0,1,"SOS – RESAMPLE IN 250 HRS (#5681) @ 1282 HRS",NULL,NULL,NULL,NULL,NULL,NULL,NULL,1282,NULL,,"SOS - RESAMPLE IN 250 HRS @ 1282 HRS",16222,NULL,40,NULL,NULL,NULL,f4a0bd0c-3ae0-4424-ae21-db2089f90164
34739,52195,"2026-07-29 21:15:47",1,0,1,"1000 HR SERVICE (EXCAVATOR)",1000,NULL,NULL,NULL,NULL,NULL,NULL,1000,NULL,"SEE EQUIPMENT DETAILS - PARTS TAB OR WRITE IN PARTS USED:
","INCLUDES ALL 500 HR TASKS, PLUS:
REPLACE HYDRAULIC RETURN FILTER
REPLACE PILOT FILTER
INSPECT PUMPS
INSPECT SWING DRIVE
INSPECT ROLLERS
INSPECT IDLERS
INSPECT TRACK CHAINS
PERFORM DIAGNOSTIC SCAN
",1288,NULL,40,NULL,47597,2585,d912e7fa-c9a1-4a4d-a0df-6c15b2c09f7d
34791,52195,"2026-07-29 21:16:49",1,0,1,"2000 HR SERVICE (EXCAVATOR)",2000,NULL,NULL,NULL,NULL,NULL,NULL,NULL,NULL,"SEE EQUIPMENT DETAILS - PARTS TAB OR WRITE IN PARTS USED:
","INCLUDES ALL 1000 HR TASKS
SAMPLE HYDRAULIC OIL
REPLACE COOLANT
INSPECT MAIN PUMPS
INSPECT SWING GEARBOX
INSPECT TRAVEL GEARBOXES
HYDRAULIC PERFORMANCE TEST
",1288,NULL,40,NULL,NULL,2633,53498fbb-7d6b-4c6f-a5fe-56bfc1ccffb9
34843,52195,"2026-07-29 21:17:55",1,0,1,"500 HR SERVICE (EXCAVATOR)",500,NULL,NULL,NULL,NULL,NULL,NULL,NULL,NULL,"SEE EQUIPMENT DETAILS - PARTS TAB OR WRITE IN PARTS USED:
","CHANGE ENGINE OIL
REPLACE ENGINE OIL FILTER
REPLACE FUEL FILTERS
REPLACE AIR FILTERS
CHECK ALL FLUIDS
GREASE BOOM PINS & BUSHINGS
GREASE STICK PINS
GREASE BUCKET PINS
GREASE SWING BEARING
INSPECT TIRES/TRACKS
INSPECT CYLINDERS
INSPECT UNDERCARRIAGE
INSPECT/CHANGE FINAL DRIVES
CHECK FAULT CODES
RESET SERVICE METER
",1288,NULL,40,NULL,47596,2694,76456a72-1c91-450a-b172-a2490734fc27
34661,52198,"2026-07-29 20:47:48",1,0,1,"1000 HR SERVICE (DOZER)",1000,NULL,NULL,NULL,NULL,NULL,NULL,NULL,NULL,"SEE EQUIPMENT DETAILS - PARTS TAB OR WRITE IN PARTS USED:
","COMPLETE 500 HR SERVICE
REPLACE AIR FILTERS
REPLACE HYDRAULIC FILTERS
CHECK FINAL DRIVE OIL
INSPECT ROLLERS, IDLERS, AND SPROCKETS
INSPECT UNDERCARRIAGE WEAR
CHECK COOLING SYSTEM
INSPECT STEERING AND BRAKES
INSPECT ELECTRICAL SYSTEM",1288,NULL,40,NULL,NULL,2583,57eaaf12-8086-4005-ae06-b0be8b720019
34672,52198,"2026-07-29 20:49:34",1,0,1,"2000 HR SERVICE (DOZER)",2000,NULL,NULL,NULL,NULL,NULL,NULL,NULL,NULL,"SEE EQUIPMENT DETAILS - PARTS TAB OR WRITE IN PARTS USED:
","COMPLETE 1000 HR SERVICE
SAMPLE HYDRAULIC OIL
CHANGE FINAL DRIVE OIL
REPLACE COOLANT
REPLACE ALL FILTERS
INSPECT PUSH ARMS
INSPECT PINS AND BUSHINGS
INSPECT FRAME AND WELDS
COMPLETE SAFETY INSPECTION",1288,NULL,40,NULL,NULL,2632,bcd5e1eb-1d8d-4892-a3c0-20f610b46a18
34685,52198,"2026-07-29 20:55:33",1,0,1,"500 HR SERVICE (DOZER)",500,NULL,NULL,NULL,NULL,NULL,NULL,NULL,NULL,"SEE EQUIPMENT DETAILS - PARTS TAB OR WRITE IN PARTS USED:
","CHANGE ENGINE OIL & FILTER
REPLACE FUEL FILTER(S)
INSPECT AIR FILTER
CHECK HYDRAULIC OIL LEVEL
GREASE ALL FITTINGS
INSPECT TRACKS AND PADS
CHECK TRACK TENSION
INSPECT CUTTING EDGE
INSPECT HOSES AND CYLINDERS
CHECK BATTERY
TEST LIGHTS AND SAFETY DEVICES
",1288,NULL,40,NULL,47595,2692,20ad5fbc-356d-40f6-8ec9-8093803c19b4
34718,52200,"2026-07-29 21:15:30",1,0,1,"1000 HR SERVICE (EXCAVATOR)",1000,NULL,NULL,NULL,NULL,NULL,NULL,1000,NULL,"SEE EQUIPMENT DETAILS - PARTS TAB OR WRITE IN PARTS USED:
","INCLUDES ALL 500 HR TASKS, PLUS:
REPLACE HYDRAULIC RETURN FILTER
REPLACE PILOT FILTER
INSPECT PUMPS
INSPECT SWING DRIVE
INSPECT ROLLERS
INSPECT IDLERS
INSPECT TRACK CHAINS
PERFORM DIAGNOSTIC SCAN
",1288,NULL,40,NULL,NULL,2585,f3962f5b-fb13-49fa-b328-43ae2c8bfa03
34770,52200,"2026-07-29 21:16:32",1,0,1,"2000 HR SERVICE (EXCAVATOR)",2000,NULL,NULL,NULL,NULL,NULL,NULL,NULL,NULL,"SEE EQUIPMENT DETAILS - PARTS TAB OR WRITE IN PARTS USED:
","INCLUDES ALL 1000 HR TASKS
SAMPLE HYDRAULIC OIL
REPLACE COOLANT
INSPECT MAIN PUMPS
INSPECT SWING GEARBOX
INSPECT TRAVEL GEARBOXES
HYDRAULIC PERFORMANCE TEST
",1288,NULL,40,NULL,NULL,2633,0bd19c8c-3cef-4e7e-b544-1295224eb224
34822,52200,"2026-07-29 21:17:41",1,0,1,"500 HR SERVICE (EXCAVATOR)",500,NULL,NULL,NULL,NULL,NULL,NULL,NULL,NULL,"SEE EQUIPMENT DETAILS - PARTS TAB OR WRITE IN PARTS USED:
","CHANGE ENGINE OIL
REPLACE ENGINE OIL FILTER
REPLACE FUEL FILTERS
REPLACE AIR FILTERS
CHECK ALL FLUIDS
GREASE BOOM PINS & BUSHINGS
GREASE STICK PINS
GREASE BUCKET PINS
GREASE SWING BEARING
INSPECT TIRES/TRACKS
INSPECT CYLINDERS
INSPECT UNDERCARRIAGE
INSPECT/CHANGE FINAL DRIVES
CHECK FAULT CODES
RESET SERVICE METER
",1288,NULL,40,NULL,NULL,2694,a4d58b0a-11d7-470e-a45a-236d605d71f4
35147,52202,"2026-07-30 16:22:35",1,0,1,"1000 HR SERVICE (LOADER)",1000,NULL,NULL,NULL,NULL,NULL,NULL,NULL,NULL,"SEE EQUIPMENT DETAILS - PARTS TAB OR WRITE IN PARTS USED:","INCLUDES ALL 500 HR TASKS
REPLACE HYDRAULIC RETURN FILTER
REPLACE CASE DRAIN FILTER
INSPECT MAIN HYDRAULIC PUMP
INSPECT AUXILIARY HYDRAULICS
CHECK HYDRAULIC PRESSURES
INSPECT CYLINDER RODS
INSPECT CYLINDER SEALS
INSPECT ENGINE MOUNTS
INSPECT FRAME WELDS
MEASURE UNDERCARRIAGE WEAR
INSPECT TRACK ALIGNMENT OR INSPECT TIRES
CHECK CHARGING SYSTEM
PERFORM DIAGNOSTIC SCAN
",1288,NULL,40,NULL,47287,2600,e746d2fa-0c93-4464-9d6d-1818f8faa3bc
35181,52202,"2026-07-30 16:23:57",1,0,1,"2000 HR SERVICE (LOADER)",2000,NULL,NULL,NULL,NULL,NULL,NULL,NULL,NULL,"SEE EQUIPMENT DETAILS - PARTS TAB OR WRITE IN PARTS USED:","INCLUDES ALL 1000 HR TASKS
SAMPLE HYDRAULIC OIL
REPLACE COOLANT
INSPECT HYDRAULIC PUMPS
INSPECT DRIVE MOTORS
INSPECT FINAL DRIVES
INSPECT TURBOCHARGER
INSPECT INJECTORS
INSPECT AFTERTREATMENT COMPONENTS
INSPECT STRUCTURAL WELDS
HYDRAULIC PERFORMANCE TEST

REVIEW ACTIVE FAULT CODES
",1288,NULL,40,NULL,47288,2645,b6784fa2-c337-4f80-8456-ee71b5a1814a
35215,52202,"2026-07-30 16:24:46",1,0,1,"500 HR SERVICE (LOADER)",500,NULL,NULL,NULL,NULL,NULL,NULL,NULL,NULL,"SEE EQUIPMENT DETAILS - PARTS TAB OR WRITE IN PARTS USED:","CHANGE ENGINE OIL
REPLACE ENGINE OIL FILTER
REPLACE PRIMARY FUEL FILTER
REPLACE SECONDARY FUEL FILTER
DRAIN WATER SEPARATOR
CHECK COOLANT LEVEL
INSPECT AIR FILTER
INSPECT INTAKE HOSES
INSPECT BELTS
INSPECT BATTERY
CHECK CHARGING SYSTEM

INSPECT HYDRAULIC HOSES
INSPECT HYDRAULIC COUPLERS
INSPECT QUICK ATTACH
INSPECT LIFT ARMS
INSPECT LOADER LINKAGE
INSPECT LIFT CYLINDERS
INSPECT TILT CYLINDERS

INSPECT TRACKS, TRACK TENSION, SPROCKETS, IDLERS / OR TIRES
INSPECT DRIVE MOTORS

GREASE ALL FITTINGS

CHECK LIGHTS
CHECK BACKUP ALARM
CHECK ACTIVE FAULT CODES
",1288,NULL,40,NULL,47286,2712,83562f32-c92c-4ee4-bdd6-4d8ea6add75c
35279,52204,"2026-07-30 16:52:59",1,0,1,"1000 HR SERVICE (MANITOWOC MLC165 CRAWLER)",1000,NULL,NULL,NULL,NULL,NULL,NULL,NULL,NULL,"SEE EQUIPMENT DETAILS - PARTS TAB OR WRITE IN PARTS USED:

","INCLUDES ALL 500 HR TASKS
REPLACE PILOT OIL PRESSURE FILTER ELEMENT
REPLACE HYD RETURN FILTERS (3)
INSPECT & CLEAN SUCTION STRAINER INSIDE TANK
CHANGE TRANSMISSION FILTER
SAMPLE ENGINE COOLANT
SAMPLE HYD OIL
CHANGE AIR ELEMENT
REPLACE DRAIN FILTER (CARTRIDGE)
CHANGE SWING REDUCTION OIL
CHANGE WINCH REDUCTION OIL
CHANGE OIL IN POWER DIVIDER
CHANGE OIL IN PROPEL REDUCTION UNIT
LUBE GREASE POINTS
INSPECT DRUMS
INSPECT BRAKES
INSPECT SWING DRIVE
INSPECT CRAWLERS
INSPECT PUMP DRIVE
INSPECT CRAWLER GEARBOXES
INSPECT SWING GEARBOXES
INSPECT DRUM GEARBOXES
INSPECT BOOM HOIST GEARBOX
",1288,NULL,40,NULL,47114,2607,a81bfebc-9000-43a8-9941-fea27bcc2487
35288,52204,"2026-07-30 16:53:36",1,0,1,"2000 HR SERVICE (MANITOWOC MLC165 CRAWLER)",2000,NULL,NULL,NULL,NULL,NULL,NULL,NULL,NULL,"SEE EQUIPMENT DETAILS - PARTS TAB OR WRITE IN PARTS USED:

","INCLUDES ALL 1000 HR TASKS
SAMPLE HYDRAULIC OIL
SAMPLE COOLANT/ CHANGE FILTERS
INSPECT PLANETARIES
INSPECT GEARBOXES/CHANGE OIL
CHANGE FINAL DRIVE OIL IN LEFT & RIGHT CRAWLER TRACK FINAL DRIVES
",1288,NULL,40,NULL,47115,2652,eec0cdb4-155f-44d6-80a1-cd26b66bef99
35297,52204,"2026-07-30 16:54:09",1,0,1,"500 HR SERVICE (MANITOWOC MLC165 CRAWLER)",500,NULL,NULL,NULL,NULL,NULL,NULL,NULL,NULL,"SEE EQUIPMENT DETAILS - PARTS TAB OR WRITE IN PARTS USED:

","CHANGE ENGINE OIL & FILTERS
CHANGE AIR FILTERS
CHANGE FUEL FILTERS
CHANGE HYD FILTERS
CHECK FLUID LEVEL IN PLANETARY HUBS & AXLES
TEST TANK FUEL
INSPECT BOOM
INSPECT PENDANTS
INSPECT WIRE ROPE
CHECK SWING BEARING
GREASE ROTATION POINTS
CHECK LIMIT SWITCHES
",1288,NULL,40,NULL,47113,2719,fc9dd6fc-53a1-4d8a-9b65-fa4661c8fbc2
35281,52205,"2026-07-30 16:53:01",1,0,1,"1000 HR SERVICE (MANITOWOC MLC165 CRAWLER)",1000,NULL,NULL,NULL,NULL,NULL,NULL,NULL,NULL,"SEE EQUIPMENT DETAILS - PARTS TAB OR WRITE IN PARTS USED:

","INCLUDES ALL 500 HR TASKS
REPLACE PILOT OIL PRESSURE FILTER ELEMENT
REPLACE HYD RETURN FILTERS (3)
INSPECT & CLEAN SUCTION STRAINER INSIDE TANK
CHANGE TRANSMISSION FILTER
SAMPLE ENGINE COOLANT
SAMPLE HYD OIL
CHANGE AIR ELEMENT
REPLACE DRAIN FILTER (CARTRIDGE)
CHANGE SWING REDUCTION OIL
CHANGE WINCH REDUCTION OIL
CHANGE OIL IN POWER DIVIDER
CHANGE OIL IN PROPEL REDUCTION UNIT
LUBE GREASE POINTS
INSPECT DRUMS
INSPECT BRAKES
INSPECT SWING DRIVE
INSPECT CRAWLERS
INSPECT PUMP DRIVE
INSPECT CRAWLER GEARBOXES
INSPECT SWING GEARBOXES
INSPECT DRUM GEARBOXES
INSPECT BOOM HOIST GEARBOX
",1288,NULL,40,NULL,47119,2607,c7028d29-aa43-4b0b-ad28-c4b58b603cc2
35290,52205,"2026-07-30 16:53:37",1,0,1,"2000 HR SERVICE (MANITOWOC MLC165 CRAWLER)",2000,NULL,NULL,NULL,NULL,NULL,NULL,NULL,NULL,"SEE EQUIPMENT DETAILS - PARTS TAB OR WRITE IN PARTS USED:

","INCLUDES ALL 1000 HR TASKS
SAMPLE HYDRAULIC OIL
SAMPLE COOLANT/ CHANGE FILTERS
INSPECT PLANETARIES
INSPECT GEARBOXES/CHANGE OIL
CHANGE FINAL DRIVE OIL IN LEFT & RIGHT CRAWLER TRACK FINAL DRIVES
",1288,NULL,40,NULL,47118,2652,f0de09e2-0019-43cc-9e09-f86ea3cde109
35299,52205,"2026-07-30 16:54:09",1,0,1,"500 HR SERVICE (MANITOWOC MLC165 CRAWLER)",500,NULL,NULL,NULL,NULL,NULL,NULL,NULL,NULL,"SEE EQUIPMENT DETAILS - PARTS TAB OR WRITE IN PARTS USED:

","CHANGE ENGINE OIL & FILTERS
CHANGE AIR FILTERS
CHANGE FUEL FILTERS
CHANGE HYD FILTERS
CHECK FLUID LEVEL IN PLANETARY HUBS & AXLES
TEST TANK FUEL
INSPECT BOOM
INSPECT PENDANTS
INSPECT WIRE ROPE
CHECK SWING BEARING
GREASE ROTATION POINTS
CHECK LIMIT SWITCHES
",1288,NULL,40,NULL,47120,2719,712d66c2-a771-4b44-9c06-8b026a65ab26
35267,52206,"2026-07-30 16:49:49",1,0,1,"1000 HR SERVICE (MANITOWOC MLC100 CRAWLER)",1000,NULL,NULL,NULL,NULL,NULL,NULL,NULL,NULL,"SEE EQUIPMENT DETAILS - PARTS TAB OR WRITE IN PARTS USED:

","INCLUDES ALL 500 HR TASKS
REPLACE PILOT OIL PRESSURE FILTER ELEMENT
REPLACE HYD RETURN FILTERS (3)
INSPECT & CLEAN SUCTION STRAINER INSIDE TANK
CHANGE TRANSMISSION FILTER
SAMPLE ENGINE COOLANT
SAMPLE HYD OIL
CHANGE AIR ELEMENT
REPLACE DRAIN FILTER (CARTRIDGE)
CHANGE SWING REDUCTION OIL
CHANGE WINCH REDUCTION OIL
CHANGE OIL IN POWER DIVIDER
CHANGE OIL IN PROPEL REDUCTION UNIT
LUBE GREASE POINTS
INSPECT DRUMS
INSPECT BRAKES
INSPECT SWING DRIVE
INSPECT CRAWLERS
INSPECT PUMP DRIVE
INSPECT CRAWLER GEARBOXES
INSPECT SWING GEARBOXES
INSPECT DRUM GEARBOXES
INSPECT BOOM HOIST GEARBOX
",1288,NULL,40,NULL,47405,2606,9e31b780-a078-41b2-919c-c4c05389f31d
35269,52206,"2026-07-30 16:50:20",1,0,1,"2000 HR SERVICE (MANITOWOC MLC100 CRAWLER)",2000,NULL,NULL,NULL,NULL,NULL,NULL,NULL,NULL,"SEE EQUIPMENT DETAILS - PARTS TAB OR WRITE IN PARTS USED:
","INCLUDES ALL 1000 HR TASKS
SAMPLE HYDRAULIC OIL
SAMPLE COOLANT/ CHANGE FILTERS
INSPECT PLANETARIES
INSPECT GEARBOXES/CHANGE OIL
CHANGE FINAL DRIVE OIL IN LEFT & RIGHT CRAWLER TRACK FINAL DRIVES",1288,NULL,40,NULL,47406,2651,319ceca2-1f01-4486-8193-7c6e9450da6c
35271,52206,"2026-07-30 16:50:50",1,0,1,"500 HR SERVICE (MANITOWOC MLC100 CRAWLER)",500,NULL,NULL,NULL,NULL,NULL,NULL,NULL,NULL,"SEE EQUIPMENT DETAILS - PARTS TAB OR WRITE IN PARTS USED:

","CHANGE ENGINE OIL & FILTERS
CHANGE AIR FILTERS
CHANGE FUEL FILTERS
CHANGE HYD FILTERS
CHECK FLUID LEVEL IN PLANETARY HUBS & AXLES
TEST TANK FUEL
INSPECT BOOM
INSPECT PENDANTS
INSPECT WIRE ROPE
CHECK SWING BEARING
GREASE ROTATION POINTS
CHECK LIMIT SWITCHES",1288,NULL,40,NULL,47404,2718,2381dc7d-c498-493d-8f98-b22f2ae48a73
35247,52207,"2026-07-30 16:36:42",1,0,1,"1000 HR SERVICE (MANITOWOC 11K CRAWLER)",1000,NULL,NULL,NULL,NULL,NULL,NULL,NULL,NULL,"SEE EQUIPMENT DETAILS - PARTS TAB OR WRITE IN PARTS USED:

","INCLUDES ALL 500 HR TASKS
TEST ENGINE COOLANT
CHANGE AIR ELEMENT
REPLACE DRAIN FILTER (CARTRIDGE)
CHANGE SWING REDUCTION OIL
CHANGE WINCH REDUCTION OIL
CHANGE OIL IN POWER DIVIDER
CHANGE OIL IN PROPEL REDUCTION UNIT
INSPECT DRUMS
INSPECT BRAKES
INSPECT SWING DRIVE
INSPECT CRAWLERS
",1288,NULL,40,NULL,47063,2603,68a704b7-33b1-43cd-ae3f-bd9e747e991c
35251,52207,"2026-07-30 16:37:09",1,0,1,"2000 HR SERVICE (MANITOWOC 11K CRAWLER)",2000,NULL,NULL,NULL,NULL,NULL,NULL,NULL,NULL,"SEE EQUIPMENT DETAILS - PARTS TAB OR WRITE IN PARTS USED:

","INCLUDES ALL 1000 HR TASKS
SAMPLE HYDRAULIC OIL
REPLACE COOLANT
INSPECT PLANETARIES
INSPECT GEARBOXES
",1288,NULL,40,NULL,47064,2648,cdf14820-0190-42b5-afc9-4ba92b66f8aa
35254,52207,"2026-07-30 16:37:31",1,0,1,"500 HR SERVICE (MANITOWOC 11K CRAWLER)",500,NULL,NULL,NULL,NULL,NULL,NULL,NULL,NULL,"SEE EQUIPMENT DETAILS - PARTS TAB OR WRITE IN PARTS USED:
","CHANGE ENGINE OIL & FILTERS
CHANGE AIR FILTERS
CHANGE FUEL FILTERS
CHANGE HYD FILTERS
CHECK FLUID LEVEL IN PLANETARY HUBS & AXLES
TEST TANK FUEL
INSPECT BOOM
INSPECT PENDANTS
INSPECT WIRE ROPE
CHECK SWING BEARING
GREASE ROTATION POINTS
CHECK LIMIT SWITCHES
",1288,NULL,40,NULL,47065,2715,c0b0bb70-c414-4745-bfed-342b5a7b5fed
35145,52210,"2026-07-30 16:22:33",1,0,1,"1000 HR SERVICE (LOADER)",1000,NULL,NULL,NULL,NULL,NULL,NULL,NULL,NULL,"SEE EQUIPMENT DETAILS - PARTS TAB OR WRITE IN PARTS USED:","INCLUDES ALL 500 HR TASKS
REPLACE HYDRAULIC RETURN FILTER
REPLACE CASE DRAIN FILTER
INSPECT MAIN HYDRAULIC PUMP
INSPECT AUXILIARY HYDRAULICS
CHECK HYDRAULIC PRESSURES
INSPECT CYLINDER RODS
INSPECT CYLINDER SEALS
INSPECT ENGINE MOUNTS
INSPECT FRAME WELDS
MEASURE UNDERCARRIAGE WEAR
INSPECT TRACK ALIGNMENT OR INSPECT TIRES
CHECK CHARGING SYSTEM
PERFORM DIAGNOSTIC SCAN
",1288,NULL,40,NULL,47299,2600,1c0aa2ea-4923-427c-af3e-d1ab0ae3be2c
35179,52210,"2026-07-30 16:23:56",1,0,1,"2000 HR SERVICE (LOADER)",2000,NULL,NULL,NULL,NULL,NULL,NULL,NULL,NULL,"SEE EQUIPMENT DETAILS - PARTS TAB OR WRITE IN PARTS USED:","INCLUDES ALL 1000 HR TASKS
SAMPLE HYDRAULIC OIL
REPLACE COOLANT
INSPECT HYDRAULIC PUMPS
INSPECT DRIVE MOTORS
INSPECT FINAL DRIVES
INSPECT TURBOCHARGER
INSPECT INJECTORS
INSPECT AFTERTREATMENT COMPONENTS
INSPECT STRUCTURAL WELDS
HYDRAULIC PERFORMANCE TEST

REVIEW ACTIVE FAULT CODES
",1288,NULL,40,NULL,47300,2645,c48954a1-38dc-4fd7-9d34-5c2b1c9c63c0
35213,52210,"2026-07-30 16:24:45",1,0,1,"500 HR SERVICE (LOADER)",500,NULL,NULL,NULL,NULL,NULL,NULL,NULL,NULL,"SEE EQUIPMENT DETAILS - PARTS TAB OR WRITE IN PARTS USED:","CHANGE ENGINE OIL
REPLACE ENGINE OIL FILTER
REPLACE PRIMARY FUEL FILTER
REPLACE SECONDARY FUEL FILTER
DRAIN WATER SEPARATOR
CHECK COOLANT LEVEL
INSPECT AIR FILTER
INSPECT INTAKE HOSES
INSPECT BELTS
INSPECT BATTERY
CHECK CHARGING SYSTEM

INSPECT HYDRAULIC HOSES
INSPECT HYDRAULIC COUPLERS
INSPECT QUICK ATTACH
INSPECT LIFT ARMS
INSPECT LOADER LINKAGE
INSPECT LIFT CYLINDERS
INSPECT TILT CYLINDERS

INSPECT TRACKS, TRACK TENSION, SPROCKETS, IDLERS / OR TIRES
INSPECT DRIVE MOTORS

GREASE ALL FITTINGS

CHECK LIGHTS
CHECK BACKUP ALARM
CHECK ACTIVE FAULT CODES
",1288,NULL,40,NULL,47298,2712,dd26339b-833b-480a-b7a2-546a6d55cff0
35118,52211,"2026-07-30 16:22:11",1,0,1,"1000 HR SERVICE (LOADER)",1000,NULL,NULL,NULL,NULL,NULL,NULL,NULL,NULL,"SEE EQUIPMENT DETAILS - PARTS TAB OR WRITE IN PARTS USED:","INCLUDES ALL 500 HR TASKS
REPLACE HYDRAULIC RETURN FILTER
REPLACE CASE DRAIN FILTER
INSPECT MAIN HYDRAULIC PUMP
INSPECT AUXILIARY HYDRAULICS
CHECK HYDRAULIC PRESSURES
INSPECT CYLINDER RODS
INSPECT CYLINDER SEALS
INSPECT ENGINE MOUNTS
INSPECT FRAME WELDS
MEASURE UNDERCARRIAGE WEAR
INSPECT TRACK ALIGNMENT OR INSPECT TIRES
CHECK CHARGING SYSTEM
PERFORM DIAGNOSTIC SCAN
",1288,NULL,40,NULL,47292,2600,476cf089-4d81-499f-8135-da3e545602f8
35155,52211,"2026-07-30 16:23:40",1,0,1,"2000 HR SERVICE (LOADER)",2000,NULL,NULL,NULL,NULL,NULL,NULL,NULL,NULL,"SEE EQUIPMENT DETAILS - PARTS TAB OR WRITE IN PARTS USED:","INCLUDES ALL 1000 HR TASKS
SAMPLE HYDRAULIC OIL
REPLACE COOLANT
INSPECT HYDRAULIC PUMPS
INSPECT DRIVE MOTORS
INSPECT FINAL DRIVES
INSPECT TURBOCHARGER
INSPECT INJECTORS
INSPECT AFTERTREATMENT COMPONENTS
INSPECT STRUCTURAL WELDS
HYDRAULIC PERFORMANCE TEST

REVIEW ACTIVE FAULT CODES
",1288,NULL,40,NULL,47293,2645,4171b469-2bca-4d66-a9b3-cef0a23ba38e
35188,52211,"2026-07-30 16:24:28",1,0,1,"500 HR SERVICE (LOADER)",500,NULL,NULL,NULL,NULL,NULL,NULL,NULL,NULL,"SEE EQUIPMENT DETAILS - PARTS TAB OR WRITE IN PARTS USED:","CHANGE ENGINE OIL
REPLACE ENGINE OIL FILTER
REPLACE PRIMARY FUEL FILTER
REPLACE SECONDARY FUEL FILTER
DRAIN WATER SEPARATOR
CHECK COOLANT LEVEL
INSPECT AIR FILTER
INSPECT INTAKE HOSES
INSPECT BELTS
INSPECT BATTERY
CHECK CHARGING SYSTEM

INSPECT HYDRAULIC HOSES
INSPECT HYDRAULIC COUPLERS
INSPECT QUICK ATTACH
INSPECT LIFT ARMS
INSPECT LOADER LINKAGE
INSPECT LIFT CYLINDERS
INSPECT TILT CYLINDERS

INSPECT TRACKS, TRACK TENSION, SPROCKETS, IDLERS / OR TIRES
INSPECT DRIVE MOTORS

GREASE ALL FITTINGS

CHECK LIGHTS
CHECK BACKUP ALARM
CHECK ACTIVE FAULT CODES
",1288,NULL,40,NULL,47294,2712,ae4aeb4b-0dfd-43c1-bdbb-8514071d68d2
35134,52215,"2026-07-30 16:22:26",1,0,1,"1000 HR SERVICE (LOADER)",1000,NULL,NULL,NULL,NULL,NULL,NULL,NULL,NULL,"SEE EQUIPMENT DETAILS - PARTS TAB OR WRITE IN PARTS USED:","INCLUDES ALL 500 HR TASKS
REPLACE HYDRAULIC RETURN FILTER
REPLACE CASE DRAIN FILTER
INSPECT MAIN HYDRAULIC PUMP
INSPECT AUXILIARY HYDRAULICS
CHECK HYDRAULIC PRESSURES
INSPECT CYLINDER RODS
INSPECT CYLINDER SEALS
INSPECT ENGINE MOUNTS
INSPECT FRAME WELDS
MEASURE UNDERCARRIAGE WEAR
INSPECT TRACK ALIGNMENT OR INSPECT TIRES
CHECK CHARGING SYSTEM
PERFORM DIAGNOSTIC SCAN
",1288,NULL,40,NULL,47278,2600,2337516b-8132-4e8a-b580-5fe707366de2
35168,52215,"2026-07-30 16:23:49",1,0,1,"2000 HR SERVICE (LOADER)",2000,NULL,NULL,NULL,NULL,NULL,NULL,NULL,NULL,"SEE EQUIPMENT DETAILS - PARTS TAB OR WRITE IN PARTS USED:","INCLUDES ALL 1000 HR TASKS
SAMPLE HYDRAULIC OIL
REPLACE COOLANT
INSPECT HYDRAULIC PUMPS
INSPECT DRIVE MOTORS
INSPECT FINAL DRIVES
INSPECT TURBOCHARGER
INSPECT INJECTORS
INSPECT AFTERTREATMENT COMPONENTS
INSPECT STRUCTURAL WELDS
HYDRAULIC PERFORMANCE TEST

REVIEW ACTIVE FAULT CODES
",1288,NULL,40,NULL,47279,2645,5d49426b-5f26-4336-998a-37cde7b2eaa3
35202,52215,"2026-07-30 16:24:36",1,0,1,"500 HR SERVICE (LOADER)",500,NULL,NULL,NULL,NULL,NULL,NULL,NULL,NULL,"SEE EQUIPMENT DETAILS - PARTS TAB OR WRITE IN PARTS USED:","CHANGE ENGINE OIL
REPLACE ENGINE OIL FILTER
REPLACE PRIMARY FUEL FILTER
REPLACE SECONDARY FUEL FILTER
DRAIN WATER SEPARATOR
CHECK COOLANT LEVEL
INSPECT AIR FILTER
INSPECT INTAKE HOSES
INSPECT BELTS
INSPECT BATTERY
CHECK CHARGING SYSTEM

INSPECT HYDRAULIC HOSES
INSPECT HYDRAULIC COUPLERS
INSPECT QUICK ATTACH
INSPECT LIFT ARMS
INSPECT LOADER LINKAGE
INSPECT LIFT CYLINDERS
INSPECT TILT CYLINDERS

INSPECT TRACKS, TRACK TENSION, SPROCKETS, IDLERS / OR TIRES
INSPECT DRIVE MOTORS

GREASE ALL FITTINGS

CHECK LIGHTS
CHECK BACKUP ALARM
CHECK ACTIVE FAULT CODES
",1288,NULL,40,NULL,47277,2712,c27b2da2-df18-436c-a66c-afd762e3f5a4
35268,52216,"2026-07-30 16:49:50",1,0,1,"1000 HR SERVICE (MANITOWOC MLC100 CRAWLER)",1000,NULL,NULL,NULL,NULL,NULL,NULL,NULL,NULL,"SEE EQUIPMENT DETAILS - PARTS TAB OR WRITE IN PARTS USED:

","INCLUDES ALL 500 HR TASKS
REPLACE PILOT OIL PRESSURE FILTER ELEMENT
REPLACE HYD RETURN FILTERS (3)
INSPECT & CLEAN SUCTION STRAINER INSIDE TANK
CHANGE TRANSMISSION FILTER
SAMPLE ENGINE COOLANT
SAMPLE HYD OIL
CHANGE AIR ELEMENT
REPLACE DRAIN FILTER (CARTRIDGE)
CHANGE SWING REDUCTION OIL
CHANGE WINCH REDUCTION OIL
CHANGE OIL IN POWER DIVIDER
CHANGE OIL IN PROPEL REDUCTION UNIT
LUBE GREASE POINTS
INSPECT DRUMS
INSPECT BRAKES
INSPECT SWING DRIVE
INSPECT CRAWLERS
INSPECT PUMP DRIVE
INSPECT CRAWLER GEARBOXES
INSPECT SWING GEARBOXES
INSPECT DRUM GEARBOXES
INSPECT BOOM HOIST GEARBOX
",1288,NULL,40,NULL,47074,2606,f43b4d46-e6c8-49c4-87be-67e4acf26293
35270,52216,"2026-07-30 16:50:21",1,0,1,"2000 HR SERVICE (MANITOWOC MLC100 CRAWLER)",2000,NULL,NULL,NULL,NULL,NULL,NULL,NULL,NULL,"SEE EQUIPMENT DETAILS - PARTS TAB OR WRITE IN PARTS USED:
","INCLUDES ALL 1000 HR TASKS
SAMPLE HYDRAULIC OIL
SAMPLE COOLANT/ CHANGE FILTERS
INSPECT PLANETARIES
INSPECT GEARBOXES/CHANGE OIL
CHANGE FINAL DRIVE OIL IN LEFT & RIGHT CRAWLER TRACK FINAL DRIVES",1288,NULL,40,NULL,47076,2651,5d1819d0-e783-407b-8b4e-f54852b11ac8
35272,52216,"2026-07-30 16:50:51",1,0,1,"500 HR SERVICE (MANITOWOC MLC100 CRAWLER)",500,NULL,NULL,NULL,NULL,NULL,NULL,NULL,NULL,"SEE EQUIPMENT DETAILS - PARTS TAB OR WRITE IN PARTS USED:

","CHANGE ENGINE OIL & FILTERS
CHANGE AIR FILTERS
CHANGE FUEL FILTERS
CHANGE HYD FILTERS
CHECK FLUID LEVEL IN PLANETARY HUBS & AXLES
TEST TANK FUEL
INSPECT BOOM
INSPECT PENDANTS
INSPECT WIRE ROPE
CHECK SWING BEARING
GREASE ROTATION POINTS
CHECK LIMIT SWITCHES",1288,NULL,40,NULL,47075,2718,b6ce81a9-791b-4395-993c-488c70cb1184
34872,52218,"2026-07-30 13:02:55",1,0,1,"1000 HR SERVICE (GROVE RT880 & GRT880)",1000,NULL,NULL,NULL,NULL,NULL,NULL,NULL,NULL,"SEE EQUIPMENT DETAILS - PARTS TAB OR WRITE IN PARTS USED:

","COMPLETE 500 HR TASKS
CHANGE PLANETARY HUB OIL & DIFFERENTIAL FLUID ON BOTH FRONT & REAR AXLES
CHANGE TRANSMISSION FLUID & FILTER
DRAIN/FILL MAIN HOIST
DRAIN/FILL AUX HOIST",1288,NULL,40,NULL,47028,2592,d9e4666a-0855-4e85-bdeb-6eb95253004a
34876,52218,"2026-07-30 13:03:12",1,0,1,"2000 HR SERVICE  (GROVE RT880 & GRT880)",2000,NULL,NULL,NULL,NULL,NULL,NULL,NULL,NULL,"SEE EQUIPMENT DETAILS - PARTS TAB OR WRITE IN PARTS USED:

","COMPLETE 1000 HR TASKS
CHANGE HYD RETURN FILTER & BREATHER
SAMPLE HYD FLUID 
INSPECT/SAMPLE COOLANT
CHECK/REPLACE COOLANT STRAINER",1288,NULL,40,NULL,47029,2640,18335eab-2639-43d7-8bec-c84d3a5b4eac
34881,52218,"2026-07-30 13:03:28",1,0,1,"500 HR SERVICE (GROVE RT880 & GRT880)",500,NULL,NULL,NULL,NULL,NULL,NULL,NULL,NULL,"SEE EQUIPMENT DETAILS - PARTS TAB OR WRITE IN PARTS USED:

","CHANGE OIL & FILTER
CHANGE FUEL FILTERS
CHANGE AIR FILTERS
REPLACE TRANSMISSION FILTER
CHECK FLUID LEVEL IN AXLES
CHECK FLUID LEVEL IN PLANETARY HUBS",1288,NULL,40,NULL,47031,2703,aecf021e-0020-4607-8aa0-33894f485376
36773,52218,"2026-08-04 03:59:48",1,0,1,"250 HR SERVICE (BIO FUEL)",250,NULL,NULL,NULL,NULL,NULL,NULL,NULL,NULL,"SEE EQUIPMENT DETAILS - PARTS TAB OR WRITE IN PARTS USED:

","CHANGE FUEL FILTERS EVERY 250 HR
SAMPLE BIO FUEL",1288,NULL,40,NULL,47030,2675,6c28f66d-4338-4428-a744-0420cd5ab3ae
35148,52219,"2026-07-30 16:22:35",1,0,1,"1000 HR SERVICE (LOADER)",1000,NULL,NULL,NULL,NULL,NULL,NULL,NULL,NULL,"SEE EQUIPMENT DETAILS - PARTS TAB OR WRITE IN PARTS USED:","INCLUDES ALL 500 HR TASKS
REPLACE HYDRAULIC RETURN FILTER
REPLACE CASE DRAIN FILTER
INSPECT MAIN HYDRAULIC PUMP
INSPECT AUXILIARY HYDRAULICS
CHECK HYDRAULIC PRESSURES
INSPECT CYLINDER RODS
INSPECT CYLINDER SEALS
INSPECT ENGINE MOUNTS
INSPECT FRAME WELDS
MEASURE UNDERCARRIAGE WEAR
INSPECT TRACK ALIGNMENT OR INSPECT TIRES
CHECK CHARGING SYSTEM
PERFORM DIAGNOSTIC SCAN
",1288,NULL,40,NULL,47284,2600,7f31999e-d2a7-4daf-8888-3186b2fa364a
35182,52219,"2026-07-30 16:23:58",1,0,1,"2000 HR SERVICE (LOADER)",2000,NULL,NULL,NULL,NULL,NULL,NULL,NULL,NULL,"SEE EQUIPMENT DETAILS - PARTS TAB OR WRITE IN PARTS USED:","INCLUDES ALL 1000 HR TASKS
SAMPLE HYDRAULIC OIL
REPLACE COOLANT
INSPECT HYDRAULIC PUMPS
INSPECT DRIVE MOTORS
INSPECT FINAL DRIVES
INSPECT TURBOCHARGER
INSPECT INJECTORS
INSPECT AFTERTREATMENT COMPONENTS
INSPECT STRUCTURAL WELDS
HYDRAULIC PERFORMANCE TEST

REVIEW ACTIVE FAULT CODES
",1288,NULL,40,NULL,47285,2645,3e180f69-88c8-4dc1-9395-db5707ee228f
35216,52219,"2026-07-30 16:24:46",1,0,1,"500 HR SERVICE (LOADER)",500,NULL,NULL,NULL,NULL,NULL,NULL,NULL,NULL,"SEE EQUIPMENT DETAILS - PARTS TAB OR WRITE IN PARTS USED:","CHANGE ENGINE OIL
REPLACE ENGINE OIL FILTER
REPLACE PRIMARY FUEL FILTER
REPLACE SECONDARY FUEL FILTER
DRAIN WATER SEPARATOR
CHECK COOLANT LEVEL
INSPECT AIR FILTER
INSPECT INTAKE HOSES
INSPECT BELTS
INSPECT BATTERY
CHECK CHARGING SYSTEM

INSPECT HYDRAULIC HOSES
INSPECT HYDRAULIC COUPLERS
INSPECT QUICK ATTACH
INSPECT LIFT ARMS
INSPECT LOADER LINKAGE
INSPECT LIFT CYLINDERS
INSPECT TILT CYLINDERS

INSPECT TRACKS, TRACK TENSION, SPROCKETS, IDLERS / OR TIRES
INSPECT DRIVE MOTORS

GREASE ALL FITTINGS

CHECK LIGHTS
CHECK BACKUP ALARM
CHECK ACTIVE FAULT CODES
",1288,NULL,40,NULL,47283,2712,87f9c71e-81fc-4764-bde1-47be8e581a4e
35278,52220,"2026-07-30 16:52:59",1,0,1,"1000 HR SERVICE (MANITOWOC MLC165 CRAWLER)",1000,NULL,NULL,NULL,NULL,NULL,NULL,NULL,NULL,"SEE EQUIPMENT DETAILS - PARTS TAB OR WRITE IN PARTS USED:

","INCLUDES ALL 500 HR TASKS
REPLACE PILOT OIL PRESSURE FILTER ELEMENT
REPLACE HYD RETURN FILTERS (3)
INSPECT & CLEAN SUCTION STRAINER INSIDE TANK
CHANGE TRANSMISSION FILTER
SAMPLE ENGINE COOLANT
SAMPLE HYD OIL
CHANGE AIR ELEMENT
REPLACE DRAIN FILTER (CARTRIDGE)
CHANGE SWING REDUCTION OIL
CHANGE WINCH REDUCTION OIL
CHANGE OIL IN POWER DIVIDER
CHANGE OIL IN PROPEL REDUCTION UNIT
LUBE GREASE POINTS
INSPECT DRUMS
INSPECT BRAKES
INSPECT SWING DRIVE
INSPECT CRAWLERS
INSPECT PUMP DRIVE
INSPECT CRAWLER GEARBOXES
INSPECT SWING GEARBOXES
INSPECT DRUM GEARBOXES
INSPECT BOOM HOIST GEARBOX
",1288,NULL,40,NULL,47111,2607,050afa44-a9e4-4626-8d89-4bc631715403
35287,52220,"2026-07-30 16:53:36",1,0,1,"2000 HR SERVICE (MANITOWOC MLC165 CRAWLER)",2000,NULL,NULL,NULL,NULL,NULL,NULL,NULL,NULL,"SEE EQUIPMENT DETAILS - PARTS TAB OR WRITE IN PARTS USED:

","INCLUDES ALL 1000 HR TASKS
SAMPLE HYDRAULIC OIL
SAMPLE COOLANT/ CHANGE FILTERS
INSPECT PLANETARIES
INSPECT GEARBOXES/CHANGE OIL
CHANGE FINAL DRIVE OIL IN LEFT & RIGHT CRAWLER TRACK FINAL DRIVES
",1288,NULL,40,NULL,47112,2652,32b5b391-9a07-4dad-9ce5-6429613019e8
35296,52220,"2026-07-30 16:54:08",1,0,1,"500 HR SERVICE (MANITOWOC MLC165 CRAWLER)",500,NULL,NULL,NULL,NULL,NULL,NULL,NULL,NULL,"SEE EQUIPMENT DETAILS - PARTS TAB OR WRITE IN PARTS USED:

","CHANGE ENGINE OIL & FILTERS
CHANGE AIR FILTERS
CHANGE FUEL FILTERS
CHANGE HYD FILTERS
CHECK FLUID LEVEL IN PLANETARY HUBS & AXLES
TEST TANK FUEL
INSPECT BOOM
INSPECT PENDANTS
INSPECT WIRE ROPE
CHECK SWING BEARING
GREASE ROTATION POINTS
CHECK LIMIT SWITCHES
",1288,NULL,40,NULL,47110,2719,acca051f-a74e-476c-84cf-a22accaaaee6
35149,52222,"2026-07-30 16:22:36",1,0,1,"1000 HR SERVICE (LOADER)",1000,NULL,NULL,NULL,NULL,NULL,NULL,NULL,NULL,"SEE EQUIPMENT DETAILS - PARTS TAB OR WRITE IN PARTS USED:","INCLUDES ALL 500 HR TASKS
REPLACE HYDRAULIC RETURN FILTER
REPLACE CASE DRAIN FILTER
INSPECT MAIN HYDRAULIC PUMP
INSPECT AUXILIARY HYDRAULICS
CHECK HYDRAULIC PRESSURES
INSPECT CYLINDER RODS
INSPECT CYLINDER SEALS
INSPECT ENGINE MOUNTS
INSPECT FRAME WELDS
MEASURE UNDERCARRIAGE WEAR
INSPECT TRACK ALIGNMENT OR INSPECT TIRES
CHECK CHARGING SYSTEM
PERFORM DIAGNOSTIC SCAN
",1288,NULL,40,NULL,47281,2600,988ba673-1c9f-44e8-a780-0c19abff3840
35183,52222,"2026-07-30 16:23:58",1,0,1,"2000 HR SERVICE (LOADER)",2000,NULL,NULL,NULL,NULL,NULL,NULL,NULL,NULL,"SEE EQUIPMENT DETAILS - PARTS TAB OR WRITE IN PARTS USED:","INCLUDES ALL 1000 HR TASKS
SAMPLE HYDRAULIC OIL
REPLACE COOLANT
INSPECT HYDRAULIC PUMPS
INSPECT DRIVE MOTORS
INSPECT FINAL DRIVES
INSPECT TURBOCHARGER
INSPECT INJECTORS
INSPECT AFTERTREATMENT COMPONENTS
INSPECT STRUCTURAL WELDS
HYDRAULIC PERFORMANCE TEST

REVIEW ACTIVE FAULT CODES
",1288,NULL,40,NULL,47282,2645,aa78237a-f6b7-4380-9a82-e8fbd9a7e713
35217,52222,"2026-07-30 16:24:47",1,0,1,"500 HR SERVICE (LOADER)",500,NULL,NULL,NULL,NULL,NULL,NULL,NULL,NULL,"SEE EQUIPMENT DETAILS - PARTS TAB OR WRITE IN PARTS USED:","CHANGE ENGINE OIL
REPLACE ENGINE OIL FILTER
REPLACE PRIMARY FUEL FILTER
REPLACE SECONDARY FUEL FILTER
DRAIN WATER SEPARATOR
CHECK COOLANT LEVEL
INSPECT AIR FILTER
INSPECT INTAKE HOSES
INSPECT BELTS
INSPECT BATTERY
CHECK CHARGING SYSTEM

INSPECT HYDRAULIC HOSES
INSPECT HYDRAULIC COUPLERS
INSPECT QUICK ATTACH
INSPECT LIFT ARMS
INSPECT LOADER LINKAGE
INSPECT LIFT CYLINDERS
INSPECT TILT CYLINDERS

INSPECT TRACKS, TRACK TENSION, SPROCKETS, IDLERS / OR TIRES
INSPECT DRIVE MOTORS

GREASE ALL FITTINGS

CHECK LIGHTS
CHECK BACKUP ALARM
CHECK ACTIVE FAULT CODES
",1288,NULL,40,NULL,47280,2712,7102f86e-9f4d-4a8a-a0ed-06e2e04b5cca
35277,52225,"2026-07-30 16:52:58",1,0,1,"1000 HR SERVICE (MANITOWOC MLC165 CRAWLER)",1000,NULL,NULL,NULL,NULL,NULL,NULL,NULL,NULL,"SEE EQUIPMENT DETAILS - PARTS TAB OR WRITE IN PARTS USED:

","INCLUDES ALL 500 HR TASKS
REPLACE PILOT OIL PRESSURE FILTER ELEMENT
REPLACE HYD RETURN FILTERS (3)
INSPECT & CLEAN SUCTION STRAINER INSIDE TANK
CHANGE TRANSMISSION FILTER
SAMPLE ENGINE COOLANT
SAMPLE HYD OIL
CHANGE AIR ELEMENT
REPLACE DRAIN FILTER (CARTRIDGE)
CHANGE SWING REDUCTION OIL
CHANGE WINCH REDUCTION OIL
CHANGE OIL IN POWER DIVIDER
CHANGE OIL IN PROPEL REDUCTION UNIT
LUBE GREASE POINTS
INSPECT DRUMS
INSPECT BRAKES
INSPECT SWING DRIVE
INSPECT CRAWLERS
INSPECT PUMP DRIVE
INSPECT CRAWLER GEARBOXES
INSPECT SWING GEARBOXES
INSPECT DRUM GEARBOXES
INSPECT BOOM HOIST GEARBOX
",1288,NULL,40,NULL,47105,2607,351e1724-8426-4a0b-b0b4-1f01c721310d
35286,52225,"2026-07-30 16:53:35",1,0,1,"2000 HR SERVICE (MANITOWOC MLC165 CRAWLER)",2000,NULL,NULL,NULL,NULL,NULL,NULL,NULL,NULL,"SEE EQUIPMENT DETAILS - PARTS TAB OR WRITE IN PARTS USED:

","INCLUDES ALL 1000 HR TASKS
SAMPLE HYDRAULIC OIL
SAMPLE COOLANT/ CHANGE FILTERS
INSPECT PLANETARIES
INSPECT GEARBOXES/CHANGE OIL
CHANGE FINAL DRIVE OIL IN LEFT & RIGHT CRAWLER TRACK FINAL DRIVES
",1288,NULL,40,NULL,47104,2652,f7cbdf48-dd59-4d72-9894-5691178cc656
35295,52225,"2026-07-30 16:54:08",1,0,1,"500 HR SERVICE (MANITOWOC MLC165 CRAWLER)",500,NULL,NULL,NULL,NULL,NULL,NULL,NULL,NULL,"SEE EQUIPMENT DETAILS - PARTS TAB OR WRITE IN PARTS USED:

","CHANGE ENGINE OIL & FILTERS
CHANGE AIR FILTERS
CHANGE FUEL FILTERS
CHANGE HYD FILTERS
CHECK FLUID LEVEL IN PLANETARY HUBS & AXLES
TEST TANK FUEL
INSPECT BOOM
INSPECT PENDANTS
INSPECT WIRE ROPE
CHECK SWING BEARING
GREASE ROTATION POINTS
CHECK LIMIT SWITCHES
",1288,NULL,40,NULL,47106,2719,e86a6b82-17d0-4909-8a7d-e8434428309a
35146,52226,"2026-07-30 16:22:34",1,0,1,"1000 HR SERVICE (LOADER)",1000,NULL,NULL,NULL,NULL,NULL,NULL,NULL,NULL,"SEE EQUIPMENT DETAILS - PARTS TAB OR WRITE IN PARTS USED:","INCLUDES ALL 500 HR TASKS
REPLACE HYDRAULIC RETURN FILTER
REPLACE CASE DRAIN FILTER
INSPECT MAIN HYDRAULIC PUMP
INSPECT AUXILIARY HYDRAULICS
CHECK HYDRAULIC PRESSURES
INSPECT CYLINDER RODS
INSPECT CYLINDER SEALS
INSPECT ENGINE MOUNTS
INSPECT FRAME WELDS
MEASURE UNDERCARRIAGE WEAR
INSPECT TRACK ALIGNMENT OR INSPECT TIRES
CHECK CHARGING SYSTEM
PERFORM DIAGNOSTIC SCAN
",1288,NULL,40,NULL,47297,2600,6057cbc3-3fd8-4273-b9ac-1eb6ce86f2a2
35180,52226,"2026-07-30 16:23:57",1,0,1,"2000 HR SERVICE (LOADER)",2000,NULL,NULL,NULL,NULL,NULL,NULL,NULL,NULL,"SEE EQUIPMENT DETAILS - PARTS TAB OR WRITE IN PARTS USED:","INCLUDES ALL 1000 HR TASKS
SAMPLE HYDRAULIC OIL
REPLACE COOLANT
INSPECT HYDRAULIC PUMPS
INSPECT DRIVE MOTORS
INSPECT FINAL DRIVES
INSPECT TURBOCHARGER
INSPECT INJECTORS
INSPECT AFTERTREATMENT COMPONENTS
INSPECT STRUCTURAL WELDS
HYDRAULIC PERFORMANCE TEST

REVIEW ACTIVE FAULT CODES
",1288,NULL,40,NULL,47296,2645,3e432f77-ab05-4580-9171-05736b84f0fd
35214,52226,"2026-07-30 16:24:45",1,0,1,"500 HR SERVICE (LOADER)",500,NULL,NULL,NULL,NULL,NULL,NULL,NULL,NULL,"SEE EQUIPMENT DETAILS - PARTS TAB OR WRITE IN PARTS USED:","CHANGE ENGINE OIL
REPLACE ENGINE OIL FILTER
REPLACE PRIMARY FUEL FILTER
REPLACE SECONDARY FUEL FILTER
DRAIN WATER SEPARATOR
CHECK COOLANT LEVEL
INSPECT AIR FILTER
INSPECT INTAKE HOSES
INSPECT BELTS
INSPECT BATTERY
CHECK CHARGING SYSTEM

INSPECT HYDRAULIC HOSES
INSPECT HYDRAULIC COUPLERS
INSPECT QUICK ATTACH
INSPECT LIFT ARMS
INSPECT LOADER LINKAGE
INSPECT LIFT CYLINDERS
INSPECT TILT CYLINDERS

INSPECT TRACKS, TRACK TENSION, SPROCKETS, IDLERS / OR TIRES
INSPECT DRIVE MOTORS

GREASE ALL FITTINGS

CHECK LIGHTS
CHECK BACKUP ALARM
CHECK ACTIVE FAULT CODES
",1288,NULL,40,NULL,47295,2712,635c5a7d-68c0-4867-8601-544840fadfc2
35133,52228,"2026-07-30 16:22:25",1,0,1,"1000 HR SERVICE (LOADER)",1000,NULL,NULL,NULL,NULL,NULL,NULL,NULL,NULL,"SEE EQUIPMENT DETAILS - PARTS TAB OR WRITE IN PARTS USED:","INCLUDES ALL 500 HR TASKS
REPLACE HYDRAULIC RETURN FILTER
REPLACE CASE DRAIN FILTER
INSPECT MAIN HYDRAULIC PUMP
INSPECT AUXILIARY HYDRAULICS
CHECK HYDRAULIC PRESSURES
INSPECT CYLINDER RODS
INSPECT CYLINDER SEALS
INSPECT ENGINE MOUNTS
INSPECT FRAME WELDS
MEASURE UNDERCARRIAGE WEAR
INSPECT TRACK ALIGNMENT OR INSPECT TIRES
CHECK CHARGING SYSTEM
PERFORM DIAGNOSTIC SCAN
",1288,NULL,40,NULL,47289,2600,8f9a7867-9ccc-4c14-8565-a18da12d6037
35167,52228,"2026-07-30 16:23:48",1,0,1,"2000 HR SERVICE (LOADER)",2000,NULL,NULL,NULL,NULL,NULL,NULL,NULL,NULL,"SEE EQUIPMENT DETAILS - PARTS TAB OR WRITE IN PARTS USED:","INCLUDES ALL 1000 HR TASKS
SAMPLE HYDRAULIC OIL
REPLACE COOLANT
INSPECT HYDRAULIC PUMPS
INSPECT DRIVE MOTORS
INSPECT FINAL DRIVES
INSPECT TURBOCHARGER
INSPECT INJECTORS
INSPECT AFTERTREATMENT COMPONENTS
INSPECT STRUCTURAL WELDS
HYDRAULIC PERFORMANCE TEST

REVIEW ACTIVE FAULT CODES
",1288,NULL,40,NULL,47290,2645,f483a3d8-d8de-4bf3-a869-a3d96741675c
35201,52228,"2026-07-30 16:24:35",1,0,1,"500 HR SERVICE (LOADER)",500,NULL,NULL,NULL,NULL,NULL,NULL,NULL,NULL,"SEE EQUIPMENT DETAILS - PARTS TAB OR WRITE IN PARTS USED:","CHANGE ENGINE OIL
REPLACE ENGINE OIL FILTER
REPLACE PRIMARY FUEL FILTER
REPLACE SECONDARY FUEL FILTER
DRAIN WATER SEPARATOR
CHECK COOLANT LEVEL
INSPECT AIR FILTER
INSPECT INTAKE HOSES
INSPECT BELTS
INSPECT BATTERY
CHECK CHARGING SYSTEM

INSPECT HYDRAULIC HOSES
INSPECT HYDRAULIC COUPLERS
INSPECT QUICK ATTACH
INSPECT LIFT ARMS
INSPECT LOADER LINKAGE
INSPECT LIFT CYLINDERS
INSPECT TILT CYLINDERS

INSPECT TRACKS, TRACK TENSION, SPROCKETS, IDLERS / OR TIRES
INSPECT DRIVE MOTORS

GREASE ALL FITTINGS

CHECK LIGHTS
CHECK BACKUP ALARM
CHECK ACTIVE FAULT CODES
",1288,NULL,40,NULL,47291,2712,65c8975c-c766-4390-aabd-c8350e724ce0
35150,52231,"2026-07-30 16:22:37",1,0,1,"1000 HR SERVICE (LOADER)",1000,NULL,NULL,NULL,NULL,NULL,NULL,NULL,NULL,"SEE EQUIPMENT DETAILS - PARTS TAB OR WRITE IN PARTS USED:","INCLUDES ALL 500 HR TASKS
REPLACE HYDRAULIC RETURN FILTER
REPLACE CASE DRAIN FILTER
INSPECT MAIN HYDRAULIC PUMP
INSPECT AUXILIARY HYDRAULICS
CHECK HYDRAULIC PRESSURES
INSPECT CYLINDER RODS
INSPECT CYLINDER SEALS
INSPECT ENGINE MOUNTS
INSPECT FRAME WELDS
MEASURE UNDERCARRIAGE WEAR
INSPECT TRACK ALIGNMENT OR INSPECT TIRES
CHECK CHARGING SYSTEM
PERFORM DIAGNOSTIC SCAN
",1288,NULL,40,NULL,47258,2600,e0199a7c-d713-4018-8174-4155fa85c208
35184,52231,"2026-07-30 16:23:59",1,0,1,"2000 HR SERVICE (LOADER)",2000,NULL,NULL,NULL,NULL,NULL,NULL,NULL,NULL,"SEE EQUIPMENT DETAILS - PARTS TAB OR WRITE IN PARTS USED:","INCLUDES ALL 1000 HR TASKS
SAMPLE HYDRAULIC OIL
REPLACE COOLANT
INSPECT HYDRAULIC PUMPS
INSPECT DRIVE MOTORS
INSPECT FINAL DRIVES
INSPECT TURBOCHARGER
INSPECT INJECTORS
INSPECT AFTERTREATMENT COMPONENTS
INSPECT STRUCTURAL WELDS
HYDRAULIC PERFORMANCE TEST

REVIEW ACTIVE FAULT CODES
",1288,NULL,40,NULL,47259,2645,727b79f2-3051-40b2-89ab-203be4a6e206
35218,52231,"2026-07-30 16:24:47",1,0,1,"500 HR SERVICE (LOADER)",500,NULL,NULL,NULL,NULL,NULL,NULL,NULL,NULL,"SEE EQUIPMENT DETAILS - PARTS TAB OR WRITE IN PARTS USED:","CHANGE ENGINE OIL
REPLACE ENGINE OIL FILTER
REPLACE PRIMARY FUEL FILTER
REPLACE SECONDARY FUEL FILTER
DRAIN WATER SEPARATOR
CHECK COOLANT LEVEL
INSPECT AIR FILTER
INSPECT INTAKE HOSES
INSPECT BELTS
INSPECT BATTERY
CHECK CHARGING SYSTEM

INSPECT HYDRAULIC HOSES
INSPECT HYDRAULIC COUPLERS
INSPECT QUICK ATTACH
INSPECT LIFT ARMS
INSPECT LOADER LINKAGE
INSPECT LIFT CYLINDERS
INSPECT TILT CYLINDERS

INSPECT TRACKS, TRACK TENSION, SPROCKETS, IDLERS / OR TIRES
INSPECT DRIVE MOTORS

GREASE ALL FITTINGS

CHECK LIGHTS
CHECK BACKUP ALARM
CHECK ACTIVE FAULT CODES
",1288,NULL,40,NULL,47260,2712,0a7be0ba-184d-4854-ab51-3950ab42e5cf
35276,52233,"2026-07-30 16:52:57",1,0,1,"1000 HR SERVICE (MANITOWOC MLC165 CRAWLER)",1000,NULL,NULL,NULL,NULL,NULL,NULL,NULL,NULL,"SEE EQUIPMENT DETAILS - PARTS TAB OR WRITE IN PARTS USED:

","INCLUDES ALL 500 HR TASKS
REPLACE PILOT OIL PRESSURE FILTER ELEMENT
REPLACE HYD RETURN FILTERS (3)
INSPECT & CLEAN SUCTION STRAINER INSIDE TANK
CHANGE TRANSMISSION FILTER
SAMPLE ENGINE COOLANT
SAMPLE HYD OIL
CHANGE AIR ELEMENT
REPLACE DRAIN FILTER (CARTRIDGE)
CHANGE SWING REDUCTION OIL
CHANGE WINCH REDUCTION OIL
CHANGE OIL IN POWER DIVIDER
CHANGE OIL IN PROPEL REDUCTION UNIT
LUBE GREASE POINTS
INSPECT DRUMS
INSPECT BRAKES
INSPECT SWING DRIVE
INSPECT CRAWLERS
INSPECT PUMP DRIVE
INSPECT CRAWLER GEARBOXES
INSPECT SWING GEARBOXES
INSPECT DRUM GEARBOXES
INSPECT BOOM HOIST GEARBOX
",1288,NULL,40,NULL,48613,2607,029ebf7c-02c8-4f8d-baee-9704741a6c66
35285,52233,"2026-07-30 16:53:34",1,0,1,"2000 HR SERVICE (MANITOWOC MLC165 CRAWLER)",2000,NULL,NULL,NULL,NULL,NULL,NULL,NULL,NULL,"SEE EQUIPMENT DETAILS - PARTS TAB OR WRITE IN PARTS USED:

","INCLUDES ALL 1000 HR TASKS
SAMPLE HYDRAULIC OIL
SAMPLE COOLANT/ CHANGE FILTERS
INSPECT PLANETARIES
INSPECT GEARBOXES/CHANGE OIL
CHANGE FINAL DRIVE OIL IN LEFT & RIGHT CRAWLER TRACK FINAL DRIVES
",1288,NULL,40,NULL,48614,2652,a692d284-8191-4713-b0c4-653cf3ab4d97
35294,52233,"2026-07-30 16:54:07",1,0,1,"500 HR SERVICE (MANITOWOC MLC165 CRAWLER)",500,NULL,NULL,NULL,NULL,NULL,NULL,NULL,NULL,"SEE EQUIPMENT DETAILS - PARTS TAB OR WRITE IN PARTS USED:

","CHANGE ENGINE OIL & FILTERS
CHANGE AIR FILTERS
CHANGE FUEL FILTERS
CHANGE HYD FILTERS
CHECK FLUID LEVEL IN PLANETARY HUBS & AXLES
TEST TANK FUEL
INSPECT BOOM
INSPECT PENDANTS
INSPECT WIRE ROPE
CHECK SWING BEARING
GREASE ROTATION POINTS
CHECK LIMIT SWITCHES
",1288,NULL,40,NULL,48612,2719,37cca474-a9a5-4942-b217-7d71b46ecefa
34465,52234,"2026-07-28 03:19:42",1,0,1,"1000 HR SERVICE (TADANO GTC-1300 CRAWLER)",1000,NULL,NULL,NULL,NULL,NULL,NULL,NULL,NULL,"SEE EQUIPMENT DETAILS - PARTS TAB OR WRITE IN PARTS USED:","COMPLETE ALL 500 HOUR ITEMS
CHANGE HYD FILTERS
HYD SYSTEM - CHECK FAN FOR PROPER OPERATION
CHECK WINCH MOUNTING BOLTS
CANGE OIL IN WINCHES
CHANGE SWING DRIVE REDUCER OIL
CHECK STARTER
TREAT DOOR LOCKS
INSPECT A/C SYSTEM
",1288,NULL,40,NULL,47096,2614,8d0c2d65-1382-4f7a-8d23-37e79f9f79cb
34466,52234,"2026-07-28 03:20:01",1,0,1,"2000 HR SERVICE (TADANO GTC-1300 CRAWLER)",2000,NULL,NULL,NULL,NULL,NULL,NULL,NULL,NULL,"SEE EQUIPMENT DETAILS - PARTS TAB OR WRITE IN PARTS USED:","COMPLETE ALL 1000 HOUR ITEMS
SAMPLE HYD OIL
SAMPLE COOLANT
CHANGE SWING BRAKE OIL BASED ON WINCH OPERATION HOURS
INSPECT SWING BRAKE
ENGINE - INSPECT VALVE CLEARANCE
",1288,NULL,40,NULL,47092,2658,ac32fa71-e745-42ea-af56-fde7cc098e88
34467,52234,"2026-07-28 03:20:34",1,0,1,"500 HR SERVICE (TADANO GTC-1300 CRAWLER)",500,NULL,NULL,NULL,NULL,NULL,NULL,NULL,NULL,"SEE EQUIPMENT DETAILS - PARTS TAB OR WRITE IN PARTS USED:","CHANGE ENGINE OIL & FILTER
CHECK/CLEAN/INSPECT AIR FILTERS
CHECK OIL LEVEL IN WINCHES
INSPECT WINCH DRUM
CHECK FASTENERS ON SLEW RING & SWING DRIVE FOR TIGHTNESS
CHECK SWING DRIVE REDUCER OIL LEVEL
INSPECT UNDERCARRIAGE
FUEL SYSTEM - CLEAN FUEL INLET AND SCREEN
FUEL SYSTEM - DRAIN WATER/SEDIMENT
CLEAN COOLING FINS ON RADIATOR AS NEEDED
CHANGE OIL IN FINAL DRIVES",1288,NULL,40,NULL,47095,2727,dde2b82a-372c-41e8-a065-a52a1db29b80
34861,52236,"2026-07-30 12:41:38",1,0,1,"500 HR SERVICE (MOTOR GRADER)",500,NULL,NULL,NULL,NULL,NULL,NULL,NULL,NULL,"SEE EQUIPMENT DETAILS - PARTS TAB OR WRITE IN PARTS USED:
","CHANGE ENGINE OIL & FILTER
REPLACE FUEL FILTER(S)
INSPECT AIR FILTER
CHECK HYDRAULIC OIL LEVEL
GREASE ALL FITTINGS
INSPECT MOLDBOARD
INSPECT CIRCLE DRIVE
CHECK CUTTING EDGE WEAR
CHECK TIRES
INSPECT STEERING COMPONENTS
TEST LIGHTS AND SAFETY DEVICES
",1288,NULL,40,NULL,47606,2696,7bc08df3-6253-4367-af63-da1a721ea9d9
34865,52236,"2026-07-30 12:42:04",1,0,1,"2000 HR SERVICE (MOTOR GRADER)",2000,NULL,NULL,NULL,NULL,NULL,NULL,NULL,NULL,"SEE EQUIPMENT DETAILS - PARTS TAB OR WRITE IN PARTS USED:
","COMPLETE 1000 HR SERVICE
SAMPLE HYDRAULIC OIL
CHANGE TANDEM OILS
REPLACE COOLANT
REPLACE ALL FILTERS
INSPECT CIRCLE DRIVE COMPONENTS
INSPECT PINS AND BUSHINGS
INSPECT FRAME AND STRUCTURAL COMPONENTS
COMPLETE SAFETY INSPECTION
",1288,NULL,40,NULL,47605,2634,958fe51b-afa1-4912-b6c0-5d772b0f058a
34869,52236,"2026-07-30 12:42:27",1,0,1,"1000 HR SERVICE (MOTOR GRADER)",1000,NULL,NULL,NULL,NULL,NULL,NULL,NULL,NULL,"SEE EQUIPMENT DETAILS - PARTS TAB OR WRITE IN PARTS USED:
","COMPLETE 500 HR SERVICE
REPLACE AIR FILTERS
REPLACE HYDRAULIC FILTERS
CHECK TANDEM OIL LEVELS
INSPECT CIRCLE WEAR STRIPS
INSPECT ARTICULATION JOINT
CHECK COOLING SYSTEM
INSPECT BRAKES
INSPECT ELECTRICAL SYSTEM
",1288,NULL,40,NULL,47604,2586,9c0cf29f-5065-4123-91b9-642579bfaa42
34850,52237,"2026-07-30 12:35:41",1,0,1,"2500 HR SERVICE (MILLENNIUM 4100 w/RINGER)",2500,NULL,NULL,NULL,NULL,NULL,NULL,NULL,NULL,"SEE EQUIPMENT DETAILS - PARTS TAB OR WRITE IN PARTS USED:
","• PERFORM ALL 250 & 2000 HOUR TASKS PLUS
• CHANGE ALL PLANETARIES* ALL PLANETARY OILS REQUIRE CHANGE AFTER INITIAL 200 OPERATING HOURS
• CHANGE ALL GEARBOXES** ALL GEAR BOX OILS REQUIRE CHANGE AFTER INITIAL 100 OPERATING HOURS",1288,NULL,40,NULL,48912,2611,84e9b737-1f19-44a0-9106-1ba962deb240
34853,52237,"2026-07-30 12:36:39",1,0,1,"250 HR SERVICE (MILLENNIUM 4100 w/RINGER)",250,NULL,NULL,NULL,NULL,NULL,NULL,NULL,NULL,"SEE EQUIPMENT DETAILS - PARTS TAB OR WRITE IN PARTS USED:
","• CHANGE ENGINE OIL & FILTER
• REPLACE PRIMARY AIR FILTER
• REPLACE SECONDARY AIR FILTER
• CHANGE ENGINE COOLANT FILTER
• CHECK COOLANT LEVEL
• REPLACE PRIMARY FUEL FILTER
• REPLACE SECONDARY FUEL FILTER
• CHECK/REPLACE PRIMARY AIR FILTER (AS INDICATED BY RESTRICTION MONITOR)
• CHECK/REPLACE SECONDARY AIR FILTER (AS INDICATED BY RESTRICTION MONITOR)
• CHANGE HYDRAULIC OIL TANK FILTER
• CHANGE BOOM HOIST OIL FILTER
• CHANGE CASE DRAIN FILTER
• LUBE GREASE POINTS",1288,NULL,40,NULL,48910,2722,661d8c24-6c64-4464-afda-f837693820fb
34856,52237,"2026-07-30 12:37:22",1,0,1,"2000 HR SERVICE (MILLENNIUM 4100 w/RINGER)",2000,NULL,NULL,NULL,NULL,NULL,NULL,NULL,NULL,"SEE EQUIPMENT DETAILS - PARTS TAB OR WRITE IN PARTS USED:
","• PERFORM ALL 250 HOUR TASKS PLUS
• SAMPLE HYDRAULIC OIL (CHANGE AS NEEDED)
• SAMPLE COOLANT (CHANGE AS NEEDED)",1288,NULL,40,NULL,48911,2655,e483fa06-6268-459e-9cd2-fbbae94aa2c0
35130,52238,"2026-07-30 16:22:24",1,0,1,"1000 HR SERVICE (LOADER)",1000,NULL,NULL,NULL,NULL,NULL,NULL,NULL,NULL,"SEE EQUIPMENT DETAILS - PARTS TAB OR WRITE IN PARTS USED:","INCLUDES ALL 500 HR TASKS
REPLACE HYDRAULIC RETURN FILTER
REPLACE CASE DRAIN FILTER
INSPECT MAIN HYDRAULIC PUMP
INSPECT AUXILIARY HYDRAULICS
CHECK HYDRAULIC PRESSURES
INSPECT CYLINDER RODS
INSPECT CYLINDER SEALS
INSPECT ENGINE MOUNTS
INSPECT FRAME WELDS
MEASURE UNDERCARRIAGE WEAR
INSPECT TRACK ALIGNMENT OR INSPECT TIRES
CHECK CHARGING SYSTEM
PERFORM DIAGNOSTIC SCAN
",1288,NULL,40,NULL,47306,2600,a84588b5-d335-41e5-9c02-24862c11a293
35164,52238,"2026-07-30 16:23:46",1,0,1,"2000 HR SERVICE (LOADER)",2000,NULL,NULL,NULL,NULL,NULL,NULL,NULL,NULL,"SEE EQUIPMENT DETAILS - PARTS TAB OR WRITE IN PARTS USED:","INCLUDES ALL 1000 HR TASKS
SAMPLE HYDRAULIC OIL
REPLACE COOLANT
INSPECT HYDRAULIC PUMPS
INSPECT DRIVE MOTORS
INSPECT FINAL DRIVES
INSPECT TURBOCHARGER
INSPECT INJECTORS
INSPECT AFTERTREATMENT COMPONENTS
INSPECT STRUCTURAL WELDS
HYDRAULIC PERFORMANCE TEST

REVIEW ACTIVE FAULT CODES
",1288,NULL,40,NULL,47309,2645,d0748ce9-cefd-47c7-b1f0-98a431cb972a
35198,52238,"2026-07-30 16:24:34",1,0,1,"500 HR SERVICE (LOADER)",500,NULL,NULL,NULL,NULL,NULL,NULL,NULL,NULL,"SEE EQUIPMENT DETAILS - PARTS TAB OR WRITE IN PARTS USED:","CHANGE ENGINE OIL
REPLACE ENGINE OIL FILTER
REPLACE PRIMARY FUEL FILTER
REPLACE SECONDARY FUEL FILTER
DRAIN WATER SEPARATOR
CHECK COOLANT LEVEL
INSPECT AIR FILTER
INSPECT INTAKE HOSES
INSPECT BELTS
INSPECT BATTERY
CHECK CHARGING SYSTEM

INSPECT HYDRAULIC HOSES
INSPECT HYDRAULIC COUPLERS
INSPECT QUICK ATTACH
INSPECT LIFT ARMS
INSPECT LOADER LINKAGE
INSPECT LIFT CYLINDERS
INSPECT TILT CYLINDERS

INSPECT TRACKS, TRACK TENSION, SPROCKETS, IDLERS / OR TIRES
INSPECT DRIVE MOTORS

GREASE ALL FITTINGS

CHECK LIGHTS
CHECK BACKUP ALARM
CHECK ACTIVE FAULT CODES
",1288,NULL,40,NULL,48413,2712,042964f0-cad0-4235-9318-f5d5696e300d
35280,52239,"2026-07-30 16:53:00",1,0,1,"1000 HR SERVICE (MANITOWOC MLC165 CRAWLER)",1000,NULL,NULL,NULL,NULL,NULL,NULL,NULL,NULL,"SEE EQUIPMENT DETAILS - PARTS TAB OR WRITE IN PARTS USED:

","INCLUDES ALL 500 HR TASKS
REPLACE PILOT OIL PRESSURE FILTER ELEMENT
REPLACE HYD RETURN FILTERS (3)
INSPECT & CLEAN SUCTION STRAINER INSIDE TANK
CHANGE TRANSMISSION FILTER
SAMPLE ENGINE COOLANT
SAMPLE HYD OIL
CHANGE AIR ELEMENT
REPLACE DRAIN FILTER (CARTRIDGE)
CHANGE SWING REDUCTION OIL
CHANGE WINCH REDUCTION OIL
CHANGE OIL IN POWER DIVIDER
CHANGE OIL IN PROPEL REDUCTION UNIT
LUBE GREASE POINTS
INSPECT DRUMS
INSPECT BRAKES
INSPECT SWING DRIVE
INSPECT CRAWLERS
INSPECT PUMP DRIVE
INSPECT CRAWLER GEARBOXES
INSPECT SWING GEARBOXES
INSPECT DRUM GEARBOXES
INSPECT BOOM HOIST GEARBOX
",1288,NULL,40,NULL,47116,2607,e5f8723f-fc70-4dd7-84b2-5c30beb1f778
35289,52239,"2026-07-30 16:53:37",1,0,1,"2000 HR SERVICE (MANITOWOC MLC165 CRAWLER)",2000,NULL,NULL,NULL,NULL,NULL,NULL,NULL,NULL,"SEE EQUIPMENT DETAILS - PARTS TAB OR WRITE IN PARTS USED:

","INCLUDES ALL 1000 HR TASKS
SAMPLE HYDRAULIC OIL
SAMPLE COOLANT/ CHANGE FILTERS
INSPECT PLANETARIES
INSPECT GEARBOXES/CHANGE OIL
CHANGE FINAL DRIVE OIL IN LEFT & RIGHT CRAWLER TRACK FINAL DRIVES
",1288,NULL,40,NULL,NULL,2652,8ae40203-37a0-4641-9932-5a52539d07bb
35298,52239,"2026-07-30 16:54:09",1,0,1,"500 HR SERVICE (MANITOWOC MLC165 CRAWLER)",500,NULL,NULL,NULL,NULL,NULL,NULL,NULL,NULL,"SEE EQUIPMENT DETAILS - PARTS TAB OR WRITE IN PARTS USED:

","CHANGE ENGINE OIL & FILTERS
CHANGE AIR FILTERS
CHANGE FUEL FILTERS
CHANGE HYD FILTERS
CHECK FLUID LEVEL IN PLANETARY HUBS & AXLES
TEST TANK FUEL
INSPECT BOOM
INSPECT PENDANTS
INSPECT WIRE ROPE
CHECK SWING BEARING
GREASE ROTATION POINTS
CHECK LIMIT SWITCHES
",1288,NULL,40,NULL,47117,2719,0a536e1e-0875-401d-aeac-01854393be3a
35310,52242,"2026-07-30 18:20:56",1,0,1,"1000 HR SERVICE (MANITOWOC MLC300 CRAWLER)",1000,NULL,NULL,NULL,NULL,NULL,NULL,NULL,NULL,"SEE EQUIPMENT DETAILS - PARTS TAB OR WRITE IN PARTS USED:
","INCLUDES ALL 500 HR TASKS
REPLACE PILOT OIL PRESSURE FILTER ELEMENT
REPLACE HYD RETURN FILTERS (3)
INSPECT & CLEAN SUCTION STRAINER INSIDE TANK
CHANGE TRANSMISSION FILTER
SAMPLE ENGINE COOLANT
SAMPLE HYD OIL
CHANGE AIR ELEMENT
REPLACE DRAIN FILTER (CARTRIDGE)
CHANGE SWING REDUCTION OIL
CHANGE WINCH REDUCTION OIL
CHANGE OIL IN POWER DIVIDER
CHANGE OIL IN PROPEL REDUCTION UNIT
LUBE GREASE POINTS
INSPECT DRUMS
INSPECT BRAKES
INSPECT SWING DRIVE
INSPECT CRAWLERS
INSPECT PUMP DRIVE
INSPECT CRAWLER GEARBOXES
INSPECT SWING GEARBOXES
INSPECT DRUM GEARBOXES
INSPECT BOOM HOIST GEARBOX",1288,NULL,40,NULL,47121,2608,d8a8b780-b93c-489d-8b57-73ad856a4119
35311,52242,"2026-07-30 18:21:48",1,0,1,"2000 HR SERVICE (MANITOWOC MLC300 CRAWLER)",2000,NULL,NULL,NULL,NULL,NULL,NULL,NULL,NULL,"SEE EQUIPMENT DETAILS - PARTS TAB OR WRITE IN PARTS USED:
","INCLUDES ALL 1000 HR TASKS
SAMPLE HYDRAULIC OIL
SAMPLE COOLANT/ CHANGE FILTERS
INSPECT PLANETARIES
INSPECT GEARBOXES/CHANGE OIL
CHANGE FINAL DRIVE OIL IN LEFT & RIGHT CRAWLER TRACK FINAL DRIVES
",1288,NULL,40,NULL,NULL,2653,9406368d-9f56-45b8-8874-ac0adc9a1aac
35312,52242,"2026-07-30 18:22:06",1,0,1,"500 HR SERVICE (MANITOWOC MLC300 CRAWLER)",500,NULL,NULL,NULL,NULL,NULL,NULL,NULL,NULL,"SEE EQUIPMENT DETAILS - PARTS TAB OR WRITE IN PARTS USED:
","CHANGE ENGINE OIL & FILTERS
CHANGE AIR FILTERS
CHANGE FUEL FILTERS
CHANGE HYD FILTERS
CHECK FLUID LEVEL IN PLANETARY HUBS & AXLES
TEST TANK FUEL
INSPECT BOOM
INSPECT PENDANTS
INSPECT WIRE ROPE
CHECK SWING BEARING
GREASE ROTATION POINTS
CHECK LIMIT SWITCHES",1288,NULL,40,NULL,47122,2720,7efab482-33bf-40ed-a8f4-abe0bfd65c13
35313,52242,"2026-07-30 18:22:25",4,0,0,"INITIAL 200 HR BREAK-IN SERVICE (MANITOWOC MLC300)",NULL,NULL,NULL,NULL,NULL,NULL,NULL,200,NULL,"SEE EQUIPMENT DETAILS - PARTS TAB OR WRITE IN PARTS USED:
","INITIAL 200-HR BREAK-IN (OIL CHANGE) SERVICE
CHECK TORQUE/TENSION CRAWLER TRACK SHOW BOLTS
CHECK SWING DRIVER GEAR OIL
LUBE SWING GUIDE ROLLER HOUSINGS (4) 2 FITTINGS EACH
LUBE SWING DRIVE PIVOT PIN HOUSINGS (4) - 3 FITTINGS EACH
CHECK VPC WEAR PLATES  - TORQUE/TENSION
GEAR BOXES (INITIAL CHANGE) PUMP DRIVES, DRUMS, SWING, CRAWL
LUBE DRUM 1 ROLLER PILLOW BLOCK BEARINGS
LUBE DRUM 4 & 5 PAWL PIN (1)
CHECK HYD HOSES AND TUBES
LUBE ENGINE CLUTCH LEVER & BEARINGS (2 ENGINES)
CHECK CLUTCH DISCS
SERVICE DIESEL GENERATOR
CHECK ELECTRIC CABLES & HARNESSES
CHECK CAN NODES AND JUNCTION BOXES
CHECK VPC ROTATING BED RAILS",1288,NULL,30,NULL,47123,2758,8d9167c9-62e4-47e8-985a-c89792a40c51
34873,52243,"2026-07-30 13:02:56",1,0,1,"1000 HR SERVICE (GROVE RT880 & GRT880)",1000,NULL,NULL,NULL,NULL,NULL,NULL,NULL,NULL,"SEE EQUIPMENT DETAILS - PARTS TAB OR WRITE IN PARTS USED:

","COMPLETE 500 HR TASKS
CHANGE PLANETARY HUB OIL & DIFFERENTIAL FLUID ON BOTH FRONT & REAR AXLES
CHANGE TRANSMISSION FLUID & FILTER
DRAIN/FILL MAIN HOIST
DRAIN/FILL AUX HOIST",1288,NULL,40,NULL,47402,2592,35f11371-7464-4df1-9b0f-d1e14f7d2f5e
34877,52243,"2026-07-30 13:03:12",1,0,1,"2000 HR SERVICE  (GROVE RT880 & GRT880)",2000,NULL,NULL,NULL,NULL,NULL,NULL,NULL,NULL,"SEE EQUIPMENT DETAILS - PARTS TAB OR WRITE IN PARTS USED:

","COMPLETE 1000 HR TASKS
CHANGE HYD RETURN FILTER & BREATHER
SAMPLE HYD FLUID 
INSPECT/SAMPLE COOLANT
CHECK/REPLACE COOLANT STRAINER",1288,NULL,40,NULL,47056,2640,d9f374cd-a962-4c40-8575-65c842c5f0ba
34882,52243,"2026-07-30 13:03:29",1,0,1,"500 HR SERVICE (GROVE RT880 & GRT880)",500,NULL,NULL,NULL,NULL,NULL,NULL,NULL,NULL,"SEE EQUIPMENT DETAILS - PARTS TAB OR WRITE IN PARTS USED:

","CHANGE OIL & FILTER
CHANGE FUEL FILTERS
CHANGE AIR FILTERS
REPLACE TRANSMISSION FILTER
CHECK FLUID LEVEL IN AXLES
CHECK FLUID LEVEL IN PLANETARY HUBS",1288,NULL,40,NULL,47403,2703,68846a59-100d-4811-9cad-1c915e3ad55d
34896,52247,"2026-07-30 13:10:30",1,0,1,"1000 HR SERVICE (GROVE GRT655)",1000,NULL,NULL,NULL,NULL,NULL,NULL,NULL,NULL,"SEE EQUIPMENT DETAILS - PARTS TAB OR WRITE IN PARTS USED:
","COMPLETE 500 HR TASKS
CHANGE PLANETARY HUB OIL & DIFFERENTIAL FLUID ON BOTH FRONT & REAR AXLES
CHANGE TRANSMISSION FLUID & FILTER
DRAIN/FILL MAIN HOIST
DRAIN/FILL AUX HOIST",1288,NULL,40,NULL,47068,2589,329abf9d-24fa-4345-b17e-3319dd012c1b
34897,52247,"2026-07-30 13:10:46",1,0,1,"2000 HR SERVICE (GROVE GRT655)",2000,NULL,NULL,NULL,NULL,NULL,NULL,NULL,NULL,"SEE EQUIPMENT DETAILS - PARTS TAB OR WRITE IN PARTS USED:
","COMPLETE 1000 HR TASKS
CHANGE HYD RETURN FILTER & BREATHER
SAMPLE HYD FLUID 
INSPECT/SAMPLE COOLANT
CHECK/REPLACE COOLANT STRAINER

",1288,NULL,40,NULL,47069,2637,0f761808-f360-4459-b43d-5be78a055fe1
34898,52247,"2026-07-30 13:11:00",1,0,1,"500 HR SERVICE (GROVE GRT655)",500,NULL,NULL,NULL,NULL,NULL,NULL,NULL,NULL,"SEE EQUIPMENT DETAILS - PARTS TAB OR WRITE IN PARTS USED:
","CHANGE OIL & FILTER
CHANGE FUEL FILTERS
CHANGE AIR FILTERS
REPLACE TRANSMISSION FILTER
CHECK FLUID LEVEL IN AXLES
CHECK FLUID LEVEL IN PLANETARY HUBS",1288,NULL,40,NULL,47070,2700,13e968e9-b351-4264-9822-2087eecce976
35132,52249,"2026-07-30 16:22:25",1,0,1,"1000 HR SERVICE (LOADER)",1000,NULL,NULL,NULL,NULL,NULL,NULL,NULL,NULL,"SEE EQUIPMENT DETAILS - PARTS TAB OR WRITE IN PARTS USED:","INCLUDES ALL 500 HR TASKS
REPLACE HYDRAULIC RETURN FILTER
REPLACE CASE DRAIN FILTER
INSPECT MAIN HYDRAULIC PUMP
INSPECT AUXILIARY HYDRAULICS
CHECK HYDRAULIC PRESSURES
INSPECT CYLINDER RODS
INSPECT CYLINDER SEALS
INSPECT ENGINE MOUNTS
INSPECT FRAME WELDS
MEASURE UNDERCARRIAGE WEAR
INSPECT TRACK ALIGNMENT OR INSPECT TIRES
CHECK CHARGING SYSTEM
PERFORM DIAGNOSTIC SCAN
",1288,NULL,40,NULL,47301,2600,32788bb8-d137-4f5f-8328-c9482c7fe85d
35166,52249,"2026-07-30 16:23:47",1,0,1,"2000 HR SERVICE (LOADER)",2000,NULL,NULL,NULL,NULL,NULL,NULL,NULL,NULL,"SEE EQUIPMENT DETAILS - PARTS TAB OR WRITE IN PARTS USED:","INCLUDES ALL 1000 HR TASKS
SAMPLE HYDRAULIC OIL
REPLACE COOLANT
INSPECT HYDRAULIC PUMPS
INSPECT DRIVE MOTORS
INSPECT FINAL DRIVES
INSPECT TURBOCHARGER
INSPECT INJECTORS
INSPECT AFTERTREATMENT COMPONENTS
INSPECT STRUCTURAL WELDS
HYDRAULIC PERFORMANCE TEST

REVIEW ACTIVE FAULT CODES
",1288,NULL,40,NULL,47302,2645,492c351b-7609-403f-8835-c01978deebec
35200,52249,"2026-07-30 16:24:35",1,0,1,"500 HR SERVICE (LOADER)",500,NULL,NULL,NULL,NULL,NULL,NULL,NULL,NULL,"SEE EQUIPMENT DETAILS - PARTS TAB OR WRITE IN PARTS USED:","CHANGE ENGINE OIL
REPLACE ENGINE OIL FILTER
REPLACE PRIMARY FUEL FILTER
REPLACE SECONDARY FUEL FILTER
DRAIN WATER SEPARATOR
CHECK COOLANT LEVEL
INSPECT AIR FILTER
INSPECT INTAKE HOSES
INSPECT BELTS
INSPECT BATTERY
CHECK CHARGING SYSTEM

INSPECT HYDRAULIC HOSES
INSPECT HYDRAULIC COUPLERS
INSPECT QUICK ATTACH
INSPECT LIFT ARMS
INSPECT LOADER LINKAGE
INSPECT LIFT CYLINDERS
INSPECT TILT CYLINDERS

INSPECT TRACKS, TRACK TENSION, SPROCKETS, IDLERS / OR TIRES
INSPECT DRIVE MOTORS

GREASE ALL FITTINGS

CHECK LIGHTS
CHECK BACKUP ALARM
CHECK ACTIVE FAULT CODES
",1288,NULL,40,NULL,47303,2712,85c3bec4-7f61-41ab-a2a5-b5f6af46e58c
35131,52251,"2026-07-30 16:22:24",1,0,1,"1000 HR SERVICE (LOADER)",1000,NULL,NULL,NULL,NULL,NULL,NULL,NULL,NULL,"SEE EQUIPMENT DETAILS - PARTS TAB OR WRITE IN PARTS USED:","INCLUDES ALL 500 HR TASKS
REPLACE HYDRAULIC RETURN FILTER
REPLACE CASE DRAIN FILTER
INSPECT MAIN HYDRAULIC PUMP
INSPECT AUXILIARY HYDRAULICS
CHECK HYDRAULIC PRESSURES
INSPECT CYLINDER RODS
INSPECT CYLINDER SEALS
INSPECT ENGINE MOUNTS
INSPECT FRAME WELDS
MEASURE UNDERCARRIAGE WEAR
INSPECT TRACK ALIGNMENT OR INSPECT TIRES
CHECK CHARGING SYSTEM
PERFORM DIAGNOSTIC SCAN
",1288,NULL,40,NULL,NULL,2600,f10fcfb5-5b15-42d1-bf98-65a4e88ba8a2
35165,52251,"2026-07-30 16:23:47",1,0,1,"2000 HR SERVICE (LOADER)",2000,NULL,NULL,NULL,NULL,NULL,NULL,NULL,NULL,"SEE EQUIPMENT DETAILS - PARTS TAB OR WRITE IN PARTS USED:","INCLUDES ALL 1000 HR TASKS
SAMPLE HYDRAULIC OIL
REPLACE COOLANT
INSPECT HYDRAULIC PUMPS
INSPECT DRIVE MOTORS
INSPECT FINAL DRIVES
INSPECT TURBOCHARGER
INSPECT INJECTORS
INSPECT AFTERTREATMENT COMPONENTS
INSPECT STRUCTURAL WELDS
HYDRAULIC PERFORMANCE TEST

REVIEW ACTIVE FAULT CODES
",1288,NULL,40,NULL,47304,2645,3f1afbd4-1fbb-4352-bcab-3d9f067cf044
35199,52251,"2026-07-30 16:24:34",1,0,1,"500 HR SERVICE (LOADER)",500,NULL,NULL,NULL,NULL,NULL,NULL,NULL,NULL,"SEE EQUIPMENT DETAILS - PARTS TAB OR WRITE IN PARTS USED:","CHANGE ENGINE OIL
REPLACE ENGINE OIL FILTER
REPLACE PRIMARY FUEL FILTER
REPLACE SECONDARY FUEL FILTER
DRAIN WATER SEPARATOR
CHECK COOLANT LEVEL
INSPECT AIR FILTER
INSPECT INTAKE HOSES
INSPECT BELTS
INSPECT BATTERY
CHECK CHARGING SYSTEM

INSPECT HYDRAULIC HOSES
INSPECT HYDRAULIC COUPLERS
INSPECT QUICK ATTACH
INSPECT LIFT ARMS
INSPECT LOADER LINKAGE
INSPECT LIFT CYLINDERS
INSPECT TILT CYLINDERS

INSPECT TRACKS, TRACK TENSION, SPROCKETS, IDLERS / OR TIRES
INSPECT DRIVE MOTORS

GREASE ALL FITTINGS

CHECK LIGHTS
CHECK BACKUP ALARM
CHECK ACTIVE FAULT CODES
",1288,NULL,40,NULL,47305,2712,016b5585-2528-4136-a7db-b0538330a7b2
35138,52252,"2026-07-30 16:22:28",1,0,1,"1000 HR SERVICE (LOADER)",1000,NULL,NULL,NULL,NULL,NULL,NULL,NULL,NULL,"SEE EQUIPMENT DETAILS - PARTS TAB OR WRITE IN PARTS USED:","INCLUDES ALL 500 HR TASKS
REPLACE HYDRAULIC RETURN FILTER
REPLACE CASE DRAIN FILTER
INSPECT MAIN HYDRAULIC PUMP
INSPECT AUXILIARY HYDRAULICS
CHECK HYDRAULIC PRESSURES
INSPECT CYLINDER RODS
INSPECT CYLINDER SEALS
INSPECT ENGINE MOUNTS
INSPECT FRAME WELDS
MEASURE UNDERCARRIAGE WEAR
INSPECT TRACK ALIGNMENT OR INSPECT TIRES
CHECK CHARGING SYSTEM
PERFORM DIAGNOSTIC SCAN
",1288,NULL,40,NULL,47261,2600,0b2f3694-5249-43d2-a68f-6708f66e58db
35172,52252,"2026-07-30 16:23:52",1,0,1,"2000 HR SERVICE (LOADER)",2000,NULL,NULL,NULL,NULL,NULL,NULL,NULL,NULL,"SEE EQUIPMENT DETAILS - PARTS TAB OR WRITE IN PARTS USED:","INCLUDES ALL 1000 HR TASKS
SAMPLE HYDRAULIC OIL
REPLACE COOLANT
INSPECT HYDRAULIC PUMPS
INSPECT DRIVE MOTORS
INSPECT FINAL DRIVES
INSPECT TURBOCHARGER
INSPECT INJECTORS
INSPECT AFTERTREATMENT COMPONENTS
INSPECT STRUCTURAL WELDS
HYDRAULIC PERFORMANCE TEST

REVIEW ACTIVE FAULT CODES
",1288,NULL,40,NULL,47262,2645,b8af73cb-10b5-497f-8b90-76289e956abb
35206,52252,"2026-07-30 16:24:37",1,0,1,"500 HR SERVICE (LOADER)",500,NULL,NULL,NULL,NULL,NULL,NULL,NULL,NULL,"SEE EQUIPMENT DETAILS - PARTS TAB OR WRITE IN PARTS USED:","CHANGE ENGINE OIL
REPLACE ENGINE OIL FILTER
REPLACE PRIMARY FUEL FILTER
REPLACE SECONDARY FUEL FILTER
DRAIN WATER SEPARATOR
CHECK COOLANT LEVEL
INSPECT AIR FILTER
INSPECT INTAKE HOSES
INSPECT BELTS
INSPECT BATTERY
CHECK CHARGING SYSTEM

INSPECT HYDRAULIC HOSES
INSPECT HYDRAULIC COUPLERS
INSPECT QUICK ATTACH
INSPECT LIFT ARMS
INSPECT LOADER LINKAGE
INSPECT LIFT CYLINDERS
INSPECT TILT CYLINDERS

INSPECT TRACKS, TRACK TENSION, SPROCKETS, IDLERS / OR TIRES
INSPECT DRIVE MOTORS

GREASE ALL FITTINGS

CHECK LIGHTS
CHECK BACKUP ALARM
CHECK ACTIVE FAULT CODES
",1288,NULL,40,NULL,47263,2712,07e668d7-c5c2-49b4-a316-a5247d22afdb
35127,52253,"2026-07-30 16:22:22",1,0,1,"1000 HR SERVICE (LOADER)",1000,NULL,NULL,NULL,NULL,NULL,NULL,NULL,NULL,"SEE EQUIPMENT DETAILS - PARTS TAB OR WRITE IN PARTS USED:","INCLUDES ALL 500 HR TASKS
REPLACE HYDRAULIC RETURN FILTER
REPLACE CASE DRAIN FILTER
INSPECT MAIN HYDRAULIC PUMP
INSPECT AUXILIARY HYDRAULICS
CHECK HYDRAULIC PRESSURES
INSPECT CYLINDER RODS
INSPECT CYLINDER SEALS
INSPECT ENGINE MOUNTS
INSPECT FRAME WELDS
MEASURE UNDERCARRIAGE WEAR
INSPECT TRACK ALIGNMENT OR INSPECT TIRES
CHECK CHARGING SYSTEM
PERFORM DIAGNOSTIC SCAN
",1288,NULL,40,NULL,NULL,2600,c0c69c5a-fe65-4c45-bd56-ce767a01e2c6
35161,52253,"2026-07-30 16:23:45",1,0,1,"2000 HR SERVICE (LOADER)",2000,NULL,NULL,NULL,NULL,NULL,NULL,NULL,NULL,"SEE EQUIPMENT DETAILS - PARTS TAB OR WRITE IN PARTS USED:","INCLUDES ALL 1000 HR TASKS
SAMPLE HYDRAULIC OIL
REPLACE COOLANT
INSPECT HYDRAULIC PUMPS
INSPECT DRIVE MOTORS
INSPECT FINAL DRIVES
INSPECT TURBOCHARGER
INSPECT INJECTORS
INSPECT AFTERTREATMENT COMPONENTS
INSPECT STRUCTURAL WELDS
HYDRAULIC PERFORMANCE TEST

REVIEW ACTIVE FAULT CODES
",1288,NULL,40,NULL,NULL,2645,17b0c757-6692-44c3-821f-671def217303
35195,52253,"2026-07-30 16:24:32",1,0,1,"500 HR SERVICE (LOADER)",500,NULL,NULL,NULL,NULL,NULL,NULL,NULL,NULL,"SEE EQUIPMENT DETAILS - PARTS TAB OR WRITE IN PARTS USED:","CHANGE ENGINE OIL
REPLACE ENGINE OIL FILTER
REPLACE PRIMARY FUEL FILTER
REPLACE SECONDARY FUEL FILTER
DRAIN WATER SEPARATOR
CHECK COOLANT LEVEL
INSPECT AIR FILTER
INSPECT INTAKE HOSES
INSPECT BELTS
INSPECT BATTERY
CHECK CHARGING SYSTEM

INSPECT HYDRAULIC HOSES
INSPECT HYDRAULIC COUPLERS
INSPECT QUICK ATTACH
INSPECT LIFT ARMS
INSPECT LOADER LINKAGE
INSPECT LIFT CYLINDERS
INSPECT TILT CYLINDERS

INSPECT TRACKS, TRACK TENSION, SPROCKETS, IDLERS / OR TIRES
INSPECT DRIVE MOTORS

GREASE ALL FITTINGS

CHECK LIGHTS
CHECK BACKUP ALARM
CHECK ACTIVE FAULT CODES
",1288,NULL,40,NULL,47331,2712,8d671542-fee1-4b1a-b2fe-b4a2161f65e4
34705,52254,"2026-07-29 21:15:19",1,0,1,"1000 HR SERVICE (EXCAVATOR)",1000,NULL,NULL,NULL,NULL,NULL,NULL,1000,NULL,"SEE EQUIPMENT DETAILS - PARTS TAB OR WRITE IN PARTS USED:
","INCLUDES ALL 500 HR TASKS, PLUS:
REPLACE HYDRAULIC RETURN FILTER
REPLACE PILOT FILTER
INSPECT PUMPS
INSPECT SWING DRIVE
INSPECT ROLLERS
INSPECT IDLERS
INSPECT TRACK CHAINS
PERFORM DIAGNOSTIC SCAN
",1288,NULL,40,NULL,47613,2585,f16ca483-7ef8-4af4-938b-194b7d082363
34757,52254,"2026-07-29 21:16:22",1,0,1,"2000 HR SERVICE (EXCAVATOR)",2000,NULL,NULL,NULL,NULL,NULL,NULL,NULL,NULL,"SEE EQUIPMENT DETAILS - PARTS TAB OR WRITE IN PARTS USED:
","INCLUDES ALL 1000 HR TASKS
SAMPLE HYDRAULIC OIL
REPLACE COOLANT
INSPECT MAIN PUMPS
INSPECT SWING GEARBOX
INSPECT TRAVEL GEARBOXES
HYDRAULIC PERFORMANCE TEST
",1288,NULL,40,NULL,47614,2633,80c8719e-eded-44e9-a8bb-48c9fcbe97cc
34809,52254,"2026-07-29 21:17:30",1,0,1,"500 HR SERVICE (EXCAVATOR)",500,NULL,NULL,NULL,NULL,NULL,NULL,NULL,NULL,"SEE EQUIPMENT DETAILS - PARTS TAB OR WRITE IN PARTS USED:
","CHANGE ENGINE OIL
REPLACE ENGINE OIL FILTER
REPLACE FUEL FILTERS
REPLACE AIR FILTERS
CHECK ALL FLUIDS
GREASE BOOM PINS & BUSHINGS
GREASE STICK PINS
GREASE BUCKET PINS
GREASE SWING BEARING
INSPECT TIRES/TRACKS
INSPECT CYLINDERS
INSPECT UNDERCARRIAGE
INSPECT/CHANGE FINAL DRIVES
CHECK FAULT CODES
RESET SERVICE METER
",1288,NULL,40,NULL,47612,2694,6bc6032d-f962-49ad-8464-cada9f23b9ed
34704,52255,"2026-07-29 21:15:18",1,0,1,"1000 HR SERVICE (EXCAVATOR)",1000,NULL,NULL,NULL,NULL,NULL,NULL,1000,NULL,"SEE EQUIPMENT DETAILS - PARTS TAB OR WRITE IN PARTS USED:
","INCLUDES ALL 500 HR TASKS, PLUS:
REPLACE HYDRAULIC RETURN FILTER
REPLACE PILOT FILTER
INSPECT PUMPS
INSPECT SWING DRIVE
INSPECT ROLLERS
INSPECT IDLERS
INSPECT TRACK CHAINS
PERFORM DIAGNOSTIC SCAN
",1288,NULL,40,NULL,47609,2585,c3e2a211-e1fa-4918-aa0b-fdb007eb38e3
34756,52255,"2026-07-29 21:16:21",1,0,1,"2000 HR SERVICE (EXCAVATOR)",2000,NULL,NULL,NULL,NULL,NULL,NULL,NULL,NULL,"SEE EQUIPMENT DETAILS - PARTS TAB OR WRITE IN PARTS USED:
","INCLUDES ALL 1000 HR TASKS
SAMPLE HYDRAULIC OIL
REPLACE COOLANT
INSPECT MAIN PUMPS
INSPECT SWING GEARBOX
INSPECT TRAVEL GEARBOXES
HYDRAULIC PERFORMANCE TEST
",1288,NULL,40,NULL,47610,2633,de918e6a-3082-4e9c-871e-f11298162622
34808,52255,"2026-07-29 21:17:29",1,0,1,"500 HR SERVICE (EXCAVATOR)",500,NULL,NULL,NULL,NULL,NULL,NULL,NULL,NULL,"SEE EQUIPMENT DETAILS - PARTS TAB OR WRITE IN PARTS USED:
","CHANGE ENGINE OIL
REPLACE ENGINE OIL FILTER
REPLACE FUEL FILTERS
REPLACE AIR FILTERS
CHECK ALL FLUIDS
GREASE BOOM PINS & BUSHINGS
GREASE STICK PINS
GREASE BUCKET PINS
GREASE SWING BEARING
INSPECT TIRES/TRACKS
INSPECT CYLINDERS
INSPECT UNDERCARRIAGE
INSPECT/CHANGE FINAL DRIVES
CHECK FAULT CODES
RESET SERVICE METER
",1288,NULL,40,NULL,47611,2694,178887bc-1c01-4fd7-84eb-2de140fb7f2e
34472,52257,"2026-07-28 03:24:34",1,0,1,"1000 HR SERVICE (TADANO GTC-900 CRAWLER)",1000,NULL,NULL,NULL,NULL,NULL,NULL,NULL,NULL,"SEE EQUIPMENT DETAILS - PARTS TAB OR WRITE IN PARTS USED:","COMPLETE ALL 500 HOUR ITEMS
REPLACE PILOT OIL PRESSURE FILTER ELEMENT
CHANGE HYD RETURN FILTERS
CHANGE SWING DRIVE REDUCER OIL
GREASE SWING DRIVE REDUCER
CHANGE TRACK DRIVE REDUCER OIL
INSPECT & CLEAN ELECTRICAL SLIP RING
CHANGE WINCH OIL
INSPECT A/C & HEATING SYSTEM
TREAT DOOR LOCK & SEAL",1288,NULL,40,NULL,NULL,2616,64f8723c-d643-4f26-b805-bc92106275fd
34475,52257,"2026-07-28 03:25:35",1,0,1,"2000 HR SERVICE (TADANO GTC-900 CRAWLER)",2000,NULL,NULL,NULL,NULL,NULL,NULL,NULL,NULL,"SEE EQUIPMENT DETAILS - PARTS TAB OR WRITE IN PARTS USED:","COMPLETE ALL 1000 HOUR ITEMS
SAMPLE ENGINE COOLANT/REPLACE FILTER
SAMPLE HYD OIL
REPLACE ALL HYDRAULIC FILTERS
CLEAN HYDRAULIC TANK BREATHER
CHANGE HOIST GEARBOX OIL
CHECK SWING BEARING CLEARANCE
CHANGE SWING DRIVE OIL
INSPECT SWING MECHANISM
BLEED SWING DRIVE BRAKE
INSPECT SWING DRIVE BRAKE
CHANGE FINAL DRIVE OIL IN LEFT & RIGHT CRAWLER TRACK FINAL DRIVES",1288,NULL,40,NULL,NULL,2660,ed1401d7-5273-4107-9cd9-14a3f88ea99f
34478,52257,"2026-07-28 03:26:10",1,0,1,"500 HR SERVICE (TADANO GTC-900 CRAWLER)",500,NULL,NULL,NULL,NULL,NULL,NULL,NULL,NULL,"SEE EQUIPMENT DETAILS - PARTS TAB OR WRITE IN PARTS USED:","CHANGE OIL & FILTER
CHANGE FUEL FILTERS
CHANGE AIR FILTERS
INSPECT WINCH OIL LEVEL
INSPECT WINCH DRUM
INSPECT AML RADTED CAPACITY INDICATOR
CHECK FLUID IN PLANETARY HUBS",1288,NULL,40,NULL,47125,2729,066c3fa8-02a0-4e28-8fbd-6d0aca7f5006
35151,52258,"2026-07-30 16:22:37",1,0,1,"1000 HR SERVICE (LOADER)",1000,NULL,NULL,NULL,NULL,NULL,NULL,NULL,NULL,"SEE EQUIPMENT DETAILS - PARTS TAB OR WRITE IN PARTS USED:","INCLUDES ALL 500 HR TASKS
REPLACE HYDRAULIC RETURN FILTER
REPLACE CASE DRAIN FILTER
INSPECT MAIN HYDRAULIC PUMP
INSPECT AUXILIARY HYDRAULICS
CHECK HYDRAULIC PRESSURES
INSPECT CYLINDER RODS
INSPECT CYLINDER SEALS
INSPECT ENGINE MOUNTS
INSPECT FRAME WELDS
MEASURE UNDERCARRIAGE WEAR
INSPECT TRACK ALIGNMENT OR INSPECT TIRES
CHECK CHARGING SYSTEM
PERFORM DIAGNOSTIC SCAN
",1288,NULL,40,NULL,47250,2600,c4fa4446-e818-4812-9ac9-0ca996e998b4
35185,52258,"2026-07-30 16:24:00",1,0,1,"2000 HR SERVICE (LOADER)",2000,NULL,NULL,NULL,NULL,NULL,NULL,NULL,NULL,"SEE EQUIPMENT DETAILS - PARTS TAB OR WRITE IN PARTS USED:","INCLUDES ALL 1000 HR TASKS
SAMPLE HYDRAULIC OIL
REPLACE COOLANT
INSPECT HYDRAULIC PUMPS
INSPECT DRIVE MOTORS
INSPECT FINAL DRIVES
INSPECT TURBOCHARGER
INSPECT INJECTORS
INSPECT AFTERTREATMENT COMPONENTS
INSPECT STRUCTURAL WELDS
HYDRAULIC PERFORMANCE TEST

REVIEW ACTIVE FAULT CODES
",1288,NULL,40,NULL,47251,2645,90bfed9f-73e3-45d0-a41a-d2c7b9159331
35219,52258,"2026-07-30 16:24:48",1,0,1,"500 HR SERVICE (LOADER)",500,NULL,NULL,NULL,NULL,NULL,NULL,NULL,NULL,"SEE EQUIPMENT DETAILS - PARTS TAB OR WRITE IN PARTS USED:","CHANGE ENGINE OIL
REPLACE ENGINE OIL FILTER
REPLACE PRIMARY FUEL FILTER
REPLACE SECONDARY FUEL FILTER
DRAIN WATER SEPARATOR
CHECK COOLANT LEVEL
INSPECT AIR FILTER
INSPECT INTAKE HOSES
INSPECT BELTS
INSPECT BATTERY
CHECK CHARGING SYSTEM

INSPECT HYDRAULIC HOSES
INSPECT HYDRAULIC COUPLERS
INSPECT QUICK ATTACH
INSPECT LIFT ARMS
INSPECT LOADER LINKAGE
INSPECT LIFT CYLINDERS
INSPECT TILT CYLINDERS

INSPECT TRACKS, TRACK TENSION, SPROCKETS, IDLERS / OR TIRES
INSPECT DRIVE MOTORS

GREASE ALL FITTINGS

CHECK LIGHTS
CHECK BACKUP ALARM
CHECK ACTIVE FAULT CODES
",1288,NULL,40,NULL,47249,2712,a939f3e6-90c7-4e2e-b50b-539b855ea83e
34629,52259,"2026-07-29 20:38:42",1,0,1,"1000 HR SERVICE (COMPACTOR/ROLLER)",1000,NULL,NULL,NULL,NULL,NULL,NULL,NULL,NULL,"SEE EQUIPMENT DETAILS - PARTS TAB OR WRITE IN PARTS USED:","COMPLETE 500 HR SERVICE
REPLACE AIR FILTERS
REPLACE HYDRAULIC FILTERS
CHECK AXLE OIL LEVELSINSPECT DRUM BEARINGS
INSPECT DRIVE SYSTEM
INSPECT VIBRATION COMPONENTS
INSPECT HYDRAULIC HOSES AND CYLINDERS
CHECK COOLING SYSTEM
INSPECT ELECTRICAL SYSTEM
",1288,NULL,40,NULL,47601,2582,d855fc99-0a66-4cc1-a7f5-ea905799e890
34640,52259,"2026-07-29 20:41:35",1,0,1,"2000 HR SERVICE (COMPACTOR/ROLLER)",2000,NULL,NULL,NULL,NULL,NULL,NULL,NULL,NULL,"SEE EQUIPMENT DETAILS - PARTS TAB OR WRITE IN PARTS USED:","COMPLETE 1000 HR SERVICE
CHANGE HYDRAULIC OIL
CHANGE AXLE OILS
REPLACE COOLANT
REPLACE ALL FILTERS
INSPECT PINS AND BUSHINGS
INSPECT STRUCTURAL WELDS
INSPECT DRUM MOUNTS
PERFORM COMPLETE SAFETY INSPECTION",1288,NULL,40,NULL,47602,2631,1ef2cbdc-6024-45ef-a135-d6c2886c61d7
34650,52259,"2026-07-29 20:44:19",1,0,1,"500 HR SERVICE (COMPACTOR/ROLLER)",500,NULL,NULL,NULL,NULL,NULL,NULL,NULL,NULL,"SEE EQUIPMENT DETAILS - PARTS TAB OR WRITE IN PARTS USED:","CHANGE ENGINE OIL & FILTER
REPLACE FUEL FILTER(S)
INSPECT AIR FILTER
CHECK HYDRAULIC OIL LEVEL
GREASE ALL FITTINGS
INSPECT DRUM VIBRATION SYSTEM
CHECK SCRAPER BARS
INSPECT DRUM AND FRAME
CHECK BATTERY AND CABLES
INSPECT BELTS AND HOSES
CHECK BRAKES AND STEERING
TEST LIGHTS, ALARMS, AND SAFETY DEVICES",1288,NULL,40,NULL,47603,2691,71b9e836-9f69-427e-93be-ce5d2bf7c5be
35142,52261,"2026-07-30 16:22:32",1,0,1,"1000 HR SERVICE (LOADER)",1000,NULL,NULL,NULL,NULL,NULL,NULL,NULL,NULL,"SEE EQUIPMENT DETAILS - PARTS TAB OR WRITE IN PARTS USED:","INCLUDES ALL 500 HR TASKS
REPLACE HYDRAULIC RETURN FILTER
REPLACE CASE DRAIN FILTER
INSPECT MAIN HYDRAULIC PUMP
INSPECT AUXILIARY HYDRAULICS
CHECK HYDRAULIC PRESSURES
INSPECT CYLINDER RODS
INSPECT CYLINDER SEALS
INSPECT ENGINE MOUNTS
INSPECT FRAME WELDS
MEASURE UNDERCARRIAGE WEAR
INSPECT TRACK ALIGNMENT OR INSPECT TIRES
CHECK CHARGING SYSTEM
PERFORM DIAGNOSTIC SCAN
",1288,NULL,40,NULL,47317,2600,64d00dd6-0334-48de-904b-5b2e75c6d75a
35176,52261,"2026-07-30 16:23:54",1,0,1,"2000 HR SERVICE (LOADER)",2000,NULL,NULL,NULL,NULL,NULL,NULL,NULL,NULL,"SEE EQUIPMENT DETAILS - PARTS TAB OR WRITE IN PARTS USED:","INCLUDES ALL 1000 HR TASKS
SAMPLE HYDRAULIC OIL
REPLACE COOLANT
INSPECT HYDRAULIC PUMPS
INSPECT DRIVE MOTORS
INSPECT FINAL DRIVES
INSPECT TURBOCHARGER
INSPECT INJECTORS
INSPECT AFTERTREATMENT COMPONENTS
INSPECT STRUCTURAL WELDS
HYDRAULIC PERFORMANCE TEST

REVIEW ACTIVE FAULT CODES
",1288,NULL,40,NULL,47318,2645,46f3a488-ad89-4360-8be1-d9aa5cbeab90
35210,52261,"2026-07-30 16:24:43",1,0,1,"500 HR SERVICE (LOADER)",500,NULL,NULL,NULL,NULL,NULL,NULL,NULL,NULL,"SEE EQUIPMENT DETAILS - PARTS TAB OR WRITE IN PARTS USED:","CHANGE ENGINE OIL
REPLACE ENGINE OIL FILTER
REPLACE PRIMARY FUEL FILTER
REPLACE SECONDARY FUEL FILTER
DRAIN WATER SEPARATOR
CHECK COOLANT LEVEL
INSPECT AIR FILTER
INSPECT INTAKE HOSES
INSPECT BELTS
INSPECT BATTERY
CHECK CHARGING SYSTEM

INSPECT HYDRAULIC HOSES
INSPECT HYDRAULIC COUPLERS
INSPECT QUICK ATTACH
INSPECT LIFT ARMS
INSPECT LOADER LINKAGE
INSPECT LIFT CYLINDERS
INSPECT TILT CYLINDERS

INSPECT TRACKS, TRACK TENSION, SPROCKETS, IDLERS / OR TIRES
INSPECT DRIVE MOTORS

GREASE ALL FITTINGS

CHECK LIGHTS
CHECK BACKUP ALARM
CHECK ACTIVE FAULT CODES
",1288,NULL,40,NULL,47316,2712,1dcbbac0-6ed5-4346-bab5-bcd7b349ac5a
35346,52263,"2026-07-30 19:12:31",1,0,1,"1000 HR SERVICE (SKIDSTEER)",1000,NULL,NULL,NULL,NULL,NULL,NULL,NULL,NULL,"SEE EQUIPMENT DETAILS - PARTS TAB OR WRITE IN PARTS USED:","PERFORM ALL 500 HR TASKS
REPLACE HYDRAULIC RETURN FILTER
REPLACE CASE DRAIN FILTER
INSPECT LOADER LINKAGE
INSPECT CYLINDERS
INSPECT UNDERCARRIAGE WEAR
CHECK HYDRAULIC PRESSURES
PERFORM DIAGNOSTIC SCAN
",1288,NULL,40,NULL,47621,2613,ccded7bd-28c3-4a25-8df3-12188b1b5efe
35381,52263,"2026-07-30 19:13:20",1,0,1,"2000 HR SERVICE (SKIDSTEER)",2000,NULL,NULL,NULL,NULL,NULL,NULL,NULL,NULL,"SEE EQUIPMENT DETAILS - PARTS TAB OR WRITE IN PARTS USED:","PERFORM ALL 1000 HR TASKS
SAMPLE HYDRAULIC OIL
REPLACE COOLANT
INSPECT HYDRAULIC PUMPS
INSPECT FINAL DRIVES
INSPECT TURBOCHARGER
",1288,NULL,40,NULL,47622,2657,77054083-bfd5-4608-999f-252ad727b3b5
35416,52263,"2026-07-30 19:14:11",1,0,1,"500 HR SERVICE (SKIDSTEER)",500,NULL,NULL,NULL,NULL,NULL,NULL,NULL,NULL,"SEE EQUIPMENT DETAILS - PARTS TAB OR WRITE IN FILTERS USED:","CHANGE ENGINE OIL
REPLACE ENGINE OIL FILTER
REPLACE FUEL FILTERS
DRAIN WATER SEPARATOR
CHECK TRACK TENSION
INSPECT SPROCKETS
INSPECT IDLERS
INSPECT DRIVE MOTORS
INSPECT HYDRAULIC HOSES
GREASE ALL PIVOTS
CHECK FAULT CODES

",1288,NULL,40,NULL,47623,2725,0bb51ed0-ceda-4be1-bc13-447206f813b0
35344,52264,"2026-07-30 19:12:29",1,0,1,"1000 HR SERVICE (SKIDSTEER)",1000,NULL,NULL,NULL,NULL,NULL,NULL,NULL,NULL,"SEE EQUIPMENT DETAILS - PARTS TAB OR WRITE IN PARTS USED:","PERFORM ALL 500 HR TASKS
REPLACE HYDRAULIC RETURN FILTER
REPLACE CASE DRAIN FILTER
INSPECT LOADER LINKAGE
INSPECT CYLINDERS
INSPECT UNDERCARRIAGE WEAR
CHECK HYDRAULIC PRESSURES
PERFORM DIAGNOSTIC SCAN
",1288,NULL,40,NULL,47616,2613,9cd160a9-45e3-4bf7-8db2-8a7d5517dfe3
35379,52264,"2026-07-30 19:13:19",1,0,1,"2000 HR SERVICE (SKIDSTEER)",2000,NULL,NULL,NULL,NULL,NULL,NULL,NULL,NULL,"SEE EQUIPMENT DETAILS - PARTS TAB OR WRITE IN PARTS USED:","PERFORM ALL 1000 HR TASKS
SAMPLE HYDRAULIC OIL
REPLACE COOLANT
INSPECT HYDRAULIC PUMPS
INSPECT FINAL DRIVES
INSPECT TURBOCHARGER
",1288,NULL,40,NULL,47617,2657,1b6fa29c-a3bf-451a-80ef-decbd60b8e7d
35414,52264,"2026-07-30 19:14:10",1,0,1,"500 HR SERVICE (SKIDSTEER)",500,NULL,NULL,NULL,NULL,NULL,NULL,NULL,NULL,"SEE EQUIPMENT DETAILS - PARTS TAB OR WRITE IN FILTERS USED:","CHANGE ENGINE OIL
REPLACE ENGINE OIL FILTER
REPLACE FUEL FILTERS
DRAIN WATER SEPARATOR
CHECK TRACK TENSION
INSPECT SPROCKETS
INSPECT IDLERS
INSPECT DRIVE MOTORS
INSPECT HYDRAULIC HOSES
GREASE ALL PIVOTS
CHECK FAULT CODES

",1288,NULL,40,NULL,47615,2725,79e2328e-fd10-4541-87d8-2675e0b1b3e6
35143,52266,"2026-07-30 16:22:32",1,0,1,"1000 HR SERVICE (LOADER)",1000,NULL,NULL,NULL,NULL,NULL,NULL,NULL,NULL,"SEE EQUIPMENT DETAILS - PARTS TAB OR WRITE IN PARTS USED:","INCLUDES ALL 500 HR TASKS
REPLACE HYDRAULIC RETURN FILTER
REPLACE CASE DRAIN FILTER
INSPECT MAIN HYDRAULIC PUMP
INSPECT AUXILIARY HYDRAULICS
CHECK HYDRAULIC PRESSURES
INSPECT CYLINDER RODS
INSPECT CYLINDER SEALS
INSPECT ENGINE MOUNTS
INSPECT FRAME WELDS
MEASURE UNDERCARRIAGE WEAR
INSPECT TRACK ALIGNMENT OR INSPECT TIRES
CHECK CHARGING SYSTEM
PERFORM DIAGNOSTIC SCAN
",1288,NULL,40,NULL,47314,2600,9670ac9a-6e33-41a6-a581-b862df2dce1b
35177,52266,"2026-07-30 16:23:55",1,0,1,"2000 HR SERVICE (LOADER)",2000,NULL,NULL,NULL,NULL,NULL,NULL,NULL,NULL,"SEE EQUIPMENT DETAILS - PARTS TAB OR WRITE IN PARTS USED:","INCLUDES ALL 1000 HR TASKS
SAMPLE HYDRAULIC OIL
REPLACE COOLANT
INSPECT HYDRAULIC PUMPS
INSPECT DRIVE MOTORS
INSPECT FINAL DRIVES
INSPECT TURBOCHARGER
INSPECT INJECTORS
INSPECT AFTERTREATMENT COMPONENTS
INSPECT STRUCTURAL WELDS
HYDRAULIC PERFORMANCE TEST

REVIEW ACTIVE FAULT CODES
",1288,NULL,40,NULL,47315,2645,220cbf7b-1f4f-4dde-8387-ff267b1e895b
35211,52266,"2026-07-30 16:24:43",1,0,1,"500 HR SERVICE (LOADER)",500,NULL,NULL,NULL,NULL,NULL,NULL,NULL,NULL,"SEE EQUIPMENT DETAILS - PARTS TAB OR WRITE IN PARTS USED:","CHANGE ENGINE OIL
REPLACE ENGINE OIL FILTER
REPLACE PRIMARY FUEL FILTER
REPLACE SECONDARY FUEL FILTER
DRAIN WATER SEPARATOR
CHECK COOLANT LEVEL
INSPECT AIR FILTER
INSPECT INTAKE HOSES
INSPECT BELTS
INSPECT BATTERY
CHECK CHARGING SYSTEM

INSPECT HYDRAULIC HOSES
INSPECT HYDRAULIC COUPLERS
INSPECT QUICK ATTACH
INSPECT LIFT ARMS
INSPECT LOADER LINKAGE
INSPECT LIFT CYLINDERS
INSPECT TILT CYLINDERS

INSPECT TRACKS, TRACK TENSION, SPROCKETS, IDLERS / OR TIRES
INSPECT DRIVE MOTORS

GREASE ALL FITTINGS

CHECK LIGHTS
CHECK BACKUP ALARM
CHECK ACTIVE FAULT CODES
",1288,NULL,40,NULL,47313,2712,5920896d-1d11-429a-8b74-6ff1492a016e
35128,52267,"2026-07-30 16:22:23",1,0,1,"1000 HR SERVICE (LOADER)",1000,NULL,NULL,NULL,NULL,NULL,NULL,NULL,NULL,"SEE EQUIPMENT DETAILS - PARTS TAB OR WRITE IN PARTS USED:","INCLUDES ALL 500 HR TASKS
REPLACE HYDRAULIC RETURN FILTER
REPLACE CASE DRAIN FILTER
INSPECT MAIN HYDRAULIC PUMP
INSPECT AUXILIARY HYDRAULICS
CHECK HYDRAULIC PRESSURES
INSPECT CYLINDER RODS
INSPECT CYLINDER SEALS
INSPECT ENGINE MOUNTS
INSPECT FRAME WELDS
MEASURE UNDERCARRIAGE WEAR
INSPECT TRACK ALIGNMENT OR INSPECT TIRES
CHECK CHARGING SYSTEM
PERFORM DIAGNOSTIC SCAN
",1288,NULL,40,NULL,47328,2600,35985950-f0b6-4f48-8eec-96382b011210
35162,52267,"2026-07-30 16:23:45",1,0,1,"2000 HR SERVICE (LOADER)",2000,NULL,NULL,NULL,NULL,NULL,NULL,NULL,NULL,"SEE EQUIPMENT DETAILS - PARTS TAB OR WRITE IN PARTS USED:","INCLUDES ALL 1000 HR TASKS
SAMPLE HYDRAULIC OIL
REPLACE COOLANT
INSPECT HYDRAULIC PUMPS
INSPECT DRIVE MOTORS
INSPECT FINAL DRIVES
INSPECT TURBOCHARGER
INSPECT INJECTORS
INSPECT AFTERTREATMENT COMPONENTS
INSPECT STRUCTURAL WELDS
HYDRAULIC PERFORMANCE TEST

REVIEW ACTIVE FAULT CODES
",1288,NULL,40,NULL,47330,2645,3217c64b-9433-4bf8-ad0b-a4ab6e9bdf95
35196,52267,"2026-07-30 16:24:33",1,0,1,"500 HR SERVICE (LOADER)",500,NULL,NULL,NULL,NULL,NULL,NULL,NULL,NULL,"SEE EQUIPMENT DETAILS - PARTS TAB OR WRITE IN PARTS USED:","CHANGE ENGINE OIL
REPLACE ENGINE OIL FILTER
REPLACE PRIMARY FUEL FILTER
REPLACE SECONDARY FUEL FILTER
DRAIN WATER SEPARATOR
CHECK COOLANT LEVEL
INSPECT AIR FILTER
INSPECT INTAKE HOSES
INSPECT BELTS
INSPECT BATTERY
CHECK CHARGING SYSTEM

INSPECT HYDRAULIC HOSES
INSPECT HYDRAULIC COUPLERS
INSPECT QUICK ATTACH
INSPECT LIFT ARMS
INSPECT LOADER LINKAGE
INSPECT LIFT CYLINDERS
INSPECT TILT CYLINDERS

INSPECT TRACKS, TRACK TENSION, SPROCKETS, IDLERS / OR TIRES
INSPECT DRIVE MOTORS

GREASE ALL FITTINGS

CHECK LIGHTS
CHECK BACKUP ALARM
CHECK ACTIVE FAULT CODES
",1288,NULL,40,NULL,47329,2712,37d52969-09fd-4264-82e9-425dce513e28
35345,52269,"2026-07-30 19:12:31",1,0,1,"1000 HR SERVICE (SKIDSTEER)",1000,NULL,NULL,NULL,NULL,NULL,NULL,NULL,NULL,"SEE EQUIPMENT DETAILS - PARTS TAB OR WRITE IN PARTS USED:","PERFORM ALL 500 HR TASKS
REPLACE HYDRAULIC RETURN FILTER
REPLACE CASE DRAIN FILTER
INSPECT LOADER LINKAGE
INSPECT CYLINDERS
INSPECT UNDERCARRIAGE WEAR
CHECK HYDRAULIC PRESSURES
PERFORM DIAGNOSTIC SCAN
",1288,NULL,40,NULL,47618,2613,e1b729b7-ed10-4f8c-a8e2-8e0f338667d9
35380,52269,"2026-07-30 19:13:19",1,0,1,"2000 HR SERVICE (SKIDSTEER)",2000,NULL,NULL,NULL,NULL,NULL,NULL,NULL,NULL,"SEE EQUIPMENT DETAILS - PARTS TAB OR WRITE IN PARTS USED:","PERFORM ALL 1000 HR TASKS
SAMPLE HYDRAULIC OIL
REPLACE COOLANT
INSPECT HYDRAULIC PUMPS
INSPECT FINAL DRIVES
INSPECT TURBOCHARGER
",1288,NULL,40,NULL,47620,2657,a11f9250-56ba-489d-a34c-7d2b91b99ad8
35415,52269,"2026-07-30 19:14:10",1,0,1,"500 HR SERVICE (SKIDSTEER)",500,NULL,NULL,NULL,NULL,NULL,NULL,NULL,NULL,"SEE EQUIPMENT DETAILS - PARTS TAB OR WRITE IN FILTERS USED:","CHANGE ENGINE OIL
REPLACE ENGINE OIL FILTER
REPLACE FUEL FILTERS
DRAIN WATER SEPARATOR
CHECK TRACK TENSION
INSPECT SPROCKETS
INSPECT IDLERS
INSPECT DRIVE MOTORS
INSPECT HYDRAULIC HOSES
GREASE ALL PIVOTS
CHECK FAULT CODES

",1288,NULL,40,NULL,47619,2725,1d48a20e-d72a-424d-b463-493380382672
35348,52271,"2026-07-30 19:12:33",1,0,1,"1000 HR SERVICE (SKIDSTEER)",1000,NULL,NULL,NULL,NULL,NULL,NULL,NULL,NULL,"SEE EQUIPMENT DETAILS - PARTS TAB OR WRITE IN PARTS USED:","PERFORM ALL 500 HR TASKS
REPLACE HYDRAULIC RETURN FILTER
REPLACE CASE DRAIN FILTER
INSPECT LOADER LINKAGE
INSPECT CYLINDERS
INSPECT UNDERCARRIAGE WEAR
CHECK HYDRAULIC PRESSURES
PERFORM DIAGNOSTIC SCAN
",1288,NULL,40,NULL,47628,2613,cc0545f2-63ef-42ad-b269-7f671f1f0042
35383,52271,"2026-07-30 19:13:21",1,0,1,"2000 HR SERVICE (SKIDSTEER)",2000,NULL,NULL,NULL,NULL,NULL,NULL,NULL,NULL,"SEE EQUIPMENT DETAILS - PARTS TAB OR WRITE IN PARTS USED:","PERFORM ALL 1000 HR TASKS
SAMPLE HYDRAULIC OIL
REPLACE COOLANT
INSPECT HYDRAULIC PUMPS
INSPECT FINAL DRIVES
INSPECT TURBOCHARGER
",1288,NULL,40,NULL,47629,2657,f731eb78-4b87-47d4-b596-44b911d91033
35418,52271,"2026-07-30 19:14:12",1,0,1,"500 HR SERVICE (SKIDSTEER)",500,NULL,NULL,NULL,NULL,NULL,NULL,NULL,NULL,"SEE EQUIPMENT DETAILS - PARTS TAB OR WRITE IN FILTERS USED:","CHANGE ENGINE OIL
REPLACE ENGINE OIL FILTER
REPLACE FUEL FILTERS
DRAIN WATER SEPARATOR
CHECK TRACK TENSION
INSPECT SPROCKETS
INSPECT IDLERS
INSPECT DRIVE MOTORS
INSPECT HYDRAULIC HOSES
GREASE ALL PIVOTS
CHECK FAULT CODES

",1288,NULL,40,NULL,47627,2725,7af9f36f-5750-4511-8705-c949d40265a8
35120,52272,"2026-07-30 16:22:12",1,0,1,"1000 HR SERVICE (LOADER)",1000,NULL,NULL,NULL,NULL,NULL,NULL,NULL,NULL,"SEE EQUIPMENT DETAILS - PARTS TAB OR WRITE IN PARTS USED:","INCLUDES ALL 500 HR TASKS
REPLACE HYDRAULIC RETURN FILTER
REPLACE CASE DRAIN FILTER
INSPECT MAIN HYDRAULIC PUMP
INSPECT AUXILIARY HYDRAULICS
CHECK HYDRAULIC PRESSURES
INSPECT CYLINDER RODS
INSPECT CYLINDER SEALS
INSPECT ENGINE MOUNTS
INSPECT FRAME WELDS
MEASURE UNDERCARRIAGE WEAR
INSPECT TRACK ALIGNMENT OR INSPECT TIRES
CHECK CHARGING SYSTEM
PERFORM DIAGNOSTIC SCAN
",1288,NULL,40,NULL,47326,2600,165ea99b-2ac4-49c5-8df3-76356b6362ab
35156,52272,"2026-07-30 16:23:41",1,0,1,"2000 HR SERVICE (LOADER)",2000,NULL,NULL,NULL,NULL,NULL,NULL,NULL,NULL,"SEE EQUIPMENT DETAILS - PARTS TAB OR WRITE IN PARTS USED:","INCLUDES ALL 1000 HR TASKS
SAMPLE HYDRAULIC OIL
REPLACE COOLANT
INSPECT HYDRAULIC PUMPS
INSPECT DRIVE MOTORS
INSPECT FINAL DRIVES
INSPECT TURBOCHARGER
INSPECT INJECTORS
INSPECT AFTERTREATMENT COMPONENTS
INSPECT STRUCTURAL WELDS
HYDRAULIC PERFORMANCE TEST

REVIEW ACTIVE FAULT CODES
",1288,NULL,40,NULL,47327,2645,5859a77f-71cf-4066-bd89-33e1f0e511f3
35190,52272,"2026-07-30 16:24:29",1,0,1,"500 HR SERVICE (LOADER)",500,NULL,NULL,NULL,NULL,NULL,NULL,NULL,NULL,"SEE EQUIPMENT DETAILS - PARTS TAB OR WRITE IN PARTS USED:","CHANGE ENGINE OIL
REPLACE ENGINE OIL FILTER
REPLACE PRIMARY FUEL FILTER
REPLACE SECONDARY FUEL FILTER
DRAIN WATER SEPARATOR
CHECK COOLANT LEVEL
INSPECT AIR FILTER
INSPECT INTAKE HOSES
INSPECT BELTS
INSPECT BATTERY
CHECK CHARGING SYSTEM

INSPECT HYDRAULIC HOSES
INSPECT HYDRAULIC COUPLERS
INSPECT QUICK ATTACH
INSPECT LIFT ARMS
INSPECT LOADER LINKAGE
INSPECT LIFT CYLINDERS
INSPECT TILT CYLINDERS

INSPECT TRACKS, TRACK TENSION, SPROCKETS, IDLERS / OR TIRES
INSPECT DRIVE MOTORS

GREASE ALL FITTINGS

CHECK LIGHTS
CHECK BACKUP ALARM
CHECK ACTIVE FAULT CODES
",1288,NULL,40,NULL,47325,2712,3e2432ce-9df1-493e-899f-ad04af79b20a
35129,52277,"2026-07-30 16:22:23",1,0,1,"1000 HR SERVICE (LOADER)",1000,NULL,NULL,NULL,NULL,NULL,NULL,NULL,NULL,"SEE EQUIPMENT DETAILS - PARTS TAB OR WRITE IN PARTS USED:","INCLUDES ALL 500 HR TASKS
REPLACE HYDRAULIC RETURN FILTER
REPLACE CASE DRAIN FILTER
INSPECT MAIN HYDRAULIC PUMP
INSPECT AUXILIARY HYDRAULICS
CHECK HYDRAULIC PRESSURES
INSPECT CYLINDER RODS
INSPECT CYLINDER SEALS
INSPECT ENGINE MOUNTS
INSPECT FRAME WELDS
MEASURE UNDERCARRIAGE WEAR
INSPECT TRACK ALIGNMENT OR INSPECT TIRES
CHECK CHARGING SYSTEM
PERFORM DIAGNOSTIC SCAN
",1288,NULL,40,NULL,47323,2600,68e6d923-6d0d-4766-ad12-63d60211f4de
35163,52277,"2026-07-30 16:23:46",1,0,1,"2000 HR SERVICE (LOADER)",2000,NULL,NULL,NULL,NULL,NULL,NULL,NULL,NULL,"SEE EQUIPMENT DETAILS - PARTS TAB OR WRITE IN PARTS USED:","INCLUDES ALL 1000 HR TASKS
SAMPLE HYDRAULIC OIL
REPLACE COOLANT
INSPECT HYDRAULIC PUMPS
INSPECT DRIVE MOTORS
INSPECT FINAL DRIVES
INSPECT TURBOCHARGER
INSPECT INJECTORS
INSPECT AFTERTREATMENT COMPONENTS
INSPECT STRUCTURAL WELDS
HYDRAULIC PERFORMANCE TEST

REVIEW ACTIVE FAULT CODES
",1288,NULL,40,NULL,47324,2645,876228d3-4a5f-461e-a2fc-67aa418c30f5
35197,52277,"2026-07-30 16:24:33",1,0,1,"500 HR SERVICE (LOADER)",500,NULL,NULL,NULL,NULL,NULL,NULL,NULL,NULL,"SEE EQUIPMENT DETAILS - PARTS TAB OR WRITE IN PARTS USED:","CHANGE ENGINE OIL
REPLACE ENGINE OIL FILTER
REPLACE PRIMARY FUEL FILTER
REPLACE SECONDARY FUEL FILTER
DRAIN WATER SEPARATOR
CHECK COOLANT LEVEL
INSPECT AIR FILTER
INSPECT INTAKE HOSES
INSPECT BELTS
INSPECT BATTERY
CHECK CHARGING SYSTEM

INSPECT HYDRAULIC HOSES
INSPECT HYDRAULIC COUPLERS
INSPECT QUICK ATTACH
INSPECT LIFT ARMS
INSPECT LOADER LINKAGE
INSPECT LIFT CYLINDERS
INSPECT TILT CYLINDERS

INSPECT TRACKS, TRACK TENSION, SPROCKETS, IDLERS / OR TIRES
INSPECT DRIVE MOTORS

GREASE ALL FITTINGS

CHECK LIGHTS
CHECK BACKUP ALARM
CHECK ACTIVE FAULT CODES
",1288,NULL,40,NULL,47322,2712,96b569b4-b6e7-4b02-9d20-b1dd2e09a3ba
35944,52278,"2026-07-31 15:48:35",2,0,1,"6000 MI SERVICE (MECHANIC)",NULL,NULL,6000,NULL,NULL,NULL,NULL,NULL,NULL,"SEE EQUIPMENT DETAILS - PARTS TAB OR WRITE IN PARTS USED:

","ENGINE & FLUIDS:
-CHANGE ENGINE OIL AND OIL FILTER
-CHECK COOLANT LEVEL AND CONDITION
-CHECK POWER STEERING FLUID
-CHECK TRANSMISSION FLUID LEVEL/FILTER
-CHECK HYDRAULIC FLUID LEVEL
-CHECK DEF LEVEL AND INSPECT DEF SYSTEM
-DRAIN WATER SEPARATOR AND INSPECT FUEL SYSTEM

AIR:
-INSPECT AIR FILTERS AND REPLACE IF NEEDED

BRAKES:
-INSPECT BRAKE LININGS/PADS
-CHECK BRAKE DRUMS/ROTORS
-INSPECT SLACK ADJUSTERS
-CHECK BRAKE CHAMBERS AND HARDWARE
-VERIFY PARKING BRAKE OPERATION

TIRES & WHEELS:
-CHECK TIRE PRESSURE
-MEASURE TREAD DEPTH
-INSPECT FOR CUTS, PUNCTURES, AND UNEVEN WEAR
-CHECK WHEEL NUTS AND RIM CONDITION

STEERING & SUSPENSION:
-INSPECT STEERING LINKAGE
-CHECK KINGPINS AND TIE-ROD ENDS
-LUBRICATE GREASE FITTINGS
-INSPECT SPRINGS, BUSHINGS, SHOCKS, AND U-BOLTS

ELECTRICAL SYSTEM:
-TEST LIGHTS AND SIGNALS
-INSPECT BATTERIES AND CONNECTIONS
-CHECK ALTERNATOR CHARGING VOLTAGE
-INSPECT WIRING FOR DAMAGE

GENERAL INSPECTION:
-CHECK MIRRORS, WINDSHIELD, AND WIPERS
-INSPECT SEAT BELTS
-CHECK HORN AND BACKUP ALARM
-INSPECT PTO OPERATION
-DOCUMENT DEFECTS AND REPAIRS
",1288,NULL,NULL,200,NULL,2745,c9c3caa5-920e-42eb-b4d3-2d2b1e1f9a16
35955,52278,"2026-07-31 15:49:27",2,0,1,"20000 MI SERVICE (MECHANIC)",NULL,NULL,20000,NULL,NULL,NULL,NULL,NULL,NULL,"SEE EQUIPMENT DETAILS - PARTS TAB OR WRITE IN PARTS USED:

","INCLUDES ALL 6,000 MI SERVICE ITEMS, PLUS:

ENGINE MAINTENANCE:
-CHANGE ENGINE OIL AND FILTER
-REPLACE FUEL FILTERS (PRIMARY AND SECONDARY IF REQUIRED)
-INSPECT SERPENTINE BELTS AND TENSIONERS
-INSPECT COOLING SYSTEM HOSES AND CLAMPS
-CHECK ENGINE MOUNTS

AIR INTAKE SYSTEM:
-INSPECT AIR CLEANER RESTRICTION INDICATOR
-INSPECT AIR FILTER AND REPLACE IF NEEDED
-CHECK TURBOCHARGER CONNECTIONS

DRIVELINE:
-INSPECT DRIVESHAFT
-LUBRICATE U-JOINTS
-INSPECT CARRIER BEARINGS
-CHECK DIFFERENTIAL FLUID LEVELS

TRANSMISSION:
-INSPECT TRANSMISSION FOR LEAKS
-CHECK TRANSMISSION FLUID CONDITION/CHANGE FILTER
-INSPECT PTO AND PTO MOUNTS

AXLES & HUBS:
-CHECK AXLE OIL LEVELS
-INSPECT WHEEL SEALS FOR LEAKS
-CHECK HUB OIL LEVELS

BRAKE SYSTEM:
-MEASURE BRAKE LINING THICKNESS
-INSPECT ABS SENSORS AND WIRING
-CHECK BRAKE ADJUSTMENT
-INSPECT FOUNDATION BRAKE COMPONENTS

SUSPENSION:
-TORQUE-CHECK SUSPENSION COMPONENTS
-INSPECT SPRING HANGERS
-CHECK TORQUE RODS AND BUSHINGS
-INSPECT AIR BAGS (IF EQUIPPED)

HYDRAULIC SYSTEM:
-CHECK HYDRAULIC TANK BREATHER
-INSPECT HYDRAULIC FILTER CONDITION/SAMPLE FLUID
-VERIFY HYDRAULIC PRESSURE AND OPERATION

FRAME & BODY:
-INSPECT FRAME RAILS FOR CRACKS
-CHECK CROSS MEMBERS
-CHECK TAILGATE OPERATION AND HARDWARE

SAFETY INSPECTION:
-VERIFY REFLECTIVE TAPE CONDITION
-TEST BACKUP CAMERA (IF EQUIPPED)
",1288,NULL,NULL,200,NULL,2672,7ce05d1c-f95e-4572-bd79-5bcc2114224c
35139,52281,"2026-07-30 16:22:29",1,0,1,"1000 HR SERVICE (LOADER)",1000,NULL,NULL,NULL,NULL,NULL,NULL,NULL,NULL,"SEE EQUIPMENT DETAILS - PARTS TAB OR WRITE IN PARTS USED:","INCLUDES ALL 500 HR TASKS
REPLACE HYDRAULIC RETURN FILTER
REPLACE CASE DRAIN FILTER
INSPECT MAIN HYDRAULIC PUMP
INSPECT AUXILIARY HYDRAULICS
CHECK HYDRAULIC PRESSURES
INSPECT CYLINDER RODS
INSPECT CYLINDER SEALS
INSPECT ENGINE MOUNTS
INSPECT FRAME WELDS
MEASURE UNDERCARRIAGE WEAR
INSPECT TRACK ALIGNMENT OR INSPECT TIRES
CHECK CHARGING SYSTEM
PERFORM DIAGNOSTIC SCAN
",1288,NULL,40,NULL,47252,2600,03600a80-f7cb-4c96-969a-3b829600dab7
35173,52281,"2026-07-30 16:23:52",1,0,1,"2000 HR SERVICE (LOADER)",2000,NULL,NULL,NULL,NULL,NULL,NULL,NULL,NULL,"SEE EQUIPMENT DETAILS - PARTS TAB OR WRITE IN PARTS USED:","INCLUDES ALL 1000 HR TASKS
SAMPLE HYDRAULIC OIL
REPLACE COOLANT
INSPECT HYDRAULIC PUMPS
INSPECT DRIVE MOTORS
INSPECT FINAL DRIVES
INSPECT TURBOCHARGER
INSPECT INJECTORS
INSPECT AFTERTREATMENT COMPONENTS
INSPECT STRUCTURAL WELDS
HYDRAULIC PERFORMANCE TEST

REVIEW ACTIVE FAULT CODES
",1288,NULL,40,NULL,47256,2645,a0c564a9-5757-4ab3-ae02-877d106c0120
35207,52281,"2026-07-30 16:24:38",1,0,1,"500 HR SERVICE (LOADER)",500,NULL,NULL,NULL,NULL,NULL,NULL,NULL,NULL,"SEE EQUIPMENT DETAILS - PARTS TAB OR WRITE IN PARTS USED:","CHANGE ENGINE OIL
REPLACE ENGINE OIL FILTER
REPLACE PRIMARY FUEL FILTER
REPLACE SECONDARY FUEL FILTER
DRAIN WATER SEPARATOR
CHECK COOLANT LEVEL
INSPECT AIR FILTER
INSPECT INTAKE HOSES
INSPECT BELTS
INSPECT BATTERY
CHECK CHARGING SYSTEM

INSPECT HYDRAULIC HOSES
INSPECT HYDRAULIC COUPLERS
INSPECT QUICK ATTACH
INSPECT LIFT ARMS
INSPECT LOADER LINKAGE
INSPECT LIFT CYLINDERS
INSPECT TILT CYLINDERS

INSPECT TRACKS, TRACK TENSION, SPROCKETS, IDLERS / OR TIRES
INSPECT DRIVE MOTORS

GREASE ALL FITTINGS

CHECK LIGHTS
CHECK BACKUP ALARM
CHECK ACTIVE FAULT CODES
",1288,NULL,40,NULL,47257,2712,f876297e-6aed-41cf-b6a3-c31bbc376e5e
35349,52282,"2026-07-30 19:12:34",1,0,1,"1000 HR SERVICE (SKIDSTEER)",1000,NULL,NULL,NULL,NULL,NULL,NULL,NULL,NULL,"SEE EQUIPMENT DETAILS - PARTS TAB OR WRITE IN PARTS USED:","PERFORM ALL 500 HR TASKS
REPLACE HYDRAULIC RETURN FILTER
REPLACE CASE DRAIN FILTER
INSPECT LOADER LINKAGE
INSPECT CYLINDERS
INSPECT UNDERCARRIAGE WEAR
CHECK HYDRAULIC PRESSURES
PERFORM DIAGNOSTIC SCAN
",1288,NULL,40,NULL,47636,2613,607585a2-1446-453d-845f-c7d051fdc5d4
35384,52282,"2026-07-30 19:13:22",1,0,1,"2000 HR SERVICE (SKIDSTEER)",2000,NULL,NULL,NULL,NULL,NULL,NULL,NULL,NULL,"SEE EQUIPMENT DETAILS - PARTS TAB OR WRITE IN PARTS USED:","PERFORM ALL 1000 HR TASKS
SAMPLE HYDRAULIC OIL
REPLACE COOLANT
INSPECT HYDRAULIC PUMPS
INSPECT FINAL DRIVES
INSPECT TURBOCHARGER
",1288,NULL,40,NULL,47637,2657,a39d8224-5054-4eeb-9d54-487eb3f94f96
35419,52282,"2026-07-30 19:14:13",1,0,1,"500 HR SERVICE (SKIDSTEER)",500,NULL,NULL,NULL,NULL,NULL,NULL,NULL,NULL,"SEE EQUIPMENT DETAILS - PARTS TAB OR WRITE IN FILTERS USED:","CHANGE ENGINE OIL
REPLACE ENGINE OIL FILTER
REPLACE FUEL FILTERS
DRAIN WATER SEPARATOR
CHECK TRACK TENSION
INSPECT SPROCKETS
INSPECT IDLERS
INSPECT DRIVE MOTORS
INSPECT HYDRAULIC HOSES
GREASE ALL PIVOTS
CHECK FAULT CODES

",1288,NULL,40,NULL,47638,2725,238bef6f-0d79-4098-9660-c9ab57292d77
37156,52284,"2026-08-17 16:22:26",3,0,1,"DOT - ANNUAL",NULL,365,NULL,NULL,2026-08-13,NULL,NULL,NULL,NULL,,"ATTACH DOT ANNUAL PAPERWORK. PLEASE VERIFY VIN NUMBER!",16222,30,NULL,NULL,48836,NULL,a2b8f22a-2dba-4e78-ac84-6b1c39dbee11
35347,52285,"2026-07-30 19:12:32",1,0,1,"1000 HR SERVICE (SKIDSTEER)",1000,NULL,NULL,NULL,NULL,NULL,NULL,NULL,NULL,"SEE EQUIPMENT DETAILS - PARTS TAB OR WRITE IN PARTS USED:","PERFORM ALL 500 HR TASKS
REPLACE HYDRAULIC RETURN FILTER
REPLACE CASE DRAIN FILTER
INSPECT LOADER LINKAGE
INSPECT CYLINDERS
INSPECT UNDERCARRIAGE WEAR
CHECK HYDRAULIC PRESSURES
PERFORM DIAGNOSTIC SCAN
",1288,NULL,40,NULL,47624,2613,a05fa1bb-d462-42a2-982b-b26e70204432
35382,52285,"2026-07-30 19:13:20",1,0,1,"2000 HR SERVICE (SKIDSTEER)",2000,NULL,NULL,NULL,NULL,NULL,NULL,NULL,NULL,"SEE EQUIPMENT DETAILS - PARTS TAB OR WRITE IN PARTS USED:","PERFORM ALL 1000 HR TASKS
SAMPLE HYDRAULIC OIL
REPLACE COOLANT
INSPECT HYDRAULIC PUMPS
INSPECT FINAL DRIVES
INSPECT TURBOCHARGER
",1288,NULL,40,NULL,47625,2657,e2aacf65-1563-4bce-9383-60a483d13511
35417,52285,"2026-07-30 19:14:11",1,0,1,"500 HR SERVICE (SKIDSTEER)",500,NULL,NULL,NULL,NULL,NULL,NULL,NULL,NULL,"SEE EQUIPMENT DETAILS - PARTS TAB OR WRITE IN FILTERS USED:","CHANGE ENGINE OIL
REPLACE ENGINE OIL FILTER
REPLACE FUEL FILTERS
DRAIN WATER SEPARATOR
CHECK TRACK TENSION
INSPECT SPROCKETS
INSPECT IDLERS
INSPECT DRIVE MOTORS
INSPECT HYDRAULIC HOSES
GREASE ALL PIVOTS
CHECK FAULT CODES

",1288,NULL,40,NULL,47626,2725,877d1127-2122-48ac-a69f-45981ab0903d
35136,52286,"2026-07-30 16:22:27",1,0,1,"1000 HR SERVICE (LOADER)",1000,NULL,NULL,NULL,NULL,NULL,NULL,NULL,NULL,"SEE EQUIPMENT DETAILS - PARTS TAB OR WRITE IN PARTS USED:","INCLUDES ALL 500 HR TASKS
REPLACE HYDRAULIC RETURN FILTER
REPLACE CASE DRAIN FILTER
INSPECT MAIN HYDRAULIC PUMP
INSPECT AUXILIARY HYDRAULICS
CHECK HYDRAULIC PRESSURES
INSPECT CYLINDER RODS
INSPECT CYLINDER SEALS
INSPECT ENGINE MOUNTS
INSPECT FRAME WELDS
MEASURE UNDERCARRIAGE WEAR
INSPECT TRACK ALIGNMENT OR INSPECT TIRES
CHECK CHARGING SYSTEM
PERFORM DIAGNOSTIC SCAN
",1288,NULL,40,NULL,47269,2600,571a3b29-ef82-486e-a60d-d8c8c80f2d73
35170,52286,"2026-07-30 16:23:50",1,0,1,"2000 HR SERVICE (LOADER)",2000,NULL,NULL,NULL,NULL,NULL,NULL,NULL,NULL,"SEE EQUIPMENT DETAILS - PARTS TAB OR WRITE IN PARTS USED:","INCLUDES ALL 1000 HR TASKS
SAMPLE HYDRAULIC OIL
REPLACE COOLANT
INSPECT HYDRAULIC PUMPS
INSPECT DRIVE MOTORS
INSPECT FINAL DRIVES
INSPECT TURBOCHARGER
INSPECT INJECTORS
INSPECT AFTERTREATMENT COMPONENTS
INSPECT STRUCTURAL WELDS
HYDRAULIC PERFORMANCE TEST

REVIEW ACTIVE FAULT CODES
",1288,NULL,40,NULL,47270,2645,32f969f9-2fe8-415b-a3c5-2ca633ed95ba
35204,52286,"2026-07-30 16:24:37",1,0,1,"500 HR SERVICE (LOADER)",500,NULL,NULL,NULL,NULL,NULL,NULL,NULL,NULL,"SEE EQUIPMENT DETAILS - PARTS TAB OR WRITE IN PARTS USED:","CHANGE ENGINE OIL
REPLACE ENGINE OIL FILTER
REPLACE PRIMARY FUEL FILTER
REPLACE SECONDARY FUEL FILTER
DRAIN WATER SEPARATOR
CHECK COOLANT LEVEL
INSPECT AIR FILTER
INSPECT INTAKE HOSES
INSPECT BELTS
INSPECT BATTERY
CHECK CHARGING SYSTEM

INSPECT HYDRAULIC HOSES
INSPECT HYDRAULIC COUPLERS
INSPECT QUICK ATTACH
INSPECT LIFT ARMS
INSPECT LOADER LINKAGE
INSPECT LIFT CYLINDERS
INSPECT TILT CYLINDERS

INSPECT TRACKS, TRACK TENSION, SPROCKETS, IDLERS / OR TIRES
INSPECT DRIVE MOTORS

GREASE ALL FITTINGS

CHECK LIGHTS
CHECK BACKUP ALARM
CHECK ACTIVE FAULT CODES
",1288,NULL,40,NULL,47271,2712,c79cd16a-620f-47d2-be1b-d53379d738ad
34696,52287,"2026-07-29 21:15:12",1,0,1,"1000 HR SERVICE (EXCAVATOR)",1000,NULL,NULL,NULL,NULL,NULL,NULL,1000,NULL,"SEE EQUIPMENT DETAILS - PARTS TAB OR WRITE IN PARTS USED:
","INCLUDES ALL 500 HR TASKS, PLUS:
REPLACE HYDRAULIC RETURN FILTER
REPLACE PILOT FILTER
INSPECT PUMPS
INSPECT SWING DRIVE
INSPECT ROLLERS
INSPECT IDLERS
INSPECT TRACK CHAINS
PERFORM DIAGNOSTIC SCAN
",1288,NULL,40,NULL,47633,2585,b8387186-2965-478f-98e0-f292f5909f91
34748,52287,"2026-07-29 21:16:15",1,0,1,"2000 HR SERVICE (EXCAVATOR)",2000,NULL,NULL,NULL,NULL,NULL,NULL,NULL,NULL,"SEE EQUIPMENT DETAILS - PARTS TAB OR WRITE IN PARTS USED:
","INCLUDES ALL 1000 HR TASKS
SAMPLE HYDRAULIC OIL
REPLACE COOLANT
INSPECT MAIN PUMPS
INSPECT SWING GEARBOX
INSPECT TRAVEL GEARBOXES
HYDRAULIC PERFORMANCE TEST
",1288,NULL,40,NULL,47635,2633,f3a26f52-6c54-4feb-ac36-b68e29aa04c4
34800,52287,"2026-07-29 21:17:23",1,0,1,"500 HR SERVICE (EXCAVATOR)",500,NULL,NULL,NULL,NULL,NULL,NULL,NULL,NULL,"SEE EQUIPMENT DETAILS - PARTS TAB OR WRITE IN PARTS USED:
","CHANGE ENGINE OIL
REPLACE ENGINE OIL FILTER
REPLACE FUEL FILTERS
REPLACE AIR FILTERS
CHECK ALL FLUIDS
GREASE BOOM PINS & BUSHINGS
GREASE STICK PINS
GREASE BUCKET PINS
GREASE SWING BEARING
INSPECT TIRES/TRACKS
INSPECT CYLINDERS
INSPECT UNDERCARRIAGE
INSPECT/CHANGE FINAL DRIVES
CHECK FAULT CODES
RESET SERVICE METER
",1288,NULL,40,NULL,47634,2694,6d5c4247-b6f0-4716-9937-2c99563dbf7f
35153,52288,"2026-07-30 16:22:38",1,0,1,"1000 HR SERVICE (LOADER)",1000,NULL,NULL,NULL,NULL,NULL,NULL,NULL,NULL,"SEE EQUIPMENT DETAILS - PARTS TAB OR WRITE IN PARTS USED:","INCLUDES ALL 500 HR TASKS
REPLACE HYDRAULIC RETURN FILTER
REPLACE CASE DRAIN FILTER
INSPECT MAIN HYDRAULIC PUMP
INSPECT AUXILIARY HYDRAULICS
CHECK HYDRAULIC PRESSURES
INSPECT CYLINDER RODS
INSPECT CYLINDER SEALS
INSPECT ENGINE MOUNTS
INSPECT FRAME WELDS
MEASURE UNDERCARRIAGE WEAR
INSPECT TRACK ALIGNMENT OR INSPECT TIRES
CHECK CHARGING SYSTEM
PERFORM DIAGNOSTIC SCAN
",1288,NULL,40,NULL,47243,2600,8d82a927-b4c6-4bf2-9100-959fdae77123
35187,52288,"2026-07-30 16:24:01",1,0,1,"2000 HR SERVICE (LOADER)",2000,NULL,NULL,NULL,NULL,NULL,NULL,NULL,NULL,"SEE EQUIPMENT DETAILS - PARTS TAB OR WRITE IN PARTS USED:","INCLUDES ALL 1000 HR TASKS
SAMPLE HYDRAULIC OIL
REPLACE COOLANT
INSPECT HYDRAULIC PUMPS
INSPECT DRIVE MOTORS
INSPECT FINAL DRIVES
INSPECT TURBOCHARGER
INSPECT INJECTORS
INSPECT AFTERTREATMENT COMPONENTS
INSPECT STRUCTURAL WELDS
HYDRAULIC PERFORMANCE TEST

REVIEW ACTIVE FAULT CODES
",1288,NULL,40,NULL,47244,2645,5d2c21c2-f7dc-4a15-a41f-b873a18c9424
35221,52288,"2026-07-30 16:24:49",1,0,1,"500 HR SERVICE (LOADER)",500,NULL,NULL,NULL,NULL,NULL,NULL,NULL,NULL,"SEE EQUIPMENT DETAILS - PARTS TAB OR WRITE IN PARTS USED:","CHANGE ENGINE OIL
REPLACE ENGINE OIL FILTER
REPLACE PRIMARY FUEL FILTER
REPLACE SECONDARY FUEL FILTER
DRAIN WATER SEPARATOR
CHECK COOLANT LEVEL
INSPECT AIR FILTER
INSPECT INTAKE HOSES
INSPECT BELTS
INSPECT BATTERY
CHECK CHARGING SYSTEM

INSPECT HYDRAULIC HOSES
INSPECT HYDRAULIC COUPLERS
INSPECT QUICK ATTACH
INSPECT LIFT ARMS
INSPECT LOADER LINKAGE
INSPECT LIFT CYLINDERS
INSPECT TILT CYLINDERS

INSPECT TRACKS, TRACK TENSION, SPROCKETS, IDLERS / OR TIRES
INSPECT DRIVE MOTORS

GREASE ALL FITTINGS

CHECK LIGHTS
CHECK BACKUP ALARM
CHECK ACTIVE FAULT CODES
",1288,NULL,40,NULL,47245,2712,760532dd-f92f-49ba-b9ee-55aca080355e
35350,52289,"2026-07-30 19:12:35",1,0,1,"1000 HR SERVICE (SKIDSTEER)",1000,NULL,NULL,NULL,NULL,NULL,NULL,NULL,NULL,"SEE EQUIPMENT DETAILS - PARTS TAB OR WRITE IN PARTS USED:","PERFORM ALL 500 HR TASKS
REPLACE HYDRAULIC RETURN FILTER
REPLACE CASE DRAIN FILTER
INSPECT LOADER LINKAGE
INSPECT CYLINDERS
INSPECT UNDERCARRIAGE WEAR
CHECK HYDRAULIC PRESSURES
PERFORM DIAGNOSTIC SCAN
",1288,NULL,40,NULL,47639,2613,a391ba35-5551-4195-80cd-cbbeb718ebf8
35385,52289,"2026-07-30 19:13:23",1,0,1,"2000 HR SERVICE (SKIDSTEER)",2000,NULL,NULL,NULL,NULL,NULL,NULL,NULL,NULL,"SEE EQUIPMENT DETAILS - PARTS TAB OR WRITE IN PARTS USED:","PERFORM ALL 1000 HR TASKS
SAMPLE HYDRAULIC OIL
REPLACE COOLANT
INSPECT HYDRAULIC PUMPS
INSPECT FINAL DRIVES
INSPECT TURBOCHARGER
",1288,NULL,40,NULL,NULL,2657,bcb896de-7a56-460e-8dbc-e819cdd2ccd0
35420,52289,"2026-07-30 19:14:14",1,0,1,"500 HR SERVICE (SKIDSTEER)",500,NULL,NULL,NULL,NULL,NULL,NULL,NULL,NULL,"SEE EQUIPMENT DETAILS - PARTS TAB OR WRITE IN FILTERS USED:","CHANGE ENGINE OIL
REPLACE ENGINE OIL FILTER
REPLACE FUEL FILTERS
DRAIN WATER SEPARATOR
CHECK TRACK TENSION
INSPECT SPROCKETS
INSPECT IDLERS
INSPECT DRIVE MOTORS
INSPECT HYDRAULIC HOSES
GREASE ALL PIVOTS
CHECK FAULT CODES

",1288,NULL,40,NULL,47640,2725,2f85cfb7-d2d1-4ef6-8ec0-51c181fbb8c2
35141,52293,"2026-07-30 16:22:31",1,0,1,"1000 HR SERVICE (LOADER)",1000,NULL,NULL,NULL,NULL,NULL,NULL,NULL,NULL,"SEE EQUIPMENT DETAILS - PARTS TAB OR WRITE IN PARTS USED:","INCLUDES ALL 500 HR TASKS
REPLACE HYDRAULIC RETURN FILTER
REPLACE CASE DRAIN FILTER
INSPECT MAIN HYDRAULIC PUMP
INSPECT AUXILIARY HYDRAULICS
CHECK HYDRAULIC PRESSURES
INSPECT CYLINDER RODS
INSPECT CYLINDER SEALS
INSPECT ENGINE MOUNTS
INSPECT FRAME WELDS
MEASURE UNDERCARRIAGE WEAR
INSPECT TRACK ALIGNMENT OR INSPECT TIRES
CHECK CHARGING SYSTEM
PERFORM DIAGNOSTIC SCAN
",1288,NULL,40,NULL,47319,2600,09a4f89f-1115-4b56-a836-70f4ee1e5fda
35175,52293,"2026-07-30 16:23:54",1,0,1,"2000 HR SERVICE (LOADER)",2000,NULL,NULL,NULL,NULL,NULL,NULL,NULL,NULL,"SEE EQUIPMENT DETAILS - PARTS TAB OR WRITE IN PARTS USED:","INCLUDES ALL 1000 HR TASKS
SAMPLE HYDRAULIC OIL
REPLACE COOLANT
INSPECT HYDRAULIC PUMPS
INSPECT DRIVE MOTORS
INSPECT FINAL DRIVES
INSPECT TURBOCHARGER
INSPECT INJECTORS
INSPECT AFTERTREATMENT COMPONENTS
INSPECT STRUCTURAL WELDS
HYDRAULIC PERFORMANCE TEST

REVIEW ACTIVE FAULT CODES
",1288,NULL,40,NULL,47320,2645,dfc22d23-7227-4199-ad45-a52fdee100a3
35209,52293,"2026-07-30 16:24:42",1,0,1,"500 HR SERVICE (LOADER)",500,NULL,NULL,NULL,NULL,NULL,NULL,NULL,NULL,"SEE EQUIPMENT DETAILS - PARTS TAB OR WRITE IN PARTS USED:","CHANGE ENGINE OIL
REPLACE ENGINE OIL FILTER
REPLACE PRIMARY FUEL FILTER
REPLACE SECONDARY FUEL FILTER
DRAIN WATER SEPARATOR
CHECK COOLANT LEVEL
INSPECT AIR FILTER
INSPECT INTAKE HOSES
INSPECT BELTS
INSPECT BATTERY
CHECK CHARGING SYSTEM

INSPECT HYDRAULIC HOSES
INSPECT HYDRAULIC COUPLERS
INSPECT QUICK ATTACH
INSPECT LIFT ARMS
INSPECT LOADER LINKAGE
INSPECT LIFT CYLINDERS
INSPECT TILT CYLINDERS

INSPECT TRACKS, TRACK TENSION, SPROCKETS, IDLERS / OR TIRES
INSPECT DRIVE MOTORS

GREASE ALL FITTINGS

CHECK LIGHTS
CHECK BACKUP ALARM
CHECK ACTIVE FAULT CODES
",1288,NULL,40,NULL,47321,2712,eb1baa51-537b-4cd3-8bb1-87db4fbbabb7
34740,52297,"2026-07-29 21:15:48",1,0,1,"1000 HR SERVICE (EXCAVATOR)",1000,NULL,NULL,NULL,NULL,NULL,NULL,1000,NULL,"SEE EQUIPMENT DETAILS - PARTS TAB OR WRITE IN PARTS USED:
","INCLUDES ALL 500 HR TASKS, PLUS:
REPLACE HYDRAULIC RETURN FILTER
REPLACE PILOT FILTER
INSPECT PUMPS
INSPECT SWING DRIVE
INSPECT ROLLERS
INSPECT IDLERS
INSPECT TRACK CHAINS
PERFORM DIAGNOSTIC SCAN
",1288,NULL,40,NULL,47641,2585,d3ce6f5f-16df-4a24-9a95-2a391d284e00
34792,52297,"2026-07-29 21:16:49",1,0,1,"2000 HR SERVICE (EXCAVATOR)",2000,NULL,NULL,NULL,NULL,NULL,NULL,NULL,NULL,"SEE EQUIPMENT DETAILS - PARTS TAB OR WRITE IN PARTS USED:
","INCLUDES ALL 1000 HR TASKS
SAMPLE HYDRAULIC OIL
REPLACE COOLANT
INSPECT MAIN PUMPS
INSPECT SWING GEARBOX
INSPECT TRAVEL GEARBOXES
HYDRAULIC PERFORMANCE TEST
",1288,NULL,40,NULL,47643,2633,35dae0ef-36ea-4120-b35e-ca1dc748752c
34844,52297,"2026-07-29 21:17:56",1,0,1,"500 HR SERVICE (EXCAVATOR)",500,NULL,NULL,NULL,NULL,NULL,NULL,NULL,NULL,"SEE EQUIPMENT DETAILS - PARTS TAB OR WRITE IN PARTS USED:
","CHANGE ENGINE OIL
REPLACE ENGINE OIL FILTER
REPLACE FUEL FILTERS
REPLACE AIR FILTERS
CHECK ALL FLUIDS
GREASE BOOM PINS & BUSHINGS
GREASE STICK PINS
GREASE BUCKET PINS
GREASE SWING BEARING
INSPECT TIRES/TRACKS
INSPECT CYLINDERS
INSPECT UNDERCARRIAGE
INSPECT/CHANGE FINAL DRIVES
CHECK FAULT CODES
RESET SERVICE METER
",1288,NULL,40,NULL,47642,2694,51626b08-08c7-4396-9088-fee4add9b10d
35144,52300,"2026-07-30 16:22:33",1,0,1,"1000 HR SERVICE (LOADER)",1000,NULL,NULL,NULL,NULL,NULL,NULL,NULL,NULL,"SEE EQUIPMENT DETAILS - PARTS TAB OR WRITE IN PARTS USED:","INCLUDES ALL 500 HR TASKS
REPLACE HYDRAULIC RETURN FILTER
REPLACE CASE DRAIN FILTER
INSPECT MAIN HYDRAULIC PUMP
INSPECT AUXILIARY HYDRAULICS
CHECK HYDRAULIC PRESSURES
INSPECT CYLINDER RODS
INSPECT CYLINDER SEALS
INSPECT ENGINE MOUNTS
INSPECT FRAME WELDS
MEASURE UNDERCARRIAGE WEAR
INSPECT TRACK ALIGNMENT OR INSPECT TIRES
CHECK CHARGING SYSTEM
PERFORM DIAGNOSTIC SCAN
",1288,NULL,40,NULL,47311,2600,6e67cce0-2a7f-4891-b32c-f9f9f97fb4f9
35178,52300,"2026-07-30 16:23:56",1,0,1,"2000 HR SERVICE (LOADER)",2000,NULL,NULL,NULL,NULL,NULL,NULL,NULL,NULL,"SEE EQUIPMENT DETAILS - PARTS TAB OR WRITE IN PARTS USED:","INCLUDES ALL 1000 HR TASKS
SAMPLE HYDRAULIC OIL
REPLACE COOLANT
INSPECT HYDRAULIC PUMPS
INSPECT DRIVE MOTORS
INSPECT FINAL DRIVES
INSPECT TURBOCHARGER
INSPECT INJECTORS
INSPECT AFTERTREATMENT COMPONENTS
INSPECT STRUCTURAL WELDS
HYDRAULIC PERFORMANCE TEST

REVIEW ACTIVE FAULT CODES
",1288,NULL,40,NULL,47312,2645,4e02429e-ce2b-4745-a3e2-517abf9a9219
35212,52300,"2026-07-30 16:24:44",1,0,1,"500 HR SERVICE (LOADER)",500,NULL,NULL,NULL,NULL,NULL,NULL,NULL,NULL,"SEE EQUIPMENT DETAILS - PARTS TAB OR WRITE IN PARTS USED:","CHANGE ENGINE OIL
REPLACE ENGINE OIL FILTER
REPLACE PRIMARY FUEL FILTER
REPLACE SECONDARY FUEL FILTER
DRAIN WATER SEPARATOR
CHECK COOLANT LEVEL
INSPECT AIR FILTER
INSPECT INTAKE HOSES
INSPECT BELTS
INSPECT BATTERY
CHECK CHARGING SYSTEM

INSPECT HYDRAULIC HOSES
INSPECT HYDRAULIC COUPLERS
INSPECT QUICK ATTACH
INSPECT LIFT ARMS
INSPECT LOADER LINKAGE
INSPECT LIFT CYLINDERS
INSPECT TILT CYLINDERS

INSPECT TRACKS, TRACK TENSION, SPROCKETS, IDLERS / OR TIRES
INSPECT DRIVE MOTORS

GREASE ALL FITTINGS

CHECK LIGHTS
CHECK BACKUP ALARM
CHECK ACTIVE FAULT CODES
",1288,NULL,40,NULL,47310,2712,b65bbfd1-b686-4813-86c6-3a2132ddb2cb
34695,52301,"2026-07-29 21:15:11",1,0,1,"1000 HR SERVICE (EXCAVATOR)",1000,NULL,NULL,NULL,NULL,NULL,NULL,1000,NULL,"SEE EQUIPMENT DETAILS - PARTS TAB OR WRITE IN PARTS USED:
","INCLUDES ALL 500 HR TASKS, PLUS:
REPLACE HYDRAULIC RETURN FILTER
REPLACE PILOT FILTER
INSPECT PUMPS
INSPECT SWING DRIVE
INSPECT ROLLERS
INSPECT IDLERS
INSPECT TRACK CHAINS
PERFORM DIAGNOSTIC SCAN
",1288,NULL,40,NULL,47630,2585,f9607229-3faa-4a98-836b-e26203ebd4b3
34747,52301,"2026-07-29 21:16:15",1,0,1,"2000 HR SERVICE (EXCAVATOR)",2000,NULL,NULL,NULL,NULL,NULL,NULL,NULL,NULL,"SEE EQUIPMENT DETAILS - PARTS TAB OR WRITE IN PARTS USED:
","INCLUDES ALL 1000 HR TASKS
SAMPLE HYDRAULIC OIL
REPLACE COOLANT
INSPECT MAIN PUMPS
INSPECT SWING GEARBOX
INSPECT TRAVEL GEARBOXES
HYDRAULIC PERFORMANCE TEST
",1288,NULL,40,NULL,47631,2633,d256824c-f536-449b-ba6f-6cec29ca6396
34799,52301,"2026-07-29 21:17:23",1,0,1,"500 HR SERVICE (EXCAVATOR)",500,NULL,NULL,NULL,NULL,NULL,NULL,NULL,NULL,"SEE EQUIPMENT DETAILS - PARTS TAB OR WRITE IN PARTS USED:
","CHANGE ENGINE OIL
REPLACE ENGINE OIL FILTER
REPLACE FUEL FILTERS
REPLACE AIR FILTERS
CHECK ALL FLUIDS
GREASE BOOM PINS & BUSHINGS
GREASE STICK PINS
GREASE BUCKET PINS
GREASE SWING BEARING
INSPECT TIRES/TRACKS
INSPECT CYLINDERS
INSPECT UNDERCARRIAGE
INSPECT/CHANGE FINAL DRIVES
CHECK FAULT CODES
RESET SERVICE METER
",1288,NULL,40,NULL,47632,2694,0ae79922-1e14-47d6-8949-322d5de116e8
35950,52303,"2026-07-31 15:48:41",2,0,1,"6000 MI SERVICE (MECHANIC)",NULL,NULL,6000,NULL,NULL,NULL,NULL,NULL,NULL,"SEE EQUIPMENT DETAILS - PARTS TAB OR WRITE IN PARTS USED:

","ENGINE & FLUIDS:
-CHANGE ENGINE OIL AND OIL FILTER
-CHECK COOLANT LEVEL AND CONDITION
-CHECK POWER STEERING FLUID
-CHECK TRANSMISSION FLUID LEVEL/FILTER
-CHECK HYDRAULIC FLUID LEVEL
-CHECK DEF LEVEL AND INSPECT DEF SYSTEM
-DRAIN WATER SEPARATOR AND INSPECT FUEL SYSTEM

AIR:
-INSPECT AIR FILTERS AND REPLACE IF NEEDED

BRAKES:
-INSPECT BRAKE LININGS/PADS
-CHECK BRAKE DRUMS/ROTORS
-INSPECT SLACK ADJUSTERS
-CHECK BRAKE CHAMBERS AND HARDWARE
-VERIFY PARKING BRAKE OPERATION

TIRES & WHEELS:
-CHECK TIRE PRESSURE
-MEASURE TREAD DEPTH
-INSPECT FOR CUTS, PUNCTURES, AND UNEVEN WEAR
-CHECK WHEEL NUTS AND RIM CONDITION

STEERING & SUSPENSION:
-INSPECT STEERING LINKAGE
-CHECK KINGPINS AND TIE-ROD ENDS
-LUBRICATE GREASE FITTINGS
-INSPECT SPRINGS, BUSHINGS, SHOCKS, AND U-BOLTS

ELECTRICAL SYSTEM:
-TEST LIGHTS AND SIGNALS
-INSPECT BATTERIES AND CONNECTIONS
-CHECK ALTERNATOR CHARGING VOLTAGE
-INSPECT WIRING FOR DAMAGE

GENERAL INSPECTION:
-CHECK MIRRORS, WINDSHIELD, AND WIPERS
-INSPECT SEAT BELTS
-CHECK HORN AND BACKUP ALARM
-INSPECT PTO OPERATION
-DOCUMENT DEFECTS AND REPAIRS
",1288,NULL,NULL,200,NULL,2745,9164af0a-1286-49d9-ba7a-725c028baf07
35961,52303,"2026-07-31 15:49:30",2,0,1,"20000 MI SERVICE (MECHANIC)",NULL,NULL,20000,NULL,NULL,NULL,NULL,NULL,NULL,"SEE EQUIPMENT DETAILS - PARTS TAB OR WRITE IN PARTS USED:

","INCLUDES ALL 6,000 MI SERVICE ITEMS, PLUS:

ENGINE MAINTENANCE:
-CHANGE ENGINE OIL AND FILTER
-REPLACE FUEL FILTERS (PRIMARY AND SECONDARY IF REQUIRED)
-INSPECT SERPENTINE BELTS AND TENSIONERS
-INSPECT COOLING SYSTEM HOSES AND CLAMPS
-CHECK ENGINE MOUNTS

AIR INTAKE SYSTEM:
-INSPECT AIR CLEANER RESTRICTION INDICATOR
-INSPECT AIR FILTER AND REPLACE IF NEEDED
-CHECK TURBOCHARGER CONNECTIONS

DRIVELINE:
-INSPECT DRIVESHAFT
-LUBRICATE U-JOINTS
-INSPECT CARRIER BEARINGS
-CHECK DIFFERENTIAL FLUID LEVELS

TRANSMISSION:
-INSPECT TRANSMISSION FOR LEAKS
-CHECK TRANSMISSION FLUID CONDITION/CHANGE FILTER
-INSPECT PTO AND PTO MOUNTS

AXLES & HUBS:
-CHECK AXLE OIL LEVELS
-INSPECT WHEEL SEALS FOR LEAKS
-CHECK HUB OIL LEVELS

BRAKE SYSTEM:
-MEASURE BRAKE LINING THICKNESS
-INSPECT ABS SENSORS AND WIRING
-CHECK BRAKE ADJUSTMENT
-INSPECT FOUNDATION BRAKE COMPONENTS

SUSPENSION:
-TORQUE-CHECK SUSPENSION COMPONENTS
-INSPECT SPRING HANGERS
-CHECK TORQUE RODS AND BUSHINGS
-INSPECT AIR BAGS (IF EQUIPPED)

HYDRAULIC SYSTEM:
-CHECK HYDRAULIC TANK BREATHER
-INSPECT HYDRAULIC FILTER CONDITION/SAMPLE FLUID
-VERIFY HYDRAULIC PRESSURE AND OPERATION

FRAME & BODY:
-INSPECT FRAME RAILS FOR CRACKS
-CHECK CROSS MEMBERS
-CHECK TAILGATE OPERATION AND HARDWARE

SAFETY INSPECTION:
-VERIFY REFLECTIVE TAPE CONDITION
-TEST BACKUP CAMERA (IF EQUIPPED)
",1288,NULL,NULL,200,NULL,2672,320cb2fb-417f-402b-a10c-b68db011e11f
35135,52304,"2026-07-30 16:22:26",1,0,1,"1000 HR SERVICE (LOADER)",1000,NULL,NULL,NULL,NULL,NULL,NULL,NULL,NULL,"SEE EQUIPMENT DETAILS - PARTS TAB OR WRITE IN PARTS USED:","INCLUDES ALL 500 HR TASKS
REPLACE HYDRAULIC RETURN FILTER
REPLACE CASE DRAIN FILTER
INSPECT MAIN HYDRAULIC PUMP
INSPECT AUXILIARY HYDRAULICS
CHECK HYDRAULIC PRESSURES
INSPECT CYLINDER RODS
INSPECT CYLINDER SEALS
INSPECT ENGINE MOUNTS
INSPECT FRAME WELDS
MEASURE UNDERCARRIAGE WEAR
INSPECT TRACK ALIGNMENT OR INSPECT TIRES
CHECK CHARGING SYSTEM
PERFORM DIAGNOSTIC SCAN
",1288,NULL,40,NULL,47275,2600,26362aae-2943-4eed-b8de-4e041eed6d9e
35169,52304,"2026-07-30 16:23:50",1,0,1,"2000 HR SERVICE (LOADER)",2000,NULL,NULL,NULL,NULL,NULL,NULL,NULL,NULL,"SEE EQUIPMENT DETAILS - PARTS TAB OR WRITE IN PARTS USED:","INCLUDES ALL 1000 HR TASKS
SAMPLE HYDRAULIC OIL
REPLACE COOLANT
INSPECT HYDRAULIC PUMPS
INSPECT DRIVE MOTORS
INSPECT FINAL DRIVES
INSPECT TURBOCHARGER
INSPECT INJECTORS
INSPECT AFTERTREATMENT COMPONENTS
INSPECT STRUCTURAL WELDS
HYDRAULIC PERFORMANCE TEST

REVIEW ACTIVE FAULT CODES
",1288,NULL,40,NULL,47276,2645,6642823f-94c7-452e-83f1-02aad9cdb27d
35203,52304,"2026-07-30 16:24:36",1,0,1,"500 HR SERVICE (LOADER)",500,NULL,NULL,NULL,NULL,NULL,NULL,NULL,NULL,"SEE EQUIPMENT DETAILS - PARTS TAB OR WRITE IN PARTS USED:","CHANGE ENGINE OIL
REPLACE ENGINE OIL FILTER
REPLACE PRIMARY FUEL FILTER
REPLACE SECONDARY FUEL FILTER
DRAIN WATER SEPARATOR
CHECK COOLANT LEVEL
INSPECT AIR FILTER
INSPECT INTAKE HOSES
INSPECT BELTS
INSPECT BATTERY
CHECK CHARGING SYSTEM

INSPECT HYDRAULIC HOSES
INSPECT HYDRAULIC COUPLERS
INSPECT QUICK ATTACH
INSPECT LIFT ARMS
INSPECT LOADER LINKAGE
INSPECT LIFT CYLINDERS
INSPECT TILT CYLINDERS

INSPECT TRACKS, TRACK TENSION, SPROCKETS, IDLERS / OR TIRES
INSPECT DRIVE MOTORS

GREASE ALL FITTINGS

CHECK LIGHTS
CHECK BACKUP ALARM
CHECK ACTIVE FAULT CODES
",1288,NULL,40,NULL,47274,2712,2229a14b-cb6a-4de7-9cc8-707e76cbd541
34632,52306,"2026-07-29 20:38:46",1,0,1,"1000 HR SERVICE (COMPACTOR/ROLLER)",1000,NULL,NULL,NULL,NULL,NULL,NULL,NULL,NULL,"SEE EQUIPMENT DETAILS - PARTS TAB OR WRITE IN PARTS USED:","COMPLETE 500 HR SERVICE
REPLACE AIR FILTERS
REPLACE HYDRAULIC FILTERS
CHECK AXLE OIL LEVELSINSPECT DRUM BEARINGS
INSPECT DRIVE SYSTEM
INSPECT VIBRATION COMPONENTS
INSPECT HYDRAULIC HOSES AND CYLINDERS
CHECK COOLING SYSTEM
INSPECT ELECTRICAL SYSTEM
",1288,NULL,40,NULL,47659,2582,62d1dbeb-e534-44d7-9be0-f201df2fe6ec
34643,52306,"2026-07-29 20:41:37",1,0,1,"2000 HR SERVICE (COMPACTOR/ROLLER)",2000,NULL,NULL,NULL,NULL,NULL,NULL,NULL,NULL,"SEE EQUIPMENT DETAILS - PARTS TAB OR WRITE IN PARTS USED:","COMPLETE 1000 HR SERVICE
CHANGE HYDRAULIC OIL
CHANGE AXLE OILS
REPLACE COOLANT
REPLACE ALL FILTERS
INSPECT PINS AND BUSHINGS
INSPECT STRUCTURAL WELDS
INSPECT DRUM MOUNTS
PERFORM COMPLETE SAFETY INSPECTION",1288,NULL,40,NULL,47660,2631,ec4058b5-a4b7-4a3f-98a1-32482b572b3f
34649,52306,"2026-07-29 20:44:18",1,0,1,"500 HR SERVICE (COMPACTOR/ROLLER)",500,NULL,NULL,NULL,NULL,NULL,NULL,NULL,NULL,"SEE EQUIPMENT DETAILS - PARTS TAB OR WRITE IN PARTS USED:","CHANGE ENGINE OIL & FILTER
REPLACE FUEL FILTER(S)
INSPECT AIR FILTER
CHECK HYDRAULIC OIL LEVEL
GREASE ALL FITTINGS
INSPECT DRUM VIBRATION SYSTEM
CHECK SCRAPER BARS
INSPECT DRUM AND FRAME
CHECK BATTERY AND CABLES
INSPECT BELTS AND HOSES
CHECK BRAKES AND STEERING
TEST LIGHTS, ALARMS, AND SAFETY DEVICES",1288,NULL,40,NULL,47661,2691,ebdcc575-3e96-4720-a6a4-c21e5fcd441e
35126,52310,"2026-07-30 16:22:22",1,0,1,"1000 HR SERVICE (LOADER)",1000,NULL,NULL,NULL,NULL,NULL,NULL,NULL,NULL,"SEE EQUIPMENT DETAILS - PARTS TAB OR WRITE IN PARTS USED:","INCLUDES ALL 500 HR TASKS
REPLACE HYDRAULIC RETURN FILTER
REPLACE CASE DRAIN FILTER
INSPECT MAIN HYDRAULIC PUMP
INSPECT AUXILIARY HYDRAULICS
CHECK HYDRAULIC PRESSURES
INSPECT CYLINDER RODS
INSPECT CYLINDER SEALS
INSPECT ENGINE MOUNTS
INSPECT FRAME WELDS
MEASURE UNDERCARRIAGE WEAR
INSPECT TRACK ALIGNMENT OR INSPECT TIRES
CHECK CHARGING SYSTEM
PERFORM DIAGNOSTIC SCAN
",1288,NULL,40,NULL,47336,2600,4b66a7eb-f9f1-4d10-98a8-6ee87a4ac053
35160,52310,"2026-07-30 16:23:44",1,0,1,"2000 HR SERVICE (LOADER)",2000,NULL,NULL,NULL,NULL,NULL,NULL,NULL,NULL,"SEE EQUIPMENT DETAILS - PARTS TAB OR WRITE IN PARTS USED:","INCLUDES ALL 1000 HR TASKS
SAMPLE HYDRAULIC OIL
REPLACE COOLANT
INSPECT HYDRAULIC PUMPS
INSPECT DRIVE MOTORS
INSPECT FINAL DRIVES
INSPECT TURBOCHARGER
INSPECT INJECTORS
INSPECT AFTERTREATMENT COMPONENTS
INSPECT STRUCTURAL WELDS
HYDRAULIC PERFORMANCE TEST

REVIEW ACTIVE FAULT CODES
",1288,NULL,40,NULL,47337,2645,66e58623-b3de-40ae-a4cb-109d963559da
35194,52310,"2026-07-30 16:24:32",1,0,1,"500 HR SERVICE (LOADER)",500,NULL,NULL,NULL,NULL,NULL,NULL,NULL,NULL,"SEE EQUIPMENT DETAILS - PARTS TAB OR WRITE IN PARTS USED:","CHANGE ENGINE OIL
REPLACE ENGINE OIL FILTER
REPLACE PRIMARY FUEL FILTER
REPLACE SECONDARY FUEL FILTER
DRAIN WATER SEPARATOR
CHECK COOLANT LEVEL
INSPECT AIR FILTER
INSPECT INTAKE HOSES
INSPECT BELTS
INSPECT BATTERY
CHECK CHARGING SYSTEM

INSPECT HYDRAULIC HOSES
INSPECT HYDRAULIC COUPLERS
INSPECT QUICK ATTACH
INSPECT LIFT ARMS
INSPECT LOADER LINKAGE
INSPECT LIFT CYLINDERS
INSPECT TILT CYLINDERS

INSPECT TRACKS, TRACK TENSION, SPROCKETS, IDLERS / OR TIRES
INSPECT DRIVE MOTORS

GREASE ALL FITTINGS

CHECK LIGHTS
CHECK BACKUP ALARM
CHECK ACTIVE FAULT CODES
",1288,NULL,40,NULL,47335,2712,234de216-81ba-4292-8d7f-fb7d01e4ccfc
34742,52311,"2026-07-29 21:15:49",1,0,1,"1000 HR SERVICE (EXCAVATOR)",1000,NULL,NULL,NULL,NULL,NULL,NULL,1000,NULL,"SEE EQUIPMENT DETAILS - PARTS TAB OR WRITE IN PARTS USED:
","INCLUDES ALL 500 HR TASKS, PLUS:
REPLACE HYDRAULIC RETURN FILTER
REPLACE PILOT FILTER
INSPECT PUMPS
INSPECT SWING DRIVE
INSPECT ROLLERS
INSPECT IDLERS
INSPECT TRACK CHAINS
PERFORM DIAGNOSTIC SCAN
",1288,NULL,40,NULL,47647,2585,1c328cf2-e23f-4e98-b5f8-a873bc4b4623
34794,52311,"2026-07-29 21:16:51",1,0,1,"2000 HR SERVICE (EXCAVATOR)",2000,NULL,NULL,NULL,NULL,NULL,NULL,NULL,NULL,"SEE EQUIPMENT DETAILS - PARTS TAB OR WRITE IN PARTS USED:
","INCLUDES ALL 1000 HR TASKS
SAMPLE HYDRAULIC OIL
REPLACE COOLANT
INSPECT MAIN PUMPS
INSPECT SWING GEARBOX
INSPECT TRAVEL GEARBOXES
HYDRAULIC PERFORMANCE TEST
",1288,NULL,40,NULL,47648,2633,ae7bcae8-0af6-4511-8c1d-46b711bd365a
34846,52311,"2026-07-29 21:17:58",1,0,1,"500 HR SERVICE (EXCAVATOR)",500,NULL,NULL,NULL,NULL,NULL,NULL,NULL,NULL,"SEE EQUIPMENT DETAILS - PARTS TAB OR WRITE IN PARTS USED:
","CHANGE ENGINE OIL
REPLACE ENGINE OIL FILTER
REPLACE FUEL FILTERS
REPLACE AIR FILTERS
CHECK ALL FLUIDS
GREASE BOOM PINS & BUSHINGS
GREASE STICK PINS
GREASE BUCKET PINS
GREASE SWING BEARING
INSPECT TIRES/TRACKS
INSPECT CYLINDERS
INSPECT UNDERCARRIAGE
INSPECT/CHANGE FINAL DRIVES
CHECK FAULT CODES
RESET SERVICE METER
",1288,NULL,40,NULL,47649,2694,97df4ff2-537c-476a-a1e4-284156699270
35122,52316,"2026-07-30 16:22:13",1,1,0,"1000 HR SERVICE (LOADER)",1000,NULL,NULL,NULL,NULL,NULL,NULL,NULL,NULL,"SEE EQUIPMENT DETAILS - PARTS TAB OR WRITE IN PARTS USED:","INCLUDES ALL 500 HR TASKS
REPLACE HYDRAULIC RETURN FILTER
REPLACE CASE DRAIN FILTER
INSPECT MAIN HYDRAULIC PUMP
INSPECT AUXILIARY HYDRAULICS
CHECK HYDRAULIC PRESSURES
INSPECT CYLINDER RODS
INSPECT CYLINDER SEALS
INSPECT ENGINE MOUNTS
INSPECT FRAME WELDS
MEASURE UNDERCARRIAGE WEAR
INSPECT TRACK ALIGNMENT OR INSPECT TIRES
CHECK CHARGING SYSTEM
PERFORM DIAGNOSTIC SCAN
",1288,NULL,40,NULL,NULL,2600,0cd33faa-4a5d-45d9-8ff1-eab884eecc13
35124,52316,"2026-07-30 16:22:20",1,0,1,"1000 HR SERVICE (LOADER)",1000,NULL,NULL,NULL,NULL,NULL,NULL,NULL,NULL,"SEE EQUIPMENT DETAILS - PARTS TAB OR WRITE IN PARTS USED:","INCLUDES ALL 500 HR TASKS
REPLACE HYDRAULIC RETURN FILTER
REPLACE CASE DRAIN FILTER
INSPECT MAIN HYDRAULIC PUMP
INSPECT AUXILIARY HYDRAULICS
CHECK HYDRAULIC PRESSURES
INSPECT CYLINDER RODS
INSPECT CYLINDER SEALS
INSPECT ENGINE MOUNTS
INSPECT FRAME WELDS
MEASURE UNDERCARRIAGE WEAR
INSPECT TRACK ALIGNMENT OR INSPECT TIRES
CHECK CHARGING SYSTEM
PERFORM DIAGNOSTIC SCAN
",1288,NULL,40,NULL,NULL,2600,50adae35-117e-4775-87e9-6233f93a96c9
35158,52316,"2026-07-30 16:23:43",1,0,1,"2000 HR SERVICE (LOADER)",2000,NULL,NULL,NULL,NULL,NULL,NULL,NULL,NULL,"SEE EQUIPMENT DETAILS - PARTS TAB OR WRITE IN PARTS USED:","INCLUDES ALL 1000 HR TASKS
SAMPLE HYDRAULIC OIL
REPLACE COOLANT
INSPECT HYDRAULIC PUMPS
INSPECT DRIVE MOTORS
INSPECT FINAL DRIVES
INSPECT TURBOCHARGER
INSPECT INJECTORS
INSPECT AFTERTREATMENT COMPONENTS
INSPECT STRUCTURAL WELDS
HYDRAULIC PERFORMANCE TEST

REVIEW ACTIVE FAULT CODES
",1288,NULL,40,NULL,NULL,2645,e7bd59cc-f9ce-43e9-8101-9eb4cc01ce41
35192,52316,"2026-07-30 16:24:31",1,0,1,"500 HR SERVICE (LOADER)",500,NULL,NULL,NULL,NULL,NULL,NULL,NULL,NULL,"SEE EQUIPMENT DETAILS - PARTS TAB OR WRITE IN PARTS USED:","CHANGE ENGINE OIL
REPLACE ENGINE OIL FILTER
REPLACE PRIMARY FUEL FILTER
REPLACE SECONDARY FUEL FILTER
DRAIN WATER SEPARATOR
CHECK COOLANT LEVEL
INSPECT AIR FILTER
INSPECT INTAKE HOSES
INSPECT BELTS
INSPECT BATTERY
CHECK CHARGING SYSTEM

INSPECT HYDRAULIC HOSES
INSPECT HYDRAULIC COUPLERS
INSPECT QUICK ATTACH
INSPECT LIFT ARMS
INSPECT LOADER LINKAGE
INSPECT LIFT CYLINDERS
INSPECT TILT CYLINDERS

INSPECT TRACKS, TRACK TENSION, SPROCKETS, IDLERS / OR TIRES
INSPECT DRIVE MOTORS

GREASE ALL FITTINGS

CHECK LIGHTS
CHECK BACKUP ALARM
CHECK ACTIVE FAULT CODES
",1288,NULL,40,NULL,47344,2712,b8b74520-da9a-4357-86d1-23bcaa28f798
34741,52317,"2026-07-29 21:15:49",1,0,1,"1000 HR SERVICE (EXCAVATOR)",1000,NULL,NULL,NULL,NULL,NULL,NULL,1000,NULL,"SEE EQUIPMENT DETAILS - PARTS TAB OR WRITE IN PARTS USED:
","INCLUDES ALL 500 HR TASKS, PLUS:
REPLACE HYDRAULIC RETURN FILTER
REPLACE PILOT FILTER
INSPECT PUMPS
INSPECT SWING DRIVE
INSPECT ROLLERS
INSPECT IDLERS
INSPECT TRACK CHAINS
PERFORM DIAGNOSTIC SCAN
",1288,NULL,40,NULL,47645,2585,4dbf91b0-d51d-4a20-b061-a2da8770dc18
34793,52317,"2026-07-29 21:16:51",1,0,1,"2000 HR SERVICE (EXCAVATOR)",2000,NULL,NULL,NULL,NULL,NULL,NULL,NULL,NULL,"SEE EQUIPMENT DETAILS - PARTS TAB OR WRITE IN PARTS USED:
","INCLUDES ALL 1000 HR TASKS
SAMPLE HYDRAULIC OIL
REPLACE COOLANT
INSPECT MAIN PUMPS
INSPECT SWING GEARBOX
INSPECT TRAVEL GEARBOXES
HYDRAULIC PERFORMANCE TEST
",1288,NULL,40,NULL,47646,2633,fba0911f-1ead-4b92-b14a-3c4eb50d9f78
34845,52317,"2026-07-29 21:17:57",1,0,1,"500 HR SERVICE (EXCAVATOR)",500,NULL,NULL,NULL,NULL,NULL,NULL,NULL,NULL,"SEE EQUIPMENT DETAILS - PARTS TAB OR WRITE IN PARTS USED:
","CHANGE ENGINE OIL
REPLACE ENGINE OIL FILTER
REPLACE FUEL FILTERS
REPLACE AIR FILTERS
CHECK ALL FLUIDS
GREASE BOOM PINS & BUSHINGS
GREASE STICK PINS
GREASE BUCKET PINS
GREASE SWING BEARING
INSPECT TIRES/TRACKS
INSPECT CYLINDERS
INSPECT UNDERCARRIAGE
INSPECT/CHANGE FINAL DRIVES
CHECK FAULT CODES
RESET SERVICE METER
",1288,NULL,40,NULL,47644,2694,84167fd4-33d3-42e9-89a7-93dffbc9d46f
34626,52319,"2026-07-29 20:38:27",1,0,1,"1000 HR SERVICE (COMPACTOR/ROLLER)",1000,NULL,NULL,NULL,NULL,NULL,NULL,NULL,NULL,"SEE EQUIPMENT DETAILS - PARTS TAB OR WRITE IN PARTS USED:","COMPLETE 500 HR SERVICE
REPLACE AIR FILTERS
REPLACE HYDRAULIC FILTERS
CHECK AXLE OIL LEVELSINSPECT DRUM BEARINGS
INSPECT DRIVE SYSTEM
INSPECT VIBRATION COMPONENTS
INSPECT HYDRAULIC HOSES AND CYLINDERS
CHECK COOLING SYSTEM
INSPECT ELECTRICAL SYSTEM
",1288,NULL,40,NULL,47653,2582,033a9435-59d7-41c2-83e8-ec2e8ea82619
34637,52319,"2026-07-29 20:41:32",1,0,1,"2000 HR SERVICE (COMPACTOR/ROLLER)",2000,NULL,NULL,NULL,NULL,NULL,NULL,NULL,NULL,"SEE EQUIPMENT DETAILS - PARTS TAB OR WRITE IN PARTS USED:","COMPLETE 1000 HR SERVICE
CHANGE HYDRAULIC OIL
CHANGE AXLE OILS
REPLACE COOLANT
REPLACE ALL FILTERS
INSPECT PINS AND BUSHINGS
INSPECT STRUCTURAL WELDS
INSPECT DRUM MOUNTS
PERFORM COMPLETE SAFETY INSPECTION",1288,NULL,40,NULL,47655,2631,e2e3279e-813e-48e0-bba5-60097d168261
34653,52319,"2026-07-29 20:44:21",1,0,1,"500 HR SERVICE (COMPACTOR/ROLLER)",500,NULL,NULL,NULL,NULL,NULL,NULL,NULL,NULL,"SEE EQUIPMENT DETAILS - PARTS TAB OR WRITE IN PARTS USED:","CHANGE ENGINE OIL & FILTER
REPLACE FUEL FILTER(S)
INSPECT AIR FILTER
CHECK HYDRAULIC OIL LEVEL
GREASE ALL FITTINGS
INSPECT DRUM VIBRATION SYSTEM
CHECK SCRAPER BARS
INSPECT DRUM AND FRAME
CHECK BATTERY AND CABLES
INSPECT BELTS AND HOSES
CHECK BRAKES AND STEERING
TEST LIGHTS, ALARMS, AND SAFETY DEVICES",1288,NULL,40,NULL,47654,2691,9a3c23c0-5a1a-42bb-b1e4-df6402e9a082
35140,52326,"2026-07-30 16:22:31",1,0,1,"1000 HR SERVICE (LOADER)",1000,NULL,NULL,NULL,NULL,NULL,NULL,NULL,NULL,"SEE EQUIPMENT DETAILS - PARTS TAB OR WRITE IN PARTS USED:","INCLUDES ALL 500 HR TASKS
REPLACE HYDRAULIC RETURN FILTER
REPLACE CASE DRAIN FILTER
INSPECT MAIN HYDRAULIC PUMP
INSPECT AUXILIARY HYDRAULICS
CHECK HYDRAULIC PRESSURES
INSPECT CYLINDER RODS
INSPECT CYLINDER SEALS
INSPECT ENGINE MOUNTS
INSPECT FRAME WELDS
MEASURE UNDERCARRIAGE WEAR
INSPECT TRACK ALIGNMENT OR INSPECT TIRES
CHECK CHARGING SYSTEM
PERFORM DIAGNOSTIC SCAN
",1288,NULL,40,NULL,47333,2600,c5739e81-dd95-43d2-9916-d1f317895d8d
35174,52326,"2026-07-30 16:23:53",1,0,1,"2000 HR SERVICE (LOADER)",2000,NULL,NULL,NULL,NULL,NULL,NULL,NULL,NULL,"SEE EQUIPMENT DETAILS - PARTS TAB OR WRITE IN PARTS USED:","INCLUDES ALL 1000 HR TASKS
SAMPLE HYDRAULIC OIL
REPLACE COOLANT
INSPECT HYDRAULIC PUMPS
INSPECT DRIVE MOTORS
INSPECT FINAL DRIVES
INSPECT TURBOCHARGER
INSPECT INJECTORS
INSPECT AFTERTREATMENT COMPONENTS
INSPECT STRUCTURAL WELDS
HYDRAULIC PERFORMANCE TEST

REVIEW ACTIVE FAULT CODES
",1288,NULL,40,NULL,47334,2645,49d0a7f0-8b0f-432f-9419-8629134d47ae
35208,52326,"2026-07-30 16:24:41",1,0,1,"500 HR SERVICE (LOADER)",500,NULL,NULL,NULL,NULL,NULL,NULL,NULL,NULL,"SEE EQUIPMENT DETAILS - PARTS TAB OR WRITE IN PARTS USED:","CHANGE ENGINE OIL
REPLACE ENGINE OIL FILTER
REPLACE PRIMARY FUEL FILTER
REPLACE SECONDARY FUEL FILTER
DRAIN WATER SEPARATOR
CHECK COOLANT LEVEL
INSPECT AIR FILTER
INSPECT INTAKE HOSES
INSPECT BELTS
INSPECT BATTERY
CHECK CHARGING SYSTEM

INSPECT HYDRAULIC HOSES
INSPECT HYDRAULIC COUPLERS
INSPECT QUICK ATTACH
INSPECT LIFT ARMS
INSPECT LOADER LINKAGE
INSPECT LIFT CYLINDERS
INSPECT TILT CYLINDERS

INSPECT TRACKS, TRACK TENSION, SPROCKETS, IDLERS / OR TIRES
INSPECT DRIVE MOTORS

GREASE ALL FITTINGS

CHECK LIGHTS
CHECK BACKUP ALARM
CHECK ACTIVE FAULT CODES
",1288,NULL,40,NULL,47332,2712,d674e58f-bce7-49ce-a3dd-4ce290d79ea4
34862,52327,"2026-07-30 12:41:39",1,0,1,"500 HR SERVICE (MOTOR GRADER)",500,NULL,NULL,NULL,NULL,NULL,NULL,NULL,NULL,"SEE EQUIPMENT DETAILS - PARTS TAB OR WRITE IN PARTS USED:
","CHANGE ENGINE OIL & FILTER
REPLACE FUEL FILTER(S)
INSPECT AIR FILTER
CHECK HYDRAULIC OIL LEVEL
GREASE ALL FITTINGS
INSPECT MOLDBOARD
INSPECT CIRCLE DRIVE
CHECK CUTTING EDGE WEAR
CHECK TIRES
INSPECT STEERING COMPONENTS
TEST LIGHTS AND SAFETY DEVICES
",1288,NULL,40,NULL,47656,2696,79196255-ac4f-4115-bf29-f39b0044a0e6
34866,52327,"2026-07-30 12:42:04",1,0,1,"2000 HR SERVICE (MOTOR GRADER)",2000,NULL,NULL,NULL,NULL,NULL,NULL,NULL,NULL,"SEE EQUIPMENT DETAILS - PARTS TAB OR WRITE IN PARTS USED:
","COMPLETE 1000 HR SERVICE
SAMPLE HYDRAULIC OIL
CHANGE TANDEM OILS
REPLACE COOLANT
REPLACE ALL FILTERS
INSPECT CIRCLE DRIVE COMPONENTS
INSPECT PINS AND BUSHINGS
INSPECT FRAME AND STRUCTURAL COMPONENTS
COMPLETE SAFETY INSPECTION
",1288,NULL,40,NULL,47658,2634,271b3116-effc-4216-9e46-b4e561cb483a
34870,52327,"2026-07-30 12:42:27",1,0,1,"1000 HR SERVICE (MOTOR GRADER)",1000,NULL,NULL,NULL,NULL,NULL,NULL,NULL,NULL,"SEE EQUIPMENT DETAILS - PARTS TAB OR WRITE IN PARTS USED:
","COMPLETE 500 HR SERVICE
REPLACE AIR FILTERS
REPLACE HYDRAULIC FILTERS
CHECK TANDEM OIL LEVELS
INSPECT CIRCLE WEAR STRIPS
INSPECT ARTICULATION JOINT
CHECK COOLING SYSTEM
INSPECT BRAKES
INSPECT ELECTRICAL SYSTEM
",1288,NULL,40,NULL,47657,2586,99642f73-bb33-4af2-8bb5-4c9862ab11b3
35121,52329,"2026-07-30 16:22:13",1,1,0,"1000 HR SERVICE (LOADER)",1000,NULL,NULL,NULL,NULL,NULL,NULL,NULL,NULL,"SEE EQUIPMENT DETAILS - PARTS TAB OR WRITE IN PARTS USED:","INCLUDES ALL 500 HR TASKS
REPLACE HYDRAULIC RETURN FILTER
REPLACE CASE DRAIN FILTER
INSPECT MAIN HYDRAULIC PUMP
INSPECT AUXILIARY HYDRAULICS
CHECK HYDRAULIC PRESSURES
INSPECT CYLINDER RODS
INSPECT CYLINDER SEALS
INSPECT ENGINE MOUNTS
INSPECT FRAME WELDS
MEASURE UNDERCARRIAGE WEAR
INSPECT TRACK ALIGNMENT OR INSPECT TIRES
CHECK CHARGING SYSTEM
PERFORM DIAGNOSTIC SCAN
",1288,NULL,40,NULL,NULL,2600,f627cea0-8e32-4dd5-81db-e33ca9c2fa34
35123,52329,"2026-07-30 16:22:19",1,0,1,"1000 HR SERVICE (LOADER)",1000,NULL,NULL,NULL,NULL,NULL,NULL,NULL,NULL,"SEE EQUIPMENT DETAILS - PARTS TAB OR WRITE IN PARTS USED:","INCLUDES ALL 500 HR TASKS
REPLACE HYDRAULIC RETURN FILTER
REPLACE CASE DRAIN FILTER
INSPECT MAIN HYDRAULIC PUMP
INSPECT AUXILIARY HYDRAULICS
CHECK HYDRAULIC PRESSURES
INSPECT CYLINDER RODS
INSPECT CYLINDER SEALS
INSPECT ENGINE MOUNTS
INSPECT FRAME WELDS
MEASURE UNDERCARRIAGE WEAR
INSPECT TRACK ALIGNMENT OR INSPECT TIRES
CHECK CHARGING SYSTEM
PERFORM DIAGNOSTIC SCAN
",1288,NULL,40,NULL,47346,2600,6dce9d91-f165-49c1-a337-8423a9d372f6
35157,52329,"2026-07-30 16:23:43",1,0,1,"2000 HR SERVICE (LOADER)",2000,NULL,NULL,NULL,NULL,NULL,NULL,NULL,NULL,"SEE EQUIPMENT DETAILS - PARTS TAB OR WRITE IN PARTS USED:","INCLUDES ALL 1000 HR TASKS
SAMPLE HYDRAULIC OIL
REPLACE COOLANT
INSPECT HYDRAULIC PUMPS
INSPECT DRIVE MOTORS
INSPECT FINAL DRIVES
INSPECT TURBOCHARGER
INSPECT INJECTORS
INSPECT AFTERTREATMENT COMPONENTS
INSPECT STRUCTURAL WELDS
HYDRAULIC PERFORMANCE TEST

REVIEW ACTIVE FAULT CODES
",1288,NULL,40,NULL,47347,2645,82f1da73-520e-495d-870b-b3789f71855a
35191,52329,"2026-07-30 16:24:31",1,0,1,"500 HR SERVICE (LOADER)",500,NULL,NULL,NULL,NULL,NULL,NULL,NULL,NULL,"SEE EQUIPMENT DETAILS - PARTS TAB OR WRITE IN PARTS USED:","CHANGE ENGINE OIL
REPLACE ENGINE OIL FILTER
REPLACE PRIMARY FUEL FILTER
REPLACE SECONDARY FUEL FILTER
DRAIN WATER SEPARATOR
CHECK COOLANT LEVEL
INSPECT AIR FILTER
INSPECT INTAKE HOSES
INSPECT BELTS
INSPECT BATTERY
CHECK CHARGING SYSTEM

INSPECT HYDRAULIC HOSES
INSPECT HYDRAULIC COUPLERS
INSPECT QUICK ATTACH
INSPECT LIFT ARMS
INSPECT LOADER LINKAGE
INSPECT LIFT CYLINDERS
INSPECT TILT CYLINDERS

INSPECT TRACKS, TRACK TENSION, SPROCKETS, IDLERS / OR TIRES
INSPECT DRIVE MOTORS

GREASE ALL FITTINGS

CHECK LIGHTS
CHECK BACKUP ALARM
CHECK ACTIVE FAULT CODES
",1288,NULL,40,NULL,47345,2712,70f4ff81-e6b8-4cff-a272-7a561843666d
34625,52331,"2026-07-29 20:38:22",1,0,1,"1000 HR SERVICE (COMPACTOR/ROLLER)",1000,NULL,NULL,NULL,NULL,NULL,NULL,NULL,NULL,"SEE EQUIPMENT DETAILS - PARTS TAB OR WRITE IN PARTS USED:","COMPLETE 500 HR SERVICE
REPLACE AIR FILTERS
REPLACE HYDRAULIC FILTERS
CHECK AXLE OIL LEVELSINSPECT DRUM BEARINGS
INSPECT DRIVE SYSTEM
INSPECT VIBRATION COMPONENTS
INSPECT HYDRAULIC HOSES AND CYLINDERS
CHECK COOLING SYSTEM
INSPECT ELECTRICAL SYSTEM
",1288,NULL,40,NULL,47650,2582,55ac1cb0-e66f-4b8f-ad71-35b950f78b84
34636,52331,"2026-07-29 20:41:32",1,0,1,"2000 HR SERVICE (COMPACTOR/ROLLER)",2000,NULL,NULL,NULL,NULL,NULL,NULL,NULL,NULL,"SEE EQUIPMENT DETAILS - PARTS TAB OR WRITE IN PARTS USED:","COMPLETE 1000 HR SERVICE
CHANGE HYDRAULIC OIL
CHANGE AXLE OILS
REPLACE COOLANT
REPLACE ALL FILTERS
INSPECT PINS AND BUSHINGS
INSPECT STRUCTURAL WELDS
INSPECT DRUM MOUNTS
PERFORM COMPLETE SAFETY INSPECTION",1288,NULL,40,NULL,47652,2631,3d6d4f88-993f-46f6-a020-d5d094ae23a2
34654,52331,"2026-07-29 20:44:22",1,0,1,"500 HR SERVICE (COMPACTOR/ROLLER)",500,NULL,NULL,NULL,NULL,NULL,NULL,NULL,NULL,"SEE EQUIPMENT DETAILS - PARTS TAB OR WRITE IN PARTS USED:","CHANGE ENGINE OIL & FILTER
REPLACE FUEL FILTER(S)
INSPECT AIR FILTER
CHECK HYDRAULIC OIL LEVEL
GREASE ALL FITTINGS
INSPECT DRUM VIBRATION SYSTEM
CHECK SCRAPER BARS
INSPECT DRUM AND FRAME
CHECK BATTERY AND CABLES
INSPECT BELTS AND HOSES
CHECK BRAKES AND STEERING
TEST LIGHTS, ALARMS, AND SAFETY DEVICES",1288,NULL,40,NULL,47651,2691,aad76c84-ec00-43a1-b36b-ee0cf7276083
35119,52339,"2026-07-30 16:22:12",1,0,1,"1000 HR SERVICE (LOADER)",1000,NULL,NULL,NULL,NULL,NULL,NULL,NULL,NULL,"SEE EQUIPMENT DETAILS - PARTS TAB OR WRITE IN PARTS USED:","INCLUDES ALL 500 HR TASKS
REPLACE HYDRAULIC RETURN FILTER
REPLACE CASE DRAIN FILTER
INSPECT MAIN HYDRAULIC PUMP
INSPECT AUXILIARY HYDRAULICS
CHECK HYDRAULIC PRESSURES
INSPECT CYLINDER RODS
INSPECT CYLINDER SEALS
INSPECT ENGINE MOUNTS
INSPECT FRAME WELDS
MEASURE UNDERCARRIAGE WEAR
INSPECT TRACK ALIGNMENT OR INSPECT TIRES
CHECK CHARGING SYSTEM
PERFORM DIAGNOSTIC SCAN
",1288,NULL,40,NULL,47339,2600,e0c46b88-9ad8-4160-b2e7-d063efe48d59
35154,52339,"2026-07-30 16:23:37",1,0,1,"2000 HR SERVICE (LOADER)",2000,NULL,NULL,NULL,NULL,NULL,NULL,NULL,NULL,"SEE EQUIPMENT DETAILS - PARTS TAB OR WRITE IN PARTS USED:","INCLUDES ALL 1000 HR TASKS
SAMPLE HYDRAULIC OIL
REPLACE COOLANT
INSPECT HYDRAULIC PUMPS
INSPECT DRIVE MOTORS
INSPECT FINAL DRIVES
INSPECT TURBOCHARGER
INSPECT INJECTORS
INSPECT AFTERTREATMENT COMPONENTS
INSPECT STRUCTURAL WELDS
HYDRAULIC PERFORMANCE TEST

REVIEW ACTIVE FAULT CODES
",1288,NULL,40,NULL,47340,2645,b3f2b4bd-ef2e-4091-911c-dfa0177386fe
35189,52339,"2026-07-30 16:24:29",1,0,1,"500 HR SERVICE (LOADER)",500,NULL,NULL,NULL,NULL,NULL,NULL,NULL,NULL,"SEE EQUIPMENT DETAILS - PARTS TAB OR WRITE IN PARTS USED:","CHANGE ENGINE OIL
REPLACE ENGINE OIL FILTER
REPLACE PRIMARY FUEL FILTER
REPLACE SECONDARY FUEL FILTER
DRAIN WATER SEPARATOR
CHECK COOLANT LEVEL
INSPECT AIR FILTER
INSPECT INTAKE HOSES
INSPECT BELTS
INSPECT BATTERY
CHECK CHARGING SYSTEM

INSPECT HYDRAULIC HOSES
INSPECT HYDRAULIC COUPLERS
INSPECT QUICK ATTACH
INSPECT LIFT ARMS
INSPECT LOADER LINKAGE
INSPECT LIFT CYLINDERS
INSPECT TILT CYLINDERS

INSPECT TRACKS, TRACK TENSION, SPROCKETS, IDLERS / OR TIRES
INSPECT DRIVE MOTORS

GREASE ALL FITTINGS

CHECK LIGHTS
CHECK BACKUP ALARM
CHECK ACTIVE FAULT CODES
",1288,NULL,40,NULL,48417,2712,55c29753-25c4-49f8-8bcc-259c37b8837f
35125,52347,"2026-07-30 16:22:21",1,0,1,"1000 HR SERVICE (LOADER)",1000,NULL,NULL,NULL,NULL,NULL,NULL,NULL,NULL,"SEE EQUIPMENT DETAILS - PARTS TAB OR WRITE IN PARTS USED:","INCLUDES ALL 500 HR TASKS
REPLACE HYDRAULIC RETURN FILTER
REPLACE CASE DRAIN FILTER
INSPECT MAIN HYDRAULIC PUMP
INSPECT AUXILIARY HYDRAULICS
CHECK HYDRAULIC PRESSURES
INSPECT CYLINDER RODS
INSPECT CYLINDER SEALS
INSPECT ENGINE MOUNTS
INSPECT FRAME WELDS
MEASURE UNDERCARRIAGE WEAR
INSPECT TRACK ALIGNMENT OR INSPECT TIRES
CHECK CHARGING SYSTEM
PERFORM DIAGNOSTIC SCAN
",1288,NULL,40,NULL,47341,2600,cb23ed4d-5d8f-4670-bedd-06a531ac1286
35159,52347,"2026-07-30 16:23:44",1,0,1,"2000 HR SERVICE (LOADER)",2000,NULL,NULL,NULL,NULL,NULL,NULL,NULL,NULL,"SEE EQUIPMENT DETAILS - PARTS TAB OR WRITE IN PARTS USED:","INCLUDES ALL 1000 HR TASKS
SAMPLE HYDRAULIC OIL
REPLACE COOLANT
INSPECT HYDRAULIC PUMPS
INSPECT DRIVE MOTORS
INSPECT FINAL DRIVES
INSPECT TURBOCHARGER
INSPECT INJECTORS
INSPECT AFTERTREATMENT COMPONENTS
INSPECT STRUCTURAL WELDS
HYDRAULIC PERFORMANCE TEST

REVIEW ACTIVE FAULT CODES
",1288,NULL,40,NULL,47342,2645,db69aaee-dc52-4e88-aa92-06f6612055c6
35193,52347,"2026-07-30 16:24:32",1,0,1,"500 HR SERVICE (LOADER)",500,NULL,NULL,NULL,NULL,NULL,NULL,NULL,NULL,"SEE EQUIPMENT DETAILS - PARTS TAB OR WRITE IN PARTS USED:","CHANGE ENGINE OIL
REPLACE ENGINE OIL FILTER
REPLACE PRIMARY FUEL FILTER
REPLACE SECONDARY FUEL FILTER
DRAIN WATER SEPARATOR
CHECK COOLANT LEVEL
INSPECT AIR FILTER
INSPECT INTAKE HOSES
INSPECT BELTS
INSPECT BATTERY
CHECK CHARGING SYSTEM

INSPECT HYDRAULIC HOSES
INSPECT HYDRAULIC COUPLERS
INSPECT QUICK ATTACH
INSPECT LIFT ARMS
INSPECT LOADER LINKAGE
INSPECT LIFT CYLINDERS
INSPECT TILT CYLINDERS

INSPECT TRACKS, TRACK TENSION, SPROCKETS, IDLERS / OR TIRES
INSPECT DRIVE MOTORS

GREASE ALL FITTINGS

CHECK LIGHTS
CHECK BACKUP ALARM
CHECK ACTIVE FAULT CODES
",1288,NULL,40,NULL,47343,2712,cda52808-1389-44da-857a-e2333e9e044c
34565,52356,"2026-07-29 19:42:39",1,0,1,"1000 HR SERVICE (AIR COMPRESSOR)",1000,NULL,NULL,NULL,NULL,NULL,NULL,NULL,NULL,"SEE EQUIPMENT DETAILS - PARTS TAB OR WRITE IN PARTS USED:

","INCLUDES ALL 500 HR TASKS
REPLACE SEPARATOR ELEMENT
INSPECT COOLER
CHECK COMPRESSOR OUTPUT
",1288,NULL,40,NULL,47700,2573,09a4b942-05d4-4e7c-9d93-9166f53afbbe
35840,52356,"2026-07-31 15:40:23",1,0,1,"2000 HR SERVICE (AIR COMPRESSOR)",2000,NULL,NULL,NULL,NULL,NULL,NULL,NULL,NULL,"SEE EQUIPMENT DETAILS - PARTS TAB OR WRITE IN PARTS USED:
","INCLUDES ALL 1000 HR TASKS
SAMPLE COMPRESSOR OIL
REPLACE COOLANT

",1288,NULL,40,NULL,NULL,2630,bb7ec6a2-a3e0-4016-8fc6-095ec35221a4
35872,52356,"2026-07-31 15:40:55",1,0,1,"500 HR SERVICE (AIR COMPRESSOR)",500,NULL,NULL,NULL,NULL,NULL,NULL,NULL,NULL,"SEE EQUIPMENT DETAILS - PARTS TAB OR WRITE IN PARTS USED:
","CHANGE ENGINE OIL & FILTER
CHANGE AIR FILTER
CHANGE FUEL FILTER
CHECK HOSES
CHECK SAFETY VALVE
",1288,NULL,40,NULL,47701,2681,33e35aa5-f260-43e5-a5fb-b093da62db17
34575,52360,"2026-07-29 19:42:49",1,0,1,"1000 HR SERVICE (AIR COMPRESSOR)",1000,NULL,NULL,NULL,NULL,NULL,NULL,NULL,NULL,"SEE EQUIPMENT DETAILS - PARTS TAB OR WRITE IN PARTS USED:

","INCLUDES ALL 500 HR TASKS
REPLACE SEPARATOR ELEMENT
INSPECT COOLER
CHECK COMPRESSOR OUTPUT
",1288,NULL,40,NULL,NULL,2573,891bb76b-718f-4562-858e-85df7242317c
35850,52360,"2026-07-31 15:40:30",1,0,1,"2000 HR SERVICE (AIR COMPRESSOR)",2000,NULL,NULL,NULL,NULL,NULL,NULL,NULL,NULL,"SEE EQUIPMENT DETAILS - PARTS TAB OR WRITE IN PARTS USED:
","INCLUDES ALL 1000 HR TASKS
SAMPLE COMPRESSOR OIL
REPLACE COOLANT

",1288,NULL,40,NULL,NULL,2630,b5c8b199-26bc-4689-894f-486bfa4d71e1
35882,52360,"2026-07-31 15:41:02",1,0,1,"500 HR SERVICE (AIR COMPRESSOR)",500,NULL,NULL,NULL,NULL,NULL,NULL,NULL,NULL,"SEE EQUIPMENT DETAILS - PARTS TAB OR WRITE IN PARTS USED:
","CHANGE ENGINE OIL & FILTER
CHANGE AIR FILTER
CHANGE FUEL FILTER
CHECK HOSES
CHECK SAFETY VALVE
",1288,NULL,40,NULL,NULL,2681,4cd01c54-5fce-49ff-a850-11a043c79c46
34574,52384,"2026-07-29 19:42:47",1,0,1,"1000 HR SERVICE (AIR COMPRESSOR)",1000,NULL,NULL,NULL,NULL,NULL,NULL,NULL,NULL,"SEE EQUIPMENT DETAILS - PARTS TAB OR WRITE IN PARTS USED:

","INCLUDES ALL 500 HR TASKS
REPLACE SEPARATOR ELEMENT
INSPECT COOLER
CHECK COMPRESSOR OUTPUT
",1288,NULL,40,NULL,NULL,2573,3fac0726-8ed0-46d5-b9ac-59c6c6bd6baf
35849,52384,"2026-07-31 15:40:29",1,0,1,"2000 HR SERVICE (AIR COMPRESSOR)",2000,NULL,NULL,NULL,NULL,NULL,NULL,NULL,NULL,"SEE EQUIPMENT DETAILS - PARTS TAB OR WRITE IN PARTS USED:
","INCLUDES ALL 1000 HR TASKS
SAMPLE COMPRESSOR OIL
REPLACE COOLANT

",1288,NULL,40,NULL,NULL,2630,8b7863d8-cd50-44db-a05c-c860a299ede3
35881,52384,"2026-07-31 15:41:02",1,0,1,"500 HR SERVICE (AIR COMPRESSOR)",500,NULL,NULL,NULL,NULL,NULL,NULL,NULL,NULL,"SEE EQUIPMENT DETAILS - PARTS TAB OR WRITE IN PARTS USED:
","CHANGE ENGINE OIL & FILTER
CHANGE AIR FILTER
CHANGE FUEL FILTER
CHECK HOSES
CHECK SAFETY VALVE
",1288,NULL,40,NULL,NULL,2681,504c2528-1d04-4b5c-8419-41c5edf8af43
34573,52400,"2026-07-29 19:42:46",1,0,1,"1000 HR SERVICE (AIR COMPRESSOR)",1000,NULL,NULL,NULL,NULL,NULL,NULL,NULL,NULL,"SEE EQUIPMENT DETAILS - PARTS TAB OR WRITE IN PARTS USED:

","INCLUDES ALL 500 HR TASKS
REPLACE SEPARATOR ELEMENT
INSPECT COOLER
CHECK COMPRESSOR OUTPUT
",1288,NULL,40,NULL,NULL,2573,825f6cac-c87a-4f42-8680-cc59cd7b3e63
35848,52400,"2026-07-31 15:40:29",1,0,1,"2000 HR SERVICE (AIR COMPRESSOR)",2000,NULL,NULL,NULL,NULL,NULL,NULL,NULL,NULL,"SEE EQUIPMENT DETAILS - PARTS TAB OR WRITE IN PARTS USED:
","INCLUDES ALL 1000 HR TASKS
SAMPLE COMPRESSOR OIL
REPLACE COOLANT

",1288,NULL,40,NULL,NULL,2630,cbeb20ea-e81a-4a82-a92c-ae6241164852
35880,52400,"2026-07-31 15:41:01",1,0,1,"500 HR SERVICE (AIR COMPRESSOR)",500,NULL,NULL,NULL,NULL,NULL,NULL,NULL,NULL,"SEE EQUIPMENT DETAILS - PARTS TAB OR WRITE IN PARTS USED:
","CHANGE ENGINE OIL & FILTER
CHANGE AIR FILTER
CHANGE FUEL FILTER
CHECK HOSES
CHECK SAFETY VALVE
",1288,NULL,40,NULL,NULL,2681,72eca0b8-fbaa-45e9-a1b5-1d69f4fd5f69
34576,52413,"2026-07-29 19:42:49",1,0,1,"1000 HR SERVICE (AIR COMPRESSOR)",1000,NULL,NULL,NULL,NULL,NULL,NULL,NULL,NULL,"SEE EQUIPMENT DETAILS - PARTS TAB OR WRITE IN PARTS USED:

","INCLUDES ALL 500 HR TASKS
REPLACE SEPARATOR ELEMENT
INSPECT COOLER
CHECK COMPRESSOR OUTPUT
",1288,NULL,40,NULL,NULL,2573,0417dea6-1580-43e6-b727-1343a0fa2859
35851,52413,"2026-07-31 15:40:30",1,0,1,"2000 HR SERVICE (AIR COMPRESSOR)",2000,NULL,NULL,NULL,NULL,NULL,NULL,NULL,NULL,"SEE EQUIPMENT DETAILS - PARTS TAB OR WRITE IN PARTS USED:
","INCLUDES ALL 1000 HR TASKS
SAMPLE COMPRESSOR OIL
REPLACE COOLANT

",1288,NULL,40,NULL,NULL,2630,5671b188-1683-43d4-a414-3ef1f15a3845
35883,52413,"2026-07-31 15:41:03",1,0,1,"500 HR SERVICE (AIR COMPRESSOR)",500,NULL,NULL,NULL,NULL,NULL,NULL,NULL,NULL,"SEE EQUIPMENT DETAILS - PARTS TAB OR WRITE IN PARTS USED:
","CHANGE ENGINE OIL & FILTER
CHANGE AIR FILTER
CHANGE FUEL FILTER
CHECK HOSES
CHECK SAFETY VALVE
",1288,NULL,40,NULL,NULL,2681,df3b5e96-4785-413b-b23a-3323e86afd8f
34572,52431,"2026-07-29 19:42:45",1,0,1,"1000 HR SERVICE (AIR COMPRESSOR)",1000,NULL,NULL,NULL,NULL,NULL,NULL,NULL,NULL,"SEE EQUIPMENT DETAILS - PARTS TAB OR WRITE IN PARTS USED:

","INCLUDES ALL 500 HR TASKS
REPLACE SEPARATOR ELEMENT
INSPECT COOLER
CHECK COMPRESSOR OUTPUT
",1288,NULL,40,NULL,NULL,2573,49e83907-4985-4f92-9b91-c0e353ae157f
35847,52431,"2026-07-31 15:40:28",1,0,1,"2000 HR SERVICE (AIR COMPRESSOR)",2000,NULL,NULL,NULL,NULL,NULL,NULL,NULL,NULL,"SEE EQUIPMENT DETAILS - PARTS TAB OR WRITE IN PARTS USED:
","INCLUDES ALL 1000 HR TASKS
SAMPLE COMPRESSOR OIL
REPLACE COOLANT

",1288,NULL,40,NULL,NULL,2630,25b056a0-341a-4afd-a4bd-85d1c49278e3
35879,52431,"2026-07-31 15:41:01",1,0,1,"500 HR SERVICE (AIR COMPRESSOR)",500,NULL,NULL,NULL,NULL,NULL,NULL,NULL,NULL,"SEE EQUIPMENT DETAILS - PARTS TAB OR WRITE IN PARTS USED:
","CHANGE ENGINE OIL & FILTER
CHANGE AIR FILTER
CHANGE FUEL FILTER
CHECK HOSES
CHECK SAFETY VALVE
",1288,NULL,40,NULL,NULL,2681,cb7abe26-cf08-4daa-88ab-812bdbebd86d
34659,52536,"2026-07-29 20:47:45",1,0,1,"1000 HR SERVICE (DOZER)",1000,NULL,NULL,NULL,NULL,NULL,NULL,NULL,NULL,"SEE EQUIPMENT DETAILS - PARTS TAB OR WRITE IN PARTS USED:
","COMPLETE 500 HR SERVICE
REPLACE AIR FILTERS
REPLACE HYDRAULIC FILTERS
CHECK FINAL DRIVE OIL
INSPECT ROLLERS, IDLERS, AND SPROCKETS
INSPECT UNDERCARRIAGE WEAR
CHECK COOLING SYSTEM
INSPECT STEERING AND BRAKES
INSPECT ELECTRICAL SYSTEM",1288,NULL,40,NULL,47349,2583,45f8c1f9-6928-489d-8b89-8e702ced50b4
34670,52536,"2026-07-29 20:49:32",1,0,1,"2000 HR SERVICE (DOZER)",2000,NULL,NULL,NULL,NULL,NULL,NULL,NULL,NULL,"SEE EQUIPMENT DETAILS - PARTS TAB OR WRITE IN PARTS USED:
","COMPLETE 1000 HR SERVICE
SAMPLE HYDRAULIC OIL
CHANGE FINAL DRIVE OIL
REPLACE COOLANT
REPLACE ALL FILTERS
INSPECT PUSH ARMS
INSPECT PINS AND BUSHINGS
INSPECT FRAME AND WELDS
COMPLETE SAFETY INSPECTION",1288,NULL,40,NULL,47350,2632,676ea301-aa23-431e-9a91-42145512f6b4
34687,52536,"2026-07-29 20:55:36",1,0,1,"500 HR SERVICE (DOZER)",500,NULL,NULL,NULL,NULL,NULL,NULL,NULL,NULL,"SEE EQUIPMENT DETAILS - PARTS TAB OR WRITE IN PARTS USED:
","CHANGE ENGINE OIL & FILTER
REPLACE FUEL FILTER(S)
INSPECT AIR FILTER
CHECK HYDRAULIC OIL LEVEL
GREASE ALL FITTINGS
INSPECT TRACKS AND PADS
CHECK TRACK TENSION
INSPECT CUTTING EDGE
INSPECT HOSES AND CYLINDERS
CHECK BATTERY
TEST LIGHTS AND SAFETY DEVICES
",1288,NULL,40,NULL,47348,2692,0eb9d810-df9e-4ae8-8ffa-e5d3c176558a
34664,52541,"2026-07-29 20:47:51",1,0,1,"1000 HR SERVICE (DOZER)",1000,NULL,NULL,NULL,NULL,NULL,NULL,NULL,NULL,"SEE EQUIPMENT DETAILS - PARTS TAB OR WRITE IN PARTS USED:
","COMPLETE 500 HR SERVICE
REPLACE AIR FILTERS
REPLACE HYDRAULIC FILTERS
CHECK FINAL DRIVE OIL
INSPECT ROLLERS, IDLERS, AND SPROCKETS
INSPECT UNDERCARRIAGE WEAR
CHECK COOLING SYSTEM
INSPECT STEERING AND BRAKES
INSPECT ELECTRICAL SYSTEM",1288,NULL,40,NULL,48819,2583,5be170dc-6ac4-46ec-814e-0149aa7f5937
34675,52541,"2026-07-29 20:49:45",1,0,1,"2000 HR SERVICE (DOZER)",2000,NULL,NULL,NULL,NULL,NULL,NULL,NULL,NULL,"SEE EQUIPMENT DETAILS - PARTS TAB OR WRITE IN PARTS USED:
","COMPLETE 1000 HR SERVICE
SAMPLE HYDRAULIC OIL
CHANGE FINAL DRIVE OIL
REPLACE COOLANT
REPLACE ALL FILTERS
INSPECT PUSH ARMS
INSPECT PINS AND BUSHINGS
INSPECT FRAME AND WELDS
COMPLETE SAFETY INSPECTION",1288,NULL,40,NULL,47355,2632,ca8833e3-3499-4fa4-aaab-88a63f12a0bd
34682,52541,"2026-07-29 20:55:31",1,0,1,"500 HR SERVICE (DOZER)",500,NULL,NULL,NULL,NULL,NULL,NULL,NULL,NULL,"SEE EQUIPMENT DETAILS - PARTS TAB OR WRITE IN PARTS USED:
","CHANGE ENGINE OIL & FILTER
REPLACE FUEL FILTER(S)
INSPECT AIR FILTER
CHECK HYDRAULIC OIL LEVEL
GREASE ALL FITTINGS
INSPECT TRACKS AND PADS
CHECK TRACK TENSION
INSPECT CUTTING EDGE
INSPECT HOSES AND CYLINDERS
CHECK BATTERY
TEST LIGHTS AND SAFETY DEVICES
",1288,NULL,40,NULL,48818,2692,048bdb38-c5b3-4e8e-af8c-02151b7098d9
34660,52557,"2026-07-29 20:47:47",1,0,1,"1000 HR SERVICE (DOZER)",1000,NULL,NULL,NULL,NULL,NULL,NULL,NULL,NULL,"SEE EQUIPMENT DETAILS - PARTS TAB OR WRITE IN PARTS USED:
","COMPLETE 500 HR SERVICE
REPLACE AIR FILTERS
REPLACE HYDRAULIC FILTERS
CHECK FINAL DRIVE OIL
INSPECT ROLLERS, IDLERS, AND SPROCKETS
INSPECT UNDERCARRIAGE WEAR
CHECK COOLING SYSTEM
INSPECT STEERING AND BRAKES
INSPECT ELECTRICAL SYSTEM",1288,NULL,40,NULL,47368,2583,910ca640-55ff-48c6-8dd8-d80da7291ad0
34671,52557,"2026-07-29 20:49:33",1,0,1,"2000 HR SERVICE (DOZER)",2000,NULL,NULL,NULL,NULL,NULL,NULL,NULL,NULL,"SEE EQUIPMENT DETAILS - PARTS TAB OR WRITE IN PARTS USED:
","COMPLETE 1000 HR SERVICE
SAMPLE HYDRAULIC OIL
CHANGE FINAL DRIVE OIL
REPLACE COOLANT
REPLACE ALL FILTERS
INSPECT PUSH ARMS
INSPECT PINS AND BUSHINGS
INSPECT FRAME AND WELDS
COMPLETE SAFETY INSPECTION",1288,NULL,40,NULL,47369,2632,526cfe60-ab40-4213-bd4c-f4e2175ab318
34686,52557,"2026-07-29 20:55:34",1,0,1,"500 HR SERVICE (DOZER)",500,NULL,NULL,NULL,NULL,NULL,NULL,NULL,NULL,"SEE EQUIPMENT DETAILS - PARTS TAB OR WRITE IN PARTS USED:
","CHANGE ENGINE OIL & FILTER
REPLACE FUEL FILTER(S)
INSPECT AIR FILTER
CHECK HYDRAULIC OIL LEVEL
GREASE ALL FITTINGS
INSPECT TRACKS AND PADS
CHECK TRACK TENSION
INSPECT CUTTING EDGE
INSPECT HOSES AND CYLINDERS
CHECK BATTERY
TEST LIGHTS AND SAFETY DEVICES
",1288,NULL,40,NULL,47370,2692,2c7709e4-0773-4681-9bf3-ca61737d1e9d
34666,52566,"2026-07-29 20:47:53",1,0,1,"1000 HR SERVICE (DOZER)",1000,NULL,NULL,NULL,NULL,NULL,NULL,NULL,NULL,"SEE EQUIPMENT DETAILS - PARTS TAB OR WRITE IN PARTS USED:
","COMPLETE 500 HR SERVICE
REPLACE AIR FILTERS
REPLACE HYDRAULIC FILTERS
CHECK FINAL DRIVE OIL
INSPECT ROLLERS, IDLERS, AND SPROCKETS
INSPECT UNDERCARRIAGE WEAR
CHECK COOLING SYSTEM
INSPECT STEERING AND BRAKES
INSPECT ELECTRICAL SYSTEM",1288,NULL,40,NULL,47362,2583,33c6ecaf-ecd0-477f-9e1f-09148e21d8b1
34677,52566,"2026-07-29 20:49:51",1,0,1,"2000 HR SERVICE (DOZER)",2000,NULL,NULL,NULL,NULL,NULL,NULL,NULL,NULL,"SEE EQUIPMENT DETAILS - PARTS TAB OR WRITE IN PARTS USED:
","COMPLETE 1000 HR SERVICE
SAMPLE HYDRAULIC OIL
CHANGE FINAL DRIVE OIL
REPLACE COOLANT
REPLACE ALL FILTERS
INSPECT PUSH ARMS
INSPECT PINS AND BUSHINGS
INSPECT FRAME AND WELDS
COMPLETE SAFETY INSPECTION",1288,NULL,40,NULL,47363,2632,60f36588-1e18-4456-b144-a9bdf9f4d8cf
34680,52566,"2026-07-29 20:55:28",1,0,1,"500 HR SERVICE (DOZER)",500,NULL,NULL,NULL,NULL,NULL,NULL,NULL,NULL,"SEE EQUIPMENT DETAILS - PARTS TAB OR WRITE IN PARTS USED:
","CHANGE ENGINE OIL & FILTER
REPLACE FUEL FILTER(S)
INSPECT AIR FILTER
CHECK HYDRAULIC OIL LEVEL
GREASE ALL FITTINGS
INSPECT TRACKS AND PADS
CHECK TRACK TENSION
INSPECT CUTTING EDGE
INSPECT HOSES AND CYLINDERS
CHECK BATTERY
TEST LIGHTS AND SAFETY DEVICES
",1288,NULL,40,NULL,47364,2692,8a0b7169-23c3-41ae-85df-39c062908d22
34663,52569,"2026-07-29 20:47:50",1,0,1,"1000 HR SERVICE (DOZER)",1000,NULL,NULL,NULL,NULL,NULL,NULL,NULL,NULL,"SEE EQUIPMENT DETAILS - PARTS TAB OR WRITE IN PARTS USED:
","COMPLETE 500 HR SERVICE
REPLACE AIR FILTERS
REPLACE HYDRAULIC FILTERS
CHECK FINAL DRIVE OIL
INSPECT ROLLERS, IDLERS, AND SPROCKETS
INSPECT UNDERCARRIAGE WEAR
CHECK COOLING SYSTEM
INSPECT STEERING AND BRAKES
INSPECT ELECTRICAL SYSTEM",1288,NULL,40,NULL,47361,2583,810a1dde-fa28-4934-a859-6eadf3503a28
34674,52569,"2026-07-29 20:49:45",1,0,1,"2000 HR SERVICE (DOZER)",2000,NULL,NULL,NULL,NULL,NULL,NULL,NULL,NULL,"SEE EQUIPMENT DETAILS - PARTS TAB OR WRITE IN PARTS USED:
","COMPLETE 1000 HR SERVICE
SAMPLE HYDRAULIC OIL
CHANGE FINAL DRIVE OIL
REPLACE COOLANT
REPLACE ALL FILTERS
INSPECT PUSH ARMS
INSPECT PINS AND BUSHINGS
INSPECT FRAME AND WELDS
COMPLETE SAFETY INSPECTION",1288,NULL,40,NULL,47358,2632,29153540-5ae8-49f7-8cd5-177bd4a8ac3e
34683,52569,"2026-07-29 20:55:32",1,0,1,"500 HR SERVICE (DOZER)",500,NULL,NULL,NULL,NULL,NULL,NULL,NULL,NULL,"SEE EQUIPMENT DETAILS - PARTS TAB OR WRITE IN PARTS USED:
","CHANGE ENGINE OIL & FILTER
REPLACE FUEL FILTER(S)
INSPECT AIR FILTER
CHECK HYDRAULIC OIL LEVEL
GREASE ALL FITTINGS
INSPECT TRACKS AND PADS
CHECK TRACK TENSION
INSPECT CUTTING EDGE
INSPECT HOSES AND CYLINDERS
CHECK BATTERY
TEST LIGHTS AND SAFETY DEVICES
",1288,NULL,40,NULL,47360,2692,f03204fd-a91b-43a1-83c8-2876d4737c6c
34665,52573,"2026-07-29 20:47:52",1,0,1,"1000 HR SERVICE (DOZER)",1000,NULL,NULL,NULL,NULL,NULL,NULL,NULL,NULL,"SEE EQUIPMENT DETAILS - PARTS TAB OR WRITE IN PARTS USED:
","COMPLETE 500 HR SERVICE
REPLACE AIR FILTERS
REPLACE HYDRAULIC FILTERS
CHECK FINAL DRIVE OIL
INSPECT ROLLERS, IDLERS, AND SPROCKETS
INSPECT UNDERCARRIAGE WEAR
CHECK COOLING SYSTEM
INSPECT STEERING AND BRAKES
INSPECT ELECTRICAL SYSTEM",1288,NULL,40,NULL,47366,2583,11a44452-127d-4894-9655-385ffb89a0d7
34676,52573,"2026-07-29 20:49:51",1,0,1,"2000 HR SERVICE (DOZER)",2000,NULL,NULL,NULL,NULL,NULL,NULL,NULL,NULL,"SEE EQUIPMENT DETAILS - PARTS TAB OR WRITE IN PARTS USED:
","COMPLETE 1000 HR SERVICE
SAMPLE HYDRAULIC OIL
CHANGE FINAL DRIVE OIL
REPLACE COOLANT
REPLACE ALL FILTERS
INSPECT PUSH ARMS
INSPECT PINS AND BUSHINGS
INSPECT FRAME AND WELDS
COMPLETE SAFETY INSPECTION",1288,NULL,40,NULL,47367,2632,0bc77378-107b-4cf0-979c-ade77f3c4caa
34681,52573,"2026-07-29 20:55:28",1,0,1,"500 HR SERVICE (DOZER)",500,NULL,NULL,NULL,NULL,NULL,NULL,NULL,NULL,"SEE EQUIPMENT DETAILS - PARTS TAB OR WRITE IN PARTS USED:
","CHANGE ENGINE OIL & FILTER
REPLACE FUEL FILTER(S)
INSPECT AIR FILTER
CHECK HYDRAULIC OIL LEVEL
GREASE ALL FITTINGS
INSPECT TRACKS AND PADS
CHECK TRACK TENSION
INSPECT CUTTING EDGE
INSPECT HOSES AND CYLINDERS
CHECK BATTERY
TEST LIGHTS AND SAFETY DEVICES
",1288,NULL,40,NULL,47365,2692,ad3a770f-0eee-4070-adb8-04596aefe5c6
34667,52579,"2026-07-29 20:47:53",1,0,1,"1000 HR SERVICE (DOZER)",1000,NULL,NULL,NULL,NULL,NULL,NULL,NULL,NULL,"SEE EQUIPMENT DETAILS - PARTS TAB OR WRITE IN PARTS USED:
","COMPLETE 500 HR SERVICE
REPLACE AIR FILTERS
REPLACE HYDRAULIC FILTERS
CHECK FINAL DRIVE OIL
INSPECT ROLLERS, IDLERS, AND SPROCKETS
INSPECT UNDERCARRIAGE WEAR
CHECK COOLING SYSTEM
INSPECT STEERING AND BRAKES
INSPECT ELECTRICAL SYSTEM",1288,NULL,40,NULL,47352,2583,02c70f98-7f53-4f76-8160-2f3e4bf2ce48
34678,52579,"2026-07-29 20:49:52",1,0,1,"2000 HR SERVICE (DOZER)",2000,NULL,NULL,NULL,NULL,NULL,NULL,NULL,NULL,"SEE EQUIPMENT DETAILS - PARTS TAB OR WRITE IN PARTS USED:
","COMPLETE 1000 HR SERVICE
SAMPLE HYDRAULIC OIL
CHANGE FINAL DRIVE OIL
REPLACE COOLANT
REPLACE ALL FILTERS
INSPECT PUSH ARMS
INSPECT PINS AND BUSHINGS
INSPECT FRAME AND WELDS
COMPLETE SAFETY INSPECTION",1288,NULL,40,NULL,47353,2632,ea90442f-b14a-45ad-93b8-9f6497b7b3d2
34679,52579,"2026-07-29 20:55:27",1,0,1,"500 HR SERVICE (DOZER)",500,NULL,NULL,NULL,NULL,NULL,NULL,NULL,NULL,"SEE EQUIPMENT DETAILS - PARTS TAB OR WRITE IN PARTS USED:
","CHANGE ENGINE OIL & FILTER
REPLACE FUEL FILTER(S)
INSPECT AIR FILTER
CHECK HYDRAULIC OIL LEVEL
GREASE ALL FITTINGS
INSPECT TRACKS AND PADS
CHECK TRACK TENSION
INSPECT CUTTING EDGE
INSPECT HOSES AND CYLINDERS
CHECK BATTERY
TEST LIGHTS AND SAFETY DEVICES
",1288,NULL,40,NULL,47351,2692,35f5a61f-b939-43db-b326-08bfb99d7a47
34668,52580,"2026-07-29 20:49:01",1,0,1,"1000 HR SERVICE (DOZER)",1000,NULL,NULL,NULL,NULL,NULL,NULL,NULL,NULL,"SEE EQUIPMENT DETAILS - PARTS TAB OR WRITE IN PARTS USED:
","COMPLETE 500 HR SERVICE
REPLACE AIR FILTERS
REPLACE HYDRAULIC FILTERS
CHECK FINAL DRIVE OIL
INSPECT ROLLERS, IDLERS, AND SPROCKETS
INSPECT UNDERCARRIAGE WEAR
CHECK COOLING SYSTEM
INSPECT STEERING AND BRAKES
INSPECT ELECTRICAL SYSTEM",1288,NULL,40,NULL,48386,2583,ea5a359b-b60e-406b-9f59-cfb65c866d11
34689,52580,"2026-07-29 20:55:38",1,0,1,"500 HR SERVICE (DOZER)",500,NULL,NULL,NULL,NULL,NULL,NULL,NULL,NULL,"SEE EQUIPMENT DETAILS - PARTS TAB OR WRITE IN PARTS USED:
","CHANGE ENGINE OIL & FILTER
REPLACE FUEL FILTER(S)
INSPECT AIR FILTER
CHECK HYDRAULIC OIL LEVEL
GREASE ALL FITTINGS
INSPECT TRACKS AND PADS
CHECK TRACK TENSION
INSPECT CUTTING EDGE
INSPECT HOSES AND CYLINDERS
CHECK BATTERY
TEST LIGHTS AND SAFETY DEVICES
",1288,NULL,40,NULL,48385,2692,8423cc0e-9a63-4343-8948-ac50763ba220
37154,52589,"2026-08-17 16:09:59",6,0,0,"DOT - ANNUAL",NULL,NULL,NULL,NULL,NULL,NULL,2026-08-13,NULL,NULL,,"ATTACH DOT ANNUAL PAPERWORK. PLEASE VERIFY VIN NUMBER!",16222,30,NULL,NULL,NULL,NULL,13b83319-6f21-41d0-aac6-db1cfdef06bd
37155,52589,"2026-08-17 16:14:15",3,0,1,"DOT - ANNUAL",NULL,365,NULL,NULL,2026-08-17,NULL,NULL,NULL,NULL,,"ATTACH DOT ANNUAL PAPERWORK. PLEASE VERIFY VIN NUMBER!",16222,30,NULL,NULL,48830,NULL,3ed3082a-bd7b-499b-a76c-c9a2cdecade5
35945,52650,"2026-07-31 15:48:36",2,0,1,"6000 MI SERVICE (MECHANIC)",NULL,NULL,6000,NULL,NULL,NULL,NULL,NULL,NULL,"SEE EQUIPMENT DETAILS - PARTS TAB OR WRITE IN PARTS USED:

","ENGINE & FLUIDS:
-CHANGE ENGINE OIL AND OIL FILTER
-CHECK COOLANT LEVEL AND CONDITION
-CHECK POWER STEERING FLUID
-CHECK TRANSMISSION FLUID LEVEL/FILTER
-CHECK HYDRAULIC FLUID LEVEL
-CHECK DEF LEVEL AND INSPECT DEF SYSTEM
-DRAIN WATER SEPARATOR AND INSPECT FUEL SYSTEM

AIR:
-INSPECT AIR FILTERS AND REPLACE IF NEEDED

BRAKES:
-INSPECT BRAKE LININGS/PADS
-CHECK BRAKE DRUMS/ROTORS
-INSPECT SLACK ADJUSTERS
-CHECK BRAKE CHAMBERS AND HARDWARE
-VERIFY PARKING BRAKE OPERATION

TIRES & WHEELS:
-CHECK TIRE PRESSURE
-MEASURE TREAD DEPTH
-INSPECT FOR CUTS, PUNCTURES, AND UNEVEN WEAR
-CHECK WHEEL NUTS AND RIM CONDITION

STEERING & SUSPENSION:
-INSPECT STEERING LINKAGE
-CHECK KINGPINS AND TIE-ROD ENDS
-LUBRICATE GREASE FITTINGS
-INSPECT SPRINGS, BUSHINGS, SHOCKS, AND U-BOLTS

ELECTRICAL SYSTEM:
-TEST LIGHTS AND SIGNALS
-INSPECT BATTERIES AND CONNECTIONS
-CHECK ALTERNATOR CHARGING VOLTAGE
-INSPECT WIRING FOR DAMAGE

GENERAL INSPECTION:
-CHECK MIRRORS, WINDSHIELD, AND WIPERS
-INSPECT SEAT BELTS
-CHECK HORN AND BACKUP ALARM
-INSPECT PTO OPERATION
-DOCUMENT DEFECTS AND REPAIRS
",1288,NULL,NULL,200,NULL,2745,6283bdbc-3d74-4a6a-86aa-f669b665ddaf
35956,52650,"2026-07-31 15:49:28",2,0,1,"20000 MI SERVICE (MECHANIC)",NULL,NULL,20000,NULL,NULL,NULL,NULL,NULL,NULL,"SEE EQUIPMENT DETAILS - PARTS TAB OR WRITE IN PARTS USED:

","INCLUDES ALL 6,000 MI SERVICE ITEMS, PLUS:

ENGINE MAINTENANCE:
-CHANGE ENGINE OIL AND FILTER
-REPLACE FUEL FILTERS (PRIMARY AND SECONDARY IF REQUIRED)
-INSPECT SERPENTINE BELTS AND TENSIONERS
-INSPECT COOLING SYSTEM HOSES AND CLAMPS
-CHECK ENGINE MOUNTS

AIR INTAKE SYSTEM:
-INSPECT AIR CLEANER RESTRICTION INDICATOR
-INSPECT AIR FILTER AND REPLACE IF NEEDED
-CHECK TURBOCHARGER CONNECTIONS

DRIVELINE:
-INSPECT DRIVESHAFT
-LUBRICATE U-JOINTS
-INSPECT CARRIER BEARINGS
-CHECK DIFFERENTIAL FLUID LEVELS

TRANSMISSION:
-INSPECT TRANSMISSION FOR LEAKS
-CHECK TRANSMISSION FLUID CONDITION/CHANGE FILTER
-INSPECT PTO AND PTO MOUNTS

AXLES & HUBS:
-CHECK AXLE OIL LEVELS
-INSPECT WHEEL SEALS FOR LEAKS
-CHECK HUB OIL LEVELS

BRAKE SYSTEM:
-MEASURE BRAKE LINING THICKNESS
-INSPECT ABS SENSORS AND WIRING
-CHECK BRAKE ADJUSTMENT
-INSPECT FOUNDATION BRAKE COMPONENTS

SUSPENSION:
-TORQUE-CHECK SUSPENSION COMPONENTS
-INSPECT SPRING HANGERS
-CHECK TORQUE RODS AND BUSHINGS
-INSPECT AIR BAGS (IF EQUIPPED)

HYDRAULIC SYSTEM:
-CHECK HYDRAULIC TANK BREATHER
-INSPECT HYDRAULIC FILTER CONDITION/SAMPLE FLUID
-VERIFY HYDRAULIC PRESSURE AND OPERATION

FRAME & BODY:
-INSPECT FRAME RAILS FOR CRACKS
-CHECK CROSS MEMBERS
-CHECK TAILGATE OPERATION AND HARDWARE

SAFETY INSPECTION:
-VERIFY REFLECTIVE TAPE CONDITION
-TEST BACKUP CAMERA (IF EQUIPPED)
",1288,NULL,NULL,200,NULL,2672,bf3f6759-2f61-4d2b-b8d6-aa9b2562d2a3
35946,52707,"2026-07-31 15:48:38",2,0,1,"6000 MI SERVICE (MECHANIC)",NULL,NULL,6000,NULL,NULL,NULL,NULL,NULL,NULL,"SEE EQUIPMENT DETAILS - PARTS TAB OR WRITE IN PARTS USED:

","ENGINE & FLUIDS:
-CHANGE ENGINE OIL AND OIL FILTER
-CHECK COOLANT LEVEL AND CONDITION
-CHECK POWER STEERING FLUID
-CHECK TRANSMISSION FLUID LEVEL/FILTER
-CHECK HYDRAULIC FLUID LEVEL
-CHECK DEF LEVEL AND INSPECT DEF SYSTEM
-DRAIN WATER SEPARATOR AND INSPECT FUEL SYSTEM

AIR:
-INSPECT AIR FILTERS AND REPLACE IF NEEDED

BRAKES:
-INSPECT BRAKE LININGS/PADS
-CHECK BRAKE DRUMS/ROTORS
-INSPECT SLACK ADJUSTERS
-CHECK BRAKE CHAMBERS AND HARDWARE
-VERIFY PARKING BRAKE OPERATION

TIRES & WHEELS:
-CHECK TIRE PRESSURE
-MEASURE TREAD DEPTH
-INSPECT FOR CUTS, PUNCTURES, AND UNEVEN WEAR
-CHECK WHEEL NUTS AND RIM CONDITION

STEERING & SUSPENSION:
-INSPECT STEERING LINKAGE
-CHECK KINGPINS AND TIE-ROD ENDS
-LUBRICATE GREASE FITTINGS
-INSPECT SPRINGS, BUSHINGS, SHOCKS, AND U-BOLTS

ELECTRICAL SYSTEM:
-TEST LIGHTS AND SIGNALS
-INSPECT BATTERIES AND CONNECTIONS
-CHECK ALTERNATOR CHARGING VOLTAGE
-INSPECT WIRING FOR DAMAGE

GENERAL INSPECTION:
-CHECK MIRRORS, WINDSHIELD, AND WIPERS
-INSPECT SEAT BELTS
-CHECK HORN AND BACKUP ALARM
-INSPECT PTO OPERATION
-DOCUMENT DEFECTS AND REPAIRS
",1288,NULL,NULL,200,NULL,2745,4a46f6ea-6456-429f-8ebb-c0c8681e099e
35957,52707,"2026-07-31 15:49:28",2,0,1,"20000 MI SERVICE (MECHANIC)",NULL,NULL,20000,NULL,NULL,NULL,NULL,NULL,NULL,"SEE EQUIPMENT DETAILS - PARTS TAB OR WRITE IN PARTS USED:

","INCLUDES ALL 6,000 MI SERVICE ITEMS, PLUS:

ENGINE MAINTENANCE:
-CHANGE ENGINE OIL AND FILTER
-REPLACE FUEL FILTERS (PRIMARY AND SECONDARY IF REQUIRED)
-INSPECT SERPENTINE BELTS AND TENSIONERS
-INSPECT COOLING SYSTEM HOSES AND CLAMPS
-CHECK ENGINE MOUNTS

AIR INTAKE SYSTEM:
-INSPECT AIR CLEANER RESTRICTION INDICATOR
-INSPECT AIR FILTER AND REPLACE IF NEEDED
-CHECK TURBOCHARGER CONNECTIONS

DRIVELINE:
-INSPECT DRIVESHAFT
-LUBRICATE U-JOINTS
-INSPECT CARRIER BEARINGS
-CHECK DIFFERENTIAL FLUID LEVELS

TRANSMISSION:
-INSPECT TRANSMISSION FOR LEAKS
-CHECK TRANSMISSION FLUID CONDITION/CHANGE FILTER
-INSPECT PTO AND PTO MOUNTS

AXLES & HUBS:
-CHECK AXLE OIL LEVELS
-INSPECT WHEEL SEALS FOR LEAKS
-CHECK HUB OIL LEVELS

BRAKE SYSTEM:
-MEASURE BRAKE LINING THICKNESS
-INSPECT ABS SENSORS AND WIRING
-CHECK BRAKE ADJUSTMENT
-INSPECT FOUNDATION BRAKE COMPONENTS

SUSPENSION:
-TORQUE-CHECK SUSPENSION COMPONENTS
-INSPECT SPRING HANGERS
-CHECK TORQUE RODS AND BUSHINGS
-INSPECT AIR BAGS (IF EQUIPPED)

HYDRAULIC SYSTEM:
-CHECK HYDRAULIC TANK BREATHER
-INSPECT HYDRAULIC FILTER CONDITION/SAMPLE FLUID
-VERIFY HYDRAULIC PRESSURE AND OPERATION

FRAME & BODY:
-INSPECT FRAME RAILS FOR CRACKS
-CHECK CROSS MEMBERS
-CHECK TAILGATE OPERATION AND HARDWARE

SAFETY INSPECTION:
-VERIFY REFLECTIVE TAPE CONDITION
-TEST BACKUP CAMERA (IF EQUIPPED)
",1288,NULL,NULL,200,NULL,2672,1583520f-df50-4de2-a6b7-1611ca18ef75
35947,52723,"2026-07-31 15:48:39",2,0,1,"6000 MI SERVICE (MECHANIC)",NULL,NULL,6000,NULL,NULL,NULL,NULL,NULL,NULL,"SEE EQUIPMENT DETAILS - PARTS TAB OR WRITE IN PARTS USED:

","ENGINE & FLUIDS:
-CHANGE ENGINE OIL AND OIL FILTER
-CHECK COOLANT LEVEL AND CONDITION
-CHECK POWER STEERING FLUID
-CHECK TRANSMISSION FLUID LEVEL/FILTER
-CHECK HYDRAULIC FLUID LEVEL
-CHECK DEF LEVEL AND INSPECT DEF SYSTEM
-DRAIN WATER SEPARATOR AND INSPECT FUEL SYSTEM

AIR:
-INSPECT AIR FILTERS AND REPLACE IF NEEDED

BRAKES:
-INSPECT BRAKE LININGS/PADS
-CHECK BRAKE DRUMS/ROTORS
-INSPECT SLACK ADJUSTERS
-CHECK BRAKE CHAMBERS AND HARDWARE
-VERIFY PARKING BRAKE OPERATION

TIRES & WHEELS:
-CHECK TIRE PRESSURE
-MEASURE TREAD DEPTH
-INSPECT FOR CUTS, PUNCTURES, AND UNEVEN WEAR
-CHECK WHEEL NUTS AND RIM CONDITION

STEERING & SUSPENSION:
-INSPECT STEERING LINKAGE
-CHECK KINGPINS AND TIE-ROD ENDS
-LUBRICATE GREASE FITTINGS
-INSPECT SPRINGS, BUSHINGS, SHOCKS, AND U-BOLTS

ELECTRICAL SYSTEM:
-TEST LIGHTS AND SIGNALS
-INSPECT BATTERIES AND CONNECTIONS
-CHECK ALTERNATOR CHARGING VOLTAGE
-INSPECT WIRING FOR DAMAGE

GENERAL INSPECTION:
-CHECK MIRRORS, WINDSHIELD, AND WIPERS
-INSPECT SEAT BELTS
-CHECK HORN AND BACKUP ALARM
-INSPECT PTO OPERATION
-DOCUMENT DEFECTS AND REPAIRS
",1288,NULL,NULL,200,47129,2745,ee60d7c7-3fa5-464b-ba97-219548bf300a
35958,52723,"2026-07-31 15:49:29",2,0,1,"20000 MI SERVICE (MECHANIC)",NULL,NULL,20000,NULL,NULL,NULL,NULL,NULL,NULL,"SEE EQUIPMENT DETAILS - PARTS TAB OR WRITE IN PARTS USED:

","INCLUDES ALL 6,000 MI SERVICE ITEMS, PLUS:

ENGINE MAINTENANCE:
-CHANGE ENGINE OIL AND FILTER
-REPLACE FUEL FILTERS (PRIMARY AND SECONDARY IF REQUIRED)
-INSPECT SERPENTINE BELTS AND TENSIONERS
-INSPECT COOLING SYSTEM HOSES AND CLAMPS
-CHECK ENGINE MOUNTS

AIR INTAKE SYSTEM:
-INSPECT AIR CLEANER RESTRICTION INDICATOR
-INSPECT AIR FILTER AND REPLACE IF NEEDED
-CHECK TURBOCHARGER CONNECTIONS

DRIVELINE:
-INSPECT DRIVESHAFT
-LUBRICATE U-JOINTS
-INSPECT CARRIER BEARINGS
-CHECK DIFFERENTIAL FLUID LEVELS

TRANSMISSION:
-INSPECT TRANSMISSION FOR LEAKS
-CHECK TRANSMISSION FLUID CONDITION/CHANGE FILTER
-INSPECT PTO AND PTO MOUNTS

AXLES & HUBS:
-CHECK AXLE OIL LEVELS
-INSPECT WHEEL SEALS FOR LEAKS
-CHECK HUB OIL LEVELS

BRAKE SYSTEM:
-MEASURE BRAKE LINING THICKNESS
-INSPECT ABS SENSORS AND WIRING
-CHECK BRAKE ADJUSTMENT
-INSPECT FOUNDATION BRAKE COMPONENTS

SUSPENSION:
-TORQUE-CHECK SUSPENSION COMPONENTS
-INSPECT SPRING HANGERS
-CHECK TORQUE RODS AND BUSHINGS
-INSPECT AIR BAGS (IF EQUIPPED)

HYDRAULIC SYSTEM:
-CHECK HYDRAULIC TANK BREATHER
-INSPECT HYDRAULIC FILTER CONDITION/SAMPLE FLUID
-VERIFY HYDRAULIC PRESSURE AND OPERATION

FRAME & BODY:
-INSPECT FRAME RAILS FOR CRACKS
-CHECK CROSS MEMBERS
-CHECK TAILGATE OPERATION AND HARDWARE

SAFETY INSPECTION:
-VERIFY REFLECTIVE TAPE CONDITION
-TEST BACKUP CAMERA (IF EQUIPPED)
",1288,NULL,NULL,200,47128,2672,37388de1-b589-43a3-a502-de21217f8ec2
35470,52742,"2026-07-30 19:28:21",1,0,1,"250 HR SERVICE (WELDER MILLER 400)",250,NULL,NULL,NULL,NULL,NULL,NULL,NULL,NULL,"SEE EQUIPMENT DETAILS - PARTS TAB OR WRITE IN PARTS USED:

","CHANGE ENGINE OIL & FILTER
REPLACE FUEL FILTER(S)
INSPECT/REPLACE AIR FILTER

CHECK ALTERNATOR OUTPUT
CHECK BATTERY CONDITION
INSPECT COOLING SYSTEM
INSPECT ENGINE MOUNTS
INSPECT EXHAUST SYSTEM
CHECK FOR OIL LEAKS
CHECK FOR FUEL LEAKS
INSPECT WELD LEADS
INSPECT ELECTRODE HOLDER
INSPECT GROUND CLAMP
CHECK AC/DC OUTPUT
VERIFY AUXILIARY POWER OUTPUT
CLEAN MACHINE INTERIOR
REMOVE DEBRIS FROM COOLING SYSTEM
OPERATIONAL TEST
",1288,NULL,30,NULL,NULL,2678,55c5c48a-c286-4816-82a7-8d884c2ce209
35558,52742,"2026-07-30 20:36:02",3,0,1,"CALIBRATION - (WELDER) - 365 DAY",NULL,365,NULL,NULL,NULL,NULL,NULL,NULL,NULL,,"SUBMIT WEVR PAPERWORK. WORK ORDER WILL NOT CLOSE UNLESS PAPERWORK IS CORRECT & SUBMITTED.",1288,7,NULL,NULL,NULL,2755,ea994032-73af-4e2c-8fe4-15fd577a0171
35620,52742,"2026-07-30 20:39:46",3,0,1,"CALIBRATION - (WELDER) - 90 DAY",NULL,90,NULL,NULL,NULL,NULL,NULL,NULL,NULL,,"SUBMIT WEVR PAPERWORK. WORK ORDER WILL NOT CLOSE UNLESS PAPERWORK IS CORRECT & SUBMITTED.",1288,7,NULL,NULL,NULL,2756,3750f03a-7f9b-402e-a5ae-4c7c1716c4ae
35473,52744,"2026-07-30 19:28:23",1,0,1,"250 HR SERVICE (WELDER MILLER 400)",250,NULL,NULL,NULL,NULL,NULL,NULL,NULL,NULL,"SEE EQUIPMENT DETAILS - PARTS TAB OR WRITE IN PARTS USED:

","CHANGE ENGINE OIL & FILTER
REPLACE FUEL FILTER(S)
INSPECT/REPLACE AIR FILTER

CHECK ALTERNATOR OUTPUT
CHECK BATTERY CONDITION
INSPECT COOLING SYSTEM
INSPECT ENGINE MOUNTS
INSPECT EXHAUST SYSTEM
CHECK FOR OIL LEAKS
CHECK FOR FUEL LEAKS
INSPECT WELD LEADS
INSPECT ELECTRODE HOLDER
INSPECT GROUND CLAMP
CHECK AC/DC OUTPUT
VERIFY AUXILIARY POWER OUTPUT
CLEAN MACHINE INTERIOR
REMOVE DEBRIS FROM COOLING SYSTEM
OPERATIONAL TEST
",1288,NULL,30,NULL,NULL,2678,dd2e0fee-02c3-430b-a464-dd4995f4dcfc
35561,52744,"2026-07-30 20:36:03",3,0,1,"CALIBRATION - (WELDER) - 365 DAY",NULL,365,NULL,NULL,NULL,NULL,NULL,NULL,NULL,,"SUBMIT WEVR PAPERWORK. WORK ORDER WILL NOT CLOSE UNLESS PAPERWORK IS CORRECT & SUBMITTED.",1288,7,NULL,NULL,NULL,2755,02e652a1-158a-4046-b7ff-fe066590596f
35623,52744,"2026-07-30 20:39:48",3,0,1,"CALIBRATION - (WELDER) - 90 DAY",NULL,90,NULL,NULL,NULL,NULL,NULL,NULL,NULL,,"SUBMIT WEVR PAPERWORK. WORK ORDER WILL NOT CLOSE UNLESS PAPERWORK IS CORRECT & SUBMITTED.",1288,7,NULL,NULL,NULL,2756,0e7ffe12-43ac-4d14-8fe4-a6a2e418598d
35474,52745,"2026-07-30 19:28:59",1,0,1,"250 HR SERVICE (WELDER MILLER 400)",250,NULL,NULL,NULL,NULL,NULL,NULL,NULL,NULL,"SEE EQUIPMENT DETAILS - PARTS TAB OR WRITE IN PARTS USED:

","CHANGE ENGINE OIL & FILTER
REPLACE FUEL FILTER(S)
INSPECT/REPLACE AIR FILTER

CHECK ALTERNATOR OUTPUT
CHECK BATTERY CONDITION
INSPECT COOLING SYSTEM
INSPECT ENGINE MOUNTS
INSPECT EXHAUST SYSTEM
CHECK FOR OIL LEAKS
CHECK FOR FUEL LEAKS
INSPECT WELD LEADS
INSPECT ELECTRODE HOLDER
INSPECT GROUND CLAMP
CHECK AC/DC OUTPUT
VERIFY AUXILIARY POWER OUTPUT
CLEAN MACHINE INTERIOR
REMOVE DEBRIS FROM COOLING SYSTEM
OPERATIONAL TEST
",1288,NULL,30,NULL,NULL,2678,064f22f6-a76c-407c-bb86-631bfd1c7c98
35562,52745,"2026-07-30 20:36:04",3,0,1,"CALIBRATION - (WELDER) - 365 DAY",NULL,365,NULL,NULL,NULL,NULL,NULL,NULL,NULL,,"SUBMIT WEVR PAPERWORK. WORK ORDER WILL NOT CLOSE UNLESS PAPERWORK IS CORRECT & SUBMITTED.",1288,7,NULL,NULL,NULL,2755,30b5e4eb-393e-486d-b7a1-7c68b06c40dc
35624,52745,"2026-07-30 20:39:48",3,0,1,"CALIBRATION - (WELDER) - 90 DAY",NULL,90,NULL,NULL,NULL,NULL,NULL,NULL,NULL,,"SUBMIT WEVR PAPERWORK. WORK ORDER WILL NOT CLOSE UNLESS PAPERWORK IS CORRECT & SUBMITTED.",1288,7,NULL,NULL,NULL,2756,368ec771-a9c1-4a5e-a746-06156cb86740
37113,52745,"2026-08-12 19:59:00",4,0,1,"INITIAL 50 HR BREAK-IN SERVICE",NULL,NULL,NULL,NULL,NULL,NULL,NULL,50,NULL,"SEE EQUIPMENT DETAILS - PARTS TAB OR WRITE IN PARTS USED:
","INITIAL 50-HR BREAK-IN (OIL CHANGE) SERVICE",1288,NULL,5,NULL,NULL,2762,7c4a1ff5-de36-4741-b771-72c6b2be164c
36853,52749,"2026-08-04 06:06:54",3,0,1,"CALIBRATION - (WIRE FEED) - 365 DAY",NULL,365,NULL,NULL,NULL,NULL,NULL,NULL,NULL,,"SUBMIT WEVR PAPERWORK. WORK ORDER WILL NOT CLOSE UNLESS PAPERWORK IS CORRECT & SUBMITTED.",16222,7,NULL,NULL,48115,2781,884dd792-7231-4918-9865-4b860197d0ff
36925,52749,"2026-08-04 06:08:20",3,0,1,"CALIBRATION - (WIRE FEED) - 90 DAY",NULL,90,NULL,NULL,NULL,NULL,NULL,NULL,NULL,,"SUBMIT WEVR PAPERWORK. WORK ORDER WILL NOT CLOSE UNLESS PAPERWORK IS CORRECT & SUBMITTED.",16222,7,NULL,NULL,48114,2782,f5a9ec4c-9764-457a-aac4-eb1357bfc5b7
35475,52751,"2026-07-30 19:29:00",1,0,1,"250 HR SERVICE (WELDER MILLER 400)",250,NULL,NULL,NULL,NULL,NULL,NULL,NULL,NULL,"SEE EQUIPMENT DETAILS - PARTS TAB OR WRITE IN PARTS USED:

","CHANGE ENGINE OIL & FILTER
REPLACE FUEL FILTER(S)
INSPECT/REPLACE AIR FILTER

CHECK ALTERNATOR OUTPUT
CHECK BATTERY CONDITION
INSPECT COOLING SYSTEM
INSPECT ENGINE MOUNTS
INSPECT EXHAUST SYSTEM
CHECK FOR OIL LEAKS
CHECK FOR FUEL LEAKS
INSPECT WELD LEADS
INSPECT ELECTRODE HOLDER
INSPECT GROUND CLAMP
CHECK AC/DC OUTPUT
VERIFY AUXILIARY POWER OUTPUT
CLEAN MACHINE INTERIOR
REMOVE DEBRIS FROM COOLING SYSTEM
OPERATIONAL TEST
",1288,NULL,30,NULL,NULL,2678,ea72de37-3c3c-45ea-8811-13aadaa026b0
35563,52751,"2026-07-30 20:36:05",3,0,1,"CALIBRATION - (WELDER) - 365 DAY",NULL,365,NULL,NULL,NULL,NULL,NULL,NULL,NULL,,"SUBMIT WEVR PAPERWORK. WORK ORDER WILL NOT CLOSE UNLESS PAPERWORK IS CORRECT & SUBMITTED.",1288,7,NULL,NULL,NULL,2755,68a09ed3-6f08-4a91-889e-061a01be0093
35625,52751,"2026-07-30 20:39:49",3,0,1,"CALIBRATION - (WELDER) - 90 DAY",NULL,90,NULL,NULL,NULL,NULL,NULL,NULL,NULL,,"SUBMIT WEVR PAPERWORK. WORK ORDER WILL NOT CLOSE UNLESS PAPERWORK IS CORRECT & SUBMITTED.",1288,7,NULL,NULL,NULL,2756,717879c1-04fb-4e69-9cdb-0fa672bc53fc
37114,52751,"2026-08-12 19:59:00",4,0,1,"INITIAL 50 HR BREAK-IN SERVICE",NULL,NULL,NULL,NULL,NULL,NULL,NULL,50,NULL,"SEE EQUIPMENT DETAILS - PARTS TAB OR WRITE IN PARTS USED:
","INITIAL 50-HR BREAK-IN (OIL CHANGE) SERVICE",1288,NULL,5,NULL,NULL,2762,c0979c8b-ee3a-4d25-9d67-860656fc8d64
37116,52751,"2026-08-12 20:02:35",6,0,0,"*SPECIAL CASE - UNIT SUBMERGED UNDER WATER SERVICE",NULL,NULL,NULL,NULL,NULL,NULL,2026-08-05,NULL,NULL,,"UNIT WAS FULLY SERVICED 08/05/26 @ 1 HR - GB",16222,0,NULL,NULL,48623,NULL,13ed6df3-da7d-4912-8e42-e08bd4c5dc68
35466,52754,"2026-07-30 19:27:49",1,0,1,"250 HR SERVICE (WELDER MILLER 400)",250,NULL,NULL,NULL,NULL,NULL,NULL,NULL,NULL,"SEE EQUIPMENT DETAILS - PARTS TAB OR WRITE IN PARTS USED:

","CHANGE ENGINE OIL & FILTER
REPLACE FUEL FILTER(S)
INSPECT/REPLACE AIR FILTER

CHECK ALTERNATOR OUTPUT
CHECK BATTERY CONDITION
INSPECT COOLING SYSTEM
INSPECT ENGINE MOUNTS
INSPECT EXHAUST SYSTEM
CHECK FOR OIL LEAKS
CHECK FOR FUEL LEAKS
INSPECT WELD LEADS
INSPECT ELECTRODE HOLDER
INSPECT GROUND CLAMP
CHECK AC/DC OUTPUT
VERIFY AUXILIARY POWER OUTPUT
CLEAN MACHINE INTERIOR
REMOVE DEBRIS FROM COOLING SYSTEM
OPERATIONAL TEST
",1288,NULL,30,NULL,48801,2678,16c49f86-f355-4e84-aa4e-89b683a0cca3
35555,52754,"2026-07-30 20:36:00",3,0,1,"CALIBRATION - (WELDER) - 365 DAY",NULL,365,NULL,NULL,NULL,NULL,NULL,NULL,NULL,,"SUBMIT WEVR PAPERWORK. WORK ORDER WILL NOT CLOSE UNLESS PAPERWORK IS CORRECT & SUBMITTED.",1288,7,NULL,NULL,NULL,2755,ff2220f3-7f57-46fc-af69-8c511d808c38
35617,52754,"2026-07-30 20:39:44",3,0,1,"CALIBRATION - (WELDER) - 90 DAY",NULL,90,NULL,NULL,NULL,NULL,NULL,NULL,NULL,,"SUBMIT WEVR PAPERWORK. WORK ORDER WILL NOT CLOSE UNLESS PAPERWORK IS CORRECT & SUBMITTED.",1288,7,NULL,NULL,NULL,2756,ff4a2697-d392-4a3e-a107-91f35fbfd0c8
36851,52756,"2026-08-04 06:06:52",3,0,1,"CALIBRATION - (WIRE FEED) - 365 DAY",NULL,365,NULL,NULL,NULL,NULL,NULL,NULL,NULL,,"SUBMIT WEVR PAPERWORK. WORK ORDER WILL NOT CLOSE UNLESS PAPERWORK IS CORRECT & SUBMITTED.",16222,7,NULL,NULL,48111,2781,f787cc50-4904-4418-abb9-bf4c7ec02f77
36923,52756,"2026-08-04 06:08:19",3,0,1,"CALIBRATION - (WIRE FEED) - 90 DAY",NULL,90,NULL,NULL,NULL,NULL,NULL,NULL,NULL,,"SUBMIT WEVR PAPERWORK. WORK ORDER WILL NOT CLOSE UNLESS PAPERWORK IS CORRECT & SUBMITTED.",16222,7,NULL,NULL,48110,2782,12d88010-3c84-44cc-b754-87963175c733
36305,52757,"2026-07-31 17:03:54",1,1,0,"1000 HR TUGBOAT (GENSET - STARBOARD) - HOUR",1000,NULL,NULL,NULL,NULL,NULL,NULL,NULL,NULL,"SEE EQUIPMENT DETAILS - PARTS TAB OR WRITE IN PARTS USED:
","• PERFORM ALL 500 HOUR TASKS PLUS
• REPLACE CRANKCASE BREATHER FILTER
• CHANGE HYDRAULIC FILTERS
• TRANSMISSION GEAR BOXES",1288,NULL,40,NULL,NULL,2620,431e738e-45d3-4606-94c3-8808c23e5ce5
36326,52757,"2026-07-31 17:04:53",2,1,0,"1000 MI TUGBOAT (GENSET - PORT) - ODOMETER",NULL,NULL,1000,NULL,NULL,NULL,NULL,NULL,NULL,"SEE EQUIPMENT DETAILS - PARTS TAB OR WRITE IN PARTS USED:","• PERFORM ALL 500 HOUR TASKS PLUS
• REPLACE CRANKCASE BREATHER FILTER
• CHANGE HYDRAULIC FILTERS
• TRANSMISSION GEAR BOXES",1288,NULL,NULL,40,NULL,2623,38077719-f1c0-4c9b-98de-e218927d5163
36329,52757,"2026-07-31 17:06:24",1,1,0,"2000 HR TUGBOAT (GENSET - STARBOARD) - HOUR",2000,NULL,NULL,NULL,NULL,NULL,NULL,NULL,NULL,"SEE EQUIPMENT DETAILS - PARTS TAB OR WRITE IN PARTS USED:","• PERFORM ALL 1000 HOUR TASKS PLUS
• SAMPLE HYD OIL/CHANGE AS NEEDED
• SAMPLE COOLANT/CHANGE AS NEEDED",1288,NULL,40,NULL,NULL,2664,0bfe4308-6e41-4cfe-9904-a7c8e74b34b0
36334,52757,"2026-07-31 17:07:05",2,1,0,"2000 MI TUGBOAT (GENSET - PORT) - ODOMETER",NULL,NULL,2000,NULL,NULL,NULL,NULL,NULL,NULL,"SEE EQUIPMENT DETAILS - PARTS TAB OR WRITE IN PARTS USED:","• PERFORM ALL 1000 HOUR TASKS PLUS
• SAMPLE HYD OIL/CHANGE AS NEEDED
• SAMPLE COOLANT/CHANGE AS NEEDED",1288,NULL,NULL,40,NULL,2667,24b270e5-e4b6-4d82-a460-9bd52a8546aa
36337,52757,"2026-07-31 17:07:52",1,1,0,"500 HR TUGBOAT (GENSET - STARBOARD) - HOUR",500,NULL,NULL,NULL,NULL,NULL,NULL,NULL,NULL,"SEE EQUIPMENT DETAILS - PARTS TAB OR WRITE IN PARTS USED:","• CHANGE ENGINE OIL & FILTER(S)
• REPLACE PRIMARY FUEL FILTER(S)
• REPLACE SECONDARY FUEL FILTER(S)
• DRAIN FUEL/WATER SEPARATORS
• CHECK/REPLACE AIR FILTERS
• CHECK COOLANT LEVEL
• INSPECT COOLING SYSTEM
• INSPECT TURBOCHARGERS
• INSPECT BELTS",1288,NULL,40,NULL,NULL,2737,3aba7433-0bf7-413c-a908-9c2b5c702e53
36347,52757,"2026-07-31 17:08:35",2,1,0,"500 MI TUGBOAT (GENSET - PORT) - ODOMETER",NULL,NULL,500,NULL,NULL,NULL,NULL,NULL,NULL,"SEE EQUIPMENT DETAILS - PARTS TAB OR WRITE IN PARTS USED:","• CHANGE ENGINE OIL & FILTER(S)
• REPLACE PRIMARY FUEL FILTER(S)
• REPLACE SECONDARY FUEL FILTER(S)
• DRAIN FUEL/WATER SEPARATORS
• CHECK/REPLACE AIR FILTERS
• CHECK COOLANT LEVEL
• INSPECT COOLING SYSTEM
• INSPECT TURBOCHARGERS
• INSPECT BELTS",1288,NULL,NULL,40,NULL,2740,f9865439-2dd0-430e-8207-4a87b9c5132d
36547,52757,"2026-07-31 17:17:00",1,0,1,"1000 HR TUGBOAT (MAIN - STARBOARD) - HOUR",1000,NULL,NULL,NULL,NULL,NULL,NULL,NULL,NULL,"SEE EQUIPMENT DETAILS - PARTS TAB OR WRITE IN PARTS USED:","• PERFORM ALL 500 HOUR TASKS PLUS
• REPLACE CRANKCASE BREATHER FILTER
• CHANGE HYDRAULIC FILTERS
• TRANSMISSION GEAR BOXES",1288,NULL,40,NULL,48295,2621,58f5ca7c-8488-4cee-821b-43d0b6bcbdbe
36582,52757,"2026-07-31 17:17:41",2,0,1,"1000 MI TUGBOAT (MAIN - PORT) - ODOMETER",NULL,NULL,1000,NULL,NULL,NULL,NULL,NULL,NULL,"SEE EQUIPMENT DETAILS - PARTS TAB OR WRITE IN PARTS USED:","• PERFORM ALL 500 HOUR TASKS PLUS
• REPLACE CRANKCASE BREATHER FILTER
• CHANGE HYDRAULIC FILTERS
• TRANSMISSION GEAR BOXES",1288,NULL,NULL,40,48298,2624,900525df-edd3-4555-bdb2-bbc0bbd27ec2
36587,52757,"2026-07-31 17:18:23",1,0,1,"500 HR TUGBOAT (MAIN - STARBOARD) - HOUR",500,NULL,NULL,NULL,NULL,NULL,NULL,NULL,NULL,"SEE EQUIPMENT DETAILS - PARTS TAB OR WRITE IN PARTS USED:","• CHANGE ENGINE OIL & FILTER(S)
• REPLACE PRIMARY FUEL FILTER(S)
• REPLACE SECONDARY FUEL FILTER(S)
• DRAIN FUEL/WATER SEPARATORS
• CHECK/REPLACE AIR FILTERS
• CHECK COOLANT LEVEL
• INSPECT COOLING SYSTEM
• INSPECT TURBOCHARGERS
• INSPECT BELTS
",1288,NULL,40,NULL,48294,2738,feecbdea-2a99-48df-8611-9c6a6c6bf062
36606,52757,"2026-07-31 17:19:06",2,0,1,"500 MI TUGBOAT (MAIN - PORT) - ODOMETER",NULL,NULL,500,NULL,NULL,NULL,NULL,NULL,NULL,"SEE EQUIPMENT DETAILS - PARTS TAB OR WRITE IN PARTS USED:","• CHANGE ENGINE OIL & FILTER(S)
• REPLACE PRIMARY FUEL FILTER(S)
• REPLACE SECONDARY FUEL FILTER(S)
• DRAIN FUEL/WATER SEPARATORS
• CHECK/REPLACE AIR FILTERS
• CHECK COOLANT LEVEL
• INSPECT COOLING SYSTEM
• INSPECT TURBOCHARGERS
• INSPECT BELTS




",1288,NULL,NULL,40,48297,2741,2d64265e-5ba4-4996-a04e-9a5175ab27f0
36666,52757,"2026-07-31 18:00:59",1,0,1,"2000 HR TUGBOAT (MAIN - STARBOARD) - HOUR",2000,NULL,NULL,NULL,NULL,NULL,NULL,NULL,NULL,"SEE EQUIPMENT DETAILS - PARTS TAB OR WRITE IN PARTS USED:
","• PERFORM ALL 1000 HOUR TASKS PLUS
• SAMPLE HYD OIL/CHANGE AS NEEDED
• SAMPLE COOLANT/CHANGE AS NEEDED",1288,NULL,40,NULL,48296,2665,7e651d5f-c99d-4cc2-b4fe-396ec6be9be3
36670,52757,"2026-07-31 18:02:48",2,0,1,"2000 MI TUGBOAT (MAIN - PORT) - ODOMETER",2000,NULL,2000,NULL,NULL,NULL,NULL,NULL,NULL,"SEE EQUIPMENT DETAILS - PARTS TAB OR WRITE IN PARTS USED:","• PERFORM ALL 1000 HOUR TASKS PLUS
• SAMPLE HYD OIL/CHANGE AS NEEDED
• SAMPLE COOLANT/CHANGE AS NEEDED",1288,NULL,40,40,48299,2668,2b93e7be-5b26-4eba-9314-bc7719a8637d
35476,52759,"2026-07-30 19:29:00",1,0,1,"250 HR SERVICE (WELDER MILLER 400)",250,NULL,NULL,NULL,NULL,NULL,NULL,NULL,NULL,"SEE EQUIPMENT DETAILS - PARTS TAB OR WRITE IN PARTS USED:

","CHANGE ENGINE OIL & FILTER
REPLACE FUEL FILTER(S)
INSPECT/REPLACE AIR FILTER

CHECK ALTERNATOR OUTPUT
CHECK BATTERY CONDITION
INSPECT COOLING SYSTEM
INSPECT ENGINE MOUNTS
INSPECT EXHAUST SYSTEM
CHECK FOR OIL LEAKS
CHECK FOR FUEL LEAKS
INSPECT WELD LEADS
INSPECT ELECTRODE HOLDER
INSPECT GROUND CLAMP
CHECK AC/DC OUTPUT
VERIFY AUXILIARY POWER OUTPUT
CLEAN MACHINE INTERIOR
REMOVE DEBRIS FROM COOLING SYSTEM
OPERATIONAL TEST
",1288,NULL,30,NULL,NULL,2678,7f7aad7e-0ca5-4f3c-a0b8-94228b152236
35564,52759,"2026-07-30 20:36:05",3,0,1,"CALIBRATION - (WELDER) - 365 DAY",NULL,365,NULL,NULL,NULL,NULL,NULL,NULL,NULL,,"SUBMIT WEVR PAPERWORK. WORK ORDER WILL NOT CLOSE UNLESS PAPERWORK IS CORRECT & SUBMITTED.",1288,7,NULL,NULL,NULL,2755,f69f7de5-de44-418b-ad34-179b932d1e51
35626,52759,"2026-07-30 20:39:49",3,0,1,"CALIBRATION - (WELDER) - 90 DAY",NULL,90,NULL,NULL,NULL,NULL,NULL,NULL,NULL,,"SUBMIT WEVR PAPERWORK. WORK ORDER WILL NOT CLOSE UNLESS PAPERWORK IS CORRECT & SUBMITTED.",1288,7,NULL,NULL,NULL,2756,bbc02707-f5e4-4501-8e3b-441625c263ba
37115,52759,"2026-08-12 19:59:01",4,0,1,"INITIAL 50 HR BREAK-IN SERVICE",NULL,NULL,NULL,NULL,NULL,NULL,NULL,50,NULL,"SEE EQUIPMENT DETAILS - PARTS TAB OR WRITE IN PARTS USED:
","INITIAL 50-HR BREAK-IN (OIL CHANGE) SERVICE",1288,NULL,5,NULL,NULL,2762,43346341-9a98-488a-98d0-ee5316a4ec56
37117,52759,"2026-08-12 20:06:16",6,0,0,"*SPECIAL CASE - UNIT SUBMERGED UNDER WATER SERVICE",NULL,NULL,NULL,NULL,NULL,NULL,2026-08-05,NULL,NULL,,"UNIT WAS FULLY SERVICED 08/05/26 @ 2 HRS - GB",16222,0,NULL,NULL,48624,NULL,58591e06-111e-4574-bfa0-1819c93ee469
34433,52764,"2026-07-28 02:19:51",1,0,1,"1000 HR SERVICE (HYD WINCH)",1000,NULL,NULL,NULL,NULL,NULL,NULL,NULL,NULL,"SEE EQUIPMENT DETAILS - PARTS TAB OR WRITE IN PARTS USED:
","COMPLETE ALL 500 HOUR ITEMS
CHANGE HYDRAULIC FLUID
CHANGE WINCH OILS
",1288,NULL,40,NULL,NULL,2596,d83d5c14-1130-49e3-a0d4-268deceef482
34443,52764,"2026-07-28 02:21:48",1,0,1,"500 HR SERVICE (HYD WINCH)",500,NULL,NULL,NULL,NULL,NULL,NULL,NULL,NULL,"SEE EQUIPMENT DETAILS - PARTS TAB OR WRITE IN PARTS USED:
","CHANGE OIL & FILTER
CHANGE FUEL FILTERS
CHANGE AIR FILTERS
",1288,NULL,40,NULL,47842,2708,14029c17-4d2b-4e4f-b0af-dcc2461e18f4
34436,52768,"2026-07-28 02:20:03",1,0,1,"1000 HR SERVICE (HYD WINCH)",1000,NULL,NULL,NULL,NULL,NULL,NULL,NULL,NULL,"SEE EQUIPMENT DETAILS - PARTS TAB OR WRITE IN PARTS USED:
","COMPLETE ALL 500 HOUR ITEMS
CHANGE HYDRAULIC FLUID
CHANGE WINCH OILS
",1288,NULL,40,NULL,NULL,2596,c3623c64-f0c6-42b9-b1dc-501f79e9a3d4
34446,52768,"2026-07-28 02:21:50",1,0,1,"500 HR SERVICE (HYD WINCH)",500,NULL,NULL,NULL,NULL,NULL,NULL,NULL,NULL,"SEE EQUIPMENT DETAILS - PARTS TAB OR WRITE IN PARTS USED:
","CHANGE OIL & FILTER
CHANGE FUEL FILTERS
CHANGE AIR FILTERS
",1288,NULL,40,NULL,NULL,2708,8119a11b-c917-45c8-81c8-69dfd9a0f4c8
34434,52774,"2026-07-28 02:19:52",1,0,1,"1000 HR SERVICE (HYD WINCH)",1000,NULL,NULL,NULL,NULL,NULL,NULL,NULL,NULL,"SEE EQUIPMENT DETAILS - PARTS TAB OR WRITE IN PARTS USED:
","COMPLETE ALL 500 HOUR ITEMS
CHANGE HYDRAULIC FLUID
CHANGE WINCH OILS
",1288,NULL,40,NULL,NULL,2596,d868aedd-7a0d-4190-af0d-eca52260236d
34444,52774,"2026-07-28 02:21:49",1,0,1,"500 HR SERVICE (HYD WINCH)",500,NULL,NULL,NULL,NULL,NULL,NULL,NULL,NULL,"SEE EQUIPMENT DETAILS - PARTS TAB OR WRITE IN PARTS USED:
","CHANGE OIL & FILTER
CHANGE FUEL FILTERS
CHANGE AIR FILTERS
",1288,NULL,40,NULL,NULL,2708,406ac415-fcd2-4f87-a284-e05bd890691a
36325,52775,"2026-07-31 17:04:33",2,1,0,"1000 MI TUGBOAT (GENSET - PORT) - ODOMETER",NULL,NULL,1000,NULL,NULL,NULL,NULL,NULL,NULL,"SEE EQUIPMENT DETAILS - PARTS TAB OR WRITE IN PARTS USED:","• PERFORM ALL 500 HOUR TASKS PLUS
• REPLACE CRANKCASE BREATHER FILTER
• CHANGE HYDRAULIC FILTERS
• TRANSMISSION GEAR BOXES",1288,NULL,NULL,40,NULL,2623,e5ed544d-141f-4112-b6a0-ecfbf7b0e2dc
36559,52775,"2026-07-31 17:17:11",1,0,1,"1000 HR TUGBOAT (MAIN - STARBOARD) - HOUR",1000,NULL,NULL,NULL,NULL,NULL,NULL,NULL,NULL,"SEE EQUIPMENT DETAILS - PARTS TAB OR WRITE IN PARTS USED:","• PERFORM ALL 500 HOUR TASKS PLUS
• REPLACE CRANKCASE BREATHER FILTER
• CHANGE HYDRAULIC FILTERS
• TRANSMISSION GEAR BOXES",1288,NULL,40,NULL,NULL,2621,8ffaa727-722e-486a-a949-7938a5eac871
36583,52775,"2026-07-31 17:17:47",2,0,1,"1000 MI TUGBOAT (MAIN - PORT) - ODOMETER",NULL,NULL,1000,NULL,NULL,NULL,NULL,NULL,NULL,"SEE EQUIPMENT DETAILS - PARTS TAB OR WRITE IN PARTS USED:","• PERFORM ALL 500 HOUR TASKS PLUS
• REPLACE CRANKCASE BREATHER FILTER
• CHANGE HYDRAULIC FILTERS
• TRANSMISSION GEAR BOXES",1288,NULL,NULL,40,NULL,2624,1b7af8b2-e715-4ec1-8570-aed9a8552692
36588,52775,"2026-07-31 17:18:24",1,0,1,"500 HR TUGBOAT (MAIN - STARBOARD) - HOUR",500,NULL,NULL,NULL,NULL,NULL,NULL,NULL,NULL,"SEE EQUIPMENT DETAILS - PARTS TAB OR WRITE IN PARTS USED:","• CHANGE ENGINE OIL & FILTER(S)
• REPLACE PRIMARY FUEL FILTER(S)
• REPLACE SECONDARY FUEL FILTER(S)
• DRAIN FUEL/WATER SEPARATORS
• CHECK/REPLACE AIR FILTERS
• CHECK COOLANT LEVEL
• INSPECT COOLING SYSTEM
• INSPECT TURBOCHARGERS
• INSPECT BELTS
",1288,NULL,40,NULL,48291,2738,27e7aaed-2b69-47a7-8832-c4cb78607f79
36601,52775,"2026-07-31 17:18:59",2,0,1,"500 MI TUGBOAT (MAIN - PORT) - ODOMETER",NULL,NULL,500,NULL,NULL,NULL,NULL,NULL,NULL,"SEE EQUIPMENT DETAILS - PARTS TAB OR WRITE IN PARTS USED:","• CHANGE ENGINE OIL & FILTER(S)
• REPLACE PRIMARY FUEL FILTER(S)
• REPLACE SECONDARY FUEL FILTER(S)
• DRAIN FUEL/WATER SEPARATORS
• CHECK/REPLACE AIR FILTERS
• CHECK COOLANT LEVEL
• INSPECT COOLING SYSTEM
• INSPECT TURBOCHARGERS
• INSPECT BELTS




",1288,NULL,NULL,40,48292,2741,b98e1661-902f-4d33-981d-887f1ad4c93e
36665,52775,"2026-07-31 18:00:56",1,0,1,"2000 HR TUGBOAT (MAIN - STARBOARD) - HOUR",2000,NULL,NULL,NULL,NULL,NULL,NULL,NULL,NULL,"SEE EQUIPMENT DETAILS - PARTS TAB OR WRITE IN PARTS USED:
","• PERFORM ALL 1000 HOUR TASKS PLUS
• SAMPLE HYD OIL/CHANGE AS NEEDED
• SAMPLE COOLANT/CHANGE AS NEEDED",1288,NULL,40,NULL,NULL,2665,6f5a500c-a4ab-4e6e-817c-7c68d25c94b7
36671,52775,"2026-07-31 18:02:50",2,0,1,"2000 MI TUGBOAT (MAIN - PORT) - ODOMETER",2000,NULL,2000,NULL,NULL,NULL,NULL,NULL,NULL,"SEE EQUIPMENT DETAILS - PARTS TAB OR WRITE IN PARTS USED:","• PERFORM ALL 1000 HOUR TASKS PLUS
• SAMPLE HYD OIL/CHANGE AS NEEDED
• SAMPLE COOLANT/CHANGE AS NEEDED",1288,NULL,40,40,NULL,2668,1b8a8197-0326-4c13-b39c-516c26e0c784
34437,52790,"2026-07-28 02:20:05",1,0,1,"1000 HR SERVICE (HYD WINCH)",1000,NULL,NULL,NULL,NULL,NULL,NULL,NULL,NULL,"SEE EQUIPMENT DETAILS - PARTS TAB OR WRITE IN PARTS USED:
","COMPLETE ALL 500 HOUR ITEMS
CHANGE HYDRAULIC FLUID
CHANGE WINCH OILS
",1288,NULL,40,NULL,NULL,2596,a07a54b6-ec02-4b8d-8e79-babaf047f1bd
34447,52790,"2026-07-28 02:21:50",1,0,1,"500 HR SERVICE (HYD WINCH)",500,NULL,NULL,NULL,NULL,NULL,NULL,NULL,NULL,"SEE EQUIPMENT DETAILS - PARTS TAB OR WRITE IN PARTS USED:
","CHANGE OIL & FILTER
CHANGE FUEL FILTERS
CHANGE AIR FILTERS
",1288,NULL,40,NULL,NULL,2708,eeb8869d-b413-4cf8-8c6f-662e8995c352
34435,52792,"2026-07-28 02:19:53",1,0,1,"1000 HR SERVICE (HYD WINCH)",1000,NULL,NULL,NULL,NULL,NULL,NULL,NULL,NULL,"SEE EQUIPMENT DETAILS - PARTS TAB OR WRITE IN PARTS USED:
","COMPLETE ALL 500 HOUR ITEMS
CHANGE HYDRAULIC FLUID
CHANGE WINCH OILS
",1288,NULL,40,NULL,47843,2596,c0cdaa5e-ed62-430b-8b78-518924d333f0
34445,52792,"2026-07-28 02:21:49",1,0,1,"500 HR SERVICE (HYD WINCH)",500,NULL,NULL,NULL,NULL,NULL,NULL,NULL,NULL,"SEE EQUIPMENT DETAILS - PARTS TAB OR WRITE IN PARTS USED:
","CHANGE OIL & FILTER
CHANGE FUEL FILTERS
CHANGE AIR FILTERS
",1288,NULL,40,NULL,47844,2708,f7a2886c-b790-43e0-9560-ce4537455068
34634,52796,"2026-07-29 20:40:20",1,1,0,"1000 HR SERVICE (COMPACTOR/ROLLER)",1000,NULL,NULL,NULL,NULL,NULL,NULL,NULL,NULL,"SEE EQUIPMENT DETAILS - PARTS TAB OR WRITE IN PARTS USED:","COMPLETE 500 HR SERVICE
REPLACE AIR FILTERS
REPLACE HYDRAULIC FILTERS
CHECK AXLE OIL LEVELSINSPECT DRUM BEARINGS
INSPECT DRIVE SYSTEM
INSPECT VIBRATION COMPONENTS
INSPECT HYDRAULIC HOSES AND CYLINDERS
CHECK COOLING SYSTEM
INSPECT ELECTRICAL SYSTEM
",1288,NULL,40,NULL,NULL,2582,8ef2a2c4-1c32-4d28-936a-5db9fa6160ad
34645,52796,"2026-07-29 20:42:51",1,1,0,"2000 HR SERVICE (COMPACTOR/ROLLER)",2000,NULL,NULL,NULL,NULL,NULL,NULL,NULL,NULL,"SEE EQUIPMENT DETAILS - PARTS TAB OR WRITE IN PARTS USED:","COMPLETE 1000 HR SERVICE
CHANGE HYDRAULIC OIL
CHANGE AXLE OILS
REPLACE COOLANT
REPLACE ALL FILTERS
INSPECT PINS AND BUSHINGS
INSPECT STRUCTURAL WELDS
INSPECT DRUM MOUNTS
PERFORM COMPLETE SAFETY INSPECTION",1288,NULL,40,NULL,NULL,2631,92ea616a-7fe0-455d-b5ed-410076cba195
34657,52796,"2026-07-29 20:44:47",1,1,0,"500 HR SERVICE (COMPACTOR/ROLLER)",500,NULL,NULL,NULL,NULL,NULL,NULL,NULL,NULL,"SEE EQUIPMENT DETAILS - PARTS TAB OR WRITE IN PARTS USED:","CHANGE ENGINE OIL & FILTER
REPLACE FUEL FILTER(S)
INSPECT AIR FILTER
CHECK HYDRAULIC OIL LEVEL
GREASE ALL FITTINGS
INSPECT DRUM VIBRATION SYSTEM
CHECK SCRAPER BARS
INSPECT DRUM AND FRAME
CHECK BATTERY AND CABLES
INSPECT BELTS AND HOSES
CHECK BRAKES AND STEERING
TEST LIGHTS, ALARMS, AND SAFETY DEVICES",1288,NULL,40,NULL,NULL,2691,18b7d7dd-cb27-4c0b-a8cf-4ac14611be39
34439,52799,"2026-07-28 02:20:08",1,0,1,"1000 HR SERVICE (HYD WINCH)",1000,NULL,NULL,NULL,NULL,NULL,NULL,NULL,NULL,"SEE EQUIPMENT DETAILS - PARTS TAB OR WRITE IN PARTS USED:
","COMPLETE ALL 500 HOUR ITEMS
CHANGE HYDRAULIC FLUID
CHANGE WINCH OILS
",1288,NULL,40,NULL,NULL,2596,f63421c3-f9cf-4067-b1d4-601dda10bdb3
34449,52799,"2026-07-28 02:21:51",1,0,1,"500 HR SERVICE (HYD WINCH)",500,NULL,NULL,NULL,NULL,NULL,NULL,NULL,NULL,"SEE EQUIPMENT DETAILS - PARTS TAB OR WRITE IN PARTS USED:
","CHANGE OIL & FILTER
CHANGE FUEL FILTERS
CHANGE AIR FILTERS
",1288,NULL,40,NULL,NULL,2708,4538d80d-e2d6-4412-a088-9a89f65cfefb
34438,52800,"2026-07-28 02:20:07",1,0,1,"1000 HR SERVICE (HYD WINCH)",1000,NULL,NULL,NULL,NULL,NULL,NULL,NULL,NULL,"SEE EQUIPMENT DETAILS - PARTS TAB OR WRITE IN PARTS USED:
","COMPLETE ALL 500 HOUR ITEMS
CHANGE HYDRAULIC FLUID
CHANGE WINCH OILS
",1288,NULL,40,NULL,NULL,2596,e3aab973-b8e4-4a67-9355-d38e69192b0f
34448,52800,"2026-07-28 02:21:50",1,0,1,"500 HR SERVICE (HYD WINCH)",500,NULL,NULL,NULL,NULL,NULL,NULL,NULL,NULL,"SEE EQUIPMENT DETAILS - PARTS TAB OR WRITE IN PARTS USED:
","CHANGE OIL & FILTER
CHANGE FUEL FILTERS
CHANGE AIR FILTERS
",1288,NULL,40,NULL,47845,2708,069b6dd5-5809-4fc9-9482-b03be326acd7
34633,52801,"2026-07-29 20:40:07",1,1,0,"1000 HR SERVICE (COMPACTOR/ROLLER)",1000,NULL,NULL,NULL,NULL,NULL,NULL,NULL,NULL,"SEE EQUIPMENT DETAILS - PARTS TAB OR WRITE IN PARTS USED:","COMPLETE 500 HR SERVICE
REPLACE AIR FILTERS
REPLACE HYDRAULIC FILTERS
CHECK AXLE OIL LEVELSINSPECT DRUM BEARINGS
INSPECT DRIVE SYSTEM
INSPECT VIBRATION COMPONENTS
INSPECT HYDRAULIC HOSES AND CYLINDERS
CHECK COOLING SYSTEM
INSPECT ELECTRICAL SYSTEM
",1288,NULL,40,NULL,NULL,2582,1f2b9846-638b-431d-924c-51bbc52d5c7f
34646,52801,"2026-07-29 20:42:58",1,1,0,"2000 HR SERVICE (COMPACTOR/ROLLER)",2000,NULL,NULL,NULL,NULL,NULL,NULL,NULL,NULL,"SEE EQUIPMENT DETAILS - PARTS TAB OR WRITE IN PARTS USED:","COMPLETE 1000 HR SERVICE
CHANGE HYDRAULIC OIL
CHANGE AXLE OILS
REPLACE COOLANT
REPLACE ALL FILTERS
INSPECT PINS AND BUSHINGS
INSPECT STRUCTURAL WELDS
INSPECT DRUM MOUNTS
PERFORM COMPLETE SAFETY INSPECTION",1288,NULL,40,NULL,NULL,2631,0f896f34-8ee1-4e64-9bb2-83ff1e235573
34656,52801,"2026-07-29 20:44:41",1,1,0,"500 HR SERVICE (COMPACTOR/ROLLER)",500,NULL,NULL,NULL,NULL,NULL,NULL,NULL,NULL,"SEE EQUIPMENT DETAILS - PARTS TAB OR WRITE IN PARTS USED:","CHANGE ENGINE OIL & FILTER
REPLACE FUEL FILTER(S)
INSPECT AIR FILTER
CHECK HYDRAULIC OIL LEVEL
GREASE ALL FITTINGS
INSPECT DRUM VIBRATION SYSTEM
CHECK SCRAPER BARS
INSPECT DRUM AND FRAME
CHECK BATTERY AND CABLES
INSPECT BELTS AND HOSES
CHECK BRAKES AND STEERING
TEST LIGHTS, ALARMS, AND SAFETY DEVICES",1288,NULL,40,NULL,NULL,2691,43b494d2-053f-4c7d-9a21-16d5ec8b3d44
35264,52810,"2026-07-30 16:46:38",1,0,1,"1000 HR SERVICE (MANITOWOC 999 CRAWLER)",1000,NULL,NULL,NULL,NULL,NULL,NULL,NULL,NULL,"SEE EQUIPMENT DETAILS - PARTS TAB OR WRITE IN PARTS USED:

","INCLUDES ALL 500 HR TASKS
TEST ENGINE COOLANT
CHANGE AIR ELEMENT
REPLACE DRAIN FILTER (CARTRIDGE)
CHANGE SWING REDUCTION OIL
CHANGE WINCH REDUCTION OIL
CHANGE OIL IN POWER DIVIDER
CHANGE OIL IN PROPEL REDUCTION UNIT
INSPECT DRUMS
INSPECT BRAKES
INSPECT SWING DRIVE
INSPECT CRAWLERS
",1288,NULL,40,NULL,NULL,2605,97dcc11a-5ff6-4ffd-9d2e-66e22a74f14d
35265,52810,"2026-07-30 16:47:06",1,0,1,"2000 HR SERVICE (MANITOWOC 999 CRAWLER)",2000,NULL,NULL,NULL,NULL,NULL,NULL,NULL,NULL,"SEE EQUIPMENT DETAILS - PARTS TAB OR WRITE IN PARTS USED:
","INCLUDES ALL 1000 HR TASKS
SAMPLE HYDRAULIC OIL
REPLACE COOLANT
INSPECT PLANETARIES
INSPECT GEARBOXES
",1288,NULL,40,NULL,NULL,2650,cf380833-5daa-4e30-82fe-149b69cc7c50
35266,52810,"2026-07-30 16:47:32",1,0,1,"500 HR SERVICE (MANITOWOC 999 CRAWLER)",500,NULL,NULL,NULL,NULL,NULL,NULL,NULL,NULL,"SEE EQUIPMENT DETAILS - PARTS TAB OR WRITE IN PARTS USED:

","CHANGE ENGINE OIL & FILTERS
CHANGE AIR FILTERS
CHANGE FUEL FILTERS
CHANGE HYD FILTERS
CHECK FLUID LEVEL IN PLANETARY HUBS & AXLES
TEST TANK FUEL
INSPECT BOOM
INSPECT PENDANTS
INSPECT WIRE ROPE
CHECK SWING BEARING
GREASE ROTATION POINTS
CHECK LIMIT SWITCHES
",1288,NULL,40,NULL,48140,2717,90127642-b512-49a5-bf49-a42e0bf4e29e
34851,52812,"2026-07-30 12:35:59",1,0,1,"2500 HR SERVICE (MILLENNIUM 4100 w/RINGER)",2500,NULL,NULL,NULL,NULL,NULL,NULL,NULL,NULL,"SEE EQUIPMENT DETAILS - PARTS TAB OR WRITE IN PARTS USED:
","• PERFORM ALL 250 & 2000 HOUR TASKS PLUS
• CHANGE ALL PLANETARIES* ALL PLANETARY OILS REQUIRE CHANGE AFTER INITIAL 200 OPERATING HOURS
• CHANGE ALL GEARBOXES** ALL GEAR BOX OILS REQUIRE CHANGE AFTER INITIAL 100 OPERATING HOURS",1288,NULL,40,NULL,48139,2611,262eba92-07ef-4062-9441-0d68c7e5d5cb
34854,52812,"2026-07-30 12:36:54",1,0,1,"250 HR SERVICE (MILLENNIUM 4100 w/RINGER)",250,NULL,NULL,NULL,NULL,NULL,NULL,NULL,NULL,"SEE EQUIPMENT DETAILS - PARTS TAB OR WRITE IN PARTS USED:
","• CHANGE ENGINE OIL & FILTER
• REPLACE PRIMARY AIR FILTER
• REPLACE SECONDARY AIR FILTER
• CHANGE ENGINE COOLANT FILTER
• CHECK COOLANT LEVEL
• REPLACE PRIMARY FUEL FILTER
• REPLACE SECONDARY FUEL FILTER
• CHECK/REPLACE PRIMARY AIR FILTER (AS INDICATED BY RESTRICTION MONITOR)
• CHECK/REPLACE SECONDARY AIR FILTER (AS INDICATED BY RESTRICTION MONITOR)
• CHANGE HYDRAULIC OIL TANK FILTER
• CHANGE BOOM HOIST OIL FILTER
• CHANGE CASE DRAIN FILTER
• LUBE GREASE POINTS",1288,NULL,40,NULL,48137,2722,d74d7900-10c9-4611-8037-c4b24d26a5b6
34857,52812,"2026-07-30 12:37:30",1,0,1,"2000 HR SERVICE (MILLENNIUM 4100 w/RINGER)",2000,NULL,NULL,NULL,NULL,NULL,NULL,NULL,NULL,"SEE EQUIPMENT DETAILS - PARTS TAB OR WRITE IN PARTS USED:
","• PERFORM ALL 250 HOUR TASKS PLUS
• SAMPLE HYDRAULIC OIL (CHANGE AS NEEDED)
• SAMPLE COOLANT (CHANGE AS NEEDED)",1288,NULL,40,NULL,48138,2655,46dccd59-e429-4952-980f-2c79cc8c68da
35256,52813,"2026-07-30 16:39:05",1,0,1,"1000 HR SERVICE (MANITOWOC 2250 CRAWLER)",1000,NULL,NULL,NULL,NULL,NULL,NULL,NULL,NULL,"SEE EQUIPMENT DETAILS - PARTS TAB OR WRITE IN PARTS USED:

","INCLUDES ALL 500 HR TASKS
REPLACE PILOT OIL PRESSURE FILTER ELEMENT
REPLACE HYD RETURN FILTERS (3)
INSPECT & CLEAN SUCTION STRAINER INSIDE TANK
CHANGE TRANSMISSION FILTER
SAMPLE ENGINE COOLANT
SAMPLE HYD OIL
CHANGE AIR ELEMENT
REPLACE DRAIN FILTER (CARTRIDGE)
CHANGE SWING REDUCTION OIL
CHANGE WINCH REDUCTION OIL
CHANGE OIL IN POWER DIVIDER
CHANGE OIL IN PROPEL REDUCTION UNIT
LUBE GREASE POINTS
INSPECT DRUMS
INSPECT BRAKES
INSPECT SWING DRIVE
INSPECT CRAWLERS
INSPECT PUMP DRIVE
INSPECT CRAWLER GEARBOXES
INSPECT SWING GEARBOXES
INSPECT DRUM GEARBOXES
INSPECT BOOM HOIST GEARBOX",1288,NULL,40,NULL,NULL,2604,d3a2f834-bddd-4a08-a897-957972e625e0
35259,52813,"2026-07-30 16:39:46",1,0,1,"2000 HR SERVICE (MANITOWOC 2250 CRAWLER)",2000,NULL,NULL,NULL,NULL,NULL,NULL,NULL,NULL,"SEE EQUIPMENT DETAILS - PARTS TAB OR WRITE IN PARTS USED:

","INCLUDES ALL 1000 HR TASKS
SAMPLE HYDRAULIC OIL
SAMPLE COOLANT/ CHANGE FILTERS
INSPECT PLANETARIES
INSPECT GEARBOXES/CHANGE OIL
CHANGE FINAL DRIVE OIL IN LEFT & RIGHT CRAWLER TRACK FINAL DRIVES",1288,NULL,40,NULL,NULL,2649,7a26f8bc-5a1f-439b-acc5-442b2b3aaef6
35262,52813,"2026-07-30 16:45:30",1,0,1,"500 HR SERVICE (MANITOWOC 2250 CRAWLER)",500,NULL,NULL,NULL,NULL,NULL,NULL,NULL,NULL,"SEE EQUIPMENT DETAILS - PARTS TAB OR WRITE IN PARTS USED:

","CHANGE ENGINE OIL & FILTERS
CHANGE AIR FILTERS
CHANGE FUEL FILTERS
CHANGE HYD FILTERS
CHECK FLUID LEVEL IN PLANETARY HUBS & AXLES
TEST TANK FUEL
INSPECT BOOM
INSPECT PENDANTS
INSPECT WIRE ROPE
CHECK SWING BEARING
GREASE ROTATION POINTS
CHECK LIMIT SWITCHES
",1288,NULL,40,NULL,NULL,2716,e343e9d4-092c-4a58-a71e-4acd81ad8d19
34852,52814,"2026-07-30 12:36:00",1,0,1,"2500 HR SERVICE (MILLENNIUM 4100 w/RINGER)",2500,NULL,NULL,NULL,NULL,NULL,NULL,NULL,NULL,"SEE EQUIPMENT DETAILS - PARTS TAB OR WRITE IN PARTS USED:
","• PERFORM ALL 250 & 2000 HOUR TASKS PLUS
• CHANGE ALL PLANETARIES* ALL PLANETARY OILS REQUIRE CHANGE AFTER INITIAL 200 OPERATING HOURS
• CHANGE ALL GEARBOXES** ALL GEAR BOX OILS REQUIRE CHANGE AFTER INITIAL 100 OPERATING HOURS",1288,NULL,40,NULL,48144,2611,c55842cb-dfff-4cfe-a888-760afa94cd3b
34855,52814,"2026-07-30 12:36:58",1,0,1,"250 HR SERVICE (MILLENNIUM 4100 w/RINGER)",250,NULL,NULL,NULL,NULL,NULL,NULL,NULL,NULL,"SEE EQUIPMENT DETAILS - PARTS TAB OR WRITE IN PARTS USED:
","• CHANGE ENGINE OIL & FILTER
• REPLACE PRIMARY AIR FILTER
• REPLACE SECONDARY AIR FILTER
• CHANGE ENGINE COOLANT FILTER
• CHECK COOLANT LEVEL
• REPLACE PRIMARY FUEL FILTER
• REPLACE SECONDARY FUEL FILTER
• CHECK/REPLACE PRIMARY AIR FILTER (AS INDICATED BY RESTRICTION MONITOR)
• CHECK/REPLACE SECONDARY AIR FILTER (AS INDICATED BY RESTRICTION MONITOR)
• CHANGE HYDRAULIC OIL TANK FILTER
• CHANGE BOOM HOIST OIL FILTER
• CHANGE CASE DRAIN FILTER
• LUBE GREASE POINTS",1288,NULL,40,NULL,48142,2722,d7b28121-da53-489f-afdc-f9ff06366926
34858,52814,"2026-07-30 12:37:31",1,0,1,"2000 HR SERVICE (MILLENNIUM 4100 w/RINGER)",2000,NULL,NULL,NULL,NULL,NULL,NULL,NULL,NULL,"SEE EQUIPMENT DETAILS - PARTS TAB OR WRITE IN PARTS USED:
","• PERFORM ALL 250 HOUR TASKS PLUS
• SAMPLE HYDRAULIC OIL (CHANGE AS NEEDED)
• SAMPLE COOLANT (CHANGE AS NEEDED)",1288,NULL,40,NULL,48143,2655,bce2ee35-b5c6-4af3-af57-1df245f94a2a
34426,52818,"2026-07-28 02:10:53",1,1,0,"1000 HR SERVICE (GROVE TMS9000-2)",1000,NULL,NULL,NULL,NULL,NULL,NULL,NULL,NULL,"SEE EQUIPMENT DETAILS - PARTS TAB OR WRITE IN PARTS USED:

","• COMPLETE ALL 500 HOUR ITEMS
• CHANGE SWING GEARBOX OIL
• CHANGE MAIN HOIST GEARBOX OIL
• CHANGE AUXILIARY HOIST GEARBOX OIL
• CHANGE BOOM HOIST GEARBOX OIL
• REPLACE HYDRAULIC PRESSURE FILTER(S)
• SAMPLE OR CHANGE HYDRAULIC OIL AS REQUIRED
• CHECK DRUM BRAKE ADJUSTMENTS
• INSPECT HOIST CLUTCHES AND BRAKES
• INSPECT SWING BEARING BOLT TORQUE
• INSPECT BOOM CHORDS FOR CRACKS
• INSPECT TELESCOPE CYLINDER MOUNTS
• INSPECT BOOM EXTENSION WEAR PADS
• INSPECT OUTRIGGER CYLINDERS
• CHECK BOOM ANGLE INDICATOR CALIBRATION
• CHECK LMI CALIBRATION
• INSPECT ELECTRICAL WIRING AND CONNECTORS
",1288,NULL,40,NULL,NULL,2594,83c76a1a-2c6d-4c27-b398-d0d2c1813213
34427,52818,"2026-07-28 02:12:04",1,1,0,"1000 HR SERVICE (GROVE TMS9000-2 TRUCK CRANE)",1000,NULL,NULL,NULL,NULL,NULL,NULL,NULL,NULL,"SEE EQUIPMENT DETAILS - PARTS TAB OR WRITE IN PARTS USED:

","• COMPLETE ALL 500 HOUR ITEMS
• CHANGE SWING GEARBOX OIL
• CHANGE MAIN HOIST GEARBOX OIL
• CHANGE AUXILIARY HOIST GEARBOX OIL
• CHANGE BOOM HOIST GEARBOX OIL
• REPLACE HYDRAULIC PRESSURE FILTER(S)
• SAMPLE OR CHANGE HYDRAULIC OIL AS REQUIRED
• CHECK DRUM BRAKE ADJUSTMENTS
• INSPECT HOIST CLUTCHES AND BRAKES
• INSPECT SWING BEARING BOLT TORQUE
• INSPECT BOOM CHORDS FOR CRACKS
• INSPECT TELESCOPE CYLINDER MOUNTS
• INSPECT BOOM EXTENSION WEAR PADS
• INSPECT OUTRIGGER CYLINDERS
• CHECK BOOM ANGLE INDICATOR CALIBRATION
• CHECK LMI CALIBRATION
• INSPECT ELECTRICAL WIRING AND CONNECTORS
",1288,NULL,40,NULL,NULL,2594,ec768269-11de-46cb-9f31-be024fae0799
34428,52818,"2026-07-28 02:12:25",1,0,1,"2000 HR SERVICE (GROVE TMS9000-2 TRUCK CRANE)",2000,NULL,NULL,NULL,NULL,NULL,NULL,NULL,NULL,"SEE EQUIPMENT DETAILS - PARTS TAB OR WRITE IN PARTS USED:
","• COMPLETE ALL 1000 HOUR ITEMS
• SAMPLE HYDRAULIC OIL
• REPLACE ALL HYDRAULIC FILTERS
• INSPECT HYDRAULIC PUMPS
• INSPECT HYDRAULIC MOTORS
• INSPECT SWING BEARING INTERNAL CLEARANCE
• INSPECT SWING PINION AND RING GEAR WEAR
• INSPECT BOOM SECTIONS FOR STRUCTURAL CRACKS
• INSPECT DRUMS, SHAFTS AND BEARINGS
• INSPECT ALL LOAD PINS
• INSPECT OUTRIGGER BEAMS FOR CRACKS
• INSPECT OUTRIGGER FLOAT ATTACHMENTS
• PERFORM COMPLETE CRANE FUNCTION TEST
• PERFORM STRUCTURAL INSPECTION OF UPPER FRAME
• VERIFY ALL SAFETY SYSTEM FUNCTIONS
",1288,NULL,40,NULL,NULL,2642,c7792485-8303-4d5a-986a-22a0b049bfa2
34429,52818,"2026-07-28 02:12:46",2,0,1,"20000 MI SERVICE (GROVE TMS9000-2 TRUCK CRANE)",NULL,NULL,20000,NULL,NULL,NULL,NULL,NULL,NULL,"SEE EQUIPMENT DETAILS - PARTS TAB OR WRITE IN PARTS USED:
","• REPLACE ENGINE OIL & FILTER(S)
• REPLACE PRIMARY FUEL FILTER
• REPLACE SECONDARY FUEL FILTER
• CHECK FUEL/WATER SEPARATOR
• INSPECT AIR FILTER RESTRICTION INDICATOR
• REPLACE AIR FILTER(S) IF REQUIRED
• CHECK COOLANT LEVEL AND FREEZE PROTECTION
• INSPECT RADIATOR AND CHARGE AIR COOLER
• INSPECT COOLING FAN AND FAN DRIVE
• CHECK BELT CONDITION AND TENSION
• INSPECT ALL ENGINE HOSES
• INSPECT EXHAUST SYSTEM
• CHECK BATTERY CONDITION
• CLEAN AND TIGHTEN BATTERY CONNECTIONS
• TEST CHARGING SYSTEM
• CHECK STARTER OPERATION
• CHECK FOR ENGINE OIL LEAKS
• CHECK FOR FUEL LEAKS
• CHECK FOR COOLANT LEAKS
• CHECK ENGINE MOUNTS
• INSPECT TURBOCHARGER FOR LEAKS OR EXCESSIVE PLAY
• CHECK ENGINE BREATHER SYSTEM
• INSPECT CAC BOOTS AND CLAMPS
• CHECK ECM FOR ACTIVE FAULT CODES
• RECORD ENGINE HOURS AND MILEAGE
",1288,NULL,NULL,200,NULL,2671,cdb1ec25-7a5c-4902-8f8f-8d95b0c21e3f
34430,52818,"2026-07-28 02:13:08",1,1,0,"500 HR SERVICE (GROVE TMS9000-2 TRUCK CRANE)",500,NULL,NULL,NULL,NULL,NULL,NULL,NULL,NULL,"SEE EQUIPMENT DETAILS - PARTS TAB OR WRITE IN PARTS USED:

","• REPLACE ENGINE OIL & FILTER(S)
• REPLACE PRIMARY FUEL FILTER
• REPLACE SECONDARY FUEL FILTER
• INSPECT AIR CLEANER ELEMENT
• CHECK COOLANT LEVEL
• CHECK BELTS AND HOSES
• GREASE ALL BOOM, SWING AND LUBE POINTS
• CHECK SWING GEARBOX OIL LEVEL
• CHECK MAIN HOIST GEARBOX OIL LEVEL
• CHECK AUXILIARY HOIST GEARBOX OIL LEVEL
• CHECK BOOM HOIST GEARBOX OIL LEVEL
• CHECK HYDRAULIC OIL LEVEL
• REPLACE HYDRAULIC RETURN FILTER(S)
• INSPECT HYDRAULIC HOSES AND FITTINGS
• INSPECT WIRE ROPE CONDITION
• INSPECT HOOK BLOCKS AND SAFETY LATCHES
• INSPECT SHEAVES FOR WEAR
• INSPECT BOOM PINS AND RETAINERS
• INSPECT SWING BRAKE OPERATION
• INSPECT ANTI-TWO-BLOCK SYSTEM
• CHECK LOAD MOMENT INDICATOR (LMI) OPERATION
• CHECK ALL LIMIT SWITCHES
• INSPECT SWING BEARING GREASE CONDITION
",1288,NULL,40,NULL,NULL,2705,cc235741-4738-4289-b136-f21cbc69e5b4
34431,52818,"2026-07-28 02:13:24",1,0,1,"500 HR SERVICE (GROVE TMS9000-2 TRUCK CRANE)",500,NULL,NULL,NULL,NULL,NULL,NULL,NULL,NULL,"SEE EQUIPMENT DETAILS - PARTS TAB OR WRITE IN PARTS USED:

","• REPLACE ENGINE OIL & FILTER(S)
• REPLACE PRIMARY FUEL FILTER
• REPLACE SECONDARY FUEL FILTER
• INSPECT AIR CLEANER ELEMENT
• CHECK COOLANT LEVEL
• CHECK BELTS AND HOSES
• GREASE ALL BOOM, SWING AND LUBE POINTS
• CHECK SWING GEARBOX OIL LEVEL
• CHECK MAIN HOIST GEARBOX OIL LEVEL
• CHECK AUXILIARY HOIST GEARBOX OIL LEVEL
• CHECK BOOM HOIST GEARBOX OIL LEVEL
• CHECK HYDRAULIC OIL LEVEL
• REPLACE HYDRAULIC RETURN FILTER(S)
• INSPECT HYDRAULIC HOSES AND FITTINGS
• INSPECT WIRE ROPE CONDITION
• INSPECT HOOK BLOCKS AND SAFETY LATCHES
• INSPECT SHEAVES FOR WEAR
• INSPECT BOOM PINS AND RETAINERS
• INSPECT SWING BRAKE OPERATION
• INSPECT ANTI-TWO-BLOCK SYSTEM
• CHECK LOAD MOMENT INDICATOR (LMI) OPERATION
• CHECK ALL LIMIT SWITCHES
• INSPECT SWING BEARING GREASE CONDITION
",1288,NULL,40,NULL,48147,2705,11b6e8f2-a2dd-45d0-83a2-647b5a43791d
34432,52818,"2026-07-28 02:14:03",1,0,1,"1000 HR SERVICE (GROVE TMS9000-2 TRUCK CRANE)",1000,NULL,NULL,NULL,NULL,NULL,NULL,NULL,NULL,"SEE EQUIPMENT DETAILS - PARTS TAB OR WRITE IN PARTS USED:

","• COMPLETE ALL 500 HOUR ITEMS
• CHANGE SWING GEARBOX OIL
• CHANGE MAIN HOIST GEARBOX OIL
• CHANGE AUXILIARY HOIST GEARBOX OIL
• CHANGE BOOM HOIST GEARBOX OIL
• REPLACE HYDRAULIC PRESSURE FILTER(S)
• SAMPLE OR CHANGE HYDRAULIC OIL AS REQUIRED
• CHECK DRUM BRAKE ADJUSTMENTS
• INSPECT HOIST CLUTCHES AND BRAKES
• INSPECT SWING BEARING BOLT TORQUE
• INSPECT BOOM CHORDS FOR CRACKS
• INSPECT TELESCOPE CYLINDER MOUNTS
• INSPECT BOOM EXTENSION WEAR PADS
• INSPECT OUTRIGGER CYLINDERS
• CHECK BOOM ANGLE INDICATOR CALIBRATION
• CHECK LMI CALIBRATION
• INSPECT ELECTRICAL WIRING AND CONNECTORS
",1288,NULL,40,NULL,48146,2594,6367e8cb-9fb6-4ec3-960c-4e74ff319d38
34581,52820,"2026-07-29 19:42:53",1,0,1,"1000 HR SERVICE (AIR COMPRESSOR)",1000,NULL,NULL,NULL,NULL,NULL,NULL,NULL,NULL,"SEE EQUIPMENT DETAILS - PARTS TAB OR WRITE IN PARTS USED:

","INCLUDES ALL 500 HR TASKS
REPLACE SEPARATOR ELEMENT
INSPECT COOLER
CHECK COMPRESSOR OUTPUT
",1288,NULL,40,NULL,NULL,2573,20d1abfd-7e74-4115-811f-f1174b1eb716
35856,52820,"2026-07-31 15:40:33",1,0,1,"2000 HR SERVICE (AIR COMPRESSOR)",2000,NULL,NULL,NULL,NULL,NULL,NULL,NULL,NULL,"SEE EQUIPMENT DETAILS - PARTS TAB OR WRITE IN PARTS USED:
","INCLUDES ALL 1000 HR TASKS
SAMPLE COMPRESSOR OIL
REPLACE COOLANT

",1288,NULL,40,NULL,NULL,2630,97fcc476-95e8-40b0-a67d-422153730b31
35888,52820,"2026-07-31 15:41:06",1,0,1,"500 HR SERVICE (AIR COMPRESSOR)",500,NULL,NULL,NULL,NULL,NULL,NULL,NULL,NULL,"SEE EQUIPMENT DETAILS - PARTS TAB OR WRITE IN PARTS USED:
","CHANGE ENGINE OIL & FILTER
CHANGE AIR FILTER
CHANGE FUEL FILTER
CHECK HOSES
CHECK SAFETY VALVE
",1288,NULL,40,NULL,NULL,2681,8a10fe4e-4bf0-4bc9-9f5c-cea55d17a2c5
35257,52823,"2026-07-30 16:39:06",1,0,1,"1000 HR SERVICE (MANITOWOC 2250 CRAWLER)",1000,NULL,NULL,NULL,NULL,NULL,NULL,NULL,NULL,"SEE EQUIPMENT DETAILS - PARTS TAB OR WRITE IN PARTS USED:

","INCLUDES ALL 500 HR TASKS
REPLACE PILOT OIL PRESSURE FILTER ELEMENT
REPLACE HYD RETURN FILTERS (3)
INSPECT & CLEAN SUCTION STRAINER INSIDE TANK
CHANGE TRANSMISSION FILTER
SAMPLE ENGINE COOLANT
SAMPLE HYD OIL
CHANGE AIR ELEMENT
REPLACE DRAIN FILTER (CARTRIDGE)
CHANGE SWING REDUCTION OIL
CHANGE WINCH REDUCTION OIL
CHANGE OIL IN POWER DIVIDER
CHANGE OIL IN PROPEL REDUCTION UNIT
LUBE GREASE POINTS
INSPECT DRUMS
INSPECT BRAKES
INSPECT SWING DRIVE
INSPECT CRAWLERS
INSPECT PUMP DRIVE
INSPECT CRAWLER GEARBOXES
INSPECT SWING GEARBOXES
INSPECT DRUM GEARBOXES
INSPECT BOOM HOIST GEARBOX",1288,NULL,40,NULL,NULL,2604,e981e457-3852-45d9-ba0f-9c65575c23dd
35260,52823,"2026-07-30 16:39:47",1,0,1,"2000 HR SERVICE (MANITOWOC 2250 CRAWLER)",2000,NULL,NULL,NULL,NULL,NULL,NULL,NULL,NULL,"SEE EQUIPMENT DETAILS - PARTS TAB OR WRITE IN PARTS USED:

","INCLUDES ALL 1000 HR TASKS
SAMPLE HYDRAULIC OIL
SAMPLE COOLANT/ CHANGE FILTERS
INSPECT PLANETARIES
INSPECT GEARBOXES/CHANGE OIL
CHANGE FINAL DRIVE OIL IN LEFT & RIGHT CRAWLER TRACK FINAL DRIVES",1288,NULL,40,NULL,NULL,2649,a2f9ea65-5cec-4586-a313-c01f309eb558
35263,52823,"2026-07-30 16:45:32",1,0,1,"500 HR SERVICE (MANITOWOC 2250 CRAWLER)",500,NULL,NULL,NULL,NULL,NULL,NULL,NULL,NULL,"SEE EQUIPMENT DETAILS - PARTS TAB OR WRITE IN PARTS USED:

","CHANGE ENGINE OIL & FILTERS
CHANGE AIR FILTERS
CHANGE FUEL FILTERS
CHANGE HYD FILTERS
CHECK FLUID LEVEL IN PLANETARY HUBS & AXLES
TEST TANK FUEL
INSPECT BOOM
INSPECT PENDANTS
INSPECT WIRE ROPE
CHECK SWING BEARING
GREASE ROTATION POINTS
CHECK LIMIT SWITCHES
",1288,NULL,40,NULL,48141,2716,6c29ed4c-4216-4f27-a1ce-8996be54482b
34577,52825,"2026-07-29 19:42:50",1,0,1,"1000 HR SERVICE (AIR COMPRESSOR)",1000,NULL,NULL,NULL,NULL,NULL,NULL,NULL,NULL,"SEE EQUIPMENT DETAILS - PARTS TAB OR WRITE IN PARTS USED:

","INCLUDES ALL 500 HR TASKS
REPLACE SEPARATOR ELEMENT
INSPECT COOLER
CHECK COMPRESSOR OUTPUT
",1288,NULL,40,NULL,NULL,2573,41e77923-82a0-47d4-bc6a-350180a7485e
35852,52825,"2026-07-31 15:40:31",1,0,1,"2000 HR SERVICE (AIR COMPRESSOR)",2000,NULL,NULL,NULL,NULL,NULL,NULL,NULL,NULL,"SEE EQUIPMENT DETAILS - PARTS TAB OR WRITE IN PARTS USED:
","INCLUDES ALL 1000 HR TASKS
SAMPLE COMPRESSOR OIL
REPLACE COOLANT

",1288,NULL,40,NULL,NULL,2630,a73d5302-f970-40a8-8da5-c43b3e2b4758
35884,52825,"2026-07-31 15:41:03",1,0,1,"500 HR SERVICE (AIR COMPRESSOR)",500,NULL,NULL,NULL,NULL,NULL,NULL,NULL,NULL,"SEE EQUIPMENT DETAILS - PARTS TAB OR WRITE IN PARTS USED:
","CHANGE ENGINE OIL & FILTER
CHANGE AIR FILTER
CHANGE FUEL FILTER
CHECK HOSES
CHECK SAFETY VALVE
",1288,NULL,40,NULL,NULL,2681,2270145a-b36c-4fd3-851c-2b1a029c48bf
34583,52827,"2026-07-29 19:42:54",1,0,1,"1000 HR SERVICE (AIR COMPRESSOR)",1000,NULL,NULL,NULL,NULL,NULL,NULL,NULL,NULL,"SEE EQUIPMENT DETAILS - PARTS TAB OR WRITE IN PARTS USED:

","INCLUDES ALL 500 HR TASKS
REPLACE SEPARATOR ELEMENT
INSPECT COOLER
CHECK COMPRESSOR OUTPUT
",1288,NULL,40,NULL,NULL,2573,636cb79a-bd7b-4d62-911e-c02b6d6b55a8
35858,52827,"2026-07-31 15:40:33",1,0,1,"2000 HR SERVICE (AIR COMPRESSOR)",2000,NULL,NULL,NULL,NULL,NULL,NULL,NULL,NULL,"SEE EQUIPMENT DETAILS - PARTS TAB OR WRITE IN PARTS USED:
","INCLUDES ALL 1000 HR TASKS
SAMPLE COMPRESSOR OIL
REPLACE COOLANT

",1288,NULL,40,NULL,NULL,2630,b1171860-2ccd-4e7d-a9ad-adde10176cd1
35890,52827,"2026-07-31 15:41:07",1,0,1,"500 HR SERVICE (AIR COMPRESSOR)",500,NULL,NULL,NULL,NULL,NULL,NULL,NULL,NULL,"SEE EQUIPMENT DETAILS - PARTS TAB OR WRITE IN PARTS USED:
","CHANGE ENGINE OIL & FILTER
CHANGE AIR FILTER
CHANGE FUEL FILTER
CHECK HOSES
CHECK SAFETY VALVE
",1288,NULL,40,NULL,NULL,2681,3769ef51-7122-4931-9e5a-86ac09a04782
34578,52831,"2026-07-29 19:42:51",1,0,1,"1000 HR SERVICE (AIR COMPRESSOR)",1000,NULL,NULL,NULL,NULL,NULL,NULL,NULL,NULL,"SEE EQUIPMENT DETAILS - PARTS TAB OR WRITE IN PARTS USED:

","INCLUDES ALL 500 HR TASKS
REPLACE SEPARATOR ELEMENT
INSPECT COOLER
CHECK COMPRESSOR OUTPUT
",1288,NULL,40,NULL,NULL,2573,2290c52d-2790-4311-89fb-8f673b893af3
35853,52831,"2026-07-31 15:40:31",1,0,1,"2000 HR SERVICE (AIR COMPRESSOR)",2000,NULL,NULL,NULL,NULL,NULL,NULL,NULL,NULL,"SEE EQUIPMENT DETAILS - PARTS TAB OR WRITE IN PARTS USED:
","INCLUDES ALL 1000 HR TASKS
SAMPLE COMPRESSOR OIL
REPLACE COOLANT

",1288,NULL,40,NULL,NULL,2630,59ef75b3-58fc-4d7c-9206-0ab705045d30
35885,52831,"2026-07-31 15:41:04",1,0,1,"500 HR SERVICE (AIR COMPRESSOR)",500,NULL,NULL,NULL,NULL,NULL,NULL,NULL,NULL,"SEE EQUIPMENT DETAILS - PARTS TAB OR WRITE IN PARTS USED:
","CHANGE ENGINE OIL & FILTER
CHANGE AIR FILTER
CHANGE FUEL FILTER
CHECK HOSES
CHECK SAFETY VALVE
",1288,NULL,40,NULL,NULL,2681,18d84063-de8d-45c8-979c-f653fdaf5ab7
34579,52833,"2026-07-29 19:42:52",1,0,1,"1000 HR SERVICE (AIR COMPRESSOR)",1000,NULL,NULL,NULL,NULL,NULL,NULL,NULL,NULL,"SEE EQUIPMENT DETAILS - PARTS TAB OR WRITE IN PARTS USED:

","INCLUDES ALL 500 HR TASKS
REPLACE SEPARATOR ELEMENT
INSPECT COOLER
CHECK COMPRESSOR OUTPUT
",1288,NULL,40,NULL,NULL,2573,684e3640-a1e1-433c-b10c-a5172dcc5b77
35854,52833,"2026-07-31 15:40:32",1,0,1,"2000 HR SERVICE (AIR COMPRESSOR)",2000,NULL,NULL,NULL,NULL,NULL,NULL,NULL,NULL,"SEE EQUIPMENT DETAILS - PARTS TAB OR WRITE IN PARTS USED:
","INCLUDES ALL 1000 HR TASKS
SAMPLE COMPRESSOR OIL
REPLACE COOLANT

",1288,NULL,40,NULL,NULL,2630,ead0d248-2a6d-46ff-b52c-1313d6457a26
35886,52833,"2026-07-31 15:41:05",1,0,1,"500 HR SERVICE (AIR COMPRESSOR)",500,NULL,NULL,NULL,NULL,NULL,NULL,NULL,NULL,"SEE EQUIPMENT DETAILS - PARTS TAB OR WRITE IN PARTS USED:
","CHANGE ENGINE OIL & FILTER
CHANGE AIR FILTER
CHANGE FUEL FILTER
CHECK HOSES
CHECK SAFETY VALVE
",1288,NULL,40,NULL,NULL,2681,92f563a5-fcd7-4cac-9c28-d5d6d9696aba
34582,52834,"2026-07-29 19:42:54",1,0,1,"1000 HR SERVICE (AIR COMPRESSOR)",1000,NULL,NULL,NULL,NULL,NULL,NULL,NULL,NULL,"SEE EQUIPMENT DETAILS - PARTS TAB OR WRITE IN PARTS USED:

","INCLUDES ALL 500 HR TASKS
REPLACE SEPARATOR ELEMENT
INSPECT COOLER
CHECK COMPRESSOR OUTPUT
",1288,NULL,40,NULL,NULL,2573,96c7518d-167a-45df-a0d0-a0e1744ed2b2
35857,52834,"2026-07-31 15:40:33",1,0,1,"2000 HR SERVICE (AIR COMPRESSOR)",2000,NULL,NULL,NULL,NULL,NULL,NULL,NULL,NULL,"SEE EQUIPMENT DETAILS - PARTS TAB OR WRITE IN PARTS USED:
","INCLUDES ALL 1000 HR TASKS
SAMPLE COMPRESSOR OIL
REPLACE COOLANT

",1288,NULL,40,NULL,NULL,2630,a72541ce-4d2d-4d28-9101-cea4b06b427a
35889,52834,"2026-07-31 15:41:07",1,0,1,"500 HR SERVICE (AIR COMPRESSOR)",500,NULL,NULL,NULL,NULL,NULL,NULL,NULL,NULL,"SEE EQUIPMENT DETAILS - PARTS TAB OR WRITE IN PARTS USED:
","CHANGE ENGINE OIL & FILTER
CHANGE AIR FILTER
CHANGE FUEL FILTER
CHECK HOSES
CHECK SAFETY VALVE
",1288,NULL,40,NULL,NULL,2681,663d2d10-be2c-4b55-b6f7-19b82ed8639b
34584,52835,"2026-07-29 19:42:55",1,0,1,"1000 HR SERVICE (AIR COMPRESSOR)",1000,NULL,NULL,NULL,NULL,NULL,NULL,NULL,NULL,"SEE EQUIPMENT DETAILS - PARTS TAB OR WRITE IN PARTS USED:

","INCLUDES ALL 500 HR TASKS
REPLACE SEPARATOR ELEMENT
INSPECT COOLER
CHECK COMPRESSOR OUTPUT
",1288,NULL,40,NULL,NULL,2573,1169d46b-720d-4ce4-805a-53dbe8600af5
35859,52835,"2026-07-31 15:40:34",1,0,1,"2000 HR SERVICE (AIR COMPRESSOR)",2000,NULL,NULL,NULL,NULL,NULL,NULL,NULL,NULL,"SEE EQUIPMENT DETAILS - PARTS TAB OR WRITE IN PARTS USED:
","INCLUDES ALL 1000 HR TASKS
SAMPLE COMPRESSOR OIL
REPLACE COOLANT

",1288,NULL,40,NULL,NULL,2630,f764a19d-3eb6-4930-8f29-4bdb8f8455d4
35891,52835,"2026-07-31 15:41:09",1,0,1,"500 HR SERVICE (AIR COMPRESSOR)",500,NULL,NULL,NULL,NULL,NULL,NULL,NULL,NULL,"SEE EQUIPMENT DETAILS - PARTS TAB OR WRITE IN PARTS USED:
","CHANGE ENGINE OIL & FILTER
CHANGE AIR FILTER
CHANGE FUEL FILTER
CHECK HOSES
CHECK SAFETY VALVE
",1288,NULL,40,NULL,NULL,2681,90e0c8b2-088d-4255-a42c-4ba9f5a45916
34580,52839,"2026-07-29 19:42:52",1,0,1,"1000 HR SERVICE (AIR COMPRESSOR)",1000,NULL,NULL,NULL,NULL,NULL,NULL,NULL,NULL,"SEE EQUIPMENT DETAILS - PARTS TAB OR WRITE IN PARTS USED:

","INCLUDES ALL 500 HR TASKS
REPLACE SEPARATOR ELEMENT
INSPECT COOLER
CHECK COMPRESSOR OUTPUT
",1288,NULL,40,NULL,NULL,2573,3e3c9e26-b5ec-4562-8ef6-62a041420907
35855,52839,"2026-07-31 15:40:32",1,0,1,"2000 HR SERVICE (AIR COMPRESSOR)",2000,NULL,NULL,NULL,NULL,NULL,NULL,NULL,NULL,"SEE EQUIPMENT DETAILS - PARTS TAB OR WRITE IN PARTS USED:
","INCLUDES ALL 1000 HR TASKS
SAMPLE COMPRESSOR OIL
REPLACE COOLANT

",1288,NULL,40,NULL,NULL,2630,71c94131-fbe0-4a2f-bc08-1c80abb69c6c
35887,52839,"2026-07-31 15:41:05",1,0,1,"500 HR SERVICE (AIR COMPRESSOR)",500,NULL,NULL,NULL,NULL,NULL,NULL,NULL,NULL,"SEE EQUIPMENT DETAILS - PARTS TAB OR WRITE IN PARTS USED:
","CHANGE ENGINE OIL & FILTER
CHANGE AIR FILTER
CHANGE FUEL FILTER
CHECK HOSES
CHECK SAFETY VALVE
",1288,NULL,40,NULL,NULL,2681,201eb8af-9b5f-4824-a438-fd4d66c176fc
34473,52843,"2026-07-28 03:25:12",1,0,1,"1000 HR SERVICE (TADANO GTC-900 CRAWLER)",1000,NULL,NULL,NULL,NULL,NULL,NULL,NULL,NULL,"SEE EQUIPMENT DETAILS - PARTS TAB OR WRITE IN PARTS USED:","COMPLETE ALL 500 HOUR ITEMS
REPLACE PILOT OIL PRESSURE FILTER ELEMENT
CHANGE HYD RETURN FILTERS
CHANGE SWING DRIVE REDUCER OIL
GREASE SWING DRIVE REDUCER
CHANGE TRACK DRIVE REDUCER OIL
INSPECT & CLEAN ELECTRICAL SLIP RING
CHANGE WINCH OIL
INSPECT A/C & HEATING SYSTEM
TREAT DOOR LOCK & SEAL",1288,NULL,40,NULL,NULL,2616,5c9078d1-120c-4f66-bbfa-cffda71bd042
34476,52843,"2026-07-28 03:25:50",1,0,1,"2000 HR SERVICE (TADANO GTC-900 CRAWLER)",2000,NULL,NULL,NULL,NULL,NULL,NULL,NULL,NULL,"SEE EQUIPMENT DETAILS - PARTS TAB OR WRITE IN PARTS USED:","COMPLETE ALL 1000 HOUR ITEMS
SAMPLE ENGINE COOLANT/REPLACE FILTER
SAMPLE HYD OIL
REPLACE ALL HYDRAULIC FILTERS
CLEAN HYDRAULIC TANK BREATHER
CHANGE HOIST GEARBOX OIL
CHECK SWING BEARING CLEARANCE
CHANGE SWING DRIVE OIL
INSPECT SWING MECHANISM
BLEED SWING DRIVE BRAKE
INSPECT SWING DRIVE BRAKE
CHANGE FINAL DRIVE OIL IN LEFT & RIGHT CRAWLER TRACK FINAL DRIVES",1288,NULL,40,NULL,NULL,2660,41040e6a-fa05-4f76-97c7-7130aa20632d
34479,52843,"2026-07-28 03:26:25",1,0,1,"500 HR SERVICE (TADANO GTC-900 CRAWLER)",500,NULL,NULL,NULL,NULL,NULL,NULL,NULL,NULL,"SEE EQUIPMENT DETAILS - PARTS TAB OR WRITE IN PARTS USED:","CHANGE OIL & FILTER
CHANGE FUEL FILTERS
CHANGE AIR FILTERS
INSPECT WINCH OIL LEVEL
INSPECT WINCH DRUM
INSPECT AML RADTED CAPACITY INDICATOR
CHECK FLUID IN PLANETARY HUBS",1288,NULL,40,NULL,NULL,2729,c078249e-ce3e-4dd5-ad3b-d85e78a6424a
37210,52852,"2026-08-18 18:49:07",1,0,1,"500 HR SERVICE (VIBRO DRIVER/EXTRACTOR - POWER UNIT)",500,NULL,NULL,NULL,NULL,NULL,NULL,NULL,NULL,"SEE EQUIPMENT DETAILS - PARTS TAB OR WRITE IN PARTS USED:
","CHANGE ENGINE OIL & FILTER
CHANGE AIR FILTER
CHANGE FUEL FILTER
CHANGE HYD FILTERS
SAMPLE HYDRAULIC FLUID

HOUR METER IS FOR POWER UNIT HOURS.",1288,NULL,40,NULL,NULL,2734,a089b91e-99b8-49aa-8ea1-be71704d0c88
37221,52852,"2026-08-18 18:53:44",4,0,1,"INITIAL 100 HR BREAK-IN SERVICE",NULL,NULL,NULL,NULL,NULL,NULL,NULL,100,NULL,"SEE EQUIPMENT DETAILS - PARTS TAB OR WRITE IN PARTS USED:

","INITIAL 100-HR BREAK-IN (OIL CHANGE) SERVICE",1288,NULL,30,NULL,NULL,2757,277b1ba1-f256-4d89-b14e-213e443a4c24
34662,52856,"2026-07-29 20:47:49",1,0,1,"1000 HR SERVICE (DOZER)",1000,NULL,NULL,NULL,NULL,NULL,NULL,NULL,NULL,"SEE EQUIPMENT DETAILS - PARTS TAB OR WRITE IN PARTS USED:
","COMPLETE 500 HR SERVICE
REPLACE AIR FILTERS
REPLACE HYDRAULIC FILTERS
CHECK FINAL DRIVE OIL
INSPECT ROLLERS, IDLERS, AND SPROCKETS
INSPECT UNDERCARRIAGE WEAR
CHECK COOLING SYSTEM
INSPECT STEERING AND BRAKES
INSPECT ELECTRICAL SYSTEM",1288,NULL,40,NULL,48969,2583,8c6eb65c-f246-471d-968b-711b251ae17e
34673,52856,"2026-07-29 20:49:34",1,0,1,"2000 HR SERVICE (DOZER)",2000,NULL,NULL,NULL,NULL,NULL,NULL,NULL,NULL,"SEE EQUIPMENT DETAILS - PARTS TAB OR WRITE IN PARTS USED:
","COMPLETE 1000 HR SERVICE
SAMPLE HYDRAULIC OIL
CHANGE FINAL DRIVE OIL
REPLACE COOLANT
REPLACE ALL FILTERS
INSPECT PUSH ARMS
INSPECT PINS AND BUSHINGS
INSPECT FRAME AND WELDS
COMPLETE SAFETY INSPECTION",1288,NULL,40,NULL,48970,2632,455cc04a-2e67-4685-b45e-407ead5ffdd7
34684,52856,"2026-07-29 20:55:32",1,0,1,"500 HR SERVICE (DOZER)",500,NULL,NULL,NULL,NULL,NULL,NULL,NULL,NULL,"SEE EQUIPMENT DETAILS - PARTS TAB OR WRITE IN PARTS USED:
","CHANGE ENGINE OIL & FILTER
REPLACE FUEL FILTER(S)
INSPECT AIR FILTER
CHECK HYDRAULIC OIL LEVEL
GREASE ALL FITTINGS
INSPECT TRACKS AND PADS
CHECK TRACK TENSION
INSPECT CUTTING EDGE
INSPECT HOSES AND CYLINDERS
CHECK BATTERY
TEST LIGHTS AND SAFETY DEVICES
",1288,NULL,40,NULL,48968,2692,4e2f1a19-cab5-4fe2-a7f8-7727c9a88ee0
37203,52859,"2026-08-18 18:44:45",3,0,1,"3 MONTH SERVICE (EXCITER OIL CHANGE)",NULL,90,NULL,NULL,NULL,NULL,NULL,NULL,NULL,"SEE EQUIPMENT DETAILS - PARTS TAB OR WRITE IN PARTS USED:
","INSPECT/CHANGE EXCITER OIL EVERY 50 EXCITER (DRIVE) HRS - SERVICE SET TO 3 MONTHS TO CHECK. RECORDED AS MILEAGE.",1288,5,NULL,NULL,NULL,2679,69ef69f9-af28-4439-baa9-d6587d5496be
37201,52860,"2026-08-18 18:44:41",3,0,1,"3 MONTH SERVICE (EXCITER OIL CHANGE)",NULL,90,NULL,NULL,NULL,NULL,NULL,NULL,NULL,"SEE EQUIPMENT DETAILS - PARTS TAB OR WRITE IN PARTS USED:
","INSPECT/CHANGE EXCITER OIL EVERY 50 EXCITER (DRIVE) HRS - SERVICE SET TO 3 MONTHS TO CHECK. RECORDED AS MILEAGE.",1288,5,NULL,NULL,49042,2679,cf7ba2f0-39a9-46df-8c43-98a9f96962b8
37212,52860,"2026-08-18 18:49:26",1,0,1,"500 HR SERVICE (VIBRO DRIVER/EXTRACTOR - POWER UNIT)",500,NULL,NULL,NULL,NULL,NULL,NULL,NULL,NULL,"SEE EQUIPMENT DETAILS - PARTS TAB OR WRITE IN PARTS USED:
","CHANGE ENGINE OIL & FILTER
CHANGE AIR FILTER
CHANGE FUEL FILTER
CHANGE HYD FILTERS
SAMPLE HYDRAULIC FLUID

HOUR METER IS FOR POWER UNIT HOURS.",1288,NULL,40,NULL,49043,2734,a9fe44d0-7d28-4a11-a02d-0ceac7960f59
37198,52861,"2026-08-18 18:44:07",3,0,1,"3 MONTH SERVICE (EXCITER OIL CHANGE)",NULL,90,NULL,NULL,NULL,NULL,NULL,NULL,NULL,"SEE EQUIPMENT DETAILS - PARTS TAB OR WRITE IN PARTS USED:
","INSPECT/CHANGE EXCITER OIL EVERY 50 EXCITER (DRIVE) HRS - SERVICE SET TO 3 MONTHS TO CHECK. RECORDED AS MILEAGE.",1288,5,NULL,NULL,NULL,2679,a5e22f95-0392-4d88-8ffc-040bca172761
37213,52863,"2026-08-18 18:49:38",1,0,1,"500 HR SERVICE (VIBRO DRIVER/EXTRACTOR - POWER UNIT)",500,NULL,NULL,NULL,NULL,NULL,NULL,NULL,NULL,"SEE EQUIPMENT DETAILS - PARTS TAB OR WRITE IN PARTS USED:
","CHANGE ENGINE OIL & FILTER
CHANGE AIR FILTER
CHANGE FUEL FILTER
CHANGE HYD FILTERS
SAMPLE HYDRAULIC FLUID

HOUR METER IS FOR POWER UNIT HOURS.",1288,NULL,40,NULL,NULL,2734,2e732031-6e06-4195-9d19-7cad53a549e7
37220,52863,"2026-08-18 18:53:38",4,0,0,"INITIAL 100 HR BREAK-IN SERVICE",NULL,NULL,NULL,NULL,NULL,NULL,NULL,100,NULL,"SEE EQUIPMENT DETAILS - PARTS TAB OR WRITE IN PARTS USED:

","INITIAL 100-HR BREAK-IN (OIL CHANGE) SERVICE",1288,NULL,30,NULL,49018,2757,905efcc4-4b3d-4e00-88a0-cf6a8595914a
34480,52867,"2026-07-28 03:28:53",1,0,1,"1000 HR SERVICE (TADANO GTC-900 CRAWLER)",1000,NULL,NULL,NULL,NULL,NULL,NULL,NULL,NULL,"SEE EQUIPMENT DETAILS - PARTS TAB OR WRITE IN PARTS USED:","COMPLETE ALL 500 HOUR ITEMS
REPLACE PILOT OIL PRESSURE FILTER ELEMENT
CHANGE HYD RETURN FILTERS
CHANGE SWING DRIVE REDUCER OIL
GREASE SWING DRIVE REDUCER
CHANGE TRACK DRIVE REDUCER OIL
INSPECT & CLEAN ELECTRICAL SLIP RING
CHANGE WINCH OIL
INSPECT A/C & HEATING SYSTEM
TREAT DOOR LOCK & SEAL",1288,NULL,40,NULL,NULL,2616,b7bb9b30-2161-42e8-a122-d6141c42380f
34481,52867,"2026-07-28 03:29:15",1,0,1,"2000 HR SERVICE (TADANO GTC-900 CRAWLER)",2000,NULL,NULL,NULL,NULL,NULL,NULL,NULL,NULL,"SEE EQUIPMENT DETAILS - PARTS TAB OR WRITE IN PARTS USED:","COMPLETE ALL 1000 HOUR ITEMS
SAMPLE ENGINE COOLANT/REPLACE FILTER
SAMPLE HYD OIL
REPLACE ALL HYDRAULIC FILTERS
CLEAN HYDRAULIC TANK BREATHER
CHANGE HOIST GEARBOX OIL
CHECK SWING BEARING CLEARANCE
CHANGE SWING DRIVE OIL
INSPECT SWING MECHANISM
BLEED SWING DRIVE BRAKE
INSPECT SWING DRIVE BRAKE
CHANGE FINAL DRIVE OIL IN LEFT & RIGHT CRAWLER TRACK FINAL DRIVES",1288,NULL,40,NULL,NULL,2660,63cab6f5-9fa8-4104-b0ce-27e4487d1252
34482,52867,"2026-07-28 03:29:31",1,0,1,"500 HR SERVICE (TADANO GTC-900 CRAWLER)",500,NULL,NULL,NULL,NULL,NULL,NULL,NULL,NULL,"SEE EQUIPMENT DETAILS - PARTS TAB OR WRITE IN PARTS USED:","CHANGE OIL & FILTER
CHANGE FUEL FILTERS
CHANGE AIR FILTERS
INSPECT WINCH OIL LEVEL
INSPECT WINCH DRUM
INSPECT AML RADTED CAPACITY INDICATOR
CHECK FLUID IN PLANETARY HUBS",1288,NULL,40,NULL,NULL,2729,8d57311a-8f30-4668-8948-ae462d0438f6
36862,52877,"2026-08-04 06:06:59",3,0,1,"CALIBRATION - (WIRE FEED) - 365 DAY",NULL,365,NULL,NULL,NULL,NULL,NULL,NULL,NULL,,"SUBMIT WEVR PAPERWORK. WORK ORDER WILL NOT CLOSE UNLESS PAPERWORK IS CORRECT & SUBMITTED.",16222,7,NULL,NULL,48133,2781,2e526b56-416b-4356-83a6-eed46d1c179a
36934,52877,"2026-08-04 06:08:25",3,0,1,"CALIBRATION - (WIRE FEED) - 90 DAY",NULL,90,NULL,NULL,NULL,NULL,NULL,NULL,NULL,,"SUBMIT WEVR PAPERWORK. WORK ORDER WILL NOT CLOSE UNLESS PAPERWORK IS CORRECT & SUBMITTED.",16222,7,NULL,NULL,48132,2782,b699a312-1a24-46da-a625-a8c7a2df4407
34644,52885,"2026-07-29 20:42:33",1,1,0,"2000 HR SERVICE (COMPACTOR/ROLLER)",2000,NULL,NULL,NULL,NULL,NULL,NULL,NULL,NULL,"SEE EQUIPMENT DETAILS - PARTS TAB OR WRITE IN PARTS USED:","COMPLETE 1000 HR SERVICE
CHANGE HYDRAULIC OIL
CHANGE AXLE OILS
REPLACE COOLANT
REPLACE ALL FILTERS
INSPECT PINS AND BUSHINGS
INSPECT STRUCTURAL WELDS
INSPECT DRUM MOUNTS
PERFORM COMPLETE SAFETY INSPECTION",1288,NULL,40,NULL,NULL,2631,841f7422-7436-4740-98fa-754d6da5373a
35997,52889,"2026-07-31 16:11:01",1,0,1,"250 HR SERVICE (HOT TAR SUPER SHOT)",250,NULL,NULL,NULL,NULL,NULL,NULL,NULL,NULL,"SEE EQUIPMENT DETAILS - PARTS TAB OR WRITE IN PARTS USED:

","CHANGE HYD FILTER EVERY 250 HRS OF OPERATION",1288,NULL,40,NULL,NULL,2677,1444de2d-13ae-47b3-8873-95b06f97ae4b
35998,52889,"2026-07-31 16:11:47",1,0,1,"500 HR SERVICE (HOT TAR SUPER SHOT)",500,NULL,NULL,NULL,NULL,NULL,NULL,NULL,NULL,"SEE EQUIPMENT DETAILS - PARTS TAB OR WRITE IN PARTS USED:

","PERFORM 250 HR SERVICE PLUS:
CHANGE HYD FLUID EVERY 500 HRS OF OPERATION
CHANGE HEAT TRANSFER OIL EVERY 500 HRS",1288,NULL,40,NULL,NULL,2707,0539116c-aedb-48b4-9c24-e2a765feb372
34932,52895,"2026-07-30 15:57:12",1,0,1,"1000 HR SERVICE (INDUSTRIAL FORKLIFT)",1000,NULL,NULL,NULL,NULL,NULL,NULL,NULL,NULL,"SEE EQUIPMENT DETAILS - PARTS TAB OR WRITE IN PARTS USED:
","INCLUDES ALL 500 HR TASKS
REPLACE HYD FILTER
REPLACE FUEL FILTERS(S)
REPLACE OR INSPECT AIR FILTER
INSPECT TRANSMISSION CONDITION
CHECK WHEEL BEARINGS
",1288,NULL,40,NULL,47861,2597,fd27e1f3-a5ee-4a70-bf00-21ce35137c35
34939,52895,"2026-07-30 15:58:55",1,0,1,"2000 HR SERVICE (INDUSTRIAL FORKLIFT)",2000,NULL,NULL,NULL,NULL,NULL,NULL,NULL,NULL,"SEE EQUIPMENT DETAILS - PARTS TAB OR WRITE IN PARTS USED:
","INCLUDES ALL 1000 HR TASKS
SAMPLE HYDRAULIC OIL
FLUSH/REPLACE COOLANT AS NEEDED
CHANGE TRANSMISSION OIL
CHANGE DIFFERENTIAL/DRIVE AXLE OIL",1288,NULL,40,NULL,47862,2644,20e499e4-de7e-4ad8-93b8-cfaffc2ce016
34952,52895,"2026-07-30 15:59:43",1,0,1,"500 HR SERVICE (INDUSTRIAL FORKLIFT)",500,NULL,NULL,NULL,NULL,NULL,NULL,NULL,NULL,"SEE EQUIPMENT DETAILS - PARTS TAB OR WRITE IN PARTS USED:
","CHANGE ENGINE OIL & FILTER
CHANGE FUEL FILTERS
CHANGE AIR FILTERS
CHECK HYDRAULIC OIL
CHECK BRAKE FLUID
TEST HORN, LIGHTS, BACKUP ALARM, AND SAFETY DEVICES
CLEAN BATTERY TERMINALS
INSPECT BELTS, HOSES, AND CLAMPS
LUBRICATE MAST RAILS AND ROLLERS
INSPECT FORKS
INSPECT CARRIAGE
CHECK BRAKES
GREASE

",1288,NULL,40,NULL,47863,2709,11cd47e0-d570-4f94-876d-e7f78c7aea78
35231,52898,"2026-07-30 16:34:06",1,0,1,"1000 HR SERVICE (MANITOWOC 10K CRAWLER)",1000,NULL,NULL,NULL,NULL,NULL,NULL,NULL,NULL,"SEE EQUIPMENT DETAILS - PARTS TAB OR WRITE IN PARTS USED:

","INCLUDES ALL 500 HR TASKS
TEST ENGINE COOLANT
CHANGE AIR ELEMENT
REPLACE DRAIN FILTER (CARTRIDGE)
CHANGE SWING REDUCTION OIL
CHANGE WINCH REDUCTION OIL
CHANGE OIL IN POWER DIVIDER
CHANGE OIL IN PROPEL REDUCTION UNIT
INSPECT DRUMS
INSPECT BRAKES
INSPECT SWING DRIVE
INSPECT CRAWLERS
",1288,NULL,40,NULL,NULL,2602,1251bb84-99ce-4569-937a-f13d68500279
35238,52898,"2026-07-30 16:35:00",1,0,1,"2000 HR SERVICE (MANITOWOC 10K CRAWLER)",2000,NULL,NULL,NULL,NULL,NULL,NULL,NULL,NULL,"SEE EQUIPMENT DETAILS - PARTS TAB OR WRITE IN PARTS USED:
","INCLUDES ALL 1000 HR TASKS
SAMPLE HYDRAULIC OIL
REPLACE COOLANT
INSPECT PLANETARIES
INSPECT GEARBOXES
",1288,NULL,40,NULL,NULL,2647,4197a696-74b7-4b1c-bbbf-82d3f65d77fe
35245,52898,"2026-07-30 16:35:39",1,0,1,"500 HR SERVICE (MANITOWOC 10K CRAWLER)",500,NULL,NULL,NULL,NULL,NULL,NULL,NULL,NULL,"SEE EQUIPMENT DETAILS - PARTS TAB OR WRITE IN PARTS USED:
","CHANGE ENGINE OIL & FILTERS
CHANGE AIR FILTERS
CHANGE FUEL FILTERS
CHANGE HYD FILTERS
CHECK FLUID LEVEL IN PLANETARY HUBS & AXLES
TEST TANK FUEL
INSPECT BOOM
INSPECT PENDANTS
INSPECT WIRE ROPE
CHECK SWING BEARING
GREASE ROTATION POINTS
CHECK LIMIT SWITCHES
",1288,NULL,40,NULL,NULL,2714,dc62e709-0345-4d55-89ca-cd4b56a5a1f8
34954,52907,"2026-07-30 16:00:54",1,0,1,"1000 HR SERVICE (TELEHANDLER FORKLIFT)",1000,NULL,NULL,NULL,NULL,NULL,NULL,NULL,NULL,"SEE EQUIPMENT DETAILS - PARTS TAB OR WRITE IN PARTS USED:
","INCLUDES ALL 500 HR TASKS
REPLACE AIR FILTERS
CHECK FLUIDS
INSPECT COOLING SYSTEM
CHECK DIFFERENTIALS & DRIVELINE
INSPECT BOOM WEAR PADS
INSPECT FORKS & CARRIAGE
CHECK BATTERY & ELECTRICAL
VERIFY LIGHTS, ALARMS & SAFETIES
",1288,NULL,40,NULL,47867,2617,f014ffd0-efc8-43c6-b9dc-3adedc0af6f6
34998,52907,"2026-07-30 16:02:56",1,0,1,"2000 HR SERVICE (TELEHANDLER FORKLIFT)",2000,NULL,NULL,NULL,NULL,NULL,NULL,NULL,NULL,"SEE EQUIPMENT DETAILS - PARTS TAB OR WRITE IN PARTS USED:
","INCLUDES ALL 1000 HR TASKS
SAMPLE HYDRAULIC OIL
SAMPLE TRANSMISSION OIL
CHANGE AXLES OILS
REPLACE COOLANT
REPLACE ALL FILTERS
INSPECT BOOM STRUCTURE
INSPECT PINS & BUSHINGS
INSPECT DRIVESHAFTS
CHECK SAFETY FUNCTIONS",1288,NULL,40,NULL,47868,2661,b0441b82-2f73-4304-ba8e-7f3d0e2ac0e0
35036,52907,"2026-07-30 16:04:07",1,0,1,"500 HR SERVICE (TELEHANDLER FORKLIFT)",500,NULL,NULL,NULL,NULL,NULL,NULL,NULL,NULL,"SEE EQUIPMENT DETAILS - PARTS TAB OR WRITE IN PARTS USED:
","CHANGE ENGINE OIL & FILTER
REPLACE FUEL FILTER
REPLACE AIR FILTERS
REPLACE HYD RETURN FILTER
GREASE MACHINE
CHECK AXLE OILS
INSPECT BRAKES
INSPECT STEERING
CHECK BOOM PADS & CHANGES
INSPECT HOSES & CYLINDERS
FUNCTION & SAFETY CHECK (HORN, BACKUP ALARM, LIGHTS)
",1288,NULL,40,NULL,47869,2730,4b7a4ba6-4beb-4d98-a52e-d84d081d1a1d
37202,52910,"2026-08-18 18:44:45",3,0,1,"3 MONTH SERVICE (EXCITER OIL CHANGE)",NULL,90,NULL,NULL,NULL,NULL,NULL,NULL,NULL,"SEE EQUIPMENT DETAILS - PARTS TAB OR WRITE IN PARTS USED:
","INSPECT/CHANGE EXCITER OIL EVERY 50 EXCITER (DRIVE) HRS - SERVICE SET TO 3 MONTHS TO CHECK. RECORDED AS MILEAGE.",1288,5,NULL,NULL,49045,2679,100881b7-7b26-4d23-b40f-72e35c1ebe91
37214,52910,"2026-08-18 18:49:54",1,0,1,"500 HR SERVICE (VIBRO DRIVER/EXTRACTOR - POWER UNIT)",500,NULL,NULL,NULL,NULL,NULL,NULL,NULL,NULL,"SEE EQUIPMENT DETAILS - PARTS TAB OR WRITE IN PARTS USED:
","CHANGE ENGINE OIL & FILTER
CHANGE AIR FILTER
CHANGE FUEL FILTER
CHANGE HYD FILTERS
SAMPLE HYDRAULIC FLUID

HOUR METER IS FOR POWER UNIT HOURS.",1288,NULL,40,NULL,49044,2734,83d35c45-aa5c-4006-b484-93d216dfdac8
34958,52911,"2026-07-30 16:00:56",1,0,1,"1000 HR SERVICE (TELEHANDLER FORKLIFT)",1000,NULL,NULL,NULL,NULL,NULL,NULL,NULL,NULL,"SEE EQUIPMENT DETAILS - PARTS TAB OR WRITE IN PARTS USED:
","INCLUDES ALL 500 HR TASKS
REPLACE AIR FILTERS
CHECK FLUIDS
INSPECT COOLING SYSTEM
CHECK DIFFERENTIALS & DRIVELINE
INSPECT BOOM WEAR PADS
INSPECT FORKS & CARRIAGE
CHECK BATTERY & ELECTRICAL
VERIFY LIGHTS, ALARMS & SAFETIES
",1288,NULL,40,NULL,47886,2617,e3f774ca-b527-4439-8683-c20e6dc3e0e3
35002,52911,"2026-07-30 16:02:58",1,0,1,"2000 HR SERVICE (TELEHANDLER FORKLIFT)",2000,NULL,NULL,NULL,NULL,NULL,NULL,NULL,NULL,"SEE EQUIPMENT DETAILS - PARTS TAB OR WRITE IN PARTS USED:
","INCLUDES ALL 1000 HR TASKS
SAMPLE HYDRAULIC OIL
SAMPLE TRANSMISSION OIL
CHANGE AXLES OILS
REPLACE COOLANT
REPLACE ALL FILTERS
INSPECT BOOM STRUCTURE
INSPECT PINS & BUSHINGS
INSPECT DRIVESHAFTS
CHECK SAFETY FUNCTIONS",1288,NULL,40,NULL,47887,2661,596315e9-916d-4368-943c-cf978d4340e7
35040,52911,"2026-07-30 16:04:09",1,0,1,"500 HR SERVICE (TELEHANDLER FORKLIFT)",500,NULL,NULL,NULL,NULL,NULL,NULL,NULL,NULL,"SEE EQUIPMENT DETAILS - PARTS TAB OR WRITE IN PARTS USED:
","CHANGE ENGINE OIL & FILTER
REPLACE FUEL FILTER
REPLACE AIR FILTERS
REPLACE HYD RETURN FILTER
GREASE MACHINE
CHECK AXLE OILS
INSPECT BRAKES
INSPECT STEERING
CHECK BOOM PADS & CHANGES
INSPECT HOSES & CYLINDERS
FUNCTION & SAFETY CHECK (HORN, BACKUP ALARM, LIGHTS)
",1288,NULL,40,NULL,47888,2730,6854933c-3249-4896-8939-6a2d0a472eba
34957,52912,"2026-07-30 16:00:56",1,0,1,"1000 HR SERVICE (TELEHANDLER FORKLIFT)",1000,NULL,NULL,NULL,NULL,NULL,NULL,NULL,NULL,"SEE EQUIPMENT DETAILS - PARTS TAB OR WRITE IN PARTS USED:
","INCLUDES ALL 500 HR TASKS
REPLACE AIR FILTERS
CHECK FLUIDS
INSPECT COOLING SYSTEM
CHECK DIFFERENTIALS & DRIVELINE
INSPECT BOOM WEAR PADS
INSPECT FORKS & CARRIAGE
CHECK BATTERY & ELECTRICAL
VERIFY LIGHTS, ALARMS & SAFETIES
",1288,NULL,40,NULL,47883,2617,3fcb34b5-589f-4143-ae13-f6d761006b0a
35001,52912,"2026-07-30 16:02:57",1,0,1,"2000 HR SERVICE (TELEHANDLER FORKLIFT)",2000,NULL,NULL,NULL,NULL,NULL,NULL,NULL,NULL,"SEE EQUIPMENT DETAILS - PARTS TAB OR WRITE IN PARTS USED:
","INCLUDES ALL 1000 HR TASKS
SAMPLE HYDRAULIC OIL
SAMPLE TRANSMISSION OIL
CHANGE AXLES OILS
REPLACE COOLANT
REPLACE ALL FILTERS
INSPECT BOOM STRUCTURE
INSPECT PINS & BUSHINGS
INSPECT DRIVESHAFTS
CHECK SAFETY FUNCTIONS",1288,NULL,40,NULL,47884,2661,408b89c1-a8b3-4b95-823a-d1079adecaef
35039,52912,"2026-07-30 16:04:09",1,0,1,"500 HR SERVICE (TELEHANDLER FORKLIFT)",500,NULL,NULL,NULL,NULL,NULL,NULL,NULL,NULL,"SEE EQUIPMENT DETAILS - PARTS TAB OR WRITE IN PARTS USED:
","CHANGE ENGINE OIL & FILTER
REPLACE FUEL FILTER
REPLACE AIR FILTERS
REPLACE HYD RETURN FILTER
GREASE MACHINE
CHECK AXLE OILS
INSPECT BRAKES
INSPECT STEERING
CHECK BOOM PADS & CHANGES
INSPECT HOSES & CYLINDERS
FUNCTION & SAFETY CHECK (HORN, BACKUP ALARM, LIGHTS)
",1288,NULL,40,NULL,47885,2730,651a2e5b-d6b6-4ad8-9fbc-f30fb73fccd7
34956,52913,"2026-07-30 16:00:55",1,0,1,"1000 HR SERVICE (TELEHANDLER FORKLIFT)",1000,NULL,NULL,NULL,NULL,NULL,NULL,NULL,NULL,"SEE EQUIPMENT DETAILS - PARTS TAB OR WRITE IN PARTS USED:
","INCLUDES ALL 500 HR TASKS
REPLACE AIR FILTERS
CHECK FLUIDS
INSPECT COOLING SYSTEM
CHECK DIFFERENTIALS & DRIVELINE
INSPECT BOOM WEAR PADS
INSPECT FORKS & CARRIAGE
CHECK BATTERY & ELECTRICAL
VERIFY LIGHTS, ALARMS & SAFETIES
",1288,NULL,40,NULL,48398,2617,f3e00553-51f1-4213-ba15-1819eb1daf7e
35000,52913,"2026-07-30 16:02:57",1,0,1,"2000 HR SERVICE (TELEHANDLER FORKLIFT)",2000,NULL,NULL,NULL,NULL,NULL,NULL,NULL,NULL,"SEE EQUIPMENT DETAILS - PARTS TAB OR WRITE IN PARTS USED:
","INCLUDES ALL 1000 HR TASKS
SAMPLE HYDRAULIC OIL
SAMPLE TRANSMISSION OIL
CHANGE AXLES OILS
REPLACE COOLANT
REPLACE ALL FILTERS
INSPECT BOOM STRUCTURE
INSPECT PINS & BUSHINGS
INSPECT DRIVESHAFTS
CHECK SAFETY FUNCTIONS",1288,NULL,40,NULL,48399,2661,1a096950-8609-4e78-ac75-facce0879180
35038,52913,"2026-07-30 16:04:08",1,0,1,"500 HR SERVICE (TELEHANDLER FORKLIFT)",500,NULL,NULL,NULL,NULL,NULL,NULL,NULL,NULL,"SEE EQUIPMENT DETAILS - PARTS TAB OR WRITE IN PARTS USED:
","CHANGE ENGINE OIL & FILTER
REPLACE FUEL FILTER
REPLACE AIR FILTERS
REPLACE HYD RETURN FILTER
GREASE MACHINE
CHECK AXLE OILS
INSPECT BRAKES
INSPECT STEERING
CHECK BOOM PADS & CHANGES
INSPECT HOSES & CYLINDERS
FUNCTION & SAFETY CHECK (HORN, BACKUP ALARM, LIGHTS)
",1288,NULL,40,NULL,48400,2730,6b7628d7-82fa-4e3c-8e3c-e14c64ca2b74
34955,52914,"2026-07-30 16:00:55",1,0,1,"1000 HR SERVICE (TELEHANDLER FORKLIFT)",1000,NULL,NULL,NULL,NULL,NULL,NULL,NULL,NULL,"SEE EQUIPMENT DETAILS - PARTS TAB OR WRITE IN PARTS USED:
","INCLUDES ALL 500 HR TASKS
REPLACE AIR FILTERS
CHECK FLUIDS
INSPECT COOLING SYSTEM
CHECK DIFFERENTIALS & DRIVELINE
INSPECT BOOM WEAR PADS
INSPECT FORKS & CARRIAGE
CHECK BATTERY & ELECTRICAL
VERIFY LIGHTS, ALARMS & SAFETIES
",1288,NULL,40,NULL,47880,2617,1909e4b7-aacd-4b4d-8e7d-7d7569bb1660
34999,52914,"2026-07-30 16:02:56",1,0,1,"2000 HR SERVICE (TELEHANDLER FORKLIFT)",2000,NULL,NULL,NULL,NULL,NULL,NULL,NULL,NULL,"SEE EQUIPMENT DETAILS - PARTS TAB OR WRITE IN PARTS USED:
","INCLUDES ALL 1000 HR TASKS
SAMPLE HYDRAULIC OIL
SAMPLE TRANSMISSION OIL
CHANGE AXLES OILS
REPLACE COOLANT
REPLACE ALL FILTERS
INSPECT BOOM STRUCTURE
INSPECT PINS & BUSHINGS
INSPECT DRIVESHAFTS
CHECK SAFETY FUNCTIONS",1288,NULL,40,NULL,47881,2661,308d4862-551e-494f-a37b-a56b088e7718
35037,52914,"2026-07-30 16:04:08",1,0,1,"500 HR SERVICE (TELEHANDLER FORKLIFT)",500,NULL,NULL,NULL,NULL,NULL,NULL,NULL,NULL,"SEE EQUIPMENT DETAILS - PARTS TAB OR WRITE IN PARTS USED:
","CHANGE ENGINE OIL & FILTER
REPLACE FUEL FILTER
REPLACE AIR FILTERS
REPLACE HYD RETURN FILTER
GREASE MACHINE
CHECK AXLE OILS
INSPECT BRAKES
INSPECT STEERING
CHECK BOOM PADS & CHANGES
INSPECT HOSES & CYLINDERS
FUNCTION & SAFETY CHECK (HORN, BACKUP ALARM, LIGHTS)
",1288,NULL,40,NULL,47882,2730,ad0c4a5e-5130-4df9-bbe7-2cc9696ab024
34383,52916,"2026-07-27 02:50:46",3,0,1,"1 YEAR SERVICE (BIDWELL)",NULL,365,NULL,NULL,NULL,NULL,NULL,NULL,NULL,"SEE EQUIPMENT DETAILS - PARTS TAB OR WRITE IN PARTS USED:

","CHANGE OIL AND FILTER
CHANGE AIR FILTER
CHANGE FUEL FILTERS
CHANGE HYD FILTERS",1288,7,NULL,NULL,47889,2567,cf9ac39c-c443-4b76-9e2a-b3af605e818b
34413,52917,"2026-07-27 02:58:31",1,0,1,"100 HR SERVICE (RR-KNUCKLE/GRAPPLE/BOOM/DUMP/CONCRETE TRUCK)",100,NULL,NULL,NULL,NULL,NULL,NULL,NULL,NULL,"SEE EQUIPMENT DETAILS - PARTS TAB OR WRITE IN PARTS USED:

","CHANGE ENGINE OIL & FILTER
CHANGE AIR FILTERS
REPLACE FUEL FILTERS
DRAIN WATER SEPARATOR
CHECK DEF LEVEL
CHECK COOLANT LEVEL
INSPECT BELTS
INSPECT AIR FILTER
CHECK BATTERIES
CHECK LIGHTS
CHECK BRAKES
CHECK TIRES
CHECK WHEEL TORQUE
INSPECT DRIVELINE
GREASE CHASSIS FITTINGS
CHECK ACTIVE FAULT CODES

",1288,NULL,20,NULL,47891,2570,7d3ab79c-2a24-469d-9baf-d606590fd242
34419,52917,"2026-07-27 02:59:28",2,0,1,"6000 MI SERVICE (RR-KNUCKLE/GRAPPLE/BOOM/DUMP/CONCRETE TRUCK",NULL,NULL,6000,NULL,NULL,NULL,NULL,NULL,NULL,"SEE EQUIPMENT DETAILS - PARTS TAB OR WRITE IN PARTS USED:

","ENGINE & FLUIDS:
-CHECK ENGINE OIL LEVEL AND CONDITION
-CHANGE ENGINE OIL AND OIL FILTER
-CHECK COOLANT LEVEL AND CONDITION
-CHECK POWER STEERING FLUID
-CHECK TRANSMISSION FLUID LEVEL
-CHECK HYDRAULIC FLUID LEVEL
-CHECK DEF LEVEL AND INSPECT DEF SYSTEM
-DRAIN WATER SEPARATOR AND INSPECT FUEL SYSTEM

BRAKES:
-INSPECT BRAKE LININGS/PADS
-CHECK BRAKE DRUMS/ROTORS
-INSPECT SLACK ADJUSTERS
-CHECK BRAKE CHAMBERS AND HARDWARE
-VERIFY PARKING BRAKE OPERATION

TIRES & WHEELS:
-CHECK TIRE PRESSURE
-MEASURE TREAD DEPTH
-INSPECT FOR CUTS, PUNCTURES, AND UNEVEN WEAR
-CHECK WHEEL NUTS AND RIM CONDITION

STEERING & SUSPENSION:
-INSPECT STEERING LINKAGE
-CHECK KINGPINS AND TIE-ROD ENDS
-LUBRICATE GREASE FITTINGS
-INSPECT SPRINGS, BUSHINGS, SHOCKS, AND U-BOLTS

HYDRAULIC DUMP SYSTEM:
-INSPECT HYDRAULIC CYLINDER FOR LEAKS
-CHECK HOSES AND FITTINGS
-VERIFY DUMP BODY OPERATION
-INSPECT HOIST PIVOTS AND GREASE AS REQUIRED

ELECTRICAL SYSTEM:
-TEST LIGHTS AND SIGNALS
-INSPECT BATTERIES AND CONNECTIONS
-CHECK ALTERNATOR CHARGING VOLTAGE
-INSPECT WIRING FOR DAMAGE

GENERAL INSPECTION:
-CHECK MIRRORS, WINDSHIELD, AND WIPERS
-INSPECT SEAT BELTS
-CHECK HORN AND BACKUP ALARM
-INSPECT PTO OPERATION
-DOCUMENT DEFECTS AND REPAIRS",1288,NULL,NULL,200,48409,2749,aab33d94-5af4-4212-a724-ac835a7d7f34
34384,52918,"2026-07-27 02:50:47",3,0,1,"1 YEAR SERVICE (BIDWELL)",NULL,365,NULL,NULL,NULL,NULL,NULL,NULL,NULL,"SEE EQUIPMENT DETAILS - PARTS TAB OR WRITE IN PARTS USED:

","CHANGE OIL AND FILTER
CHANGE AIR FILTER
CHANGE FUEL FILTERS
CHANGE HYD FILTERS",1288,7,NULL,NULL,47895,2567,9ac43d1a-fb57-4a55-bda7-ab7b3015752f
34690,52920,"2026-07-29 20:57:51",1,0,1,"1000 HR SERVICE (DYMAX CRANE TRAIN)",1000,NULL,NULL,NULL,NULL,NULL,NULL,NULL,NULL,"SEE EQUIPMENT DETAILS - PARTS TAB OR WRITE IN PARTS USED:
","COMPLETE 500 HR TASKS
SAMPLE HYD OIL
",1288,NULL,40,NULL,NULL,2584,daf7104e-c4ac-4d6c-bc0c-edd3b86dfc0f
34691,52920,"2026-07-29 20:58:28",1,0,1,"500 HR SERVICE (DYMAX CRANE TRAIN)",500,NULL,NULL,NULL,NULL,NULL,NULL,NULL,NULL,"SEE EQUIPMENT DETAILS - PARTS TAB OR WRITE IN PARTS USED:

","CHANGE ENGINE OIL & FILTER
INSPECT/CHANGE AIR FILTERS
CHANGE FUEL FILTERS
CHANGE HYD FILTERS
",1288,NULL,40,NULL,47894,2693,e8cd9728-6688-4d94-8fec-6fb9f4a32458
36791,52920,"2026-08-04 05:43:41",3,0,1,"ANNUAL - H-INSPECTION",NULL,365,NULL,NULL,NULL,NULL,NULL,NULL,NULL,,"HI-RAIL INSPECTION. 3RD PARTY PAPERWORK REQUIRED FOR CLOSE OUT.",1288,30,NULL,NULL,47893,2751,0d7595e7-f9b2-4197-b2eb-048e20b6e79f
35995,52922,"2026-07-31 16:02:34",1,0,1,"200 HR SERVICE (UTV)",200,NULL,NULL,NULL,NULL,NULL,NULL,NULL,NULL,"SEE EQUIPMENT DETAILS - PARTS TAB OR WRITE IN PARTS USED:

",">CHANGE ENGINE OIL & FILTER   
>REPLACE AIR FILTER 
>CHANGE FUEL FILTERS
>CHANGE TRANSMISSION FLUID
>CHANGE FRONT GEARCASE FLUID   

INSPECT BATTERY TERMINALS   
BRAKE SYSTEM - INSPECT FLUID LEVEL/BRAKE PAD WEAR   
COOLING SYSTEM - INSPECT FLUID LEVEL/PRESSURE TEST YEARLY   
DIRVE BELT - INSPECT/CLEAN/REPLACE AS NEEDED   
FUEL SYSTEM* - CYCLE KEY TO PRESSURIZE FUEL PUMP/CHECK LEAKS   
GENERAL LUBRICATION - ALL FITTINGS & GREASE   
CLEAN RADIATOR OF DEBRIS/INSPECT FOR DAMAGE   
INSPECT SHIFT CABLE/LINKAGE   
SHOCKS - INSPECT SEALS & BUSHINGS; REPLACE AS NEEDED   
SPARK PLUG - REPLACE AS NEEDED   
STEERING COMPONENTS - INSPECT TIE RODS/RACK/BOOTS   
SUSPENSION SYSTEM* INSPECT TIE RODS/WHEEL BEARINGS/BUSHINGS   
THROTTLE BODY/AIR INTAKE DUCTS/FLANGES - INSPECT FOR LEAKS   
INSPECT TIRES FOR DAMAGE/DRY ROT/TREAD   
VALVE CLEARANCE* INSPECT/ADJUST AS NEEDED
WIRING - INSPECT FOR WEAR/ROUTING/RETENTION   
CLUTCHES* INSPECT BUSHINGS, ROLLERS, WEARABLE PARTS   
SPARK ARRESTOR - INSPECT/CLEAN OUT   
",1288,NULL,10,NULL,47902,2627,4d25b4fe-9f05-45bf-b4a3-94f0d8cb3106
34960,52923,"2026-07-30 16:00:57",1,0,1,"1000 HR SERVICE (TELEHANDLER FORKLIFT)",1000,NULL,NULL,NULL,NULL,NULL,NULL,NULL,NULL,"SEE EQUIPMENT DETAILS - PARTS TAB OR WRITE IN PARTS USED:
","INCLUDES ALL 500 HR TASKS
REPLACE AIR FILTERS
CHECK FLUIDS
INSPECT COOLING SYSTEM
CHECK DIFFERENTIALS & DRIVELINE
INSPECT BOOM WEAR PADS
INSPECT FORKS & CARRIAGE
CHECK BATTERY & ELECTRICAL
VERIFY LIGHTS, ALARMS & SAFETIES
",1288,NULL,40,NULL,47896,2617,5e268942-ac05-4211-a109-f17abd9b12b0
35004,52923,"2026-07-30 16:02:59",1,0,1,"2000 HR SERVICE (TELEHANDLER FORKLIFT)",2000,NULL,NULL,NULL,NULL,NULL,NULL,NULL,NULL,"SEE EQUIPMENT DETAILS - PARTS TAB OR WRITE IN PARTS USED:
","INCLUDES ALL 1000 HR TASKS
SAMPLE HYDRAULIC OIL
SAMPLE TRANSMISSION OIL
CHANGE AXLES OILS
REPLACE COOLANT
REPLACE ALL FILTERS
INSPECT BOOM STRUCTURE
INSPECT PINS & BUSHINGS
INSPECT DRIVESHAFTS
CHECK SAFETY FUNCTIONS",1288,NULL,40,NULL,47897,2661,268382b0-4ce6-48df-88c0-8a8fbbc2014e
35042,52923,"2026-07-30 16:04:10",1,0,1,"500 HR SERVICE (TELEHANDLER FORKLIFT)",500,NULL,NULL,NULL,NULL,NULL,NULL,NULL,NULL,"SEE EQUIPMENT DETAILS - PARTS TAB OR WRITE IN PARTS USED:
","CHANGE ENGINE OIL & FILTER
REPLACE FUEL FILTER
REPLACE AIR FILTERS
REPLACE HYD RETURN FILTER
GREASE MACHINE
CHECK AXLE OILS
INSPECT BRAKES
INSPECT STEERING
CHECK BOOM PADS & CHANGES
INSPECT HOSES & CYLINDERS
FUNCTION & SAFETY CHECK (HORN, BACKUP ALARM, LIGHTS)
",1288,NULL,40,NULL,47898,2730,d17c2199-1765-48db-b1a7-306678113006
34961,52924,"2026-07-30 16:00:58",1,0,1,"1000 HR SERVICE (TELEHANDLER FORKLIFT)",1000,NULL,NULL,NULL,NULL,NULL,NULL,NULL,NULL,"SEE EQUIPMENT DETAILS - PARTS TAB OR WRITE IN PARTS USED:
","INCLUDES ALL 500 HR TASKS
REPLACE AIR FILTERS
CHECK FLUIDS
INSPECT COOLING SYSTEM
CHECK DIFFERENTIALS & DRIVELINE
INSPECT BOOM WEAR PADS
INSPECT FORKS & CARRIAGE
CHECK BATTERY & ELECTRICAL
VERIFY LIGHTS, ALARMS & SAFETIES
",1288,NULL,40,NULL,47900,2617,fb110fea-a80a-409b-adf2-d24df1b2cd99
35005,52924,"2026-07-30 16:02:59",1,0,1,"2000 HR SERVICE (TELEHANDLER FORKLIFT)",2000,NULL,NULL,NULL,NULL,NULL,NULL,NULL,NULL,"SEE EQUIPMENT DETAILS - PARTS TAB OR WRITE IN PARTS USED:
","INCLUDES ALL 1000 HR TASKS
SAMPLE HYDRAULIC OIL
SAMPLE TRANSMISSION OIL
CHANGE AXLES OILS
REPLACE COOLANT
REPLACE ALL FILTERS
INSPECT BOOM STRUCTURE
INSPECT PINS & BUSHINGS
INSPECT DRIVESHAFTS
CHECK SAFETY FUNCTIONS",1288,NULL,40,NULL,47901,2661,b4aebc59-4c57-4c33-8ac4-5fed98f1b5d1
35043,52924,"2026-07-30 16:04:10",1,0,1,"500 HR SERVICE (TELEHANDLER FORKLIFT)",500,NULL,NULL,NULL,NULL,NULL,NULL,NULL,NULL,"SEE EQUIPMENT DETAILS - PARTS TAB OR WRITE IN PARTS USED:
","CHANGE ENGINE OIL & FILTER
REPLACE FUEL FILTER
REPLACE AIR FILTERS
REPLACE HYD RETURN FILTER
GREASE MACHINE
CHECK AXLE OILS
INSPECT BRAKES
INSPECT STEERING
CHECK BOOM PADS & CHANGES
INSPECT HOSES & CYLINDERS
FUNCTION & SAFETY CHECK (HORN, BACKUP ALARM, LIGHTS)
",1288,NULL,40,NULL,47899,2730,cf159741-cfa3-44ba-90b5-66c7d75677fb
34959,52927,"2026-07-30 16:00:57",1,0,1,"1000 HR SERVICE (TELEHANDLER FORKLIFT)",1000,NULL,NULL,NULL,NULL,NULL,NULL,NULL,NULL,"SEE EQUIPMENT DETAILS - PARTS TAB OR WRITE IN PARTS USED:
","INCLUDES ALL 500 HR TASKS
REPLACE AIR FILTERS
CHECK FLUIDS
INSPECT COOLING SYSTEM
CHECK DIFFERENTIALS & DRIVELINE
INSPECT BOOM WEAR PADS
INSPECT FORKS & CARRIAGE
CHECK BATTERY & ELECTRICAL
VERIFY LIGHTS, ALARMS & SAFETIES
",1288,NULL,40,NULL,48263,2617,bcafc105-02c0-4981-b62c-d1538be2c952
35003,52927,"2026-07-30 16:02:58",1,0,1,"2000 HR SERVICE (TELEHANDLER FORKLIFT)",2000,NULL,NULL,NULL,NULL,NULL,NULL,NULL,NULL,"SEE EQUIPMENT DETAILS - PARTS TAB OR WRITE IN PARTS USED:
","INCLUDES ALL 1000 HR TASKS
SAMPLE HYDRAULIC OIL
SAMPLE TRANSMISSION OIL
CHANGE AXLES OILS
REPLACE COOLANT
REPLACE ALL FILTERS
INSPECT BOOM STRUCTURE
INSPECT PINS & BUSHINGS
INSPECT DRIVESHAFTS
CHECK SAFETY FUNCTIONS",1288,NULL,40,NULL,48264,2661,ca82541b-e0bf-4e2c-840e-070ab92840d3
35041,52927,"2026-07-30 16:04:10",1,0,1,"500 HR SERVICE (TELEHANDLER FORKLIFT)",500,NULL,NULL,NULL,NULL,NULL,NULL,NULL,NULL,"SEE EQUIPMENT DETAILS - PARTS TAB OR WRITE IN PARTS USED:
","CHANGE ENGINE OIL & FILTER
REPLACE FUEL FILTER
REPLACE AIR FILTERS
REPLACE HYD RETURN FILTER
GREASE MACHINE
CHECK AXLE OILS
INSPECT BRAKES
INSPECT STEERING
CHECK BOOM PADS & CHANGES
INSPECT HOSES & CYLINDERS
FUNCTION & SAFETY CHECK (HORN, BACKUP ALARM, LIGHTS)
",1288,NULL,40,NULL,48262,2730,7a1cb5b4-4d88-4374-98f6-507d6a760d83
34965,52931,"2026-07-30 16:01:00",1,0,1,"1000 HR SERVICE (TELEHANDLER FORKLIFT)",1000,NULL,NULL,NULL,NULL,NULL,NULL,NULL,NULL,"SEE EQUIPMENT DETAILS - PARTS TAB OR WRITE IN PARTS USED:
","INCLUDES ALL 500 HR TASKS
REPLACE AIR FILTERS
CHECK FLUIDS
INSPECT COOLING SYSTEM
CHECK DIFFERENTIALS & DRIVELINE
INSPECT BOOM WEAR PADS
INSPECT FORKS & CARRIAGE
CHECK BATTERY & ELECTRICAL
VERIFY LIGHTS, ALARMS & SAFETIES
",1288,NULL,40,NULL,47912,2617,d8ac9f3f-c1df-4000-b204-7ad9ffc663a6
35009,52931,"2026-07-30 16:03:01",1,0,1,"2000 HR SERVICE (TELEHANDLER FORKLIFT)",2000,NULL,NULL,NULL,NULL,NULL,NULL,NULL,NULL,"SEE EQUIPMENT DETAILS - PARTS TAB OR WRITE IN PARTS USED:
","INCLUDES ALL 1000 HR TASKS
SAMPLE HYDRAULIC OIL
SAMPLE TRANSMISSION OIL
CHANGE AXLES OILS
REPLACE COOLANT
REPLACE ALL FILTERS
INSPECT BOOM STRUCTURE
INSPECT PINS & BUSHINGS
INSPECT DRIVESHAFTS
CHECK SAFETY FUNCTIONS",1288,NULL,40,NULL,47913,2661,2ef4fb40-3512-47bc-8f3f-3511b82bde16
35047,52931,"2026-07-30 16:04:12",1,0,1,"500 HR SERVICE (TELEHANDLER FORKLIFT)",500,NULL,NULL,NULL,NULL,NULL,NULL,NULL,NULL,"SEE EQUIPMENT DETAILS - PARTS TAB OR WRITE IN PARTS USED:
","CHANGE ENGINE OIL & FILTER
REPLACE FUEL FILTER
REPLACE AIR FILTERS
REPLACE HYD RETURN FILTER
GREASE MACHINE
CHECK AXLE OILS
INSPECT BRAKES
INSPECT STEERING
CHECK BOOM PADS & CHANGES
INSPECT HOSES & CYLINDERS
FUNCTION & SAFETY CHECK (HORN, BACKUP ALARM, LIGHTS)
",1288,NULL,40,NULL,47914,2730,0e6a9168-4028-4f94-9d5a-fec470abe07a
34962,52932,"2026-07-30 16:00:58",1,0,1,"1000 HR SERVICE (TELEHANDLER FORKLIFT)",1000,NULL,NULL,NULL,NULL,NULL,NULL,NULL,NULL,"SEE EQUIPMENT DETAILS - PARTS TAB OR WRITE IN PARTS USED:
","INCLUDES ALL 500 HR TASKS
REPLACE AIR FILTERS
CHECK FLUIDS
INSPECT COOLING SYSTEM
CHECK DIFFERENTIALS & DRIVELINE
INSPECT BOOM WEAR PADS
INSPECT FORKS & CARRIAGE
CHECK BATTERY & ELECTRICAL
VERIFY LIGHTS, ALARMS & SAFETIES
",1288,NULL,40,NULL,47903,2617,0af84142-628b-43f6-bbf8-60f72e18d860
35006,52932,"2026-07-30 16:02:59",1,0,1,"2000 HR SERVICE (TELEHANDLER FORKLIFT)",2000,NULL,NULL,NULL,NULL,NULL,NULL,NULL,NULL,"SEE EQUIPMENT DETAILS - PARTS TAB OR WRITE IN PARTS USED:
","INCLUDES ALL 1000 HR TASKS
SAMPLE HYDRAULIC OIL
SAMPLE TRANSMISSION OIL
CHANGE AXLES OILS
REPLACE COOLANT
REPLACE ALL FILTERS
INSPECT BOOM STRUCTURE
INSPECT PINS & BUSHINGS
INSPECT DRIVESHAFTS
CHECK SAFETY FUNCTIONS",1288,NULL,40,NULL,47904,2661,89ebec8d-6569-4386-988e-b44f85b5b76d
35044,52932,"2026-07-30 16:04:11",1,0,1,"500 HR SERVICE (TELEHANDLER FORKLIFT)",500,NULL,NULL,NULL,NULL,NULL,NULL,NULL,NULL,"SEE EQUIPMENT DETAILS - PARTS TAB OR WRITE IN PARTS USED:
","CHANGE ENGINE OIL & FILTER
REPLACE FUEL FILTER
REPLACE AIR FILTERS
REPLACE HYD RETURN FILTER
GREASE MACHINE
CHECK AXLE OILS
INSPECT BRAKES
INSPECT STEERING
CHECK BOOM PADS & CHANGES
INSPECT HOSES & CYLINDERS
FUNCTION & SAFETY CHECK (HORN, BACKUP ALARM, LIGHTS)
",1288,NULL,40,NULL,47905,2730,ecf48bef-c24c-4de5-aab7-a93edd5e4ed7
34964,52934,"2026-07-30 16:00:59",1,0,1,"1000 HR SERVICE (TELEHANDLER FORKLIFT)",1000,NULL,NULL,NULL,NULL,NULL,NULL,NULL,NULL,"SEE EQUIPMENT DETAILS - PARTS TAB OR WRITE IN PARTS USED:
","INCLUDES ALL 500 HR TASKS
REPLACE AIR FILTERS
CHECK FLUIDS
INSPECT COOLING SYSTEM
CHECK DIFFERENTIALS & DRIVELINE
INSPECT BOOM WEAR PADS
INSPECT FORKS & CARRIAGE
CHECK BATTERY & ELECTRICAL
VERIFY LIGHTS, ALARMS & SAFETIES
",1288,NULL,40,NULL,47909,2617,da12f2ac-d71e-4e10-a5af-7ff4f760b0c8
35008,52934,"2026-07-30 16:03:01",1,0,1,"2000 HR SERVICE (TELEHANDLER FORKLIFT)",2000,NULL,NULL,NULL,NULL,NULL,NULL,NULL,NULL,"SEE EQUIPMENT DETAILS - PARTS TAB OR WRITE IN PARTS USED:
","INCLUDES ALL 1000 HR TASKS
SAMPLE HYDRAULIC OIL
SAMPLE TRANSMISSION OIL
CHANGE AXLES OILS
REPLACE COOLANT
REPLACE ALL FILTERS
INSPECT BOOM STRUCTURE
INSPECT PINS & BUSHINGS
INSPECT DRIVESHAFTS
CHECK SAFETY FUNCTIONS",1288,NULL,40,NULL,47910,2661,e1863bd0-07c4-452d-b6c3-63df4d731a4d
35046,52934,"2026-07-30 16:04:12",1,0,1,"500 HR SERVICE (TELEHANDLER FORKLIFT)",500,NULL,NULL,NULL,NULL,NULL,NULL,NULL,NULL,"SEE EQUIPMENT DETAILS - PARTS TAB OR WRITE IN PARTS USED:
","CHANGE ENGINE OIL & FILTER
REPLACE FUEL FILTER
REPLACE AIR FILTERS
REPLACE HYD RETURN FILTER
GREASE MACHINE
CHECK AXLE OILS
INSPECT BRAKES
INSPECT STEERING
CHECK BOOM PADS & CHANGES
INSPECT HOSES & CYLINDERS
FUNCTION & SAFETY CHECK (HORN, BACKUP ALARM, LIGHTS)
",1288,NULL,40,NULL,47911,2730,55eb8e7f-bcb5-4677-9fd0-a688064ecebd
34968,52937,"2026-07-30 16:01:02",1,0,1,"1000 HR SERVICE (TELEHANDLER FORKLIFT)",1000,NULL,NULL,NULL,NULL,NULL,NULL,NULL,NULL,"SEE EQUIPMENT DETAILS - PARTS TAB OR WRITE IN PARTS USED:
","INCLUDES ALL 500 HR TASKS
REPLACE AIR FILTERS
CHECK FLUIDS
INSPECT COOLING SYSTEM
CHECK DIFFERENTIALS & DRIVELINE
INSPECT BOOM WEAR PADS
INSPECT FORKS & CARRIAGE
CHECK BATTERY & ELECTRICAL
VERIFY LIGHTS, ALARMS & SAFETIES
",1288,NULL,40,NULL,47921,2617,e0b2d9dd-d83b-4712-a797-79014419aefb
35012,52937,"2026-07-30 16:03:03",1,0,1,"2000 HR SERVICE (TELEHANDLER FORKLIFT)",2000,NULL,NULL,NULL,NULL,NULL,NULL,NULL,NULL,"SEE EQUIPMENT DETAILS - PARTS TAB OR WRITE IN PARTS USED:
","INCLUDES ALL 1000 HR TASKS
SAMPLE HYDRAULIC OIL
SAMPLE TRANSMISSION OIL
CHANGE AXLES OILS
REPLACE COOLANT
REPLACE ALL FILTERS
INSPECT BOOM STRUCTURE
INSPECT PINS & BUSHINGS
INSPECT DRIVESHAFTS
CHECK SAFETY FUNCTIONS",1288,NULL,40,NULL,47922,2661,7ace5cbf-0ecb-426e-9d26-8eceb131050c
35050,52937,"2026-07-30 16:04:14",1,0,1,"500 HR SERVICE (TELEHANDLER FORKLIFT)",500,NULL,NULL,NULL,NULL,NULL,NULL,NULL,NULL,"SEE EQUIPMENT DETAILS - PARTS TAB OR WRITE IN PARTS USED:
","CHANGE ENGINE OIL & FILTER
REPLACE FUEL FILTER
REPLACE AIR FILTERS
REPLACE HYD RETURN FILTER
GREASE MACHINE
CHECK AXLE OILS
INSPECT BRAKES
INSPECT STEERING
CHECK BOOM PADS & CHANGES
INSPECT HOSES & CYLINDERS
FUNCTION & SAFETY CHECK (HORN, BACKUP ALARM, LIGHTS)
",1288,NULL,40,NULL,47923,2730,d517063b-a8d3-478f-a9a2-3f4bbab923f7
34967,52939,"2026-07-30 16:01:01",1,0,1,"1000 HR SERVICE (TELEHANDLER FORKLIFT)",1000,NULL,NULL,NULL,NULL,NULL,NULL,NULL,NULL,"SEE EQUIPMENT DETAILS - PARTS TAB OR WRITE IN PARTS USED:
","INCLUDES ALL 500 HR TASKS
REPLACE AIR FILTERS
CHECK FLUIDS
INSPECT COOLING SYSTEM
CHECK DIFFERENTIALS & DRIVELINE
INSPECT BOOM WEAR PADS
INSPECT FORKS & CARRIAGE
CHECK BATTERY & ELECTRICAL
VERIFY LIGHTS, ALARMS & SAFETIES
",1288,NULL,40,NULL,47919,2617,35d133f8-17de-40d2-94cd-724f2ace1503
35011,52939,"2026-07-30 16:03:02",1,0,1,"2000 HR SERVICE (TELEHANDLER FORKLIFT)",2000,NULL,NULL,NULL,NULL,NULL,NULL,NULL,NULL,"SEE EQUIPMENT DETAILS - PARTS TAB OR WRITE IN PARTS USED:
","INCLUDES ALL 1000 HR TASKS
SAMPLE HYDRAULIC OIL
SAMPLE TRANSMISSION OIL
CHANGE AXLES OILS
REPLACE COOLANT
REPLACE ALL FILTERS
INSPECT BOOM STRUCTURE
INSPECT PINS & BUSHINGS
INSPECT DRIVESHAFTS
CHECK SAFETY FUNCTIONS",1288,NULL,40,NULL,47920,2661,64b95ab0-8064-41fc-9ad5-664101f06bd3
35049,52939,"2026-07-30 16:04:13",1,0,1,"500 HR SERVICE (TELEHANDLER FORKLIFT)",500,NULL,NULL,NULL,NULL,NULL,NULL,NULL,NULL,"SEE EQUIPMENT DETAILS - PARTS TAB OR WRITE IN PARTS USED:
","CHANGE ENGINE OIL & FILTER
REPLACE FUEL FILTER
REPLACE AIR FILTERS
REPLACE HYD RETURN FILTER
GREASE MACHINE
CHECK AXLE OILS
INSPECT BRAKES
INSPECT STEERING
CHECK BOOM PADS & CHANGES
INSPECT HOSES & CYLINDERS
FUNCTION & SAFETY CHECK (HORN, BACKUP ALARM, LIGHTS)
",1288,NULL,40,NULL,47918,2730,61b6205f-9889-47c7-b6f3-16b0c2f0f900
34963,52940,"2026-07-30 16:00:59",1,0,1,"1000 HR SERVICE (TELEHANDLER FORKLIFT)",1000,NULL,NULL,NULL,NULL,NULL,NULL,NULL,NULL,"SEE EQUIPMENT DETAILS - PARTS TAB OR WRITE IN PARTS USED:
","INCLUDES ALL 500 HR TASKS
REPLACE AIR FILTERS
CHECK FLUIDS
INSPECT COOLING SYSTEM
CHECK DIFFERENTIALS & DRIVELINE
INSPECT BOOM WEAR PADS
INSPECT FORKS & CARRIAGE
CHECK BATTERY & ELECTRICAL
VERIFY LIGHTS, ALARMS & SAFETIES
",1288,NULL,40,NULL,47906,2617,f260f151-2d9d-48a2-bb10-65eaef3d77d2
35007,52940,"2026-07-30 16:03:00",1,0,1,"2000 HR SERVICE (TELEHANDLER FORKLIFT)",2000,NULL,NULL,NULL,NULL,NULL,NULL,NULL,NULL,"SEE EQUIPMENT DETAILS - PARTS TAB OR WRITE IN PARTS USED:
","INCLUDES ALL 1000 HR TASKS
SAMPLE HYDRAULIC OIL
SAMPLE TRANSMISSION OIL
CHANGE AXLES OILS
REPLACE COOLANT
REPLACE ALL FILTERS
INSPECT BOOM STRUCTURE
INSPECT PINS & BUSHINGS
INSPECT DRIVESHAFTS
CHECK SAFETY FUNCTIONS",1288,NULL,40,NULL,47907,2661,3d1d3840-4a1b-41f7-9088-4bdb316870c8
35045,52940,"2026-07-30 16:04:11",1,0,1,"500 HR SERVICE (TELEHANDLER FORKLIFT)",500,NULL,NULL,NULL,NULL,NULL,NULL,NULL,NULL,"SEE EQUIPMENT DETAILS - PARTS TAB OR WRITE IN PARTS USED:
","CHANGE ENGINE OIL & FILTER
REPLACE FUEL FILTER
REPLACE AIR FILTERS
REPLACE HYD RETURN FILTER
GREASE MACHINE
CHECK AXLE OILS
INSPECT BRAKES
INSPECT STEERING
CHECK BOOM PADS & CHANGES
INSPECT HOSES & CYLINDERS
FUNCTION & SAFETY CHECK (HORN, BACKUP ALARM, LIGHTS)
",1288,NULL,40,NULL,47908,2730,5d704f8c-b81d-429a-b80a-a85d514a54f7
36734,52943,"2026-07-31 18:43:32",1,0,1,"500 HR SERVICE (UTILITY-LAYMOR/TOOLCAT)",500,NULL,NULL,NULL,NULL,NULL,NULL,NULL,NULL,"SEE EQUIPMENT DETAILS - PARTS TAB OR WRITE IN PARTS USED:","CHANGE ENGINE OIL & FILTER
CHANGE AIR FILTER(S)
CHANGE FUEL FILTER(S)
",1288,NULL,40,NULL,47940,2732,ba826e4b-11bb-4152-8d72-2ec58bfddf37
34966,52944,"2026-07-30 16:01:00",1,0,1,"1000 HR SERVICE (TELEHANDLER FORKLIFT)",1000,NULL,NULL,NULL,NULL,NULL,NULL,NULL,NULL,"SEE EQUIPMENT DETAILS - PARTS TAB OR WRITE IN PARTS USED:
","INCLUDES ALL 500 HR TASKS
REPLACE AIR FILTERS
CHECK FLUIDS
INSPECT COOLING SYSTEM
CHECK DIFFERENTIALS & DRIVELINE
INSPECT BOOM WEAR PADS
INSPECT FORKS & CARRIAGE
CHECK BATTERY & ELECTRICAL
VERIFY LIGHTS, ALARMS & SAFETIES
",1288,NULL,40,NULL,47915,2617,5f7cc00c-9997-4d69-af39-1353561a54f3
35010,52944,"2026-07-30 16:03:02",1,0,1,"2000 HR SERVICE (TELEHANDLER FORKLIFT)",2000,NULL,NULL,NULL,NULL,NULL,NULL,NULL,NULL,"SEE EQUIPMENT DETAILS - PARTS TAB OR WRITE IN PARTS USED:
","INCLUDES ALL 1000 HR TASKS
SAMPLE HYDRAULIC OIL
SAMPLE TRANSMISSION OIL
CHANGE AXLES OILS
REPLACE COOLANT
REPLACE ALL FILTERS
INSPECT BOOM STRUCTURE
INSPECT PINS & BUSHINGS
INSPECT DRIVESHAFTS
CHECK SAFETY FUNCTIONS",1288,NULL,40,NULL,47916,2661,15894890-4305-4b54-811e-c5570263ef8c
35048,52944,"2026-07-30 16:04:13",1,0,1,"500 HR SERVICE (TELEHANDLER FORKLIFT)",500,NULL,NULL,NULL,NULL,NULL,NULL,NULL,NULL,"SEE EQUIPMENT DETAILS - PARTS TAB OR WRITE IN PARTS USED:
","CHANGE ENGINE OIL & FILTER
REPLACE FUEL FILTER
REPLACE AIR FILTERS
REPLACE HYD RETURN FILTER
GREASE MACHINE
CHECK AXLE OILS
INSPECT BRAKES
INSPECT STEERING
CHECK BOOM PADS & CHANGES
INSPECT HOSES & CYLINDERS
FUNCTION & SAFETY CHECK (HORN, BACKUP ALARM, LIGHTS)
",1288,NULL,40,NULL,47917,2730,afc45199-6aa3-4bce-ba21-e7ec6d6d5689
34990,52947,"2026-07-30 16:01:54",1,0,1,"1000 HR SERVICE (TELEHANDLER FORKLIFT)",1000,NULL,NULL,NULL,NULL,NULL,NULL,NULL,NULL,"SEE EQUIPMENT DETAILS - PARTS TAB OR WRITE IN PARTS USED:
","INCLUDES ALL 500 HR TASKS
REPLACE AIR FILTERS
CHECK FLUIDS
INSPECT COOLING SYSTEM
CHECK DIFFERENTIALS & DRIVELINE
INSPECT BOOM WEAR PADS
INSPECT FORKS & CARRIAGE
CHECK BATTERY & ELECTRICAL
VERIFY LIGHTS, ALARMS & SAFETIES
",1288,NULL,40,NULL,47924,2617,f440787f-c711-46ae-856a-34f47bd7253f
34997,52947,"2026-07-30 16:02:44",1,0,1,"2000 HR SERVICE (TELEHANDLER FORKLIFT)",2000,NULL,NULL,NULL,NULL,NULL,NULL,NULL,NULL,"SEE EQUIPMENT DETAILS - PARTS TAB OR WRITE IN PARTS USED:
","INCLUDES ALL 1000 HR TASKS
SAMPLE HYDRAULIC OIL
SAMPLE TRANSMISSION OIL
CHANGE AXLES OILS
REPLACE COOLANT
REPLACE ALL FILTERS
INSPECT BOOM STRUCTURE
INSPECT PINS & BUSHINGS
INSPECT DRIVESHAFTS
CHECK SAFETY FUNCTIONS",1288,NULL,40,NULL,47925,2661,c91d17aa-cb14-4a37-b0e3-be3981dd76e4
35029,52947,"2026-07-30 16:03:37",1,0,1,"500 HR SERVICE (TELEHANDLER FORKLIFT)",500,NULL,NULL,NULL,NULL,NULL,NULL,NULL,NULL,"SEE EQUIPMENT DETAILS - PARTS TAB OR WRITE IN PARTS USED:
","CHANGE ENGINE OIL & FILTER
REPLACE FUEL FILTER
REPLACE AIR FILTERS
REPLACE HYD RETURN FILTER
GREASE MACHINE
CHECK AXLE OILS
INSPECT BRAKES
INSPECT STEERING
CHECK BOOM PADS & CHANGES
INSPECT HOSES & CYLINDERS
FUNCTION & SAFETY CHECK (HORN, BACKUP ALARM, LIGHTS)
",1288,NULL,40,NULL,47926,2730,463fa246-260c-4a68-89ed-945c70439034
34927,52949,"2026-07-30 15:55:56",1,0,1,"1000 HR SERVICE (INDUSTRIAL FORKLIFT)",1000,NULL,NULL,NULL,NULL,NULL,NULL,NULL,NULL,"SEE EQUIPMENT DETAILS - PARTS TAB OR WRITE IN PARTS USED:
","INCLUDES ALL 500 HR TASKS
REPLACE HYD FILTER
REPLACE FUEL FILTERS(S)
REPLACE OR INSPECT AIR FILTER
INSPECT TRANSMISSION CONDITION
CHECK WHEEL BEARINGS
",1288,NULL,40,NULL,47935,2597,4d4d5013-31e8-4624-adeb-e3746c314cd6
34941,52949,"2026-07-30 15:59:01",1,0,1,"2000 HR SERVICE (INDUSTRIAL FORKLIFT)",2000,NULL,NULL,NULL,NULL,NULL,NULL,NULL,NULL,"SEE EQUIPMENT DETAILS - PARTS TAB OR WRITE IN PARTS USED:
","INCLUDES ALL 1000 HR TASKS
SAMPLE HYDRAULIC OIL
FLUSH/REPLACE COOLANT AS NEEDED
CHANGE TRANSMISSION OIL
CHANGE DIFFERENTIAL/DRIVE AXLE OIL",1288,NULL,40,NULL,47936,2644,c664ac9c-9186-4b92-bd03-d0e1cc20feb0
34945,52949,"2026-07-30 15:59:31",1,0,1,"500 HR SERVICE (INDUSTRIAL FORKLIFT)",500,NULL,NULL,NULL,NULL,NULL,NULL,NULL,NULL,"SEE EQUIPMENT DETAILS - PARTS TAB OR WRITE IN PARTS USED:
","CHANGE ENGINE OIL & FILTER
CHANGE FUEL FILTERS
CHANGE AIR FILTERS
CHECK HYDRAULIC OIL
CHECK BRAKE FLUID
TEST HORN, LIGHTS, BACKUP ALARM, AND SAFETY DEVICES
CLEAN BATTERY TERMINALS
INSPECT BELTS, HOSES, AND CLAMPS
LUBRICATE MAST RAILS AND ROLLERS
INSPECT FORKS
INSPECT CARRIAGE
CHECK BRAKES
GREASE

",1288,NULL,40,NULL,47934,2709,71f8a128-e0b1-4c1f-af00-0c1eb774060d
34969,52950,"2026-07-30 16:01:03",1,0,1,"1000 HR SERVICE (TELEHANDLER FORKLIFT)",1000,NULL,NULL,NULL,NULL,NULL,NULL,NULL,NULL,"SEE EQUIPMENT DETAILS - PARTS TAB OR WRITE IN PARTS USED:
","INCLUDES ALL 500 HR TASKS
REPLACE AIR FILTERS
CHECK FLUIDS
INSPECT COOLING SYSTEM
CHECK DIFFERENTIALS & DRIVELINE
INSPECT BOOM WEAR PADS
INSPECT FORKS & CARRIAGE
CHECK BATTERY & ELECTRICAL
VERIFY LIGHTS, ALARMS & SAFETIES
",1288,NULL,40,NULL,47927,2617,103ea9a5-ce78-477d-974a-ef1f2bcea850
35013,52950,"2026-07-30 16:03:04",1,0,1,"2000 HR SERVICE (TELEHANDLER FORKLIFT)",2000,NULL,NULL,NULL,NULL,NULL,NULL,NULL,NULL,"SEE EQUIPMENT DETAILS - PARTS TAB OR WRITE IN PARTS USED:
","INCLUDES ALL 1000 HR TASKS
SAMPLE HYDRAULIC OIL
SAMPLE TRANSMISSION OIL
CHANGE AXLES OILS
REPLACE COOLANT
REPLACE ALL FILTERS
INSPECT BOOM STRUCTURE
INSPECT PINS & BUSHINGS
INSPECT DRIVESHAFTS
CHECK SAFETY FUNCTIONS",1288,NULL,40,NULL,47928,2661,64d46155-7731-4540-b6a8-ec0e5aa6b65e
35051,52950,"2026-07-30 16:04:16",1,0,1,"500 HR SERVICE (TELEHANDLER FORKLIFT)",500,NULL,NULL,NULL,NULL,NULL,NULL,NULL,NULL,"SEE EQUIPMENT DETAILS - PARTS TAB OR WRITE IN PARTS USED:
","CHANGE ENGINE OIL & FILTER
REPLACE FUEL FILTER
REPLACE AIR FILTERS
REPLACE HYD RETURN FILTER
GREASE MACHINE
CHECK AXLE OILS
INSPECT BRAKES
INSPECT STEERING
CHECK BOOM PADS & CHANGES
INSPECT HOSES & CYLINDERS
FUNCTION & SAFETY CHECK (HORN, BACKUP ALARM, LIGHTS)
",1288,NULL,40,NULL,47929,2730,1f657c4d-9367-4fe9-8982-ebe0f5214602
34972,52952,"2026-07-30 16:01:05",1,0,1,"1000 HR SERVICE (TELEHANDLER FORKLIFT)",1000,NULL,NULL,NULL,NULL,NULL,NULL,NULL,NULL,"SEE EQUIPMENT DETAILS - PARTS TAB OR WRITE IN PARTS USED:
","INCLUDES ALL 500 HR TASKS
REPLACE AIR FILTERS
CHECK FLUIDS
INSPECT COOLING SYSTEM
CHECK DIFFERENTIALS & DRIVELINE
INSPECT BOOM WEAR PADS
INSPECT FORKS & CARRIAGE
CHECK BATTERY & ELECTRICAL
VERIFY LIGHTS, ALARMS & SAFETIES
",1288,NULL,40,NULL,47945,2617,f7800b52-bb57-4065-aa35-5cf2e97131b8
35016,52952,"2026-07-30 16:03:06",1,0,1,"2000 HR SERVICE (TELEHANDLER FORKLIFT)",2000,NULL,NULL,NULL,NULL,NULL,NULL,NULL,NULL,"SEE EQUIPMENT DETAILS - PARTS TAB OR WRITE IN PARTS USED:
","INCLUDES ALL 1000 HR TASKS
SAMPLE HYDRAULIC OIL
SAMPLE TRANSMISSION OIL
CHANGE AXLES OILS
REPLACE COOLANT
REPLACE ALL FILTERS
INSPECT BOOM STRUCTURE
INSPECT PINS & BUSHINGS
INSPECT DRIVESHAFTS
CHECK SAFETY FUNCTIONS",1288,NULL,40,NULL,47948,2661,f44d899f-99b2-43c0-b11a-b0dd479a8b2d
35054,52952,"2026-07-30 16:04:18",1,0,1,"500 HR SERVICE (TELEHANDLER FORKLIFT)",500,NULL,NULL,NULL,NULL,NULL,NULL,NULL,NULL,"SEE EQUIPMENT DETAILS - PARTS TAB OR WRITE IN PARTS USED:
","CHANGE ENGINE OIL & FILTER
REPLACE FUEL FILTER
REPLACE AIR FILTERS
REPLACE HYD RETURN FILTER
GREASE MACHINE
CHECK AXLE OILS
INSPECT BRAKES
INSPECT STEERING
CHECK BOOM PADS & CHANGES
INSPECT HOSES & CYLINDERS
FUNCTION & SAFETY CHECK (HORN, BACKUP ALARM, LIGHTS)
",1288,NULL,40,NULL,47946,2730,2d39df51-f315-4468-b4f8-1d90a30fa502
34928,52956,"2026-07-30 15:55:57",1,0,1,"1000 HR SERVICE (INDUSTRIAL FORKLIFT)",1000,NULL,NULL,NULL,NULL,NULL,NULL,NULL,NULL,"SEE EQUIPMENT DETAILS - PARTS TAB OR WRITE IN PARTS USED:
","INCLUDES ALL 500 HR TASKS
REPLACE HYD FILTER
REPLACE FUEL FILTERS(S)
REPLACE OR INSPECT AIR FILTER
INSPECT TRANSMISSION CONDITION
CHECK WHEEL BEARINGS
",1288,NULL,40,NULL,47938,2597,97ec5b71-2612-4506-a545-6ae8c3398974
34942,52956,"2026-07-30 15:59:01",1,0,1,"2000 HR SERVICE (INDUSTRIAL FORKLIFT)",2000,NULL,NULL,NULL,NULL,NULL,NULL,NULL,NULL,"SEE EQUIPMENT DETAILS - PARTS TAB OR WRITE IN PARTS USED:
","INCLUDES ALL 1000 HR TASKS
SAMPLE HYDRAULIC OIL
FLUSH/REPLACE COOLANT AS NEEDED
CHANGE TRANSMISSION OIL
CHANGE DIFFERENTIAL/DRIVE AXLE OIL",1288,NULL,40,NULL,47939,2644,c058c946-6ed2-459f-a715-1be589aece33
34946,52956,"2026-07-30 15:59:32",1,0,1,"500 HR SERVICE (INDUSTRIAL FORKLIFT)",500,NULL,NULL,NULL,NULL,NULL,NULL,NULL,NULL,"SEE EQUIPMENT DETAILS - PARTS TAB OR WRITE IN PARTS USED:
","CHANGE ENGINE OIL & FILTER
CHANGE FUEL FILTERS
CHANGE AIR FILTERS
CHECK HYDRAULIC OIL
CHECK BRAKE FLUID
TEST HORN, LIGHTS, BACKUP ALARM, AND SAFETY DEVICES
CLEAN BATTERY TERMINALS
INSPECT BELTS, HOSES, AND CLAMPS
LUBRICATE MAST RAILS AND ROLLERS
INSPECT FORKS
INSPECT CARRIAGE
CHECK BRAKES
GREASE

",1288,NULL,40,NULL,47937,2709,43affece-92b2-4027-b2ed-aabd80bd7126
34971,52961,"2026-07-30 16:01:04",1,0,1,"1000 HR SERVICE (TELEHANDLER FORKLIFT)",1000,NULL,NULL,NULL,NULL,NULL,NULL,NULL,NULL,"SEE EQUIPMENT DETAILS - PARTS TAB OR WRITE IN PARTS USED:
","INCLUDES ALL 500 HR TASKS
REPLACE AIR FILTERS
CHECK FLUIDS
INSPECT COOLING SYSTEM
CHECK DIFFERENTIALS & DRIVELINE
INSPECT BOOM WEAR PADS
INSPECT FORKS & CARRIAGE
CHECK BATTERY & ELECTRICAL
VERIFY LIGHTS, ALARMS & SAFETIES
",1288,NULL,40,NULL,47941,2617,bf440385-fdfd-4742-a7e5-7a1387f71c84
35015,52961,"2026-07-30 16:03:06",1,0,1,"2000 HR SERVICE (TELEHANDLER FORKLIFT)",2000,NULL,NULL,NULL,NULL,NULL,NULL,NULL,NULL,"SEE EQUIPMENT DETAILS - PARTS TAB OR WRITE IN PARTS USED:
","INCLUDES ALL 1000 HR TASKS
SAMPLE HYDRAULIC OIL
SAMPLE TRANSMISSION OIL
CHANGE AXLES OILS
REPLACE COOLANT
REPLACE ALL FILTERS
INSPECT BOOM STRUCTURE
INSPECT PINS & BUSHINGS
INSPECT DRIVESHAFTS
CHECK SAFETY FUNCTIONS",1288,NULL,40,NULL,47942,2661,d124f86b-af11-4560-9fd9-eac5c5b64dbc
35053,52961,"2026-07-30 16:04:17",1,0,1,"500 HR SERVICE (TELEHANDLER FORKLIFT)",500,NULL,NULL,NULL,NULL,NULL,NULL,NULL,NULL,"SEE EQUIPMENT DETAILS - PARTS TAB OR WRITE IN PARTS USED:
","CHANGE ENGINE OIL & FILTER
REPLACE FUEL FILTER
REPLACE AIR FILTERS
REPLACE HYD RETURN FILTER
GREASE MACHINE
CHECK AXLE OILS
INSPECT BRAKES
INSPECT STEERING
CHECK BOOM PADS & CHANGES
INSPECT HOSES & CYLINDERS
FUNCTION & SAFETY CHECK (HORN, BACKUP ALARM, LIGHTS)
",1288,NULL,40,NULL,47943,2730,f942ea0e-d8d3-4962-9dd1-3da0e2cb2421
34970,52962,"2026-07-30 16:01:03",1,0,1,"1000 HR SERVICE (TELEHANDLER FORKLIFT)",1000,NULL,NULL,NULL,NULL,NULL,NULL,NULL,NULL,"SEE EQUIPMENT DETAILS - PARTS TAB OR WRITE IN PARTS USED:
","INCLUDES ALL 500 HR TASKS
REPLACE AIR FILTERS
CHECK FLUIDS
INSPECT COOLING SYSTEM
CHECK DIFFERENTIALS & DRIVELINE
INSPECT BOOM WEAR PADS
INSPECT FORKS & CARRIAGE
CHECK BATTERY & ELECTRICAL
VERIFY LIGHTS, ALARMS & SAFETIES
",1288,NULL,40,NULL,47931,2617,21ac4b51-d086-4090-9405-73a991af57f3
35014,52962,"2026-07-30 16:03:05",1,0,1,"2000 HR SERVICE (TELEHANDLER FORKLIFT)",2000,NULL,NULL,NULL,NULL,NULL,NULL,NULL,NULL,"SEE EQUIPMENT DETAILS - PARTS TAB OR WRITE IN PARTS USED:
","INCLUDES ALL 1000 HR TASKS
SAMPLE HYDRAULIC OIL
SAMPLE TRANSMISSION OIL
CHANGE AXLES OILS
REPLACE COOLANT
REPLACE ALL FILTERS
INSPECT BOOM STRUCTURE
INSPECT PINS & BUSHINGS
INSPECT DRIVESHAFTS
CHECK SAFETY FUNCTIONS",1288,NULL,40,NULL,47932,2661,2a1dbc48-de9e-44f9-ba57-517925e7106c
35052,52962,"2026-07-30 16:04:17",1,0,1,"500 HR SERVICE (TELEHANDLER FORKLIFT)",500,NULL,NULL,NULL,NULL,NULL,NULL,NULL,NULL,"SEE EQUIPMENT DETAILS - PARTS TAB OR WRITE IN PARTS USED:
","CHANGE ENGINE OIL & FILTER
REPLACE FUEL FILTER
REPLACE AIR FILTERS
REPLACE HYD RETURN FILTER
GREASE MACHINE
CHECK AXLE OILS
INSPECT BRAKES
INSPECT STEERING
CHECK BOOM PADS & CHANGES
INSPECT HOSES & CYLINDERS
FUNCTION & SAFETY CHECK (HORN, BACKUP ALARM, LIGHTS)
",1288,NULL,40,NULL,47930,2730,037e37d7-4258-4473-a62f-f3d7d0263c24
34973,52964,"2026-07-30 16:01:06",1,0,1,"1000 HR SERVICE (TELEHANDLER FORKLIFT)",1000,NULL,NULL,NULL,NULL,NULL,NULL,NULL,NULL,"SEE EQUIPMENT DETAILS - PARTS TAB OR WRITE IN PARTS USED:
","INCLUDES ALL 500 HR TASKS
REPLACE AIR FILTERS
CHECK FLUIDS
INSPECT COOLING SYSTEM
CHECK DIFFERENTIALS & DRIVELINE
INSPECT BOOM WEAR PADS
INSPECT FORKS & CARRIAGE
CHECK BATTERY & ELECTRICAL
VERIFY LIGHTS, ALARMS & SAFETIES
",1288,NULL,40,NULL,47954,2617,c4fead64-dcbd-48fc-8d80-6b45ce209a99
35017,52964,"2026-07-30 16:03:07",1,0,1,"2000 HR SERVICE (TELEHANDLER FORKLIFT)",2000,NULL,NULL,NULL,NULL,NULL,NULL,NULL,NULL,"SEE EQUIPMENT DETAILS - PARTS TAB OR WRITE IN PARTS USED:
","INCLUDES ALL 1000 HR TASKS
SAMPLE HYDRAULIC OIL
SAMPLE TRANSMISSION OIL
CHANGE AXLES OILS
REPLACE COOLANT
REPLACE ALL FILTERS
INSPECT BOOM STRUCTURE
INSPECT PINS & BUSHINGS
INSPECT DRIVESHAFTS
CHECK SAFETY FUNCTIONS",1288,NULL,40,NULL,47955,2661,078fdc86-1b4f-47ec-8f0c-82b188aa0cd1
35055,52964,"2026-07-30 16:04:18",1,0,1,"500 HR SERVICE (TELEHANDLER FORKLIFT)",500,NULL,NULL,NULL,NULL,NULL,NULL,NULL,NULL,"SEE EQUIPMENT DETAILS - PARTS TAB OR WRITE IN PARTS USED:
","CHANGE ENGINE OIL & FILTER
REPLACE FUEL FILTER
REPLACE AIR FILTERS
REPLACE HYD RETURN FILTER
GREASE MACHINE
CHECK AXLE OILS
INSPECT BRAKES
INSPECT STEERING
CHECK BOOM PADS & CHANGES
INSPECT HOSES & CYLINDERS
FUNCTION & SAFETY CHECK (HORN, BACKUP ALARM, LIGHTS)
",1288,NULL,40,NULL,47956,2730,087b457e-3c28-4c56-b31c-f3463926c665
34521,52965,"2026-07-29 19:24:59",1,0,1,"1000 HR SERVICE (AERIAL BOOM LIFT)",1000,NULL,NULL,NULL,NULL,NULL,NULL,NULL,NULL,"SEE EQUIPMENT DETAILS - PARTS TAB OR WRITE IN PARTS USED:
","INCLUDES ALL 500 HR TASKS
CHECK BASKET CONTROLS/PERFORM FUNCTION TEST
INSPECT CYLINDERS
INSPECT BOOM STRUCTURE",16222,NULL,40,NULL,NULL,2771,33452c9c-e9ef-4461-9e6a-b9b20b2d109a
34532,52965,"2026-07-29 19:25:30",1,0,1,"2000 HR SERVICE (AERIAL BOOM LIFT)",2000,NULL,NULL,NULL,NULL,NULL,NULL,NULL,NULL,"SEE EQUIPMENT DETAILS - PARTS TAB OR WRITE IN PARTS USED:
","INCLUDES ALL 1000 HR TASKS
SAMPLE HYDRAULIC OIL
REPLACE COOLANT
",16222,NULL,40,NULL,NULL,2773,eb1a1539-12fc-4fa5-9d97-b21ee59753f9
34543,52965,"2026-07-29 19:25:57",1,0,1,"500 HR SERVICE (AERIAL BOOM LIFT)",500,NULL,NULL,NULL,NULL,NULL,NULL,NULL,NULL,"SEE EQUIPMENT DETAILS - PARTS TAB OR WRITE IN PARTS USED:
","CHANGE ENGINE OIL & FILTER
CHANGE FUEL FILTERS
CHANGE AIR FILTERS
CHANGE HYD FILTERS
CHECK BOOM FUNCTIONS
INSPECT PLATFORM CONTROLS
INSPECT SAFETY DEVICES",16222,NULL,40,NULL,48393,2772,d36cb0b7-a844-4ead-9ced-c77cb9755441
34525,52969,"2026-07-29 19:25:02",1,0,1,"1000 HR SERVICE (AERIAL BOOM LIFT)",1000,NULL,NULL,NULL,NULL,NULL,NULL,NULL,NULL,"SEE EQUIPMENT DETAILS - PARTS TAB OR WRITE IN PARTS USED:
","INCLUDES ALL 500 HR TASKS
CHECK BASKET CONTROLS/PERFORM FUNCTION TEST
INSPECT CYLINDERS
INSPECT BOOM STRUCTURE",16222,NULL,40,NULL,48247,2771,99364e2e-8cda-469e-af4a-12685a886771
34536,52969,"2026-07-29 19:25:32",1,0,1,"2000 HR SERVICE (AERIAL BOOM LIFT)",2000,NULL,NULL,NULL,NULL,NULL,NULL,NULL,NULL,"SEE EQUIPMENT DETAILS - PARTS TAB OR WRITE IN PARTS USED:
","INCLUDES ALL 1000 HR TASKS
SAMPLE HYDRAULIC OIL
REPLACE COOLANT
",16222,NULL,40,NULL,NULL,2773,a3437e91-db54-4d9c-9572-09c76829cec3
34547,52969,"2026-07-29 19:25:59",1,0,1,"500 HR SERVICE (AERIAL BOOM LIFT)",500,NULL,NULL,NULL,NULL,NULL,NULL,NULL,NULL,"SEE EQUIPMENT DETAILS - PARTS TAB OR WRITE IN PARTS USED:
","CHANGE ENGINE OIL & FILTER
CHANGE FUEL FILTERS
CHANGE AIR FILTERS
CHANGE HYD FILTERS
CHECK BOOM FUNCTIONS
INSPECT PLATFORM CONTROLS
INSPECT SAFETY DEVICES",16222,NULL,40,NULL,48248,2772,56494ba1-7ff9-4909-8ee0-fd1c34aad4ed
35991,52970,"2026-07-31 16:02:20",1,0,1,"200 HR SERVICE (UTV)",200,NULL,NULL,NULL,NULL,NULL,NULL,NULL,NULL,"SEE EQUIPMENT DETAILS - PARTS TAB OR WRITE IN PARTS USED:

",">CHANGE ENGINE OIL & FILTER   
>REPLACE AIR FILTER 
>CHANGE FUEL FILTERS
>CHANGE TRANSMISSION FLUID
>CHANGE FRONT GEARCASE FLUID   

INSPECT BATTERY TERMINALS   
BRAKE SYSTEM - INSPECT FLUID LEVEL/BRAKE PAD WEAR   
COOLING SYSTEM - INSPECT FLUID LEVEL/PRESSURE TEST YEARLY   
DIRVE BELT - INSPECT/CLEAN/REPLACE AS NEEDED   
FUEL SYSTEM* - CYCLE KEY TO PRESSURIZE FUEL PUMP/CHECK LEAKS   
GENERAL LUBRICATION - ALL FITTINGS & GREASE   
CLEAN RADIATOR OF DEBRIS/INSPECT FOR DAMAGE   
INSPECT SHIFT CABLE/LINKAGE   
SHOCKS - INSPECT SEALS & BUSHINGS; REPLACE AS NEEDED   
SPARK PLUG - REPLACE AS NEEDED   
STEERING COMPONENTS - INSPECT TIE RODS/RACK/BOOTS   
SUSPENSION SYSTEM* INSPECT TIE RODS/WHEEL BEARINGS/BUSHINGS   
THROTTLE BODY/AIR INTAKE DUCTS/FLANGES - INSPECT FOR LEAKS   
INSPECT TIRES FOR DAMAGE/DRY ROT/TREAD   
VALVE CLEARANCE* INSPECT/ADJUST AS NEEDED
WIRING - INSPECT FOR WEAR/ROUTING/RETENTION   
CLUTCHES* INSPECT BUSHINGS, ROLLERS, WEARABLE PARTS   
SPARK ARRESTOR - INSPECT/CLEAN OUT   
",1288,NULL,10,NULL,47957,2627,426a36bb-3bc0-49e3-ab0a-54dcb70b0933
34985,52973,"2026-07-30 16:01:48",1,0,1,"1000 HR SERVICE (TELEHANDLER FORKLIFT)",1000,NULL,NULL,NULL,NULL,NULL,NULL,NULL,NULL,"SEE EQUIPMENT DETAILS - PARTS TAB OR WRITE IN PARTS USED:
","INCLUDES ALL 500 HR TASKS
REPLACE AIR FILTERS
CHECK FLUIDS
INSPECT COOLING SYSTEM
CHECK DIFFERENTIALS & DRIVELINE
INSPECT BOOM WEAR PADS
INSPECT FORKS & CARRIAGE
CHECK BATTERY & ELECTRICAL
VERIFY LIGHTS, ALARMS & SAFETIES
",1288,NULL,40,NULL,NULL,2617,52b83f7f-b8cf-4b3d-9223-9b2353bd6cd9
34992,52973,"2026-07-30 16:02:38",1,0,1,"2000 HR SERVICE (TELEHANDLER FORKLIFT)",2000,NULL,NULL,NULL,NULL,NULL,NULL,NULL,NULL,"SEE EQUIPMENT DETAILS - PARTS TAB OR WRITE IN PARTS USED:
","INCLUDES ALL 1000 HR TASKS
SAMPLE HYDRAULIC OIL
SAMPLE TRANSMISSION OIL
CHANGE AXLES OILS
REPLACE COOLANT
REPLACE ALL FILTERS
INSPECT BOOM STRUCTURE
INSPECT PINS & BUSHINGS
INSPECT DRIVESHAFTS
CHECK SAFETY FUNCTIONS",1288,NULL,40,NULL,NULL,2661,f1a09a02-b5ba-4bdf-83ea-14f7310a36b5
35031,52973,"2026-07-30 16:03:44",1,0,1,"500 HR SERVICE (TELEHANDLER FORKLIFT)",500,NULL,NULL,NULL,NULL,NULL,NULL,NULL,NULL,"SEE EQUIPMENT DETAILS - PARTS TAB OR WRITE IN PARTS USED:
","CHANGE ENGINE OIL & FILTER
REPLACE FUEL FILTER
REPLACE AIR FILTERS
REPLACE HYD RETURN FILTER
GREASE MACHINE
CHECK AXLE OILS
INSPECT BRAKES
INSPECT STEERING
CHECK BOOM PADS & CHANGES
INSPECT HOSES & CYLINDERS
FUNCTION & SAFETY CHECK (HORN, BACKUP ALARM, LIGHTS)
",1288,NULL,40,NULL,48395,2730,a29c9a82-e8ac-4a50-a610-bf45a640ce0a
34524,52974,"2026-07-29 19:25:01",1,0,1,"1000 HR SERVICE (AERIAL BOOM LIFT)",1000,NULL,NULL,NULL,NULL,NULL,NULL,NULL,NULL,"SEE EQUIPMENT DETAILS - PARTS TAB OR WRITE IN PARTS USED:
","INCLUDES ALL 500 HR TASKS
CHECK BASKET CONTROLS/PERFORM FUNCTION TEST
INSPECT CYLINDERS
INSPECT BOOM STRUCTURE",16222,NULL,40,NULL,48213,2771,29d91e62-e15f-4c7f-8c18-c80e666bda73
34535,52974,"2026-07-29 19:25:32",1,0,1,"2000 HR SERVICE (AERIAL BOOM LIFT)",2000,NULL,NULL,NULL,NULL,NULL,NULL,NULL,NULL,"SEE EQUIPMENT DETAILS - PARTS TAB OR WRITE IN PARTS USED:
","INCLUDES ALL 1000 HR TASKS
SAMPLE HYDRAULIC OIL
REPLACE COOLANT
",16222,NULL,40,NULL,NULL,2773,4f2dc0cd-e0d1-47e8-b8e2-f81219617b59
34546,52974,"2026-07-29 19:25:59",1,0,1,"500 HR SERVICE (AERIAL BOOM LIFT)",500,NULL,NULL,NULL,NULL,NULL,NULL,NULL,NULL,"SEE EQUIPMENT DETAILS - PARTS TAB OR WRITE IN PARTS USED:
","CHANGE ENGINE OIL & FILTER
CHANGE FUEL FILTERS
CHANGE AIR FILTERS
CHANGE HYD FILTERS
CHECK BOOM FUNCTIONS
INSPECT PLATFORM CONTROLS
INSPECT SAFETY DEVICES",16222,NULL,40,NULL,48215,2772,643d16ae-9e97-44ff-8a19-f33f57ff868f
34929,52977,"2026-07-30 15:56:26",1,0,1,"1000 HR SERVICE (INDUSTRIAL FORKLIFT)",1000,NULL,NULL,NULL,NULL,NULL,NULL,NULL,NULL,"SEE EQUIPMENT DETAILS - PARTS TAB OR WRITE IN PARTS USED:
","INCLUDES ALL 500 HR TASKS
REPLACE HYD FILTER
REPLACE FUEL FILTERS(S)
REPLACE OR INSPECT AIR FILTER
INSPECT TRANSMISSION CONDITION
CHECK WHEEL BEARINGS
",1288,NULL,40,NULL,47951,2597,879dd145-1a5f-46a5-9c8b-9472dc944d02
34943,52977,"2026-07-30 15:59:06",1,0,1,"2000 HR SERVICE (INDUSTRIAL FORKLIFT)",2000,NULL,NULL,NULL,NULL,NULL,NULL,NULL,NULL,"SEE EQUIPMENT DETAILS - PARTS TAB OR WRITE IN PARTS USED:
","INCLUDES ALL 1000 HR TASKS
SAMPLE HYDRAULIC OIL
FLUSH/REPLACE COOLANT AS NEEDED
CHANGE TRANSMISSION OIL
CHANGE DIFFERENTIAL/DRIVE AXLE OIL",1288,NULL,40,NULL,47953,2644,a714c79b-d747-4817-a303-9bae943cc2e9
34951,52977,"2026-07-30 15:59:42",1,0,1,"500 HR SERVICE (INDUSTRIAL FORKLIFT)",500,NULL,NULL,NULL,NULL,NULL,NULL,NULL,NULL,"SEE EQUIPMENT DETAILS - PARTS TAB OR WRITE IN PARTS USED:
","CHANGE ENGINE OIL & FILTER
CHANGE FUEL FILTERS
CHANGE AIR FILTERS
CHECK HYDRAULIC OIL
CHECK BRAKE FLUID
TEST HORN, LIGHTS, BACKUP ALARM, AND SAFETY DEVICES
CLEAN BATTERY TERMINALS
INSPECT BELTS, HOSES, AND CLAMPS
LUBRICATE MAST RAILS AND ROLLERS
INSPECT FORKS
INSPECT CARRIAGE
CHECK BRAKES
GREASE

",1288,NULL,40,NULL,47952,2709,559a0ff0-836f-4cb6-ba1c-48a07b61f853
34974,52980,"2026-07-30 16:01:06",1,0,1,"1000 HR SERVICE (TELEHANDLER FORKLIFT)",1000,NULL,NULL,NULL,NULL,NULL,NULL,NULL,NULL,"SEE EQUIPMENT DETAILS - PARTS TAB OR WRITE IN PARTS USED:
","INCLUDES ALL 500 HR TASKS
REPLACE AIR FILTERS
CHECK FLUIDS
INSPECT COOLING SYSTEM
CHECK DIFFERENTIALS & DRIVELINE
INSPECT BOOM WEAR PADS
INSPECT FORKS & CARRIAGE
CHECK BATTERY & ELECTRICAL
VERIFY LIGHTS, ALARMS & SAFETIES
",1288,NULL,40,NULL,47958,2617,27494347-6c51-4c53-be47-f0952710cb89
35018,52980,"2026-07-30 16:03:07",1,0,1,"2000 HR SERVICE (TELEHANDLER FORKLIFT)",2000,NULL,NULL,NULL,NULL,NULL,NULL,NULL,NULL,"SEE EQUIPMENT DETAILS - PARTS TAB OR WRITE IN PARTS USED:
","INCLUDES ALL 1000 HR TASKS
SAMPLE HYDRAULIC OIL
SAMPLE TRANSMISSION OIL
CHANGE AXLES OILS
REPLACE COOLANT
REPLACE ALL FILTERS
INSPECT BOOM STRUCTURE
INSPECT PINS & BUSHINGS
INSPECT DRIVESHAFTS
CHECK SAFETY FUNCTIONS",1288,NULL,40,NULL,47959,2661,57d7ccdf-a393-485e-93f3-e0bd7e440da7
35056,52980,"2026-07-30 16:04:19",1,0,1,"500 HR SERVICE (TELEHANDLER FORKLIFT)",500,NULL,NULL,NULL,NULL,NULL,NULL,NULL,NULL,"SEE EQUIPMENT DETAILS - PARTS TAB OR WRITE IN PARTS USED:
","CHANGE ENGINE OIL & FILTER
REPLACE FUEL FILTER
REPLACE AIR FILTERS
REPLACE HYD RETURN FILTER
GREASE MACHINE
CHECK AXLE OILS
INSPECT BRAKES
INSPECT STEERING
CHECK BOOM PADS & CHANGES
INSPECT HOSES & CYLINDERS
FUNCTION & SAFETY CHECK (HORN, BACKUP ALARM, LIGHTS)
",1288,NULL,40,NULL,47960,2730,74b2db23-c181-425e-81d8-b14ee1bbd309
34520,52982,"2026-07-29 19:24:59",1,0,1,"1000 HR SERVICE (AERIAL BOOM LIFT)",1000,NULL,NULL,NULL,NULL,NULL,NULL,NULL,NULL,"SEE EQUIPMENT DETAILS - PARTS TAB OR WRITE IN PARTS USED:
","INCLUDES ALL 500 HR TASKS
CHECK BASKET CONTROLS/PERFORM FUNCTION TEST
INSPECT CYLINDERS
INSPECT BOOM STRUCTURE",16222,NULL,40,NULL,NULL,2771,ac5796c3-dea9-402e-9316-9659b393a773
34531,52982,"2026-07-29 19:25:30",1,0,1,"2000 HR SERVICE (AERIAL BOOM LIFT)",2000,NULL,NULL,NULL,NULL,NULL,NULL,NULL,NULL,"SEE EQUIPMENT DETAILS - PARTS TAB OR WRITE IN PARTS USED:
","INCLUDES ALL 1000 HR TASKS
SAMPLE HYDRAULIC OIL
REPLACE COOLANT
",16222,NULL,40,NULL,NULL,2773,d2e7cf7c-0bdd-41a5-b606-edc1f9c5654d
34542,52982,"2026-07-29 19:25:56",1,0,1,"500 HR SERVICE (AERIAL BOOM LIFT)",500,NULL,NULL,NULL,NULL,NULL,NULL,NULL,NULL,"SEE EQUIPMENT DETAILS - PARTS TAB OR WRITE IN PARTS USED:
","CHANGE ENGINE OIL & FILTER
CHANGE FUEL FILTERS
CHANGE AIR FILTERS
CHANGE HYD FILTERS
CHECK BOOM FUNCTIONS
INSPECT PLATFORM CONTROLS
INSPECT SAFETY DEVICES",16222,NULL,40,NULL,48394,2772,5ee9239e-651c-4f56-b944-01a610d84bc7
34523,52983,"2026-07-29 19:25:01",1,0,1,"1000 HR SERVICE (AERIAL BOOM LIFT)",1000,NULL,NULL,NULL,NULL,NULL,NULL,NULL,NULL,"SEE EQUIPMENT DETAILS - PARTS TAB OR WRITE IN PARTS USED:
","INCLUDES ALL 500 HR TASKS
CHECK BASKET CONTROLS/PERFORM FUNCTION TEST
INSPECT CYLINDERS
INSPECT BOOM STRUCTURE",16222,NULL,40,NULL,48211,2771,0d22d4c5-e3a8-42b5-b69e-63db77528d5e
34534,52983,"2026-07-29 19:25:31",1,0,1,"2000 HR SERVICE (AERIAL BOOM LIFT)",2000,NULL,NULL,NULL,NULL,NULL,NULL,NULL,NULL,"SEE EQUIPMENT DETAILS - PARTS TAB OR WRITE IN PARTS USED:
","INCLUDES ALL 1000 HR TASKS
SAMPLE HYDRAULIC OIL
REPLACE COOLANT
",16222,NULL,40,NULL,NULL,2773,fe084601-c59f-4717-8d87-e449c49611bf
34545,52983,"2026-07-29 19:25:58",1,0,1,"500 HR SERVICE (AERIAL BOOM LIFT)",500,NULL,NULL,NULL,NULL,NULL,NULL,NULL,NULL,"SEE EQUIPMENT DETAILS - PARTS TAB OR WRITE IN PARTS USED:
","CHANGE ENGINE OIL & FILTER
CHANGE FUEL FILTERS
CHANGE AIR FILTERS
CHANGE HYD FILTERS
CHECK BOOM FUNCTIONS
INSPECT PLATFORM CONTROLS
INSPECT SAFETY DEVICES",16222,NULL,40,NULL,48212,2772,50bf04b2-3cbc-4c5f-9fb7-b81973a34628
34987,52989,"2026-07-30 16:01:49",1,0,1,"1000 HR SERVICE (TELEHANDLER FORKLIFT)",1000,NULL,NULL,NULL,NULL,NULL,NULL,NULL,NULL,"SEE EQUIPMENT DETAILS - PARTS TAB OR WRITE IN PARTS USED:
","INCLUDES ALL 500 HR TASKS
REPLACE AIR FILTERS
CHECK FLUIDS
INSPECT COOLING SYSTEM
CHECK DIFFERENTIALS & DRIVELINE
INSPECT BOOM WEAR PADS
INSPECT FORKS & CARRIAGE
CHECK BATTERY & ELECTRICAL
VERIFY LIGHTS, ALARMS & SAFETIES
",1288,NULL,40,NULL,47965,2617,17c4d97f-1198-4fdc-9268-132e9503e7fe
34994,52989,"2026-07-30 16:02:39",1,0,1,"2000 HR SERVICE (TELEHANDLER FORKLIFT)",2000,NULL,NULL,NULL,NULL,NULL,NULL,NULL,NULL,"SEE EQUIPMENT DETAILS - PARTS TAB OR WRITE IN PARTS USED:
","INCLUDES ALL 1000 HR TASKS
SAMPLE HYDRAULIC OIL
SAMPLE TRANSMISSION OIL
CHANGE AXLES OILS
REPLACE COOLANT
REPLACE ALL FILTERS
INSPECT BOOM STRUCTURE
INSPECT PINS & BUSHINGS
INSPECT DRIVESHAFTS
CHECK SAFETY FUNCTIONS",1288,NULL,40,NULL,NULL,2661,71583631-786e-4af7-b570-67fbeefb46dc
35033,52989,"2026-07-30 16:03:45",1,0,1,"500 HR SERVICE (TELEHANDLER FORKLIFT)",500,NULL,NULL,NULL,NULL,NULL,NULL,NULL,NULL,"SEE EQUIPMENT DETAILS - PARTS TAB OR WRITE IN PARTS USED:
","CHANGE ENGINE OIL & FILTER
REPLACE FUEL FILTER
REPLACE AIR FILTERS
REPLACE HYD RETURN FILTER
GREASE MACHINE
CHECK AXLE OILS
INSPECT BRAKES
INSPECT STEERING
CHECK BOOM PADS & CHANGES
INSPECT HOSES & CYLINDERS
FUNCTION & SAFETY CHECK (HORN, BACKUP ALARM, LIGHTS)
",1288,NULL,40,NULL,47967,2730,2720fd8a-2d67-46e0-8cf4-34340c7fd041
34522,52991,"2026-07-29 19:25:00",1,0,1,"1000 HR SERVICE (AERIAL BOOM LIFT)",1000,NULL,NULL,NULL,NULL,NULL,NULL,NULL,NULL,"SEE EQUIPMENT DETAILS - PARTS TAB OR WRITE IN PARTS USED:
","INCLUDES ALL 500 HR TASKS
CHECK BASKET CONTROLS/PERFORM FUNCTION TEST
INSPECT CYLINDERS
INSPECT BOOM STRUCTURE",16222,NULL,40,NULL,48391,2771,d190f6b7-3622-4e26-936a-ed900766f596
34533,52991,"2026-07-29 19:25:31",1,0,1,"2000 HR SERVICE (AERIAL BOOM LIFT)",2000,NULL,NULL,NULL,NULL,NULL,NULL,NULL,NULL,"SEE EQUIPMENT DETAILS - PARTS TAB OR WRITE IN PARTS USED:
","INCLUDES ALL 1000 HR TASKS
SAMPLE HYDRAULIC OIL
REPLACE COOLANT
",16222,NULL,40,NULL,NULL,2773,c98c89ee-46c5-436e-a62b-c17c4f0de1c3
34544,52991,"2026-07-29 19:25:57",1,0,1,"500 HR SERVICE (AERIAL BOOM LIFT)",500,NULL,NULL,NULL,NULL,NULL,NULL,NULL,NULL,"SEE EQUIPMENT DETAILS - PARTS TAB OR WRITE IN PARTS USED:
","CHANGE ENGINE OIL & FILTER
CHANGE FUEL FILTERS
CHANGE AIR FILTERS
CHANGE HYD FILTERS
CHECK BOOM FUNCTIONS
INSPECT PLATFORM CONTROLS
INSPECT SAFETY DEVICES",16222,NULL,40,NULL,48392,2772,c13419b0-6629-42c7-8562-dfa3ef242e8f
34986,52992,"2026-07-30 16:01:49",1,0,1,"1000 HR SERVICE (TELEHANDLER FORKLIFT)",1000,NULL,NULL,NULL,NULL,NULL,NULL,NULL,NULL,"SEE EQUIPMENT DETAILS - PARTS TAB OR WRITE IN PARTS USED:
","INCLUDES ALL 500 HR TASKS
REPLACE AIR FILTERS
CHECK FLUIDS
INSPECT COOLING SYSTEM
CHECK DIFFERENTIALS & DRIVELINE
INSPECT BOOM WEAR PADS
INSPECT FORKS & CARRIAGE
CHECK BATTERY & ELECTRICAL
VERIFY LIGHTS, ALARMS & SAFETIES
",1288,NULL,40,NULL,47961,2617,95c3ee88-aee0-4360-bf12-5d80e61432e5
34993,52992,"2026-07-30 16:02:39",1,0,1,"2000 HR SERVICE (TELEHANDLER FORKLIFT)",2000,NULL,NULL,NULL,NULL,NULL,NULL,NULL,NULL,"SEE EQUIPMENT DETAILS - PARTS TAB OR WRITE IN PARTS USED:
","INCLUDES ALL 1000 HR TASKS
SAMPLE HYDRAULIC OIL
SAMPLE TRANSMISSION OIL
CHANGE AXLES OILS
REPLACE COOLANT
REPLACE ALL FILTERS
INSPECT BOOM STRUCTURE
INSPECT PINS & BUSHINGS
INSPECT DRIVESHAFTS
CHECK SAFETY FUNCTIONS",1288,NULL,40,NULL,47962,2661,7139e89e-9c50-45a1-9d45-a95cf188fded
35032,52992,"2026-07-30 16:03:44",1,0,1,"500 HR SERVICE (TELEHANDLER FORKLIFT)",500,NULL,NULL,NULL,NULL,NULL,NULL,NULL,NULL,"SEE EQUIPMENT DETAILS - PARTS TAB OR WRITE IN PARTS USED:
","CHANGE ENGINE OIL & FILTER
REPLACE FUEL FILTER
REPLACE AIR FILTERS
REPLACE HYD RETURN FILTER
GREASE MACHINE
CHECK AXLE OILS
INSPECT BRAKES
INSPECT STEERING
CHECK BOOM PADS & CHANGES
INSPECT HOSES & CYLINDERS
FUNCTION & SAFETY CHECK (HORN, BACKUP ALARM, LIGHTS)
",1288,NULL,40,NULL,47963,2730,fbe2aea0-14f7-402f-8479-b7f9b5efd7c5
35990,52993,"2026-07-31 16:02:20",1,0,1,"200 HR SERVICE (UTV)",200,NULL,NULL,NULL,NULL,NULL,NULL,NULL,NULL,"SEE EQUIPMENT DETAILS - PARTS TAB OR WRITE IN PARTS USED:

",">CHANGE ENGINE OIL & FILTER   
>REPLACE AIR FILTER 
>CHANGE FUEL FILTERS
>CHANGE TRANSMISSION FLUID
>CHANGE FRONT GEARCASE FLUID   

INSPECT BATTERY TERMINALS   
BRAKE SYSTEM - INSPECT FLUID LEVEL/BRAKE PAD WEAR   
COOLING SYSTEM - INSPECT FLUID LEVEL/PRESSURE TEST YEARLY   
DIRVE BELT - INSPECT/CLEAN/REPLACE AS NEEDED   
FUEL SYSTEM* - CYCLE KEY TO PRESSURIZE FUEL PUMP/CHECK LEAKS   
GENERAL LUBRICATION - ALL FITTINGS & GREASE   
CLEAN RADIATOR OF DEBRIS/INSPECT FOR DAMAGE   
INSPECT SHIFT CABLE/LINKAGE   
SHOCKS - INSPECT SEALS & BUSHINGS; REPLACE AS NEEDED   
SPARK PLUG - REPLACE AS NEEDED   
STEERING COMPONENTS - INSPECT TIE RODS/RACK/BOOTS   
SUSPENSION SYSTEM* INSPECT TIE RODS/WHEEL BEARINGS/BUSHINGS   
THROTTLE BODY/AIR INTAKE DUCTS/FLANGES - INSPECT FOR LEAKS   
INSPECT TIRES FOR DAMAGE/DRY ROT/TREAD   
VALVE CLEARANCE* INSPECT/ADJUST AS NEEDED
WIRING - INSPECT FOR WEAR/ROUTING/RETENTION   
CLUTCHES* INSPECT BUSHINGS, ROLLERS, WEARABLE PARTS   
SPARK ARRESTOR - INSPECT/CLEAN OUT   
",1288,NULL,10,NULL,47950,2627,6202246a-1f61-4729-9ad9-d3fb1ad69a6c
34975,52998,"2026-07-30 16:01:08",1,0,1,"1000 HR SERVICE (TELEHANDLER FORKLIFT)",1000,NULL,NULL,NULL,NULL,NULL,NULL,NULL,NULL,"SEE EQUIPMENT DETAILS - PARTS TAB OR WRITE IN PARTS USED:
","INCLUDES ALL 500 HR TASKS
REPLACE AIR FILTERS
CHECK FLUIDS
INSPECT COOLING SYSTEM
CHECK DIFFERENTIALS & DRIVELINE
INSPECT BOOM WEAR PADS
INSPECT FORKS & CARRIAGE
CHECK BATTERY & ELECTRICAL
VERIFY LIGHTS, ALARMS & SAFETIES
",1288,NULL,40,NULL,47969,2617,80770171-296e-4ecf-b3de-f61f273e77e3
35019,52998,"2026-07-30 16:03:09",1,0,1,"2000 HR SERVICE (TELEHANDLER FORKLIFT)",2000,NULL,NULL,NULL,NULL,NULL,NULL,NULL,NULL,"SEE EQUIPMENT DETAILS - PARTS TAB OR WRITE IN PARTS USED:
","INCLUDES ALL 1000 HR TASKS
SAMPLE HYDRAULIC OIL
SAMPLE TRANSMISSION OIL
CHANGE AXLES OILS
REPLACE COOLANT
REPLACE ALL FILTERS
INSPECT BOOM STRUCTURE
INSPECT PINS & BUSHINGS
INSPECT DRIVESHAFTS
CHECK SAFETY FUNCTIONS",1288,NULL,40,NULL,47970,2661,9b645ad1-923f-49d2-b8b1-caf628e49761
35057,52998,"2026-07-30 16:04:19",1,0,1,"500 HR SERVICE (TELEHANDLER FORKLIFT)",500,NULL,NULL,NULL,NULL,NULL,NULL,NULL,NULL,"SEE EQUIPMENT DETAILS - PARTS TAB OR WRITE IN PARTS USED:
","CHANGE ENGINE OIL & FILTER
REPLACE FUEL FILTER
REPLACE AIR FILTERS
REPLACE HYD RETURN FILTER
GREASE MACHINE
CHECK AXLE OILS
INSPECT BRAKES
INSPECT STEERING
CHECK BOOM PADS & CHANGES
INSPECT HOSES & CYLINDERS
FUNCTION & SAFETY CHECK (HORN, BACKUP ALARM, LIGHTS)
",1288,NULL,40,NULL,47968,2730,1d682dbb-cd62-4356-af95-34fe302d6201
35992,52999,"2026-07-31 16:02:21",1,0,1,"200 HR SERVICE (UTV)",200,NULL,NULL,NULL,NULL,NULL,NULL,NULL,NULL,"SEE EQUIPMENT DETAILS - PARTS TAB OR WRITE IN PARTS USED:

",">CHANGE ENGINE OIL & FILTER   
>REPLACE AIR FILTER 
>CHANGE FUEL FILTERS
>CHANGE TRANSMISSION FLUID
>CHANGE FRONT GEARCASE FLUID   

INSPECT BATTERY TERMINALS   
BRAKE SYSTEM - INSPECT FLUID LEVEL/BRAKE PAD WEAR   
COOLING SYSTEM - INSPECT FLUID LEVEL/PRESSURE TEST YEARLY   
DIRVE BELT - INSPECT/CLEAN/REPLACE AS NEEDED   
FUEL SYSTEM* - CYCLE KEY TO PRESSURIZE FUEL PUMP/CHECK LEAKS   
GENERAL LUBRICATION - ALL FITTINGS & GREASE   
CLEAN RADIATOR OF DEBRIS/INSPECT FOR DAMAGE   
INSPECT SHIFT CABLE/LINKAGE   
SHOCKS - INSPECT SEALS & BUSHINGS; REPLACE AS NEEDED   
SPARK PLUG - REPLACE AS NEEDED   
STEERING COMPONENTS - INSPECT TIE RODS/RACK/BOOTS   
SUSPENSION SYSTEM* INSPECT TIE RODS/WHEEL BEARINGS/BUSHINGS   
THROTTLE BODY/AIR INTAKE DUCTS/FLANGES - INSPECT FOR LEAKS   
INSPECT TIRES FOR DAMAGE/DRY ROT/TREAD   
VALVE CLEARANCE* INSPECT/ADJUST AS NEEDED
WIRING - INSPECT FOR WEAR/ROUTING/RETENTION   
CLUTCHES* INSPECT BUSHINGS, ROLLERS, WEARABLE PARTS   
SPARK ARRESTOR - INSPECT/CLEAN OUT   
",1288,NULL,10,NULL,48342,2627,f3787355-92df-4cf6-8c1e-2fcc913d81c4
34526,53000,"2026-07-29 19:25:02",1,0,1,"1000 HR SERVICE (AERIAL BOOM LIFT)",1000,NULL,NULL,NULL,NULL,NULL,NULL,NULL,NULL,"SEE EQUIPMENT DETAILS - PARTS TAB OR WRITE IN PARTS USED:
","INCLUDES ALL 500 HR TASKS
CHECK BASKET CONTROLS/PERFORM FUNCTION TEST
INSPECT CYLINDERS
INSPECT BOOM STRUCTURE",16222,NULL,40,NULL,48255,2771,f557a404-d2d3-481c-8ca6-fa3bba68e5ce
34537,53000,"2026-07-29 19:25:33",1,0,1,"2000 HR SERVICE (AERIAL BOOM LIFT)",2000,NULL,NULL,NULL,NULL,NULL,NULL,NULL,NULL,"SEE EQUIPMENT DETAILS - PARTS TAB OR WRITE IN PARTS USED:
","INCLUDES ALL 1000 HR TASKS
SAMPLE HYDRAULIC OIL
REPLACE COOLANT
",16222,NULL,40,NULL,NULL,2773,310b41c2-7e4d-47e0-8c6b-5239f5162b13
34548,53000,"2026-07-29 19:25:59",1,0,1,"500 HR SERVICE (AERIAL BOOM LIFT)",500,NULL,NULL,NULL,NULL,NULL,NULL,NULL,NULL,"SEE EQUIPMENT DETAILS - PARTS TAB OR WRITE IN PARTS USED:
","CHANGE ENGINE OIL & FILTER
CHANGE FUEL FILTERS
CHANGE AIR FILTERS
CHANGE HYD FILTERS
CHECK BOOM FUNCTIONS
INSPECT PLATFORM CONTROLS
INSPECT SAFETY DEVICES",16222,NULL,40,NULL,48256,2772,43e0a89b-0a00-41ab-bc28-d2c25026af69
35994,53001,"2026-07-31 16:02:21",1,0,1,"200 HR SERVICE (UTV)",200,NULL,NULL,NULL,NULL,NULL,NULL,NULL,NULL,"SEE EQUIPMENT DETAILS - PARTS TAB OR WRITE IN PARTS USED:

",">CHANGE ENGINE OIL & FILTER   
>REPLACE AIR FILTER 
>CHANGE FUEL FILTERS
>CHANGE TRANSMISSION FLUID
>CHANGE FRONT GEARCASE FLUID   

INSPECT BATTERY TERMINALS   
BRAKE SYSTEM - INSPECT FLUID LEVEL/BRAKE PAD WEAR   
COOLING SYSTEM - INSPECT FLUID LEVEL/PRESSURE TEST YEARLY   
DIRVE BELT - INSPECT/CLEAN/REPLACE AS NEEDED   
FUEL SYSTEM* - CYCLE KEY TO PRESSURIZE FUEL PUMP/CHECK LEAKS   
GENERAL LUBRICATION - ALL FITTINGS & GREASE   
CLEAN RADIATOR OF DEBRIS/INSPECT FOR DAMAGE   
INSPECT SHIFT CABLE/LINKAGE   
SHOCKS - INSPECT SEALS & BUSHINGS; REPLACE AS NEEDED   
SPARK PLUG - REPLACE AS NEEDED   
STEERING COMPONENTS - INSPECT TIE RODS/RACK/BOOTS   
SUSPENSION SYSTEM* INSPECT TIE RODS/WHEEL BEARINGS/BUSHINGS   
THROTTLE BODY/AIR INTAKE DUCTS/FLANGES - INSPECT FOR LEAKS   
INSPECT TIRES FOR DAMAGE/DRY ROT/TREAD   
VALVE CLEARANCE* INSPECT/ADJUST AS NEEDED
WIRING - INSPECT FOR WEAR/ROUTING/RETENTION   
CLUTCHES* INSPECT BUSHINGS, ROLLERS, WEARABLE PARTS   
SPARK ARRESTOR - INSPECT/CLEAN OUT   
",1288,NULL,10,NULL,48337,2627,d243dee4-7e3a-47df-88bc-727b286b55e2
35993,53005,"2026-07-31 16:02:21",1,0,1,"200 HR SERVICE (UTV)",200,NULL,NULL,NULL,NULL,NULL,NULL,NULL,NULL,"SEE EQUIPMENT DETAILS - PARTS TAB OR WRITE IN PARTS USED:

",">CHANGE ENGINE OIL & FILTER   
>REPLACE AIR FILTER 
>CHANGE FUEL FILTERS
>CHANGE TRANSMISSION FLUID
>CHANGE FRONT GEARCASE FLUID   

INSPECT BATTERY TERMINALS   
BRAKE SYSTEM - INSPECT FLUID LEVEL/BRAKE PAD WEAR   
COOLING SYSTEM - INSPECT FLUID LEVEL/PRESSURE TEST YEARLY   
DIRVE BELT - INSPECT/CLEAN/REPLACE AS NEEDED   
FUEL SYSTEM* - CYCLE KEY TO PRESSURIZE FUEL PUMP/CHECK LEAKS   
GENERAL LUBRICATION - ALL FITTINGS & GREASE   
CLEAN RADIATOR OF DEBRIS/INSPECT FOR DAMAGE   
INSPECT SHIFT CABLE/LINKAGE   
SHOCKS - INSPECT SEALS & BUSHINGS; REPLACE AS NEEDED   
SPARK PLUG - REPLACE AS NEEDED   
STEERING COMPONENTS - INSPECT TIE RODS/RACK/BOOTS   
SUSPENSION SYSTEM* INSPECT TIE RODS/WHEEL BEARINGS/BUSHINGS   
THROTTLE BODY/AIR INTAKE DUCTS/FLANGES - INSPECT FOR LEAKS   
INSPECT TIRES FOR DAMAGE/DRY ROT/TREAD   
VALVE CLEARANCE* INSPECT/ADJUST AS NEEDED
WIRING - INSPECT FOR WEAR/ROUTING/RETENTION   
CLUTCHES* INSPECT BUSHINGS, ROLLERS, WEARABLE PARTS   
SPARK ARRESTOR - INSPECT/CLEAN OUT   
",1288,NULL,10,NULL,47432,2627,7a59210b-ecb1-4c0a-8a85-cd11dc0e72a8
34978,53006,"2026-07-30 16:01:10",1,0,1,"1000 HR SERVICE (TELEHANDLER FORKLIFT)",1000,NULL,NULL,NULL,NULL,NULL,NULL,NULL,NULL,"SEE EQUIPMENT DETAILS - PARTS TAB OR WRITE IN PARTS USED:
","INCLUDES ALL 500 HR TASKS
REPLACE AIR FILTERS
CHECK FLUIDS
INSPECT COOLING SYSTEM
CHECK DIFFERENTIALS & DRIVELINE
INSPECT BOOM WEAR PADS
INSPECT FORKS & CARRIAGE
CHECK BATTERY & ELECTRICAL
VERIFY LIGHTS, ALARMS & SAFETIES
",1288,NULL,40,NULL,47977,2617,8696a0e1-e292-49d0-9898-8fb99d0b08df
35022,53006,"2026-07-30 16:03:11",1,0,1,"2000 HR SERVICE (TELEHANDLER FORKLIFT)",2000,NULL,NULL,NULL,NULL,NULL,NULL,NULL,NULL,"SEE EQUIPMENT DETAILS - PARTS TAB OR WRITE IN PARTS USED:
","INCLUDES ALL 1000 HR TASKS
SAMPLE HYDRAULIC OIL
SAMPLE TRANSMISSION OIL
CHANGE AXLES OILS
REPLACE COOLANT
REPLACE ALL FILTERS
INSPECT BOOM STRUCTURE
INSPECT PINS & BUSHINGS
INSPECT DRIVESHAFTS
CHECK SAFETY FUNCTIONS",1288,NULL,40,NULL,47978,2661,a9edc560-49e5-4262-89c4-b90616991835
35060,53006,"2026-07-30 16:04:21",1,0,1,"500 HR SERVICE (TELEHANDLER FORKLIFT)",500,NULL,NULL,NULL,NULL,NULL,NULL,NULL,NULL,"SEE EQUIPMENT DETAILS - PARTS TAB OR WRITE IN PARTS USED:
","CHANGE ENGINE OIL & FILTER
REPLACE FUEL FILTER
REPLACE AIR FILTERS
REPLACE HYD RETURN FILTER
GREASE MACHINE
CHECK AXLE OILS
INSPECT BRAKES
INSPECT STEERING
CHECK BOOM PADS & CHANGES
INSPECT HOSES & CYLINDERS
FUNCTION & SAFETY CHECK (HORN, BACKUP ALARM, LIGHTS)
",1288,NULL,40,NULL,47979,2730,c1efb467-6b37-415c-8bf4-191a400cb0ad
34979,53007,"2026-07-30 16:01:10",1,0,1,"1000 HR SERVICE (TELEHANDLER FORKLIFT)",1000,NULL,NULL,NULL,NULL,NULL,NULL,NULL,NULL,"SEE EQUIPMENT DETAILS - PARTS TAB OR WRITE IN PARTS USED:
","INCLUDES ALL 500 HR TASKS
REPLACE AIR FILTERS
CHECK FLUIDS
INSPECT COOLING SYSTEM
CHECK DIFFERENTIALS & DRIVELINE
INSPECT BOOM WEAR PADS
INSPECT FORKS & CARRIAGE
CHECK BATTERY & ELECTRICAL
VERIFY LIGHTS, ALARMS & SAFETIES
",1288,NULL,40,NULL,NULL,2617,194ab82f-ed56-4c78-9312-4e994bd01ff6
35023,53007,"2026-07-30 16:03:12",1,0,1,"2000 HR SERVICE (TELEHANDLER FORKLIFT)",2000,NULL,NULL,NULL,NULL,NULL,NULL,NULL,NULL,"SEE EQUIPMENT DETAILS - PARTS TAB OR WRITE IN PARTS USED:
","INCLUDES ALL 1000 HR TASKS
SAMPLE HYDRAULIC OIL
SAMPLE TRANSMISSION OIL
CHANGE AXLES OILS
REPLACE COOLANT
REPLACE ALL FILTERS
INSPECT BOOM STRUCTURE
INSPECT PINS & BUSHINGS
INSPECT DRIVESHAFTS
CHECK SAFETY FUNCTIONS",1288,NULL,40,NULL,NULL,2661,d0646e58-75d6-4d73-b485-ea135a29566e
35061,53007,"2026-07-30 16:04:22",1,0,1,"500 HR SERVICE (TELEHANDLER FORKLIFT)",500,NULL,NULL,NULL,NULL,NULL,NULL,NULL,NULL,"SEE EQUIPMENT DETAILS - PARTS TAB OR WRITE IN PARTS USED:
","CHANGE ENGINE OIL & FILTER
REPLACE FUEL FILTER
REPLACE AIR FILTERS
REPLACE HYD RETURN FILTER
GREASE MACHINE
CHECK AXLE OILS
INSPECT BRAKES
INSPECT STEERING
CHECK BOOM PADS & CHANGES
INSPECT HOSES & CYLINDERS
FUNCTION & SAFETY CHECK (HORN, BACKUP ALARM, LIGHTS)
",1288,NULL,40,NULL,47987,2730,5a9a0125-acb1-44c2-8906-6c5dfc54849b
34989,53009,"2026-07-30 16:01:50",1,0,1,"1000 HR SERVICE (TELEHANDLER FORKLIFT)",1000,NULL,NULL,NULL,NULL,NULL,NULL,NULL,NULL,"SEE EQUIPMENT DETAILS - PARTS TAB OR WRITE IN PARTS USED:
","INCLUDES ALL 500 HR TASKS
REPLACE AIR FILTERS
CHECK FLUIDS
INSPECT COOLING SYSTEM
CHECK DIFFERENTIALS & DRIVELINE
INSPECT BOOM WEAR PADS
INSPECT FORKS & CARRIAGE
CHECK BATTERY & ELECTRICAL
VERIFY LIGHTS, ALARMS & SAFETIES
",1288,NULL,40,NULL,47982,2617,a7649dbc-762b-4dd4-8472-6013cbc2f173
34996,53009,"2026-07-30 16:02:41",1,0,1,"2000 HR SERVICE (TELEHANDLER FORKLIFT)",2000,NULL,NULL,NULL,NULL,NULL,NULL,NULL,NULL,"SEE EQUIPMENT DETAILS - PARTS TAB OR WRITE IN PARTS USED:
","INCLUDES ALL 1000 HR TASKS
SAMPLE HYDRAULIC OIL
SAMPLE TRANSMISSION OIL
CHANGE AXLES OILS
REPLACE COOLANT
REPLACE ALL FILTERS
INSPECT BOOM STRUCTURE
INSPECT PINS & BUSHINGS
INSPECT DRIVESHAFTS
CHECK SAFETY FUNCTIONS",1288,NULL,40,NULL,NULL,2661,2be9f88b-017d-4c9b-9f3f-9bc879c3d2fd
35035,53009,"2026-07-30 16:03:46",1,0,1,"500 HR SERVICE (TELEHANDLER FORKLIFT)",500,NULL,NULL,NULL,NULL,NULL,NULL,NULL,NULL,"SEE EQUIPMENT DETAILS - PARTS TAB OR WRITE IN PARTS USED:
","CHANGE ENGINE OIL & FILTER
REPLACE FUEL FILTER
REPLACE AIR FILTERS
REPLACE HYD RETURN FILTER
GREASE MACHINE
CHECK AXLE OILS
INSPECT BRAKES
INSPECT STEERING
CHECK BOOM PADS & CHANGES
INSPECT HOSES & CYLINDERS
FUNCTION & SAFETY CHECK (HORN, BACKUP ALARM, LIGHTS)
",1288,NULL,40,NULL,47983,2730,754cd204-e79f-4323-a817-41869d066508
34977,53011,"2026-07-30 16:01:09",1,0,1,"1000 HR SERVICE (TELEHANDLER FORKLIFT)",1000,NULL,NULL,NULL,NULL,NULL,NULL,NULL,NULL,"SEE EQUIPMENT DETAILS - PARTS TAB OR WRITE IN PARTS USED:
","INCLUDES ALL 500 HR TASKS
REPLACE AIR FILTERS
CHECK FLUIDS
INSPECT COOLING SYSTEM
CHECK DIFFERENTIALS & DRIVELINE
INSPECT BOOM WEAR PADS
INSPECT FORKS & CARRIAGE
CHECK BATTERY & ELECTRICAL
VERIFY LIGHTS, ALARMS & SAFETIES
",1288,NULL,40,NULL,47974,2617,8c61fee8-8352-4c71-944c-16ec757c099c
35021,53011,"2026-07-30 16:03:10",1,0,1,"2000 HR SERVICE (TELEHANDLER FORKLIFT)",2000,NULL,NULL,NULL,NULL,NULL,NULL,NULL,NULL,"SEE EQUIPMENT DETAILS - PARTS TAB OR WRITE IN PARTS USED:
","INCLUDES ALL 1000 HR TASKS
SAMPLE HYDRAULIC OIL
SAMPLE TRANSMISSION OIL
CHANGE AXLES OILS
REPLACE COOLANT
REPLACE ALL FILTERS
INSPECT BOOM STRUCTURE
INSPECT PINS & BUSHINGS
INSPECT DRIVESHAFTS
CHECK SAFETY FUNCTIONS",1288,NULL,40,NULL,47975,2661,c59fbedd-8eb7-406d-97f1-3eaaa75705ff
35059,53011,"2026-07-30 16:04:20",1,0,1,"500 HR SERVICE (TELEHANDLER FORKLIFT)",500,NULL,NULL,NULL,NULL,NULL,NULL,NULL,NULL,"SEE EQUIPMENT DETAILS - PARTS TAB OR WRITE IN PARTS USED:
","CHANGE ENGINE OIL & FILTER
REPLACE FUEL FILTER
REPLACE AIR FILTERS
REPLACE HYD RETURN FILTER
GREASE MACHINE
CHECK AXLE OILS
INSPECT BRAKES
INSPECT STEERING
CHECK BOOM PADS & CHANGES
INSPECT HOSES & CYLINDERS
FUNCTION & SAFETY CHECK (HORN, BACKUP ALARM, LIGHTS)
",1288,NULL,40,NULL,47976,2730,ce7a3247-680b-4634-99fe-e5b91b15c429
34980,53014,"2026-07-30 16:01:11",1,0,1,"1000 HR SERVICE (TELEHANDLER FORKLIFT)",1000,NULL,NULL,NULL,NULL,NULL,NULL,NULL,NULL,"SEE EQUIPMENT DETAILS - PARTS TAB OR WRITE IN PARTS USED:
","INCLUDES ALL 500 HR TASKS
REPLACE AIR FILTERS
CHECK FLUIDS
INSPECT COOLING SYSTEM
CHECK DIFFERENTIALS & DRIVELINE
INSPECT BOOM WEAR PADS
INSPECT FORKS & CARRIAGE
CHECK BATTERY & ELECTRICAL
VERIFY LIGHTS, ALARMS & SAFETIES
",1288,NULL,40,NULL,NULL,2617,a7036a90-2ddb-4260-8c47-fe0197a4b0eb
35024,53014,"2026-07-30 16:03:13",1,0,1,"2000 HR SERVICE (TELEHANDLER FORKLIFT)",2000,NULL,NULL,NULL,NULL,NULL,NULL,NULL,NULL,"SEE EQUIPMENT DETAILS - PARTS TAB OR WRITE IN PARTS USED:
","INCLUDES ALL 1000 HR TASKS
SAMPLE HYDRAULIC OIL
SAMPLE TRANSMISSION OIL
CHANGE AXLES OILS
REPLACE COOLANT
REPLACE ALL FILTERS
INSPECT BOOM STRUCTURE
INSPECT PINS & BUSHINGS
INSPECT DRIVESHAFTS
CHECK SAFETY FUNCTIONS",1288,NULL,40,NULL,NULL,2661,f9815bcc-cdf6-41ab-9743-f5267cbfb922
35062,53014,"2026-07-30 16:04:22",1,0,1,"500 HR SERVICE (TELEHANDLER FORKLIFT)",500,NULL,NULL,NULL,NULL,NULL,NULL,NULL,NULL,"SEE EQUIPMENT DETAILS - PARTS TAB OR WRITE IN PARTS USED:
","CHANGE ENGINE OIL & FILTER
REPLACE FUEL FILTER
REPLACE AIR FILTERS
REPLACE HYD RETURN FILTER
GREASE MACHINE
CHECK AXLE OILS
INSPECT BRAKES
INSPECT STEERING
CHECK BOOM PADS & CHANGES
INSPECT HOSES & CYLINDERS
FUNCTION & SAFETY CHECK (HORN, BACKUP ALARM, LIGHTS)
",1288,NULL,40,NULL,48335,2730,f9d1badd-d1a6-4ff9-a03d-d5520424d599
35996,53018,"2026-07-31 16:02:35",1,0,1,"200 HR SERVICE (UTV)",200,NULL,NULL,NULL,NULL,NULL,NULL,NULL,NULL,"SEE EQUIPMENT DETAILS - PARTS TAB OR WRITE IN PARTS USED:

",">CHANGE ENGINE OIL & FILTER   
>REPLACE AIR FILTER 
>CHANGE FUEL FILTERS
>CHANGE TRANSMISSION FLUID
>CHANGE FRONT GEARCASE FLUID   

INSPECT BATTERY TERMINALS   
BRAKE SYSTEM - INSPECT FLUID LEVEL/BRAKE PAD WEAR   
COOLING SYSTEM - INSPECT FLUID LEVEL/PRESSURE TEST YEARLY   
DIRVE BELT - INSPECT/CLEAN/REPLACE AS NEEDED   
FUEL SYSTEM* - CYCLE KEY TO PRESSURIZE FUEL PUMP/CHECK LEAKS   
GENERAL LUBRICATION - ALL FITTINGS & GREASE   
CLEAN RADIATOR OF DEBRIS/INSPECT FOR DAMAGE   
INSPECT SHIFT CABLE/LINKAGE   
SHOCKS - INSPECT SEALS & BUSHINGS; REPLACE AS NEEDED   
SPARK PLUG - REPLACE AS NEEDED   
STEERING COMPONENTS - INSPECT TIE RODS/RACK/BOOTS   
SUSPENSION SYSTEM* INSPECT TIE RODS/WHEEL BEARINGS/BUSHINGS   
THROTTLE BODY/AIR INTAKE DUCTS/FLANGES - INSPECT FOR LEAKS   
INSPECT TIRES FOR DAMAGE/DRY ROT/TREAD   
VALVE CLEARANCE* INSPECT/ADJUST AS NEEDED
WIRING - INSPECT FOR WEAR/ROUTING/RETENTION   
CLUTCHES* INSPECT BUSHINGS, ROLLERS, WEARABLE PARTS   
SPARK ARRESTOR - INSPECT/CLEAN OUT   
",1288,NULL,10,NULL,48261,2627,4fa85627-914f-4875-ad97-86f7ead50523
34976,53019,"2026-07-30 16:01:08",1,0,1,"1000 HR SERVICE (TELEHANDLER FORKLIFT)",1000,NULL,NULL,NULL,NULL,NULL,NULL,NULL,NULL,"SEE EQUIPMENT DETAILS - PARTS TAB OR WRITE IN PARTS USED:
","INCLUDES ALL 500 HR TASKS
REPLACE AIR FILTERS
CHECK FLUIDS
INSPECT COOLING SYSTEM
CHECK DIFFERENTIALS & DRIVELINE
INSPECT BOOM WEAR PADS
INSPECT FORKS & CARRIAGE
CHECK BATTERY & ELECTRICAL
VERIFY LIGHTS, ALARMS & SAFETIES
",1288,NULL,40,NULL,47972,2617,2837125c-0a60-4507-8de3-8b848f3fde05
35020,53019,"2026-07-30 16:03:10",1,0,1,"2000 HR SERVICE (TELEHANDLER FORKLIFT)",2000,NULL,NULL,NULL,NULL,NULL,NULL,NULL,NULL,"SEE EQUIPMENT DETAILS - PARTS TAB OR WRITE IN PARTS USED:
","INCLUDES ALL 1000 HR TASKS
SAMPLE HYDRAULIC OIL
SAMPLE TRANSMISSION OIL
CHANGE AXLES OILS
REPLACE COOLANT
REPLACE ALL FILTERS
INSPECT BOOM STRUCTURE
INSPECT PINS & BUSHINGS
INSPECT DRIVESHAFTS
CHECK SAFETY FUNCTIONS",1288,NULL,40,NULL,47973,2661,44c74907-a51c-4ac7-aa10-74c0064678c1
35058,53019,"2026-07-30 16:04:20",1,0,1,"500 HR SERVICE (TELEHANDLER FORKLIFT)",500,NULL,NULL,NULL,NULL,NULL,NULL,NULL,NULL,"SEE EQUIPMENT DETAILS - PARTS TAB OR WRITE IN PARTS USED:
","CHANGE ENGINE OIL & FILTER
REPLACE FUEL FILTER
REPLACE AIR FILTERS
REPLACE HYD RETURN FILTER
GREASE MACHINE
CHECK AXLE OILS
INSPECT BRAKES
INSPECT STEERING
CHECK BOOM PADS & CHANGES
INSPECT HOSES & CYLINDERS
FUNCTION & SAFETY CHECK (HORN, BACKUP ALARM, LIGHTS)
",1288,NULL,40,NULL,47971,2730,eb372caa-d252-45f2-9769-509dd1339555
34930,53020,"2026-07-30 15:56:44",1,0,1,"1000 HR SERVICE (INDUSTRIAL FORKLIFT)",1000,NULL,NULL,NULL,NULL,NULL,NULL,NULL,NULL,"SEE EQUIPMENT DETAILS - PARTS TAB OR WRITE IN PARTS USED:
","INCLUDES ALL 500 HR TASKS
REPLACE HYD FILTER
REPLACE FUEL FILTERS(S)
REPLACE OR INSPECT AIR FILTER
INSPECT TRANSMISSION CONDITION
CHECK WHEEL BEARINGS
",1288,NULL,40,NULL,47985,2597,cb1797c0-0feb-4466-ae1c-29bfe161b93b
34935,53020,"2026-07-30 15:58:41",1,0,1,"2000 HR SERVICE (INDUSTRIAL FORKLIFT)",2000,NULL,NULL,NULL,NULL,NULL,NULL,NULL,NULL,"SEE EQUIPMENT DETAILS - PARTS TAB OR WRITE IN PARTS USED:
","INCLUDES ALL 1000 HR TASKS
SAMPLE HYDRAULIC OIL
FLUSH/REPLACE COOLANT AS NEEDED
CHANGE TRANSMISSION OIL
CHANGE DIFFERENTIAL/DRIVE AXLE OIL",1288,NULL,40,NULL,47986,2644,b330acc3-c9a2-483b-9e15-91bf114bdbc0
34947,53020,"2026-07-30 15:59:34",1,0,1,"500 HR SERVICE (INDUSTRIAL FORKLIFT)",500,NULL,NULL,NULL,NULL,NULL,NULL,NULL,NULL,"SEE EQUIPMENT DETAILS - PARTS TAB OR WRITE IN PARTS USED:
","CHANGE ENGINE OIL & FILTER
CHANGE FUEL FILTERS
CHANGE AIR FILTERS
CHECK HYDRAULIC OIL
CHECK BRAKE FLUID
TEST HORN, LIGHTS, BACKUP ALARM, AND SAFETY DEVICES
CLEAN BATTERY TERMINALS
INSPECT BELTS, HOSES, AND CLAMPS
LUBRICATE MAST RAILS AND ROLLERS
INSPECT FORKS
INSPECT CARRIAGE
CHECK BRAKES
GREASE

",1288,NULL,40,NULL,47984,2709,505d0acb-2025-44c8-9f4d-a6f7e58c33cd
35921,53021,"2026-07-31 15:46:57",1,0,1,"750 HR SERVICE (LIGHT PLANT/TOWER)",750,NULL,NULL,NULL,NULL,NULL,NULL,NULL,NULL,"SEE EQUIPMENT DETAILS - PARTS TAB OR WRITE IN PARTS USED:
","CHANGE ENGINE OIL & FILTER 
CHANGE AIR FILTER 
CHANGE FUEL FILTER 
BELT & BELT TENSION - INSPECT/ADJUST/REPLACE 
INSPECT BATTERY CONDITION 
RESET MAINTENANCE ALARM (REFERENCE PAGE 41 IN OPS MANUAL FOR CODE) FOR MLT65MD LIIGHT TOWERS 
",1288,NULL,40,NULL,47748,2750,531f9175-2e5f-4f45-8183-e70578c830d8
34527,53023,"2026-07-29 19:25:04",1,0,1,"1000 HR SERVICE (AERIAL BOOM LIFT)",1000,NULL,NULL,NULL,NULL,NULL,NULL,NULL,NULL,"SEE EQUIPMENT DETAILS - PARTS TAB OR WRITE IN PARTS USED:
","INCLUDES ALL 500 HR TASKS
CHECK BASKET CONTROLS/PERFORM FUNCTION TEST
INSPECT CYLINDERS
INSPECT BOOM STRUCTURE",16222,NULL,40,NULL,NULL,2771,1561f931-a9c2-46f0-b8be-4f121c52fcaf
34538,53023,"2026-07-29 19:25:38",1,0,1,"2000 HR SERVICE (AERIAL BOOM LIFT)",2000,NULL,NULL,NULL,NULL,NULL,NULL,NULL,NULL,"SEE EQUIPMENT DETAILS - PARTS TAB OR WRITE IN PARTS USED:
","INCLUDES ALL 1000 HR TASKS
SAMPLE HYDRAULIC OIL
REPLACE COOLANT
",16222,NULL,40,NULL,NULL,2773,e3f1272e-bc4c-4d4d-8867-3ff19dd202d6
34549,53023,"2026-07-29 19:26:01",1,0,1,"500 HR SERVICE (AERIAL BOOM LIFT)",500,NULL,NULL,NULL,NULL,NULL,NULL,NULL,NULL,"SEE EQUIPMENT DETAILS - PARTS TAB OR WRITE IN PARTS USED:
","CHANGE ENGINE OIL & FILTER
CHANGE FUEL FILTERS
CHANGE AIR FILTERS
CHANGE HYD FILTERS
CHECK BOOM FUNCTIONS
INSPECT PLATFORM CONTROLS
INSPECT SAFETY DEVICES",16222,NULL,40,NULL,48314,2772,4d7750b7-5c72-42d6-b828-4d80e836fcbe
34982,53024,"2026-07-30 16:01:12",1,0,1,"1000 HR SERVICE (TELEHANDLER FORKLIFT)",1000,NULL,NULL,NULL,NULL,NULL,NULL,NULL,NULL,"SEE EQUIPMENT DETAILS - PARTS TAB OR WRITE IN PARTS USED:
","INCLUDES ALL 500 HR TASKS
REPLACE AIR FILTERS
CHECK FLUIDS
INSPECT COOLING SYSTEM
CHECK DIFFERENTIALS & DRIVELINE
INSPECT BOOM WEAR PADS
INSPECT FORKS & CARRIAGE
CHECK BATTERY & ELECTRICAL
VERIFY LIGHTS, ALARMS & SAFETIES
",1288,NULL,40,NULL,NULL,2617,dbbea234-2eb9-4ed2-87c5-cdd8b39179fc
35026,53024,"2026-07-30 16:03:14",1,0,1,"2000 HR SERVICE (TELEHANDLER FORKLIFT)",2000,NULL,NULL,NULL,NULL,NULL,NULL,NULL,NULL,"SEE EQUIPMENT DETAILS - PARTS TAB OR WRITE IN PARTS USED:
","INCLUDES ALL 1000 HR TASKS
SAMPLE HYDRAULIC OIL
SAMPLE TRANSMISSION OIL
CHANGE AXLES OILS
REPLACE COOLANT
REPLACE ALL FILTERS
INSPECT BOOM STRUCTURE
INSPECT PINS & BUSHINGS
INSPECT DRIVESHAFTS
CHECK SAFETY FUNCTIONS",1288,NULL,40,NULL,NULL,2661,42dcf385-758c-431a-a43f-8c9151f4aadc
35064,53024,"2026-07-30 16:04:24",1,0,1,"500 HR SERVICE (TELEHANDLER FORKLIFT)",500,NULL,NULL,NULL,NULL,NULL,NULL,NULL,NULL,"SEE EQUIPMENT DETAILS - PARTS TAB OR WRITE IN PARTS USED:
","CHANGE ENGINE OIL & FILTER
REPLACE FUEL FILTER
REPLACE AIR FILTERS
REPLACE HYD RETURN FILTER
GREASE MACHINE
CHECK AXLE OILS
INSPECT BRAKES
INSPECT STEERING
CHECK BOOM PADS & CHANGES
INSPECT HOSES & CYLINDERS
FUNCTION & SAFETY CHECK (HORN, BACKUP ALARM, LIGHTS)
",1288,NULL,40,NULL,48320,2730,89d94e89-08ec-4a1b-82fe-6fd086bf723e
34981,53025,"2026-07-30 16:01:12",1,0,1,"1000 HR SERVICE (TELEHANDLER FORKLIFT)",1000,NULL,NULL,NULL,NULL,NULL,NULL,NULL,NULL,"SEE EQUIPMENT DETAILS - PARTS TAB OR WRITE IN PARTS USED:
","INCLUDES ALL 500 HR TASKS
REPLACE AIR FILTERS
CHECK FLUIDS
INSPECT COOLING SYSTEM
CHECK DIFFERENTIALS & DRIVELINE
INSPECT BOOM WEAR PADS
INSPECT FORKS & CARRIAGE
CHECK BATTERY & ELECTRICAL
VERIFY LIGHTS, ALARMS & SAFETIES
",1288,NULL,40,NULL,NULL,2617,0d2489a9-bd32-41f0-827a-cb0b75eabeb1
35025,53025,"2026-07-30 16:03:13",1,0,1,"2000 HR SERVICE (TELEHANDLER FORKLIFT)",2000,NULL,NULL,NULL,NULL,NULL,NULL,NULL,NULL,"SEE EQUIPMENT DETAILS - PARTS TAB OR WRITE IN PARTS USED:
","INCLUDES ALL 1000 HR TASKS
SAMPLE HYDRAULIC OIL
SAMPLE TRANSMISSION OIL
CHANGE AXLES OILS
REPLACE COOLANT
REPLACE ALL FILTERS
INSPECT BOOM STRUCTURE
INSPECT PINS & BUSHINGS
INSPECT DRIVESHAFTS
CHECK SAFETY FUNCTIONS",1288,NULL,40,NULL,NULL,2661,4ee8d9a2-a0b4-4cb4-82af-7c8458eaaefe
35063,53025,"2026-07-30 16:04:23",1,0,1,"500 HR SERVICE (TELEHANDLER FORKLIFT)",500,NULL,NULL,NULL,NULL,NULL,NULL,NULL,NULL,"SEE EQUIPMENT DETAILS - PARTS TAB OR WRITE IN PARTS USED:
","CHANGE ENGINE OIL & FILTER
REPLACE FUEL FILTER
REPLACE AIR FILTERS
REPLACE HYD RETURN FILTER
GREASE MACHINE
CHECK AXLE OILS
INSPECT BRAKES
INSPECT STEERING
CHECK BOOM PADS & CHANGES
INSPECT HOSES & CYLINDERS
FUNCTION & SAFETY CHECK (HORN, BACKUP ALARM, LIGHTS)
",1288,NULL,40,NULL,48322,2730,4ba6a5f8-95b3-4b29-80ce-e7c90861614f
35923,53027,"2026-07-31 15:47:00",1,0,1,"750 HR SERVICE (LIGHT PLANT/TOWER)",750,NULL,NULL,NULL,NULL,NULL,NULL,NULL,NULL,"SEE EQUIPMENT DETAILS - PARTS TAB OR WRITE IN PARTS USED:
","CHANGE ENGINE OIL & FILTER 
CHANGE AIR FILTER 
CHANGE FUEL FILTER 
BELT & BELT TENSION - INSPECT/ADJUST/REPLACE 
INSPECT BATTERY CONDITION 
RESET MAINTENANCE ALARM (REFERENCE PAGE 41 IN OPS MANUAL FOR CODE) FOR MLT65MD LIIGHT TOWERS 
",1288,NULL,40,NULL,47750,2750,41bb5b9e-204d-4f08-a3c2-a90751efb456
34519,53031,"2026-07-29 19:24:57",1,0,1,"1000 HR SERVICE (AERIAL BOOM LIFT)",1000,NULL,NULL,NULL,NULL,NULL,NULL,NULL,NULL,"SEE EQUIPMENT DETAILS - PARTS TAB OR WRITE IN PARTS USED:
","INCLUDES ALL 500 HR TASKS
CHECK BASKET CONTROLS/PERFORM FUNCTION TEST
INSPECT CYLINDERS
INSPECT BOOM STRUCTURE",16222,NULL,40,NULL,NULL,2771,44e70486-cbb5-48f0-ad7d-b1a5545c3de7
34530,53031,"2026-07-29 19:25:28",1,0,1,"2000 HR SERVICE (AERIAL BOOM LIFT)",2000,NULL,NULL,NULL,NULL,NULL,NULL,NULL,NULL,"SEE EQUIPMENT DETAILS - PARTS TAB OR WRITE IN PARTS USED:
","INCLUDES ALL 1000 HR TASKS
SAMPLE HYDRAULIC OIL
REPLACE COOLANT
",16222,NULL,40,NULL,NULL,2773,1e4d6d0d-32dc-4973-9544-2b1b19c7b0ab
34541,53031,"2026-07-29 19:25:55",1,0,1,"500 HR SERVICE (AERIAL BOOM LIFT)",500,NULL,NULL,NULL,NULL,NULL,NULL,NULL,NULL,"SEE EQUIPMENT DETAILS - PARTS TAB OR WRITE IN PARTS USED:
","CHANGE ENGINE OIL & FILTER
CHANGE FUEL FILTERS
CHANGE AIR FILTERS
CHANGE HYD FILTERS
CHECK BOOM FUNCTIONS
INSPECT PLATFORM CONTROLS
INSPECT SAFETY DEVICES",16222,NULL,40,NULL,NULL,2772,f9315ea9-f4a3-448e-b830-185cbada8658
34988,53032,"2026-07-30 16:01:50",1,0,1,"1000 HR SERVICE (TELEHANDLER FORKLIFT)",1000,NULL,NULL,NULL,NULL,NULL,NULL,NULL,NULL,"SEE EQUIPMENT DETAILS - PARTS TAB OR WRITE IN PARTS USED:
","INCLUDES ALL 500 HR TASKS
REPLACE AIR FILTERS
CHECK FLUIDS
INSPECT COOLING SYSTEM
CHECK DIFFERENTIALS & DRIVELINE
INSPECT BOOM WEAR PADS
INSPECT FORKS & CARRIAGE
CHECK BATTERY & ELECTRICAL
VERIFY LIGHTS, ALARMS & SAFETIES
",1288,NULL,40,NULL,47980,2617,9e41da06-8a3f-40e3-8d54-62b9147160f3
34995,53032,"2026-07-30 16:02:41",1,0,1,"2000 HR SERVICE (TELEHANDLER FORKLIFT)",2000,NULL,NULL,NULL,NULL,NULL,NULL,NULL,NULL,"SEE EQUIPMENT DETAILS - PARTS TAB OR WRITE IN PARTS USED:
","INCLUDES ALL 1000 HR TASKS
SAMPLE HYDRAULIC OIL
SAMPLE TRANSMISSION OIL
CHANGE AXLES OILS
REPLACE COOLANT
REPLACE ALL FILTERS
INSPECT BOOM STRUCTURE
INSPECT PINS & BUSHINGS
INSPECT DRIVESHAFTS
CHECK SAFETY FUNCTIONS",1288,NULL,40,NULL,NULL,2661,c1349f90-659c-412a-8e1d-6085f4a6d163
35034,53032,"2026-07-30 16:03:45",1,0,1,"500 HR SERVICE (TELEHANDLER FORKLIFT)",500,NULL,NULL,NULL,NULL,NULL,NULL,NULL,NULL,"SEE EQUIPMENT DETAILS - PARTS TAB OR WRITE IN PARTS USED:
","CHANGE ENGINE OIL & FILTER
REPLACE FUEL FILTER
REPLACE AIR FILTERS
REPLACE HYD RETURN FILTER
GREASE MACHINE
CHECK AXLE OILS
INSPECT BRAKES
INSPECT STEERING
CHECK BOOM PADS & CHANGES
INSPECT HOSES & CYLINDERS
FUNCTION & SAFETY CHECK (HORN, BACKUP ALARM, LIGHTS)
",1288,NULL,40,NULL,47981,2730,579b0dba-17fa-44db-ad2a-ec3087ed72c0
35924,53033,"2026-07-31 15:47:00",1,0,1,"750 HR SERVICE (LIGHT PLANT/TOWER)",750,NULL,NULL,NULL,NULL,NULL,NULL,NULL,NULL,"SEE EQUIPMENT DETAILS - PARTS TAB OR WRITE IN PARTS USED:
","CHANGE ENGINE OIL & FILTER 
CHANGE AIR FILTER 
CHANGE FUEL FILTER 
BELT & BELT TENSION - INSPECT/ADJUST/REPLACE 
INSPECT BATTERY CONDITION 
RESET MAINTENANCE ALARM (REFERENCE PAGE 41 IN OPS MANUAL FOR CODE) FOR MLT65MD LIIGHT TOWERS 
",1288,NULL,40,NULL,47751,2750,5722cbe4-3fa7-4a66-a22c-1b536e273d34
35926,53034,"2026-07-31 15:47:01",1,0,1,"750 HR SERVICE (LIGHT PLANT/TOWER)",750,NULL,NULL,NULL,NULL,NULL,NULL,NULL,NULL,"SEE EQUIPMENT DETAILS - PARTS TAB OR WRITE IN PARTS USED:
","CHANGE ENGINE OIL & FILTER 
CHANGE AIR FILTER 
CHANGE FUEL FILTER 
BELT & BELT TENSION - INSPECT/ADJUST/REPLACE 
INSPECT BATTERY CONDITION 
RESET MAINTENANCE ALARM (REFERENCE PAGE 41 IN OPS MANUAL FOR CODE) FOR MLT65MD LIIGHT TOWERS 
",1288,NULL,40,NULL,47753,2750,ed0366e7-b1a6-49b1-a8f0-e1449d293f3d
34983,53035,"2026-07-30 16:01:13",1,0,1,"1000 HR SERVICE (TELEHANDLER FORKLIFT)",1000,NULL,NULL,NULL,NULL,NULL,NULL,NULL,NULL,"SEE EQUIPMENT DETAILS - PARTS TAB OR WRITE IN PARTS USED:
","INCLUDES ALL 500 HR TASKS
REPLACE AIR FILTERS
CHECK FLUIDS
INSPECT COOLING SYSTEM
CHECK DIFFERENTIALS & DRIVELINE
INSPECT BOOM WEAR PADS
INSPECT FORKS & CARRIAGE
CHECK BATTERY & ELECTRICAL
VERIFY LIGHTS, ALARMS & SAFETIES
",1288,NULL,40,NULL,NULL,2617,bf8d4da6-ba5b-4ee2-af16-437dcb3454a4
35027,53035,"2026-07-30 16:03:15",1,0,1,"2000 HR SERVICE (TELEHANDLER FORKLIFT)",2000,NULL,NULL,NULL,NULL,NULL,NULL,NULL,NULL,"SEE EQUIPMENT DETAILS - PARTS TAB OR WRITE IN PARTS USED:
","INCLUDES ALL 1000 HR TASKS
SAMPLE HYDRAULIC OIL
SAMPLE TRANSMISSION OIL
CHANGE AXLES OILS
REPLACE COOLANT
REPLACE ALL FILTERS
INSPECT BOOM STRUCTURE
INSPECT PINS & BUSHINGS
INSPECT DRIVESHAFTS
CHECK SAFETY FUNCTIONS",1288,NULL,40,NULL,NULL,2661,190af740-55bc-488d-ad0b-2bb0e4460c79
35065,53035,"2026-07-30 16:04:24",1,0,1,"500 HR SERVICE (TELEHANDLER FORKLIFT)",500,NULL,NULL,NULL,NULL,NULL,NULL,NULL,NULL,"SEE EQUIPMENT DETAILS - PARTS TAB OR WRITE IN PARTS USED:
","CHANGE ENGINE OIL & FILTER
REPLACE FUEL FILTER
REPLACE AIR FILTERS
REPLACE HYD RETURN FILTER
GREASE MACHINE
CHECK AXLE OILS
INSPECT BRAKES
INSPECT STEERING
CHECK BOOM PADS & CHANGES
INSPECT HOSES & CYLINDERS
FUNCTION & SAFETY CHECK (HORN, BACKUP ALARM, LIGHTS)
",1288,NULL,40,NULL,NULL,2730,24891dde-c6bd-42b9-a5be-e4a48fcdcc86
37166,53035,"2026-08-17 23:20:53",4,0,1,"INITIAL 50 HR BREAK-IN SERVICE",NULL,NULL,NULL,NULL,NULL,NULL,NULL,50,NULL,"SEE EQUIPMENT DETAILS - PARTS TAB OR WRITE IN PARTS USED:
","INITIAL 50-HR BREAK-IN (OIL CHANGE) SERVICE",1288,NULL,5,NULL,NULL,2762,a952561e-6a80-4b6b-8977-56b5b49839f0
36711,53036,"2026-07-31 18:35:09",1,0,1,"500 HR SERVICE (GENERATOR)",500,NULL,NULL,NULL,NULL,NULL,NULL,NULL,NULL,"SEE EQUIPMENT DETAILS - PARTS TAB OR WRITE IN PARTS USED:
","CHANGE ENGINE OIL & FILTER
CHANGE FUEL FILTERS
CHANGE AIR FILTERS",1288,NULL,40,NULL,47754,2695,749674c3-2211-4d5f-a1ce-1244432b4467
34931,53037,"2026-07-30 15:56:45",1,0,1,"1000 HR SERVICE (INDUSTRIAL FORKLIFT)",1000,NULL,NULL,NULL,NULL,NULL,NULL,NULL,NULL,"SEE EQUIPMENT DETAILS - PARTS TAB OR WRITE IN PARTS USED:
","INCLUDES ALL 500 HR TASKS
REPLACE HYD FILTER
REPLACE FUEL FILTERS(S)
REPLACE OR INSPECT AIR FILTER
INSPECT TRANSMISSION CONDITION
CHECK WHEEL BEARINGS
",1288,NULL,40,NULL,NULL,2597,fbca7ad2-ac7e-4142-ad0e-6a7e4f80e623
34936,53037,"2026-07-30 15:58:42",1,0,1,"2000 HR SERVICE (INDUSTRIAL FORKLIFT)",2000,NULL,NULL,NULL,NULL,NULL,NULL,NULL,NULL,"SEE EQUIPMENT DETAILS - PARTS TAB OR WRITE IN PARTS USED:
","INCLUDES ALL 1000 HR TASKS
SAMPLE HYDRAULIC OIL
FLUSH/REPLACE COOLANT AS NEEDED
CHANGE TRANSMISSION OIL
CHANGE DIFFERENTIAL/DRIVE AXLE OIL",1288,NULL,40,NULL,NULL,2644,b8f292d9-1d7c-4733-82f2-b2542c01e98e
34948,53037,"2026-07-30 15:59:34",1,0,1,"500 HR SERVICE (INDUSTRIAL FORKLIFT)",500,NULL,NULL,NULL,NULL,NULL,NULL,NULL,NULL,"SEE EQUIPMENT DETAILS - PARTS TAB OR WRITE IN PARTS USED:
","CHANGE ENGINE OIL & FILTER
CHANGE FUEL FILTERS
CHANGE AIR FILTERS
CHECK HYDRAULIC OIL
CHECK BRAKE FLUID
TEST HORN, LIGHTS, BACKUP ALARM, AND SAFETY DEVICES
CLEAN BATTERY TERMINALS
INSPECT BELTS, HOSES, AND CLAMPS
LUBRICATE MAST RAILS AND ROLLERS
INSPECT FORKS
INSPECT CARRIAGE
CHECK BRAKES
GREASE

",1288,NULL,40,NULL,48319,2709,496c71d0-5f29-43a3-875e-34af3cdbf556
36712,53038,"2026-07-31 18:35:10",1,0,1,"500 HR SERVICE (GENERATOR)",500,NULL,NULL,NULL,NULL,NULL,NULL,NULL,NULL,"SEE EQUIPMENT DETAILS - PARTS TAB OR WRITE IN PARTS USED:
","CHANGE ENGINE OIL & FILTER
CHANGE FUEL FILTERS
CHANGE AIR FILTERS",1288,NULL,40,NULL,47755,2695,d02427fc-8af0-4d78-b873-b11725b2c3cc
36724,53039,"2026-07-31 18:36:46",1,1,0,"500 HR SERVICE (GROUND HEATER)",500,NULL,NULL,NULL,NULL,NULL,NULL,NULL,NULL,"SEE EQUIPMENT DETAILS - PARTS TAB OR WRITE IN PARTS USED:
","CHANGE ENGINE OIL & FILTER
CHANGE AIR FILTER
CHANGE FUEL FILTER
",1288,NULL,40,NULL,NULL,2697,320e4d9a-a131-4d43-93a9-a810db84186d
36784,53039,"2026-08-04 05:17:46",1,0,1,"500 HR SERVICE (GROUND HEATER)",500,NULL,NULL,NULL,NULL,NULL,NULL,NULL,NULL,"SEE EQUIPMENT DETAILS - PARTS TAB OR WRITE IN PARTS USED:
","CHANGE ENGINE OIL & FILTER
CHANGE AIR FILTER
CHANGE FUEL FILTER

*HOUR METER = GENSET & OIL
**ODOMETER METER = BURNER & PUMPS (WRITE IN NOTES)",1288,NULL,40,NULL,47806,2697,df807041-79b6-415a-9171-f92f24761b56
34984,53040,"2026-07-30 16:01:14",1,0,1,"1000 HR SERVICE (TELEHANDLER FORKLIFT)",1000,NULL,NULL,NULL,NULL,NULL,NULL,NULL,NULL,"SEE EQUIPMENT DETAILS - PARTS TAB OR WRITE IN PARTS USED:
","INCLUDES ALL 500 HR TASKS
REPLACE AIR FILTERS
CHECK FLUIDS
INSPECT COOLING SYSTEM
CHECK DIFFERENTIALS & DRIVELINE
INSPECT BOOM WEAR PADS
INSPECT FORKS & CARRIAGE
CHECK BATTERY & ELECTRICAL
VERIFY LIGHTS, ALARMS & SAFETIES
",1288,NULL,40,NULL,NULL,2617,2a030d86-5531-459d-938d-1467db67b305
35028,53040,"2026-07-30 16:03:15",1,0,1,"2000 HR SERVICE (TELEHANDLER FORKLIFT)",2000,NULL,NULL,NULL,NULL,NULL,NULL,NULL,NULL,"SEE EQUIPMENT DETAILS - PARTS TAB OR WRITE IN PARTS USED:
","INCLUDES ALL 1000 HR TASKS
SAMPLE HYDRAULIC OIL
SAMPLE TRANSMISSION OIL
CHANGE AXLES OILS
REPLACE COOLANT
REPLACE ALL FILTERS
INSPECT BOOM STRUCTURE
INSPECT PINS & BUSHINGS
INSPECT DRIVESHAFTS
CHECK SAFETY FUNCTIONS",1288,NULL,40,NULL,NULL,2661,19757ab1-233f-4ccf-b858-3220cf28c086
35066,53040,"2026-07-30 16:04:25",1,0,1,"500 HR SERVICE (TELEHANDLER FORKLIFT)",500,NULL,NULL,NULL,NULL,NULL,NULL,NULL,NULL,"SEE EQUIPMENT DETAILS - PARTS TAB OR WRITE IN PARTS USED:
","CHANGE ENGINE OIL & FILTER
REPLACE FUEL FILTER
REPLACE AIR FILTERS
REPLACE HYD RETURN FILTER
GREASE MACHINE
CHECK AXLE OILS
INSPECT BRAKES
INSPECT STEERING
CHECK BOOM PADS & CHANGES
INSPECT HOSES & CYLINDERS
FUNCTION & SAFETY CHECK (HORN, BACKUP ALARM, LIGHTS)
",1288,NULL,40,NULL,NULL,2730,56500a86-b0f2-48f6-be01-f5291ed1b75a
37165,53040,"2026-08-17 23:20:42",4,0,1,"INITIAL 50 HR BREAK-IN SERVICE",NULL,NULL,NULL,NULL,NULL,NULL,NULL,50,NULL,"SEE EQUIPMENT DETAILS - PARTS TAB OR WRITE IN PARTS USED:
","INITIAL 50-HR BREAK-IN (OIL CHANGE) SERVICE",1288,NULL,5,NULL,NULL,2762,a79be092-b398-417e-9086-f8a20eeae5f5
35933,53041,"2026-07-31 15:47:06",1,0,1,"750 HR SERVICE (LIGHT PLANT/TOWER)",750,NULL,NULL,NULL,NULL,NULL,NULL,NULL,NULL,"SEE EQUIPMENT DETAILS - PARTS TAB OR WRITE IN PARTS USED:
","CHANGE ENGINE OIL & FILTER 
CHANGE AIR FILTER 
CHANGE FUEL FILTER 
BELT & BELT TENSION - INSPECT/ADJUST/REPLACE 
INSPECT BATTERY CONDITION 
RESET MAINTENANCE ALARM (REFERENCE PAGE 41 IN OPS MANUAL FOR CODE) FOR MLT65MD LIIGHT TOWERS 
",1288,NULL,40,NULL,47768,2750,5d9ecf91-2173-4e75-857b-01e7b8840b50
35929,53043,"2026-07-31 15:47:04",1,0,1,"750 HR SERVICE (LIGHT PLANT/TOWER)",750,NULL,NULL,NULL,NULL,NULL,NULL,NULL,NULL,"SEE EQUIPMENT DETAILS - PARTS TAB OR WRITE IN PARTS USED:
","CHANGE ENGINE OIL & FILTER 
CHANGE AIR FILTER 
CHANGE FUEL FILTER 
BELT & BELT TENSION - INSPECT/ADJUST/REPLACE 
INSPECT BATTERY CONDITION 
RESET MAINTENANCE ALARM (REFERENCE PAGE 41 IN OPS MANUAL FOR CODE) FOR MLT65MD LIIGHT TOWERS 
",1288,NULL,40,NULL,47761,2750,2868f2f5-a069-4e20-b58b-33d24c0b6521
34518,53044,"2026-07-29 19:24:56",1,0,1,"1000 HR SERVICE (AERIAL BOOM LIFT)",1000,NULL,NULL,NULL,NULL,NULL,NULL,NULL,NULL,"SEE EQUIPMENT DETAILS - PARTS TAB OR WRITE IN PARTS USED:
","INCLUDES ALL 500 HR TASKS
CHECK BASKET CONTROLS/PERFORM FUNCTION TEST
INSPECT CYLINDERS
INSPECT BOOM STRUCTURE",16222,NULL,40,NULL,NULL,2771,d0576243-bbc1-47ba-b9d6-a28f93867895
34529,53044,"2026-07-29 19:25:28",1,0,1,"2000 HR SERVICE (AERIAL BOOM LIFT)",2000,NULL,NULL,NULL,NULL,NULL,NULL,NULL,NULL,"SEE EQUIPMENT DETAILS - PARTS TAB OR WRITE IN PARTS USED:
","INCLUDES ALL 1000 HR TASKS
SAMPLE HYDRAULIC OIL
REPLACE COOLANT
",16222,NULL,40,NULL,NULL,2773,1d01b3b3-13dc-475d-a06a-cf2823a65aee
34540,53044,"2026-07-29 19:25:54",1,0,1,"500 HR SERVICE (AERIAL BOOM LIFT)",500,NULL,NULL,NULL,NULL,NULL,NULL,NULL,NULL,"SEE EQUIPMENT DETAILS - PARTS TAB OR WRITE IN PARTS USED:
","CHANGE ENGINE OIL & FILTER
CHANGE FUEL FILTERS
CHANGE AIR FILTERS
CHANGE HYD FILTERS
CHECK BOOM FUNCTIONS
INSPECT PLATFORM CONTROLS
INSPECT SAFETY DEVICES",16222,NULL,40,NULL,NULL,2772,e671c9bf-32b4-4b44-81b7-aa850a2c54f4
36713,53045,"2026-07-31 18:35:11",1,0,1,"500 HR SERVICE (GENERATOR)",500,NULL,NULL,NULL,NULL,NULL,NULL,NULL,NULL,"SEE EQUIPMENT DETAILS - PARTS TAB OR WRITE IN PARTS USED:
","CHANGE ENGINE OIL & FILTER
CHANGE FUEL FILTERS
CHANGE AIR FILTERS",1288,NULL,40,NULL,47756,2695,d01912d9-b356-40b8-bf18-088c23e4a9e6
35931,53047,"2026-07-31 15:47:05",1,0,1,"750 HR SERVICE (LIGHT PLANT/TOWER)",750,NULL,NULL,NULL,NULL,NULL,NULL,NULL,NULL,"SEE EQUIPMENT DETAILS - PARTS TAB OR WRITE IN PARTS USED:
","CHANGE ENGINE OIL & FILTER 
CHANGE AIR FILTER 
CHANGE FUEL FILTER 
BELT & BELT TENSION - INSPECT/ADJUST/REPLACE 
INSPECT BATTERY CONDITION 
RESET MAINTENANCE ALARM (REFERENCE PAGE 41 IN OPS MANUAL FOR CODE) FOR MLT65MD LIIGHT TOWERS 
",1288,NULL,40,NULL,47766,2750,76992f5b-9cae-44c2-ad28-9c8101b24caf
34528,53049,"2026-07-29 19:25:05",1,0,1,"1000 HR SERVICE (AERIAL BOOM LIFT)",1000,NULL,NULL,NULL,NULL,NULL,NULL,NULL,NULL,"SEE EQUIPMENT DETAILS - PARTS TAB OR WRITE IN PARTS USED:
","INCLUDES ALL 500 HR TASKS
CHECK BASKET CONTROLS/PERFORM FUNCTION TEST
INSPECT CYLINDERS
INSPECT BOOM STRUCTURE",16222,NULL,40,NULL,NULL,2771,f6a75b42-53d5-4ac4-837d-d2c5da59d0c0
34539,53049,"2026-07-29 19:25:38",1,0,1,"2000 HR SERVICE (AERIAL BOOM LIFT)",2000,NULL,NULL,NULL,NULL,NULL,NULL,NULL,NULL,"SEE EQUIPMENT DETAILS - PARTS TAB OR WRITE IN PARTS USED:
","INCLUDES ALL 1000 HR TASKS
SAMPLE HYDRAULIC OIL
REPLACE COOLANT
",16222,NULL,40,NULL,NULL,2773,663791ac-8796-4ff4-a49a-f9bfee4c9904
34550,53049,"2026-07-29 19:26:02",1,0,1,"500 HR SERVICE (AERIAL BOOM LIFT)",500,NULL,NULL,NULL,NULL,NULL,NULL,NULL,NULL,"SEE EQUIPMENT DETAILS - PARTS TAB OR WRITE IN PARTS USED:
","CHANGE ENGINE OIL & FILTER
CHANGE FUEL FILTERS
CHANGE AIR FILTERS
CHANGE HYD FILTERS
CHECK BOOM FUNCTIONS
INSPECT PLATFORM CONTROLS
INSPECT SAFETY DEVICES",16222,NULL,40,NULL,48305,2772,84feb4e3-56e7-4912-8470-8ecf20012784
35925,53050,"2026-07-31 15:47:01",1,0,1,"750 HR SERVICE (LIGHT PLANT/TOWER)",750,NULL,NULL,NULL,NULL,NULL,NULL,NULL,NULL,"SEE EQUIPMENT DETAILS - PARTS TAB OR WRITE IN PARTS USED:
","CHANGE ENGINE OIL & FILTER 
CHANGE AIR FILTER 
CHANGE FUEL FILTER 
BELT & BELT TENSION - INSPECT/ADJUST/REPLACE 
INSPECT BATTERY CONDITION 
RESET MAINTENANCE ALARM (REFERENCE PAGE 41 IN OPS MANUAL FOR CODE) FOR MLT65MD LIIGHT TOWERS 
",1288,NULL,40,NULL,47752,2750,67f93aa7-5f2d-4321-9799-e7fecdc6a356
35922,53052,"2026-07-31 15:46:59",1,0,1,"750 HR SERVICE (LIGHT PLANT/TOWER)",750,NULL,NULL,NULL,NULL,NULL,NULL,NULL,NULL,"SEE EQUIPMENT DETAILS - PARTS TAB OR WRITE IN PARTS USED:
","CHANGE ENGINE OIL & FILTER 
CHANGE AIR FILTER 
CHANGE FUEL FILTER 
BELT & BELT TENSION - INSPECT/ADJUST/REPLACE 
INSPECT BATTERY CONDITION 
RESET MAINTENANCE ALARM (REFERENCE PAGE 41 IN OPS MANUAL FOR CODE) FOR MLT65MD LIIGHT TOWERS 
",1288,NULL,40,NULL,47749,2750,96ca1df7-4f24-4762-b76d-0dd19f725337
35939,53057,"2026-07-31 15:47:10",1,0,1,"750 HR SERVICE (LIGHT PLANT/TOWER)",750,NULL,NULL,NULL,NULL,NULL,NULL,NULL,NULL,"SEE EQUIPMENT DETAILS - PARTS TAB OR WRITE IN PARTS USED:
","CHANGE ENGINE OIL & FILTER 
CHANGE AIR FILTER 
CHANGE FUEL FILTER 
BELT & BELT TENSION - INSPECT/ADJUST/REPLACE 
INSPECT BATTERY CONDITION 
RESET MAINTENANCE ALARM (REFERENCE PAGE 41 IN OPS MANUAL FOR CODE) FOR MLT65MD LIIGHT TOWERS 
",1288,NULL,40,NULL,47787,2750,375c0c63-acd3-44a9-94af-25a000804463
35927,53058,"2026-07-31 15:47:02",1,0,1,"750 HR SERVICE (LIGHT PLANT/TOWER)",750,NULL,NULL,NULL,NULL,NULL,NULL,NULL,NULL,"SEE EQUIPMENT DETAILS - PARTS TAB OR WRITE IN PARTS USED:
","CHANGE ENGINE OIL & FILTER 
CHANGE AIR FILTER 
CHANGE FUEL FILTER 
BELT & BELT TENSION - INSPECT/ADJUST/REPLACE 
INSPECT BATTERY CONDITION 
RESET MAINTENANCE ALARM (REFERENCE PAGE 41 IN OPS MANUAL FOR CODE) FOR MLT65MD LIIGHT TOWERS 
",1288,NULL,40,NULL,47758,2750,84328a89-e62b-4812-b91c-fc8a27e5de8b
36701,53060,"2026-07-31 18:35:02",1,0,1,"500 HR SERVICE (GENERATOR)",500,NULL,NULL,NULL,NULL,NULL,NULL,NULL,NULL,"SEE EQUIPMENT DETAILS - PARTS TAB OR WRITE IN PARTS USED:
","CHANGE ENGINE OIL & FILTER
CHANGE FUEL FILTERS
CHANGE AIR FILTERS",1288,NULL,40,NULL,47777,2695,82d8aab1-0720-4f55-ba55-7b5e7b658037
35936,53062,"2026-07-31 15:47:08",1,0,1,"750 HR SERVICE (LIGHT PLANT/TOWER)",750,NULL,NULL,NULL,NULL,NULL,NULL,NULL,NULL,"SEE EQUIPMENT DETAILS - PARTS TAB OR WRITE IN PARTS USED:
","CHANGE ENGINE OIL & FILTER 
CHANGE AIR FILTER 
CHANGE FUEL FILTER 
BELT & BELT TENSION - INSPECT/ADJUST/REPLACE 
INSPECT BATTERY CONDITION 
RESET MAINTENANCE ALARM (REFERENCE PAGE 41 IN OPS MANUAL FOR CODE) FOR MLT65MD LIIGHT TOWERS 
",1288,NULL,40,NULL,47771,2750,2515de27-ef5a-4a2e-a9ac-4325f1851c6f
34953,53063,"2026-07-30 16:00:50",1,0,1,"1000 HR SERVICE (TELEHANDLER FORKLIFT)",1000,NULL,NULL,NULL,NULL,NULL,NULL,NULL,NULL,"SEE EQUIPMENT DETAILS - PARTS TAB OR WRITE IN PARTS USED:
","INCLUDES ALL 500 HR TASKS
REPLACE AIR FILTERS
CHECK FLUIDS
INSPECT COOLING SYSTEM
CHECK DIFFERENTIALS & DRIVELINE
INSPECT BOOM WEAR PADS
INSPECT FORKS & CARRIAGE
CHECK BATTERY & ELECTRICAL
VERIFY LIGHTS, ALARMS & SAFETIES
",1288,NULL,40,NULL,NULL,2617,c19b5e01-188b-43dd-aa43-e5b73d60417d
34991,53063,"2026-07-30 16:02:31",1,0,1,"2000 HR SERVICE (TELEHANDLER FORKLIFT)",2000,NULL,NULL,NULL,NULL,NULL,NULL,NULL,NULL,"SEE EQUIPMENT DETAILS - PARTS TAB OR WRITE IN PARTS USED:
","INCLUDES ALL 1000 HR TASKS
SAMPLE HYDRAULIC OIL
SAMPLE TRANSMISSION OIL
CHANGE AXLES OILS
REPLACE COOLANT
REPLACE ALL FILTERS
INSPECT BOOM STRUCTURE
INSPECT PINS & BUSHINGS
INSPECT DRIVESHAFTS
CHECK SAFETY FUNCTIONS",1288,NULL,40,NULL,NULL,2661,2775d397-a944-447b-8440-d31b60fbc2d7
35030,53063,"2026-07-30 16:03:39",1,0,1,"500 HR SERVICE (TELEHANDLER FORKLIFT)",500,NULL,NULL,NULL,NULL,NULL,NULL,NULL,NULL,"SEE EQUIPMENT DETAILS - PARTS TAB OR WRITE IN PARTS USED:
","CHANGE ENGINE OIL & FILTER
REPLACE FUEL FILTER
REPLACE AIR FILTERS
REPLACE HYD RETURN FILTER
GREASE MACHINE
CHECK AXLE OILS
INSPECT BRAKES
INSPECT STEERING
CHECK BOOM PADS & CHANGES
INSPECT HOSES & CYLINDERS
FUNCTION & SAFETY CHECK (HORN, BACKUP ALARM, LIGHTS)
",1288,NULL,40,NULL,48304,2730,d6b01384-25fb-4bc6-bbc4-e28a6d85cb0b
36729,53064,"2026-07-31 18:36:48",1,1,0,"500 HR SERVICE (GROUND HEATER)",500,NULL,NULL,NULL,NULL,NULL,NULL,NULL,NULL,"SEE EQUIPMENT DETAILS - PARTS TAB OR WRITE IN PARTS USED:
","CHANGE ENGINE OIL & FILTER
CHANGE AIR FILTER
CHANGE FUEL FILTER
",1288,NULL,40,NULL,NULL,2697,e562764d-7b10-494a-a7bc-b2f7353e0bc2
36789,53064,"2026-08-04 05:17:49",1,0,1,"500 HR SERVICE (GROUND HEATER)",500,NULL,NULL,NULL,NULL,NULL,NULL,NULL,NULL,"SEE EQUIPMENT DETAILS - PARTS TAB OR WRITE IN PARTS USED:
","CHANGE ENGINE OIL & FILTER
CHANGE AIR FILTER
CHANGE FUEL FILTER

*HOUR METER = GENSET & OIL
**ODOMETER METER = BURNER & PUMPS (WRITE IN NOTES)",1288,NULL,40,NULL,47815,2697,e77eb1f1-8a6c-4367-8db3-95e25930cd15
36714,53068,"2026-07-31 18:35:11",1,0,1,"500 HR SERVICE (GENERATOR)",500,NULL,NULL,NULL,NULL,NULL,NULL,NULL,NULL,"SEE EQUIPMENT DETAILS - PARTS TAB OR WRITE IN PARTS USED:
","CHANGE ENGINE OIL & FILTER
CHANGE FUEL FILTERS
CHANGE AIR FILTERS",1288,NULL,40,NULL,47757,2695,b03bdfee-5351-470b-9482-5fb9280d8a3e
36699,53069,"2026-07-31 18:35:01",1,0,1,"500 HR SERVICE (GENERATOR)",500,NULL,NULL,NULL,NULL,NULL,NULL,NULL,NULL,"SEE EQUIPMENT DETAILS - PARTS TAB OR WRITE IN PARTS USED:
","CHANGE ENGINE OIL & FILTER
CHANGE FUEL FILTERS
CHANGE AIR FILTERS",1288,NULL,40,NULL,47772,2695,4eab83af-16ba-4ce8-b39f-f79ac45c567a
35932,53070,"2026-07-31 15:47:05",1,0,1,"750 HR SERVICE (LIGHT PLANT/TOWER)",750,NULL,NULL,NULL,NULL,NULL,NULL,NULL,NULL,"SEE EQUIPMENT DETAILS - PARTS TAB OR WRITE IN PARTS USED:
","CHANGE ENGINE OIL & FILTER 
CHANGE AIR FILTER 
CHANGE FUEL FILTER 
BELT & BELT TENSION - INSPECT/ADJUST/REPLACE 
INSPECT BATTERY CONDITION 
RESET MAINTENANCE ALARM (REFERENCE PAGE 41 IN OPS MANUAL FOR CODE) FOR MLT65MD LIIGHT TOWERS 
",1288,NULL,40,NULL,47767,2750,5c364c38-3c1c-40fd-a787-d229869374e5
36730,53071,"2026-07-31 18:36:49",1,1,0,"500 HR SERVICE (GROUND HEATER)",500,NULL,NULL,NULL,NULL,NULL,NULL,NULL,NULL,"SEE EQUIPMENT DETAILS - PARTS TAB OR WRITE IN PARTS USED:
","CHANGE ENGINE OIL & FILTER
CHANGE AIR FILTER
CHANGE FUEL FILTER
",1288,NULL,40,NULL,NULL,2697,1640a4bc-19d4-4d55-a6a9-d1705f19ae52
36790,53071,"2026-08-04 05:17:49",1,0,1,"500 HR SERVICE (GROUND HEATER)",500,NULL,NULL,NULL,NULL,NULL,NULL,NULL,NULL,"SEE EQUIPMENT DETAILS - PARTS TAB OR WRITE IN PARTS USED:
","CHANGE ENGINE OIL & FILTER
CHANGE AIR FILTER
CHANGE FUEL FILTER

*HOUR METER = GENSET & OIL
**ODOMETER METER = BURNER & PUMPS (WRITE IN NOTES)",1288,NULL,40,NULL,NULL,2697,4e9b6e0b-0d7b-4914-bb02-14dad2aa70c0
36727,53073,"2026-07-31 18:36:47",1,1,0,"500 HR SERVICE (GROUND HEATER)",500,NULL,NULL,NULL,NULL,NULL,NULL,NULL,NULL,"SEE EQUIPMENT DETAILS - PARTS TAB OR WRITE IN PARTS USED:
","CHANGE ENGINE OIL & FILTER
CHANGE AIR FILTER
CHANGE FUEL FILTER
",1288,NULL,40,NULL,NULL,2697,7b4e4898-5222-4890-9f27-acb50005b117
36787,53073,"2026-08-04 05:17:48",1,0,1,"500 HR SERVICE (GROUND HEATER)",500,NULL,NULL,NULL,NULL,NULL,NULL,NULL,NULL,"SEE EQUIPMENT DETAILS - PARTS TAB OR WRITE IN PARTS USED:
","CHANGE ENGINE OIL & FILTER
CHANGE AIR FILTER
CHANGE FUEL FILTER

*HOUR METER = GENSET & OIL
**ODOMETER METER = BURNER & PUMPS (WRITE IN NOTES)",1288,NULL,40,NULL,47812,2697,ba1fb080-ffb7-4cd3-b7c9-d82aaac0848a
36700,53074,"2026-07-31 18:35:01",1,0,1,"500 HR SERVICE (GENERATOR)",500,NULL,NULL,NULL,NULL,NULL,NULL,NULL,NULL,"SEE EQUIPMENT DETAILS - PARTS TAB OR WRITE IN PARTS USED:
","CHANGE ENGINE OIL & FILTER
CHANGE FUEL FILTERS
CHANGE AIR FILTERS",1288,NULL,40,NULL,47776,2695,9350f093-0c7c-48a8-a49b-90c0710ba303
34391,53076,"2026-07-27 02:54:24",3,0,1,"1 YEAR SERVICE (FROSTFIGHTERS)",NULL,365,NULL,NULL,NULL,NULL,NULL,NULL,NULL,"SEE EQUIPMENT DETAILS - PARTS TAB OR WRITE IN PARTS USED:
","CHECK INJECTORS
CHANGE FUEL FILTER
CHECK NEEDLES/GAUGES/SWITCHES
CHECK FUEL LINE
CHECK FUEL PUMP
",1288,7,NULL,NULL,47823,2568,2113ac24-310a-4ab1-a507-79e0c53cda49
36793,53077,"2026-08-04 06:06:11",3,0,1,"CALIBRATION - (WIRE FEED) - 365 DAY",NULL,365,NULL,NULL,NULL,NULL,NULL,NULL,NULL,,"SUBMIT WEVR PAPERWORK. WORK ORDER WILL NOT CLOSE UNLESS PAPERWORK IS CORRECT & SUBMITTED.",16222,7,NULL,NULL,47991,2781,312664e8-a28a-4d34-9a53-87fbd98567f3
36865,53077,"2026-08-04 06:07:35",3,0,1,"CALIBRATION - (WIRE FEED) - 90 DAY",NULL,90,NULL,NULL,NULL,NULL,NULL,NULL,NULL,,"SUBMIT WEVR PAPERWORK. WORK ORDER WILL NOT CLOSE UNLESS PAPERWORK IS CORRECT & SUBMITTED.",16222,7,NULL,NULL,47990,2782,7e27556b-236e-4ce5-9a20-ca829bd6a04e
36792,53078,"2026-08-04 06:06:10",3,0,1,"CALIBRATION - (WIRE FEED) - 365 DAY",NULL,365,NULL,NULL,NULL,NULL,NULL,NULL,NULL,,"SUBMIT WEVR PAPERWORK. WORK ORDER WILL NOT CLOSE UNLESS PAPERWORK IS CORRECT & SUBMITTED.",16222,7,NULL,NULL,47989,2781,3b0821bd-a327-48cf-b41b-f82546747873
36864,53078,"2026-08-04 06:07:32",3,0,1,"CALIBRATION - (WIRE FEED) - 90 DAY",NULL,90,NULL,NULL,NULL,NULL,NULL,NULL,NULL,,"SUBMIT WEVR PAPERWORK. WORK ORDER WILL NOT CLOSE UNLESS PAPERWORK IS CORRECT & SUBMITTED.",16222,7,NULL,NULL,47988,2782,b2d23478-cf1d-4400-b85a-cda40fad4941
34389,53079,"2026-07-27 02:54:23",3,0,1,"1 YEAR SERVICE (FROSTFIGHTERS)",NULL,365,NULL,NULL,NULL,NULL,NULL,NULL,NULL,"SEE EQUIPMENT DETAILS - PARTS TAB OR WRITE IN PARTS USED:
","CHECK INJECTORS
CHANGE FUEL FILTER
CHECK NEEDLES/GAUGES/SWITCHES
CHECK FUEL LINE
CHECK FUEL PUMP
",1288,7,NULL,NULL,47821,2568,6ea3fc09-59a4-422d-a9f7-c0f6d589836a
35930,53080,"2026-07-31 15:47:04",1,0,1,"750 HR SERVICE (LIGHT PLANT/TOWER)",750,NULL,NULL,NULL,NULL,NULL,NULL,NULL,NULL,"SEE EQUIPMENT DETAILS - PARTS TAB OR WRITE IN PARTS USED:
","CHANGE ENGINE OIL & FILTER 
CHANGE AIR FILTER 
CHANGE FUEL FILTER 
BELT & BELT TENSION - INSPECT/ADJUST/REPLACE 
INSPECT BATTERY CONDITION 
RESET MAINTENANCE ALARM (REFERENCE PAGE 41 IN OPS MANUAL FOR CODE) FOR MLT65MD LIIGHT TOWERS 
",1288,NULL,40,NULL,47762,2750,77b90c05-0164-4602-9881-cfce6576690d
35928,53081,"2026-07-31 15:47:03",1,0,1,"750 HR SERVICE (LIGHT PLANT/TOWER)",750,NULL,NULL,NULL,NULL,NULL,NULL,NULL,NULL,"SEE EQUIPMENT DETAILS - PARTS TAB OR WRITE IN PARTS USED:
","CHANGE ENGINE OIL & FILTER 
CHANGE AIR FILTER 
CHANGE FUEL FILTER 
BELT & BELT TENSION - INSPECT/ADJUST/REPLACE 
INSPECT BATTERY CONDITION 
RESET MAINTENANCE ALARM (REFERENCE PAGE 41 IN OPS MANUAL FOR CODE) FOR MLT65MD LIIGHT TOWERS 
",1288,NULL,40,NULL,47759,2750,0157f5fb-787f-4ab1-8ff6-d4fc2a681275
34394,53084,"2026-07-27 02:54:26",3,0,1,"1 YEAR SERVICE (FROSTFIGHTERS)",NULL,365,NULL,NULL,NULL,NULL,NULL,NULL,NULL,"SEE EQUIPMENT DETAILS - PARTS TAB OR WRITE IN PARTS USED:
","CHECK INJECTORS
CHANGE FUEL FILTER
CHECK NEEDLES/GAUGES/SWITCHES
CHECK FUEL LINE
CHECK FUEL PUMP
",1288,7,NULL,NULL,47828,2568,e6a770a9-a924-452d-80c3-7db666735729
34386,53086,"2026-07-27 02:54:20",3,0,1,"1 YEAR SERVICE (FROSTFIGHTERS)",NULL,365,NULL,NULL,NULL,NULL,NULL,NULL,NULL,"SEE EQUIPMENT DETAILS - PARTS TAB OR WRITE IN PARTS USED:
","CHECK INJECTORS
CHANGE FUEL FILTER
CHECK NEEDLES/GAUGES/SWITCHES
CHECK FUEL LINE
CHECK FUEL PUMP
",1288,7,NULL,NULL,47818,2568,76931c31-a186-4d60-8e0e-3fe6c735f48d
35938,53087,"2026-07-31 15:47:09",1,0,1,"750 HR SERVICE (LIGHT PLANT/TOWER)",750,NULL,NULL,NULL,NULL,NULL,NULL,NULL,NULL,"SEE EQUIPMENT DETAILS - PARTS TAB OR WRITE IN PARTS USED:
","CHANGE ENGINE OIL & FILTER 
CHANGE AIR FILTER 
CHANGE FUEL FILTER 
BELT & BELT TENSION - INSPECT/ADJUST/REPLACE 
INSPECT BATTERY CONDITION 
RESET MAINTENANCE ALARM (REFERENCE PAGE 41 IN OPS MANUAL FOR CODE) FOR MLT65MD LIIGHT TOWERS 
",1288,NULL,40,NULL,47785,2750,e0922d35-8baf-41ff-9f7a-b55570be62d6
35445,53089,"2026-07-30 19:27:31",1,0,1,"250 HR SERVICE (WELDER MILLER 400)",250,NULL,NULL,NULL,NULL,NULL,NULL,NULL,NULL,"SEE EQUIPMENT DETAILS - PARTS TAB OR WRITE IN PARTS USED:

","CHANGE ENGINE OIL & FILTER
REPLACE FUEL FILTER(S)
INSPECT/REPLACE AIR FILTER

CHECK ALTERNATOR OUTPUT
CHECK BATTERY CONDITION
INSPECT COOLING SYSTEM
INSPECT ENGINE MOUNTS
INSPECT EXHAUST SYSTEM
CHECK FOR OIL LEAKS
CHECK FOR FUEL LEAKS
INSPECT WELD LEADS
INSPECT ELECTRODE HOLDER
INSPECT GROUND CLAMP
CHECK AC/DC OUTPUT
VERIFY AUXILIARY POWER OUTPUT
CLEAN MACHINE INTERIOR
REMOVE DEBRIS FROM COOLING SYSTEM
OPERATIONAL TEST
",1288,NULL,30,NULL,47826,2678,160954f5-bca8-493f-a065-095b32f03a4f
35535,53089,"2026-07-30 20:35:08",3,0,1,"CALIBRATION - (WELDER) - 365 DAY",NULL,365,NULL,NULL,NULL,NULL,NULL,NULL,NULL,,"SUBMIT WEVR PAPERWORK. WORK ORDER WILL NOT CLOSE UNLESS PAPERWORK IS CORRECT & SUBMITTED.",1288,7,NULL,NULL,NULL,2755,65e24302-c714-4612-94c3-ea99f36faa68
35596,53089,"2026-07-30 20:39:07",3,0,1,"CALIBRATION - (WELDER) - 90 DAY",NULL,90,NULL,NULL,NULL,NULL,NULL,NULL,NULL,,"SUBMIT WEVR PAPERWORK. WORK ORDER WILL NOT CLOSE UNLESS PAPERWORK IS CORRECT & SUBMITTED.",1288,7,NULL,NULL,NULL,2756,b57bb0e9-ea57-4923-830b-8ef8403ad728
35940,53090,"2026-07-31 15:47:11",1,0,1,"750 HR SERVICE (LIGHT PLANT/TOWER)",750,NULL,NULL,NULL,NULL,NULL,NULL,NULL,NULL,"SEE EQUIPMENT DETAILS - PARTS TAB OR WRITE IN PARTS USED:
","CHANGE ENGINE OIL & FILTER 
CHANGE AIR FILTER 
CHANGE FUEL FILTER 
BELT & BELT TENSION - INSPECT/ADJUST/REPLACE 
INSPECT BATTERY CONDITION 
RESET MAINTENANCE ALARM (REFERENCE PAGE 41 IN OPS MANUAL FOR CODE) FOR MLT65MD LIIGHT TOWERS 
",1288,NULL,40,NULL,47788,2750,e836e2c6-756b-47d1-a365-92f8f363cb24
35934,53091,"2026-07-31 15:47:07",1,0,1,"750 HR SERVICE (LIGHT PLANT/TOWER)",750,NULL,NULL,NULL,NULL,NULL,NULL,NULL,NULL,"SEE EQUIPMENT DETAILS - PARTS TAB OR WRITE IN PARTS USED:
","CHANGE ENGINE OIL & FILTER 
CHANGE AIR FILTER 
CHANGE FUEL FILTER 
BELT & BELT TENSION - INSPECT/ADJUST/REPLACE 
INSPECT BATTERY CONDITION 
RESET MAINTENANCE ALARM (REFERENCE PAGE 41 IN OPS MANUAL FOR CODE) FOR MLT65MD LIIGHT TOWERS 
",1288,NULL,40,NULL,47769,2750,0a226980-cf09-4e01-ad02-2c8e42cae3dc
35454,53092,"2026-07-30 19:27:36",1,0,1,"250 HR SERVICE (WELDER MILLER 400)",250,NULL,NULL,NULL,NULL,NULL,NULL,NULL,NULL,"SEE EQUIPMENT DETAILS - PARTS TAB OR WRITE IN PARTS USED:

","CHANGE ENGINE OIL & FILTER
REPLACE FUEL FILTER(S)
INSPECT/REPLACE AIR FILTER

CHECK ALTERNATOR OUTPUT
CHECK BATTERY CONDITION
INSPECT COOLING SYSTEM
INSPECT ENGINE MOUNTS
INSPECT EXHAUST SYSTEM
CHECK FOR OIL LEAKS
CHECK FOR FUEL LEAKS
INSPECT WELD LEADS
INSPECT ELECTRODE HOLDER
INSPECT GROUND CLAMP
CHECK AC/DC OUTPUT
VERIFY AUXILIARY POWER OUTPUT
CLEAN MACHINE INTERIOR
REMOVE DEBRIS FROM COOLING SYSTEM
OPERATIONAL TEST
",1288,NULL,30,NULL,48375,2678,a8aeb9c7-a384-48ee-ab11-0981b87914a8
35544,53092,"2026-07-30 20:35:12",3,0,1,"CALIBRATION - (WELDER) - 365 DAY",NULL,365,NULL,NULL,NULL,NULL,NULL,NULL,NULL,,"SUBMIT WEVR PAPERWORK. WORK ORDER WILL NOT CLOSE UNLESS PAPERWORK IS CORRECT & SUBMITTED.",1288,7,NULL,NULL,NULL,2755,5a1f74e7-7b1a-4848-9168-018d4e383a42
35605,53092,"2026-07-30 20:39:12",3,0,1,"CALIBRATION - (WELDER) - 90 DAY",NULL,90,NULL,NULL,NULL,NULL,NULL,NULL,NULL,,"SUBMIT WEVR PAPERWORK. WORK ORDER WILL NOT CLOSE UNLESS PAPERWORK IS CORRECT & SUBMITTED.",1288,7,NULL,NULL,NULL,2756,e39a76cc-86f5-49fd-9c6d-a2a1d4075093
36726,53094,"2026-07-31 18:36:47",1,1,0,"500 HR SERVICE (GROUND HEATER)",500,NULL,NULL,NULL,NULL,NULL,NULL,NULL,NULL,"SEE EQUIPMENT DETAILS - PARTS TAB OR WRITE IN PARTS USED:
","CHANGE ENGINE OIL & FILTER
CHANGE AIR FILTER
CHANGE FUEL FILTER
",1288,NULL,40,NULL,NULL,2697,c571f6ce-c647-4d65-b759-5d21bac6c9c4
36786,53094,"2026-08-04 05:17:47",1,0,1,"500 HR SERVICE (GROUND HEATER)",500,NULL,NULL,NULL,NULL,NULL,NULL,NULL,NULL,"SEE EQUIPMENT DETAILS - PARTS TAB OR WRITE IN PARTS USED:
","CHANGE ENGINE OIL & FILTER
CHANGE AIR FILTER
CHANGE FUEL FILTER

*HOUR METER = GENSET & OIL
**ODOMETER METER = BURNER & PUMPS (WRITE IN NOTES)",1288,NULL,40,NULL,47811,2697,1f9b3a0c-d311-4890-9018-5a6f7a301fa0
35449,53095,"2026-07-30 19:27:33",1,0,1,"250 HR SERVICE (WELDER MILLER 400)",250,NULL,NULL,NULL,NULL,NULL,NULL,NULL,NULL,"SEE EQUIPMENT DETAILS - PARTS TAB OR WRITE IN PARTS USED:

","CHANGE ENGINE OIL & FILTER
REPLACE FUEL FILTER(S)
INSPECT/REPLACE AIR FILTER

CHECK ALTERNATOR OUTPUT
CHECK BATTERY CONDITION
INSPECT COOLING SYSTEM
INSPECT ENGINE MOUNTS
INSPECT EXHAUST SYSTEM
CHECK FOR OIL LEAKS
CHECK FOR FUEL LEAKS
INSPECT WELD LEADS
INSPECT ELECTRODE HOLDER
INSPECT GROUND CLAMP
CHECK AC/DC OUTPUT
VERIFY AUXILIARY POWER OUTPUT
CLEAN MACHINE INTERIOR
REMOVE DEBRIS FROM COOLING SYSTEM
OPERATIONAL TEST
",1288,NULL,30,NULL,48365,2678,88d8e95f-c52a-4759-b9c5-7352d34ff745
35539,53095,"2026-07-30 20:35:10",3,0,1,"CALIBRATION - (WELDER) - 365 DAY",NULL,365,NULL,NULL,NULL,NULL,NULL,NULL,NULL,,"SUBMIT WEVR PAPERWORK. WORK ORDER WILL NOT CLOSE UNLESS PAPERWORK IS CORRECT & SUBMITTED.",1288,7,NULL,NULL,NULL,2755,0d863711-59c6-48be-9df2-5ef007f56068
35600,53095,"2026-07-30 20:39:10",3,0,1,"CALIBRATION - (WELDER) - 90 DAY",NULL,90,NULL,NULL,NULL,NULL,NULL,NULL,NULL,,"SUBMIT WEVR PAPERWORK. WORK ORDER WILL NOT CLOSE UNLESS PAPERWORK IS CORRECT & SUBMITTED.",1288,7,NULL,NULL,NULL,2756,34bd0e80-a5eb-47cc-93e8-01f985322ca9
36725,53096,"2026-07-31 18:36:47",1,1,0,"500 HR SERVICE (GROUND HEATER)",500,NULL,NULL,NULL,NULL,NULL,NULL,NULL,NULL,"SEE EQUIPMENT DETAILS - PARTS TAB OR WRITE IN PARTS USED:
","CHANGE ENGINE OIL & FILTER
CHANGE AIR FILTER
CHANGE FUEL FILTER
",1288,NULL,40,NULL,NULL,2697,cbbc9f48-3e77-4b9a-aa26-93389e11ceb3
36785,53096,"2026-08-04 05:17:47",1,0,1,"500 HR SERVICE (GROUND HEATER)",500,NULL,NULL,NULL,NULL,NULL,NULL,NULL,NULL,"SEE EQUIPMENT DETAILS - PARTS TAB OR WRITE IN PARTS USED:
","CHANGE ENGINE OIL & FILTER
CHANGE AIR FILTER
CHANGE FUEL FILTER

*HOUR METER = GENSET & OIL
**ODOMETER METER = BURNER & PUMPS (WRITE IN NOTES)",1288,NULL,40,NULL,47810,2697,5bd0f1d0-9e5c-43d7-ab70-d0ad4d960d36
36795,53097,"2026-08-04 06:06:12",3,0,1,"CALIBRATION - (WIRE FEED) - 365 DAY",NULL,365,NULL,NULL,NULL,NULL,NULL,NULL,NULL,,"SUBMIT WEVR PAPERWORK. WORK ORDER WILL NOT CLOSE UNLESS PAPERWORK IS CORRECT & SUBMITTED.",16222,7,NULL,NULL,47995,2781,fd995c22-5e47-42f7-a494-5df086f73f92
36867,53097,"2026-08-04 06:07:36",3,0,1,"CALIBRATION - (WIRE FEED) - 90 DAY",NULL,90,NULL,NULL,NULL,NULL,NULL,NULL,NULL,,"SUBMIT WEVR PAPERWORK. WORK ORDER WILL NOT CLOSE UNLESS PAPERWORK IS CORRECT & SUBMITTED.",16222,7,NULL,NULL,47994,2782,cd976d08-cdc0-452c-be6d-2ff65e25d73e
34385,53098,"2026-07-27 02:54:20",3,0,1,"1 YEAR SERVICE (FROSTFIGHTERS)",NULL,365,NULL,NULL,NULL,NULL,NULL,NULL,NULL,"SEE EQUIPMENT DETAILS - PARTS TAB OR WRITE IN PARTS USED:
","CHECK INJECTORS
CHANGE FUEL FILTER
CHECK NEEDLES/GAUGES/SWITCHES
CHECK FUEL LINE
CHECK FUEL PUMP
",1288,7,NULL,NULL,47816,2568,9d1df9c9-1777-4595-85d7-0912185e89e2
36796,53099,"2026-08-04 06:06:13",3,0,1,"CALIBRATION - (WIRE FEED) - 365 DAY",NULL,365,NULL,NULL,NULL,NULL,NULL,NULL,NULL,,"SUBMIT WEVR PAPERWORK. WORK ORDER WILL NOT CLOSE UNLESS PAPERWORK IS CORRECT & SUBMITTED.",16222,7,NULL,NULL,47997,2781,e753bb50-18c7-44c6-a927-23f8d171a6ea
36868,53099,"2026-08-04 06:07:37",3,0,1,"CALIBRATION - (WIRE FEED) - 90 DAY",NULL,90,NULL,NULL,NULL,NULL,NULL,NULL,NULL,,"SUBMIT WEVR PAPERWORK. WORK ORDER WILL NOT CLOSE UNLESS PAPERWORK IS CORRECT & SUBMITTED.",16222,7,NULL,NULL,47996,2782,6cc7e1ce-3bc4-48f7-a1ae-c27b5cf3676d
36794,53100,"2026-08-04 06:06:12",3,0,1,"CALIBRATION - (WIRE FEED) - 365 DAY",NULL,365,NULL,NULL,NULL,NULL,NULL,NULL,NULL,,"SUBMIT WEVR PAPERWORK. WORK ORDER WILL NOT CLOSE UNLESS PAPERWORK IS CORRECT & SUBMITTED.",16222,7,NULL,NULL,47993,2781,8f10da1a-f83b-4c9a-a7a9-a1151d0e222a
36866,53100,"2026-08-04 06:07:36",3,0,1,"CALIBRATION - (WIRE FEED) - 90 DAY",NULL,90,NULL,NULL,NULL,NULL,NULL,NULL,NULL,,"SUBMIT WEVR PAPERWORK. WORK ORDER WILL NOT CLOSE UNLESS PAPERWORK IS CORRECT & SUBMITTED.",16222,7,NULL,NULL,47992,2782,2b7e747c-5dcb-4d85-bdd8-a66aceae93d7
35935,53101,"2026-07-31 15:47:07",1,0,1,"750 HR SERVICE (LIGHT PLANT/TOWER)",750,NULL,NULL,NULL,NULL,NULL,NULL,NULL,NULL,"SEE EQUIPMENT DETAILS - PARTS TAB OR WRITE IN PARTS USED:
","CHANGE ENGINE OIL & FILTER 
CHANGE AIR FILTER 
CHANGE FUEL FILTER 
BELT & BELT TENSION - INSPECT/ADJUST/REPLACE 
INSPECT BATTERY CONDITION 
RESET MAINTENANCE ALARM (REFERENCE PAGE 41 IN OPS MANUAL FOR CODE) FOR MLT65MD LIIGHT TOWERS 
",1288,NULL,40,NULL,47770,2750,6ece752f-bf5f-45c6-a820-9064908f58be
36715,53102,"2026-07-31 18:35:12",1,0,1,"500 HR SERVICE (GENERATOR)",500,NULL,NULL,NULL,NULL,NULL,NULL,NULL,NULL,"SEE EQUIPMENT DETAILS - PARTS TAB OR WRITE IN PARTS USED:
","CHANGE ENGINE OIL & FILTER
CHANGE FUEL FILTERS
CHANGE AIR FILTERS",1288,NULL,40,NULL,47778,2695,df078590-5016-42aa-9245-848f9819f86c
35447,53103,"2026-07-30 19:27:32",1,0,1,"250 HR SERVICE (WELDER MILLER 400)",250,NULL,NULL,NULL,NULL,NULL,NULL,NULL,NULL,"SEE EQUIPMENT DETAILS - PARTS TAB OR WRITE IN PARTS USED:

","CHANGE ENGINE OIL & FILTER
REPLACE FUEL FILTER(S)
INSPECT/REPLACE AIR FILTER

CHECK ALTERNATOR OUTPUT
CHECK BATTERY CONDITION
INSPECT COOLING SYSTEM
INSPECT ENGINE MOUNTS
INSPECT EXHAUST SYSTEM
CHECK FOR OIL LEAKS
CHECK FOR FUEL LEAKS
INSPECT WELD LEADS
INSPECT ELECTRODE HOLDER
INSPECT GROUND CLAMP
CHECK AC/DC OUTPUT
VERIFY AUXILIARY POWER OUTPUT
CLEAN MACHINE INTERIOR
REMOVE DEBRIS FROM COOLING SYSTEM
OPERATIONAL TEST
",1288,NULL,30,NULL,48361,2678,501755a1-dff6-4c19-a459-3cb39b31a001
35537,53103,"2026-07-30 20:35:09",3,0,1,"CALIBRATION - (WELDER) - 365 DAY",NULL,365,NULL,NULL,NULL,NULL,NULL,NULL,NULL,,"SUBMIT WEVR PAPERWORK. WORK ORDER WILL NOT CLOSE UNLESS PAPERWORK IS CORRECT & SUBMITTED.",1288,7,NULL,NULL,NULL,2755,4aef6218-95c0-4779-ad59-5cc80c77930f
35598,53103,"2026-07-30 20:39:09",3,0,1,"CALIBRATION - (WELDER) - 90 DAY",NULL,90,NULL,NULL,NULL,NULL,NULL,NULL,NULL,,"SUBMIT WEVR PAPERWORK. WORK ORDER WILL NOT CLOSE UNLESS PAPERWORK IS CORRECT & SUBMITTED.",1288,7,NULL,NULL,NULL,2756,c2084f01-1a14-4abe-8d32-0b38be012d34
36716,53105,"2026-07-31 18:35:12",1,0,1,"500 HR SERVICE (GENERATOR)",500,NULL,NULL,NULL,NULL,NULL,NULL,NULL,NULL,"SEE EQUIPMENT DETAILS - PARTS TAB OR WRITE IN PARTS USED:
","CHANGE ENGINE OIL & FILTER
CHANGE FUEL FILTERS
CHANGE AIR FILTERS",1288,NULL,40,NULL,47779,2695,f82e4bcc-da06-4e2a-a7df-c70f2dc6bcfd
36802,53106,"2026-08-04 06:06:17",3,0,1,"CALIBRATION - (WIRE FEED) - 365 DAY",NULL,365,NULL,NULL,NULL,NULL,NULL,NULL,NULL,,"SUBMIT WEVR PAPERWORK. WORK ORDER WILL NOT CLOSE UNLESS PAPERWORK IS CORRECT & SUBMITTED.",16222,7,NULL,NULL,48012,2781,8f42f526-7cf4-4085-a79b-fd68476330d6
36874,53106,"2026-08-04 06:07:42",3,0,1,"CALIBRATION - (WIRE FEED) - 90 DAY",NULL,90,NULL,NULL,NULL,NULL,NULL,NULL,NULL,,"SUBMIT WEVR PAPERWORK. WORK ORDER WILL NOT CLOSE UNLESS PAPERWORK IS CORRECT & SUBMITTED.",16222,7,NULL,NULL,48011,2782,2640cc31-5ee7-4753-b5b1-74357b6482b6
36807,53107,"2026-08-04 06:06:20",3,0,1,"CALIBRATION - (WIRE FEED) - 365 DAY",NULL,365,NULL,NULL,NULL,NULL,NULL,NULL,NULL,,"SUBMIT WEVR PAPERWORK. WORK ORDER WILL NOT CLOSE UNLESS PAPERWORK IS CORRECT & SUBMITTED.",16222,7,NULL,NULL,48022,2781,b08cdf30-0dcc-426a-a349-7b4e220c8dbd
36879,53107,"2026-08-04 06:07:47",3,0,1,"CALIBRATION - (WIRE FEED) - 90 DAY",NULL,90,NULL,NULL,NULL,NULL,NULL,NULL,NULL,,"SUBMIT WEVR PAPERWORK. WORK ORDER WILL NOT CLOSE UNLESS PAPERWORK IS CORRECT & SUBMITTED.",16222,7,NULL,NULL,48021,2782,6636c705-4e5a-433d-bda6-dc7f80b93f58
34388,53108,"2026-07-27 02:54:22",3,0,1,"1 YEAR SERVICE (FROSTFIGHTERS)",NULL,365,NULL,NULL,NULL,NULL,NULL,NULL,NULL,"SEE EQUIPMENT DETAILS - PARTS TAB OR WRITE IN PARTS USED:
","CHECK INJECTORS
CHANGE FUEL FILTER
CHECK NEEDLES/GAUGES/SWITCHES
CHECK FUEL LINE
CHECK FUEL PUMP
",1288,7,NULL,NULL,47820,2568,82391a9b-26be-4cc2-9d7c-87579c6d5df6
36808,53109,"2026-08-04 06:06:20",3,0,1,"CALIBRATION - (WIRE FEED) - 365 DAY",NULL,365,NULL,NULL,NULL,NULL,NULL,NULL,NULL,,"SUBMIT WEVR PAPERWORK. WORK ORDER WILL NOT CLOSE UNLESS PAPERWORK IS CORRECT & SUBMITTED.",16222,7,NULL,NULL,48024,2781,5681b653-df54-4db2-8955-8ed7edc201b3
36880,53109,"2026-08-04 06:07:48",3,0,1,"CALIBRATION - (WIRE FEED) - 90 DAY",NULL,90,NULL,NULL,NULL,NULL,NULL,NULL,NULL,,"SUBMIT WEVR PAPERWORK. WORK ORDER WILL NOT CLOSE UNLESS PAPERWORK IS CORRECT & SUBMITTED.",16222,7,NULL,NULL,48023,2782,a476dfe6-9d19-42aa-a452-8ae0a5e95c9c
36698,53110,"2026-07-31 18:34:59",1,0,1,"500 HR SERVICE (GENERATOR)",500,NULL,NULL,NULL,NULL,NULL,NULL,NULL,NULL,"SEE EQUIPMENT DETAILS - PARTS TAB OR WRITE IN PARTS USED:
","CHANGE ENGINE OIL & FILTER
CHANGE FUEL FILTERS
CHANGE AIR FILTERS",1288,NULL,40,NULL,NULL,2695,ed25e48f-1137-411f-bc83-c20572ba8040
35937,53111,"2026-07-31 15:47:09",1,0,1,"750 HR SERVICE (LIGHT PLANT/TOWER)",750,NULL,NULL,NULL,NULL,NULL,NULL,NULL,NULL,"SEE EQUIPMENT DETAILS - PARTS TAB OR WRITE IN PARTS USED:
","CHANGE ENGINE OIL & FILTER 
CHANGE AIR FILTER 
CHANGE FUEL FILTER 
BELT & BELT TENSION - INSPECT/ADJUST/REPLACE 
INSPECT BATTERY CONDITION 
RESET MAINTENANCE ALARM (REFERENCE PAGE 41 IN OPS MANUAL FOR CODE) FOR MLT65MD LIIGHT TOWERS 
",1288,NULL,40,NULL,47782,2750,b2f76fd5-b2c8-42e6-a837-3275c430c440
36798,53112,"2026-08-04 06:06:14",3,0,1,"CALIBRATION - (WIRE FEED) - 365 DAY",NULL,365,NULL,NULL,NULL,NULL,NULL,NULL,NULL,,"SUBMIT WEVR PAPERWORK. WORK ORDER WILL NOT CLOSE UNLESS PAPERWORK IS CORRECT & SUBMITTED.",16222,7,NULL,NULL,48001,2781,148c9ec9-31b2-43fc-9397-f444ef82454b
36870,53112,"2026-08-04 06:07:39",3,0,1,"CALIBRATION - (WIRE FEED) - 90 DAY",NULL,90,NULL,NULL,NULL,NULL,NULL,NULL,NULL,,"SUBMIT WEVR PAPERWORK. WORK ORDER WILL NOT CLOSE UNLESS PAPERWORK IS CORRECT & SUBMITTED.",16222,7,NULL,NULL,48000,2782,2056a51c-ecfd-49b8-a676-3ac489f5c04b
36799,53113,"2026-08-04 06:06:15",3,0,1,"CALIBRATION - (WIRE FEED) - 365 DAY",NULL,365,NULL,NULL,NULL,NULL,NULL,NULL,NULL,,"SUBMIT WEVR PAPERWORK. WORK ORDER WILL NOT CLOSE UNLESS PAPERWORK IS CORRECT & SUBMITTED.",16222,7,NULL,NULL,48003,2781,1f078d07-89ab-4918-aaa1-83ec521cc5cb
36871,53113,"2026-08-04 06:07:39",3,0,1,"CALIBRATION - (WIRE FEED) - 90 DAY",NULL,90,NULL,NULL,NULL,NULL,NULL,NULL,NULL,,"SUBMIT WEVR PAPERWORK. WORK ORDER WILL NOT CLOSE UNLESS PAPERWORK IS CORRECT & SUBMITTED.",16222,7,NULL,NULL,48002,2782,2eaa2a6a-68fe-45d0-9124-464d9460fbdc
34397,53114,"2026-07-27 02:54:28",3,0,1,"1 YEAR SERVICE (FROSTFIGHTERS)",NULL,365,NULL,NULL,NULL,NULL,NULL,NULL,NULL,"SEE EQUIPMENT DETAILS - PARTS TAB OR WRITE IN PARTS USED:
","CHECK INJECTORS
CHANGE FUEL FILTER
CHECK NEEDLES/GAUGES/SWITCHES
CHECK FUEL LINE
CHECK FUEL PUMP
",1288,7,NULL,NULL,47831,2568,6b29fe28-61a4-443b-87d2-1155356d8df1
36717,53115,"2026-07-31 18:35:13",1,0,1,"500 HR SERVICE (GENERATOR)",500,NULL,NULL,NULL,NULL,NULL,NULL,NULL,NULL,"SEE EQUIPMENT DETAILS - PARTS TAB OR WRITE IN PARTS USED:
","CHANGE ENGINE OIL & FILTER
CHANGE FUEL FILTERS
CHANGE AIR FILTERS",1288,NULL,40,NULL,47781,2695,c7a8300e-a9fa-4759-9df5-a5681876580c
36728,53116,"2026-07-31 18:36:48",1,1,0,"500 HR SERVICE (GROUND HEATER)",500,NULL,NULL,NULL,NULL,NULL,NULL,NULL,NULL,"SEE EQUIPMENT DETAILS - PARTS TAB OR WRITE IN PARTS USED:
","CHANGE ENGINE OIL & FILTER
CHANGE AIR FILTER
CHANGE FUEL FILTER
",1288,NULL,40,NULL,NULL,2697,261a966e-5516-46cd-8b57-862486e5af5b
36788,53116,"2026-08-04 05:17:48",1,0,1,"500 HR SERVICE (GROUND HEATER)",500,NULL,NULL,NULL,NULL,NULL,NULL,NULL,NULL,"SEE EQUIPMENT DETAILS - PARTS TAB OR WRITE IN PARTS USED:
","CHANGE ENGINE OIL & FILTER
CHANGE AIR FILTER
CHANGE FUEL FILTER

*HOUR METER = GENSET & OIL
**ODOMETER METER = BURNER & PUMPS (WRITE IN NOTES)",1288,NULL,40,NULL,47814,2697,f7d6e650-475b-4456-a8ca-02a7fd4697d9
36797,53117,"2026-08-04 06:06:13",3,0,1,"CALIBRATION - (WIRE FEED) - 365 DAY",NULL,365,NULL,NULL,NULL,NULL,NULL,NULL,NULL,,"SUBMIT WEVR PAPERWORK. WORK ORDER WILL NOT CLOSE UNLESS PAPERWORK IS CORRECT & SUBMITTED.",16222,7,NULL,NULL,47999,2781,5f28cfaa-f0ef-4b25-bd1e-887c211eb278
36869,53117,"2026-08-04 06:07:38",3,0,1,"CALIBRATION - (WIRE FEED) - 90 DAY",NULL,90,NULL,NULL,NULL,NULL,NULL,NULL,NULL,,"SUBMIT WEVR PAPERWORK. WORK ORDER WILL NOT CLOSE UNLESS PAPERWORK IS CORRECT & SUBMITTED.",16222,7,NULL,NULL,47998,2782,07c4ec4f-f950-4c53-80cb-ac28a4d5962c
36702,53118,"2026-07-31 18:35:02",1,0,1,"500 HR SERVICE (GENERATOR)",500,NULL,NULL,NULL,NULL,NULL,NULL,NULL,NULL,"SEE EQUIPMENT DETAILS - PARTS TAB OR WRITE IN PARTS USED:
","CHANGE ENGINE OIL & FILTER
CHANGE FUEL FILTERS
CHANGE AIR FILTERS",1288,NULL,40,NULL,47780,2695,f61cab8c-cf44-44c3-8a43-681481537a33
36810,53119,"2026-08-04 06:06:21",3,0,1,"CALIBRATION - (WIRE FEED) - 365 DAY",NULL,365,NULL,NULL,NULL,NULL,NULL,NULL,NULL,,"SUBMIT WEVR PAPERWORK. WORK ORDER WILL NOT CLOSE UNLESS PAPERWORK IS CORRECT & SUBMITTED.",16222,7,NULL,NULL,48028,2781,c7b0022e-b81c-4864-94a2-f59e5bba0051
36882,53119,"2026-08-04 06:07:48",3,0,1,"CALIBRATION - (WIRE FEED) - 90 DAY",NULL,90,NULL,NULL,NULL,NULL,NULL,NULL,NULL,,"SUBMIT WEVR PAPERWORK. WORK ORDER WILL NOT CLOSE UNLESS PAPERWORK IS CORRECT & SUBMITTED.",16222,7,NULL,NULL,48027,2782,556d2076-5613-44ea-9f07-15a996d6e550
35453,53120,"2026-07-30 19:27:35",1,0,1,"250 HR SERVICE (WELDER MILLER 400)",250,NULL,NULL,NULL,NULL,NULL,NULL,NULL,NULL,"SEE EQUIPMENT DETAILS - PARTS TAB OR WRITE IN PARTS USED:

","CHANGE ENGINE OIL & FILTER
REPLACE FUEL FILTER(S)
INSPECT/REPLACE AIR FILTER

CHECK ALTERNATOR OUTPUT
CHECK BATTERY CONDITION
INSPECT COOLING SYSTEM
INSPECT ENGINE MOUNTS
INSPECT EXHAUST SYSTEM
CHECK FOR OIL LEAKS
CHECK FOR FUEL LEAKS
INSPECT WELD LEADS
INSPECT ELECTRODE HOLDER
INSPECT GROUND CLAMP
CHECK AC/DC OUTPUT
VERIFY AUXILIARY POWER OUTPUT
CLEAN MACHINE INTERIOR
REMOVE DEBRIS FROM COOLING SYSTEM
OPERATIONAL TEST
",1288,NULL,30,NULL,48374,2678,c38d2835-b3e2-41bf-b3fc-5757e388b155
35543,53120,"2026-07-30 20:35:12",3,0,1,"CALIBRATION - (WELDER) - 365 DAY",NULL,365,NULL,NULL,NULL,NULL,NULL,NULL,NULL,,"SUBMIT WEVR PAPERWORK. WORK ORDER WILL NOT CLOSE UNLESS PAPERWORK IS CORRECT & SUBMITTED.",1288,7,NULL,NULL,NULL,2755,bd9029e3-18a2-4958-917f-357a42069775
35604,53120,"2026-07-30 20:39:12",3,0,1,"CALIBRATION - (WELDER) - 90 DAY",NULL,90,NULL,NULL,NULL,NULL,NULL,NULL,NULL,,"SUBMIT WEVR PAPERWORK. WORK ORDER WILL NOT CLOSE UNLESS PAPERWORK IS CORRECT & SUBMITTED.",1288,7,NULL,NULL,NULL,2756,57a9b854-7525-4d63-86e7-e6402cdbfd4b
34393,53121,"2026-07-27 02:54:25",3,0,1,"1 YEAR SERVICE (FROSTFIGHTERS)",NULL,365,NULL,NULL,NULL,NULL,NULL,NULL,NULL,"SEE EQUIPMENT DETAILS - PARTS TAB OR WRITE IN PARTS USED:
","CHECK INJECTORS
CHANGE FUEL FILTER
CHECK NEEDLES/GAUGES/SWITCHES
CHECK FUEL LINE
CHECK FUEL PUMP
",1288,7,NULL,NULL,47827,2568,273d51f1-ca28-466e-9c45-ab3015521fe2
36809,53122,"2026-08-04 06:06:21",3,0,1,"CALIBRATION - (WIRE FEED) - 365 DAY",NULL,365,NULL,NULL,NULL,NULL,NULL,NULL,NULL,,"SUBMIT WEVR PAPERWORK. WORK ORDER WILL NOT CLOSE UNLESS PAPERWORK IS CORRECT & SUBMITTED.",16222,7,NULL,NULL,48026,2781,5fe72da8-77d1-4e38-870d-6086f37fd23d
36881,53122,"2026-08-04 06:07:48",3,0,1,"CALIBRATION - (WIRE FEED) - 90 DAY",NULL,90,NULL,NULL,NULL,NULL,NULL,NULL,NULL,,"SUBMIT WEVR PAPERWORK. WORK ORDER WILL NOT CLOSE UNLESS PAPERWORK IS CORRECT & SUBMITTED.",16222,7,NULL,NULL,48025,2782,d80ea331-1eb6-4cc4-9831-8c03dfdef4c0
34390,53123,"2026-07-27 02:54:23",3,0,1,"1 YEAR SERVICE (FROSTFIGHTERS)",NULL,365,NULL,NULL,NULL,NULL,NULL,NULL,NULL,"SEE EQUIPMENT DETAILS - PARTS TAB OR WRITE IN PARTS USED:
","CHECK INJECTORS
CHANGE FUEL FILTER
CHECK NEEDLES/GAUGES/SWITCHES
CHECK FUEL LINE
CHECK FUEL PUMP
",1288,7,NULL,NULL,47822,2568,2735dc9a-c757-4305-817c-1e43f4604f18
36705,53124,"2026-07-31 18:35:04",1,0,1,"500 HR SERVICE (GENERATOR)",500,NULL,NULL,NULL,NULL,NULL,NULL,NULL,NULL,"SEE EQUIPMENT DETAILS - PARTS TAB OR WRITE IN PARTS USED:
","CHANGE ENGINE OIL & FILTER
CHANGE FUEL FILTERS
CHANGE AIR FILTERS",1288,NULL,40,NULL,47792,2695,db0b2325-7fc3-4a4b-ba2a-12d0caa17435
35941,53125,"2026-07-31 15:47:11",1,0,1,"750 HR SERVICE (LIGHT PLANT/TOWER)",750,NULL,NULL,NULL,NULL,NULL,NULL,NULL,NULL,"SEE EQUIPMENT DETAILS - PARTS TAB OR WRITE IN PARTS USED:
","CHANGE ENGINE OIL & FILTER 
CHANGE AIR FILTER 
CHANGE FUEL FILTER 
BELT & BELT TENSION - INSPECT/ADJUST/REPLACE 
INSPECT BATTERY CONDITION 
RESET MAINTENANCE ALARM (REFERENCE PAGE 41 IN OPS MANUAL FOR CODE) FOR MLT65MD LIIGHT TOWERS 
",1288,NULL,40,NULL,47793,2750,84b9d190-3097-4eab-960b-d9311cc02ae2
36704,53126,"2026-07-31 18:35:03",1,0,1,"500 HR SERVICE (GENERATOR)",500,NULL,NULL,NULL,NULL,NULL,NULL,NULL,NULL,"SEE EQUIPMENT DETAILS - PARTS TAB OR WRITE IN PARTS USED:
","CHANGE ENGINE OIL & FILTER
CHANGE FUEL FILTERS
CHANGE AIR FILTERS",1288,NULL,40,NULL,47791,2695,1e519dd9-42a1-4925-ad8d-1943a146bdca
36811,53127,"2026-08-04 06:06:22",3,0,1,"CALIBRATION - (WIRE FEED) - 365 DAY",NULL,365,NULL,NULL,NULL,NULL,NULL,NULL,NULL,,"SUBMIT WEVR PAPERWORK. WORK ORDER WILL NOT CLOSE UNLESS PAPERWORK IS CORRECT & SUBMITTED.",16222,7,NULL,NULL,48030,2781,d5f0ddb4-a4e1-4f39-b703-4e5e5eb900fd
36883,53127,"2026-08-04 06:07:50",3,0,1,"CALIBRATION - (WIRE FEED) - 90 DAY",NULL,90,NULL,NULL,NULL,NULL,NULL,NULL,NULL,,"SUBMIT WEVR PAPERWORK. WORK ORDER WILL NOT CLOSE UNLESS PAPERWORK IS CORRECT & SUBMITTED.",16222,7,NULL,NULL,48029,2782,fb7e94ac-095f-44b2-b3ce-c1bd1bd8e264
35451,53128,"2026-07-30 19:27:34",1,0,1,"250 HR SERVICE (WELDER MILLER 400)",250,NULL,NULL,NULL,NULL,NULL,NULL,NULL,NULL,"SEE EQUIPMENT DETAILS - PARTS TAB OR WRITE IN PARTS USED:

","CHANGE ENGINE OIL & FILTER
REPLACE FUEL FILTER(S)
INSPECT/REPLACE AIR FILTER

CHECK ALTERNATOR OUTPUT
CHECK BATTERY CONDITION
INSPECT COOLING SYSTEM
INSPECT ENGINE MOUNTS
INSPECT EXHAUST SYSTEM
CHECK FOR OIL LEAKS
CHECK FOR FUEL LEAKS
INSPECT WELD LEADS
INSPECT ELECTRODE HOLDER
INSPECT GROUND CLAMP
CHECK AC/DC OUTPUT
VERIFY AUXILIARY POWER OUTPUT
CLEAN MACHINE INTERIOR
REMOVE DEBRIS FROM COOLING SYSTEM
OPERATIONAL TEST
",1288,NULL,30,NULL,48369,2678,3b9a02de-cdd7-4fab-b88f-f81fa291f56b
35541,53128,"2026-07-30 20:35:11",3,0,1,"CALIBRATION - (WELDER) - 365 DAY",NULL,365,NULL,NULL,NULL,NULL,NULL,NULL,NULL,,"SUBMIT WEVR PAPERWORK. WORK ORDER WILL NOT CLOSE UNLESS PAPERWORK IS CORRECT & SUBMITTED.",1288,7,NULL,NULL,NULL,2755,e594e550-79b8-442a-bcb9-a9fb2473ffac
35602,53128,"2026-07-30 20:39:11",3,0,1,"CALIBRATION - (WELDER) - 90 DAY",NULL,90,NULL,NULL,NULL,NULL,NULL,NULL,NULL,,"SUBMIT WEVR PAPERWORK. WORK ORDER WILL NOT CLOSE UNLESS PAPERWORK IS CORRECT & SUBMITTED.",1288,7,NULL,NULL,NULL,2756,019aa533-8ba6-4755-afb0-be4f7a248070
36805,53129,"2026-08-04 06:06:18",3,0,1,"CALIBRATION - (WIRE FEED) - 365 DAY",NULL,365,NULL,NULL,NULL,NULL,NULL,NULL,NULL,,"SUBMIT WEVR PAPERWORK. WORK ORDER WILL NOT CLOSE UNLESS PAPERWORK IS CORRECT & SUBMITTED.",16222,7,NULL,NULL,48018,2781,d490e3e2-a286-4dca-b9b7-a97df4f79b75
36877,53129,"2026-08-04 06:07:46",3,0,1,"CALIBRATION - (WIRE FEED) - 90 DAY",NULL,90,NULL,NULL,NULL,NULL,NULL,NULL,NULL,,"SUBMIT WEVR PAPERWORK. WORK ORDER WILL NOT CLOSE UNLESS PAPERWORK IS CORRECT & SUBMITTED.",16222,7,NULL,NULL,48017,2782,d2a83238-956b-4344-9189-18df71025496
36709,53130,"2026-07-31 18:35:06",1,0,1,"500 HR SERVICE (GENERATOR)",500,NULL,NULL,NULL,NULL,NULL,NULL,NULL,NULL,"SEE EQUIPMENT DETAILS - PARTS TAB OR WRITE IN PARTS USED:
","CHANGE ENGINE OIL & FILTER
CHANGE FUEL FILTERS
CHANGE AIR FILTERS",1288,NULL,40,NULL,47067,2695,6ffc8640-4f0c-44ea-af9e-770af50056f4
36816,53131,"2026-08-04 06:06:26",3,0,1,"CALIBRATION - (WIRE FEED) - 365 DAY",NULL,365,NULL,NULL,NULL,NULL,NULL,NULL,NULL,,"SUBMIT WEVR PAPERWORK. WORK ORDER WILL NOT CLOSE UNLESS PAPERWORK IS CORRECT & SUBMITTED.",16222,7,NULL,NULL,48040,2781,cb5cac14-2eaa-47de-8668-137ad7976e6f
36888,53131,"2026-08-04 06:07:52",3,0,1,"CALIBRATION - (WIRE FEED) - 90 DAY",NULL,90,NULL,NULL,NULL,NULL,NULL,NULL,NULL,,"SUBMIT WEVR PAPERWORK. WORK ORDER WILL NOT CLOSE UNLESS PAPERWORK IS CORRECT & SUBMITTED.",16222,7,NULL,NULL,48039,2782,af8e10d0-7240-49ef-a538-448946abb47b
36815,53132,"2026-08-04 06:06:26",3,0,1,"CALIBRATION - (WIRE FEED) - 365 DAY",NULL,365,NULL,NULL,NULL,NULL,NULL,NULL,NULL,,"SUBMIT WEVR PAPERWORK. WORK ORDER WILL NOT CLOSE UNLESS PAPERWORK IS CORRECT & SUBMITTED.",16222,7,NULL,NULL,48038,2781,6c71712a-db4c-4141-89d6-f4d71e2a4fdd
36887,53132,"2026-08-04 06:07:52",3,0,1,"CALIBRATION - (WIRE FEED) - 90 DAY",NULL,90,NULL,NULL,NULL,NULL,NULL,NULL,NULL,,"SUBMIT WEVR PAPERWORK. WORK ORDER WILL NOT CLOSE UNLESS PAPERWORK IS CORRECT & SUBMITTED.",16222,7,NULL,NULL,48037,2782,9126c715-a534-4f5d-914a-c7602473e60f
35446,53133,"2026-07-30 19:27:31",1,0,1,"250 HR SERVICE (WELDER MILLER 400)",250,NULL,NULL,NULL,NULL,NULL,NULL,NULL,NULL,"SEE EQUIPMENT DETAILS - PARTS TAB OR WRITE IN PARTS USED:

","CHANGE ENGINE OIL & FILTER
REPLACE FUEL FILTER(S)
INSPECT/REPLACE AIR FILTER

CHECK ALTERNATOR OUTPUT
CHECK BATTERY CONDITION
INSPECT COOLING SYSTEM
INSPECT ENGINE MOUNTS
INSPECT EXHAUST SYSTEM
CHECK FOR OIL LEAKS
CHECK FOR FUEL LEAKS
INSPECT WELD LEADS
INSPECT ELECTRODE HOLDER
INSPECT GROUND CLAMP
CHECK AC/DC OUTPUT
VERIFY AUXILIARY POWER OUTPUT
CLEAN MACHINE INTERIOR
REMOVE DEBRIS FROM COOLING SYSTEM
OPERATIONAL TEST
",1288,NULL,30,NULL,48359,2678,3dd51b3c-d1ba-4673-a790-0a84f898cc92
35536,53133,"2026-07-30 20:35:09",3,0,1,"CALIBRATION - (WELDER) - 365 DAY",NULL,365,NULL,NULL,NULL,NULL,NULL,NULL,NULL,,"SUBMIT WEVR PAPERWORK. WORK ORDER WILL NOT CLOSE UNLESS PAPERWORK IS CORRECT & SUBMITTED.",1288,7,NULL,NULL,NULL,2755,72950743-864d-49b6-8c65-1e774eefe5be
35597,53133,"2026-07-30 20:39:09",3,0,1,"CALIBRATION - (WELDER) - 90 DAY",NULL,90,NULL,NULL,NULL,NULL,NULL,NULL,NULL,,"SUBMIT WEVR PAPERWORK. WORK ORDER WILL NOT CLOSE UNLESS PAPERWORK IS CORRECT & SUBMITTED.",1288,7,NULL,NULL,NULL,2756,a52c4cdc-086e-488d-b37a-bd5ff8db9ccd
36703,53134,"2026-07-31 18:35:03",1,0,1,"500 HR SERVICE (GENERATOR)",500,NULL,NULL,NULL,NULL,NULL,NULL,NULL,NULL,"SEE EQUIPMENT DETAILS - PARTS TAB OR WRITE IN PARTS USED:
","CHANGE ENGINE OIL & FILTER
CHANGE FUEL FILTERS
CHANGE AIR FILTERS",1288,NULL,40,NULL,47790,2695,603e0c9f-a4fa-4052-bf22-76fca8627fa3
36707,53135,"2026-07-31 18:35:05",1,0,1,"500 HR SERVICE (GENERATOR)",500,NULL,NULL,NULL,NULL,NULL,NULL,NULL,NULL,"SEE EQUIPMENT DETAILS - PARTS TAB OR WRITE IN PARTS USED:
","CHANGE ENGINE OIL & FILTER
CHANGE FUEL FILTERS
CHANGE AIR FILTERS",1288,NULL,40,NULL,47796,2695,8c5dd3a8-4e45-42c5-b5de-65806495a3b7
34387,53136,"2026-07-27 02:54:21",3,0,1,"1 YEAR SERVICE (FROSTFIGHTERS)",NULL,365,NULL,NULL,NULL,NULL,NULL,NULL,NULL,"SEE EQUIPMENT DETAILS - PARTS TAB OR WRITE IN PARTS USED:
","CHECK INJECTORS
CHANGE FUEL FILTER
CHECK NEEDLES/GAUGES/SWITCHES
CHECK FUEL LINE
CHECK FUEL PUMP
",1288,7,NULL,NULL,47819,2568,91fd4776-5feb-4139-a382-3efbcadd1eb2
36812,53137,"2026-08-04 06:06:24",3,0,1,"CALIBRATION - (WIRE FEED) - 365 DAY",NULL,365,NULL,NULL,NULL,NULL,NULL,NULL,NULL,,"SUBMIT WEVR PAPERWORK. WORK ORDER WILL NOT CLOSE UNLESS PAPERWORK IS CORRECT & SUBMITTED.",16222,7,NULL,NULL,48032,2781,674600c1-1030-4097-b8df-5bcc6bfcfe38
36884,53137,"2026-08-04 06:07:50",3,0,1,"CALIBRATION - (WIRE FEED) - 90 DAY",NULL,90,NULL,NULL,NULL,NULL,NULL,NULL,NULL,,"SUBMIT WEVR PAPERWORK. WORK ORDER WILL NOT CLOSE UNLESS PAPERWORK IS CORRECT & SUBMITTED.",16222,7,NULL,NULL,48031,2782,57b2e640-465a-4863-a594-cb9116825b5d
35450,53138,"2026-07-30 19:27:34",1,0,1,"250 HR SERVICE (WELDER MILLER 400)",250,NULL,NULL,NULL,NULL,NULL,NULL,NULL,NULL,"SEE EQUIPMENT DETAILS - PARTS TAB OR WRITE IN PARTS USED:

","CHANGE ENGINE OIL & FILTER
REPLACE FUEL FILTER(S)
INSPECT/REPLACE AIR FILTER

CHECK ALTERNATOR OUTPUT
CHECK BATTERY CONDITION
INSPECT COOLING SYSTEM
INSPECT ENGINE MOUNTS
INSPECT EXHAUST SYSTEM
CHECK FOR OIL LEAKS
CHECK FOR FUEL LEAKS
INSPECT WELD LEADS
INSPECT ELECTRODE HOLDER
INSPECT GROUND CLAMP
CHECK AC/DC OUTPUT
VERIFY AUXILIARY POWER OUTPUT
CLEAN MACHINE INTERIOR
REMOVE DEBRIS FROM COOLING SYSTEM
OPERATIONAL TEST
",1288,NULL,30,NULL,48367,2678,b9f9c55f-ee85-469b-ad0a-cbc77c663a9e
35540,53138,"2026-07-30 20:35:10",3,0,1,"CALIBRATION - (WELDER) - 365 DAY",NULL,365,NULL,NULL,NULL,NULL,NULL,NULL,NULL,,"SUBMIT WEVR PAPERWORK. WORK ORDER WILL NOT CLOSE UNLESS PAPERWORK IS CORRECT & SUBMITTED.",1288,7,NULL,NULL,NULL,2755,05f44335-607a-4973-801f-b0818ded3abc
35601,53138,"2026-07-30 20:39:10",3,0,1,"CALIBRATION - (WELDER) - 90 DAY",NULL,90,NULL,NULL,NULL,NULL,NULL,NULL,NULL,,"SUBMIT WEVR PAPERWORK. WORK ORDER WILL NOT CLOSE UNLESS PAPERWORK IS CORRECT & SUBMITTED.",1288,7,NULL,NULL,NULL,2756,666fac4b-c747-41cf-9938-c21e24cc24d6
36806,53139,"2026-08-04 06:06:19",3,0,1,"CALIBRATION - (WIRE FEED) - 365 DAY",NULL,365,NULL,NULL,NULL,NULL,NULL,NULL,NULL,,"SUBMIT WEVR PAPERWORK. WORK ORDER WILL NOT CLOSE UNLESS PAPERWORK IS CORRECT & SUBMITTED.",16222,7,NULL,NULL,48020,2781,66ba9ac7-ef35-49c0-9b32-e4c041ccbb9e
36878,53139,"2026-08-04 06:07:47",3,0,1,"CALIBRATION - (WIRE FEED) - 90 DAY",NULL,90,NULL,NULL,NULL,NULL,NULL,NULL,NULL,,"SUBMIT WEVR PAPERWORK. WORK ORDER WILL NOT CLOSE UNLESS PAPERWORK IS CORRECT & SUBMITTED.",16222,7,NULL,NULL,48019,2782,920b4c7a-8835-4528-a65b-f36c7968b989
36706,53140,"2026-07-31 18:35:04",1,0,1,"500 HR SERVICE (GENERATOR)",500,NULL,NULL,NULL,NULL,NULL,NULL,NULL,NULL,"SEE EQUIPMENT DETAILS - PARTS TAB OR WRITE IN PARTS USED:
","CHANGE ENGINE OIL & FILTER
CHANGE FUEL FILTERS
CHANGE AIR FILTERS",1288,NULL,40,NULL,47795,2695,232065eb-d8c9-439c-ab69-cb3e6f822e0c
36804,53141,"2026-08-04 06:06:18",3,0,1,"CALIBRATION - (WIRE FEED) - 365 DAY",NULL,365,NULL,NULL,NULL,NULL,NULL,NULL,NULL,,"SUBMIT WEVR PAPERWORK. WORK ORDER WILL NOT CLOSE UNLESS PAPERWORK IS CORRECT & SUBMITTED.",16222,7,NULL,NULL,48016,2781,01f053ab-dd3c-46dc-b3cb-c945d36606e5
36876,53141,"2026-08-04 06:07:43",3,0,1,"CALIBRATION - (WIRE FEED) - 90 DAY",NULL,90,NULL,NULL,NULL,NULL,NULL,NULL,NULL,,"SUBMIT WEVR PAPERWORK. WORK ORDER WILL NOT CLOSE UNLESS PAPERWORK IS CORRECT & SUBMITTED.",16222,7,NULL,NULL,48015,2782,7b6a6bf3-a7d8-4d93-abd7-6ef3c303ec24
36814,53142,"2026-08-04 06:06:25",3,0,1,"CALIBRATION - (WIRE FEED) - 365 DAY",NULL,365,NULL,NULL,NULL,NULL,NULL,NULL,NULL,,"SUBMIT WEVR PAPERWORK. WORK ORDER WILL NOT CLOSE UNLESS PAPERWORK IS CORRECT & SUBMITTED.",16222,7,NULL,NULL,48036,2781,84dc5116-0263-4adc-88e7-7fbed6caabdd
36886,53142,"2026-08-04 06:07:51",3,0,1,"CALIBRATION - (WIRE FEED) - 90 DAY",NULL,90,NULL,NULL,NULL,NULL,NULL,NULL,NULL,,"SUBMIT WEVR PAPERWORK. WORK ORDER WILL NOT CLOSE UNLESS PAPERWORK IS CORRECT & SUBMITTED.",16222,7,NULL,NULL,48035,2782,32bb75f8-9f5b-4266-9eee-cc89063a6a27
34396,53143,"2026-07-27 02:54:28",3,0,1,"1 YEAR SERVICE (FROSTFIGHTERS)",NULL,365,NULL,NULL,NULL,NULL,NULL,NULL,NULL,"SEE EQUIPMENT DETAILS - PARTS TAB OR WRITE IN PARTS USED:
","CHECK INJECTORS
CHANGE FUEL FILTER
CHECK NEEDLES/GAUGES/SWITCHES
CHECK FUEL LINE
CHECK FUEL PUMP
",1288,7,NULL,NULL,47830,2568,6a4cbabd-dc00-4819-9310-ca527fc57fd1
36708,53144,"2026-07-31 18:35:05",1,0,1,"500 HR SERVICE (GENERATOR)",500,NULL,NULL,NULL,NULL,NULL,NULL,NULL,NULL,"SEE EQUIPMENT DETAILS - PARTS TAB OR WRITE IN PARTS USED:
","CHANGE ENGINE OIL & FILTER
CHANGE FUEL FILTERS
CHANGE AIR FILTERS",1288,NULL,40,NULL,47797,2695,d03d8f7d-f19f-432c-8814-4b17d2418bb8
35452,53145,"2026-07-30 19:27:35",1,0,1,"250 HR SERVICE (WELDER MILLER 400)",250,NULL,NULL,NULL,NULL,NULL,NULL,NULL,NULL,"SEE EQUIPMENT DETAILS - PARTS TAB OR WRITE IN PARTS USED:

","CHANGE ENGINE OIL & FILTER
REPLACE FUEL FILTER(S)
INSPECT/REPLACE AIR FILTER

CHECK ALTERNATOR OUTPUT
CHECK BATTERY CONDITION
INSPECT COOLING SYSTEM
INSPECT ENGINE MOUNTS
INSPECT EXHAUST SYSTEM
CHECK FOR OIL LEAKS
CHECK FOR FUEL LEAKS
INSPECT WELD LEADS
INSPECT ELECTRODE HOLDER
INSPECT GROUND CLAMP
CHECK AC/DC OUTPUT
VERIFY AUXILIARY POWER OUTPUT
CLEAN MACHINE INTERIOR
REMOVE DEBRIS FROM COOLING SYSTEM
OPERATIONAL TEST
",1288,NULL,30,NULL,48371,2678,ecf79bc8-cdd9-4dee-8e5b-46ad2d0120dc
35542,53145,"2026-07-30 20:35:11",3,0,1,"CALIBRATION - (WELDER) - 365 DAY",NULL,365,NULL,NULL,NULL,NULL,NULL,NULL,NULL,,"SUBMIT WEVR PAPERWORK. WORK ORDER WILL NOT CLOSE UNLESS PAPERWORK IS CORRECT & SUBMITTED.",1288,7,NULL,NULL,NULL,2755,bb2e94c6-ffbd-4e3c-812a-a14fd59f1b33
35603,53145,"2026-07-30 20:39:11",3,0,1,"CALIBRATION - (WELDER) - 90 DAY",NULL,90,NULL,NULL,NULL,NULL,NULL,NULL,NULL,,"SUBMIT WEVR PAPERWORK. WORK ORDER WILL NOT CLOSE UNLESS PAPERWORK IS CORRECT & SUBMITTED.",1288,7,NULL,NULL,NULL,2756,94c4e90e-6b4b-49a6-af2f-b242854de01b
36719,53146,"2026-07-31 18:35:14",1,0,1,"500 HR SERVICE (GENERATOR)",500,NULL,NULL,NULL,NULL,NULL,NULL,NULL,NULL,"SEE EQUIPMENT DETAILS - PARTS TAB OR WRITE IN PARTS USED:
","CHANGE ENGINE OIL & FILTER
CHANGE FUEL FILTERS
CHANGE AIR FILTERS",1288,NULL,40,NULL,NULL,2695,3afaac95-6756-4b16-a55d-f602db23fe84
34395,53147,"2026-07-27 02:54:27",3,0,1,"1 YEAR SERVICE (FROSTFIGHTERS)",NULL,365,NULL,NULL,NULL,NULL,NULL,NULL,NULL,"SEE EQUIPMENT DETAILS - PARTS TAB OR WRITE IN PARTS USED:
","CHECK INJECTORS
CHANGE FUEL FILTER
CHECK NEEDLES/GAUGES/SWITCHES
CHECK FUEL LINE
CHECK FUEL PUMP
",1288,7,NULL,NULL,47829,2568,ce80a314-277b-45f8-984e-8658bbdf95c5
36803,53148,"2026-08-04 06:06:17",3,0,1,"CALIBRATION - (WIRE FEED) - 365 DAY",NULL,365,NULL,NULL,NULL,NULL,NULL,NULL,NULL,,"SUBMIT WEVR PAPERWORK. WORK ORDER WILL NOT CLOSE UNLESS PAPERWORK IS CORRECT & SUBMITTED.",16222,7,NULL,NULL,48014,2781,fced7c19-85d5-4f92-b884-ee2f1432c6fa
36875,53148,"2026-08-04 06:07:43",3,0,1,"CALIBRATION - (WIRE FEED) - 90 DAY",NULL,90,NULL,NULL,NULL,NULL,NULL,NULL,NULL,,"SUBMIT WEVR PAPERWORK. WORK ORDER WILL NOT CLOSE UNLESS PAPERWORK IS CORRECT & SUBMITTED.",16222,7,NULL,NULL,48013,2782,46f8a2be-de89-4d7e-abf5-8b5025054f4f
36801,53149,"2026-08-04 06:06:16",3,0,1,"CALIBRATION - (WIRE FEED) - 365 DAY",NULL,365,NULL,NULL,NULL,NULL,NULL,NULL,NULL,,"SUBMIT WEVR PAPERWORK. WORK ORDER WILL NOT CLOSE UNLESS PAPERWORK IS CORRECT & SUBMITTED.",16222,7,NULL,NULL,48009,2781,b726a20e-3f9b-4eb9-8b6a-ca1f2778368e
36873,53149,"2026-08-04 06:07:42",3,0,1,"CALIBRATION - (WIRE FEED) - 90 DAY",NULL,90,NULL,NULL,NULL,NULL,NULL,NULL,NULL,,"SUBMIT WEVR PAPERWORK. WORK ORDER WILL NOT CLOSE UNLESS PAPERWORK IS CORRECT & SUBMITTED.",16222,7,NULL,NULL,48008,2782,3492cc53-ea81-4d14-936e-2666568f8126
36813,53150,"2026-08-04 06:06:25",3,0,1,"CALIBRATION - (WIRE FEED) - 365 DAY",NULL,365,NULL,NULL,NULL,NULL,NULL,NULL,NULL,,"SUBMIT WEVR PAPERWORK. WORK ORDER WILL NOT CLOSE UNLESS PAPERWORK IS CORRECT & SUBMITTED.",16222,7,NULL,NULL,48034,2781,3dcc766b-0b43-4fe6-a054-f09500074f74
36885,53150,"2026-08-04 06:07:51",3,0,1,"CALIBRATION - (WIRE FEED) - 90 DAY",NULL,90,NULL,NULL,NULL,NULL,NULL,NULL,NULL,,"SUBMIT WEVR PAPERWORK. WORK ORDER WILL NOT CLOSE UNLESS PAPERWORK IS CORRECT & SUBMITTED.",16222,7,NULL,NULL,48033,2782,fee5157b-63c6-4bde-926f-552475070782
36817,53151,"2026-08-04 06:06:27",3,0,1,"CALIBRATION - (WIRE FEED) - 365 DAY",NULL,365,NULL,NULL,NULL,NULL,NULL,NULL,NULL,,"SUBMIT WEVR PAPERWORK. WORK ORDER WILL NOT CLOSE UNLESS PAPERWORK IS CORRECT & SUBMITTED.",16222,7,NULL,NULL,48042,2781,67eb7b46-b353-414f-963a-072f9f179b42
36889,53151,"2026-08-04 06:07:52",3,0,1,"CALIBRATION - (WIRE FEED) - 90 DAY",NULL,90,NULL,NULL,NULL,NULL,NULL,NULL,NULL,,"SUBMIT WEVR PAPERWORK. WORK ORDER WILL NOT CLOSE UNLESS PAPERWORK IS CORRECT & SUBMITTED.",16222,7,NULL,NULL,48041,2782,c62952da-1d1b-4736-bdbd-fa9c1f2afef9
35448,53152,"2026-07-30 19:27:32",1,0,1,"250 HR SERVICE (WELDER MILLER 400)",250,NULL,NULL,NULL,NULL,NULL,NULL,NULL,NULL,"SEE EQUIPMENT DETAILS - PARTS TAB OR WRITE IN PARTS USED:

","CHANGE ENGINE OIL & FILTER
REPLACE FUEL FILTER(S)
INSPECT/REPLACE AIR FILTER

CHECK ALTERNATOR OUTPUT
CHECK BATTERY CONDITION
INSPECT COOLING SYSTEM
INSPECT ENGINE MOUNTS
INSPECT EXHAUST SYSTEM
CHECK FOR OIL LEAKS
CHECK FOR FUEL LEAKS
INSPECT WELD LEADS
INSPECT ELECTRODE HOLDER
INSPECT GROUND CLAMP
CHECK AC/DC OUTPUT
VERIFY AUXILIARY POWER OUTPUT
CLEAN MACHINE INTERIOR
REMOVE DEBRIS FROM COOLING SYSTEM
OPERATIONAL TEST
",1288,NULL,30,NULL,48363,2678,52766d2e-dca7-4776-970b-b6e6a852f1b6
35538,53152,"2026-07-30 20:35:10",3,0,1,"CALIBRATION - (WELDER) - 365 DAY",NULL,365,NULL,NULL,NULL,NULL,NULL,NULL,NULL,,"SUBMIT WEVR PAPERWORK. WORK ORDER WILL NOT CLOSE UNLESS PAPERWORK IS CORRECT & SUBMITTED.",1288,7,NULL,NULL,NULL,2755,5cf63d8a-11bf-4c5a-87ce-f867320efd12
35599,53152,"2026-07-30 20:39:10",3,0,1,"CALIBRATION - (WELDER) - 90 DAY",NULL,90,NULL,NULL,NULL,NULL,NULL,NULL,NULL,,"SUBMIT WEVR PAPERWORK. WORK ORDER WILL NOT CLOSE UNLESS PAPERWORK IS CORRECT & SUBMITTED.",1288,7,NULL,NULL,NULL,2756,801d9b8e-bef4-4812-8ecf-ba59cf2fcec7
34392,53153,"2026-07-27 02:54:25",3,0,1,"1 YEAR SERVICE (FROSTFIGHTERS)",NULL,365,NULL,NULL,NULL,NULL,NULL,NULL,NULL,"SEE EQUIPMENT DETAILS - PARTS TAB OR WRITE IN PARTS USED:
","CHECK INJECTORS
CHANGE FUEL FILTER
CHECK NEEDLES/GAUGES/SWITCHES
CHECK FUEL LINE
CHECK FUEL PUMP
",1288,7,NULL,NULL,47824,2568,1b997c4d-0c81-4d59-acb4-2b22d0d435ae
36720,53154,"2026-07-31 18:35:15",1,0,1,"500 HR SERVICE (GENERATOR)",500,NULL,NULL,NULL,NULL,NULL,NULL,NULL,NULL,"SEE EQUIPMENT DETAILS - PARTS TAB OR WRITE IN PARTS USED:
","CHANGE ENGINE OIL & FILTER
CHANGE FUEL FILTERS
CHANGE AIR FILTERS",1288,NULL,40,NULL,NULL,2695,9ff6de26-89f5-424c-a5d2-22400c3b2815
36718,53155,"2026-07-31 18:35:14",1,0,1,"500 HR SERVICE (GENERATOR)",500,NULL,NULL,NULL,NULL,NULL,NULL,NULL,NULL,"SEE EQUIPMENT DETAILS - PARTS TAB OR WRITE IN PARTS USED:
","CHANGE ENGINE OIL & FILTER
CHANGE FUEL FILTERS
CHANGE AIR FILTERS",1288,NULL,40,NULL,NULL,2695,d52b2228-6c06-4091-939b-009e24faf364
34398,53156,"2026-07-27 02:54:29",3,0,1,"1 YEAR SERVICE (FROSTFIGHTERS)",NULL,365,NULL,NULL,NULL,NULL,NULL,NULL,NULL,"SEE EQUIPMENT DETAILS - PARTS TAB OR WRITE IN PARTS USED:
","CHECK INJECTORS
CHANGE FUEL FILTER
CHECK NEEDLES/GAUGES/SWITCHES
CHECK FUEL LINE
CHECK FUEL PUMP
",1288,7,NULL,NULL,47832,2568,ebf3e0b1-44db-4a78-b4d6-540b48fb3fef
36819,53157,"2026-08-04 06:06:28",3,0,1,"CALIBRATION - (WIRE FEED) - 365 DAY",NULL,365,NULL,NULL,NULL,NULL,NULL,NULL,NULL,,"SUBMIT WEVR PAPERWORK. WORK ORDER WILL NOT CLOSE UNLESS PAPERWORK IS CORRECT & SUBMITTED.",16222,7,NULL,NULL,48046,2781,9eea1087-6d87-4391-8f02-d37a2fce0289
36892,53157,"2026-08-04 06:07:55",3,0,1,"CALIBRATION - (WIRE FEED) - 90 DAY",NULL,90,NULL,NULL,NULL,NULL,NULL,NULL,NULL,,"SUBMIT WEVR PAPERWORK. WORK ORDER WILL NOT CLOSE UNLESS PAPERWORK IS CORRECT & SUBMITTED.",16222,7,NULL,NULL,48045,2782,738ec94e-59d3-48ae-9756-c609883925f7
36820,53158,"2026-08-04 06:06:28",3,0,1,"CALIBRATION - (WIRE FEED) - 365 DAY",NULL,365,NULL,NULL,NULL,NULL,NULL,NULL,NULL,,"SUBMIT WEVR PAPERWORK. WORK ORDER WILL NOT CLOSE UNLESS PAPERWORK IS CORRECT & SUBMITTED.",16222,7,NULL,NULL,48048,2781,a8fcf5d3-b0c0-482a-a8bf-f38de07d9e30
36891,53158,"2026-08-04 06:07:55",3,0,1,"CALIBRATION - (WIRE FEED) - 90 DAY",NULL,90,NULL,NULL,NULL,NULL,NULL,NULL,NULL,,"SUBMIT WEVR PAPERWORK. WORK ORDER WILL NOT CLOSE UNLESS PAPERWORK IS CORRECT & SUBMITTED.",16222,7,NULL,NULL,48047,2782,5e69b24e-467a-4501-a96b-0a9015c536f3
36800,53160,"2026-08-04 06:06:16",3,0,1,"CALIBRATION - (WIRE FEED) - 365 DAY",NULL,365,NULL,NULL,NULL,NULL,NULL,NULL,NULL,,"SUBMIT WEVR PAPERWORK. WORK ORDER WILL NOT CLOSE UNLESS PAPERWORK IS CORRECT & SUBMITTED.",16222,7,NULL,NULL,48006,2781,3105ef0b-f36d-4099-bb62-d1168df35b25
36872,53160,"2026-08-04 06:07:40",3,0,1,"CALIBRATION - (WIRE FEED) - 90 DAY",NULL,90,NULL,NULL,NULL,NULL,NULL,NULL,NULL,,"SUBMIT WEVR PAPERWORK. WORK ORDER WILL NOT CLOSE UNLESS PAPERWORK IS CORRECT & SUBMITTED.",16222,7,NULL,NULL,48005,2782,fcdf938a-da12-4018-80d6-adf1f74b7ac7
34400,53161,"2026-07-27 02:54:31",3,0,1,"1 YEAR SERVICE (FROSTFIGHTERS)",NULL,365,NULL,NULL,NULL,NULL,NULL,NULL,NULL,"SEE EQUIPMENT DETAILS - PARTS TAB OR WRITE IN PARTS USED:
","CHECK INJECTORS
CHANGE FUEL FILTER
CHECK NEEDLES/GAUGES/SWITCHES
CHECK FUEL LINE
CHECK FUEL PUMP
",1288,7,NULL,NULL,47834,2568,4123dfed-ccee-4a24-a336-4634131649a0
36818,53162,"2026-08-04 06:06:27",3,0,1,"CALIBRATION - (WIRE FEED) - 365 DAY",NULL,365,NULL,NULL,NULL,NULL,NULL,NULL,NULL,,"SUBMIT WEVR PAPERWORK. WORK ORDER WILL NOT CLOSE UNLESS PAPERWORK IS CORRECT & SUBMITTED.",16222,7,NULL,NULL,48044,2781,a589cfc0-adf9-4af3-ae1b-dfd8e4e24c10
36890,53162,"2026-08-04 06:07:53",3,0,1,"CALIBRATION - (WIRE FEED) - 90 DAY",NULL,90,NULL,NULL,NULL,NULL,NULL,NULL,NULL,,"SUBMIT WEVR PAPERWORK. WORK ORDER WILL NOT CLOSE UNLESS PAPERWORK IS CORRECT & SUBMITTED.",16222,7,NULL,NULL,48043,2782,643de360-d991-4666-b8b6-8a1fa8e4729c
34399,53163,"2026-07-27 02:54:30",3,0,1,"1 YEAR SERVICE (FROSTFIGHTERS)",NULL,365,NULL,NULL,NULL,NULL,NULL,NULL,NULL,"SEE EQUIPMENT DETAILS - PARTS TAB OR WRITE IN PARTS USED:
","CHECK INJECTORS
CHANGE FUEL FILTER
CHECK NEEDLES/GAUGES/SWITCHES
CHECK FUEL LINE
CHECK FUEL PUMP
",1288,7,NULL,NULL,47833,2568,79c30bcf-874c-42b2-8ff0-f6ea426c021e
34402,53164,"2026-07-27 02:54:32",3,0,1,"1 YEAR SERVICE (FROSTFIGHTERS)",NULL,365,NULL,NULL,NULL,NULL,NULL,NULL,NULL,"SEE EQUIPMENT DETAILS - PARTS TAB OR WRITE IN PARTS USED:
","CHECK INJECTORS
CHANGE FUEL FILTER
CHECK NEEDLES/GAUGES/SWITCHES
CHECK FUEL LINE
CHECK FUEL PUMP
",1288,7,NULL,NULL,47836,2568,fd3837b4-599b-48a4-a800-c9ee518e9724
36827,53165,"2026-08-04 06:06:34",3,0,1,"CALIBRATION - (WIRE FEED) - 365 DAY",NULL,365,NULL,NULL,NULL,NULL,NULL,NULL,NULL,,"SUBMIT WEVR PAPERWORK. WORK ORDER WILL NOT CLOSE UNLESS PAPERWORK IS CORRECT & SUBMITTED.",16222,7,NULL,NULL,48064,2781,95863cab-b7c0-465c-bab4-54ce743bad4c
36899,53165,"2026-08-04 06:08:00",3,0,1,"CALIBRATION - (WIRE FEED) - 90 DAY",NULL,90,NULL,NULL,NULL,NULL,NULL,NULL,NULL,,"SUBMIT WEVR PAPERWORK. WORK ORDER WILL NOT CLOSE UNLESS PAPERWORK IS CORRECT & SUBMITTED.",16222,7,NULL,NULL,48063,2782,de74ac5f-6197-4fc8-9704-fd42cfe04a78
36824,53166,"2026-08-04 06:06:33",3,0,1,"CALIBRATION - (WIRE FEED) - 365 DAY",NULL,365,NULL,NULL,NULL,NULL,NULL,NULL,NULL,,"SUBMIT WEVR PAPERWORK. WORK ORDER WILL NOT CLOSE UNLESS PAPERWORK IS CORRECT & SUBMITTED.",16222,7,NULL,NULL,48057,2781,57f62d5f-3aa6-4150-9633-4680b0393f32
36896,53166,"2026-08-04 06:07:58",3,0,1,"CALIBRATION - (WIRE FEED) - 90 DAY",NULL,90,NULL,NULL,NULL,NULL,NULL,NULL,NULL,,"SUBMIT WEVR PAPERWORK. WORK ORDER WILL NOT CLOSE UNLESS PAPERWORK IS CORRECT & SUBMITTED.",16222,7,NULL,NULL,48056,2782,c3af6147-ceaf-43dd-81fc-098ad387f1f7
36823,53167,"2026-08-04 06:06:32",3,0,1,"CALIBRATION - (WIRE FEED) - 365 DAY",NULL,365,NULL,NULL,NULL,NULL,NULL,NULL,NULL,,"SUBMIT WEVR PAPERWORK. WORK ORDER WILL NOT CLOSE UNLESS PAPERWORK IS CORRECT & SUBMITTED.",16222,7,NULL,NULL,48055,2781,3ceb727c-a8a2-4b5e-9454-87eb25c00adb
36895,53167,"2026-08-04 06:07:58",3,0,1,"CALIBRATION - (WIRE FEED) - 90 DAY",NULL,90,NULL,NULL,NULL,NULL,NULL,NULL,NULL,,"SUBMIT WEVR PAPERWORK. WORK ORDER WILL NOT CLOSE UNLESS PAPERWORK IS CORRECT & SUBMITTED.",16222,7,NULL,NULL,48054,2782,0040735a-f1b1-44b3-8691-4f445737be58
35429,53170,"2026-07-30 19:25:41",1,1,0,"200 HR SERVICE (WELDER BOBCAT 225/250/265)",200,NULL,NULL,NULL,NULL,NULL,NULL,NULL,NULL,"SEE EQUIPMENT DETAILS - PARTS TAB OR WRITE IN PARTS USED:

","CHANGE ENGINE OIL & FILTER
REPLACE FUEL FILTER(S)
INSPECT/REPLACE AIR FILTER

CHECK ALTERNATOR OUTPUT
CHECK BATTERY CONDITION
INSPECT COOLING SYSTEM
INSPECT ENGINE MOUNTS
INSPECT EXHAUST SYSTEM
CHECK FOR OIL LEAKS
CHECK FOR FUEL LEAKS
INSPECT WELD LEADS
INSPECT ELECTRODE HOLDER
INSPECT GROUND CLAMP
CHECK AC/DC OUTPUT
VERIFY AUXILIARY POWER OUTPUT
CLEAN MACHINE INTERIOR
REMOVE DEBRIS FROM COOLING SYSTEM
OPERATIONAL TEST",1288,NULL,30,NULL,NULL,2628,64c029f5-8269-4787-ba86-196f1c4f89f3
35480,53170,"2026-07-30 19:38:31",1,0,1,"200 HR SERVICE (WELDER MILLER BOBCAT 225/265)",200,NULL,NULL,NULL,NULL,NULL,NULL,NULL,NULL,"SEE EQUIPMENT DETAILS - PARTS TAB OR WRITE IN PARTS USED:

","CHANGE ENGINE OIL & FILTER
REPLACE FUEL FILTER(S)
INSPECT/REPLACE AIR FILTER

CHECK ALTERNATOR OUTPUT
CHECK BATTERY CONDITION
INSPECT COOLING SYSTEM
INSPECT ENGINE MOUNTS
INSPECT EXHAUST SYSTEM
CHECK FOR OIL LEAKS
CHECK FOR FUEL LEAKS
INSPECT WELD LEADS
INSPECT ELECTRODE HOLDER
INSPECT GROUND CLAMP
CHECK AC/DC OUTPUT
VERIFY AUXILIARY POWER OUTPUT
CLEAN MACHINE INTERIOR
REMOVE DEBRIS FROM COOLING SYSTEM
OPERATIONAL TEST",1288,NULL,30,NULL,NULL,2628,f227a359-9365-4690-a3ad-cb01567fea7a
36828,53171,"2026-08-04 06:06:35",3,0,1,"CALIBRATION - (WIRE FEED) - 365 DAY",NULL,365,NULL,NULL,NULL,NULL,NULL,NULL,NULL,,"SUBMIT WEVR PAPERWORK. WORK ORDER WILL NOT CLOSE UNLESS PAPERWORK IS CORRECT & SUBMITTED.",16222,7,NULL,NULL,48066,2781,b2e08341-e5f3-4a1c-a951-18404ca95b84
36900,53171,"2026-08-04 06:08:00",3,0,1,"CALIBRATION - (WIRE FEED) - 90 DAY",NULL,90,NULL,NULL,NULL,NULL,NULL,NULL,NULL,,"SUBMIT WEVR PAPERWORK. WORK ORDER WILL NOT CLOSE UNLESS PAPERWORK IS CORRECT & SUBMITTED.",16222,7,NULL,NULL,48065,2782,fbc25515-863b-42b4-ae72-14d0215efee7
36826,53172,"2026-08-04 06:06:34",3,0,1,"CALIBRATION - (WIRE FEED) - 365 DAY",NULL,365,NULL,NULL,NULL,NULL,NULL,NULL,NULL,,"SUBMIT WEVR PAPERWORK. WORK ORDER WILL NOT CLOSE UNLESS PAPERWORK IS CORRECT & SUBMITTED.",16222,7,NULL,NULL,48062,2781,3237bbac-95a0-47e1-b1d9-cf00edb19c58
36898,53172,"2026-08-04 06:07:59",3,0,1,"CALIBRATION - (WIRE FEED) - 90 DAY",NULL,90,NULL,NULL,NULL,NULL,NULL,NULL,NULL,,"SUBMIT WEVR PAPERWORK. WORK ORDER WILL NOT CLOSE UNLESS PAPERWORK IS CORRECT & SUBMITTED.",16222,7,NULL,NULL,48061,2782,b5f597a2-8d1a-4826-9807-963ca0acdcb6
36821,53173,"2026-08-04 06:06:29",3,0,1,"CALIBRATION - (WIRE FEED) - 365 DAY",NULL,365,NULL,NULL,NULL,NULL,NULL,NULL,NULL,,"SUBMIT WEVR PAPERWORK. WORK ORDER WILL NOT CLOSE UNLESS PAPERWORK IS CORRECT & SUBMITTED.",16222,7,NULL,NULL,48050,2781,df8544e0-5787-41a4-93e0-d3c50baedb10
36893,53173,"2026-08-04 06:07:56",3,0,1,"CALIBRATION - (WIRE FEED) - 90 DAY",NULL,90,NULL,NULL,NULL,NULL,NULL,NULL,NULL,,"SUBMIT WEVR PAPERWORK. WORK ORDER WILL NOT CLOSE UNLESS PAPERWORK IS CORRECT & SUBMITTED.",16222,7,NULL,NULL,48049,2782,6c1c3f23-4b00-430b-bfe3-a8ca062266b3
36831,53174,"2026-08-04 06:06:37",3,0,1,"CALIBRATION - (WIRE FEED) - 365 DAY",NULL,365,NULL,NULL,NULL,NULL,NULL,NULL,NULL,,"SUBMIT WEVR PAPERWORK. WORK ORDER WILL NOT CLOSE UNLESS PAPERWORK IS CORRECT & SUBMITTED.",16222,7,NULL,NULL,48070,2781,b64cdbee-223a-46b6-b65b-29ebe5348fb3
36903,53174,"2026-08-04 06:08:02",3,0,1,"CALIBRATION - (WIRE FEED) - 90 DAY",NULL,90,NULL,NULL,NULL,NULL,NULL,NULL,NULL,,"SUBMIT WEVR PAPERWORK. WORK ORDER WILL NOT CLOSE UNLESS PAPERWORK IS CORRECT & SUBMITTED.",16222,7,NULL,NULL,48069,2782,dfa4d3c4-652e-42a9-8790-0ae7bba9e67d
35455,53176,"2026-07-30 19:27:39",1,0,1,"250 HR SERVICE (WELDER MILLER 400)",250,NULL,NULL,NULL,NULL,NULL,NULL,NULL,NULL,"SEE EQUIPMENT DETAILS - PARTS TAB OR WRITE IN PARTS USED:

","CHANGE ENGINE OIL & FILTER
REPLACE FUEL FILTER(S)
INSPECT/REPLACE AIR FILTER

CHECK ALTERNATOR OUTPUT
CHECK BATTERY CONDITION
INSPECT COOLING SYSTEM
INSPECT ENGINE MOUNTS
INSPECT EXHAUST SYSTEM
CHECK FOR OIL LEAKS
CHECK FOR FUEL LEAKS
INSPECT WELD LEADS
INSPECT ELECTRODE HOLDER
INSPECT GROUND CLAMP
CHECK AC/DC OUTPUT
VERIFY AUXILIARY POWER OUTPUT
CLEAN MACHINE INTERIOR
REMOVE DEBRIS FROM COOLING SYSTEM
OPERATIONAL TEST
",1288,NULL,30,NULL,48373,2678,bb64e30c-2729-4b71-b44d-db240b64753b
35545,53176,"2026-07-30 20:35:14",3,0,1,"CALIBRATION - (WELDER) - 365 DAY",NULL,365,NULL,NULL,NULL,NULL,NULL,NULL,NULL,,"SUBMIT WEVR PAPERWORK. WORK ORDER WILL NOT CLOSE UNLESS PAPERWORK IS CORRECT & SUBMITTED.",1288,7,NULL,NULL,NULL,2755,4951359d-afe2-409f-a411-ecc104d4d199
35606,53176,"2026-07-30 20:39:14",3,0,1,"CALIBRATION - (WELDER) - 90 DAY",NULL,90,NULL,NULL,NULL,NULL,NULL,NULL,NULL,,"SUBMIT WEVR PAPERWORK. WORK ORDER WILL NOT CLOSE UNLESS PAPERWORK IS CORRECT & SUBMITTED.",1288,7,NULL,NULL,NULL,2756,156eff7c-caa8-4372-b850-ac502bedcd00
35456,53177,"2026-07-30 19:27:40",1,0,1,"250 HR SERVICE (WELDER MILLER 400)",250,NULL,NULL,NULL,NULL,NULL,NULL,NULL,NULL,"SEE EQUIPMENT DETAILS - PARTS TAB OR WRITE IN PARTS USED:

","CHANGE ENGINE OIL & FILTER
REPLACE FUEL FILTER(S)
INSPECT/REPLACE AIR FILTER

CHECK ALTERNATOR OUTPUT
CHECK BATTERY CONDITION
INSPECT COOLING SYSTEM
INSPECT ENGINE MOUNTS
INSPECT EXHAUST SYSTEM
CHECK FOR OIL LEAKS
CHECK FOR FUEL LEAKS
INSPECT WELD LEADS
INSPECT ELECTRODE HOLDER
INSPECT GROUND CLAMP
CHECK AC/DC OUTPUT
VERIFY AUXILIARY POWER OUTPUT
CLEAN MACHINE INTERIOR
REMOVE DEBRIS FROM COOLING SYSTEM
OPERATIONAL TEST
",1288,NULL,30,NULL,48370,2678,a2cab823-fe85-4495-9834-c78c9ac8cfe4
35546,53177,"2026-07-30 20:35:15",3,0,1,"CALIBRATION - (WELDER) - 365 DAY",NULL,365,NULL,NULL,NULL,NULL,NULL,NULL,NULL,,"SUBMIT WEVR PAPERWORK. WORK ORDER WILL NOT CLOSE UNLESS PAPERWORK IS CORRECT & SUBMITTED.",1288,7,NULL,NULL,NULL,2755,a79e0b67-09b6-41b7-a371-d263ce53266d
35607,53177,"2026-07-30 20:39:14",3,0,1,"CALIBRATION - (WELDER) - 90 DAY",NULL,90,NULL,NULL,NULL,NULL,NULL,NULL,NULL,,"SUBMIT WEVR PAPERWORK. WORK ORDER WILL NOT CLOSE UNLESS PAPERWORK IS CORRECT & SUBMITTED.",1288,7,NULL,NULL,NULL,2756,1843de20-1fb6-4297-b3ad-3c56d129b4f3
36834,53178,"2026-08-04 06:06:39",3,0,1,"CALIBRATION - (WIRE FEED) - 365 DAY",NULL,365,NULL,NULL,NULL,NULL,NULL,NULL,NULL,,"SUBMIT WEVR PAPERWORK. WORK ORDER WILL NOT CLOSE UNLESS PAPERWORK IS CORRECT & SUBMITTED.",16222,7,NULL,NULL,48076,2781,12696f2a-42c5-4401-87e8-5794e91d97dc
36906,53178,"2026-08-04 06:08:04",3,0,1,"CALIBRATION - (WIRE FEED) - 90 DAY",NULL,90,NULL,NULL,NULL,NULL,NULL,NULL,NULL,,"SUBMIT WEVR PAPERWORK. WORK ORDER WILL NOT CLOSE UNLESS PAPERWORK IS CORRECT & SUBMITTED.",16222,7,NULL,NULL,48075,2782,0d0acbfb-3bba-4f1a-9772-2f4e4650a377
36837,53179,"2026-08-04 06:06:43",3,0,1,"CALIBRATION - (WIRE FEED) - 365 DAY",NULL,365,NULL,NULL,NULL,NULL,NULL,NULL,NULL,,"SUBMIT WEVR PAPERWORK. WORK ORDER WILL NOT CLOSE UNLESS PAPERWORK IS CORRECT & SUBMITTED.",16222,7,NULL,NULL,48082,2781,6ccaac60-42d4-4fae-acf7-d35636cae9d2
36909,53179,"2026-08-04 06:08:05",3,0,1,"CALIBRATION - (WIRE FEED) - 90 DAY",NULL,90,NULL,NULL,NULL,NULL,NULL,NULL,NULL,,"SUBMIT WEVR PAPERWORK. WORK ORDER WILL NOT CLOSE UNLESS PAPERWORK IS CORRECT & SUBMITTED.",16222,7,NULL,NULL,48081,2782,720bd1da-617a-4382-91ec-fe0781029c7b
35460,53181,"2026-07-30 19:27:44",1,0,1,"250 HR SERVICE (WELDER MILLER 400)",250,NULL,NULL,NULL,NULL,NULL,NULL,NULL,NULL,"SEE EQUIPMENT DETAILS - PARTS TAB OR WRITE IN PARTS USED:

","CHANGE ENGINE OIL & FILTER
REPLACE FUEL FILTER(S)
INSPECT/REPLACE AIR FILTER

CHECK ALTERNATOR OUTPUT
CHECK BATTERY CONDITION
INSPECT COOLING SYSTEM
INSPECT ENGINE MOUNTS
INSPECT EXHAUST SYSTEM
CHECK FOR OIL LEAKS
CHECK FOR FUEL LEAKS
INSPECT WELD LEADS
INSPECT ELECTRODE HOLDER
INSPECT GROUND CLAMP
CHECK AC/DC OUTPUT
VERIFY AUXILIARY POWER OUTPUT
CLEAN MACHINE INTERIOR
REMOVE DEBRIS FROM COOLING SYSTEM
OPERATIONAL TEST
",1288,NULL,30,NULL,48362,2678,1297c6b9-98e0-4743-aa54-641aea1af5af
35549,53181,"2026-07-30 20:35:51",3,0,1,"CALIBRATION - (WELDER) - 365 DAY",NULL,365,NULL,NULL,NULL,NULL,NULL,NULL,NULL,,"SUBMIT WEVR PAPERWORK. WORK ORDER WILL NOT CLOSE UNLESS PAPERWORK IS CORRECT & SUBMITTED.",1288,7,NULL,NULL,NULL,2755,24b6405c-e1e8-4183-a0e5-320ebc27b2af
35611,53181,"2026-07-30 20:39:41",3,0,1,"CALIBRATION - (WELDER) - 90 DAY",NULL,90,NULL,NULL,NULL,NULL,NULL,NULL,NULL,,"SUBMIT WEVR PAPERWORK. WORK ORDER WILL NOT CLOSE UNLESS PAPERWORK IS CORRECT & SUBMITTED.",1288,7,NULL,NULL,NULL,2756,bc8e79d4-6499-4ae6-a628-ba5f61bb5721
36825,53182,"2026-08-04 06:06:33",3,0,1,"CALIBRATION - (WIRE FEED) - 365 DAY",NULL,365,NULL,NULL,NULL,NULL,NULL,NULL,NULL,,"SUBMIT WEVR PAPERWORK. WORK ORDER WILL NOT CLOSE UNLESS PAPERWORK IS CORRECT & SUBMITTED.",16222,7,NULL,NULL,48060,2781,6db9de7d-89bd-446d-9257-61cb662513b0
36897,53182,"2026-08-04 06:07:59",3,0,1,"CALIBRATION - (WIRE FEED) - 90 DAY",NULL,90,NULL,NULL,NULL,NULL,NULL,NULL,NULL,,"SUBMIT WEVR PAPERWORK. WORK ORDER WILL NOT CLOSE UNLESS PAPERWORK IS CORRECT & SUBMITTED.",16222,7,NULL,NULL,48059,2782,c6994e93-2ad0-4c36-9095-8cb60ea232ea
34401,53183,"2026-07-27 02:54:31",3,0,1,"1 YEAR SERVICE (FROSTFIGHTERS)",NULL,365,NULL,NULL,NULL,NULL,NULL,NULL,NULL,"SEE EQUIPMENT DETAILS - PARTS TAB OR WRITE IN PARTS USED:
","CHECK INJECTORS
CHANGE FUEL FILTER
CHECK NEEDLES/GAUGES/SWITCHES
CHECK FUEL LINE
CHECK FUEL PUMP
",1288,7,NULL,NULL,47835,2568,9fb4ec5a-604d-43e9-a592-4c067dcbd8f4
36835,53184,"2026-08-04 06:06:42",3,0,1,"CALIBRATION - (WIRE FEED) - 365 DAY",NULL,365,NULL,NULL,NULL,NULL,NULL,NULL,NULL,,"SUBMIT WEVR PAPERWORK. WORK ORDER WILL NOT CLOSE UNLESS PAPERWORK IS CORRECT & SUBMITTED.",16222,7,NULL,NULL,48078,2781,752c5cba-1db4-4e52-a6e0-7dcbd7c884bb
36907,53184,"2026-08-04 06:08:04",3,0,1,"CALIBRATION - (WIRE FEED) - 90 DAY",NULL,90,NULL,NULL,NULL,NULL,NULL,NULL,NULL,,"SUBMIT WEVR PAPERWORK. WORK ORDER WILL NOT CLOSE UNLESS PAPERWORK IS CORRECT & SUBMITTED.",16222,7,NULL,NULL,48077,2782,5cd6509c-34ef-46b2-9bd5-ae335bb0ae3b
35459,53185,"2026-07-30 19:27:43",1,0,1,"250 HR SERVICE (WELDER MILLER 400)",250,NULL,NULL,NULL,NULL,NULL,NULL,NULL,NULL,"SEE EQUIPMENT DETAILS - PARTS TAB OR WRITE IN PARTS USED:

","CHANGE ENGINE OIL & FILTER
REPLACE FUEL FILTER(S)
INSPECT/REPLACE AIR FILTER

CHECK ALTERNATOR OUTPUT
CHECK BATTERY CONDITION
INSPECT COOLING SYSTEM
INSPECT ENGINE MOUNTS
INSPECT EXHAUST SYSTEM
CHECK FOR OIL LEAKS
CHECK FOR FUEL LEAKS
INSPECT WELD LEADS
INSPECT ELECTRODE HOLDER
INSPECT GROUND CLAMP
CHECK AC/DC OUTPUT
VERIFY AUXILIARY POWER OUTPUT
CLEAN MACHINE INTERIOR
REMOVE DEBRIS FROM COOLING SYSTEM
OPERATIONAL TEST
",1288,NULL,30,NULL,48364,2678,865f772b-1f74-4c40-8266-5b18205d4d41
35548,53185,"2026-07-30 20:35:27",3,0,1,"CALIBRATION - (WELDER) - 365 DAY",NULL,365,NULL,NULL,NULL,NULL,NULL,NULL,NULL,,"SUBMIT WEVR PAPERWORK. WORK ORDER WILL NOT CLOSE UNLESS PAPERWORK IS CORRECT & SUBMITTED.",1288,7,NULL,NULL,NULL,2755,0b545222-4dc0-4814-aed1-05241c371d90
35610,53185,"2026-07-30 20:39:41",3,0,1,"CALIBRATION - (WELDER) - 90 DAY",NULL,90,NULL,NULL,NULL,NULL,NULL,NULL,NULL,,"SUBMIT WEVR PAPERWORK. WORK ORDER WILL NOT CLOSE UNLESS PAPERWORK IS CORRECT & SUBMITTED.",1288,7,NULL,NULL,NULL,2756,e9e7d5c4-8051-49da-b7a6-c310a9b6653d
36832,53186,"2026-08-04 06:06:37",3,0,1,"CALIBRATION - (WIRE FEED) - 365 DAY",NULL,365,NULL,NULL,NULL,NULL,NULL,NULL,NULL,,"SUBMIT WEVR PAPERWORK. WORK ORDER WILL NOT CLOSE UNLESS PAPERWORK IS CORRECT & SUBMITTED.",16222,7,NULL,NULL,48072,2781,3d0b63db-0994-438d-9180-8346edc2c4a9
36904,53186,"2026-08-04 06:08:02",3,0,1,"CALIBRATION - (WIRE FEED) - 90 DAY",NULL,90,NULL,NULL,NULL,NULL,NULL,NULL,NULL,,"SUBMIT WEVR PAPERWORK. WORK ORDER WILL NOT CLOSE UNLESS PAPERWORK IS CORRECT & SUBMITTED.",16222,7,NULL,NULL,48071,2782,714a86d6-dc5a-4af1-9f02-ec36bf9b4a77
35457,53187,"2026-07-30 19:27:41",1,0,1,"250 HR SERVICE (WELDER MILLER 400)",250,NULL,NULL,NULL,NULL,NULL,NULL,NULL,NULL,"SEE EQUIPMENT DETAILS - PARTS TAB OR WRITE IN PARTS USED:

","CHANGE ENGINE OIL & FILTER
REPLACE FUEL FILTER(S)
INSPECT/REPLACE AIR FILTER

CHECK ALTERNATOR OUTPUT
CHECK BATTERY CONDITION
INSPECT COOLING SYSTEM
INSPECT ENGINE MOUNTS
INSPECT EXHAUST SYSTEM
CHECK FOR OIL LEAKS
CHECK FOR FUEL LEAKS
INSPECT WELD LEADS
INSPECT ELECTRODE HOLDER
INSPECT GROUND CLAMP
CHECK AC/DC OUTPUT
VERIFY AUXILIARY POWER OUTPUT
CLEAN MACHINE INTERIOR
REMOVE DEBRIS FROM COOLING SYSTEM
OPERATIONAL TEST
",1288,NULL,30,NULL,48368,2678,57c49b30-6ba6-4315-a35c-d6bb8b7c6b66
35565,53187,"2026-07-30 20:36:29",3,0,1,"CALIBRATION - (WELDER) - 365 DAY",NULL,365,NULL,NULL,NULL,NULL,NULL,NULL,NULL,,"SUBMIT WEVR PAPERWORK. WORK ORDER WILL NOT CLOSE UNLESS PAPERWORK IS CORRECT & SUBMITTED.",1288,7,NULL,NULL,NULL,2755,6e800e51-9b7d-488b-b2dd-7bddb19f2fe0
35608,53187,"2026-07-30 20:39:39",3,0,1,"CALIBRATION - (WELDER) - 90 DAY",NULL,90,NULL,NULL,NULL,NULL,NULL,NULL,NULL,,"SUBMIT WEVR PAPERWORK. WORK ORDER WILL NOT CLOSE UNLESS PAPERWORK IS CORRECT & SUBMITTED.",1288,7,NULL,NULL,NULL,2756,97735eb8-b8b7-4bf1-92a3-30ecbcca7314
36848,53188,"2026-08-04 06:06:50",3,0,1,"CALIBRATION - (WIRE FEED) - 365 DAY",NULL,365,NULL,NULL,NULL,NULL,NULL,NULL,NULL,,"SUBMIT WEVR PAPERWORK. WORK ORDER WILL NOT CLOSE UNLESS PAPERWORK IS CORRECT & SUBMITTED.",16222,7,NULL,NULL,48104,2781,5565f26f-5afb-461d-b79b-608ebbccb8f3
36920,53188,"2026-08-04 06:08:15",3,0,1,"CALIBRATION - (WIRE FEED) - 90 DAY",NULL,90,NULL,NULL,NULL,NULL,NULL,NULL,NULL,,"SUBMIT WEVR PAPERWORK. WORK ORDER WILL NOT CLOSE UNLESS PAPERWORK IS CORRECT & SUBMITTED.",16222,7,NULL,NULL,48103,2782,5a1336df-e99a-4f25-afd1-a4673b26ca4e
35463,53189,"2026-07-30 19:27:46",1,0,1,"250 HR SERVICE (WELDER MILLER 400)",250,NULL,NULL,NULL,NULL,NULL,NULL,NULL,NULL,"SEE EQUIPMENT DETAILS - PARTS TAB OR WRITE IN PARTS USED:

","CHANGE ENGINE OIL & FILTER
REPLACE FUEL FILTER(S)
INSPECT/REPLACE AIR FILTER

CHECK ALTERNATOR OUTPUT
CHECK BATTERY CONDITION
INSPECT COOLING SYSTEM
INSPECT ENGINE MOUNTS
INSPECT EXHAUST SYSTEM
CHECK FOR OIL LEAKS
CHECK FOR FUEL LEAKS
INSPECT WELD LEADS
INSPECT ELECTRODE HOLDER
INSPECT GROUND CLAMP
CHECK AC/DC OUTPUT
VERIFY AUXILIARY POWER OUTPUT
CLEAN MACHINE INTERIOR
REMOVE DEBRIS FROM COOLING SYSTEM
OPERATIONAL TEST
",1288,NULL,30,NULL,48355,2678,4ac2130b-0ce9-4a65-a552-5ea33da4cd71
35552,53189,"2026-07-30 20:35:57",3,0,1,"CALIBRATION - (WELDER) - 365 DAY",NULL,365,NULL,NULL,NULL,NULL,NULL,NULL,NULL,,"SUBMIT WEVR PAPERWORK. WORK ORDER WILL NOT CLOSE UNLESS PAPERWORK IS CORRECT & SUBMITTED.",1288,7,NULL,NULL,NULL,2755,04fa4e14-02b6-4767-9f62-bfcc9e225f5d
35614,53189,"2026-07-30 20:39:43",3,0,1,"CALIBRATION - (WELDER) - 90 DAY",NULL,90,NULL,NULL,NULL,NULL,NULL,NULL,NULL,,"SUBMIT WEVR PAPERWORK. WORK ORDER WILL NOT CLOSE UNLESS PAPERWORK IS CORRECT & SUBMITTED.",1288,7,NULL,NULL,NULL,2756,eb3f1312-3cf4-4093-84fd-4268caaac107
36833,53191,"2026-08-04 06:06:38",3,0,1,"CALIBRATION - (WIRE FEED) - 365 DAY",NULL,365,NULL,NULL,NULL,NULL,NULL,NULL,NULL,,"SUBMIT WEVR PAPERWORK. WORK ORDER WILL NOT CLOSE UNLESS PAPERWORK IS CORRECT & SUBMITTED.",16222,7,NULL,NULL,48074,2781,f2856ed2-13d5-4a2f-bc16-39a7bce81f35
36905,53191,"2026-08-04 06:08:03",3,0,1,"CALIBRATION - (WIRE FEED) - 90 DAY",NULL,90,NULL,NULL,NULL,NULL,NULL,NULL,NULL,,"SUBMIT WEVR PAPERWORK. WORK ORDER WILL NOT CLOSE UNLESS PAPERWORK IS CORRECT & SUBMITTED.",16222,7,NULL,NULL,48073,2782,b625872b-bd19-49a1-832d-308193bff7e5
35461,53192,"2026-07-30 19:27:45",1,0,1,"250 HR SERVICE (WELDER MILLER 400)",250,NULL,NULL,NULL,NULL,NULL,NULL,NULL,NULL,"SEE EQUIPMENT DETAILS - PARTS TAB OR WRITE IN PARTS USED:

","CHANGE ENGINE OIL & FILTER
REPLACE FUEL FILTER(S)
INSPECT/REPLACE AIR FILTER

CHECK ALTERNATOR OUTPUT
CHECK BATTERY CONDITION
INSPECT COOLING SYSTEM
INSPECT ENGINE MOUNTS
INSPECT EXHAUST SYSTEM
CHECK FOR OIL LEAKS
CHECK FOR FUEL LEAKS
INSPECT WELD LEADS
INSPECT ELECTRODE HOLDER
INSPECT GROUND CLAMP
CHECK AC/DC OUTPUT
VERIFY AUXILIARY POWER OUTPUT
CLEAN MACHINE INTERIOR
REMOVE DEBRIS FROM COOLING SYSTEM
OPERATIONAL TEST
",1288,NULL,30,NULL,48360,2678,cfeb031a-616a-40cf-a636-95bbf3692b17
35550,53192,"2026-07-30 20:35:52",3,0,1,"CALIBRATION - (WELDER) - 365 DAY",NULL,365,NULL,NULL,NULL,NULL,NULL,NULL,NULL,,"SUBMIT WEVR PAPERWORK. WORK ORDER WILL NOT CLOSE UNLESS PAPERWORK IS CORRECT & SUBMITTED.",1288,7,NULL,NULL,NULL,2755,9bc11857-f999-4fdf-b783-a7a47bc041bd
35612,53192,"2026-07-30 20:39:42",3,0,1,"CALIBRATION - (WELDER) - 90 DAY",NULL,90,NULL,NULL,NULL,NULL,NULL,NULL,NULL,,"SUBMIT WEVR PAPERWORK. WORK ORDER WILL NOT CLOSE UNLESS PAPERWORK IS CORRECT & SUBMITTED.",1288,7,NULL,NULL,NULL,2756,5c5e5e17-e1d1-4472-8f13-d01a7977cce8
36829,53193,"2026-08-04 06:06:36",3,0,1,"CALIBRATION - (WIRE FEED) - 365 DAY",NULL,365,NULL,NULL,NULL,NULL,NULL,NULL,NULL,,"SUBMIT WEVR PAPERWORK. WORK ORDER WILL NOT CLOSE UNLESS PAPERWORK IS CORRECT & SUBMITTED.",16222,7,NULL,NULL,NULL,2781,ec80e6a5-2a5e-40c1-be15-f74da23a5f91
36901,53193,"2026-08-04 06:08:01",3,0,1,"CALIBRATION - (WIRE FEED) - 90 DAY",NULL,90,NULL,NULL,NULL,NULL,NULL,NULL,NULL,,"SUBMIT WEVR PAPERWORK. WORK ORDER WILL NOT CLOSE UNLESS PAPERWORK IS CORRECT & SUBMITTED.",16222,7,NULL,NULL,NULL,2782,00722199-957c-471b-bcd0-60d88025c8c2
36846,53199,"2026-08-04 06:06:49",3,0,1,"CALIBRATION - (WIRE FEED) - 365 DAY",NULL,365,NULL,NULL,NULL,NULL,NULL,NULL,NULL,,"SUBMIT WEVR PAPERWORK. WORK ORDER WILL NOT CLOSE UNLESS PAPERWORK IS CORRECT & SUBMITTED.",16222,7,NULL,NULL,48100,2781,08949a67-53bd-4041-b901-34c7750785c4
36918,53199,"2026-08-04 06:08:13",3,0,1,"CALIBRATION - (WIRE FEED) - 90 DAY",NULL,90,NULL,NULL,NULL,NULL,NULL,NULL,NULL,,"SUBMIT WEVR PAPERWORK. WORK ORDER WILL NOT CLOSE UNLESS PAPERWORK IS CORRECT & SUBMITTED.",16222,7,NULL,NULL,48099,2782,0c22d222-77b1-4126-8e92-c680f0275e32
36842,53200,"2026-08-04 06:06:47",3,0,1,"CALIBRATION - (WIRE FEED) - 365 DAY",NULL,365,NULL,NULL,NULL,NULL,NULL,NULL,NULL,,"SUBMIT WEVR PAPERWORK. WORK ORDER WILL NOT CLOSE UNLESS PAPERWORK IS CORRECT & SUBMITTED.",16222,7,NULL,NULL,48092,2781,f1055829-b0c9-4105-b011-e1b29139673c
36914,53200,"2026-08-04 06:08:09",3,0,1,"CALIBRATION - (WIRE FEED) - 90 DAY",NULL,90,NULL,NULL,NULL,NULL,NULL,NULL,NULL,,"SUBMIT WEVR PAPERWORK. WORK ORDER WILL NOT CLOSE UNLESS PAPERWORK IS CORRECT & SUBMITTED.",16222,7,NULL,NULL,48091,2782,a2f5cce8-09ac-47d8-91b7-7c744ef20b8f
34405,53201,"2026-07-27 02:54:47",3,0,1,"1 YEAR SERVICE (FROSTFIGHTERS)",NULL,365,NULL,NULL,NULL,NULL,NULL,NULL,NULL,"SEE EQUIPMENT DETAILS - PARTS TAB OR WRITE IN PARTS USED:
","CHECK INJECTORS
CHANGE FUEL FILTER
CHECK NEEDLES/GAUGES/SWITCHES
CHECK FUEL LINE
CHECK FUEL PUMP
",1288,7,NULL,NULL,47839,2568,67eb728a-f612-4de2-b24a-5ab4da84278a
35462,53202,"2026-07-30 19:27:45",1,0,1,"250 HR SERVICE (WELDER MILLER 400)",250,NULL,NULL,NULL,NULL,NULL,NULL,NULL,NULL,"SEE EQUIPMENT DETAILS - PARTS TAB OR WRITE IN PARTS USED:

","CHANGE ENGINE OIL & FILTER
REPLACE FUEL FILTER(S)
INSPECT/REPLACE AIR FILTER

CHECK ALTERNATOR OUTPUT
CHECK BATTERY CONDITION
INSPECT COOLING SYSTEM
INSPECT ENGINE MOUNTS
INSPECT EXHAUST SYSTEM
CHECK FOR OIL LEAKS
CHECK FOR FUEL LEAKS
INSPECT WELD LEADS
INSPECT ELECTRODE HOLDER
INSPECT GROUND CLAMP
CHECK AC/DC OUTPUT
VERIFY AUXILIARY POWER OUTPUT
CLEAN MACHINE INTERIOR
REMOVE DEBRIS FROM COOLING SYSTEM
OPERATIONAL TEST
",1288,NULL,30,NULL,48358,2678,d0a0126b-4f8b-4f65-8e05-5aa5131be4c3
35551,53202,"2026-07-30 20:35:56",3,0,1,"CALIBRATION - (WELDER) - 365 DAY",NULL,365,NULL,NULL,NULL,NULL,NULL,NULL,NULL,,"SUBMIT WEVR PAPERWORK. WORK ORDER WILL NOT CLOSE UNLESS PAPERWORK IS CORRECT & SUBMITTED.",1288,7,NULL,NULL,NULL,2755,00d2f138-8404-476c-b37c-15aacd98cf64
35613,53202,"2026-07-30 20:39:42",3,0,1,"CALIBRATION - (WELDER) - 90 DAY",NULL,90,NULL,NULL,NULL,NULL,NULL,NULL,NULL,,"SUBMIT WEVR PAPERWORK. WORK ORDER WILL NOT CLOSE UNLESS PAPERWORK IS CORRECT & SUBMITTED.",1288,7,NULL,NULL,NULL,2756,8931588b-9480-4004-b179-9b5177500fae
36838,53203,"2026-08-04 06:06:44",3,0,1,"CALIBRATION - (WIRE FEED) - 365 DAY",NULL,365,NULL,NULL,NULL,NULL,NULL,NULL,NULL,,"SUBMIT WEVR PAPERWORK. WORK ORDER WILL NOT CLOSE UNLESS PAPERWORK IS CORRECT & SUBMITTED.",16222,7,NULL,NULL,48084,2781,fecbb232-463c-49e6-93f7-6e3e69927a3e
36910,53203,"2026-08-04 06:08:07",3,0,1,"CALIBRATION - (WIRE FEED) - 90 DAY",NULL,90,NULL,NULL,NULL,NULL,NULL,NULL,NULL,,"SUBMIT WEVR PAPERWORK. WORK ORDER WILL NOT CLOSE UNLESS PAPERWORK IS CORRECT & SUBMITTED.",16222,7,NULL,NULL,48083,2782,decd9359-5189-435e-9c66-f27b4e2f536c
35458,53204,"2026-07-30 19:27:42",1,0,1,"250 HR SERVICE (WELDER MILLER 400)",250,NULL,NULL,NULL,NULL,NULL,NULL,NULL,NULL,"SEE EQUIPMENT DETAILS - PARTS TAB OR WRITE IN PARTS USED:

","CHANGE ENGINE OIL & FILTER
REPLACE FUEL FILTER(S)
INSPECT/REPLACE AIR FILTER

CHECK ALTERNATOR OUTPUT
CHECK BATTERY CONDITION
INSPECT COOLING SYSTEM
INSPECT ENGINE MOUNTS
INSPECT EXHAUST SYSTEM
CHECK FOR OIL LEAKS
CHECK FOR FUEL LEAKS
INSPECT WELD LEADS
INSPECT ELECTRODE HOLDER
INSPECT GROUND CLAMP
CHECK AC/DC OUTPUT
VERIFY AUXILIARY POWER OUTPUT
CLEAN MACHINE INTERIOR
REMOVE DEBRIS FROM COOLING SYSTEM
OPERATIONAL TEST
",1288,NULL,30,NULL,48366,2678,c31713c3-9489-473d-b6f1-a5298d4858e8
35547,53204,"2026-07-30 20:35:26",3,0,1,"CALIBRATION - (WELDER) - 365 DAY",NULL,365,NULL,NULL,NULL,NULL,NULL,NULL,NULL,,"SUBMIT WEVR PAPERWORK. WORK ORDER WILL NOT CLOSE UNLESS PAPERWORK IS CORRECT & SUBMITTED.",1288,7,NULL,NULL,NULL,2755,5221a9dd-351c-4214-b9a0-2426257abbca
35609,53204,"2026-07-30 20:39:40",3,0,1,"CALIBRATION - (WELDER) - 90 DAY",NULL,90,NULL,NULL,NULL,NULL,NULL,NULL,NULL,,"SUBMIT WEVR PAPERWORK. WORK ORDER WILL NOT CLOSE UNLESS PAPERWORK IS CORRECT & SUBMITTED.",1288,7,NULL,NULL,NULL,2756,59424e53-1b53-412d-bab0-4344e629df89
35464,53205,"2026-07-30 19:27:46",1,0,1,"250 HR SERVICE (WELDER MILLER 400)",250,NULL,NULL,NULL,NULL,NULL,NULL,NULL,NULL,"SEE EQUIPMENT DETAILS - PARTS TAB OR WRITE IN PARTS USED:

","CHANGE ENGINE OIL & FILTER
REPLACE FUEL FILTER(S)
INSPECT/REPLACE AIR FILTER

CHECK ALTERNATOR OUTPUT
CHECK BATTERY CONDITION
INSPECT COOLING SYSTEM
INSPECT ENGINE MOUNTS
INSPECT EXHAUST SYSTEM
CHECK FOR OIL LEAKS
CHECK FOR FUEL LEAKS
INSPECT WELD LEADS
INSPECT ELECTRODE HOLDER
INSPECT GROUND CLAMP
CHECK AC/DC OUTPUT
VERIFY AUXILIARY POWER OUTPUT
CLEAN MACHINE INTERIOR
REMOVE DEBRIS FROM COOLING SYSTEM
OPERATIONAL TEST
",1288,NULL,30,NULL,48352,2678,d6924122-84b2-404a-a10a-f46f27d825c3
35553,53205,"2026-07-30 20:35:57",3,0,1,"CALIBRATION - (WELDER) - 365 DAY",NULL,365,NULL,NULL,NULL,NULL,NULL,NULL,NULL,,"SUBMIT WEVR PAPERWORK. WORK ORDER WILL NOT CLOSE UNLESS PAPERWORK IS CORRECT & SUBMITTED.",1288,7,NULL,NULL,NULL,2755,76ff43b1-fdd8-4cd6-9cdc-daaca358e959
35615,53205,"2026-07-30 20:39:43",3,0,1,"CALIBRATION - (WELDER) - 90 DAY",NULL,90,NULL,NULL,NULL,NULL,NULL,NULL,NULL,,"SUBMIT WEVR PAPERWORK. WORK ORDER WILL NOT CLOSE UNLESS PAPERWORK IS CORRECT & SUBMITTED.",1288,7,NULL,NULL,NULL,2756,3168dc6f-9fc1-4bfe-8ba0-8a322abb6cbd
36854,53207,"2026-08-04 06:06:54",3,0,1,"CALIBRATION - (WIRE FEED) - 365 DAY",NULL,365,NULL,NULL,NULL,NULL,NULL,NULL,NULL,,"SUBMIT WEVR PAPERWORK. WORK ORDER WILL NOT CLOSE UNLESS PAPERWORK IS CORRECT & SUBMITTED.",16222,7,NULL,NULL,48117,2781,690c780c-1550-4bd5-8768-d8bd70dcb19e
36926,53207,"2026-08-04 06:08:21",3,0,1,"CALIBRATION - (WIRE FEED) - 90 DAY",NULL,90,NULL,NULL,NULL,NULL,NULL,NULL,NULL,,"SUBMIT WEVR PAPERWORK. WORK ORDER WILL NOT CLOSE UNLESS PAPERWORK IS CORRECT & SUBMITTED.",16222,7,NULL,NULL,48116,2782,c9c86d98-0cb9-4db6-8c27-36b3fb5ce3e5
36856,53208,"2026-08-04 06:06:55",3,0,1,"CALIBRATION - (WIRE FEED) - 365 DAY",NULL,365,NULL,NULL,NULL,NULL,NULL,NULL,NULL,,"SUBMIT WEVR PAPERWORK. WORK ORDER WILL NOT CLOSE UNLESS PAPERWORK IS CORRECT & SUBMITTED.",16222,7,NULL,NULL,48121,2781,8501108b-b035-42c7-9780-196e6520dc7a
36928,53208,"2026-08-04 06:08:21",3,0,1,"CALIBRATION - (WIRE FEED) - 90 DAY",NULL,90,NULL,NULL,NULL,NULL,NULL,NULL,NULL,,"SUBMIT WEVR PAPERWORK. WORK ORDER WILL NOT CLOSE UNLESS PAPERWORK IS CORRECT & SUBMITTED.",16222,7,NULL,NULL,48120,2782,2ec72b32-2d0e-48ce-af85-e5dc838507de
36841,53209,"2026-08-04 06:06:46",3,0,1,"CALIBRATION - (WIRE FEED) - 365 DAY",NULL,365,NULL,NULL,NULL,NULL,NULL,NULL,NULL,,"SUBMIT WEVR PAPERWORK. WORK ORDER WILL NOT CLOSE UNLESS PAPERWORK IS CORRECT & SUBMITTED.",16222,7,NULL,NULL,48090,2781,5d32dd49-6ee9-4794-92c4-1a5b1a0782b7
36913,53209,"2026-08-04 06:08:09",3,0,1,"CALIBRATION - (WIRE FEED) - 90 DAY",NULL,90,NULL,NULL,NULL,NULL,NULL,NULL,NULL,,"SUBMIT WEVR PAPERWORK. WORK ORDER WILL NOT CLOSE UNLESS PAPERWORK IS CORRECT & SUBMITTED.",16222,7,NULL,NULL,48089,2782,017487ce-bdaf-4361-9a80-373a0d3017be
34404,53210,"2026-07-27 02:54:47",3,0,1,"1 YEAR SERVICE (FROSTFIGHTERS)",NULL,365,NULL,NULL,NULL,NULL,NULL,NULL,NULL,"SEE EQUIPMENT DETAILS - PARTS TAB OR WRITE IN PARTS USED:
","CHECK INJECTORS
CHANGE FUEL FILTER
CHECK NEEDLES/GAUGES/SWITCHES
CHECK FUEL LINE
CHECK FUEL PUMP
",1288,7,NULL,NULL,47838,2568,d18f499c-1e5a-4e5d-9706-5991c78eb570
36843,53211,"2026-08-04 06:06:47",3,0,1,"CALIBRATION - (WIRE FEED) - 365 DAY",NULL,365,NULL,NULL,NULL,NULL,NULL,NULL,NULL,,"SUBMIT WEVR PAPERWORK. WORK ORDER WILL NOT CLOSE UNLESS PAPERWORK IS CORRECT & SUBMITTED.",16222,7,NULL,NULL,48094,2781,d4e13f05-7753-4d0d-b54d-c26c13e183ad
36915,53211,"2026-08-04 06:08:09",3,0,1,"CALIBRATION - (WIRE FEED) - 90 DAY",NULL,90,NULL,NULL,NULL,NULL,NULL,NULL,NULL,,"SUBMIT WEVR PAPERWORK. WORK ORDER WILL NOT CLOSE UNLESS PAPERWORK IS CORRECT & SUBMITTED.",16222,7,NULL,NULL,48093,2782,83d43dba-f2f2-4a3c-8e0a-bca1eb2a931f
35472,53212,"2026-07-30 19:28:23",1,0,1,"250 HR SERVICE (WELDER MILLER 400)",250,NULL,NULL,NULL,NULL,NULL,NULL,NULL,NULL,"SEE EQUIPMENT DETAILS - PARTS TAB OR WRITE IN PARTS USED:

","CHANGE ENGINE OIL & FILTER
REPLACE FUEL FILTER(S)
INSPECT/REPLACE AIR FILTER

CHECK ALTERNATOR OUTPUT
CHECK BATTERY CONDITION
INSPECT COOLING SYSTEM
INSPECT ENGINE MOUNTS
INSPECT EXHAUST SYSTEM
CHECK FOR OIL LEAKS
CHECK FOR FUEL LEAKS
INSPECT WELD LEADS
INSPECT ELECTRODE HOLDER
INSPECT GROUND CLAMP
CHECK AC/DC OUTPUT
VERIFY AUXILIARY POWER OUTPUT
CLEAN MACHINE INTERIOR
REMOVE DEBRIS FROM COOLING SYSTEM
OPERATIONAL TEST
",1288,NULL,30,NULL,NULL,2678,815ff28d-d4d9-48c8-a820-3c344bf749c7
35560,53212,"2026-07-30 20:36:03",3,0,1,"CALIBRATION - (WELDER) - 365 DAY",NULL,365,NULL,NULL,NULL,NULL,NULL,NULL,NULL,,"SUBMIT WEVR PAPERWORK. WORK ORDER WILL NOT CLOSE UNLESS PAPERWORK IS CORRECT & SUBMITTED.",1288,7,NULL,NULL,NULL,2755,bde66fb2-504c-4dc1-b774-e64601901dc2
35622,53212,"2026-07-30 20:39:47",3,0,1,"CALIBRATION - (WELDER) - 90 DAY",NULL,90,NULL,NULL,NULL,NULL,NULL,NULL,NULL,,"SUBMIT WEVR PAPERWORK. WORK ORDER WILL NOT CLOSE UNLESS PAPERWORK IS CORRECT & SUBMITTED.",1288,7,NULL,NULL,NULL,2756,a5156103-f72d-4a7d-b350-7c15d9883c09
35465,53213,"2026-07-30 19:27:48",1,0,1,"250 HR SERVICE (WELDER MILLER 400)",250,NULL,NULL,NULL,NULL,NULL,NULL,NULL,NULL,"SEE EQUIPMENT DETAILS - PARTS TAB OR WRITE IN PARTS USED:

","CHANGE ENGINE OIL & FILTER
REPLACE FUEL FILTER(S)
INSPECT/REPLACE AIR FILTER

CHECK ALTERNATOR OUTPUT
CHECK BATTERY CONDITION
INSPECT COOLING SYSTEM
INSPECT ENGINE MOUNTS
INSPECT EXHAUST SYSTEM
CHECK FOR OIL LEAKS
CHECK FOR FUEL LEAKS
INSPECT WELD LEADS
INSPECT ELECTRODE HOLDER
INSPECT GROUND CLAMP
CHECK AC/DC OUTPUT
VERIFY AUXILIARY POWER OUTPUT
CLEAN MACHINE INTERIOR
REMOVE DEBRIS FROM COOLING SYSTEM
OPERATIONAL TEST
",1288,NULL,30,NULL,48349,2678,bda6d18a-7b95-4d2a-b075-7dcef2a08070
35554,53213,"2026-07-30 20:35:58",3,0,1,"CALIBRATION - (WELDER) - 365 DAY",NULL,365,NULL,NULL,NULL,NULL,NULL,NULL,NULL,,"SUBMIT WEVR PAPERWORK. WORK ORDER WILL NOT CLOSE UNLESS PAPERWORK IS CORRECT & SUBMITTED.",1288,7,NULL,NULL,NULL,2755,5f6e96b8-bdd7-4d18-808c-2ee7a224a662
35616,53213,"2026-07-30 20:39:44",3,0,1,"CALIBRATION - (WELDER) - 90 DAY",NULL,90,NULL,NULL,NULL,NULL,NULL,NULL,NULL,,"SUBMIT WEVR PAPERWORK. WORK ORDER WILL NOT CLOSE UNLESS PAPERWORK IS CORRECT & SUBMITTED.",1288,7,NULL,NULL,NULL,2756,b4c052f3-22ac-4b01-adf2-f39f04278b4d
35467,53215,"2026-07-30 19:28:18",1,1,0,"250 HR SERVICE (WELDER MILLER 400)",250,NULL,NULL,NULL,NULL,NULL,NULL,NULL,NULL,"SEE EQUIPMENT DETAILS - PARTS TAB OR WRITE IN PARTS USED:

","CHANGE ENGINE OIL & FILTER
REPLACE FUEL FILTER(S)
INSPECT/REPLACE AIR FILTER

CHECK ALTERNATOR OUTPUT
CHECK BATTERY CONDITION
INSPECT COOLING SYSTEM
INSPECT ENGINE MOUNTS
INSPECT EXHAUST SYSTEM
CHECK FOR OIL LEAKS
CHECK FOR FUEL LEAKS
INSPECT WELD LEADS
INSPECT ELECTRODE HOLDER
INSPECT GROUND CLAMP
CHECK AC/DC OUTPUT
VERIFY AUXILIARY POWER OUTPUT
CLEAN MACHINE INTERIOR
REMOVE DEBRIS FROM COOLING SYSTEM
OPERATIONAL TEST
",1288,NULL,30,NULL,NULL,2678,f51487f1-9d62-4161-8061-7030f3b58579
35477,53215,"2026-07-30 19:33:20",1,0,1,"250 HR SERVICE (WELDER MILLER 500D WELDER)",250,NULL,NULL,NULL,NULL,NULL,NULL,NULL,NULL,"SEE EQUIPMENT DETAILS - PARTS TAB OR WRITE IN PARTS USED:","CHANGE ENGINE OIL & FILTER
REPLACE FUEL FILTER(S)
INSPECT/REPLACE AIR FILTER

CHECK ALTERNATOR OUTPUT
CHECK BATTERY CONDITION
INSPECT COOLING SYSTEM
INSPECT ENGINE MOUNTS
INSPECT EXHAUST SYSTEM
CHECK FOR OIL LEAKS
CHECK FOR FUEL LEAKS
INSPECT WELD LEADS
INSPECT ELECTRODE HOLDER
INSPECT GROUND CLAMP
CHECK AC/DC OUTPUT
VERIFY AUXILIARY POWER OUTPUT
CLEAN MACHINE INTERIOR
REMOVE DEBRIS FROM COOLING SYSTEM
OPERATIONAL TEST
",16222,NULL,40,NULL,NULL,2774,121484ee-70d8-46f5-8b65-91a58e290ae7
36860,53216,"2026-08-04 06:06:58",3,0,1,"CALIBRATION - (WIRE FEED) - 365 DAY",NULL,365,NULL,NULL,NULL,NULL,NULL,NULL,NULL,,"SUBMIT WEVR PAPERWORK. WORK ORDER WILL NOT CLOSE UNLESS PAPERWORK IS CORRECT & SUBMITTED.",16222,7,NULL,NULL,48129,2781,133c9461-6e9d-45a9-b1be-5c2646242870
36932,53216,"2026-08-04 06:08:24",3,0,1,"CALIBRATION - (WIRE FEED) - 90 DAY",NULL,90,NULL,NULL,NULL,NULL,NULL,NULL,NULL,,"SUBMIT WEVR PAPERWORK. WORK ORDER WILL NOT CLOSE UNLESS PAPERWORK IS CORRECT & SUBMITTED.",16222,7,NULL,NULL,48128,2782,20aced5e-28bf-4104-8eff-b332cb92adc9
35468,53218,"2026-07-30 19:28:20",1,0,1,"250 HR SERVICE (WELDER MILLER 400)",250,NULL,NULL,NULL,NULL,NULL,NULL,NULL,NULL,"SEE EQUIPMENT DETAILS - PARTS TAB OR WRITE IN PARTS USED:

","CHANGE ENGINE OIL & FILTER
REPLACE FUEL FILTER(S)
INSPECT/REPLACE AIR FILTER

CHECK ALTERNATOR OUTPUT
CHECK BATTERY CONDITION
INSPECT COOLING SYSTEM
INSPECT ENGINE MOUNTS
INSPECT EXHAUST SYSTEM
CHECK FOR OIL LEAKS
CHECK FOR FUEL LEAKS
INSPECT WELD LEADS
INSPECT ELECTRODE HOLDER
INSPECT GROUND CLAMP
CHECK AC/DC OUTPUT
VERIFY AUXILIARY POWER OUTPUT
CLEAN MACHINE INTERIOR
REMOVE DEBRIS FROM COOLING SYSTEM
OPERATIONAL TEST
",1288,NULL,30,NULL,48345,2678,10f7ab28-cc16-402c-b1cd-d2abe02bf632
35556,53218,"2026-07-30 20:36:01",3,0,1,"CALIBRATION - (WELDER) - 365 DAY",NULL,365,NULL,NULL,NULL,NULL,NULL,NULL,NULL,,"SUBMIT WEVR PAPERWORK. WORK ORDER WILL NOT CLOSE UNLESS PAPERWORK IS CORRECT & SUBMITTED.",1288,7,NULL,NULL,NULL,2755,c39c058d-e403-46e2-bfa3-10fcfdcd4a9c
35618,53218,"2026-07-30 20:39:45",3,0,1,"CALIBRATION - (WELDER) - 90 DAY",NULL,90,NULL,NULL,NULL,NULL,NULL,NULL,NULL,,"SUBMIT WEVR PAPERWORK. WORK ORDER WILL NOT CLOSE UNLESS PAPERWORK IS CORRECT & SUBMITTED.",1288,7,NULL,NULL,NULL,2756,213ff41e-e79e-4a36-95e8-abe4f391ba97
36836,53220,"2026-08-04 06:06:42",3,0,1,"CALIBRATION - (WIRE FEED) - 365 DAY",NULL,365,NULL,NULL,NULL,NULL,NULL,NULL,NULL,,"SUBMIT WEVR PAPERWORK. WORK ORDER WILL NOT CLOSE UNLESS PAPERWORK IS CORRECT & SUBMITTED.",16222,7,NULL,NULL,48080,2781,002824d7-1696-414c-97d7-9062aa3d2969
36908,53220,"2026-08-04 06:08:05",3,0,1,"CALIBRATION - (WIRE FEED) - 90 DAY",NULL,90,NULL,NULL,NULL,NULL,NULL,NULL,NULL,,"SUBMIT WEVR PAPERWORK. WORK ORDER WILL NOT CLOSE UNLESS PAPERWORK IS CORRECT & SUBMITTED.",16222,7,NULL,NULL,48079,2782,cd1dcd81-3ba3-49ba-922c-fc29242f74ee
36858,53221,"2026-08-04 06:06:56",3,0,1,"CALIBRATION - (WIRE FEED) - 365 DAY",NULL,365,NULL,NULL,NULL,NULL,NULL,NULL,NULL,,"SUBMIT WEVR PAPERWORK. WORK ORDER WILL NOT CLOSE UNLESS PAPERWORK IS CORRECT & SUBMITTED.",16222,7,NULL,NULL,48125,2781,04756fa0-4eb6-4fb3-bc02-1ff6ee173f01
36930,53221,"2026-08-04 06:08:22",3,0,1,"CALIBRATION - (WIRE FEED) - 90 DAY",NULL,90,NULL,NULL,NULL,NULL,NULL,NULL,NULL,,"SUBMIT WEVR PAPERWORK. WORK ORDER WILL NOT CLOSE UNLESS PAPERWORK IS CORRECT & SUBMITTED.",16222,7,NULL,NULL,48124,2782,9041b5f1-3e54-45e4-ab5d-2affda63d0ed
36839,53222,"2026-08-04 06:06:44",3,0,1,"CALIBRATION - (WIRE FEED) - 365 DAY",NULL,365,NULL,NULL,NULL,NULL,NULL,NULL,NULL,,"SUBMIT WEVR PAPERWORK. WORK ORDER WILL NOT CLOSE UNLESS PAPERWORK IS CORRECT & SUBMITTED.",16222,7,NULL,NULL,48086,2781,90e31cb8-fa19-4bd0-b51f-dd162d74cb8d
36911,53222,"2026-08-04 06:08:07",3,0,1,"CALIBRATION - (WIRE FEED) - 90 DAY",NULL,90,NULL,NULL,NULL,NULL,NULL,NULL,NULL,,"SUBMIT WEVR PAPERWORK. WORK ORDER WILL NOT CLOSE UNLESS PAPERWORK IS CORRECT & SUBMITTED.",16222,7,NULL,NULL,48085,2782,4ca2cf41-9cc3-4079-9d59-f84f4bbfbaf7
36822,53223,"2026-08-04 06:06:30",3,0,1,"CALIBRATION - (WIRE FEED) - 365 DAY",NULL,365,NULL,NULL,NULL,NULL,NULL,NULL,NULL,,"SUBMIT WEVR PAPERWORK. WORK ORDER WILL NOT CLOSE UNLESS PAPERWORK IS CORRECT & SUBMITTED.",16222,7,NULL,NULL,48052,2781,90029aaa-28be-4357-bbff-007d300494e6
36894,53223,"2026-08-04 06:07:57",3,0,1,"CALIBRATION - (WIRE FEED) - 90 DAY",NULL,90,NULL,NULL,NULL,NULL,NULL,NULL,NULL,,"SUBMIT WEVR PAPERWORK. WORK ORDER WILL NOT CLOSE UNLESS PAPERWORK IS CORRECT & SUBMITTED.",16222,7,NULL,NULL,48051,2782,1f572f42-9ee4-4d40-b38f-6bc4d1afbf5f
35471,53224,"2026-07-30 19:28:22",1,0,1,"250 HR SERVICE (WELDER MILLER 400)",250,NULL,NULL,NULL,NULL,NULL,NULL,NULL,NULL,"SEE EQUIPMENT DETAILS - PARTS TAB OR WRITE IN PARTS USED:

","CHANGE ENGINE OIL & FILTER
REPLACE FUEL FILTER(S)
INSPECT/REPLACE AIR FILTER

CHECK ALTERNATOR OUTPUT
CHECK BATTERY CONDITION
INSPECT COOLING SYSTEM
INSPECT ENGINE MOUNTS
INSPECT EXHAUST SYSTEM
CHECK FOR OIL LEAKS
CHECK FOR FUEL LEAKS
INSPECT WELD LEADS
INSPECT ELECTRODE HOLDER
INSPECT GROUND CLAMP
CHECK AC/DC OUTPUT
VERIFY AUXILIARY POWER OUTPUT
CLEAN MACHINE INTERIOR
REMOVE DEBRIS FROM COOLING SYSTEM
OPERATIONAL TEST
",1288,NULL,30,NULL,NULL,2678,acf3c6ba-f5d8-48ca-9503-76264d2779bc
35559,53224,"2026-07-30 20:36:02",3,0,1,"CALIBRATION - (WELDER) - 365 DAY",NULL,365,NULL,NULL,NULL,NULL,NULL,NULL,NULL,,"SUBMIT WEVR PAPERWORK. WORK ORDER WILL NOT CLOSE UNLESS PAPERWORK IS CORRECT & SUBMITTED.",1288,7,NULL,NULL,NULL,2755,8df620bc-4123-4dd6-bd82-fdb720181d37
35621,53224,"2026-07-30 20:39:47",3,0,1,"CALIBRATION - (WELDER) - 90 DAY",NULL,90,NULL,NULL,NULL,NULL,NULL,NULL,NULL,,"SUBMIT WEVR PAPERWORK. WORK ORDER WILL NOT CLOSE UNLESS PAPERWORK IS CORRECT & SUBMITTED.",1288,7,NULL,NULL,NULL,2756,eb9024e7-968d-489a-8266-1b5430c48c2e
35469,53225,"2026-07-30 19:28:20",1,0,1,"250 HR SERVICE (WELDER MILLER 400)",250,NULL,NULL,NULL,NULL,NULL,NULL,NULL,NULL,"SEE EQUIPMENT DETAILS - PARTS TAB OR WRITE IN PARTS USED:

","CHANGE ENGINE OIL & FILTER
REPLACE FUEL FILTER(S)
INSPECT/REPLACE AIR FILTER

CHECK ALTERNATOR OUTPUT
CHECK BATTERY CONDITION
INSPECT COOLING SYSTEM
INSPECT ENGINE MOUNTS
INSPECT EXHAUST SYSTEM
CHECK FOR OIL LEAKS
CHECK FOR FUEL LEAKS
INSPECT WELD LEADS
INSPECT ELECTRODE HOLDER
INSPECT GROUND CLAMP
CHECK AC/DC OUTPUT
VERIFY AUXILIARY POWER OUTPUT
CLEAN MACHINE INTERIOR
REMOVE DEBRIS FROM COOLING SYSTEM
OPERATIONAL TEST
",1288,NULL,30,NULL,NULL,2678,dccbe6a7-4d66-4ebb-a77f-dd12e6a75e30
35557,53225,"2026-07-30 20:36:01",3,0,1,"CALIBRATION - (WELDER) - 365 DAY",NULL,365,NULL,NULL,NULL,NULL,NULL,NULL,NULL,,"SUBMIT WEVR PAPERWORK. WORK ORDER WILL NOT CLOSE UNLESS PAPERWORK IS CORRECT & SUBMITTED.",1288,7,NULL,NULL,NULL,2755,f1a6fdbf-3ca7-4917-8da5-076f737c6e15
35619,53225,"2026-07-30 20:39:46",3,0,1,"CALIBRATION - (WELDER) - 90 DAY",NULL,90,NULL,NULL,NULL,NULL,NULL,NULL,NULL,,"SUBMIT WEVR PAPERWORK. WORK ORDER WILL NOT CLOSE UNLESS PAPERWORK IS CORRECT & SUBMITTED.",1288,7,NULL,NULL,NULL,2756,978db2b7-6f01-4ea1-a7b6-59a6e73b7e53
36844,53226,"2026-08-04 06:06:48",3,0,1,"CALIBRATION - (WIRE FEED) - 365 DAY",NULL,365,NULL,NULL,NULL,NULL,NULL,NULL,NULL,,"SUBMIT WEVR PAPERWORK. WORK ORDER WILL NOT CLOSE UNLESS PAPERWORK IS CORRECT & SUBMITTED.",16222,7,NULL,NULL,48096,2781,f7171c43-2714-4872-a135-539df5cfceb1
36916,53226,"2026-08-04 06:08:10",3,0,1,"CALIBRATION - (WIRE FEED) - 90 DAY",NULL,90,NULL,NULL,NULL,NULL,NULL,NULL,NULL,,"SUBMIT WEVR PAPERWORK. WORK ORDER WILL NOT CLOSE UNLESS PAPERWORK IS CORRECT & SUBMITTED.",16222,7,NULL,NULL,48095,2782,bdbfe49f-002a-4915-b915-d80b5f7f4ede
36859,53227,"2026-08-04 06:06:57",3,0,1,"CALIBRATION - (WIRE FEED) - 365 DAY",NULL,365,NULL,NULL,NULL,NULL,NULL,NULL,NULL,,"SUBMIT WEVR PAPERWORK. WORK ORDER WILL NOT CLOSE UNLESS PAPERWORK IS CORRECT & SUBMITTED.",16222,7,NULL,NULL,48127,2781,f578521d-3071-4cc3-a3d8-e2774bdb47a5
36931,53227,"2026-08-04 06:08:23",3,0,1,"CALIBRATION - (WIRE FEED) - 90 DAY",NULL,90,NULL,NULL,NULL,NULL,NULL,NULL,NULL,,"SUBMIT WEVR PAPERWORK. WORK ORDER WILL NOT CLOSE UNLESS PAPERWORK IS CORRECT & SUBMITTED.",16222,7,NULL,NULL,48126,2782,e7aae098-f928-4943-9591-7ce194c984a1
36830,53228,"2026-08-04 06:06:36",3,0,1,"CALIBRATION - (WIRE FEED) - 365 DAY",NULL,365,NULL,NULL,NULL,NULL,NULL,NULL,NULL,,"SUBMIT WEVR PAPERWORK. WORK ORDER WILL NOT CLOSE UNLESS PAPERWORK IS CORRECT & SUBMITTED.",16222,7,NULL,NULL,48068,2781,a50accb7-5d18-4bc0-823c-4fb852cb16da
36902,53228,"2026-08-04 06:08:01",3,0,1,"CALIBRATION - (WIRE FEED) - 90 DAY",NULL,90,NULL,NULL,NULL,NULL,NULL,NULL,NULL,,"SUBMIT WEVR PAPERWORK. WORK ORDER WILL NOT CLOSE UNLESS PAPERWORK IS CORRECT & SUBMITTED.",16222,7,NULL,NULL,48067,2782,6b78da54-9d80-46eb-acb6-8f49776c9469
34403,53229,"2026-07-27 02:54:46",3,0,1,"1 YEAR SERVICE (FROSTFIGHTERS)",NULL,365,NULL,NULL,NULL,NULL,NULL,NULL,NULL,"SEE EQUIPMENT DETAILS - PARTS TAB OR WRITE IN PARTS USED:
","CHECK INJECTORS
CHANGE FUEL FILTER
CHECK NEEDLES/GAUGES/SWITCHES
CHECK FUEL LINE
CHECK FUEL PUMP
",1288,7,NULL,NULL,47837,2568,41b80b5b-86b3-4cf7-8713-8da3903138fa
36855,53230,"2026-08-04 06:06:55",3,0,1,"CALIBRATION - (WIRE FEED) - 365 DAY",NULL,365,NULL,NULL,NULL,NULL,NULL,NULL,NULL,,"SUBMIT WEVR PAPERWORK. WORK ORDER WILL NOT CLOSE UNLESS PAPERWORK IS CORRECT & SUBMITTED.",16222,7,NULL,NULL,48119,2781,2d6fe4e2-0a2e-4e53-9274-12600e93461d
36927,53230,"2026-08-04 06:08:21",3,0,1,"CALIBRATION - (WIRE FEED) - 90 DAY",NULL,90,NULL,NULL,NULL,NULL,NULL,NULL,NULL,,"SUBMIT WEVR PAPERWORK. WORK ORDER WILL NOT CLOSE UNLESS PAPERWORK IS CORRECT & SUBMITTED.",16222,7,NULL,NULL,48118,2782,a2821daf-2025-44f2-b8d8-00d18647d745
36840,53231,"2026-08-04 06:06:45",3,0,1,"CALIBRATION - (WIRE FEED) - 365 DAY",NULL,365,NULL,NULL,NULL,NULL,NULL,NULL,NULL,,"SUBMIT WEVR PAPERWORK. WORK ORDER WILL NOT CLOSE UNLESS PAPERWORK IS CORRECT & SUBMITTED.",16222,7,NULL,NULL,48088,2781,6b73d7ed-89d3-47a1-8078-6ec91b069e98
36912,53231,"2026-08-04 06:08:08",3,0,1,"CALIBRATION - (WIRE FEED) - 90 DAY",NULL,90,NULL,NULL,NULL,NULL,NULL,NULL,NULL,,"SUBMIT WEVR PAPERWORK. WORK ORDER WILL NOT CLOSE UNLESS PAPERWORK IS CORRECT & SUBMITTED.",16222,7,NULL,NULL,48087,2782,75fb3e92-606d-463f-a65a-7a8d101bf83d
36850,53232,"2026-08-04 06:06:51",3,0,1,"CALIBRATION - (WIRE FEED) - 365 DAY",NULL,365,NULL,NULL,NULL,NULL,NULL,NULL,NULL,,"SUBMIT WEVR PAPERWORK. WORK ORDER WILL NOT CLOSE UNLESS PAPERWORK IS CORRECT & SUBMITTED.",16222,7,NULL,NULL,48109,2781,80fa9764-1f9d-4c13-b0f1-e8999b28b07a
36922,53232,"2026-08-04 06:08:18",3,0,1,"CALIBRATION - (WIRE FEED) - 90 DAY",NULL,90,NULL,NULL,NULL,NULL,NULL,NULL,NULL,,"SUBMIT WEVR PAPERWORK. WORK ORDER WILL NOT CLOSE UNLESS PAPERWORK IS CORRECT & SUBMITTED.",16222,7,NULL,NULL,48108,2782,1f0a1755-3884-426d-8df6-f24caf63ae72
36852,53233,"2026-08-04 06:06:53",3,0,1,"CALIBRATION - (WIRE FEED) - 365 DAY",NULL,365,NULL,NULL,NULL,NULL,NULL,NULL,NULL,,"SUBMIT WEVR PAPERWORK. WORK ORDER WILL NOT CLOSE UNLESS PAPERWORK IS CORRECT & SUBMITTED.",16222,7,NULL,NULL,48113,2781,8ee6e0ae-2b18-477e-8491-e8f1b7c9f654
36924,53233,"2026-08-04 06:08:19",3,0,1,"CALIBRATION - (WIRE FEED) - 90 DAY",NULL,90,NULL,NULL,NULL,NULL,NULL,NULL,NULL,,"SUBMIT WEVR PAPERWORK. WORK ORDER WILL NOT CLOSE UNLESS PAPERWORK IS CORRECT & SUBMITTED.",16222,7,NULL,NULL,48112,2782,e1eb8e95-5d8d-4a7f-ba8b-85b9212d0743
36857,53234,"2026-08-04 06:06:56",3,0,1,"CALIBRATION - (WIRE FEED) - 365 DAY",NULL,365,NULL,NULL,NULL,NULL,NULL,NULL,NULL,,"SUBMIT WEVR PAPERWORK. WORK ORDER WILL NOT CLOSE UNLESS PAPERWORK IS CORRECT & SUBMITTED.",16222,7,NULL,NULL,48123,2781,1c8ced27-c964-4aa2-b8cf-e2a91743b00f
36929,53234,"2026-08-04 06:08:22",3,0,1,"CALIBRATION - (WIRE FEED) - 90 DAY",NULL,90,NULL,NULL,NULL,NULL,NULL,NULL,NULL,,"SUBMIT WEVR PAPERWORK. WORK ORDER WILL NOT CLOSE UNLESS PAPERWORK IS CORRECT & SUBMITTED.",16222,7,NULL,NULL,48122,2782,62c646b3-0041-48c2-9a3e-ca4e68c85eb5
36849,53235,"2026-08-04 06:06:51",3,0,1,"CALIBRATION - (WIRE FEED) - 365 DAY",NULL,365,NULL,NULL,NULL,NULL,NULL,NULL,NULL,,"SUBMIT WEVR PAPERWORK. WORK ORDER WILL NOT CLOSE UNLESS PAPERWORK IS CORRECT & SUBMITTED.",16222,7,NULL,NULL,48107,2781,ca45c159-9164-4c63-93b9-625198dc502d
36921,53235,"2026-08-04 06:08:15",3,0,1,"CALIBRATION - (WIRE FEED) - 90 DAY",NULL,90,NULL,NULL,NULL,NULL,NULL,NULL,NULL,,"SUBMIT WEVR PAPERWORK. WORK ORDER WILL NOT CLOSE UNLESS PAPERWORK IS CORRECT & SUBMITTED.",16222,7,NULL,NULL,48106,2782,037ffae4-90ef-4723-a3a2-a373616d5c4d
36845,53236,"2026-08-04 06:06:49",3,0,1,"CALIBRATION - (WIRE FEED) - 365 DAY",NULL,365,NULL,NULL,NULL,NULL,NULL,NULL,NULL,,"SUBMIT WEVR PAPERWORK. WORK ORDER WILL NOT CLOSE UNLESS PAPERWORK IS CORRECT & SUBMITTED.",16222,7,NULL,NULL,48098,2781,91fb63fb-60fc-4b33-b4f5-6ca048774a63
36917,53236,"2026-08-04 06:08:10",3,0,1,"CALIBRATION - (WIRE FEED) - 90 DAY",NULL,90,NULL,NULL,NULL,NULL,NULL,NULL,NULL,,"SUBMIT WEVR PAPERWORK. WORK ORDER WILL NOT CLOSE UNLESS PAPERWORK IS CORRECT & SUBMITTED.",16222,7,NULL,NULL,48097,2782,be91b55e-4dbb-4702-8df6-4cdb865bfe30
36863,53237,"2026-08-04 06:07:00",3,0,1,"CALIBRATION - (WIRE FEED) - 365 DAY",NULL,365,NULL,NULL,NULL,NULL,NULL,NULL,NULL,,"SUBMIT WEVR PAPERWORK. WORK ORDER WILL NOT CLOSE UNLESS PAPERWORK IS CORRECT & SUBMITTED.",16222,7,NULL,NULL,48135,2781,213ac35d-2f03-47b7-9015-05325804fa23
36935,53237,"2026-08-04 06:08:25",3,0,1,"CALIBRATION - (WIRE FEED) - 90 DAY",NULL,90,NULL,NULL,NULL,NULL,NULL,NULL,NULL,,"SUBMIT WEVR PAPERWORK. WORK ORDER WILL NOT CLOSE UNLESS PAPERWORK IS CORRECT & SUBMITTED.",16222,7,NULL,NULL,48134,2782,f1334973-476b-4578-b496-25e5e53729d3
36847,53238,"2026-08-04 06:06:50",3,0,1,"CALIBRATION - (WIRE FEED) - 365 DAY",NULL,365,NULL,NULL,NULL,NULL,NULL,NULL,NULL,,"SUBMIT WEVR PAPERWORK. WORK ORDER WILL NOT CLOSE UNLESS PAPERWORK IS CORRECT & SUBMITTED.",16222,7,NULL,NULL,48102,2781,72c82e24-e42e-486a-9856-5afd66fc02b9
36919,53238,"2026-08-04 06:08:14",3,0,1,"CALIBRATION - (WIRE FEED) - 90 DAY",NULL,90,NULL,NULL,NULL,NULL,NULL,NULL,NULL,,"SUBMIT WEVR PAPERWORK. WORK ORDER WILL NOT CLOSE UNLESS PAPERWORK IS CORRECT & SUBMITTED.",16222,7,NULL,NULL,48101,2782,7d074dec-98eb-4e95-b497-bf9650150f6b
36861,53239,"2026-08-04 06:06:59",3,0,1,"CALIBRATION - (WIRE FEED) - 365 DAY",NULL,365,NULL,NULL,NULL,NULL,NULL,NULL,NULL,,"SUBMIT WEVR PAPERWORK. WORK ORDER WILL NOT CLOSE UNLESS PAPERWORK IS CORRECT & SUBMITTED.",16222,7,NULL,NULL,48131,2781,5546325e-2809-473e-81f3-3c167be363f8
36933,53239,"2026-08-04 06:08:24",3,0,1,"CALIBRATION - (WIRE FEED) - 90 DAY",NULL,90,NULL,NULL,NULL,NULL,NULL,NULL,NULL,,"SUBMIT WEVR PAPERWORK. WORK ORDER WILL NOT CLOSE UNLESS PAPERWORK IS CORRECT & SUBMITTED.",16222,7,NULL,NULL,48130,2782,4f36e5f4-9d66-4a7f-a674-6d2ba612cf16
35904,53242,"2026-07-31 15:43:58",3,0,1,"CALIBRATION - (FLUKE METER) - 365 DAY",NULL,365,NULL,NULL,NULL,NULL,NULL,NULL,NULL,"
","365 DAY INTERVAL. SUBMIT WEVR PAPERWORK. WORK ORDER WILL NOT CLOSE UNLESS PAPERWORK IS CORRECT & SUBMITTED.",1288,7,NULL,NULL,46965,2752,b3de746a-0772-42e0-845c-9d472fda289a
35903,53243,"2026-07-31 15:43:57",3,0,1,"CALIBRATION - (FLUKE METER) - 365 DAY",NULL,365,NULL,NULL,NULL,NULL,NULL,NULL,NULL,"
","365 DAY INTERVAL. SUBMIT WEVR PAPERWORK. WORK ORDER WILL NOT CLOSE UNLESS PAPERWORK IS CORRECT & SUBMITTED.",1288,7,NULL,NULL,46964,2752,2228bf08-9160-495c-a85e-26b43cd11e6f
35905,53244,"2026-07-31 15:43:59",3,0,1,"CALIBRATION - (FLUKE METER) - 365 DAY",NULL,365,NULL,NULL,NULL,NULL,NULL,NULL,NULL,"
","365 DAY INTERVAL. SUBMIT WEVR PAPERWORK. WORK ORDER WILL NOT CLOSE UNLESS PAPERWORK IS CORRECT & SUBMITTED.",1288,7,NULL,NULL,NULL,2752,b9fcebab-acbc-4d0e-9df3-53347c461f58
35902,53245,"2026-07-31 15:43:56",3,0,1,"CALIBRATION - (FLUKE METER) - 365 DAY",NULL,365,NULL,NULL,NULL,NULL,NULL,NULL,NULL,"
","365 DAY INTERVAL. SUBMIT WEVR PAPERWORK. WORK ORDER WILL NOT CLOSE UNLESS PAPERWORK IS CORRECT & SUBMITTED.",1288,7,NULL,NULL,46963,2752,921b799b-4a8a-4356-85b8-9d45ee96fbbf
35901,53246,"2026-07-31 15:43:56",3,0,1,"CALIBRATION - (FLUKE METER) - 365 DAY",NULL,365,NULL,NULL,NULL,NULL,NULL,NULL,NULL,"
","365 DAY INTERVAL. SUBMIT WEVR PAPERWORK. WORK ORDER WILL NOT CLOSE UNLESS PAPERWORK IS CORRECT & SUBMITTED.",1288,7,NULL,NULL,46962,2752,2da1eb64-f40e-4856-b7af-b3485c87f6b6
35906,53253,"2026-07-31 15:44:00",3,0,1,"CALIBRATION - (FLUKE METER) - 365 DAY",NULL,365,NULL,NULL,NULL,NULL,NULL,NULL,NULL,"
","365 DAY INTERVAL. SUBMIT WEVR PAPERWORK. WORK ORDER WILL NOT CLOSE UNLESS PAPERWORK IS CORRECT & SUBMITTED.",1288,7,NULL,NULL,46966,2752,b0755668-8e3f-45cc-af2d-71a699534922
34453,53259,"2026-07-28 02:37:48",1,0,1,"1000 HR SERVICE (AMER HC80 CRAWLER CRANE)",1000,NULL,NULL,NULL,NULL,NULL,NULL,NULL,NULL,"SEE EQUIPMENT DETAILS - PARTS TAB OR WRITE IN PARTS USED:","• PERFORM ALL 500 HOUR ITEMS
• SAMPLE HYDRAULIC OIL
• REPLACE HYDRAULIC RETURN FILTER
• REPLACE HYDRAULIC SUCTION FILTER
• REPLACE HYDRAULIC RETURN FILTER

",1288,NULL,40,NULL,NULL,2610,1a204a2c-ffba-4362-b9c6-d012796b5beb
34457,53259,"2026-07-28 02:38:12",1,0,1,"2000 HR SERVICE (AMER HC80 CRAWLER CRANE)",2000,NULL,NULL,NULL,NULL,NULL,NULL,NULL,NULL,"SEE EQUIPMENT DETAILS - PARTS TAB OR WRITE IN PARTS USED:
","• PERFORM ALL 1000 HOUR ITEMS
• SAMPLE HYDRAULIC OIL/CHANGE AS NEEDED
• REPLACE COOLANT
• CHANGE SWING OIL
• CHANGE HOIST GEARBOX OIL
• CHANGE DRUM REDUCER OIL",1288,NULL,40,NULL,NULL,2721,29faefe1-95bd-40ad-af52-84498e24e471
34461,53259,"2026-07-28 02:38:30",1,0,1,"500 HR SERVICE (AMER HC80 CRAWLER CRANE)",500,NULL,NULL,NULL,NULL,NULL,NULL,NULL,NULL,"SEE EQUIPMENT DETAILS - PARTS TAB OR WRITE IN PARTS USED:","• CHANGE ENGINE OIL & FILTERS 
• CHANGE FUEL FILTERS (W/S) & SECONDARY
• CHANGE AIR FILTERS
• CHECK FAN BELTS
• CHECK BATTERY CONDITION
• CHECK HYDRAULIC LEVELS
• CHANGE FINAL DRIVE LEVELS
• SAMPLE GEARBOX OIL
",1288,NULL,40,NULL,46979,2690,2c051226-afb4-49d1-ba35-d1723ec0c813
34601,53261,"2026-07-29 19:56:25",1,0,1,"1000 HR SERVICE (AMER 7260)",1000,NULL,NULL,NULL,NULL,NULL,NULL,NULL,NULL,"SEE EQUIPMENT DETAILS - PARTS TAB OR WRITE IN PARTS USED:

","COMPLETE ALL 500 HR ITEMS
MAIN & AUX HOIST GEAR CASES (DRAIN & FLUSH)
CHANGE SWING DRIVE OIL
CHANGE TRAVEL GEARBOX OIL
SAMPLE HYD FLUID
TORQUE CONVERTER - DRAIN & REFILL
TORQUE CONVERTER - CHANGE FILTER
FLUSH TORQUE COOLER
SPRAG OIL - DRAIN & REFILL
CHAIN CASE - DRAIN, INSPECT & REFILL
UPPER DECK - DRAIN & REFILL
LOWER TUBS - DRAIN & REFILL
LUBRICATE HOIST VALVES
",1288,NULL,40,NULL,46977,2577,b30f546d-524c-459b-a998-1ad1cb893db9
34604,53261,"2026-07-29 19:56:52",1,0,1,"500 HR SERVICE (AMER 7260)",500,NULL,NULL,NULL,NULL,NULL,NULL,NULL,NULL,"SEE EQUIPMENT DETAILS - PARTS TAB OR WRITE IN PARTS USED:

","CHANGE ENGINE OIL & FILTER
CHANGE FUEL FILTERS
CHANGE AIR FILTERS
SAMPLE GEARBOX OIL
REPLACE TORQUE CONVERTER / TRANS FILTER
CHECK TORQUE CONVERTER OIL LEVEL
CHECK FAN BELTS
CHECK COOLANT LEVEL
GREASE ALL CRANE LUBRICATION POINTS
CHECK MAIN HOIST GEARCASE OIL LEVEL
CHECK AUX HOIST GEARCASE OIL LEVEL
CHECK PROPEL DRIVE OIL LEVELS
CHECK BATTERIES AND CABLES
INSPECT BRAKES & CLUTCHES",1288,NULL,40,NULL,46978,2685,6413b5a0-014f-493f-8173-7b1857244905
35309,53264,"2026-07-30 18:18:48",1,0,1,"250 HR SERVICE (APU* - MANITOWOC MLC300 CRAWLER)",250,NULL,NULL,NULL,NULL,NULL,NULL,NULL,NULL,"SEE EQUIPMENT DETAILS - PARTS TAB OR WRITE IN PARTS USED:
","250 HOUR AUX POWER UNIT SERVICE",1288,NULL,30,NULL,47124,2674,09e368b9-ad46-4040-821a-1a5313fafa1b
35075,53278,"2026-07-30 16:15:31",1,0,1,"1000 HR SERVICE (WATER TRUCK)",1000,NULL,NULL,NULL,NULL,NULL,NULL,NULL,NULL,"SEE EQUIPMENT DETAILS - PARTS TAB OR WRITE IN PARTS USED:
","INCLUDES ALL 500 HR TASKS +
REPLACE AIR FILTER
REPLACE TRANSMISSION FILTER
CHECK AXLE OIL LEVELS
INSPECT U-JOINTS
CHECK BRAKE LININGS
CHECK SLACK ADJUSTERS
CHECK CHARGING SYSTEM
PERFORM DIAGNOSTIC SCAN
",1288,NULL,40,NULL,47215,2619,4a7d4bb5-67a3-4856-87e2-41516216d01f
35084,53278,"2026-07-30 16:16:13",1,0,1,"2000 HR SERVICE (WATER TRUCK)",2000,NULL,NULL,NULL,NULL,NULL,NULL,NULL,NULL,"SEE EQUIPMENT DETAILS - PARTS TAB OR WRITE IN PARTS USED:
","INCLUDES ALL 1000 HR TASKS
SAMPLE HYDRAULIC OIL
REPLACE COOLANT
INSPECT DIFFERENTIALS
INSPECT TRANSMISSION
INSPECT TURBOCHARGER
INSPECT ENGINE MOUNTS
ENGINE PERFORMANCE TEST
",1288,NULL,40,NULL,47217,2663,1f391e8b-4ab7-4b48-8b01-f3f886b36a2b
35093,53278,"2026-07-30 16:16:51",2,0,1,"20000 MI SERVICE (WATER TRUCK)",NULL,NULL,20000,NULL,NULL,NULL,NULL,NULL,NULL,"SEE EQUIPMENT DETAILS - PARTS TAB OR WRITE IN PARTS USED:
","INCLUDES ALL 6,000 MI SERVICE ITEMS, PLUS:

ENGINE MAINTENANCE:
- CHANGE ENGINE OIL AND FILTER
-REPLACE FUEL FILTERS (PRIMARY AND SECONDARY IF REQUIRED)
-INSPECT SERPENTINE BELTS AND TENSIONERS
-INSPECT COOLING SYSTEM HOSES AND CLAMPS
-CHECK ENGINE MOUNTS

AIR INTAKE SYSTEM:
-INSPECT AIR CLEANER RESTRICTION INDICATOR
-INSPECT AIR FILTER AND REPLACE IF NEEDED
-CHECK TURBOCHARGER CONNECTIONS

DRIVELINE:
-INSPECT DRIVESHAFT
-LUBRICATE U-JOINTS
-INSPECT CARRIER BEARINGS
-CHECK DIFFERENTIAL FLUID LEVELS

TRANSMISSION:
-INSPECT TRANSMISSION FOR LEAKS
-CHECK TRANSMISSION FLUID CONDITION
-INSPECT PTO AND PTO MOUNTS

AXLES & HUBS:
-CHECK AXLE OIL LEVELS
-INSPECT WHEEL SEALS FOR LEAKS
-CHECK HUB OIL LEVELS

BRAKE SYSTEM:
-MEASURE BRAKE LINING THICKNESS
-INSPECT ABS SENSORS AND WIRING
-CHECK BRAKE ADJUSTMENT
-INSPECT FOUNDATION BRAKE COMPONENTS

SUSPENSION:
-TORQUE-CHECK SUSPENSION COMPONENTS
-INSPECT SPRING HANGERS
-CHECK TORQUE RODS AND BUSHINGS
-INSPECT AIR BAGS (IF EQUIPPED)

HYDRAULIC SYSTEM:
-CHECK HYDRAULIC TANK BREATHER
-INSPECT HYDRAULIC FILTER CONDITION
-VERIFY HYDRAULIC PRESSURE AND OPERATION

FRAME & BODY:
-INSPECT FRAME RAILS FOR CRACKS
-CHECK CROSS MEMBERS
-INSPECT DUMP BODY HINGES AND PINS
-CHECK TAILGATE OPERATION AND HARDWARE

SAFETY INSPECTION:
-VERIFY REFLECTIVE TAPE CONDITION
-TEST BACKUP CAMERA (IF EQUIPPED)
",1288,NULL,NULL,200,NULL,2673,97fe4265-e93e-4517-9d9a-b565551bc7eb
35102,53278,"2026-07-30 16:17:25",1,0,1,"500 HR SERVICE (WATER TRUCK)",500,NULL,NULL,NULL,NULL,NULL,NULL,NULL,NULL,"SEE EQUIPMENT DETAILS - PARTS TAB OR WRITE IN PARTS USED:
","CHANGE ENGINE OIL & FILTER
CHANGE AIR FILTERS
REPLACE FUEL FILTERS
DRAIN WATER SEPARATOR
CHECK DEF LEVEL
CHECK COOLANT LEVEL
INSPECT BELTS
INSPECT AIR FILTER
CHECK BATTERIES
CHECK LIGHTS
CHECK BRAKES
CHECK TIRES
CHECK WHEEL TORQUE
INSPECT DRIVELINE
GREASE CHASSIS FITTINGS
CHECK ACTIVE FAULT CODES
",1288,NULL,40,NULL,47216,2735,63afbc99-2cbe-473e-9f20-630a58f13baf
35111,53278,"2026-07-30 16:18:29",2,0,1,"6000 MI SERVICE (WATER TRUCK)",NULL,NULL,6000,NULL,NULL,NULL,NULL,NULL,NULL,"SEE EQUIPMENT DETAILS - PARTS TAB OR WRITE IN PARTS USED:","ENGINE & FLUIDS:
-CHECK ENGINE OIL LEVEL AND CONDITION
-CHANGE ENGINE OIL AND OIL FILTER
-CHECK COOLANT LEVEL AND CONDITION
-CHECK POWER STEERING FLUID
-CHECK TRANSMISSION FLUID LEVEL
-CHECK HYDRAULIC FLUID LEVEL
-CHECK DEF LEVEL AND INSPECT DEF SYSTEM
-DRAIN WATER SEPARATOR AND INSPECT FUEL SYSTEM

BRAKES:
-INSPECT BRAKE LININGS/PADS
-CHECK BRAKE DRUMS/ROTORS
-INSPECT SLACK ADJUSTERS
-CHECK BRAKE CHAMBERS AND HARDWARE
-VERIFY PARKING BRAKE OPERATION

TIRES & WHEELS:
-CHECK TIRE PRESSURE
-MEASURE TREAD DEPTH
-INSPECT FOR CUTS, PUNCTURES, AND UNEVEN WEAR
-CHECK WHEEL NUTS AND RIM CONDITION

STEERING & SUSPENSION:
-INSPECT STEERING LINKAGE
-CHECK KINGPINS AND TIE-ROD ENDS
-LUBRICATE GREASE FITTINGS
-INSPECT SPRINGS, BUSHINGS, SHOCKS, AND U-BOLTS

HYDRAULIC DUMP SYSTEM:
-INSPECT HYDRAULIC CYLINDER FOR LEAKS
-CHECK HOSES AND FITTINGS
-VERIFY DUMP BODY OPERATION
-INSPECT HOIST PIVOTS AND GREASE AS REQUIRED

ELECTRICAL SYSTEM:
-TEST LIGHTS AND SIGNALS
-INSPECT BATTERIES AND CONNECTIONS
-CHECK ALTERNATOR CHARGING VOLTAGE
-INSPECT WIRING FOR DAMAGE

GENERAL INSPECTION:
-CHECK MIRRORS, WINDSHIELD, AND WIPERS
-INSPECT SEAT BELTS
-CHECK HORN AND BACKUP ALARM
-INSPECT PTO OPERATION
-DOCUMENT DEFECTS AND REPAIRS
",1288,NULL,NULL,200,47214,2747,ab06ac12-6533-4245-9dd9-13b7a8c0c5cc
35137,53295,"2026-07-30 16:22:28",1,0,1,"1000 HR SERVICE (LOADER)",1000,NULL,NULL,NULL,NULL,NULL,NULL,NULL,NULL,"SEE EQUIPMENT DETAILS - PARTS TAB OR WRITE IN PARTS USED:","INCLUDES ALL 500 HR TASKS
REPLACE HYDRAULIC RETURN FILTER
REPLACE CASE DRAIN FILTER
INSPECT MAIN HYDRAULIC PUMP
INSPECT AUXILIARY HYDRAULICS
CHECK HYDRAULIC PRESSURES
INSPECT CYLINDER RODS
INSPECT CYLINDER SEALS
INSPECT ENGINE MOUNTS
INSPECT FRAME WELDS
MEASURE UNDERCARRIAGE WEAR
INSPECT TRACK ALIGNMENT OR INSPECT TIRES
CHECK CHARGING SYSTEM
PERFORM DIAGNOSTIC SCAN
",1288,NULL,40,NULL,47264,2600,617c291b-6b2a-4aad-81a7-8a2bfaf1215a
35171,53295,"2026-07-30 16:23:51",1,0,1,"2000 HR SERVICE (LOADER)",2000,NULL,NULL,NULL,NULL,NULL,NULL,NULL,NULL,"SEE EQUIPMENT DETAILS - PARTS TAB OR WRITE IN PARTS USED:","INCLUDES ALL 1000 HR TASKS
SAMPLE HYDRAULIC OIL
REPLACE COOLANT
INSPECT HYDRAULIC PUMPS
INSPECT DRIVE MOTORS
INSPECT FINAL DRIVES
INSPECT TURBOCHARGER
INSPECT INJECTORS
INSPECT AFTERTREATMENT COMPONENTS
INSPECT STRUCTURAL WELDS
HYDRAULIC PERFORMANCE TEST

REVIEW ACTIVE FAULT CODES
",1288,NULL,40,NULL,47265,2645,50af862b-35ce-453a-82fc-57a99a9fc2e1
35205,53295,"2026-07-30 16:24:37",1,0,1,"500 HR SERVICE (LOADER)",500,NULL,NULL,NULL,NULL,NULL,NULL,NULL,NULL,"SEE EQUIPMENT DETAILS - PARTS TAB OR WRITE IN PARTS USED:","CHANGE ENGINE OIL
REPLACE ENGINE OIL FILTER
REPLACE PRIMARY FUEL FILTER
REPLACE SECONDARY FUEL FILTER
DRAIN WATER SEPARATOR
CHECK COOLANT LEVEL
INSPECT AIR FILTER
INSPECT INTAKE HOSES
INSPECT BELTS
INSPECT BATTERY
CHECK CHARGING SYSTEM

INSPECT HYDRAULIC HOSES
INSPECT HYDRAULIC COUPLERS
INSPECT QUICK ATTACH
INSPECT LIFT ARMS
INSPECT LOADER LINKAGE
INSPECT LIFT CYLINDERS
INSPECT TILT CYLINDERS

INSPECT TRACKS, TRACK TENSION, SPROCKETS, IDLERS / OR TIRES
INSPECT DRIVE MOTORS

GREASE ALL FITTINGS

CHECK LIGHTS
CHECK BACKUP ALARM
CHECK ACTIVE FAULT CODES
",1288,NULL,40,NULL,47266,2712,eb35bfe0-d8c2-4373-af76-d6da59c515a2
36775,53305,"2026-08-04 04:46:07",3,0,1,"ANNUAL - H-INSPECTION",NULL,365,NULL,NULL,NULL,NULL,NULL,NULL,NULL,,"HI-RAIL INSPECTION. 3RD PARTY PAPERWORK REQUIRED FOR CLOSE OUT.",1288,30,NULL,NULL,48401,2751,753f34de-bfb7-435c-9ce5-9e1bbcb5b881
36776,53306,"2026-08-04 04:46:08",3,0,1,"ANNUAL - H-INSPECTION",NULL,365,NULL,NULL,NULL,NULL,NULL,NULL,NULL,,"HI-RAIL INSPECTION. 3RD PARTY PAPERWORK REQUIRED FOR CLOSE OUT.",1288,30,NULL,NULL,48402,2751,7e379138-c818-4666-a5b6-c9a302c924e0
36778,53307,"2026-08-04 04:46:11",3,0,1,"ANNUAL - H-INSPECTION",NULL,365,NULL,NULL,NULL,NULL,NULL,NULL,NULL,,"HI-RAIL INSPECTION. 3RD PARTY PAPERWORK REQUIRED FOR CLOSE OUT.",1288,30,NULL,NULL,48404,2751,fa2fc623-93b1-4ab1-8f7e-72e377a84698
37196,53324,"2026-08-18 18:43:49",3,0,1,"3 MONTH SERVICE (EXCITER OIL CHANGE)",NULL,90,NULL,NULL,NULL,NULL,NULL,NULL,NULL,"SEE EQUIPMENT DETAILS - PARTS TAB OR WRITE IN PARTS USED:
","INSPECT/CHANGE EXCITER OIL EVERY 50 EXCITER (DRIVE) HRS - SERVICE SET TO 3 MONTHS TO CHECK. RECORDED AS MILEAGE.",1288,5,NULL,NULL,49021,2679,f5f8a01c-895b-4909-bda8-2871d70e37a6
34585,53329,"2026-07-29 19:42:57",1,0,1,"1000 HR SERVICE (AIR COMPRESSOR)",1000,NULL,NULL,NULL,NULL,NULL,NULL,NULL,NULL,"SEE EQUIPMENT DETAILS - PARTS TAB OR WRITE IN PARTS USED:

","INCLUDES ALL 500 HR TASKS
REPLACE SEPARATOR ELEMENT
INSPECT COOLER
CHECK COMPRESSOR OUTPUT
",1288,NULL,40,NULL,47662,2573,14fdc41f-73c4-4f28-891f-437335e57dbd
35860,53329,"2026-07-31 15:40:36",1,0,1,"2000 HR SERVICE (AIR COMPRESSOR)",2000,NULL,NULL,NULL,NULL,NULL,NULL,NULL,NULL,"SEE EQUIPMENT DETAILS - PARTS TAB OR WRITE IN PARTS USED:
","INCLUDES ALL 1000 HR TASKS
SAMPLE COMPRESSOR OIL
REPLACE COOLANT

",1288,NULL,40,NULL,NULL,2630,55551cdd-4990-4eb5-9766-3b16881d2ce0
35892,53329,"2026-07-31 15:41:11",1,0,1,"500 HR SERVICE (AIR COMPRESSOR)",500,NULL,NULL,NULL,NULL,NULL,NULL,NULL,NULL,"SEE EQUIPMENT DETAILS - PARTS TAB OR WRITE IN PARTS USED:
","CHANGE ENGINE OIL & FILTER
CHANGE AIR FILTER
CHANGE FUEL FILTER
CHECK HOSES
CHECK SAFETY VALVE
",1288,NULL,40,NULL,47663,2681,2008e0ae-964a-4c06-ab1d-fdb7b3a3d171
34561,53331,"2026-07-29 19:42:36",1,0,1,"1000 HR SERVICE (AIR COMPRESSOR)",1000,NULL,NULL,NULL,NULL,NULL,NULL,NULL,NULL,"SEE EQUIPMENT DETAILS - PARTS TAB OR WRITE IN PARTS USED:

","INCLUDES ALL 500 HR TASKS
REPLACE SEPARATOR ELEMENT
INSPECT COOLER
CHECK COMPRESSOR OUTPUT
",1288,NULL,40,NULL,47685,2573,04b9c15b-af91-41ba-9a4d-2b5b32e8ced3
35836,53331,"2026-07-31 15:40:22",1,0,1,"2000 HR SERVICE (AIR COMPRESSOR)",2000,NULL,NULL,NULL,NULL,NULL,NULL,NULL,NULL,"SEE EQUIPMENT DETAILS - PARTS TAB OR WRITE IN PARTS USED:
","INCLUDES ALL 1000 HR TASKS
SAMPLE COMPRESSOR OIL
REPLACE COOLANT

",1288,NULL,40,NULL,47687,2630,22967a79-3406-4126-9e1f-239ca1c154c8
35868,53331,"2026-07-31 15:40:54",1,0,1,"500 HR SERVICE (AIR COMPRESSOR)",500,NULL,NULL,NULL,NULL,NULL,NULL,NULL,NULL,"SEE EQUIPMENT DETAILS - PARTS TAB OR WRITE IN PARTS USED:
","CHANGE ENGINE OIL & FILTER
CHANGE AIR FILTER
CHANGE FUEL FILTER
CHECK HOSES
CHECK SAFETY VALVE
",1288,NULL,40,NULL,47686,2681,ccda6018-31c8-4c6a-a922-ac18e54c2de3
34556,53332,"2026-07-29 19:42:33",1,0,1,"1000 HR SERVICE (AIR COMPRESSOR)",1000,NULL,NULL,NULL,NULL,NULL,NULL,NULL,NULL,"SEE EQUIPMENT DETAILS - PARTS TAB OR WRITE IN PARTS USED:

","INCLUDES ALL 500 HR TASKS
REPLACE SEPARATOR ELEMENT
INSPECT COOLER
CHECK COMPRESSOR OUTPUT
",1288,NULL,40,NULL,47669,2573,12b4490c-48f6-4d69-ba11-2a75694803e8
35831,53332,"2026-07-31 15:40:19",1,0,1,"2000 HR SERVICE (AIR COMPRESSOR)",2000,NULL,NULL,NULL,NULL,NULL,NULL,NULL,NULL,"SEE EQUIPMENT DETAILS - PARTS TAB OR WRITE IN PARTS USED:
","INCLUDES ALL 1000 HR TASKS
SAMPLE COMPRESSOR OIL
REPLACE COOLANT

",1288,NULL,40,NULL,47670,2630,b6d961c5-2c45-4f5c-92ca-2e281d93d0b5
35863,53332,"2026-07-31 15:40:52",1,0,1,"500 HR SERVICE (AIR COMPRESSOR)",500,NULL,NULL,NULL,NULL,NULL,NULL,NULL,NULL,"SEE EQUIPMENT DETAILS - PARTS TAB OR WRITE IN PARTS USED:
","CHANGE ENGINE OIL & FILTER
CHANGE AIR FILTER
CHANGE FUEL FILTER
CHECK HOSES
CHECK SAFETY VALVE
",1288,NULL,40,NULL,47671,2681,7833529a-090e-4126-ad51-5ef55a40f6c7
34554,53333,"2026-07-29 19:42:31",1,0,1,"1000 HR SERVICE (AIR COMPRESSOR)",1000,NULL,NULL,NULL,NULL,NULL,NULL,NULL,NULL,"SEE EQUIPMENT DETAILS - PARTS TAB OR WRITE IN PARTS USED:

","INCLUDES ALL 500 HR TASKS
REPLACE SEPARATOR ELEMENT
INSPECT COOLER
CHECK COMPRESSOR OUTPUT
",1288,NULL,40,NULL,47665,2573,7e4b0898-805f-4192-b147-69cf151703e2
35829,53333,"2026-07-31 15:40:18",1,0,1,"2000 HR SERVICE (AIR COMPRESSOR)",2000,NULL,NULL,NULL,NULL,NULL,NULL,NULL,NULL,"SEE EQUIPMENT DETAILS - PARTS TAB OR WRITE IN PARTS USED:
","INCLUDES ALL 1000 HR TASKS
SAMPLE COMPRESSOR OIL
REPLACE COOLANT

",1288,NULL,40,NULL,47666,2630,49dabcb4-3b6f-4f83-8fb9-daed8e93a9e9
35861,53333,"2026-07-31 15:40:51",1,0,1,"500 HR SERVICE (AIR COMPRESSOR)",500,NULL,NULL,NULL,NULL,NULL,NULL,NULL,NULL,"SEE EQUIPMENT DETAILS - PARTS TAB OR WRITE IN PARTS USED:
","CHANGE ENGINE OIL & FILTER
CHANGE AIR FILTER
CHANGE FUEL FILTER
CHECK HOSES
CHECK SAFETY VALVE
",1288,NULL,40,NULL,47664,2681,b6f857a2-806c-4431-914f-1a3b06a4d114
34562,53334,"2026-07-29 19:42:37",1,0,1,"1000 HR SERVICE (AIR COMPRESSOR)",1000,NULL,NULL,NULL,NULL,NULL,NULL,NULL,NULL,"SEE EQUIPMENT DETAILS - PARTS TAB OR WRITE IN PARTS USED:

","INCLUDES ALL 500 HR TASKS
REPLACE SEPARATOR ELEMENT
INSPECT COOLER
CHECK COMPRESSOR OUTPUT
",1288,NULL,40,NULL,47688,2573,874d53ed-2741-43d6-ba5a-d2cf2cd884cb
35837,53334,"2026-07-31 15:40:22",1,0,1,"2000 HR SERVICE (AIR COMPRESSOR)",2000,NULL,NULL,NULL,NULL,NULL,NULL,NULL,NULL,"SEE EQUIPMENT DETAILS - PARTS TAB OR WRITE IN PARTS USED:
","INCLUDES ALL 1000 HR TASKS
SAMPLE COMPRESSOR OIL
REPLACE COOLANT

",1288,NULL,40,NULL,NULL,2630,7f142fd4-2e6d-4d69-a643-0ffe6a4c4916
35869,53334,"2026-07-31 15:40:54",1,0,1,"500 HR SERVICE (AIR COMPRESSOR)",500,NULL,NULL,NULL,NULL,NULL,NULL,NULL,NULL,"SEE EQUIPMENT DETAILS - PARTS TAB OR WRITE IN PARTS USED:
","CHANGE ENGINE OIL & FILTER
CHANGE AIR FILTER
CHANGE FUEL FILTER
CHECK HOSES
CHECK SAFETY VALVE
",1288,NULL,40,NULL,47689,2681,fc50dcfa-5348-4090-b0cb-5e461eb102ee
34555,53335,"2026-07-29 19:42:31",1,0,1,"1000 HR SERVICE (AIR COMPRESSOR)",1000,NULL,NULL,NULL,NULL,NULL,NULL,NULL,NULL,"SEE EQUIPMENT DETAILS - PARTS TAB OR WRITE IN PARTS USED:

","INCLUDES ALL 500 HR TASKS
REPLACE SEPARATOR ELEMENT
INSPECT COOLER
CHECK COMPRESSOR OUTPUT
",1288,NULL,40,NULL,47667,2573,ee03bd5d-190e-4320-8a79-d42e01e0fc30
35830,53335,"2026-07-31 15:40:19",1,0,1,"2000 HR SERVICE (AIR COMPRESSOR)",2000,NULL,NULL,NULL,NULL,NULL,NULL,NULL,NULL,"SEE EQUIPMENT DETAILS - PARTS TAB OR WRITE IN PARTS USED:
","INCLUDES ALL 1000 HR TASKS
SAMPLE COMPRESSOR OIL
REPLACE COOLANT

",1288,NULL,40,NULL,NULL,2630,c53f8974-8045-41b4-8d4f-ac753157ff2d
35862,53335,"2026-07-31 15:40:51",1,0,1,"500 HR SERVICE (AIR COMPRESSOR)",500,NULL,NULL,NULL,NULL,NULL,NULL,NULL,NULL,"SEE EQUIPMENT DETAILS - PARTS TAB OR WRITE IN PARTS USED:
","CHANGE ENGINE OIL & FILTER
CHANGE AIR FILTER
CHANGE FUEL FILTER
CHECK HOSES
CHECK SAFETY VALVE
",1288,NULL,40,NULL,47668,2681,149fba68-19f3-47b0-8a1a-098c0e5378bb
34560,53336,"2026-07-29 19:42:35",1,0,1,"1000 HR SERVICE (AIR COMPRESSOR)",1000,NULL,NULL,NULL,NULL,NULL,NULL,NULL,NULL,"SEE EQUIPMENT DETAILS - PARTS TAB OR WRITE IN PARTS USED:

","INCLUDES ALL 500 HR TASKS
REPLACE SEPARATOR ELEMENT
INSPECT COOLER
CHECK COMPRESSOR OUTPUT
",1288,NULL,40,NULL,47682,2573,bc1dd7cf-d9bf-4880-a34a-9e32b5a2919d
35835,53336,"2026-07-31 15:40:21",1,0,1,"2000 HR SERVICE (AIR COMPRESSOR)",2000,NULL,NULL,NULL,NULL,NULL,NULL,NULL,NULL,"SEE EQUIPMENT DETAILS - PARTS TAB OR WRITE IN PARTS USED:
","INCLUDES ALL 1000 HR TASKS
SAMPLE COMPRESSOR OIL
REPLACE COOLANT

",1288,NULL,40,NULL,47684,2630,8bd8bc05-5317-4176-a1ac-abca17263e26
35867,53336,"2026-07-31 15:40:53",1,0,1,"500 HR SERVICE (AIR COMPRESSOR)",500,NULL,NULL,NULL,NULL,NULL,NULL,NULL,NULL,"SEE EQUIPMENT DETAILS - PARTS TAB OR WRITE IN PARTS USED:
","CHANGE ENGINE OIL & FILTER
CHANGE AIR FILTER
CHANGE FUEL FILTER
CHECK HOSES
CHECK SAFETY VALVE
",1288,NULL,40,NULL,47683,2681,0ac3dc23-65b6-42e1-8854-25d379911c08
34568,53337,"2026-07-29 19:42:41",1,0,1,"1000 HR SERVICE (AIR COMPRESSOR)",1000,NULL,NULL,NULL,NULL,NULL,NULL,NULL,NULL,"SEE EQUIPMENT DETAILS - PARTS TAB OR WRITE IN PARTS USED:

","INCLUDES ALL 500 HR TASKS
REPLACE SEPARATOR ELEMENT
INSPECT COOLER
CHECK COMPRESSOR OUTPUT
",1288,NULL,40,NULL,47706,2573,034ac987-0f51-41ad-b9e2-f808205e6096
35843,53337,"2026-07-31 15:40:25",1,0,1,"2000 HR SERVICE (AIR COMPRESSOR)",2000,NULL,NULL,NULL,NULL,NULL,NULL,NULL,NULL,"SEE EQUIPMENT DETAILS - PARTS TAB OR WRITE IN PARTS USED:
","INCLUDES ALL 1000 HR TASKS
SAMPLE COMPRESSOR OIL
REPLACE COOLANT

",1288,NULL,40,NULL,NULL,2630,86ce60c6-bfdb-4cea-8a8a-caabb942c548
35875,53337,"2026-07-31 15:40:58",1,0,1,"500 HR SERVICE (AIR COMPRESSOR)",500,NULL,NULL,NULL,NULL,NULL,NULL,NULL,NULL,"SEE EQUIPMENT DETAILS - PARTS TAB OR WRITE IN PARTS USED:
","CHANGE ENGINE OIL & FILTER
CHANGE AIR FILTER
CHANGE FUEL FILTER
CHECK HOSES
CHECK SAFETY VALVE
",1288,NULL,40,NULL,47707,2681,b0ca6923-3bcd-43dd-aabc-5ac971917fb8
34569,53338,"2026-07-29 19:42:42",1,0,1,"1000 HR SERVICE (AIR COMPRESSOR)",1000,NULL,NULL,NULL,NULL,NULL,NULL,NULL,NULL,"SEE EQUIPMENT DETAILS - PARTS TAB OR WRITE IN PARTS USED:

","INCLUDES ALL 500 HR TASKS
REPLACE SEPARATOR ELEMENT
INSPECT COOLER
CHECK COMPRESSOR OUTPUT
",1288,NULL,40,NULL,47708,2573,06524fc4-d11f-41a5-9954-3ca226022dcb
35844,53338,"2026-07-31 15:40:26",1,0,1,"2000 HR SERVICE (AIR COMPRESSOR)",2000,NULL,NULL,NULL,NULL,NULL,NULL,NULL,NULL,"SEE EQUIPMENT DETAILS - PARTS TAB OR WRITE IN PARTS USED:
","INCLUDES ALL 1000 HR TASKS
SAMPLE COMPRESSOR OIL
REPLACE COOLANT

",1288,NULL,40,NULL,NULL,2630,8fb2b142-551a-49c9-91fd-ebf104d567fd
35876,53338,"2026-07-31 15:40:59",1,0,1,"500 HR SERVICE (AIR COMPRESSOR)",500,NULL,NULL,NULL,NULL,NULL,NULL,NULL,NULL,"SEE EQUIPMENT DETAILS - PARTS TAB OR WRITE IN PARTS USED:
","CHANGE ENGINE OIL & FILTER
CHANGE AIR FILTER
CHANGE FUEL FILTER
CHECK HOSES
CHECK SAFETY VALVE
",1288,NULL,40,NULL,47709,2681,6bd63135-56ef-46db-8094-b8ab362cc24c
34566,53339,"2026-07-29 19:42:40",1,0,1,"1000 HR SERVICE (AIR COMPRESSOR)",1000,NULL,NULL,NULL,NULL,NULL,NULL,NULL,NULL,"SEE EQUIPMENT DETAILS - PARTS TAB OR WRITE IN PARTS USED:

","INCLUDES ALL 500 HR TASKS
REPLACE SEPARATOR ELEMENT
INSPECT COOLER
CHECK COMPRESSOR OUTPUT
",1288,NULL,40,NULL,47702,2573,7c169f91-53a6-4680-b59e-80cf9d403353
35841,53339,"2026-07-31 15:40:24",1,0,1,"2000 HR SERVICE (AIR COMPRESSOR)",2000,NULL,NULL,NULL,NULL,NULL,NULL,NULL,NULL,"SEE EQUIPMENT DETAILS - PARTS TAB OR WRITE IN PARTS USED:
","INCLUDES ALL 1000 HR TASKS
SAMPLE COMPRESSOR OIL
REPLACE COOLANT

",1288,NULL,40,NULL,NULL,2630,ddb3d176-45a6-4076-8bdd-c21af6ec6591
35873,53339,"2026-07-31 15:40:56",1,0,1,"500 HR SERVICE (AIR COMPRESSOR)",500,NULL,NULL,NULL,NULL,NULL,NULL,NULL,NULL,"SEE EQUIPMENT DETAILS - PARTS TAB OR WRITE IN PARTS USED:
","CHANGE ENGINE OIL & FILTER
CHANGE AIR FILTER
CHANGE FUEL FILTER
CHECK HOSES
CHECK SAFETY VALVE
",1288,NULL,40,NULL,47703,2681,20b90910-dd1b-4f68-aa28-a0af9df13517
34558,53340,"2026-07-29 19:42:34",1,0,1,"1000 HR SERVICE (AIR COMPRESSOR)",1000,NULL,NULL,NULL,NULL,NULL,NULL,NULL,NULL,"SEE EQUIPMENT DETAILS - PARTS TAB OR WRITE IN PARTS USED:

","INCLUDES ALL 500 HR TASKS
REPLACE SEPARATOR ELEMENT
INSPECT COOLER
CHECK COMPRESSOR OUTPUT
",1288,NULL,40,NULL,47676,2573,c798c181-ce20-4542-ae6e-9686f299cb16
35833,53340,"2026-07-31 15:40:20",1,0,1,"2000 HR SERVICE (AIR COMPRESSOR)",2000,NULL,NULL,NULL,NULL,NULL,NULL,NULL,NULL,"SEE EQUIPMENT DETAILS - PARTS TAB OR WRITE IN PARTS USED:
","INCLUDES ALL 1000 HR TASKS
SAMPLE COMPRESSOR OIL
REPLACE COOLANT

",1288,NULL,40,NULL,47677,2630,7fe6ccff-2050-449b-bd8f-a6cd5f3c91be
35865,53340,"2026-07-31 15:40:53",1,0,1,"500 HR SERVICE (AIR COMPRESSOR)",500,NULL,NULL,NULL,NULL,NULL,NULL,NULL,NULL,"SEE EQUIPMENT DETAILS - PARTS TAB OR WRITE IN PARTS USED:
","CHANGE ENGINE OIL & FILTER
CHANGE AIR FILTER
CHANGE FUEL FILTER
CHECK HOSES
CHECK SAFETY VALVE
",1288,NULL,40,NULL,47678,2681,9702986f-7589-448e-90f1-f6549fa53f5d
34567,53341,"2026-07-29 19:42:41",1,0,1,"1000 HR SERVICE (AIR COMPRESSOR)",1000,NULL,NULL,NULL,NULL,NULL,NULL,NULL,NULL,"SEE EQUIPMENT DETAILS - PARTS TAB OR WRITE IN PARTS USED:

","INCLUDES ALL 500 HR TASKS
REPLACE SEPARATOR ELEMENT
INSPECT COOLER
CHECK COMPRESSOR OUTPUT
",1288,NULL,40,NULL,47705,2573,09144d98-0682-4003-86bc-73d13c862efd
35842,53341,"2026-07-31 15:40:24",1,0,1,"2000 HR SERVICE (AIR COMPRESSOR)",2000,NULL,NULL,NULL,NULL,NULL,NULL,NULL,NULL,"SEE EQUIPMENT DETAILS - PARTS TAB OR WRITE IN PARTS USED:
","INCLUDES ALL 1000 HR TASKS
SAMPLE COMPRESSOR OIL
REPLACE COOLANT

",1288,NULL,40,NULL,NULL,2630,8d877454-f780-445a-a26b-3a27443ad521
35874,53341,"2026-07-31 15:40:56",1,0,1,"500 HR SERVICE (AIR COMPRESSOR)",500,NULL,NULL,NULL,NULL,NULL,NULL,NULL,NULL,"SEE EQUIPMENT DETAILS - PARTS TAB OR WRITE IN PARTS USED:
","CHANGE ENGINE OIL & FILTER
CHANGE AIR FILTER
CHANGE FUEL FILTER
CHECK HOSES
CHECK SAFETY VALVE
",1288,NULL,40,NULL,47704,2681,a2559f0b-e18e-4921-9b00-a82e0d0ea9b4
34563,53342,"2026-07-29 19:42:37",1,0,1,"1000 HR SERVICE (AIR COMPRESSOR)",1000,NULL,NULL,NULL,NULL,NULL,NULL,NULL,NULL,"SEE EQUIPMENT DETAILS - PARTS TAB OR WRITE IN PARTS USED:

","INCLUDES ALL 500 HR TASKS
REPLACE SEPARATOR ELEMENT
INSPECT COOLER
CHECK COMPRESSOR OUTPUT
",1288,NULL,40,NULL,47691,2573,d29e6d75-ff8a-46a1-9493-9af72770b3b0
35838,53342,"2026-07-31 15:40:23",1,0,1,"2000 HR SERVICE (AIR COMPRESSOR)",2000,NULL,NULL,NULL,NULL,NULL,NULL,NULL,NULL,"SEE EQUIPMENT DETAILS - PARTS TAB OR WRITE IN PARTS USED:
","INCLUDES ALL 1000 HR TASKS
SAMPLE COMPRESSOR OIL
REPLACE COOLANT

",1288,NULL,40,NULL,NULL,2630,90fb76b6-4ec8-473e-a636-39f8f55838a0
35870,53342,"2026-07-31 15:40:55",1,0,1,"500 HR SERVICE (AIR COMPRESSOR)",500,NULL,NULL,NULL,NULL,NULL,NULL,NULL,NULL,"SEE EQUIPMENT DETAILS - PARTS TAB OR WRITE IN PARTS USED:
","CHANGE ENGINE OIL & FILTER
CHANGE AIR FILTER
CHANGE FUEL FILTER
CHECK HOSES
CHECK SAFETY VALVE
",1288,NULL,40,NULL,47692,2681,c8e65163-a5e5-4b85-91ad-8bc79aeefce2
34559,53343,"2026-07-29 19:42:35",1,0,1,"1000 HR SERVICE (AIR COMPRESSOR)",1000,NULL,NULL,NULL,NULL,NULL,NULL,NULL,NULL,"SEE EQUIPMENT DETAILS - PARTS TAB OR WRITE IN PARTS USED:

","INCLUDES ALL 500 HR TASKS
REPLACE SEPARATOR ELEMENT
INSPECT COOLER
CHECK COMPRESSOR OUTPUT
",1288,NULL,40,NULL,47680,2573,7227f68a-78ea-48d8-96e1-efc96207ca82
35834,53343,"2026-07-31 15:40:21",1,0,1,"2000 HR SERVICE (AIR COMPRESSOR)",2000,NULL,NULL,NULL,NULL,NULL,NULL,NULL,NULL,"SEE EQUIPMENT DETAILS - PARTS TAB OR WRITE IN PARTS USED:
","INCLUDES ALL 1000 HR TASKS
SAMPLE COMPRESSOR OIL
REPLACE COOLANT

",1288,NULL,40,NULL,47681,2630,bb30c00a-6157-402e-aad2-a0522ecd9bca
35866,53343,"2026-07-31 15:40:53",1,0,1,"500 HR SERVICE (AIR COMPRESSOR)",500,NULL,NULL,NULL,NULL,NULL,NULL,NULL,NULL,"SEE EQUIPMENT DETAILS - PARTS TAB OR WRITE IN PARTS USED:
","CHANGE ENGINE OIL & FILTER
CHANGE AIR FILTER
CHANGE FUEL FILTER
CHECK HOSES
CHECK SAFETY VALVE
",1288,NULL,40,NULL,47679,2681,26e456eb-48fd-419d-a331-6de531cb7731
34571,53345,"2026-07-29 19:42:44",1,0,1,"1000 HR SERVICE (AIR COMPRESSOR)",1000,NULL,NULL,NULL,NULL,NULL,NULL,NULL,NULL,"SEE EQUIPMENT DETAILS - PARTS TAB OR WRITE IN PARTS USED:

","INCLUDES ALL 500 HR TASKS
REPLACE SEPARATOR ELEMENT
INSPECT COOLER
CHECK COMPRESSOR OUTPUT
",1288,NULL,40,NULL,NULL,2573,4304c5ce-f5f6-4663-ba9d-2441bcd00cc9
35846,53345,"2026-07-31 15:40:28",1,0,1,"2000 HR SERVICE (AIR COMPRESSOR)",2000,NULL,NULL,NULL,NULL,NULL,NULL,NULL,NULL,"SEE EQUIPMENT DETAILS - PARTS TAB OR WRITE IN PARTS USED:
","INCLUDES ALL 1000 HR TASKS
SAMPLE COMPRESSOR OIL
REPLACE COOLANT

",1288,NULL,40,NULL,NULL,2630,95aa74a5-18f1-49b0-ba65-111824ea578a
35878,53345,"2026-07-31 15:41:00",1,0,1,"500 HR SERVICE (AIR COMPRESSOR)",500,NULL,NULL,NULL,NULL,NULL,NULL,NULL,NULL,"SEE EQUIPMENT DETAILS - PARTS TAB OR WRITE IN PARTS USED:
","CHANGE ENGINE OIL & FILTER
CHANGE AIR FILTER
CHANGE FUEL FILTER
CHECK HOSES
CHECK SAFETY VALVE
",1288,NULL,40,NULL,47711,2681,752d21b9-cc97-419f-b95a-4c0fb6b1cec0
34557,53346,"2026-07-29 19:42:33",1,0,1,"1000 HR SERVICE (AIR COMPRESSOR)",1000,NULL,NULL,NULL,NULL,NULL,NULL,NULL,NULL,"SEE EQUIPMENT DETAILS - PARTS TAB OR WRITE IN PARTS USED:

","INCLUDES ALL 500 HR TASKS
REPLACE SEPARATOR ELEMENT
INSPECT COOLER
CHECK COMPRESSOR OUTPUT
",1288,NULL,40,NULL,47672,2573,1c9c138e-51cc-4683-9d01-9e82646ee345
35832,53346,"2026-07-31 15:40:20",1,0,1,"2000 HR SERVICE (AIR COMPRESSOR)",2000,NULL,NULL,NULL,NULL,NULL,NULL,NULL,NULL,"SEE EQUIPMENT DETAILS - PARTS TAB OR WRITE IN PARTS USED:
","INCLUDES ALL 1000 HR TASKS
SAMPLE COMPRESSOR OIL
REPLACE COOLANT

",1288,NULL,40,NULL,47674,2630,d3f15eaf-2bd7-4980-930c-e73028dd8bd4
35864,53346,"2026-07-31 15:40:52",1,0,1,"500 HR SERVICE (AIR COMPRESSOR)",500,NULL,NULL,NULL,NULL,NULL,NULL,NULL,NULL,"SEE EQUIPMENT DETAILS - PARTS TAB OR WRITE IN PARTS USED:
","CHANGE ENGINE OIL & FILTER
CHANGE AIR FILTER
CHANGE FUEL FILTER
CHECK HOSES
CHECK SAFETY VALVE
",1288,NULL,40,NULL,47675,2681,cfbc7705-f3ab-4a9b-b798-4ad1224aef92
37205,53349,"2026-08-18 18:45:24",3,0,1,"3 MONTH SERVICE (EXCITER OIL CHANGE)",NULL,90,NULL,NULL,NULL,NULL,NULL,NULL,NULL,"SEE EQUIPMENT DETAILS - PARTS TAB OR WRITE IN PARTS USED:
","INSPECT/CHANGE EXCITER OIL EVERY 50 EXCITER (DRIVE) HRS - SERVICE SET TO 3 MONTHS TO CHECK. RECORDED AS MILEAGE.",1288,5,NULL,NULL,49025,2679,515a5576-4329-4263-bc3c-bdc2354ebbb6
37219,53349,"2026-08-18 18:50:43",1,0,1,"500 HR SERVICE (VIBRO DRIVER/EXTRACTOR - POWER UNIT)",500,NULL,NULL,NULL,NULL,NULL,NULL,NULL,NULL,"SEE EQUIPMENT DETAILS - PARTS TAB OR WRITE IN PARTS USED:
","CHANGE ENGINE OIL & FILTER
CHANGE AIR FILTER
CHANGE FUEL FILTER
CHANGE HYD FILTERS
SAMPLE HYDRAULIC FLUID

HOUR METER IS FOR POWER UNIT HOURS.",1288,NULL,40,NULL,49026,2734,607c5364-c4e3-4498-8a0e-314cd4be69d4
37204,53351,"2026-08-18 18:45:23",3,0,1,"3 MONTH SERVICE (EXCITER OIL CHANGE)",NULL,90,NULL,NULL,NULL,NULL,NULL,NULL,NULL,"SEE EQUIPMENT DETAILS - PARTS TAB OR WRITE IN PARTS USED:
","INSPECT/CHANGE EXCITER OIL EVERY 50 EXCITER (DRIVE) HRS - SERVICE SET TO 3 MONTHS TO CHECK. RECORDED AS MILEAGE.",1288,5,NULL,NULL,NULL,2679,a8f50e17-4a5e-47b9-8977-f48d7214543a
37215,53351,"2026-08-18 18:50:17",1,0,1,"500 HR SERVICE (VIBRO DRIVER/EXTRACTOR - POWER UNIT)",500,NULL,NULL,NULL,NULL,NULL,NULL,NULL,NULL,"SEE EQUIPMENT DETAILS - PARTS TAB OR WRITE IN PARTS USED:
","CHANGE ENGINE OIL & FILTER
CHANGE AIR FILTER
CHANGE FUEL FILTER
CHANGE HYD FILTERS
SAMPLE HYDRAULIC FLUID

HOUR METER IS FOR POWER UNIT HOURS.",1288,NULL,40,NULL,NULL,2734,2b09026c-c7a5-4e9e-839a-e351d8233583
37199,53359,"2026-08-18 18:44:16",3,0,1,"3 MONTH SERVICE (EXCITER OIL CHANGE)",NULL,90,NULL,NULL,NULL,NULL,NULL,NULL,NULL,"SEE EQUIPMENT DETAILS - PARTS TAB OR WRITE IN PARTS USED:
","INSPECT/CHANGE EXCITER OIL EVERY 50 EXCITER (DRIVE) HRS - SERVICE SET TO 3 MONTHS TO CHECK. RECORDED AS MILEAGE.",1288,5,NULL,NULL,49031,2679,4bfb5adb-8b12-4f3e-a348-bf5678ff5947
37209,53359,"2026-08-18 18:49:02",1,0,1,"500 HR SERVICE (VIBRO DRIVER/EXTRACTOR - POWER UNIT)",500,NULL,NULL,NULL,NULL,NULL,NULL,NULL,NULL,"SEE EQUIPMENT DETAILS - PARTS TAB OR WRITE IN PARTS USED:
","CHANGE ENGINE OIL & FILTER
CHANGE AIR FILTER
CHANGE FUEL FILTER
CHANGE HYD FILTERS
SAMPLE HYDRAULIC FLUID

HOUR METER IS FOR POWER UNIT HOURS.",1288,NULL,40,NULL,49032,2734,b8568c61-6c18-4622-8549-775aaa99efac
37200,53361,"2026-08-18 18:44:40",3,0,1,"3 MONTH SERVICE (EXCITER OIL CHANGE)",NULL,90,NULL,NULL,NULL,NULL,NULL,NULL,NULL,"SEE EQUIPMENT DETAILS - PARTS TAB OR WRITE IN PARTS USED:
","INSPECT/CHANGE EXCITER OIL EVERY 50 EXCITER (DRIVE) HRS - SERVICE SET TO 3 MONTHS TO CHECK. RECORDED AS MILEAGE.",1288,5,NULL,NULL,49040,2679,3b089c17-6b49-4a15-b03c-3ef3d682e9e3
37211,53361,"2026-08-18 18:49:26",1,0,1,"500 HR SERVICE (VIBRO DRIVER/EXTRACTOR - POWER UNIT)",500,NULL,NULL,NULL,NULL,NULL,NULL,NULL,NULL,"SEE EQUIPMENT DETAILS - PARTS TAB OR WRITE IN PARTS USED:
","CHANGE ENGINE OIL & FILTER
CHANGE AIR FILTER
CHANGE FUEL FILTER
CHANGE HYD FILTERS
SAMPLE HYDRAULIC FLUID

HOUR METER IS FOR POWER UNIT HOURS.",1288,NULL,40,NULL,49039,2734,188527bc-2dfd-4e4f-8b35-9a692e7baa59
37208,53368,"2026-08-18 18:45:29",3,0,1,"3 MONTH SERVICE (EXCITER OIL CHANGE)",NULL,90,NULL,NULL,NULL,NULL,NULL,NULL,NULL,"SEE EQUIPMENT DETAILS - PARTS TAB OR WRITE IN PARTS USED:
","INSPECT/CHANGE EXCITER OIL EVERY 50 EXCITER (DRIVE) HRS - SERVICE SET TO 3 MONTHS TO CHECK. RECORDED AS MILEAGE.",1288,5,NULL,NULL,49041,2679,a9d5f191-c25f-4e14-b5a5-6ee26461a35c
37218,53368,"2026-08-18 18:50:38",1,0,1,"500 HR SERVICE (VIBRO DRIVER/EXTRACTOR - POWER UNIT)",500,NULL,NULL,NULL,NULL,NULL,NULL,NULL,NULL,"SEE EQUIPMENT DETAILS - PARTS TAB OR WRITE IN PARTS USED:
","CHANGE ENGINE OIL & FILTER
CHANGE AIR FILTER
CHANGE FUEL FILTER
CHANGE HYD FILTERS
SAMPLE HYDRAULIC FLUID

HOUR METER IS FOR POWER UNIT HOURS.",1288,NULL,40,NULL,NULL,2734,86882c11-253c-4669-9e65-c199e29cf90f
36940,53370,"2026-08-04 06:38:03",1,0,1,"1000 HR TUGBOAT (GENSET - STARBOARD) - HOUR",1000,NULL,NULL,NULL,NULL,NULL,NULL,NULL,NULL,"SEE EQUIPMENT DETAILS - PARTS TAB OR WRITE IN PARTS USED:
","• PERFORM ALL 500 HOUR TASKS PLUS
• REPLACE CRANKCASE BREATHER FILTER
• CHANGE HYDRAULIC FILTERS
• TRANSMISSION GEAR BOXES",1288,NULL,40,NULL,NULL,2620,c7153d4b-0bba-4c49-a573-e25dedb66295
36941,53370,"2026-08-04 06:39:20",2,0,1,"1000 MI TUGBOAT (GENSET - PORT) - ODOMETER",NULL,NULL,1000,NULL,NULL,NULL,NULL,NULL,NULL,"SEE EQUIPMENT DETAILS - PARTS TAB OR WRITE IN PARTS USED:","• PERFORM ALL 500 HOUR TASKS PLUS
• REPLACE CRANKCASE BREATHER FILTER
• CHANGE HYDRAULIC FILTERS
• TRANSMISSION GEAR BOXES",1288,NULL,NULL,40,NULL,2623,8f23ef1e-7d69-41e6-ac07-644666050d95
36942,53370,"2026-08-04 06:39:33",1,0,1,"2000 HR TUGBOAT (GENSET - STARBOARD) - HOUR",2000,NULL,NULL,NULL,NULL,NULL,NULL,NULL,NULL,"SEE EQUIPMENT DETAILS - PARTS TAB OR WRITE IN PARTS USED:","• PERFORM ALL 1000 HOUR TASKS PLUS
• SAMPLE HYD OIL/CHANGE AS NEEDED
• SAMPLE COOLANT/CHANGE AS NEEDED",1288,NULL,40,NULL,NULL,2664,409ecaf8-dd65-4c8d-bac7-e34c98ff4a7c
36943,53370,"2026-08-04 06:39:46",2,0,1,"2000 MI TUGBOAT (GENSET - PORT) - ODOMETER",NULL,NULL,2000,NULL,NULL,NULL,NULL,NULL,NULL,"SEE EQUIPMENT DETAILS - PARTS TAB OR WRITE IN PARTS USED:","• PERFORM ALL 1000 HOUR TASKS PLUS
• SAMPLE HYD OIL/CHANGE AS NEEDED
• SAMPLE COOLANT/CHANGE AS NEEDED",1288,NULL,NULL,40,NULL,2667,7eba2997-ce73-4515-99d1-9272365dbe5e
36944,53370,"2026-08-04 06:39:59",1,0,1,"500 HR TUGBOAT (GENSET - STARBOARD) - HOUR",500,NULL,NULL,NULL,NULL,NULL,NULL,NULL,NULL,"SEE EQUIPMENT DETAILS - PARTS TAB OR WRITE IN PARTS USED:","• CHANGE ENGINE OIL & FILTER(S)
• REPLACE PRIMARY FUEL FILTER(S)
• REPLACE SECONDARY FUEL FILTER(S)
• DRAIN FUEL/WATER SEPARATORS
• CHECK/REPLACE AIR FILTERS
• CHECK COOLANT LEVEL
• INSPECT COOLING SYSTEM
• INSPECT TURBOCHARGERS
• INSPECT BELTS",1288,NULL,40,NULL,NULL,2737,65f3fd04-dfbd-4c68-94ff-4c2c2221553d
36945,53370,"2026-08-04 06:40:13",2,0,1,"500 MI TUGBOAT (GENSET - PORT) - ODOMETER",NULL,NULL,500,NULL,NULL,NULL,NULL,NULL,NULL,"SEE EQUIPMENT DETAILS - PARTS TAB OR WRITE IN PARTS USED:","• CHANGE ENGINE OIL & FILTER(S)
• REPLACE PRIMARY FUEL FILTER(S)
• REPLACE SECONDARY FUEL FILTER(S)
• DRAIN FUEL/WATER SEPARATORS
• CHECK/REPLACE AIR FILTERS
• CHECK COOLANT LEVEL
• INSPECT COOLING SYSTEM
• INSPECT TURBOCHARGERS
• INSPECT BELTS",1288,NULL,NULL,40,NULL,2740,22b20158-1a9c-4768-9cf5-caf8b3b91290
36672,53373,"2026-07-31 18:09:58",1,0,1,"1000 HR TUGBOAT (GENSET - STARBOARD) - HOUR",1000,NULL,NULL,NULL,NULL,NULL,NULL,NULL,NULL,"SEE EQUIPMENT DETAILS - PARTS TAB OR WRITE IN PARTS USED:
","• PERFORM ALL 500 HOUR TASKS PLUS
• REPLACE CRANKCASE BREATHER FILTER
• CHANGE HYDRAULIC FILTERS
• TRANSMISSION GEAR BOXES",1288,NULL,40,NULL,48317,2620,b89fe747-c8f5-4991-9507-e50e4cb8e2eb
36673,53373,"2026-07-31 18:10:18",2,0,1,"1000 MI TUGBOAT (GENSET - PORT) - ODOMETER",NULL,NULL,1000,NULL,NULL,NULL,NULL,NULL,NULL,"SEE EQUIPMENT DETAILS - PARTS TAB OR WRITE IN PARTS USED:","• PERFORM ALL 500 HOUR TASKS PLUS
• REPLACE CRANKCASE BREATHER FILTER
• CHANGE HYDRAULIC FILTERS
• TRANSMISSION GEAR BOXES",1288,NULL,NULL,40,48318,2623,dc92ed74-f280-411a-a8b5-7df0982393a7
36674,53373,"2026-07-31 18:10:37",1,0,1,"2000 HR TUGBOAT (GENSET - STARBOARD) - HOUR",2000,NULL,NULL,NULL,NULL,NULL,NULL,NULL,NULL,"SEE EQUIPMENT DETAILS - PARTS TAB OR WRITE IN PARTS USED:","• PERFORM ALL 1000 HOUR TASKS PLUS
• SAMPLE HYD OIL/CHANGE AS NEEDED
• SAMPLE COOLANT/CHANGE AS NEEDED",1288,NULL,40,NULL,48309,2664,d5d44e4c-e299-42da-ab5a-7eb937d1b163
36675,53373,"2026-07-31 18:11:01",2,0,1,"2000 MI TUGBOAT (GENSET - PORT) - ODOMETER",NULL,NULL,2000,NULL,NULL,NULL,NULL,NULL,NULL,"SEE EQUIPMENT DETAILS - PARTS TAB OR WRITE IN PARTS USED:","• PERFORM ALL 1000 HOUR TASKS PLUS
• SAMPLE HYD OIL/CHANGE AS NEEDED
• SAMPLE COOLANT/CHANGE AS NEEDED",1288,NULL,NULL,40,48308,2667,d53ad018-aaf6-4c6a-931b-db2e98a38fbc
36676,53373,"2026-07-31 18:11:23",1,0,1,"500 HR TUGBOAT (GENSET - STARBOARD) - HOUR",500,NULL,NULL,NULL,NULL,NULL,NULL,NULL,NULL,"SEE EQUIPMENT DETAILS - PARTS TAB OR WRITE IN PARTS USED:","• CHANGE ENGINE OIL & FILTER(S)
• REPLACE PRIMARY FUEL FILTER(S)
• REPLACE SECONDARY FUEL FILTER(S)
• DRAIN FUEL/WATER SEPARATORS
• CHECK/REPLACE AIR FILTERS
• CHECK COOLANT LEVEL
• INSPECT COOLING SYSTEM
• INSPECT TURBOCHARGERS
• INSPECT BELTS",1288,NULL,40,NULL,48315,2737,6f71601d-a90f-4dcd-af0f-2a315461e743
36677,53373,"2026-07-31 18:12:27",2,0,1,"500 MI TUGBOAT (GENSET - PORT) - ODOMETER",NULL,NULL,500,NULL,NULL,NULL,NULL,NULL,NULL,"SEE EQUIPMENT DETAILS - PARTS TAB OR WRITE IN PARTS USED:","• CHANGE ENGINE OIL & FILTER(S)
• REPLACE PRIMARY FUEL FILTER(S)
• REPLACE SECONDARY FUEL FILTER(S)
• DRAIN FUEL/WATER SEPARATORS
• CHECK/REPLACE AIR FILTERS
• CHECK COOLANT LEVEL
• INSPECT COOLING SYSTEM
• INSPECT TURBOCHARGERS
• INSPECT BELTS",1288,NULL,NULL,40,48316,2740,b0da332b-7e94-400e-8479-c9e01ddfa7af
36256,53375,"2026-07-31 17:02:52",1,1,0,"1000 HR TUGBOAT (GENSET - STARBOARD) - HOUR",1000,NULL,NULL,NULL,NULL,NULL,NULL,NULL,NULL,"SEE EQUIPMENT DETAILS - PARTS TAB OR WRITE IN PARTS USED:
","• PERFORM ALL 500 HOUR TASKS PLUS
• REPLACE CRANKCASE BREATHER FILTER
• CHANGE HYDRAULIC FILTERS
• TRANSMISSION GEAR BOXES",1288,NULL,40,NULL,NULL,2620,8aa9936e-a41d-4fc8-b462-c63131358224
36319,53375,"2026-07-31 17:04:19",2,1,0,"1000 MI TUGBOAT (GENSET - PORT) - ODOMETER",NULL,NULL,1000,NULL,NULL,NULL,NULL,NULL,NULL,"SEE EQUIPMENT DETAILS - PARTS TAB OR WRITE IN PARTS USED:","• PERFORM ALL 500 HOUR TASKS PLUS
• REPLACE CRANKCASE BREATHER FILTER
• CHANGE HYDRAULIC FILTERS
• TRANSMISSION GEAR BOXES",1288,NULL,NULL,40,NULL,2623,a70cdfe1-d97d-4611-85c5-9d5fcedaef3e
36328,53375,"2026-07-31 17:06:11",1,1,0,"2000 HR TUGBOAT (GENSET - STARBOARD) - HOUR",2000,NULL,NULL,NULL,NULL,NULL,NULL,NULL,NULL,"SEE EQUIPMENT DETAILS - PARTS TAB OR WRITE IN PARTS USED:","• PERFORM ALL 1000 HOUR TASKS PLUS
• SAMPLE HYD OIL/CHANGE AS NEEDED
• SAMPLE COOLANT/CHANGE AS NEEDED",1288,NULL,40,NULL,NULL,2664,e170777f-c0c8-4b13-8bf4-f76ae81924db
36333,53375,"2026-07-31 17:06:53",2,1,0,"2000 MI TUGBOAT (GENSET - PORT) - ODOMETER",NULL,NULL,2000,NULL,NULL,NULL,NULL,NULL,NULL,"SEE EQUIPMENT DETAILS - PARTS TAB OR WRITE IN PARTS USED:","• PERFORM ALL 1000 HOUR TASKS PLUS
• SAMPLE HYD OIL/CHANGE AS NEEDED
• SAMPLE COOLANT/CHANGE AS NEEDED",1288,NULL,NULL,40,NULL,2667,e8f00ab7-5615-423d-8195-86a40a623b96
36336,53375,"2026-07-31 17:07:42",1,1,0,"500 HR TUGBOAT (GENSET - STARBOARD) - HOUR",500,NULL,NULL,NULL,NULL,NULL,NULL,NULL,NULL,"SEE EQUIPMENT DETAILS - PARTS TAB OR WRITE IN PARTS USED:","• CHANGE ENGINE OIL & FILTER(S)
• REPLACE PRIMARY FUEL FILTER(S)
• REPLACE SECONDARY FUEL FILTER(S)
• DRAIN FUEL/WATER SEPARATORS
• CHECK/REPLACE AIR FILTERS
• CHECK COOLANT LEVEL
• INSPECT COOLING SYSTEM
• INSPECT TURBOCHARGERS
• INSPECT BELTS",1288,NULL,40,NULL,NULL,2737,c4429f76-bfd4-4c8b-aba0-17fd606e6cb0
36346,53375,"2026-07-31 17:08:26",2,1,0,"500 MI TUGBOAT (GENSET - PORT) - ODOMETER",NULL,NULL,500,NULL,NULL,NULL,NULL,NULL,NULL,"SEE EQUIPMENT DETAILS - PARTS TAB OR WRITE IN PARTS USED:","• CHANGE ENGINE OIL & FILTER(S)
• REPLACE PRIMARY FUEL FILTER(S)
• REPLACE SECONDARY FUEL FILTER(S)
• DRAIN FUEL/WATER SEPARATORS
• CHECK/REPLACE AIR FILTERS
• CHECK COOLANT LEVEL
• INSPECT COOLING SYSTEM
• INSPECT TURBOCHARGERS
• INSPECT BELTS",1288,NULL,NULL,40,NULL,2740,2e326f68-c8ca-409e-905e-83f23dbdc448
36523,53375,"2026-07-31 17:16:35",1,0,1,"1000 HR TUGBOAT (MAIN - STARBOARD) - HOUR",1000,NULL,NULL,NULL,NULL,NULL,NULL,NULL,NULL,"SEE EQUIPMENT DETAILS - PARTS TAB OR WRITE IN PARTS USED:","• PERFORM ALL 500 HOUR TASKS PLUS
• REPLACE CRANKCASE BREATHER FILTER
• CHANGE HYDRAULIC FILTERS
• TRANSMISSION GEAR BOXES",1288,NULL,40,NULL,48289,2621,62aff6e7-66a7-459f-9adc-30081e830689
36568,53375,"2026-07-31 17:17:26",2,0,1,"1000 MI TUGBOAT (MAIN - PORT) - ODOMETER",NULL,NULL,1000,NULL,NULL,NULL,NULL,NULL,NULL,"SEE EQUIPMENT DETAILS - PARTS TAB OR WRITE IN PARTS USED:","• PERFORM ALL 500 HOUR TASKS PLUS
• REPLACE CRANKCASE BREATHER FILTER
• CHANGE HYDRAULIC FILTERS
• TRANSMISSION GEAR BOXES",1288,NULL,NULL,40,48301,2624,e41e64be-9c0a-41e3-aa0e-894e202ca16c
36584,53375,"2026-07-31 17:18:08",1,0,1,"500 HR TUGBOAT (MAIN - STARBOARD) - HOUR",500,NULL,NULL,NULL,NULL,NULL,NULL,NULL,NULL,"SEE EQUIPMENT DETAILS - PARTS TAB OR WRITE IN PARTS USED:","• CHANGE ENGINE OIL & FILTER(S)
• REPLACE PRIMARY FUEL FILTER(S)
• REPLACE SECONDARY FUEL FILTER(S)
• DRAIN FUEL/WATER SEPARATORS
• CHECK/REPLACE AIR FILTERS
• CHECK COOLANT LEVEL
• INSPECT COOLING SYSTEM
• INSPECT TURBOCHARGERS
• INSPECT BELTS
",1288,NULL,40,NULL,48290,2738,ea752edd-7ba5-4032-9a66-11eae51056d8
36600,53375,"2026-07-31 17:18:49",2,0,1,"500 MI TUGBOAT (MAIN - PORT) - ODOMETER",NULL,NULL,500,NULL,NULL,NULL,NULL,NULL,NULL,"SEE EQUIPMENT DETAILS - PARTS TAB OR WRITE IN PARTS USED:","• CHANGE ENGINE OIL & FILTER(S)
• REPLACE PRIMARY FUEL FILTER(S)
• REPLACE SECONDARY FUEL FILTER(S)
• DRAIN FUEL/WATER SEPARATORS
• CHECK/REPLACE AIR FILTERS
• CHECK COOLANT LEVEL
• INSPECT COOLING SYSTEM
• INSPECT TURBOCHARGERS
• INSPECT BELTS




",1288,NULL,NULL,40,48300,2741,42291282-fdbc-48e5-a598-4b543f6eaeae
36662,53375,"2026-07-31 18:00:38",1,0,1,"2000 HR TUGBOAT (MAIN - STARBOARD) - HOUR",2000,NULL,NULL,NULL,NULL,NULL,NULL,NULL,NULL,"SEE EQUIPMENT DETAILS - PARTS TAB OR WRITE IN PARTS USED:
","• PERFORM ALL 1000 HOUR TASKS PLUS
• SAMPLE HYD OIL/CHANGE AS NEEDED
• SAMPLE COOLANT/CHANGE AS NEEDED",1288,NULL,40,NULL,48303,2665,0cc0283e-3d8f-4af7-8e98-fc322d0f131b
36669,53375,"2026-07-31 18:01:46",2,0,1,"2000 MI TUGBOAT (MAIN - PORT) - ODOMETER",2000,NULL,2000,NULL,NULL,NULL,NULL,NULL,NULL,"SEE EQUIPMENT DETAILS - PARTS TAB OR WRITE IN PARTS USED:","• PERFORM ALL 1000 HOUR TASKS PLUS
• SAMPLE HYD OIL/CHANGE AS NEEDED
• SAMPLE COOLANT/CHANGE AS NEEDED",1288,NULL,40,40,48302,2668,3dc19aee-94de-43fb-876e-672b09a3e5db
36042,53378,"2026-07-31 16:19:54",1,0,1,"500 HR TUGBOAT (SINGLE SCREW)",500,NULL,NULL,NULL,NULL,NULL,NULL,NULL,NULL,"SEE EQUIPMENT DETAILS - PARTS TAB OR WRITE IN PARTS USED:","• CHANGE ENGINE OIL & FILTER(S)
• REPLACE PRIMARY FUEL FILTER(S)
• REPLACE SECONDARY FUEL FILTER(S)
• DRAIN FUEL/WATER SEPARATORS
• CHECK/REPLACE AIR FILTERS
• CHECK COOLANT LEVEL
• INSPECT COOLING SYSTEM
• INSPECT TURBOCHARGERS
• INSPECT BELTS",1288,NULL,40,NULL,47728,2739,468498d2-3bb9-45a2-9dd9-148dd33d8fd4
36049,53378,"2026-07-31 16:20:12",1,0,1,"2000 HR TUGBOAT (SINGLE SCREW)",2000,NULL,NULL,NULL,NULL,NULL,NULL,NULL,NULL,"SEE EQUIPMENT DETAILS - PARTS TAB OR WRITE IN PARTS USED:
","• PERFORM ALL 1000 HOUR TASKS PLUS
• SAMPLE HYD OIL/CHANGE AS NEEDED
• SAMPLE COOLANT/CHANGE AS NEEDED
",1288,NULL,40,NULL,47727,2666,85940129-03d4-4906-b712-8c1f254536bd
36121,53378,"2026-07-31 16:33:43",1,0,1,"1000 HR TUGBOAT (SINGLE SCREW)",1000,NULL,NULL,NULL,NULL,NULL,NULL,NULL,NULL,"SEE EQUIPMENT DETAILS - PARTS TAB OR WRITE IN PARTS USED:
","• PERFORM ALL 500 HOUR TASKS PLUS
• REPLACE CRANKCASE BREATHER FILTER
• CHANGE HYDRAULIC FILTERS
• TRANSMISSION GEAR BOXES",1288,NULL,40,NULL,48389,2622,f391cc43-f6d4-47e5-aed9-e7731d284de3
36276,53380,"2026-07-31 17:03:24",1,1,0,"1000 HR TUGBOAT (GENSET - STARBOARD) - HOUR",1000,NULL,NULL,NULL,NULL,NULL,NULL,NULL,NULL,"SEE EQUIPMENT DETAILS - PARTS TAB OR WRITE IN PARTS USED:
","• PERFORM ALL 500 HOUR TASKS PLUS
• REPLACE CRANKCASE BREATHER FILTER
• CHANGE HYDRAULIC FILTERS
• TRANSMISSION GEAR BOXES",1288,NULL,40,NULL,NULL,2620,1240346a-e2aa-4089-b1a7-3891b55d2c95
36318,53380,"2026-07-31 17:04:17",2,1,0,"1000 MI TUGBOAT (GENSET - PORT) - ODOMETER",NULL,NULL,1000,NULL,NULL,NULL,NULL,NULL,NULL,"SEE EQUIPMENT DETAILS - PARTS TAB OR WRITE IN PARTS USED:","• PERFORM ALL 500 HOUR TASKS PLUS
• REPLACE CRANKCASE BREATHER FILTER
• CHANGE HYDRAULIC FILTERS
• TRANSMISSION GEAR BOXES",1288,NULL,NULL,40,NULL,2623,315a3e13-5f2c-4a19-ae21-66912a6a3eda
36327,53380,"2026-07-31 17:06:09",1,1,0,"2000 HR TUGBOAT (GENSET - STARBOARD) - HOUR",2000,NULL,NULL,NULL,NULL,NULL,NULL,NULL,NULL,"SEE EQUIPMENT DETAILS - PARTS TAB OR WRITE IN PARTS USED:","• PERFORM ALL 1000 HOUR TASKS PLUS
• SAMPLE HYD OIL/CHANGE AS NEEDED
• SAMPLE COOLANT/CHANGE AS NEEDED",1288,NULL,40,NULL,NULL,2664,3785a7c5-dc9e-4175-bc05-2b5da0bc8438
36332,53380,"2026-07-31 17:06:51",2,1,0,"2000 MI TUGBOAT (GENSET - PORT) - ODOMETER",NULL,NULL,2000,NULL,NULL,NULL,NULL,NULL,NULL,"SEE EQUIPMENT DETAILS - PARTS TAB OR WRITE IN PARTS USED:","• PERFORM ALL 1000 HOUR TASKS PLUS
• SAMPLE HYD OIL/CHANGE AS NEEDED
• SAMPLE COOLANT/CHANGE AS NEEDED",1288,NULL,NULL,40,NULL,2667,0b63c865-af6c-42a9-992f-2d899eaeaebb
36335,53380,"2026-07-31 17:07:40",1,1,0,"500 HR TUGBOAT (GENSET - STARBOARD) - HOUR",500,NULL,NULL,NULL,NULL,NULL,NULL,NULL,NULL,"SEE EQUIPMENT DETAILS - PARTS TAB OR WRITE IN PARTS USED:","• CHANGE ENGINE OIL & FILTER(S)
• REPLACE PRIMARY FUEL FILTER(S)
• REPLACE SECONDARY FUEL FILTER(S)
• DRAIN FUEL/WATER SEPARATORS
• CHECK/REPLACE AIR FILTERS
• CHECK COOLANT LEVEL
• INSPECT COOLING SYSTEM
• INSPECT TURBOCHARGERS
• INSPECT BELTS",1288,NULL,40,NULL,NULL,2737,e6348836-5b34-42aa-bf7e-9e84dbbe5fe7
36345,53380,"2026-07-31 17:08:24",2,1,0,"500 MI TUGBOAT (GENSET - PORT) - ODOMETER",NULL,NULL,500,NULL,NULL,NULL,NULL,NULL,NULL,"SEE EQUIPMENT DETAILS - PARTS TAB OR WRITE IN PARTS USED:","• CHANGE ENGINE OIL & FILTER(S)
• REPLACE PRIMARY FUEL FILTER(S)
• REPLACE SECONDARY FUEL FILTER(S)
• DRAIN FUEL/WATER SEPARATORS
• CHECK/REPLACE AIR FILTERS
• CHECK COOLANT LEVEL
• INSPECT COOLING SYSTEM
• INSPECT TURBOCHARGERS
• INSPECT BELTS",1288,NULL,NULL,40,NULL,2740,993e50a5-733d-4034-a1c6-45aafbdda379
36526,53380,"2026-07-31 17:16:37",1,0,1,"1000 HR TUGBOAT (MAIN - STARBOARD) - HOUR",1000,NULL,NULL,NULL,NULL,NULL,NULL,NULL,NULL,"SEE EQUIPMENT DETAILS - PARTS TAB OR WRITE IN PARTS USED:","• PERFORM ALL 500 HOUR TASKS PLUS
• REPLACE CRANKCASE BREATHER FILTER
• CHANGE HYDRAULIC FILTERS
• TRANSMISSION GEAR BOXES",1288,NULL,40,NULL,47722,2621,cb43a1ea-782d-4073-8e50-ace8fba70652
36574,53380,"2026-07-31 17:17:31",2,0,1,"1000 MI TUGBOAT (MAIN - PORT) - ODOMETER",NULL,NULL,1000,NULL,NULL,NULL,NULL,NULL,NULL,"SEE EQUIPMENT DETAILS - PARTS TAB OR WRITE IN PARTS USED:","• PERFORM ALL 500 HOUR TASKS PLUS
• REPLACE CRANKCASE BREATHER FILTER
• CHANGE HYDRAULIC FILTERS
• TRANSMISSION GEAR BOXES",1288,NULL,NULL,40,47721,2624,aa553a9d-5c8a-432b-a7c1-c12c1a303af3
36586,53380,"2026-07-31 17:18:15",1,0,1,"500 HR TUGBOAT (MAIN - STARBOARD) - HOUR",500,NULL,NULL,NULL,NULL,NULL,NULL,NULL,NULL,"SEE EQUIPMENT DETAILS - PARTS TAB OR WRITE IN PARTS USED:","• CHANGE ENGINE OIL & FILTER(S)
• REPLACE PRIMARY FUEL FILTER(S)
• REPLACE SECONDARY FUEL FILTER(S)
• DRAIN FUEL/WATER SEPARATORS
• CHECK/REPLACE AIR FILTERS
• CHECK COOLANT LEVEL
• INSPECT COOLING SYSTEM
• INSPECT TURBOCHARGERS
• INSPECT BELTS
",1288,NULL,40,NULL,48798,2738,c622c766-26d7-4932-9b2c-3ca4d3e4920a
36599,53380,"2026-07-31 17:18:48",2,0,1,"500 MI TUGBOAT (MAIN - PORT) - ODOMETER",NULL,NULL,500,NULL,NULL,NULL,NULL,NULL,NULL,"SEE EQUIPMENT DETAILS - PARTS TAB OR WRITE IN PARTS USED:","• CHANGE ENGINE OIL & FILTER(S)
• REPLACE PRIMARY FUEL FILTER(S)
• REPLACE SECONDARY FUEL FILTER(S)
• DRAIN FUEL/WATER SEPARATORS
• CHECK/REPLACE AIR FILTERS
• CHECK COOLANT LEVEL
• INSPECT COOLING SYSTEM
• INSPECT TURBOCHARGERS
• INSPECT BELTS




",1288,NULL,NULL,40,48799,2741,3c1239a1-155d-46a4-a3b4-95c61fe7a2c7
36663,53380,"2026-07-31 18:00:41",1,0,1,"2000 HR TUGBOAT (MAIN - STARBOARD) - HOUR",2000,NULL,NULL,NULL,NULL,NULL,NULL,NULL,NULL,"SEE EQUIPMENT DETAILS - PARTS TAB OR WRITE IN PARTS USED:
","• PERFORM ALL 1000 HOUR TASKS PLUS
• SAMPLE HYD OIL/CHANGE AS NEEDED
• SAMPLE COOLANT/CHANGE AS NEEDED",1288,NULL,40,NULL,47725,2665,455a9741-ce25-480f-8fb4-c7c8e54cd7db
36667,53380,"2026-07-31 18:01:15",2,0,1,"2000 MI TUGBOAT (MAIN - PORT) - ODOMETER",2000,NULL,2000,NULL,NULL,NULL,NULL,NULL,NULL,"SEE EQUIPMENT DETAILS - PARTS TAB OR WRITE IN PARTS USED:","• PERFORM ALL 1000 HOUR TASKS PLUS
• SAMPLE HYD OIL/CHANGE AS NEEDED
• SAMPLE COOLANT/CHANGE AS NEEDED",1288,NULL,40,40,47726,2668,b627e1f8-8b95-4d22-bd10-f47ab0a277e5
36937,53381,"2026-08-04 06:28:17",1,0,1,"1000 HR SERVICE (T-714 WORK BOAT)",1000,NULL,NULL,NULL,NULL,NULL,NULL,NULL,NULL,"SEE EQUIPMENT DETAILS - PARTS TAB OR WRITE IN PARTS USED:","PERFORM 500 HR SERVICE
CHANGE HYDRAULIC FILTERS",16222,NULL,40,NULL,47719,2785,0ab78c75-b423-4d59-976c-3f50b3ae9806
36938,53381,"2026-08-04 06:28:51",1,0,1,"2000 HR SERVICE (T-714 WORK BOAT)",2000,NULL,NULL,NULL,NULL,NULL,NULL,NULL,NULL,"SEE EQUIPMENT DETAILS - PARTS TAB OR WRITE IN PARTS USED:","PERFORM 1000 HR SERVICE
CHANGE HYDRAULIC OIL",16222,NULL,40,NULL,47720,2786,2b176500-c881-4ddb-a1ca-44df10e68434
36939,53381,"2026-08-04 06:29:05",1,0,1,"500 HR SERVICE (T-714 WORK BOAT)",500,NULL,NULL,NULL,NULL,NULL,NULL,NULL,NULL,"SEE EQUIPMENT DETAILS - PARTS TAB OR WRITE IN PARTS USED:","CHANGE ENGINE OIL & FILTER
CHANGE AIR FILTER(S)
CHANGE FUEL FILTER(S)
",16222,NULL,40,NULL,47718,2784,6dd75a3a-93ed-4052-ac82-25b1a9a7f047
36537,53382,"2026-07-31 17:16:48",1,0,1,"1000 HR TUGBOAT (MAIN - STARBOARD) - HOUR",1000,NULL,NULL,NULL,NULL,NULL,NULL,NULL,NULL,"SEE EQUIPMENT DETAILS - PARTS TAB OR WRITE IN PARTS USED:","• PERFORM ALL 500 HOUR TASKS PLUS
• REPLACE CRANKCASE BREATHER FILTER
• CHANGE HYDRAULIC FILTERS
• TRANSMISSION GEAR BOXES",1288,NULL,40,NULL,47712,2621,668fcd32-3d05-4336-aa5b-ab09271ba936
36575,53382,"2026-07-31 17:17:32",2,0,1,"1000 MI TUGBOAT (MAIN - PORT) - ODOMETER",NULL,NULL,1000,NULL,NULL,NULL,NULL,NULL,NULL,"SEE EQUIPMENT DETAILS - PARTS TAB OR WRITE IN PARTS USED:","• PERFORM ALL 500 HOUR TASKS PLUS
• REPLACE CRANKCASE BREATHER FILTER
• CHANGE HYDRAULIC FILTERS
• TRANSMISSION GEAR BOXES",1288,NULL,NULL,40,47713,2624,f72b8204-0da0-4907-96f4-e08e80678945
36585,53382,"2026-07-31 17:18:14",1,0,1,"500 HR TUGBOAT (MAIN - STARBOARD) - HOUR",500,NULL,NULL,NULL,NULL,NULL,NULL,NULL,NULL,"SEE EQUIPMENT DETAILS - PARTS TAB OR WRITE IN PARTS USED:","• CHANGE ENGINE OIL & FILTER(S)
• REPLACE PRIMARY FUEL FILTER(S)
• REPLACE SECONDARY FUEL FILTER(S)
• DRAIN FUEL/WATER SEPARATORS
• CHECK/REPLACE AIR FILTERS
• CHECK COOLANT LEVEL
• INSPECT COOLING SYSTEM
• INSPECT TURBOCHARGERS
• INSPECT BELTS
",1288,NULL,40,NULL,47714,2738,6774429c-6f4b-456d-90ad-130b313e84e6
36597,53382,"2026-07-31 17:18:47",2,0,1,"500 MI TUGBOAT (MAIN - PORT) - ODOMETER",NULL,NULL,500,NULL,NULL,NULL,NULL,NULL,NULL,"SEE EQUIPMENT DETAILS - PARTS TAB OR WRITE IN PARTS USED:","• CHANGE ENGINE OIL & FILTER(S)
• REPLACE PRIMARY FUEL FILTER(S)
• REPLACE SECONDARY FUEL FILTER(S)
• DRAIN FUEL/WATER SEPARATORS
• CHECK/REPLACE AIR FILTERS
• CHECK COOLANT LEVEL
• INSPECT COOLING SYSTEM
• INSPECT TURBOCHARGERS
• INSPECT BELTS




",1288,NULL,NULL,40,47715,2741,ceb7e657-740a-4d7e-bb75-e44f67499365
36664,53382,"2026-07-31 18:00:43",1,0,1,"2000 HR TUGBOAT (MAIN - STARBOARD) - HOUR",2000,NULL,NULL,NULL,NULL,NULL,NULL,NULL,NULL,"SEE EQUIPMENT DETAILS - PARTS TAB OR WRITE IN PARTS USED:
","• PERFORM ALL 1000 HOUR TASKS PLUS
• SAMPLE HYD OIL/CHANGE AS NEEDED
• SAMPLE COOLANT/CHANGE AS NEEDED",1288,NULL,40,NULL,47716,2665,b88834e3-d39b-4e2c-941c-ef3a510f4bc8
36668,53382,"2026-07-31 18:01:16",2,0,1,"2000 MI TUGBOAT (MAIN - PORT) - ODOMETER",2000,NULL,2000,NULL,NULL,NULL,NULL,NULL,NULL,"SEE EQUIPMENT DETAILS - PARTS TAB OR WRITE IN PARTS USED:","• PERFORM ALL 1000 HOUR TASKS PLUS
• SAMPLE HYD OIL/CHANGE AS NEEDED
• SAMPLE COOLANT/CHANGE AS NEEDED",1288,NULL,40,40,47717,2668,a7313cb7-5bf1-4c4f-8c47-b6e4deb67d10
36043,53383,"2026-07-31 16:19:55",1,0,1,"500 HR TUGBOAT (SINGLE SCREW)",500,NULL,NULL,NULL,NULL,NULL,NULL,NULL,NULL,"SEE EQUIPMENT DETAILS - PARTS TAB OR WRITE IN PARTS USED:","• CHANGE ENGINE OIL & FILTER(S)
• REPLACE PRIMARY FUEL FILTER(S)
• REPLACE SECONDARY FUEL FILTER(S)
• DRAIN FUEL/WATER SEPARATORS
• CHECK/REPLACE AIR FILTERS
• CHECK COOLANT LEVEL
• INSPECT COOLING SYSTEM
• INSPECT TURBOCHARGERS
• INSPECT BELTS",1288,NULL,40,NULL,47729,2739,2a2d91a8-e2ac-451d-8e3a-e643ad639710
36050,53383,"2026-07-31 16:20:13",1,0,1,"2000 HR TUGBOAT (SINGLE SCREW)",2000,NULL,NULL,NULL,NULL,NULL,NULL,NULL,NULL,"SEE EQUIPMENT DETAILS - PARTS TAB OR WRITE IN PARTS USED:
","• PERFORM ALL 1000 HOUR TASKS PLUS
• SAMPLE HYD OIL/CHANGE AS NEEDED
• SAMPLE COOLANT/CHANGE AS NEEDED
",1288,NULL,40,NULL,NULL,2666,403d03a6-6931-45d7-a4a0-0f00361c4d77
36122,53383,"2026-07-31 16:33:44",1,0,1,"1000 HR TUGBOAT (SINGLE SCREW)",1000,NULL,NULL,NULL,NULL,NULL,NULL,NULL,NULL,"SEE EQUIPMENT DETAILS - PARTS TAB OR WRITE IN PARTS USED:
","• PERFORM ALL 500 HOUR TASKS PLUS
• REPLACE CRANKCASE BREATHER FILTER
• CHANGE HYDRAULIC FILTERS
• TRANSMISSION GEAR BOXES",1288,NULL,40,NULL,NULL,2622,8d4f28f1-520c-4014-a32b-fa78c70cadd9
36044,53385,"2026-07-31 16:19:55",1,0,1,"500 HR TUGBOAT (SINGLE SCREW)",500,NULL,NULL,NULL,NULL,NULL,NULL,NULL,NULL,"SEE EQUIPMENT DETAILS - PARTS TAB OR WRITE IN PARTS USED:","• CHANGE ENGINE OIL & FILTER(S)
• REPLACE PRIMARY FUEL FILTER(S)
• REPLACE SECONDARY FUEL FILTER(S)
• DRAIN FUEL/WATER SEPARATORS
• CHECK/REPLACE AIR FILTERS
• CHECK COOLANT LEVEL
• INSPECT COOLING SYSTEM
• INSPECT TURBOCHARGERS
• INSPECT BELTS",1288,NULL,40,NULL,47735,2739,198cb7df-6dfd-4f32-ac14-4d4149cfbc55
36052,53385,"2026-07-31 16:20:13",1,0,1,"2000 HR TUGBOAT (SINGLE SCREW)",2000,NULL,NULL,NULL,NULL,NULL,NULL,NULL,NULL,"SEE EQUIPMENT DETAILS - PARTS TAB OR WRITE IN PARTS USED:
","• PERFORM ALL 1000 HOUR TASKS PLUS
• SAMPLE HYD OIL/CHANGE AS NEEDED
• SAMPLE COOLANT/CHANGE AS NEEDED
",1288,NULL,40,NULL,47734,2666,2d2dcdb7-8b38-4120-a674-fe842c844b32
36123,53385,"2026-07-31 16:33:44",1,0,1,"1000 HR TUGBOAT (SINGLE SCREW)",1000,NULL,NULL,NULL,NULL,NULL,NULL,NULL,NULL,"SEE EQUIPMENT DETAILS - PARTS TAB OR WRITE IN PARTS USED:
","• PERFORM ALL 500 HOUR TASKS PLUS
• REPLACE CRANKCASE BREATHER FILTER
• CHANGE HYDRAULIC FILTERS
• TRANSMISSION GEAR BOXES",1288,NULL,40,NULL,47731,2622,682b004d-fe81-4a1f-88b3-9d5d3677fa16
36046,53386,"2026-07-31 16:19:56",1,0,1,"500 HR TUGBOAT (SINGLE SCREW)",500,NULL,NULL,NULL,NULL,NULL,NULL,NULL,NULL,"SEE EQUIPMENT DETAILS - PARTS TAB OR WRITE IN PARTS USED:","• CHANGE ENGINE OIL & FILTER(S)
• REPLACE PRIMARY FUEL FILTER(S)
• REPLACE SECONDARY FUEL FILTER(S)
• DRAIN FUEL/WATER SEPARATORS
• CHECK/REPLACE AIR FILTERS
• CHECK COOLANT LEVEL
• INSPECT COOLING SYSTEM
• INSPECT TURBOCHARGERS
• INSPECT BELTS",1288,NULL,40,NULL,47744,2739,05864e91-5862-4053-b1e8-9d27c8ccd4e1
36055,53386,"2026-07-31 16:20:14",1,0,1,"2000 HR TUGBOAT (SINGLE SCREW)",2000,NULL,NULL,NULL,NULL,NULL,NULL,NULL,NULL,"SEE EQUIPMENT DETAILS - PARTS TAB OR WRITE IN PARTS USED:
","• PERFORM ALL 1000 HOUR TASKS PLUS
• SAMPLE HYD OIL/CHANGE AS NEEDED
• SAMPLE COOLANT/CHANGE AS NEEDED
",1288,NULL,40,NULL,47743,2666,1d3de9fa-8263-4f4b-bcfc-45016acf0f85
36125,53386,"2026-07-31 16:33:45",1,0,1,"1000 HR TUGBOAT (SINGLE SCREW)",1000,NULL,NULL,NULL,NULL,NULL,NULL,NULL,NULL,"SEE EQUIPMENT DETAILS - PARTS TAB OR WRITE IN PARTS USED:
","• PERFORM ALL 500 HOUR TASKS PLUS
• REPLACE CRANKCASE BREATHER FILTER
• CHANGE HYDRAULIC FILTERS
• TRANSMISSION GEAR BOXES",1288,NULL,40,NULL,47742,2622,7747832c-d0f1-4df6-8aca-ccb62ac23011
36045,53387,"2026-07-31 16:19:56",1,0,1,"500 HR TUGBOAT (SINGLE SCREW)",500,NULL,NULL,NULL,NULL,NULL,NULL,NULL,NULL,"SEE EQUIPMENT DETAILS - PARTS TAB OR WRITE IN PARTS USED:","• CHANGE ENGINE OIL & FILTER(S)
• REPLACE PRIMARY FUEL FILTER(S)
• REPLACE SECONDARY FUEL FILTER(S)
• DRAIN FUEL/WATER SEPARATORS
• CHECK/REPLACE AIR FILTERS
• CHECK COOLANT LEVEL
• INSPECT COOLING SYSTEM
• INSPECT TURBOCHARGERS
• INSPECT BELTS",1288,NULL,40,NULL,47740,2739,c3b81e89-6b63-4576-8105-1d9ffbad93c9
36053,53387,"2026-07-31 16:20:14",1,0,1,"2000 HR TUGBOAT (SINGLE SCREW)",2000,NULL,NULL,NULL,NULL,NULL,NULL,NULL,NULL,"SEE EQUIPMENT DETAILS - PARTS TAB OR WRITE IN PARTS USED:
","• PERFORM ALL 1000 HOUR TASKS PLUS
• SAMPLE HYD OIL/CHANGE AS NEEDED
• SAMPLE COOLANT/CHANGE AS NEEDED
",1288,NULL,40,NULL,47739,2666,e617feff-5cb2-4781-beb5-013cf5b4c7d0
36124,53387,"2026-07-31 16:33:45",1,0,1,"1000 HR TUGBOAT (SINGLE SCREW)",1000,NULL,NULL,NULL,NULL,NULL,NULL,NULL,NULL,"SEE EQUIPMENT DETAILS - PARTS TAB OR WRITE IN PARTS USED:
","• PERFORM ALL 500 HOUR TASKS PLUS
• REPLACE CRANKCASE BREATHER FILTER
• CHANGE HYDRAULIC FILTERS
• TRANSMISSION GEAR BOXES",1288,NULL,40,NULL,47738,2622,4ce9f284-8a19-4575-a4c1-bc527c8f250c
35920,53390,"2026-07-31 15:46:56",1,0,1,"750 HR SERVICE (LIGHT PLANT/TOWER)",750,NULL,NULL,NULL,NULL,NULL,NULL,NULL,NULL,"SEE EQUIPMENT DETAILS - PARTS TAB OR WRITE IN PARTS USED:
","CHANGE ENGINE OIL & FILTER 
CHANGE AIR FILTER 
CHANGE FUEL FILTER 
BELT & BELT TENSION - INSPECT/ADJUST/REPLACE 
INSPECT BATTERY CONDITION 
RESET MAINTENANCE ALARM (REFERENCE PAGE 41 IN OPS MANUAL FOR CODE) FOR MLT65MD LIIGHT TOWERS 
",1288,NULL,40,NULL,47747,2750,ef47490b-925a-4c4e-a46c-40589040d819
35919,53392,"2026-07-31 15:46:56",1,0,1,"750 HR SERVICE (LIGHT PLANT/TOWER)",750,NULL,NULL,NULL,NULL,NULL,NULL,NULL,NULL,"SEE EQUIPMENT DETAILS - PARTS TAB OR WRITE IN PARTS USED:
","CHANGE ENGINE OIL & FILTER 
CHANGE AIR FILTER 
CHANGE FUEL FILTER 
BELT & BELT TENSION - INSPECT/ADJUST/REPLACE 
INSPECT BATTERY CONDITION 
RESET MAINTENANCE ALARM (REFERENCE PAGE 41 IN OPS MANUAL FOR CODE) FOR MLT65MD LIIGHT TOWERS 
",1288,NULL,40,NULL,NULL,2750,2829349a-a9bf-4cfb-a8af-f9207f329183
35942,53393,"2026-07-31 15:47:14",1,0,1,"750 HR SERVICE (LIGHT PLANT/TOWER)",750,NULL,NULL,NULL,NULL,NULL,NULL,NULL,NULL,"SEE EQUIPMENT DETAILS - PARTS TAB OR WRITE IN PARTS USED:
","CHANGE ENGINE OIL & FILTER 
CHANGE AIR FILTER 
CHANGE FUEL FILTER 
BELT & BELT TENSION - INSPECT/ADJUST/REPLACE 
INSPECT BATTERY CONDITION 
RESET MAINTENANCE ALARM (REFERENCE PAGE 41 IN OPS MANUAL FOR CODE) FOR MLT65MD LIIGHT TOWERS 
",1288,NULL,40,NULL,47789,2750,c56d6102-ab24-4155-a5db-9569c9da6046
36710,53394,"2026-07-31 18:35:08",1,0,1,"500 HR SERVICE (GENERATOR)",500,NULL,NULL,NULL,NULL,NULL,NULL,NULL,NULL,"SEE EQUIPMENT DETAILS - PARTS TAB OR WRITE IN PARTS USED:
","CHANGE ENGINE OIL & FILTER
CHANGE FUEL FILTERS
CHANGE AIR FILTERS",1288,NULL,40,NULL,47745,2695,ec3c5ed0-b9c9-4f84-9a52-4a91900a37ac
35918,53395,"2026-07-31 15:46:56",1,0,1,"750 HR SERVICE (LIGHT PLANT/TOWER)",750,NULL,NULL,NULL,NULL,NULL,NULL,NULL,NULL,"SEE EQUIPMENT DETAILS - PARTS TAB OR WRITE IN PARTS USED:
","CHANGE ENGINE OIL & FILTER 
CHANGE AIR FILTER 
CHANGE FUEL FILTER 
BELT & BELT TENSION - INSPECT/ADJUST/REPLACE 
INSPECT BATTERY CONDITION 
RESET MAINTENANCE ALARM (REFERENCE PAGE 41 IN OPS MANUAL FOR CODE) FOR MLT65MD LIIGHT TOWERS 
",1288,NULL,40,NULL,47746,2750,42796cbe-ff80-47d3-8de3-4b284cd92bfb
35943,53396,"2026-07-31 15:47:14",1,0,1,"750 HR SERVICE (LIGHT PLANT/TOWER)",750,NULL,NULL,NULL,NULL,NULL,NULL,NULL,NULL,"SEE EQUIPMENT DETAILS - PARTS TAB OR WRITE IN PARTS USED:
","CHANGE ENGINE OIL & FILTER 
CHANGE AIR FILTER 
CHANGE FUEL FILTER 
BELT & BELT TENSION - INSPECT/ADJUST/REPLACE 
INSPECT BATTERY CONDITION 
RESET MAINTENANCE ALARM (REFERENCE PAGE 41 IN OPS MANUAL FOR CODE) FOR MLT65MD LIIGHT TOWERS 
",1288,NULL,40,NULL,47794,2750,93614a65-ab3c-4553-934f-ddcad0a9cee1
34504,53410,"2026-07-29 19:15:59",1,0,1,"100 HR SERVICE (WELDER MILLER 302)",100,NULL,NULL,NULL,NULL,NULL,NULL,NULL,NULL,"SEE EQUIPMENT DETAILS - PARTS TAB OR WRITE IN PARTS USED:
","CHANGE ENGINE OIL & FILTER
REPLACE FUEL FILTER(S)
INSPECT/REPLACE AIR FILTER

CHECK ALTERNATOR OUTPUT
CHECK BATTERY CONDITION
INSPECT COOLING SYSTEM
INSPECT ENGINE MOUNTS
INSPECT EXHAUST SYSTEM
CHECK FOR OIL LEAKS
CHECK FOR FUEL LEAKS
INSPECT WELD LEADS
INSPECT ELECTRODE HOLDER
INSPECT GROUND CLAMP
CHECK AC/DC OUTPUT
VERIFY AUXILIARY POWER OUTPUT
CLEAN MACHINE INTERIOR
REMOVE DEBRIS FROM COOLING SYSTEM
OPERATIONAL TEST
",1288,NULL,10,NULL,47805,2571,acf37e24-294a-44fe-ad75-69243262a4b3
35496,53410,"2026-07-30 20:24:35",3,1,0,"CALIBRATION - (WELDER) - 365 DAY",NULL,365,NULL,NULL,NULL,NULL,NULL,NULL,NULL,,"SUBMIT WEVR PAPERWORK. WORK ORDER WILL NOT CLOSE UNLESS PAPERWORK IS CORRECT & SUBMITTED.",1288,7,NULL,NULL,NULL,2755,b89613c4-73a1-4c44-a801-2a4f049d19dc
35513,53410,"2026-07-30 20:31:28",3,0,1,"CALIBRATION - (WELDER) - 365 DAY",NULL,365,NULL,NULL,NULL,NULL,NULL,NULL,NULL,,"SUBMIT WEVR PAPERWORK. WORK ORDER WILL NOT CLOSE UNLESS PAPERWORK IS CORRECT & SUBMITTED.",1288,7,NULL,NULL,NULL,2755,844d8e5a-044a-4249-8751-04b0949c25a7
35573,53410,"2026-07-30 20:38:36",3,0,1,"CALIBRATION - (WELDER) - 90 DAY",NULL,90,NULL,NULL,NULL,NULL,NULL,NULL,NULL,,"SUBMIT WEVR PAPERWORK. WORK ORDER WILL NOT CLOSE UNLESS PAPERWORK IS CORRECT & SUBMITTED.",1288,7,NULL,NULL,NULL,2756,2cb17392-bcae-4007-9a6e-94e5d97e4feb
35428,53412,"2026-07-30 19:25:30",1,1,0,"200 HR SERVICE (WELDER BOBCAT 225/250/265)",200,NULL,NULL,NULL,NULL,NULL,NULL,NULL,NULL,"SEE EQUIPMENT DETAILS - PARTS TAB OR WRITE IN PARTS USED:

","CHANGE ENGINE OIL & FILTER
REPLACE FUEL FILTER(S)
INSPECT/REPLACE AIR FILTER

CHECK ALTERNATOR OUTPUT
CHECK BATTERY CONDITION
INSPECT COOLING SYSTEM
INSPECT ENGINE MOUNTS
INSPECT EXHAUST SYSTEM
CHECK FOR OIL LEAKS
CHECK FOR FUEL LEAKS
INSPECT WELD LEADS
INSPECT ELECTRODE HOLDER
INSPECT GROUND CLAMP
CHECK AC/DC OUTPUT
VERIFY AUXILIARY POWER OUTPUT
CLEAN MACHINE INTERIOR
REMOVE DEBRIS FROM COOLING SYSTEM
OPERATIONAL TEST",1288,NULL,30,NULL,NULL,2628,807a5c49-1c29-4860-ae72-1bcacf397511
35479,53412,"2026-07-30 19:38:27",1,0,1,"200 HR SERVICE (WELDER MILLER BOBCAT 225/265)",200,NULL,NULL,NULL,NULL,NULL,NULL,NULL,NULL,"SEE EQUIPMENT DETAILS - PARTS TAB OR WRITE IN PARTS USED:

","CHANGE ENGINE OIL & FILTER
REPLACE FUEL FILTER(S)
INSPECT/REPLACE AIR FILTER

CHECK ALTERNATOR OUTPUT
CHECK BATTERY CONDITION
INSPECT COOLING SYSTEM
INSPECT ENGINE MOUNTS
INSPECT EXHAUST SYSTEM
CHECK FOR OIL LEAKS
CHECK FOR FUEL LEAKS
INSPECT WELD LEADS
INSPECT ELECTRODE HOLDER
INSPECT GROUND CLAMP
CHECK AC/DC OUTPUT
VERIFY AUXILIARY POWER OUTPUT
CLEAN MACHINE INTERIOR
REMOVE DEBRIS FROM COOLING SYSTEM
OPERATIONAL TEST",1288,NULL,30,NULL,47808,2628,9ae0caaf-1581-4309-b524-f0176a80b4ce
34500,53413,"2026-07-29 19:15:56",1,0,1,"100 HR SERVICE (WELDER MILLER 302)",100,NULL,NULL,NULL,NULL,NULL,NULL,NULL,NULL,"SEE EQUIPMENT DETAILS - PARTS TAB OR WRITE IN PARTS USED:
","CHANGE ENGINE OIL & FILTER
REPLACE FUEL FILTER(S)
INSPECT/REPLACE AIR FILTER

CHECK ALTERNATOR OUTPUT
CHECK BATTERY CONDITION
INSPECT COOLING SYSTEM
INSPECT ENGINE MOUNTS
INSPECT EXHAUST SYSTEM
CHECK FOR OIL LEAKS
CHECK FOR FUEL LEAKS
INSPECT WELD LEADS
INSPECT ELECTRODE HOLDER
INSPECT GROUND CLAMP
CHECK AC/DC OUTPUT
VERIFY AUXILIARY POWER OUTPUT
CLEAN MACHINE INTERIOR
REMOVE DEBRIS FROM COOLING SYSTEM
OPERATIONAL TEST
",1288,NULL,10,NULL,48323,2571,3f024903-de67-4d2e-a8f1-8ed791e9e037
35486,53413,"2026-07-30 19:49:00",3,1,0,"CALIBRATION - (WELDER) - 365 DAY",NULL,365,NULL,NULL,NULL,NULL,NULL,NULL,NULL,,"SUBMIT WEVR PAPERWORK. WORK ORDER WILL NOT CLOSE UNLESS PAPERWORK IS CORRECT & SUBMITTED.",1288,7,NULL,NULL,NULL,2755,4e9eeee7-08fc-470b-90b0-aa77c178e245
35492,53413,"2026-07-30 20:24:32",3,1,0,"CALIBRATION - (WELDER) - 365 DAY",NULL,365,NULL,NULL,NULL,NULL,NULL,NULL,NULL,,"SUBMIT WEVR PAPERWORK. WORK ORDER WILL NOT CLOSE UNLESS PAPERWORK IS CORRECT & SUBMITTED.",1288,7,NULL,NULL,NULL,2755,a47c438a-14df-4b41-a57c-da06daf28013
35509,53413,"2026-07-30 20:31:25",3,0,1,"CALIBRATION - (WELDER) - 365 DAY",NULL,365,NULL,NULL,NULL,NULL,NULL,NULL,NULL,,"SUBMIT WEVR PAPERWORK. WORK ORDER WILL NOT CLOSE UNLESS PAPERWORK IS CORRECT & SUBMITTED.",1288,7,NULL,NULL,NULL,2755,1c9ae34f-18f7-4e3a-aebd-2cb523fb3362
35569,53413,"2026-07-30 20:38:33",3,0,1,"CALIBRATION - (WELDER) - 90 DAY",NULL,90,NULL,NULL,NULL,NULL,NULL,NULL,NULL,,"SUBMIT WEVR PAPERWORK. WORK ORDER WILL NOT CLOSE UNLESS PAPERWORK IS CORRECT & SUBMITTED.",1288,7,NULL,NULL,NULL,2756,7d95deb3-d365-4080-8027-227148d503b4
35440,53415,"2026-07-30 19:27:24",1,0,1,"250 HR SERVICE (WELDER MILLER 400)",250,NULL,NULL,NULL,NULL,NULL,NULL,NULL,NULL,"SEE EQUIPMENT DETAILS - PARTS TAB OR WRITE IN PARTS USED:

","CHANGE ENGINE OIL & FILTER
REPLACE FUEL FILTER(S)
INSPECT/REPLACE AIR FILTER

CHECK ALTERNATOR OUTPUT
CHECK BATTERY CONDITION
INSPECT COOLING SYSTEM
INSPECT ENGINE MOUNTS
INSPECT EXHAUST SYSTEM
CHECK FOR OIL LEAKS
CHECK FOR FUEL LEAKS
INSPECT WELD LEADS
INSPECT ELECTRODE HOLDER
INSPECT GROUND CLAMP
CHECK AC/DC OUTPUT
VERIFY AUXILIARY POWER OUTPUT
CLEAN MACHINE INTERIOR
REMOVE DEBRIS FROM COOLING SYSTEM
OPERATIONAL TEST
",1288,NULL,30,NULL,48351,2678,d2b7b1eb-5569-4b05-bccb-5bbe06d27046
35529,53415,"2026-07-30 20:34:05",3,0,1,"CALIBRATION - (WELDER) - 365 DAY",NULL,365,NULL,NULL,NULL,NULL,NULL,NULL,NULL,,"SUBMIT WEVR PAPERWORK. WORK ORDER WILL NOT CLOSE UNLESS PAPERWORK IS CORRECT & SUBMITTED.",1288,7,NULL,NULL,NULL,2755,a574d020-ee55-47ad-86d2-bc94466c7adf
35590,53415,"2026-07-30 20:39:01",3,0,1,"CALIBRATION - (WELDER) - 90 DAY",NULL,90,NULL,NULL,NULL,NULL,NULL,NULL,NULL,,"SUBMIT WEVR PAPERWORK. WORK ORDER WILL NOT CLOSE UNLESS PAPERWORK IS CORRECT & SUBMITTED.",1288,7,NULL,NULL,NULL,2756,82c410dd-ed91-4634-91aa-6f01b3403e77
34380,53416,"2026-07-27 02:50:42",3,0,1,"1 YEAR SERVICE (BIDWELL)",NULL,365,NULL,NULL,NULL,NULL,NULL,NULL,NULL,"SEE EQUIPMENT DETAILS - PARTS TAB OR WRITE IN PARTS USED:

","CHANGE OIL AND FILTER
CHANGE AIR FILTER
CHANGE FUEL FILTERS
CHANGE HYD FILTERS",1288,7,NULL,NULL,47846,2567,ef123660-3541-4511-8136-f76cd5b61e1e
36721,53418,"2026-07-31 18:36:44",1,1,0,"500 HR SERVICE (GROUND HEATER)",500,NULL,NULL,NULL,NULL,NULL,NULL,NULL,NULL,"SEE EQUIPMENT DETAILS - PARTS TAB OR WRITE IN PARTS USED:
","CHANGE ENGINE OIL & FILTER
CHANGE AIR FILTER
CHANGE FUEL FILTER
",1288,NULL,40,NULL,NULL,2697,79314e85-3993-4f06-9709-af1a686f1d48
36781,53418,"2026-08-04 05:17:45",1,0,1,"500 HR SERVICE (GROUND HEATER)",500,NULL,NULL,NULL,NULL,NULL,NULL,NULL,NULL,"SEE EQUIPMENT DETAILS - PARTS TAB OR WRITE IN PARTS USED:
","CHANGE ENGINE OIL & FILTER
CHANGE AIR FILTER
CHANGE FUEL FILTER

*HOUR METER = GENSET & OIL
**ODOMETER METER = BURNER & PUMPS (WRITE IN NOTES)",1288,NULL,40,NULL,47801,2697,51b1e8c7-c3d4-4b9e-8fad-27678395a895
35437,53423,"2026-07-30 19:27:22",1,0,1,"250 HR SERVICE (WELDER MILLER 400)",250,NULL,NULL,NULL,NULL,NULL,NULL,NULL,NULL,"SEE EQUIPMENT DETAILS - PARTS TAB OR WRITE IN PARTS USED:

","CHANGE ENGINE OIL & FILTER
REPLACE FUEL FILTER(S)
INSPECT/REPLACE AIR FILTER

CHECK ALTERNATOR OUTPUT
CHECK BATTERY CONDITION
INSPECT COOLING SYSTEM
INSPECT ENGINE MOUNTS
INSPECT EXHAUST SYSTEM
CHECK FOR OIL LEAKS
CHECK FOR FUEL LEAKS
INSPECT WELD LEADS
INSPECT ELECTRODE HOLDER
INSPECT GROUND CLAMP
CHECK AC/DC OUTPUT
VERIFY AUXILIARY POWER OUTPUT
CLEAN MACHINE INTERIOR
REMOVE DEBRIS FROM COOLING SYSTEM
OPERATIONAL TEST
",1288,NULL,30,NULL,48347,2678,0227ce09-e73b-4861-a710-f595e24cbe91
35526,53423,"2026-07-30 20:34:02",3,0,1,"CALIBRATION - (WELDER) - 365 DAY",NULL,365,NULL,NULL,NULL,NULL,NULL,NULL,NULL,,"SUBMIT WEVR PAPERWORK. WORK ORDER WILL NOT CLOSE UNLESS PAPERWORK IS CORRECT & SUBMITTED.",1288,7,NULL,NULL,NULL,2755,f5d29214-94b8-435d-a5da-5b84dc46ada1
35587,53423,"2026-07-30 20:38:59",3,0,1,"CALIBRATION - (WELDER) - 90 DAY",NULL,90,NULL,NULL,NULL,NULL,NULL,NULL,NULL,,"SUBMIT WEVR PAPERWORK. WORK ORDER WILL NOT CLOSE UNLESS PAPERWORK IS CORRECT & SUBMITTED.",1288,7,NULL,NULL,NULL,2756,908449bb-3b2e-4692-959c-2dbd428cf794
36731,53429,"2026-07-31 18:38:26",1,0,1,"500 HR SERVICE (UNDERBRIDGE PLATFORM)",500,NULL,NULL,NULL,NULL,NULL,NULL,NULL,NULL,"SEE EQUIPMENT DETAILS - PARTS TAB OR WRITE IN PARTS USED:

","CHANGE OIL AND FILTER
CHANGE FUEL FILTER
CHANGE AIR FILTER",1288,NULL,40,NULL,47855,2731,717d22b4-c800-405d-997c-a1e3390d9772
35436,53432,"2026-07-30 19:27:22",1,0,1,"250 HR SERVICE (WELDER MILLER 400)",250,NULL,NULL,NULL,NULL,NULL,NULL,NULL,NULL,"SEE EQUIPMENT DETAILS - PARTS TAB OR WRITE IN PARTS USED:

","CHANGE ENGINE OIL & FILTER
REPLACE FUEL FILTER(S)
INSPECT/REPLACE AIR FILTER

CHECK ALTERNATOR OUTPUT
CHECK BATTERY CONDITION
INSPECT COOLING SYSTEM
INSPECT ENGINE MOUNTS
INSPECT EXHAUST SYSTEM
CHECK FOR OIL LEAKS
CHECK FOR FUEL LEAKS
INSPECT WELD LEADS
INSPECT ELECTRODE HOLDER
INSPECT GROUND CLAMP
CHECK AC/DC OUTPUT
VERIFY AUXILIARY POWER OUTPUT
CLEAN MACHINE INTERIOR
REMOVE DEBRIS FROM COOLING SYSTEM
OPERATIONAL TEST
",1288,NULL,30,NULL,48344,2678,aab84724-3107-4c7c-aba5-9a1a6a678db3
35525,53432,"2026-07-30 20:34:02",3,0,1,"CALIBRATION - (WELDER) - 365 DAY",NULL,365,NULL,NULL,NULL,NULL,NULL,NULL,NULL,,"SUBMIT WEVR PAPERWORK. WORK ORDER WILL NOT CLOSE UNLESS PAPERWORK IS CORRECT & SUBMITTED.",1288,7,NULL,NULL,NULL,2755,58217163-2489-4749-a838-a11459c7e751
35586,53432,"2026-07-30 20:38:58",3,0,1,"CALIBRATION - (WELDER) - 90 DAY",NULL,90,NULL,NULL,NULL,NULL,NULL,NULL,NULL,,"SUBMIT WEVR PAPERWORK. WORK ORDER WILL NOT CLOSE UNLESS PAPERWORK IS CORRECT & SUBMITTED.",1288,7,NULL,NULL,NULL,2756,49a58459-4fba-496e-a5ad-f74563f3f7ad
35425,53433,"2026-07-30 19:19:45",1,1,0,"500 HR SERVICE (WELDER STUD)",500,NULL,NULL,NULL,NULL,NULL,NULL,NULL,NULL,"SEE EQUIPMENT DETAILS - PARTS TAB OR WRITE IN PARTS USED:
","CHANGE ENGINE OIL & FILTER
CHANGE AIR FILTER
CHANGE FUEL FILTER
INSPECT WELD CABLES
CLEAN COLLET/CHUCK & ELECTRODE TIP
INSPECT GROUND CLAMP
INSPECT AIR LINES
CLEAN AND LUBRICATE
INSPECT GUN SPRINGS
VERIFY STUDS WELDED
",1288,NULL,40,NULL,NULL,2736,00f36ef5-dea4-42d6-bb69-842c09500708
35482,53433,"2026-07-30 19:46:59",1,0,1,"500 HR SERVICE (WELDER STUD)",500,NULL,NULL,NULL,NULL,NULL,NULL,NULL,NULL,"SEE EQUIPMENT DETAILS - PARTS TAB OR WRITE IN PARTS USED:
","CHANGE ENGINE OIL & FILTER
CHANGE AIR FILTER
CHANGE FUEL FILTER
INSPECT WELD CABLES
CLEAN COLLET/CHUCK & ELECTRODE TIP
INSPECT GROUND CLAMP
INSPECT AIR LINES
CLEAN AND LUBRICATE
INSPECT GUN SPRINGS
*VERIFY STUDS WELDED* CONFIRM IN NOTES.
",1288,NULL,40,NULL,47800,2736,f8a22a3c-45d1-467f-af36-f9ea351f41ff
35439,53437,"2026-07-30 19:27:24",1,0,1,"250 HR SERVICE (WELDER MILLER 400)",250,NULL,NULL,NULL,NULL,NULL,NULL,NULL,NULL,"SEE EQUIPMENT DETAILS - PARTS TAB OR WRITE IN PARTS USED:

","CHANGE ENGINE OIL & FILTER
REPLACE FUEL FILTER(S)
INSPECT/REPLACE AIR FILTER

CHECK ALTERNATOR OUTPUT
CHECK BATTERY CONDITION
INSPECT COOLING SYSTEM
INSPECT ENGINE MOUNTS
INSPECT EXHAUST SYSTEM
CHECK FOR OIL LEAKS
CHECK FOR FUEL LEAKS
INSPECT WELD LEADS
INSPECT ELECTRODE HOLDER
INSPECT GROUND CLAMP
CHECK AC/DC OUTPUT
VERIFY AUXILIARY POWER OUTPUT
CLEAN MACHINE INTERIOR
REMOVE DEBRIS FROM COOLING SYSTEM
OPERATIONAL TEST
",1288,NULL,30,NULL,48350,2678,31e46955-53e0-4c75-ad05-f449fd09bf58
35528,53437,"2026-07-30 20:34:04",3,0,1,"CALIBRATION - (WELDER) - 365 DAY",NULL,365,NULL,NULL,NULL,NULL,NULL,NULL,NULL,,"SUBMIT WEVR PAPERWORK. WORK ORDER WILL NOT CLOSE UNLESS PAPERWORK IS CORRECT & SUBMITTED.",1288,7,NULL,NULL,NULL,2755,6cb66dc9-643b-47d4-ad0f-2a6a01275b52
35589,53437,"2026-07-30 20:39:00",3,0,1,"CALIBRATION - (WELDER) - 90 DAY",NULL,90,NULL,NULL,NULL,NULL,NULL,NULL,NULL,,"SUBMIT WEVR PAPERWORK. WORK ORDER WILL NOT CLOSE UNLESS PAPERWORK IS CORRECT & SUBMITTED.",1288,7,NULL,NULL,NULL,2756,7dd30c79-ad15-4c69-a5ce-8cd03dd2b057
37206,53439,"2026-08-18 18:45:26",3,0,1,"3 MONTH SERVICE (EXCITER OIL CHANGE)",NULL,90,NULL,NULL,NULL,NULL,NULL,NULL,NULL,"SEE EQUIPMENT DETAILS - PARTS TAB OR WRITE IN PARTS USED:
","INSPECT/CHANGE EXCITER OIL EVERY 50 EXCITER (DRIVE) HRS - SERVICE SET TO 3 MONTHS TO CHECK. RECORDED AS MILEAGE.",1288,5,NULL,NULL,49030,2679,24a5df75-1ad7-4034-89a2-753f0d5e5efc
37216,53439,"2026-08-18 18:50:31",1,0,1,"500 HR SERVICE (VIBRO DRIVER/EXTRACTOR - POWER UNIT)",500,NULL,NULL,NULL,NULL,NULL,NULL,NULL,NULL,"SEE EQUIPMENT DETAILS - PARTS TAB OR WRITE IN PARTS USED:
","CHANGE ENGINE OIL & FILTER
CHANGE AIR FILTER
CHANGE FUEL FILTER
CHANGE HYD FILTERS
SAMPLE HYDRAULIC FLUID

HOUR METER IS FOR POWER UNIT HOURS.",1288,NULL,40,NULL,49029,2734,c3aff0e0-8b06-4424-8a3b-89b0104ef430
35444,53441,"2026-07-30 19:27:27",1,0,1,"250 HR SERVICE (WELDER MILLER 400)",250,NULL,NULL,NULL,NULL,NULL,NULL,NULL,NULL,"SEE EQUIPMENT DETAILS - PARTS TAB OR WRITE IN PARTS USED:

","CHANGE ENGINE OIL & FILTER
REPLACE FUEL FILTER(S)
INSPECT/REPLACE AIR FILTER

CHECK ALTERNATOR OUTPUT
CHECK BATTERY CONDITION
INSPECT COOLING SYSTEM
INSPECT ENGINE MOUNTS
INSPECT EXHAUST SYSTEM
CHECK FOR OIL LEAKS
CHECK FOR FUEL LEAKS
INSPECT WELD LEADS
INSPECT ELECTRODE HOLDER
INSPECT GROUND CLAMP
CHECK AC/DC OUTPUT
VERIFY AUXILIARY POWER OUTPUT
CLEAN MACHINE INTERIOR
REMOVE DEBRIS FROM COOLING SYSTEM
OPERATIONAL TEST
",1288,NULL,30,NULL,48357,2678,18532c0c-2f33-44a1-8d41-0cd468379b4b
35533,53441,"2026-07-30 20:34:07",3,0,1,"CALIBRATION - (WELDER) - 365 DAY",NULL,365,NULL,NULL,NULL,NULL,NULL,NULL,NULL,,"SUBMIT WEVR PAPERWORK. WORK ORDER WILL NOT CLOSE UNLESS PAPERWORK IS CORRECT & SUBMITTED.",1288,7,NULL,NULL,NULL,2755,b54db324-6054-4e6a-9063-75bdc648e92a
35594,53441,"2026-07-30 20:39:03",3,0,1,"CALIBRATION - (WELDER) - 90 DAY",NULL,90,NULL,NULL,NULL,NULL,NULL,NULL,NULL,,"SUBMIT WEVR PAPERWORK. WORK ORDER WILL NOT CLOSE UNLESS PAPERWORK IS CORRECT & SUBMITTED.",1288,7,NULL,NULL,NULL,2756,ca59f450-f762-4eef-aa81-044b24292539
34498,53446,"2026-07-29 19:15:47",1,0,1,"100 HR SERVICE (WELDER MILLER 302)",100,NULL,NULL,NULL,NULL,NULL,NULL,NULL,NULL,"SEE EQUIPMENT DETAILS - PARTS TAB OR WRITE IN PARTS USED:
","CHANGE ENGINE OIL & FILTER
REPLACE FUEL FILTER(S)
INSPECT/REPLACE AIR FILTER

CHECK ALTERNATOR OUTPUT
CHECK BATTERY CONDITION
INSPECT COOLING SYSTEM
INSPECT ENGINE MOUNTS
INSPECT EXHAUST SYSTEM
CHECK FOR OIL LEAKS
CHECK FOR FUEL LEAKS
INSPECT WELD LEADS
INSPECT ELECTRODE HOLDER
INSPECT GROUND CLAMP
CHECK AC/DC OUTPUT
VERIFY AUXILIARY POWER OUTPUT
CLEAN MACHINE INTERIOR
REMOVE DEBRIS FROM COOLING SYSTEM
OPERATIONAL TEST
",1288,NULL,10,NULL,47803,2571,20c239d6-190f-4b64-b349-155806807103
35431,53446,"2026-07-30 19:27:10",1,1,0,"250 HR SERVICE (WELDER MILLER 400)",250,NULL,NULL,NULL,NULL,NULL,NULL,NULL,NULL,"SEE EQUIPMENT DETAILS - PARTS TAB OR WRITE IN PARTS USED:

","CHANGE ENGINE OIL & FILTER
REPLACE FUEL FILTER(S)
INSPECT/REPLACE AIR FILTER

CHECK ALTERNATOR OUTPUT
CHECK BATTERY CONDITION
INSPECT COOLING SYSTEM
INSPECT ENGINE MOUNTS
INSPECT EXHAUST SYSTEM
CHECK FOR OIL LEAKS
CHECK FOR FUEL LEAKS
INSPECT WELD LEADS
INSPECT ELECTRODE HOLDER
INSPECT GROUND CLAMP
CHECK AC/DC OUTPUT
VERIFY AUXILIARY POWER OUTPUT
CLEAN MACHINE INTERIOR
REMOVE DEBRIS FROM COOLING SYSTEM
OPERATIONAL TEST
",1288,NULL,30,NULL,NULL,2678,9298ee04-195c-4b76-9e6a-35e375489d65
35484,53446,"2026-07-30 19:48:58",3,1,0,"CALIBRATION - (WELDER) - 365 DAY",NULL,365,NULL,NULL,NULL,NULL,NULL,NULL,NULL,,"SUBMIT WEVR PAPERWORK. WORK ORDER WILL NOT CLOSE UNLESS PAPERWORK IS CORRECT & SUBMITTED.",1288,7,NULL,NULL,NULL,2755,3eb424f9-e2b0-4247-9aa5-b9ec91e6464b
35489,53446,"2026-07-30 20:24:21",3,1,0,"CALIBRATION - (WELDER) - 365 DAY",NULL,365,NULL,NULL,NULL,NULL,NULL,NULL,NULL,,"SUBMIT WEVR PAPERWORK. WORK ORDER WILL NOT CLOSE UNLESS PAPERWORK IS CORRECT & SUBMITTED.",1288,7,NULL,NULL,NULL,2755,a9f6e0fe-c71c-46ac-88e2-cc13672190c9
35507,53446,"2026-07-30 20:31:24",3,0,1,"CALIBRATION - (WELDER) - 365 DAY",NULL,365,NULL,NULL,NULL,NULL,NULL,NULL,NULL,,"SUBMIT WEVR PAPERWORK. WORK ORDER WILL NOT CLOSE UNLESS PAPERWORK IS CORRECT & SUBMITTED.",1288,7,NULL,NULL,NULL,2755,4b88ea3d-fa41-4508-acab-e82d1224590e
35567,53446,"2026-07-30 20:38:33",3,0,1,"CALIBRATION - (WELDER) - 90 DAY",NULL,90,NULL,NULL,NULL,NULL,NULL,NULL,NULL,,"SUBMIT WEVR PAPERWORK. WORK ORDER WILL NOT CLOSE UNLESS PAPERWORK IS CORRECT & SUBMITTED.",1288,7,NULL,NULL,NULL,2756,161c1181-6d2f-4445-9ba8-ba9c5997fc5e
35434,53447,"2026-07-30 19:27:21",1,0,1,"250 HR SERVICE (WELDER MILLER 400)",250,NULL,NULL,NULL,NULL,NULL,NULL,NULL,NULL,"SEE EQUIPMENT DETAILS - PARTS TAB OR WRITE IN PARTS USED:

","CHANGE ENGINE OIL & FILTER
REPLACE FUEL FILTER(S)
INSPECT/REPLACE AIR FILTER

CHECK ALTERNATOR OUTPUT
CHECK BATTERY CONDITION
INSPECT COOLING SYSTEM
INSPECT ENGINE MOUNTS
INSPECT EXHAUST SYSTEM
CHECK FOR OIL LEAKS
CHECK FOR FUEL LEAKS
INSPECT WELD LEADS
INSPECT ELECTRODE HOLDER
INSPECT GROUND CLAMP
CHECK AC/DC OUTPUT
VERIFY AUXILIARY POWER OUTPUT
CLEAN MACHINE INTERIOR
REMOVE DEBRIS FROM COOLING SYSTEM
OPERATIONAL TEST
",1288,NULL,30,NULL,48341,2678,cce85edd-1c83-40c8-b2d1-ae588af4c5d7
35523,53447,"2026-07-30 20:33:25",3,0,1,"CALIBRATION - (WELDER) - 365 DAY",NULL,365,NULL,NULL,NULL,NULL,NULL,NULL,NULL,,"SUBMIT WEVR PAPERWORK. WORK ORDER WILL NOT CLOSE UNLESS PAPERWORK IS CORRECT & SUBMITTED.",1288,7,NULL,NULL,NULL,2755,cad07bf4-8ce5-4b76-bf09-e5f00b053905
35584,53447,"2026-07-30 20:38:54",3,0,1,"CALIBRATION - (WELDER) - 90 DAY",NULL,90,NULL,NULL,NULL,NULL,NULL,NULL,NULL,,"SUBMIT WEVR PAPERWORK. WORK ORDER WILL NOT CLOSE UNLESS PAPERWORK IS CORRECT & SUBMITTED.",1288,7,NULL,NULL,NULL,2756,744a4dd0-5a88-4302-b2ec-83b957af8494
35981,53449,"2026-07-31 15:57:22",1,0,1,"500 HR SERVICE (PRESSURE WASHER)",500,NULL,NULL,NULL,NULL,NULL,NULL,NULL,NULL,"SEE EQUIPMENT DETAILS - PARTS TAB OR WRITE IN PARTS USED:
","CHANGE ENGINE OIL & FILTER
REPLACE AIR FILTER
REPLACE FUEL FILTER
SPARK PLUG CLEANING & REPLACEMENT
INSPECT & CLEAN MUFFLER (AND SPARK ARRESTOR IF EQUIPPED)",1288,NULL,40,NULL,NULL,2723,f3664194-b6cd-4c6b-bf77-9d76b768c44f
35988,53449,"2026-07-31 15:58:01",4,0,1,"INITIAL 40 HR BREAK-IN SERVICE (PRESSURE WASHER)",NULL,NULL,NULL,NULL,NULL,NULL,NULL,40,NULL,"SEE EQUIPMENT DETAILS - PARTS TAB OR WRITE IN PARTS USED:
","CHANGE PUMP OIL AFTER INITIAL 40 HOURS OF USE",1288,NULL,5,NULL,NULL,2761,160aaa4a-61c2-4aa6-b9ab-1eabb29e3699
34510,53450,"2026-07-29 19:16:03",1,0,1,"100 HR SERVICE (WELDER MILLER 302)",100,NULL,NULL,NULL,NULL,NULL,NULL,NULL,NULL,"SEE EQUIPMENT DETAILS - PARTS TAB OR WRITE IN PARTS USED:
","CHANGE ENGINE OIL & FILTER
REPLACE FUEL FILTER(S)
INSPECT/REPLACE AIR FILTER

CHECK ALTERNATOR OUTPUT
CHECK BATTERY CONDITION
INSPECT COOLING SYSTEM
INSPECT ENGINE MOUNTS
INSPECT EXHAUST SYSTEM
CHECK FOR OIL LEAKS
CHECK FOR FUEL LEAKS
INSPECT WELD LEADS
INSPECT ELECTRODE HOLDER
INSPECT GROUND CLAMP
CHECK AC/DC OUTPUT
VERIFY AUXILIARY POWER OUTPUT
CLEAN MACHINE INTERIOR
REMOVE DEBRIS FROM COOLING SYSTEM
OPERATIONAL TEST
",1288,NULL,10,NULL,48331,2571,d4d2e3bf-5260-4172-b5ad-e1c9495912b0
35501,53450,"2026-07-30 20:24:38",3,1,0,"CALIBRATION - (WELDER) - 365 DAY",NULL,365,NULL,NULL,NULL,NULL,NULL,NULL,NULL,,"SUBMIT WEVR PAPERWORK. WORK ORDER WILL NOT CLOSE UNLESS PAPERWORK IS CORRECT & SUBMITTED.",1288,7,NULL,NULL,NULL,2755,552f14d3-b684-4ccc-868f-a560bd748fcb
35518,53450,"2026-07-30 20:31:33",3,0,1,"CALIBRATION - (WELDER) - 365 DAY",NULL,365,NULL,NULL,NULL,NULL,NULL,NULL,NULL,,"SUBMIT WEVR PAPERWORK. WORK ORDER WILL NOT CLOSE UNLESS PAPERWORK IS CORRECT & SUBMITTED.",1288,7,NULL,NULL,NULL,2755,9cad5cbe-ef3c-4a5a-be89-5eac0f1145f0
35578,53450,"2026-07-30 20:38:50",3,0,1,"CALIBRATION - (WELDER) - 90 DAY",NULL,90,NULL,NULL,NULL,NULL,NULL,NULL,NULL,,"SUBMIT WEVR PAPERWORK. WORK ORDER WILL NOT CLOSE UNLESS PAPERWORK IS CORRECT & SUBMITTED.",1288,7,NULL,NULL,NULL,2756,f1d0b46d-1433-4505-a862-b1ab5f80c1fa
34501,53452,"2026-07-29 19:15:57",1,0,1,"100 HR SERVICE (WELDER MILLER 302)",100,NULL,NULL,NULL,NULL,NULL,NULL,NULL,NULL,"SEE EQUIPMENT DETAILS - PARTS TAB OR WRITE IN PARTS USED:
","CHANGE ENGINE OIL & FILTER
REPLACE FUEL FILTER(S)
INSPECT/REPLACE AIR FILTER

CHECK ALTERNATOR OUTPUT
CHECK BATTERY CONDITION
INSPECT COOLING SYSTEM
INSPECT ENGINE MOUNTS
INSPECT EXHAUST SYSTEM
CHECK FOR OIL LEAKS
CHECK FOR FUEL LEAKS
INSPECT WELD LEADS
INSPECT ELECTRODE HOLDER
INSPECT GROUND CLAMP
CHECK AC/DC OUTPUT
VERIFY AUXILIARY POWER OUTPUT
CLEAN MACHINE INTERIOR
REMOVE DEBRIS FROM COOLING SYSTEM
OPERATIONAL TEST
",1288,NULL,10,NULL,48324,2571,58f8ec28-1b7f-4942-8e9c-36a928c26072
35487,53452,"2026-07-30 19:49:00",3,1,0,"CALIBRATION - (WELDER) - 365 DAY",NULL,365,NULL,NULL,NULL,NULL,NULL,NULL,NULL,,"SUBMIT WEVR PAPERWORK. WORK ORDER WILL NOT CLOSE UNLESS PAPERWORK IS CORRECT & SUBMITTED.",1288,7,NULL,NULL,NULL,2755,13110622-47bc-4891-8ce2-5a39030fa8ee
35493,53452,"2026-07-30 20:24:33",3,1,0,"CALIBRATION - (WELDER) - 365 DAY",NULL,365,NULL,NULL,NULL,NULL,NULL,NULL,NULL,,"SUBMIT WEVR PAPERWORK. WORK ORDER WILL NOT CLOSE UNLESS PAPERWORK IS CORRECT & SUBMITTED.",1288,7,NULL,NULL,NULL,2755,4ccba797-5e4f-4236-8c26-3bdecbfb362d
35510,53452,"2026-07-30 20:31:26",3,0,1,"CALIBRATION - (WELDER) - 365 DAY",NULL,365,NULL,NULL,NULL,NULL,NULL,NULL,NULL,,"SUBMIT WEVR PAPERWORK. WORK ORDER WILL NOT CLOSE UNLESS PAPERWORK IS CORRECT & SUBMITTED.",1288,7,NULL,NULL,NULL,2755,bb883302-5611-4755-9d7a-5313c8b55203
35570,53452,"2026-07-30 20:38:34",3,0,1,"CALIBRATION - (WELDER) - 90 DAY",NULL,90,NULL,NULL,NULL,NULL,NULL,NULL,NULL,,"SUBMIT WEVR PAPERWORK. WORK ORDER WILL NOT CLOSE UNLESS PAPERWORK IS CORRECT & SUBMITTED.",1288,7,NULL,NULL,NULL,2756,ad85ef3c-67db-40f8-b6a5-4734afa56ec8
34378,53453,"2026-07-27 02:48:39",3,0,1,"1 YEAR SERVICE (BEAM LAUNCHER)",NULL,365,NULL,NULL,NULL,NULL,NULL,NULL,NULL,"SEE EQUIPMENT DETAILS - PARTS TAB OR WRITE IN PARTS USED:

","CHANGE BOLTS AND INSPECT
",1288,7,NULL,NULL,47848,2566,6a040922-65d4-40f1-b214-faa0f22e0e65
34933,53473,"2026-07-30 15:57:45",1,0,1,"1000 HR SERVICE (INDUSTRIAL FORKLIFT)",1000,NULL,NULL,NULL,NULL,NULL,NULL,NULL,NULL,"SEE EQUIPMENT DETAILS - PARTS TAB OR WRITE IN PARTS USED:
","INCLUDES ALL 500 HR TASKS
REPLACE HYD FILTER
REPLACE FUEL FILTERS(S)
REPLACE OR INSPECT AIR FILTER
INSPECT TRANSMISSION CONDITION
CHECK WHEEL BEARINGS
",1288,NULL,40,NULL,47873,2597,b0231a1b-6a73-4229-8a23-5bc2fd594549
34937,53473,"2026-07-30 15:58:53",1,0,1,"2000 HR SERVICE (INDUSTRIAL FORKLIFT)",2000,NULL,NULL,NULL,NULL,NULL,NULL,NULL,NULL,"SEE EQUIPMENT DETAILS - PARTS TAB OR WRITE IN PARTS USED:
","INCLUDES ALL 1000 HR TASKS
SAMPLE HYDRAULIC OIL
FLUSH/REPLACE COOLANT AS NEEDED
CHANGE TRANSMISSION OIL
CHANGE DIFFERENTIAL/DRIVE AXLE OIL",1288,NULL,40,NULL,47874,2644,0dc92514-f43c-42f8-a2b0-0d0173cc6eee
34949,53473,"2026-07-30 15:59:38",1,0,1,"500 HR SERVICE (INDUSTRIAL FORKLIFT)",500,NULL,NULL,NULL,NULL,NULL,NULL,NULL,NULL,"SEE EQUIPMENT DETAILS - PARTS TAB OR WRITE IN PARTS USED:
","CHANGE ENGINE OIL & FILTER
CHANGE FUEL FILTERS
CHANGE AIR FILTERS
CHECK HYDRAULIC OIL
CHECK BRAKE FLUID
TEST HORN, LIGHTS, BACKUP ALARM, AND SAFETY DEVICES
CLEAN BATTERY TERMINALS
INSPECT BELTS, HOSES, AND CLAMPS
LUBRICATE MAST RAILS AND ROLLERS
INSPECT FORKS
INSPECT CARRIAGE
CHECK BRAKES
GREASE

",1288,NULL,40,NULL,47875,2709,bd0ad248-c6e5-4397-9f13-45f548830e93
34509,53478,"2026-07-29 19:16:03",1,0,1,"100 HR SERVICE (WELDER MILLER 302)",100,NULL,NULL,NULL,NULL,NULL,NULL,NULL,NULL,"SEE EQUIPMENT DETAILS - PARTS TAB OR WRITE IN PARTS USED:
","CHANGE ENGINE OIL & FILTER
REPLACE FUEL FILTER(S)
INSPECT/REPLACE AIR FILTER

CHECK ALTERNATOR OUTPUT
CHECK BATTERY CONDITION
INSPECT COOLING SYSTEM
INSPECT ENGINE MOUNTS
INSPECT EXHAUST SYSTEM
CHECK FOR OIL LEAKS
CHECK FOR FUEL LEAKS
INSPECT WELD LEADS
INSPECT ELECTRODE HOLDER
INSPECT GROUND CLAMP
CHECK AC/DC OUTPUT
VERIFY AUXILIARY POWER OUTPUT
CLEAN MACHINE INTERIOR
REMOVE DEBRIS FROM COOLING SYSTEM
OPERATIONAL TEST
",1288,NULL,10,NULL,48330,2571,96b94cef-4b6a-4dcf-ba9a-cf457d34be6d
35500,53478,"2026-07-30 20:24:38",3,1,0,"CALIBRATION - (WELDER) - 365 DAY",NULL,365,NULL,NULL,NULL,NULL,NULL,NULL,NULL,,"SUBMIT WEVR PAPERWORK. WORK ORDER WILL NOT CLOSE UNLESS PAPERWORK IS CORRECT & SUBMITTED.",1288,7,NULL,NULL,NULL,2755,7d26fec3-a04d-459f-81e8-d1add355e8b6
35517,53478,"2026-07-30 20:31:33",3,0,1,"CALIBRATION - (WELDER) - 365 DAY",NULL,365,NULL,NULL,NULL,NULL,NULL,NULL,NULL,,"SUBMIT WEVR PAPERWORK. WORK ORDER WILL NOT CLOSE UNLESS PAPERWORK IS CORRECT & SUBMITTED.",1288,7,NULL,NULL,NULL,2755,77b13f1e-4e6b-4ae8-8fcb-305d599c7426
35577,53478,"2026-07-30 20:38:49",3,0,1,"CALIBRATION - (WELDER) - 90 DAY",NULL,90,NULL,NULL,NULL,NULL,NULL,NULL,NULL,,"SUBMIT WEVR PAPERWORK. WORK ORDER WILL NOT CLOSE UNLESS PAPERWORK IS CORRECT & SUBMITTED.",1288,7,NULL,NULL,NULL,2756,c09073fe-8c23-403e-876c-2f35d68f3982
34497,53497,"2026-07-29 19:15:46",1,1,0,"100 HR SERVICE (WELDER MILLER 302)",100,NULL,NULL,NULL,NULL,NULL,NULL,NULL,NULL,"SEE EQUIPMENT DETAILS - PARTS TAB OR WRITE IN PARTS USED:
","CHANGE ENGINE OIL & FILTER
REPLACE FUEL FILTER(S)
INSPECT/REPLACE AIR FILTER

CHECK ALTERNATOR OUTPUT
CHECK BATTERY CONDITION
INSPECT COOLING SYSTEM
INSPECT ENGINE MOUNTS
INSPECT EXHAUST SYSTEM
CHECK FOR OIL LEAKS
CHECK FOR FUEL LEAKS
INSPECT WELD LEADS
INSPECT ELECTRODE HOLDER
INSPECT GROUND CLAMP
CHECK AC/DC OUTPUT
VERIFY AUXILIARY POWER OUTPUT
CLEAN MACHINE INTERIOR
REMOVE DEBRIS FROM COOLING SYSTEM
OPERATIONAL TEST
",1288,NULL,10,NULL,NULL,2571,d214fefe-53b6-4bb8-8d6e-08ba728fa3bd
35426,53497,"2026-07-30 19:25:14",1,1,0,"200 HR SERVICE (WELDER BOBCAT 225/250/265)",200,NULL,NULL,NULL,NULL,NULL,NULL,NULL,NULL,"SEE EQUIPMENT DETAILS - PARTS TAB OR WRITE IN PARTS USED:

","CHANGE ENGINE OIL & FILTER
REPLACE FUEL FILTER(S)
INSPECT/REPLACE AIR FILTER

CHECK ALTERNATOR OUTPUT
CHECK BATTERY CONDITION
INSPECT COOLING SYSTEM
INSPECT ENGINE MOUNTS
INSPECT EXHAUST SYSTEM
CHECK FOR OIL LEAKS
CHECK FOR FUEL LEAKS
INSPECT WELD LEADS
INSPECT ELECTRODE HOLDER
INSPECT GROUND CLAMP
CHECK AC/DC OUTPUT
VERIFY AUXILIARY POWER OUTPUT
CLEAN MACHINE INTERIOR
REMOVE DEBRIS FROM COOLING SYSTEM
OPERATIONAL TEST",1288,NULL,30,NULL,NULL,2628,6172f144-86e2-4a25-a816-c2a18c77e4d0
35430,53497,"2026-07-30 19:27:08",1,1,0,"250 HR SERVICE (WELDER MILLER 400)",250,NULL,NULL,NULL,NULL,NULL,NULL,NULL,NULL,"SEE EQUIPMENT DETAILS - PARTS TAB OR WRITE IN PARTS USED:

","CHANGE ENGINE OIL & FILTER
REPLACE FUEL FILTER(S)
INSPECT/REPLACE AIR FILTER

CHECK ALTERNATOR OUTPUT
CHECK BATTERY CONDITION
INSPECT COOLING SYSTEM
INSPECT ENGINE MOUNTS
INSPECT EXHAUST SYSTEM
CHECK FOR OIL LEAKS
CHECK FOR FUEL LEAKS
INSPECT WELD LEADS
INSPECT ELECTRODE HOLDER
INSPECT GROUND CLAMP
CHECK AC/DC OUTPUT
VERIFY AUXILIARY POWER OUTPUT
CLEAN MACHINE INTERIOR
REMOVE DEBRIS FROM COOLING SYSTEM
OPERATIONAL TEST
",1288,NULL,30,NULL,NULL,2678,02021292-2f21-44f1-b748-bc7099ad660f
35481,53497,"2026-07-30 19:41:57",2,0,1,"200 HR SERVICE (WELDER BOBCAT 250 KUBOTA DIESEL)",NULL,NULL,200,NULL,NULL,NULL,NULL,NULL,NULL,"SEE EQUIPMENT DETAILS - PARTS TAB OR WRITE IN PARTS USED:","CHANGE ENGINE OIL & FILTER
REPLACE FUEL FILTER(S)
INSPECT/REPLACE AIR FILTER

CHECK ALTERNATOR OUTPUT
CHECK BATTERY CONDITION
INSPECT COOLING SYSTEM
INSPECT ENGINE MOUNTS
INSPECT EXHAUST SYSTEM
CHECK FOR OIL LEAKS
CHECK FOR FUEL LEAKS
INSPECT WELD LEADS
INSPECT ELECTRODE HOLDER
INSPECT GROUND CLAMP
CHECK AC/DC OUTPUT
VERIFY AUXILIARY POWER OUTPUT
CLEAN MACHINE INTERIOR
REMOVE DEBRIS FROM COOLING SYSTEM
OPERATIONAL TEST
",16222,NULL,NULL,30,NULL,2775,e5132ad4-9d36-428c-88fe-68ee9b85d15e
35483,53497,"2026-07-30 19:48:57",3,1,0,"CALIBRATION - (WELDER) - 365 DAY",NULL,365,NULL,NULL,NULL,NULL,NULL,NULL,NULL,,"SUBMIT WEVR PAPERWORK. WORK ORDER WILL NOT CLOSE UNLESS PAPERWORK IS CORRECT & SUBMITTED.",1288,7,NULL,NULL,NULL,2755,f814b839-53ca-4525-bbd8-d30786d83249
35491,53497,"2026-07-30 20:24:31",3,1,0,"CALIBRATION - (WELDER) - 365 DAY",NULL,365,NULL,NULL,NULL,NULL,NULL,NULL,NULL,,"SUBMIT WEVR PAPERWORK. WORK ORDER WILL NOT CLOSE UNLESS PAPERWORK IS CORRECT & SUBMITTED.",1288,7,NULL,NULL,NULL,2755,adb68c28-a231-439f-b0d4-8825c6adf57d
35506,53497,"2026-07-30 20:31:23",3,0,1,"CALIBRATION - (WELDER) - 365 DAY",NULL,365,NULL,NULL,NULL,NULL,NULL,NULL,NULL,,"SUBMIT WEVR PAPERWORK. WORK ORDER WILL NOT CLOSE UNLESS PAPERWORK IS CORRECT & SUBMITTED.",1288,7,NULL,NULL,48407,2755,1ec780d8-67a5-41c8-8c13-179609ace9ff
35566,53497,"2026-07-30 20:38:32",3,0,1,"CALIBRATION - (WELDER) - 90 DAY",NULL,90,NULL,NULL,NULL,NULL,NULL,NULL,NULL,,"SUBMIT WEVR PAPERWORK. WORK ORDER WILL NOT CLOSE UNLESS PAPERWORK IS CORRECT & SUBMITTED.",1288,7,NULL,NULL,48406,2756,505f279d-fd85-4a0b-b28d-c14a00862306
35427,53500,"2026-07-30 19:25:30",1,1,0,"200 HR SERVICE (WELDER BOBCAT 225/250/265)",200,NULL,NULL,NULL,NULL,NULL,NULL,NULL,NULL,"SEE EQUIPMENT DETAILS - PARTS TAB OR WRITE IN PARTS USED:

","CHANGE ENGINE OIL & FILTER
REPLACE FUEL FILTER(S)
INSPECT/REPLACE AIR FILTER

CHECK ALTERNATOR OUTPUT
CHECK BATTERY CONDITION
INSPECT COOLING SYSTEM
INSPECT ENGINE MOUNTS
INSPECT EXHAUST SYSTEM
CHECK FOR OIL LEAKS
CHECK FOR FUEL LEAKS
INSPECT WELD LEADS
INSPECT ELECTRODE HOLDER
INSPECT GROUND CLAMP
CHECK AC/DC OUTPUT
VERIFY AUXILIARY POWER OUTPUT
CLEAN MACHINE INTERIOR
REMOVE DEBRIS FROM COOLING SYSTEM
OPERATIONAL TEST",1288,NULL,30,NULL,NULL,2628,cc9d0bb0-bc7a-4d4e-abdb-122c97e967b1
35478,53500,"2026-07-30 19:38:27",1,0,1,"200 HR SERVICE (WELDER MILLER BOBCAT 225/265)",200,NULL,NULL,NULL,NULL,NULL,NULL,NULL,NULL,"SEE EQUIPMENT DETAILS - PARTS TAB OR WRITE IN PARTS USED:

","CHANGE ENGINE OIL & FILTER
REPLACE FUEL FILTER(S)
INSPECT/REPLACE AIR FILTER

CHECK ALTERNATOR OUTPUT
CHECK BATTERY CONDITION
INSPECT COOLING SYSTEM
INSPECT ENGINE MOUNTS
INSPECT EXHAUST SYSTEM
CHECK FOR OIL LEAKS
CHECK FOR FUEL LEAKS
INSPECT WELD LEADS
INSPECT ELECTRODE HOLDER
INSPECT GROUND CLAMP
CHECK AC/DC OUTPUT
VERIFY AUXILIARY POWER OUTPUT
CLEAN MACHINE INTERIOR
REMOVE DEBRIS FROM COOLING SYSTEM
OPERATIONAL TEST",1288,NULL,30,NULL,47807,2628,d939f007-8ef0-49b3-a36f-0afe48d94a25
36733,53503,"2026-07-31 18:43:31",1,0,1,"500 HR SERVICE (UTILITY-LAYMOR/TOOLCAT)",500,NULL,NULL,NULL,NULL,NULL,NULL,NULL,NULL,"SEE EQUIPMENT DETAILS - PARTS TAB OR WRITE IN PARTS USED:","CHANGE ENGINE OIL & FILTER
CHANGE AIR FILTER(S)
CHANGE FUEL FILTER(S)
",1288,NULL,40,NULL,47890,2732,dbc0da10-d031-41ab-8d4a-ba6ac2e3a686
34503,53511,"2026-07-29 19:15:58",1,0,1,"100 HR SERVICE (WELDER MILLER 302)",100,NULL,NULL,NULL,NULL,NULL,NULL,NULL,NULL,"SEE EQUIPMENT DETAILS - PARTS TAB OR WRITE IN PARTS USED:
","CHANGE ENGINE OIL & FILTER
REPLACE FUEL FILTER(S)
INSPECT/REPLACE AIR FILTER

CHECK ALTERNATOR OUTPUT
CHECK BATTERY CONDITION
INSPECT COOLING SYSTEM
INSPECT ENGINE MOUNTS
INSPECT EXHAUST SYSTEM
CHECK FOR OIL LEAKS
CHECK FOR FUEL LEAKS
INSPECT WELD LEADS
INSPECT ELECTRODE HOLDER
INSPECT GROUND CLAMP
CHECK AC/DC OUTPUT
VERIFY AUXILIARY POWER OUTPUT
CLEAN MACHINE INTERIOR
REMOVE DEBRIS FROM COOLING SYSTEM
OPERATIONAL TEST
",1288,NULL,10,NULL,48326,2571,a587b68d-94e0-4212-a65c-1087a84d44e9
35495,53511,"2026-07-30 20:24:35",3,1,0,"CALIBRATION - (WELDER) - 365 DAY",NULL,365,NULL,NULL,NULL,NULL,NULL,NULL,NULL,,"SUBMIT WEVR PAPERWORK. WORK ORDER WILL NOT CLOSE UNLESS PAPERWORK IS CORRECT & SUBMITTED.",1288,7,NULL,NULL,NULL,2755,2c7d5440-b277-4978-8dd6-dc534bc0c06c
35512,53511,"2026-07-30 20:31:27",3,0,1,"CALIBRATION - (WELDER) - 365 DAY",NULL,365,NULL,NULL,NULL,NULL,NULL,NULL,NULL,,"SUBMIT WEVR PAPERWORK. WORK ORDER WILL NOT CLOSE UNLESS PAPERWORK IS CORRECT & SUBMITTED.",1288,7,NULL,NULL,NULL,2755,f2051649-3edf-4479-9a39-67d8177b1527
35572,53511,"2026-07-30 20:38:35",3,0,1,"CALIBRATION - (WELDER) - 90 DAY",NULL,90,NULL,NULL,NULL,NULL,NULL,NULL,NULL,,"SUBMIT WEVR PAPERWORK. WORK ORDER WILL NOT CLOSE UNLESS PAPERWORK IS CORRECT & SUBMITTED.",1288,7,NULL,NULL,NULL,2756,5aefff17-e545-44ef-8f97-eef7549840c7
35441,53518,"2026-07-30 19:27:25",1,0,1,"250 HR SERVICE (WELDER MILLER 400)",250,NULL,NULL,NULL,NULL,NULL,NULL,NULL,NULL,"SEE EQUIPMENT DETAILS - PARTS TAB OR WRITE IN PARTS USED:

","CHANGE ENGINE OIL & FILTER
REPLACE FUEL FILTER(S)
INSPECT/REPLACE AIR FILTER

CHECK ALTERNATOR OUTPUT
CHECK BATTERY CONDITION
INSPECT COOLING SYSTEM
INSPECT ENGINE MOUNTS
INSPECT EXHAUST SYSTEM
CHECK FOR OIL LEAKS
CHECK FOR FUEL LEAKS
INSPECT WELD LEADS
INSPECT ELECTRODE HOLDER
INSPECT GROUND CLAMP
CHECK AC/DC OUTPUT
VERIFY AUXILIARY POWER OUTPUT
CLEAN MACHINE INTERIOR
REMOVE DEBRIS FROM COOLING SYSTEM
OPERATIONAL TEST
",1288,NULL,30,NULL,48353,2678,e395c446-94dc-4178-be64-e789df2d9307
35530,53518,"2026-07-30 20:34:05",3,0,1,"CALIBRATION - (WELDER) - 365 DAY",NULL,365,NULL,NULL,NULL,NULL,NULL,NULL,NULL,,"SUBMIT WEVR PAPERWORK. WORK ORDER WILL NOT CLOSE UNLESS PAPERWORK IS CORRECT & SUBMITTED.",1288,7,NULL,NULL,NULL,2755,b2ee1e2c-35a3-4be6-85a1-c555dd9f58d7
35591,53518,"2026-07-30 20:39:01",3,0,1,"CALIBRATION - (WELDER) - 90 DAY",NULL,90,NULL,NULL,NULL,NULL,NULL,NULL,NULL,,"SUBMIT WEVR PAPERWORK. WORK ORDER WILL NOT CLOSE UNLESS PAPERWORK IS CORRECT & SUBMITTED.",1288,7,NULL,NULL,NULL,2756,6420da07-c4e0-4635-8d8c-53476cc0ccec
34442,53524,"2026-07-28 02:21:29",1,0,1,"1000 HR SERVICE (HYD WINCH)",1000,NULL,NULL,NULL,NULL,NULL,NULL,NULL,NULL,"SEE EQUIPMENT DETAILS - PARTS TAB OR WRITE IN PARTS USED:
","COMPLETE ALL 500 HOUR ITEMS
CHANGE HYDRAULIC FLUID
CHANGE WINCH OILS
",1288,NULL,40,NULL,NULL,2596,1cfa9651-29b4-45ae-9ff7-cf70e826dec6
34452,53524,"2026-07-28 02:21:52",1,0,1,"500 HR SERVICE (HYD WINCH)",500,NULL,NULL,NULL,NULL,NULL,NULL,NULL,NULL,"SEE EQUIPMENT DETAILS - PARTS TAB OR WRITE IN PARTS USED:
","CHANGE OIL & FILTER
CHANGE FUEL FILTERS
CHANGE AIR FILTERS
",1288,NULL,40,NULL,47879,2708,8a451bb0-5160-44f2-8987-2adbc7d11a82
34513,53529,"2026-07-29 19:16:05",1,0,1,"100 HR SERVICE (WELDER MILLER 302)",100,NULL,NULL,NULL,NULL,NULL,NULL,NULL,NULL,"SEE EQUIPMENT DETAILS - PARTS TAB OR WRITE IN PARTS USED:
","CHANGE ENGINE OIL & FILTER
REPLACE FUEL FILTER(S)
INSPECT/REPLACE AIR FILTER

CHECK ALTERNATOR OUTPUT
CHECK BATTERY CONDITION
INSPECT COOLING SYSTEM
INSPECT ENGINE MOUNTS
INSPECT EXHAUST SYSTEM
CHECK FOR OIL LEAKS
CHECK FOR FUEL LEAKS
INSPECT WELD LEADS
INSPECT ELECTRODE HOLDER
INSPECT GROUND CLAMP
CHECK AC/DC OUTPUT
VERIFY AUXILIARY POWER OUTPUT
CLEAN MACHINE INTERIOR
REMOVE DEBRIS FROM COOLING SYSTEM
OPERATIONAL TEST
",1288,NULL,10,NULL,48334,2571,37f0b1a2-0274-4e10-89f5-01c0dbfbb035
35504,53529,"2026-07-30 20:24:40",3,1,0,"CALIBRATION - (WELDER) - 365 DAY",NULL,365,NULL,NULL,NULL,NULL,NULL,NULL,NULL,,"SUBMIT WEVR PAPERWORK. WORK ORDER WILL NOT CLOSE UNLESS PAPERWORK IS CORRECT & SUBMITTED.",1288,7,NULL,NULL,NULL,2755,cf5a7192-5e83-4072-9544-36a9eb2676c1
35521,53529,"2026-07-30 20:31:55",3,0,1,"CALIBRATION - (WELDER) - 365 DAY",NULL,365,NULL,NULL,NULL,NULL,NULL,NULL,NULL,,"SUBMIT WEVR PAPERWORK. WORK ORDER WILL NOT CLOSE UNLESS PAPERWORK IS CORRECT & SUBMITTED.",1288,7,NULL,NULL,NULL,2755,db7ecce9-78a6-4691-8cba-978dc3504ba8
35581,53529,"2026-07-30 20:38:51",3,0,1,"CALIBRATION - (WELDER) - 90 DAY",NULL,90,NULL,NULL,NULL,NULL,NULL,NULL,NULL,,"SUBMIT WEVR PAPERWORK. WORK ORDER WILL NOT CLOSE UNLESS PAPERWORK IS CORRECT & SUBMITTED.",1288,7,NULL,NULL,NULL,2756,0c90eb15-9cf4-4bd7-a4bc-b2a171fad5f4
34406,53530,"2026-07-27 02:56:35",3,0,1,"1 YEAR SERVICE (HYD PUMP RR JACKING SYSTEM)",NULL,365,NULL,NULL,NULL,NULL,NULL,NULL,NULL,"SEE EQUIPMENT DETAILS - PARTS TAB OR WRITE IN PARTS USED:

","CHANGE OIL AND FILTER
CHANGE AIR FILTER
CHANGE FUEL FILTERS
CHANGE HYD FILTERS
",1288,5,NULL,NULL,47847,2569,4b6e2600-c650-42d2-9bc7-6e2da20672f1
34440,53533,"2026-07-28 02:21:28",1,0,1,"1000 HR SERVICE (HYD WINCH)",1000,NULL,NULL,NULL,NULL,NULL,NULL,NULL,NULL,"SEE EQUIPMENT DETAILS - PARTS TAB OR WRITE IN PARTS USED:
","COMPLETE ALL 500 HOUR ITEMS
CHANGE HYDRAULIC FLUID
CHANGE WINCH OILS
",1288,NULL,40,NULL,47851,2596,06f5c858-9e65-48d9-9723-5213d42ab0a1
34450,53533,"2026-07-28 02:21:51",1,0,1,"500 HR SERVICE (HYD WINCH)",500,NULL,NULL,NULL,NULL,NULL,NULL,NULL,NULL,"SEE EQUIPMENT DETAILS - PARTS TAB OR WRITE IN PARTS USED:
","CHANGE OIL & FILTER
CHANGE FUEL FILTERS
CHANGE AIR FILTERS
",1288,NULL,40,NULL,47850,2708,a332b705-631d-4c6e-9474-76a5a75f7954
35980,53539,"2026-07-31 15:57:22",1,0,1,"500 HR SERVICE (PRESSURE WASHER)",500,NULL,NULL,NULL,NULL,NULL,NULL,NULL,NULL,"SEE EQUIPMENT DETAILS - PARTS TAB OR WRITE IN PARTS USED:
","CHANGE ENGINE OIL & FILTER
REPLACE AIR FILTER
REPLACE FUEL FILTER
SPARK PLUG CLEANING & REPLACEMENT
INSPECT & CLEAN MUFFLER (AND SPARK ARRESTOR IF EQUIPPED)",1288,NULL,40,NULL,NULL,2723,d18c7944-e45a-4def-894e-af406cca3f6b
35987,53539,"2026-07-31 15:58:00",4,0,1,"INITIAL 40 HR BREAK-IN SERVICE (PRESSURE WASHER)",NULL,NULL,NULL,NULL,NULL,NULL,NULL,40,NULL,"SEE EQUIPMENT DETAILS - PARTS TAB OR WRITE IN PARTS USED:
","CHANGE PUMP OIL AFTER INITIAL 40 HOURS OF USE",1288,NULL,5,NULL,NULL,2761,345656ac-32d8-46e0-829f-4c94dbceea2c
36936,53543,"2026-08-04 06:17:26",1,0,1,"500 HR SERVICE (RENTAL CRANE)",500,NULL,NULL,NULL,NULL,NULL,NULL,NULL,NULL,,"PERFORM 500 HR SERVICE
- CHANGE OIL & FILTER
- CHANGE AIR FILTERS
- CHANGE FUEL FILTERS",16222,NULL,40,NULL,48136,2783,9e05a169-5b20-4854-9d06-a3c430b59eb7
34507,53547,"2026-07-29 19:16:01",1,0,1,"100 HR SERVICE (WELDER MILLER 302)",100,NULL,NULL,NULL,NULL,NULL,NULL,NULL,NULL,"SEE EQUIPMENT DETAILS - PARTS TAB OR WRITE IN PARTS USED:
","CHANGE ENGINE OIL & FILTER
REPLACE FUEL FILTER(S)
INSPECT/REPLACE AIR FILTER

CHECK ALTERNATOR OUTPUT
CHECK BATTERY CONDITION
INSPECT COOLING SYSTEM
INSPECT ENGINE MOUNTS
INSPECT EXHAUST SYSTEM
CHECK FOR OIL LEAKS
CHECK FOR FUEL LEAKS
INSPECT WELD LEADS
INSPECT ELECTRODE HOLDER
INSPECT GROUND CLAMP
CHECK AC/DC OUTPUT
VERIFY AUXILIARY POWER OUTPUT
CLEAN MACHINE INTERIOR
REMOVE DEBRIS FROM COOLING SYSTEM
OPERATIONAL TEST
",1288,NULL,10,NULL,NULL,2571,ab8042ac-a4d1-47da-be70-a5b2477fc796
34564,53548,"2026-07-29 19:42:38",1,0,1,"1000 HR SERVICE (AIR COMPRESSOR)",1000,NULL,NULL,NULL,NULL,NULL,NULL,NULL,NULL,"SEE EQUIPMENT DETAILS - PARTS TAB OR WRITE IN PARTS USED:

","INCLUDES ALL 500 HR TASKS
REPLACE SEPARATOR ELEMENT
INSPECT COOLER
CHECK COMPRESSOR OUTPUT
",1288,NULL,40,NULL,NULL,2573,d1c10ded-0e3d-43e1-900c-186ce3237ea7
35839,53548,"2026-07-31 15:40:23",1,0,1,"2000 HR SERVICE (AIR COMPRESSOR)",2000,NULL,NULL,NULL,NULL,NULL,NULL,NULL,NULL,"SEE EQUIPMENT DETAILS - PARTS TAB OR WRITE IN PARTS USED:
","INCLUDES ALL 1000 HR TASKS
SAMPLE COMPRESSOR OIL
REPLACE COOLANT

",1288,NULL,40,NULL,NULL,2630,f8c1696c-6822-4eff-a5a7-27cf785a05fa
35871,53548,"2026-07-31 15:40:55",1,0,1,"500 HR SERVICE (AIR COMPRESSOR)",500,NULL,NULL,NULL,NULL,NULL,NULL,NULL,NULL,"SEE EQUIPMENT DETAILS - PARTS TAB OR WRITE IN PARTS USED:
","CHANGE ENGINE OIL & FILTER
CHANGE AIR FILTER
CHANGE FUEL FILTER
CHECK HOSES
CHECK SAFETY VALVE
",1288,NULL,40,NULL,47696,2681,c8d22b53-16f6-42cd-85cc-2c0aceb9099e
34514,53550,"2026-07-29 19:16:59",1,0,1,"100 HR SERVICE (WELDER MILLER 302)",100,NULL,NULL,NULL,NULL,NULL,NULL,NULL,NULL,"SEE EQUIPMENT DETAILS - PARTS TAB OR WRITE IN PARTS USED:
","CHANGE ENGINE OIL & FILTER
REPLACE FUEL FILTER(S)
INSPECT/REPLACE AIR FILTER

CHECK ALTERNATOR OUTPUT
CHECK BATTERY CONDITION
INSPECT COOLING SYSTEM
INSPECT ENGINE MOUNTS
INSPECT EXHAUST SYSTEM
CHECK FOR OIL LEAKS
CHECK FOR FUEL LEAKS
INSPECT WELD LEADS
INSPECT ELECTRODE HOLDER
INSPECT GROUND CLAMP
CHECK AC/DC OUTPUT
VERIFY AUXILIARY POWER OUTPUT
CLEAN MACHINE INTERIOR
REMOVE DEBRIS FROM COOLING SYSTEM
OPERATIONAL TEST
",1288,NULL,10,NULL,NULL,2571,66ee135c-3b8f-4a44-a151-776edc992dcd
35534,53550,"2026-07-30 20:35:08",3,0,1,"CALIBRATION - (WELDER) - 365 DAY",NULL,365,NULL,NULL,NULL,NULL,NULL,NULL,NULL,,"SUBMIT WEVR PAPERWORK. WORK ORDER WILL NOT CLOSE UNLESS PAPERWORK IS CORRECT & SUBMITTED.",1288,7,NULL,NULL,NULL,2755,5ca1940f-9668-42f2-abd7-db865fe7307a
35595,53550,"2026-07-30 20:39:06",3,0,1,"CALIBRATION - (WELDER) - 90 DAY",NULL,90,NULL,NULL,NULL,NULL,NULL,NULL,NULL,,"SUBMIT WEVR PAPERWORK. WORK ORDER WILL NOT CLOSE UNLESS PAPERWORK IS CORRECT & SUBMITTED.",1288,7,NULL,NULL,NULL,2756,19892bd1-b1f6-4a59-b4fd-ce561ef35b0d
34515,53564,"2026-07-29 19:20:56",1,0,1,"1000 HR SERVICE (6" HYD WATER PUMP)",1000,NULL,NULL,NULL,NULL,NULL,NULL,NULL,NULL,"SEE EQUIPMENT DETAILS - PARTS TAB OR WRITE IN PARTS USED:
","INCLUDES ALL 500 HR TASKS
CHECK VALVE COVER FOR LEAKS
INSPECT COOLING SYSTEM
SAMPLE COOLANT",1288,NULL,40,NULL,47864,2572,e5545cf0-f25d-4d04-8bc5-22e7534c608e
34516,53564,"2026-07-29 19:21:13",1,0,1,"2000 HR SERVICE (6" HYD WATER PUMP)",2000,NULL,NULL,NULL,NULL,NULL,NULL,NULL,NULL,"SEE EQUIPMENT DETAILS - PARTS TAB OR WRITE IN PARTS USED:
","INCLUDES ALL 1000 HR TASKS
SAMPLE/CHANGE HYDRAULIC OIL
",1288,NULL,40,NULL,47865,2629,3247fa84-7f7e-4a05-a19b-717199965b20
34517,53564,"2026-07-29 19:21:44",1,0,1,"500 HR SERVICE (6" HYD WATER PUMP)",500,NULL,NULL,NULL,NULL,NULL,NULL,NULL,NULL,"SEE EQUIPMENT DETAILS - PARTS TAB OR WRITE IN PARTS USED:
","CHANGE ENGINE OIL & FILTER
CHANGE FUEL FILTER
CHANGE AIR FILTER
CHANGE HYD RETURN FILTER
INSPECT BELTS",1288,NULL,40,NULL,47866,2680,4336dd8d-e343-49e2-b770-add48762622e
35435,53567,"2026-07-30 19:27:21",1,0,1,"250 HR SERVICE (WELDER MILLER 400)",250,NULL,NULL,NULL,NULL,NULL,NULL,NULL,NULL,"SEE EQUIPMENT DETAILS - PARTS TAB OR WRITE IN PARTS USED:

","CHANGE ENGINE OIL & FILTER
REPLACE FUEL FILTER(S)
INSPECT/REPLACE AIR FILTER

CHECK ALTERNATOR OUTPUT
CHECK BATTERY CONDITION
INSPECT COOLING SYSTEM
INSPECT ENGINE MOUNTS
INSPECT EXHAUST SYSTEM
CHECK FOR OIL LEAKS
CHECK FOR FUEL LEAKS
INSPECT WELD LEADS
INSPECT ELECTRODE HOLDER
INSPECT GROUND CLAMP
CHECK AC/DC OUTPUT
VERIFY AUXILIARY POWER OUTPUT
CLEAN MACHINE INTERIOR
REMOVE DEBRIS FROM COOLING SYSTEM
OPERATIONAL TEST
",1288,NULL,30,NULL,48343,2678,2f992aab-27b2-4989-9520-4a8db14f9cb5
35524,53567,"2026-07-30 20:33:26",3,0,1,"CALIBRATION - (WELDER) - 365 DAY",NULL,365,NULL,NULL,NULL,NULL,NULL,NULL,NULL,,"SUBMIT WEVR PAPERWORK. WORK ORDER WILL NOT CLOSE UNLESS PAPERWORK IS CORRECT & SUBMITTED.",1288,7,NULL,NULL,NULL,2755,fbaa29e6-5627-4f52-bac4-a40d18ae7b3e
35585,53567,"2026-07-30 20:38:55",3,0,1,"CALIBRATION - (WELDER) - 90 DAY",NULL,90,NULL,NULL,NULL,NULL,NULL,NULL,NULL,,"SUBMIT WEVR PAPERWORK. WORK ORDER WILL NOT CLOSE UNLESS PAPERWORK IS CORRECT & SUBMITTED.",1288,7,NULL,NULL,NULL,2756,673c7e30-0b39-4399-a001-42f4bf293997
36777,53573,"2026-08-04 04:46:09",3,0,1,"ANNUAL - H-INSPECTION",NULL,365,NULL,NULL,NULL,NULL,NULL,NULL,NULL,,"HI-RAIL INSPECTION. 3RD PARTY PAPERWORK REQUIRED FOR CLOSE OUT.",1288,30,NULL,NULL,48403,2751,7863e091-7753-48d0-a90b-446109acc49a
34926,53578,"2026-07-30 15:55:56",1,0,1,"1000 HR SERVICE (INDUSTRIAL FORKLIFT)",1000,NULL,NULL,NULL,NULL,NULL,NULL,NULL,NULL,"SEE EQUIPMENT DETAILS - PARTS TAB OR WRITE IN PARTS USED:
","INCLUDES ALL 500 HR TASKS
REPLACE HYD FILTER
REPLACE FUEL FILTERS(S)
REPLACE OR INSPECT AIR FILTER
INSPECT TRANSMISSION CONDITION
CHECK WHEEL BEARINGS
",1288,NULL,40,NULL,47870,2597,73832b7b-7c02-4ceb-9ea1-b5ee2d2eee5b
34940,53578,"2026-07-30 15:59:00",1,0,1,"2000 HR SERVICE (INDUSTRIAL FORKLIFT)",2000,NULL,NULL,NULL,NULL,NULL,NULL,NULL,NULL,"SEE EQUIPMENT DETAILS - PARTS TAB OR WRITE IN PARTS USED:
","INCLUDES ALL 1000 HR TASKS
SAMPLE HYDRAULIC OIL
FLUSH/REPLACE COOLANT AS NEEDED
CHANGE TRANSMISSION OIL
CHANGE DIFFERENTIAL/DRIVE AXLE OIL",1288,NULL,40,NULL,47871,2644,557522f2-9531-4dea-af7c-1d84609be547
34944,53578,"2026-07-30 15:59:30",1,0,1,"500 HR SERVICE (INDUSTRIAL FORKLIFT)",500,NULL,NULL,NULL,NULL,NULL,NULL,NULL,NULL,"SEE EQUIPMENT DETAILS - PARTS TAB OR WRITE IN PARTS USED:
","CHANGE ENGINE OIL & FILTER
CHANGE FUEL FILTERS
CHANGE AIR FILTERS
CHECK HYDRAULIC OIL
CHECK BRAKE FLUID
TEST HORN, LIGHTS, BACKUP ALARM, AND SAFETY DEVICES
CLEAN BATTERY TERMINALS
INSPECT BELTS, HOSES, AND CLAMPS
LUBRICATE MAST RAILS AND ROLLERS
INSPECT FORKS
INSPECT CARRIAGE
CHECK BRAKES
GREASE

",1288,NULL,40,NULL,47872,2709,1cd84809-7eab-41e7-bdf5-007f199809f5
35438,53582,"2026-07-30 19:27:23",1,0,1,"250 HR SERVICE (WELDER MILLER 400)",250,NULL,NULL,NULL,NULL,NULL,NULL,NULL,NULL,"SEE EQUIPMENT DETAILS - PARTS TAB OR WRITE IN PARTS USED:

","CHANGE ENGINE OIL & FILTER
REPLACE FUEL FILTER(S)
INSPECT/REPLACE AIR FILTER

CHECK ALTERNATOR OUTPUT
CHECK BATTERY CONDITION
INSPECT COOLING SYSTEM
INSPECT ENGINE MOUNTS
INSPECT EXHAUST SYSTEM
CHECK FOR OIL LEAKS
CHECK FOR FUEL LEAKS
INSPECT WELD LEADS
INSPECT ELECTRODE HOLDER
INSPECT GROUND CLAMP
CHECK AC/DC OUTPUT
VERIFY AUXILIARY POWER OUTPUT
CLEAN MACHINE INTERIOR
REMOVE DEBRIS FROM COOLING SYSTEM
OPERATIONAL TEST
",1288,NULL,30,NULL,48348,2678,11fee098-8efa-481d-9469-b6cca1c5f426
35527,53582,"2026-07-30 20:34:03",3,0,1,"CALIBRATION - (WELDER) - 365 DAY",NULL,365,NULL,NULL,NULL,NULL,NULL,NULL,NULL,,"SUBMIT WEVR PAPERWORK. WORK ORDER WILL NOT CLOSE UNLESS PAPERWORK IS CORRECT & SUBMITTED.",1288,7,NULL,NULL,NULL,2755,54181e07-9b92-49b9-a06a-44ec797c3cfd
35588,53582,"2026-07-30 20:38:59",3,0,1,"CALIBRATION - (WELDER) - 90 DAY",NULL,90,NULL,NULL,NULL,NULL,NULL,NULL,NULL,,"SUBMIT WEVR PAPERWORK. WORK ORDER WILL NOT CLOSE UNLESS PAPERWORK IS CORRECT & SUBMITTED.",1288,7,NULL,NULL,NULL,2756,c5f89823-2f19-41a2-ac41-50939c5dd1d7
34379,53583,"2026-07-27 02:50:40",3,0,1,"1 YEAR SERVICE (BIDWELL)",NULL,365,NULL,NULL,NULL,NULL,NULL,NULL,NULL,"SEE EQUIPMENT DETAILS - PARTS TAB OR WRITE IN PARTS USED:

","CHANGE OIL AND FILTER
CHANGE AIR FILTER
CHANGE FUEL FILTERS
CHANGE HYD FILTERS",1288,7,NULL,NULL,47841,2567,1f11d51e-592e-4928-8a02-93fa2a0946d7
34508,53586,"2026-07-29 19:16:02",1,0,1,"100 HR SERVICE (WELDER MILLER 302)",100,NULL,NULL,NULL,NULL,NULL,NULL,NULL,NULL,"SEE EQUIPMENT DETAILS - PARTS TAB OR WRITE IN PARTS USED:
","CHANGE ENGINE OIL & FILTER
REPLACE FUEL FILTER(S)
INSPECT/REPLACE AIR FILTER

CHECK ALTERNATOR OUTPUT
CHECK BATTERY CONDITION
INSPECT COOLING SYSTEM
INSPECT ENGINE MOUNTS
INSPECT EXHAUST SYSTEM
CHECK FOR OIL LEAKS
CHECK FOR FUEL LEAKS
INSPECT WELD LEADS
INSPECT ELECTRODE HOLDER
INSPECT GROUND CLAMP
CHECK AC/DC OUTPUT
VERIFY AUXILIARY POWER OUTPUT
CLEAN MACHINE INTERIOR
REMOVE DEBRIS FROM COOLING SYSTEM
OPERATIONAL TEST
",1288,NULL,10,NULL,NULL,2571,d6081230-2264-46e4-a64c-8c0febe491e1
35499,53586,"2026-07-30 20:24:37",3,1,0,"CALIBRATION - (WELDER) - 365 DAY",NULL,365,NULL,NULL,NULL,NULL,NULL,NULL,NULL,,"SUBMIT WEVR PAPERWORK. WORK ORDER WILL NOT CLOSE UNLESS PAPERWORK IS CORRECT & SUBMITTED.",1288,7,NULL,NULL,NULL,2755,2250d96b-eadc-48f6-8c07-832bf13156b7
35516,53586,"2026-07-30 20:31:32",3,0,1,"CALIBRATION - (WELDER) - 365 DAY",NULL,365,NULL,NULL,NULL,NULL,NULL,NULL,NULL,,"SUBMIT WEVR PAPERWORK. WORK ORDER WILL NOT CLOSE UNLESS PAPERWORK IS CORRECT & SUBMITTED.",1288,7,NULL,NULL,NULL,2755,6e508ac7-7fff-4cbd-8f88-66eb64be0188
35576,53586,"2026-07-30 20:38:49",3,0,1,"CALIBRATION - (WELDER) - 90 DAY",NULL,90,NULL,NULL,NULL,NULL,NULL,NULL,NULL,,"SUBMIT WEVR PAPERWORK. WORK ORDER WILL NOT CLOSE UNLESS PAPERWORK IS CORRECT & SUBMITTED.",1288,7,NULL,NULL,NULL,2756,2022fd70-5c03-48de-be66-3d2a63090d39
36723,53590,"2026-07-31 18:36:45",1,1,0,"500 HR SERVICE (GROUND HEATER)",500,NULL,NULL,NULL,NULL,NULL,NULL,NULL,NULL,"SEE EQUIPMENT DETAILS - PARTS TAB OR WRITE IN PARTS USED:
","CHANGE ENGINE OIL & FILTER
CHANGE AIR FILTER
CHANGE FUEL FILTER
",1288,NULL,40,NULL,NULL,2697,55d1cd1d-656c-4dbd-902b-1e430bdbc0c4
36783,53590,"2026-08-04 05:17:46",1,0,1,"500 HR SERVICE (GROUND HEATER)",500,NULL,NULL,NULL,NULL,NULL,NULL,NULL,NULL,"SEE EQUIPMENT DETAILS - PARTS TAB OR WRITE IN PARTS USED:
","CHANGE ENGINE OIL & FILTER
CHANGE AIR FILTER
CHANGE FUEL FILTER

*HOUR METER = GENSET & OIL
**ODOMETER METER = BURNER & PUMPS (WRITE IN NOTES)",1288,NULL,40,NULL,47804,2697,097a2599-54c9-4925-b987-84479aeb61b9
34407,53597,"2026-07-27 02:56:36",3,0,1,"1 YEAR SERVICE (HYD PUMP RR JACKING SYSTEM)",NULL,365,NULL,NULL,NULL,NULL,NULL,NULL,NULL,"SEE EQUIPMENT DETAILS - PARTS TAB OR WRITE IN PARTS USED:

","CHANGE OIL AND FILTER
CHANGE AIR FILTER
CHANGE FUEL FILTERS
CHANGE HYD FILTERS
",1288,5,NULL,NULL,48396,2569,347fe249-2afb-4c54-a0a0-697ae5a40176
35979,53605,"2026-07-31 15:57:21",1,0,1,"500 HR SERVICE (PRESSURE WASHER)",500,NULL,NULL,NULL,NULL,NULL,NULL,NULL,NULL,"SEE EQUIPMENT DETAILS - PARTS TAB OR WRITE IN PARTS USED:
","CHANGE ENGINE OIL & FILTER
REPLACE AIR FILTER
REPLACE FUEL FILTER
SPARK PLUG CLEANING & REPLACEMENT
INSPECT & CLEAN MUFFLER (AND SPARK ARRESTOR IF EQUIPPED)",1288,NULL,40,NULL,NULL,2723,b21319d8-4b70-49ae-826e-1b5113c09d10
35986,53605,"2026-07-31 15:58:00",4,0,1,"INITIAL 40 HR BREAK-IN SERVICE (PRESSURE WASHER)",NULL,NULL,NULL,NULL,NULL,NULL,NULL,40,NULL,"SEE EQUIPMENT DETAILS - PARTS TAB OR WRITE IN PARTS USED:
","CHANGE PUMP OIL AFTER INITIAL 40 HOURS OF USE",1288,NULL,5,NULL,NULL,2761,5567d0c1-a004-4341-a398-f1b54ffcb599
36779,53609,"2026-08-04 04:46:19",3,0,1,"ANNUAL - H-INSPECTION",NULL,365,NULL,NULL,NULL,NULL,NULL,NULL,NULL,,"HI-RAIL INSPECTION. 3RD PARTY PAPERWORK REQUIRED FOR CLOSE OUT.",1288,30,NULL,NULL,48405,2751,7a3f4c08-4f09-41b1-88ee-62d89133e6f5
34502,53611,"2026-07-29 19:15:58",1,0,1,"100 HR SERVICE (WELDER MILLER 302)",100,NULL,NULL,NULL,NULL,NULL,NULL,NULL,NULL,"SEE EQUIPMENT DETAILS - PARTS TAB OR WRITE IN PARTS USED:
","CHANGE ENGINE OIL & FILTER
REPLACE FUEL FILTER(S)
INSPECT/REPLACE AIR FILTER

CHECK ALTERNATOR OUTPUT
CHECK BATTERY CONDITION
INSPECT COOLING SYSTEM
INSPECT ENGINE MOUNTS
INSPECT EXHAUST SYSTEM
CHECK FOR OIL LEAKS
CHECK FOR FUEL LEAKS
INSPECT WELD LEADS
INSPECT ELECTRODE HOLDER
INSPECT GROUND CLAMP
CHECK AC/DC OUTPUT
VERIFY AUXILIARY POWER OUTPUT
CLEAN MACHINE INTERIOR
REMOVE DEBRIS FROM COOLING SYSTEM
OPERATIONAL TEST
",1288,NULL,10,NULL,48325,2571,ddbfa6a4-7ee6-4af9-9a81-be4118cc7dd6
35494,53611,"2026-07-30 20:24:34",3,1,0,"CALIBRATION - (WELDER) - 365 DAY",NULL,365,NULL,NULL,NULL,NULL,NULL,NULL,NULL,,"SUBMIT WEVR PAPERWORK. WORK ORDER WILL NOT CLOSE UNLESS PAPERWORK IS CORRECT & SUBMITTED.",1288,7,NULL,NULL,NULL,2755,e1b7c5fe-f6b8-494a-9933-a7a3b251ded2
35511,53611,"2026-07-30 20:31:26",3,0,1,"CALIBRATION - (WELDER) - 365 DAY",NULL,365,NULL,NULL,NULL,NULL,NULL,NULL,NULL,,"SUBMIT WEVR PAPERWORK. WORK ORDER WILL NOT CLOSE UNLESS PAPERWORK IS CORRECT & SUBMITTED.",1288,7,NULL,NULL,NULL,2755,def914e1-6880-4bfd-8c0e-878c529091d5
35571,53611,"2026-07-30 20:38:34",3,0,1,"CALIBRATION - (WELDER) - 90 DAY",NULL,90,NULL,NULL,NULL,NULL,NULL,NULL,NULL,,"SUBMIT WEVR PAPERWORK. WORK ORDER WILL NOT CLOSE UNLESS PAPERWORK IS CORRECT & SUBMITTED.",1288,7,NULL,NULL,NULL,2756,94b52869-3d5a-4d14-acff-d65f0c5c9d06
36722,53614,"2026-07-31 18:36:45",1,1,0,"500 HR SERVICE (GROUND HEATER)",500,NULL,NULL,NULL,NULL,NULL,NULL,NULL,NULL,"SEE EQUIPMENT DETAILS - PARTS TAB OR WRITE IN PARTS USED:
","CHANGE ENGINE OIL & FILTER
CHANGE AIR FILTER
CHANGE FUEL FILTER
",1288,NULL,40,NULL,NULL,2697,94bbc6f9-a1da-4aa1-b0c6-7286b6ccb2e9
36782,53614,"2026-08-04 05:17:45",1,0,1,"500 HR SERVICE (GROUND HEATER)",500,NULL,NULL,NULL,NULL,NULL,NULL,NULL,NULL,"SEE EQUIPMENT DETAILS - PARTS TAB OR WRITE IN PARTS USED:
","CHANGE ENGINE OIL & FILTER
CHANGE AIR FILTER
CHANGE FUEL FILTER

*HOUR METER = GENSET & OIL
**ODOMETER METER = BURNER & PUMPS (WRITE IN NOTES)",1288,NULL,40,NULL,47802,2697,344fd175-6414-4fa3-9216-73fc719a4203
34499,53615,"2026-07-29 19:15:48",1,0,1,"100 HR SERVICE (WELDER MILLER 302)",100,NULL,NULL,NULL,NULL,NULL,NULL,NULL,NULL,"SEE EQUIPMENT DETAILS - PARTS TAB OR WRITE IN PARTS USED:
","CHANGE ENGINE OIL & FILTER
REPLACE FUEL FILTER(S)
INSPECT/REPLACE AIR FILTER

CHECK ALTERNATOR OUTPUT
CHECK BATTERY CONDITION
INSPECT COOLING SYSTEM
INSPECT ENGINE MOUNTS
INSPECT EXHAUST SYSTEM
CHECK FOR OIL LEAKS
CHECK FOR FUEL LEAKS
INSPECT WELD LEADS
INSPECT ELECTRODE HOLDER
INSPECT GROUND CLAMP
CHECK AC/DC OUTPUT
VERIFY AUXILIARY POWER OUTPUT
CLEAN MACHINE INTERIOR
REMOVE DEBRIS FROM COOLING SYSTEM
OPERATIONAL TEST
",1288,NULL,10,NULL,48321,2571,b56b4db4-b2a6-4c45-9cf3-bbcde8f35ced
35485,53615,"2026-07-30 19:48:58",3,1,0,"CALIBRATION - (WELDER) - 365 DAY",NULL,365,NULL,NULL,NULL,NULL,NULL,NULL,NULL,,"SUBMIT WEVR PAPERWORK. WORK ORDER WILL NOT CLOSE UNLESS PAPERWORK IS CORRECT & SUBMITTED.",1288,7,NULL,NULL,NULL,2755,f8c2e24e-6cee-4cba-b64a-f4f1182ea266
35490,53615,"2026-07-30 20:24:22",3,1,0,"CALIBRATION - (WELDER) - 365 DAY",NULL,365,NULL,NULL,NULL,NULL,NULL,NULL,NULL,,"SUBMIT WEVR PAPERWORK. WORK ORDER WILL NOT CLOSE UNLESS PAPERWORK IS CORRECT & SUBMITTED.",1288,7,NULL,NULL,NULL,2755,c7675e32-1167-4d77-97c0-dba972e38e4b
35508,53615,"2026-07-30 20:31:25",3,0,1,"CALIBRATION - (WELDER) - 365 DAY",NULL,365,NULL,NULL,NULL,NULL,NULL,NULL,NULL,,"SUBMIT WEVR PAPERWORK. WORK ORDER WILL NOT CLOSE UNLESS PAPERWORK IS CORRECT & SUBMITTED.",1288,7,NULL,NULL,NULL,2755,31a4e1ea-7ce5-4ca4-a393-6d3e5ca48713
35568,53615,"2026-07-30 20:38:33",3,0,1,"CALIBRATION - (WELDER) - 90 DAY",NULL,90,NULL,NULL,NULL,NULL,NULL,NULL,NULL,,"SUBMIT WEVR PAPERWORK. WORK ORDER WILL NOT CLOSE UNLESS PAPERWORK IS CORRECT & SUBMITTED.",1288,7,NULL,NULL,NULL,2756,33703aec-566a-4f65-ad0c-8486c838b49a
35442,53616,"2026-07-30 19:27:26",1,0,1,"250 HR SERVICE (WELDER MILLER 400)",250,NULL,NULL,NULL,NULL,NULL,NULL,NULL,NULL,"SEE EQUIPMENT DETAILS - PARTS TAB OR WRITE IN PARTS USED:

","CHANGE ENGINE OIL & FILTER
REPLACE FUEL FILTER(S)
INSPECT/REPLACE AIR FILTER

CHECK ALTERNATOR OUTPUT
CHECK BATTERY CONDITION
INSPECT COOLING SYSTEM
INSPECT ENGINE MOUNTS
INSPECT EXHAUST SYSTEM
CHECK FOR OIL LEAKS
CHECK FOR FUEL LEAKS
INSPECT WELD LEADS
INSPECT ELECTRODE HOLDER
INSPECT GROUND CLAMP
CHECK AC/DC OUTPUT
VERIFY AUXILIARY POWER OUTPUT
CLEAN MACHINE INTERIOR
REMOVE DEBRIS FROM COOLING SYSTEM
OPERATIONAL TEST
",1288,NULL,30,NULL,48354,2678,7d6cdb7c-1482-4813-8bd7-f96c6ca184aa
35531,53616,"2026-07-30 20:34:06",3,0,1,"CALIBRATION - (WELDER) - 365 DAY",NULL,365,NULL,NULL,NULL,NULL,NULL,NULL,NULL,,"SUBMIT WEVR PAPERWORK. WORK ORDER WILL NOT CLOSE UNLESS PAPERWORK IS CORRECT & SUBMITTED.",1288,7,NULL,NULL,NULL,2755,4d0b1130-9484-4471-a87f-db9f715aa3c9
35592,53616,"2026-07-30 20:39:02",3,0,1,"CALIBRATION - (WELDER) - 90 DAY",NULL,90,NULL,NULL,NULL,NULL,NULL,NULL,NULL,,"SUBMIT WEVR PAPERWORK. WORK ORDER WILL NOT CLOSE UNLESS PAPERWORK IS CORRECT & SUBMITTED.",1288,7,NULL,NULL,NULL,2756,aa24a69f-6351-4293-a607-a8be8a4afc7e
34570,53619,"2026-07-29 19:42:43",1,0,1,"1000 HR SERVICE (AIR COMPRESSOR)",1000,NULL,NULL,NULL,NULL,NULL,NULL,NULL,NULL,"SEE EQUIPMENT DETAILS - PARTS TAB OR WRITE IN PARTS USED:

","INCLUDES ALL 500 HR TASKS
REPLACE SEPARATOR ELEMENT
INSPECT COOLER
CHECK COMPRESSOR OUTPUT
",1288,NULL,40,NULL,NULL,2573,7fb03af3-f3d0-44b9-ac95-208371e7470e
35845,53619,"2026-07-31 15:40:26",1,0,1,"2000 HR SERVICE (AIR COMPRESSOR)",2000,NULL,NULL,NULL,NULL,NULL,NULL,NULL,NULL,"SEE EQUIPMENT DETAILS - PARTS TAB OR WRITE IN PARTS USED:
","INCLUDES ALL 1000 HR TASKS
SAMPLE COMPRESSOR OIL
REPLACE COOLANT

",1288,NULL,40,NULL,NULL,2630,fe0f5b1a-5a63-48e6-af1a-a67e72c29dd2
35877,53619,"2026-07-31 15:40:59",1,0,1,"500 HR SERVICE (AIR COMPRESSOR)",500,NULL,NULL,NULL,NULL,NULL,NULL,NULL,NULL,"SEE EQUIPMENT DETAILS - PARTS TAB OR WRITE IN PARTS USED:
","CHANGE ENGINE OIL & FILTER
CHANGE AIR FILTER
CHANGE FUEL FILTER
CHECK HOSES
CHECK SAFETY VALVE
",1288,NULL,40,NULL,47710,2681,c09d856d-17a4-4145-a438-0ffca94b0eeb
34381,53620,"2026-07-27 02:50:44",3,0,1,"1 YEAR SERVICE (BIDWELL)",NULL,365,NULL,NULL,NULL,NULL,NULL,NULL,NULL,"SEE EQUIPMENT DETAILS - PARTS TAB OR WRITE IN PARTS USED:

","CHANGE OIL AND FILTER
CHANGE AIR FILTER
CHANGE FUEL FILTERS
CHANGE HYD FILTERS",1288,7,NULL,NULL,NULL,2567,b5035a25-ecb8-490f-a3ad-87a20263c69c
34934,53628,"2026-07-30 15:57:45",1,0,1,"1000 HR SERVICE (INDUSTRIAL FORKLIFT)",1000,NULL,NULL,NULL,NULL,NULL,NULL,NULL,NULL,"SEE EQUIPMENT DETAILS - PARTS TAB OR WRITE IN PARTS USED:
","INCLUDES ALL 500 HR TASKS
REPLACE HYD FILTER
REPLACE FUEL FILTERS(S)
REPLACE OR INSPECT AIR FILTER
INSPECT TRANSMISSION CONDITION
CHECK WHEEL BEARINGS
",1288,NULL,40,NULL,47876,2597,6bf85343-d394-47cb-94bc-73b75c353895
34938,53628,"2026-07-30 15:58:54",1,0,1,"2000 HR SERVICE (INDUSTRIAL FORKLIFT)",2000,NULL,NULL,NULL,NULL,NULL,NULL,NULL,NULL,"SEE EQUIPMENT DETAILS - PARTS TAB OR WRITE IN PARTS USED:
","INCLUDES ALL 1000 HR TASKS
SAMPLE HYDRAULIC OIL
FLUSH/REPLACE COOLANT AS NEEDED
CHANGE TRANSMISSION OIL
CHANGE DIFFERENTIAL/DRIVE AXLE OIL",1288,NULL,40,NULL,47878,2644,44e7cf1a-b353-4d62-bec2-7e4ae21c3180
34950,53628,"2026-07-30 15:59:38",1,0,1,"500 HR SERVICE (INDUSTRIAL FORKLIFT)",500,NULL,NULL,NULL,NULL,NULL,NULL,NULL,NULL,"SEE EQUIPMENT DETAILS - PARTS TAB OR WRITE IN PARTS USED:
","CHANGE ENGINE OIL & FILTER
CHANGE FUEL FILTERS
CHANGE AIR FILTERS
CHECK HYDRAULIC OIL
CHECK BRAKE FLUID
TEST HORN, LIGHTS, BACKUP ALARM, AND SAFETY DEVICES
CLEAN BATTERY TERMINALS
INSPECT BELTS, HOSES, AND CLAMPS
LUBRICATE MAST RAILS AND ROLLERS
INSPECT FORKS
INSPECT CARRIAGE
CHECK BRAKES
GREASE

",1288,NULL,40,NULL,47877,2709,464f82da-eacd-4aeb-8e7e-7e05416224e6
34505,53633,"2026-07-29 19:16:00",1,0,1,"100 HR SERVICE (WELDER MILLER 302)",100,NULL,NULL,NULL,NULL,NULL,NULL,NULL,NULL,"SEE EQUIPMENT DETAILS - PARTS TAB OR WRITE IN PARTS USED:
","CHANGE ENGINE OIL & FILTER
REPLACE FUEL FILTER(S)
INSPECT/REPLACE AIR FILTER

CHECK ALTERNATOR OUTPUT
CHECK BATTERY CONDITION
INSPECT COOLING SYSTEM
INSPECT ENGINE MOUNTS
INSPECT EXHAUST SYSTEM
CHECK FOR OIL LEAKS
CHECK FOR FUEL LEAKS
INSPECT WELD LEADS
INSPECT ELECTRODE HOLDER
INSPECT GROUND CLAMP
CHECK AC/DC OUTPUT
VERIFY AUXILIARY POWER OUTPUT
CLEAN MACHINE INTERIOR
REMOVE DEBRIS FROM COOLING SYSTEM
OPERATIONAL TEST
",1288,NULL,10,NULL,48328,2571,f180d05b-862a-4b42-8726-b7a56b262070
35497,53633,"2026-07-30 20:24:36",3,1,0,"CALIBRATION - (WELDER) - 365 DAY",NULL,365,NULL,NULL,NULL,NULL,NULL,NULL,NULL,,"SUBMIT WEVR PAPERWORK. WORK ORDER WILL NOT CLOSE UNLESS PAPERWORK IS CORRECT & SUBMITTED.",1288,7,NULL,NULL,NULL,2755,1309f76e-398b-4acd-a260-de741c8721de
35514,53633,"2026-07-30 20:31:28",3,0,1,"CALIBRATION - (WELDER) - 365 DAY",NULL,365,NULL,NULL,NULL,NULL,NULL,NULL,NULL,,"SUBMIT WEVR PAPERWORK. WORK ORDER WILL NOT CLOSE UNLESS PAPERWORK IS CORRECT & SUBMITTED.",1288,7,NULL,NULL,NULL,2755,22c0d142-83b7-48c9-b904-991559e8e82c
35574,53633,"2026-07-30 20:38:36",3,0,1,"CALIBRATION - (WELDER) - 90 DAY",NULL,90,NULL,NULL,NULL,NULL,NULL,NULL,NULL,,"SUBMIT WEVR PAPERWORK. WORK ORDER WILL NOT CLOSE UNLESS PAPERWORK IS CORRECT & SUBMITTED.",1288,7,NULL,NULL,NULL,2756,b2930830-eef9-4c39-899b-809120c7d073
34512,53636,"2026-07-29 19:16:05",1,0,1,"100 HR SERVICE (WELDER MILLER 302)",100,NULL,NULL,NULL,NULL,NULL,NULL,NULL,NULL,"SEE EQUIPMENT DETAILS - PARTS TAB OR WRITE IN PARTS USED:
","CHANGE ENGINE OIL & FILTER
REPLACE FUEL FILTER(S)
INSPECT/REPLACE AIR FILTER

CHECK ALTERNATOR OUTPUT
CHECK BATTERY CONDITION
INSPECT COOLING SYSTEM
INSPECT ENGINE MOUNTS
INSPECT EXHAUST SYSTEM
CHECK FOR OIL LEAKS
CHECK FOR FUEL LEAKS
INSPECT WELD LEADS
INSPECT ELECTRODE HOLDER
INSPECT GROUND CLAMP
CHECK AC/DC OUTPUT
VERIFY AUXILIARY POWER OUTPUT
CLEAN MACHINE INTERIOR
REMOVE DEBRIS FROM COOLING SYSTEM
OPERATIONAL TEST
",1288,NULL,10,NULL,48333,2571,8be75f39-2efc-4234-a715-c12e34a460ae
35503,53636,"2026-07-30 20:24:39",3,1,0,"CALIBRATION - (WELDER) - 365 DAY",NULL,365,NULL,NULL,NULL,NULL,NULL,NULL,NULL,,"SUBMIT WEVR PAPERWORK. WORK ORDER WILL NOT CLOSE UNLESS PAPERWORK IS CORRECT & SUBMITTED.",1288,7,NULL,NULL,NULL,2755,82305822-16b0-428f-beeb-7dcc14ac1ee4
35520,53636,"2026-07-30 20:31:54",3,0,1,"CALIBRATION - (WELDER) - 365 DAY",NULL,365,NULL,NULL,NULL,NULL,NULL,NULL,NULL,,"SUBMIT WEVR PAPERWORK. WORK ORDER WILL NOT CLOSE UNLESS PAPERWORK IS CORRECT & SUBMITTED.",1288,7,NULL,NULL,NULL,2755,14150d53-7004-438f-8944-d5dba8798727
35580,53636,"2026-07-30 20:38:51",3,0,1,"CALIBRATION - (WELDER) - 90 DAY",NULL,90,NULL,NULL,NULL,NULL,NULL,NULL,NULL,,"SUBMIT WEVR PAPERWORK. WORK ORDER WILL NOT CLOSE UNLESS PAPERWORK IS CORRECT & SUBMITTED.",1288,7,NULL,NULL,NULL,2756,12696be8-1a1b-4caf-8806-aa38a67a07b7
35443,53637,"2026-07-30 19:27:26",1,0,1,"250 HR SERVICE (WELDER MILLER 400)",250,NULL,NULL,NULL,NULL,NULL,NULL,NULL,NULL,"SEE EQUIPMENT DETAILS - PARTS TAB OR WRITE IN PARTS USED:

","CHANGE ENGINE OIL & FILTER
REPLACE FUEL FILTER(S)
INSPECT/REPLACE AIR FILTER

CHECK ALTERNATOR OUTPUT
CHECK BATTERY CONDITION
INSPECT COOLING SYSTEM
INSPECT ENGINE MOUNTS
INSPECT EXHAUST SYSTEM
CHECK FOR OIL LEAKS
CHECK FOR FUEL LEAKS
INSPECT WELD LEADS
INSPECT ELECTRODE HOLDER
INSPECT GROUND CLAMP
CHECK AC/DC OUTPUT
VERIFY AUXILIARY POWER OUTPUT
CLEAN MACHINE INTERIOR
REMOVE DEBRIS FROM COOLING SYSTEM
OPERATIONAL TEST
",1288,NULL,30,NULL,48356,2678,95e8d714-e099-44fd-b400-632bde435271
35532,53637,"2026-07-30 20:34:06",3,0,1,"CALIBRATION - (WELDER) - 365 DAY",NULL,365,NULL,NULL,NULL,NULL,NULL,NULL,NULL,,"SUBMIT WEVR PAPERWORK. WORK ORDER WILL NOT CLOSE UNLESS PAPERWORK IS CORRECT & SUBMITTED.",1288,7,NULL,NULL,NULL,2755,552d999c-d8a0-494f-9948-0c60d2cea84d
35593,53637,"2026-07-30 20:39:02",3,0,1,"CALIBRATION - (WELDER) - 90 DAY",NULL,90,NULL,NULL,NULL,NULL,NULL,NULL,NULL,,"SUBMIT WEVR PAPERWORK. WORK ORDER WILL NOT CLOSE UNLESS PAPERWORK IS CORRECT & SUBMITTED.",1288,7,NULL,NULL,NULL,2756,755bcfc0-efd0-4073-8be8-c905473b4b99
36732,53648,"2026-07-31 18:41:11",1,0,1,"250 HR SERVICE (DIESEL PUMP)",250,NULL,NULL,NULL,NULL,NULL,NULL,NULL,NULL,"SEE EQUIPMENT DETAILS - PARTS TAB","CHANGE ENGINE OIL & FILTER
CHANGE FUEL FILTERS
CHANGE AIR FILTERS",1288,NULL,30,NULL,47799,2676,f6933a23-c681-46ce-a18e-1ad8777d3863
34506,53654,"2026-07-29 19:16:00",1,0,1,"100 HR SERVICE (WELDER MILLER 302)",100,NULL,NULL,NULL,NULL,NULL,NULL,NULL,NULL,"SEE EQUIPMENT DETAILS - PARTS TAB OR WRITE IN PARTS USED:
","CHANGE ENGINE OIL & FILTER
REPLACE FUEL FILTER(S)
INSPECT/REPLACE AIR FILTER

CHECK ALTERNATOR OUTPUT
CHECK BATTERY CONDITION
INSPECT COOLING SYSTEM
INSPECT ENGINE MOUNTS
INSPECT EXHAUST SYSTEM
CHECK FOR OIL LEAKS
CHECK FOR FUEL LEAKS
INSPECT WELD LEADS
INSPECT ELECTRODE HOLDER
INSPECT GROUND CLAMP
CHECK AC/DC OUTPUT
VERIFY AUXILIARY POWER OUTPUT
CLEAN MACHINE INTERIOR
REMOVE DEBRIS FROM COOLING SYSTEM
OPERATIONAL TEST
",1288,NULL,10,NULL,48329,2571,91ea2572-5778-476b-aecb-913447ea9191
35498,53654,"2026-07-30 20:24:36",3,1,0,"CALIBRATION - (WELDER) - 365 DAY",NULL,365,NULL,NULL,NULL,NULL,NULL,NULL,NULL,,"SUBMIT WEVR PAPERWORK. WORK ORDER WILL NOT CLOSE UNLESS PAPERWORK IS CORRECT & SUBMITTED.",1288,7,NULL,NULL,NULL,2755,f00781af-a4d8-44e9-932c-febcaa1c7756
35515,53654,"2026-07-30 20:31:29",3,0,1,"CALIBRATION - (WELDER) - 365 DAY",NULL,365,NULL,NULL,NULL,NULL,NULL,NULL,NULL,,"SUBMIT WEVR PAPERWORK. WORK ORDER WILL NOT CLOSE UNLESS PAPERWORK IS CORRECT & SUBMITTED.",1288,7,NULL,NULL,NULL,2755,261f54a5-2083-4040-ab4b-c8b68599bd8f
35575,53654,"2026-07-30 20:38:37",3,0,1,"CALIBRATION - (WELDER) - 90 DAY",NULL,90,NULL,NULL,NULL,NULL,NULL,NULL,NULL,,"SUBMIT WEVR PAPERWORK. WORK ORDER WILL NOT CLOSE UNLESS PAPERWORK IS CORRECT & SUBMITTED.",1288,7,NULL,NULL,NULL,2756,554a1a31-e308-4526-8784-c25fb7949500
34382,53661,"2026-07-27 02:50:45",3,0,1,"1 YEAR SERVICE (BIDWELL)",NULL,365,NULL,NULL,NULL,NULL,NULL,NULL,NULL,"SEE EQUIPMENT DETAILS - PARTS TAB OR WRITE IN PARTS USED:

","CHANGE OIL AND FILTER
CHANGE AIR FILTER
CHANGE FUEL FILTERS
CHANGE HYD FILTERS",1288,7,NULL,NULL,48823,2567,ceeee12f-60ba-44dc-8a4f-2ed55ece3398
35433,53662,"2026-07-30 19:27:20",1,0,1,"250 HR SERVICE (WELDER MILLER 400)",250,NULL,NULL,NULL,NULL,NULL,NULL,NULL,NULL,"SEE EQUIPMENT DETAILS - PARTS TAB OR WRITE IN PARTS USED:

","CHANGE ENGINE OIL & FILTER
REPLACE FUEL FILTER(S)
INSPECT/REPLACE AIR FILTER

CHECK ALTERNATOR OUTPUT
CHECK BATTERY CONDITION
INSPECT COOLING SYSTEM
INSPECT ENGINE MOUNTS
INSPECT EXHAUST SYSTEM
CHECK FOR OIL LEAKS
CHECK FOR FUEL LEAKS
INSPECT WELD LEADS
INSPECT ELECTRODE HOLDER
INSPECT GROUND CLAMP
CHECK AC/DC OUTPUT
VERIFY AUXILIARY POWER OUTPUT
CLEAN MACHINE INTERIOR
REMOVE DEBRIS FROM COOLING SYSTEM
OPERATIONAL TEST
",1288,NULL,30,NULL,48338,2678,279d3842-b8c4-4299-863e-e65c876f28dc
35583,53662,"2026-07-30 20:38:54",3,1,0,"CALIBRATION - (WELDER) - 90 DAY",NULL,90,NULL,NULL,NULL,NULL,NULL,NULL,NULL,,"SUBMIT WEVR PAPERWORK. WORK ORDER WILL NOT CLOSE UNLESS PAPERWORK IS CORRECT & SUBMITTED.",1288,7,NULL,NULL,NULL,2756,6e8e29e0-a940-4759-9dc2-55a31bbaed32
35828,53662,"2026-07-31 15:29:53",3,1,0,"CALIBRATION - (WELDER) - 365 DAY",NULL,365,NULL,NULL,NULL,NULL,NULL,NULL,NULL,,"SUBMIT WEVR PAPERWORK. WORK ORDER WILL NOT CLOSE UNLESS PAPERWORK IS CORRECT & SUBMITTED.",1288,7,NULL,NULL,NULL,2755,b90d287d-9df3-4639-81b2-d555527ad0b5
34441,53666,"2026-07-28 02:21:28",1,0,1,"1000 HR SERVICE (HYD WINCH)",1000,NULL,NULL,NULL,NULL,NULL,NULL,NULL,NULL,"SEE EQUIPMENT DETAILS - PARTS TAB OR WRITE IN PARTS USED:
","COMPLETE ALL 500 HOUR ITEMS
CHANGE HYDRAULIC FLUID
CHANGE WINCH OILS
",1288,NULL,40,NULL,NULL,2596,67b0d57d-360e-4924-84b1-54d27a86e71a
34451,53666,"2026-07-28 02:21:52",1,0,1,"500 HR SERVICE (HYD WINCH)",500,NULL,NULL,NULL,NULL,NULL,NULL,NULL,NULL,"SEE EQUIPMENT DETAILS - PARTS TAB OR WRITE IN PARTS USED:
","CHANGE OIL & FILTER
CHANGE FUEL FILTERS
CHANGE AIR FILTERS
",1288,NULL,40,NULL,47854,2708,ca997fae-08bb-45c1-a656-1f72a5902068
35432,53667,"2026-07-30 19:27:19",1,0,1,"250 HR SERVICE (WELDER MILLER 400)",250,NULL,NULL,NULL,NULL,NULL,NULL,NULL,NULL,"SEE EQUIPMENT DETAILS - PARTS TAB OR WRITE IN PARTS USED:

","CHANGE ENGINE OIL & FILTER
REPLACE FUEL FILTER(S)
INSPECT/REPLACE AIR FILTER

CHECK ALTERNATOR OUTPUT
CHECK BATTERY CONDITION
INSPECT COOLING SYSTEM
INSPECT ENGINE MOUNTS
INSPECT EXHAUST SYSTEM
CHECK FOR OIL LEAKS
CHECK FOR FUEL LEAKS
INSPECT WELD LEADS
INSPECT ELECTRODE HOLDER
INSPECT GROUND CLAMP
CHECK AC/DC OUTPUT
VERIFY AUXILIARY POWER OUTPUT
CLEAN MACHINE INTERIOR
REMOVE DEBRIS FROM COOLING SYSTEM
OPERATIONAL TEST
",1288,NULL,30,NULL,48336,2678,936ed8a7-b91c-4290-9beb-15a8d737c2ce
35505,53667,"2026-07-30 20:24:41",3,1,0,"CALIBRATION - (WELDER) - 365 DAY",NULL,365,NULL,NULL,NULL,NULL,NULL,NULL,NULL,,"SUBMIT WEVR PAPERWORK. WORK ORDER WILL NOT CLOSE UNLESS PAPERWORK IS CORRECT & SUBMITTED.",1288,7,NULL,NULL,NULL,2755,a8be34a6-01cc-460a-86d2-4a936cf550f6
35522,53667,"2026-07-30 20:31:55",3,0,1,"CALIBRATION - (WELDER) - 365 DAY",NULL,365,NULL,NULL,NULL,NULL,NULL,NULL,NULL,,"SUBMIT WEVR PAPERWORK. WORK ORDER WILL NOT CLOSE UNLESS PAPERWORK IS CORRECT & SUBMITTED.",1288,7,NULL,NULL,NULL,2755,4b1a66b8-6fbf-4fc8-b510-fc87ebbdbffc
35582,53667,"2026-07-30 20:38:52",3,0,1,"CALIBRATION - (WELDER) - 90 DAY",NULL,90,NULL,NULL,NULL,NULL,NULL,NULL,NULL,,"SUBMIT WEVR PAPERWORK. WORK ORDER WILL NOT CLOSE UNLESS PAPERWORK IS CORRECT & SUBMITTED.",1288,7,NULL,NULL,NULL,2756,9c5670f5-128f-4b54-a780-615e9e195310
37197,53668,"2026-08-18 18:43:50",3,0,1,"3 MONTH SERVICE (EXCITER OIL CHANGE)",NULL,90,NULL,NULL,NULL,NULL,NULL,NULL,NULL,"SEE EQUIPMENT DETAILS - PARTS TAB OR WRITE IN PARTS USED:
","INSPECT/CHANGE EXCITER OIL EVERY 50 EXCITER (DRIVE) HRS - SERVICE SET TO 3 MONTHS TO CHECK. RECORDED AS MILEAGE.",1288,5,NULL,NULL,49022,2679,106faf62-3f33-4442-8822-5fdff54e414c
34511,53674,"2026-07-29 19:16:04",1,0,1,"100 HR SERVICE (WELDER MILLER 302)",100,NULL,NULL,NULL,NULL,NULL,NULL,NULL,NULL,"SEE EQUIPMENT DETAILS - PARTS TAB OR WRITE IN PARTS USED:
","CHANGE ENGINE OIL & FILTER
REPLACE FUEL FILTER(S)
INSPECT/REPLACE AIR FILTER

CHECK ALTERNATOR OUTPUT
CHECK BATTERY CONDITION
INSPECT COOLING SYSTEM
INSPECT ENGINE MOUNTS
INSPECT EXHAUST SYSTEM
CHECK FOR OIL LEAKS
CHECK FOR FUEL LEAKS
INSPECT WELD LEADS
INSPECT ELECTRODE HOLDER
INSPECT GROUND CLAMP
CHECK AC/DC OUTPUT
VERIFY AUXILIARY POWER OUTPUT
CLEAN MACHINE INTERIOR
REMOVE DEBRIS FROM COOLING SYSTEM
OPERATIONAL TEST
",1288,NULL,10,NULL,48332,2571,9781a92e-30a7-4de8-b1af-336c890e378f
35502,53674,"2026-07-30 20:24:39",3,1,0,"CALIBRATION - (WELDER) - 365 DAY",NULL,365,NULL,NULL,NULL,NULL,NULL,NULL,NULL,,"SUBMIT WEVR PAPERWORK. WORK ORDER WILL NOT CLOSE UNLESS PAPERWORK IS CORRECT & SUBMITTED.",1288,7,NULL,NULL,NULL,2755,cb5c2473-e3e2-493c-9692-8d0e176f1a33
35519,53674,"2026-07-30 20:31:54",3,0,1,"CALIBRATION - (WELDER) - 365 DAY",NULL,365,NULL,NULL,NULL,NULL,NULL,NULL,NULL,,"SUBMIT WEVR PAPERWORK. WORK ORDER WILL NOT CLOSE UNLESS PAPERWORK IS CORRECT & SUBMITTED.",1288,7,NULL,NULL,NULL,2755,ccd864d9-4642-4024-ae41-1256dc8b14e1
35579,53674,"2026-07-30 20:38:50",3,0,1,"CALIBRATION - (WELDER) - 90 DAY",NULL,90,NULL,NULL,NULL,NULL,NULL,NULL,NULL,,"SUBMIT WEVR PAPERWORK. WORK ORDER WILL NOT CLOSE UNLESS PAPERWORK IS CORRECT & SUBMITTED.",1288,7,NULL,NULL,NULL,2756,4722b7f8-eaee-4751-ba5e-3333cd545ee6
37207,53678,"2026-08-18 18:45:28",3,0,1,"3 MONTH SERVICE (EXCITER OIL CHANGE)",NULL,90,NULL,NULL,NULL,NULL,NULL,NULL,NULL,"SEE EQUIPMENT DETAILS - PARTS TAB OR WRITE IN PARTS USED:
","INSPECT/CHANGE EXCITER OIL EVERY 50 EXCITER (DRIVE) HRS - SERVICE SET TO 3 MONTHS TO CHECK. RECORDED AS MILEAGE.",1288,5,NULL,NULL,49036,2679,d741dc1a-67f5-4f00-b309-6640da487b14
37217,53678,"2026-08-18 18:50:34",1,0,1,"500 HR SERVICE (VIBRO DRIVER/EXTRACTOR - POWER UNIT)",500,NULL,NULL,NULL,NULL,NULL,NULL,NULL,NULL,"SEE EQUIPMENT DETAILS - PARTS TAB OR WRITE IN PARTS USED:
","CHANGE ENGINE OIL & FILTER
CHANGE AIR FILTER
CHANGE FUEL FILTER
CHANGE HYD FILTERS
SAMPLE HYDRAULIC FLUID

HOUR METER IS FOR POWER UNIT HOURS.",1288,NULL,40,NULL,49038,2734,7c3bc10d-eb44-46d7-a88d-98086925dad6
36689,55175,"2026-07-31 18:30:57",2,0,1,"20000 MI SERVICE (FLATBED TRUCK)",NULL,NULL,20000,NULL,NULL,NULL,NULL,NULL,NULL,"SEE EQUIPMENT DETAILS - PARTS TAB OR WRITE IN PARTS USED:

","INCLUDES ALL 6,000 MI SERVICE ITEMS, PLUS:

ENGINE MAINTENANCE:
-CHANGE ENGINE OIL AND FILTER
-REPLACE FUEL FILTERS (PRIMARY AND SECONDARY IF REQUIRED)
-INSPECT SERPENTINE BELTS AND TENSIONERS
-INSPECT COOLING SYSTEM HOSES AND CLAMPS
-CHECK ENGINE MOUNTS

AIR INTAKE SYSTEM:
-INSPECT AIR CLEANER RESTRICTION INDICATOR
-INSPECT AIR FILTER AND REPLACE IF NEEDED
-CHECK TURBOCHARGER CONNECTIONS

DRIVELINE:
-INSPECT DRIVESHAFT
-LUBRICATE U-JOINTS
-INSPECT CARRIER BEARINGS
-CHECK DIFFERENTIAL FLUID LEVELS

TRANSMISSION:
-INSPECT TRANSMISSION FOR LEAKS
-CHECK TRANSMISSION FLUID CONDITION/CHANGE FILTER
-INSPECT PTO AND PTO MOUNTS

AXLES & HUBS:
-CHECK AXLE OIL LEVELS
-INSPECT WHEEL SEALS FOR LEAKS
-CHECK HUB OIL LEVELS

BRAKE SYSTEM:
-MEASURE BRAKE LINING THICKNESS
-INSPECT ABS SENSORS AND WIRING
-CHECK BRAKE ADJUSTMENT
-INSPECT FOUNDATION BRAKE COMPONENTS

SUSPENSION:
-TORQUE-CHECK SUSPENSION COMPONENTS
-INSPECT SPRING HANGERS
-CHECK TORQUE RODS AND BUSHINGS
-INSPECT AIR BAGS (IF EQUIPPED)

HYDRAULIC SYSTEM:
-CHECK HYDRAULIC TANK BREATHER
-INSPECT HYDRAULIC FILTER CONDITION/SAMPLE FLUID
-VERIFY HYDRAULIC PRESSURE AND OPERATION

FRAME & BODY:
-INSPECT FRAME RAILS FOR CRACKS
-CHECK CROSS MEMBERS
-CHECK TAILGATE OPERATION AND HARDWARE

SAFETY INSPECTION:
-VERIFY REFLECTIVE TAPE CONDITION
-TEST BACKUP CAMERA (IF EQUIPPED)
",1288,NULL,NULL,200,47177,2670,ca9b3172-f430-4d35-8fa4-f425669304cc
36697,55175,"2026-07-31 18:31:30",2,0,1,"6000 MI SERVICE (FLATBED TRUCK)",NULL,NULL,6000,NULL,NULL,NULL,NULL,NULL,NULL,"SEE EQUIPMENT DETAILS - PARTS TAB OR WRITE IN PARTS USED:

","ENGINE & FLUIDS:
-CHANGE ENGINE OIL AND OIL FILTER
-CHECK COOLANT LEVEL AND CONDITION
-CHECK POWER STEERING FLUID
-CHECK TRANSMISSION FLUID LEVEL/FILTER
-CHECK HYDRAULIC FLUID LEVEL
-CHECK DEF LEVEL AND INSPECT DEF SYSTEM
-DRAIN WATER SEPARATOR AND INSPECT FUEL SYSTEM

AIR:
-INSPECT AIR FILTERS AND REPLACE IF NEEDED

BRAKES:
-INSPECT BRAKE LININGS/PADS
-CHECK BRAKE DRUMS/ROTORS
-INSPECT SLACK ADJUSTERS
-CHECK BRAKE CHAMBERS AND HARDWARE
-VERIFY PARKING BRAKE OPERATION

TIRES & WHEELS:
-CHECK TIRE PRESSURE
-MEASURE TREAD DEPTH
-INSPECT FOR CUTS, PUNCTURES, AND UNEVEN WEAR
-CHECK WHEEL NUTS AND RIM CONDITION

STEERING & SUSPENSION:
-INSPECT STEERING LINKAGE
-CHECK KINGPINS AND TIE-ROD ENDS
-LUBRICATE GREASE FITTINGS
-INSPECT SPRINGS, BUSHINGS, SHOCKS, AND U-BOLTS

ELECTRICAL SYSTEM:
-TEST LIGHTS AND SIGNALS
-INSPECT BATTERIES AND CONNECTIONS
-CHECK ALTERNATOR CHARGING VOLTAGE
-INSPECT WIRING FOR DAMAGE

GENERAL INSPECTION:
-CHECK MIRRORS, WINDSHIELD, AND WIPERS
-INSPECT SEAT BELTS
-CHECK HORN AND BACKUP ALARM
-INSPECT PTO OPERATION
-DOCUMENT DEFECTS AND REPAIRS
",1288,NULL,NULL,200,47176,2743,44e5346a-4e3f-4975-a331-001f4574489f
36688,55211,"2026-07-31 18:30:57",2,0,1,"20000 MI SERVICE (FLATBED TRUCK)",NULL,NULL,20000,NULL,NULL,NULL,NULL,NULL,NULL,"SEE EQUIPMENT DETAILS - PARTS TAB OR WRITE IN PARTS USED:

","INCLUDES ALL 6,000 MI SERVICE ITEMS, PLUS:

ENGINE MAINTENANCE:
-CHANGE ENGINE OIL AND FILTER
-REPLACE FUEL FILTERS (PRIMARY AND SECONDARY IF REQUIRED)
-INSPECT SERPENTINE BELTS AND TENSIONERS
-INSPECT COOLING SYSTEM HOSES AND CLAMPS
-CHECK ENGINE MOUNTS

AIR INTAKE SYSTEM:
-INSPECT AIR CLEANER RESTRICTION INDICATOR
-INSPECT AIR FILTER AND REPLACE IF NEEDED
-CHECK TURBOCHARGER CONNECTIONS

DRIVELINE:
-INSPECT DRIVESHAFT
-LUBRICATE U-JOINTS
-INSPECT CARRIER BEARINGS
-CHECK DIFFERENTIAL FLUID LEVELS

TRANSMISSION:
-INSPECT TRANSMISSION FOR LEAKS
-CHECK TRANSMISSION FLUID CONDITION/CHANGE FILTER
-INSPECT PTO AND PTO MOUNTS

AXLES & HUBS:
-CHECK AXLE OIL LEVELS
-INSPECT WHEEL SEALS FOR LEAKS
-CHECK HUB OIL LEVELS

BRAKE SYSTEM:
-MEASURE BRAKE LINING THICKNESS
-INSPECT ABS SENSORS AND WIRING
-CHECK BRAKE ADJUSTMENT
-INSPECT FOUNDATION BRAKE COMPONENTS

SUSPENSION:
-TORQUE-CHECK SUSPENSION COMPONENTS
-INSPECT SPRING HANGERS
-CHECK TORQUE RODS AND BUSHINGS
-INSPECT AIR BAGS (IF EQUIPPED)

HYDRAULIC SYSTEM:
-CHECK HYDRAULIC TANK BREATHER
-INSPECT HYDRAULIC FILTER CONDITION/SAMPLE FLUID
-VERIFY HYDRAULIC PRESSURE AND OPERATION

FRAME & BODY:
-INSPECT FRAME RAILS FOR CRACKS
-CHECK CROSS MEMBERS
-CHECK TAILGATE OPERATION AND HARDWARE

SAFETY INSPECTION:
-VERIFY REFLECTIVE TAPE CONDITION
-TEST BACKUP CAMERA (IF EQUIPPED)
",1288,NULL,NULL,200,47169,2670,15821905-e357-4d48-a218-07f54cdec2f1
36696,55211,"2026-07-31 18:31:29",2,0,1,"6000 MI SERVICE (FLATBED TRUCK)",NULL,NULL,6000,NULL,NULL,NULL,NULL,NULL,NULL,"SEE EQUIPMENT DETAILS - PARTS TAB OR WRITE IN PARTS USED:

","ENGINE & FLUIDS:
-CHANGE ENGINE OIL AND OIL FILTER
-CHECK COOLANT LEVEL AND CONDITION
-CHECK POWER STEERING FLUID
-CHECK TRANSMISSION FLUID LEVEL/FILTER
-CHECK HYDRAULIC FLUID LEVEL
-CHECK DEF LEVEL AND INSPECT DEF SYSTEM
-DRAIN WATER SEPARATOR AND INSPECT FUEL SYSTEM

AIR:
-INSPECT AIR FILTERS AND REPLACE IF NEEDED

BRAKES:
-INSPECT BRAKE LININGS/PADS
-CHECK BRAKE DRUMS/ROTORS
-INSPECT SLACK ADJUSTERS
-CHECK BRAKE CHAMBERS AND HARDWARE
-VERIFY PARKING BRAKE OPERATION

TIRES & WHEELS:
-CHECK TIRE PRESSURE
-MEASURE TREAD DEPTH
-INSPECT FOR CUTS, PUNCTURES, AND UNEVEN WEAR
-CHECK WHEEL NUTS AND RIM CONDITION

STEERING & SUSPENSION:
-INSPECT STEERING LINKAGE
-CHECK KINGPINS AND TIE-ROD ENDS
-LUBRICATE GREASE FITTINGS
-INSPECT SPRINGS, BUSHINGS, SHOCKS, AND U-BOLTS

ELECTRICAL SYSTEM:
-TEST LIGHTS AND SIGNALS
-INSPECT BATTERIES AND CONNECTIONS
-CHECK ALTERNATOR CHARGING VOLTAGE
-INSPECT WIRING FOR DAMAGE

GENERAL INSPECTION:
-CHECK MIRRORS, WINDSHIELD, AND WIPERS
-INSPECT SEAT BELTS
-CHECK HORN AND BACKUP ALARM
-INSPECT PTO OPERATION
-DOCUMENT DEFECTS AND REPAIRS
",1288,NULL,NULL,200,47168,2743,3ef17427-3a34-4e49-a558-9f8d1c7a4072
35314,55224,"2026-07-30 18:36:34",4,0,0,"INITIAL 25 HR BREAK-IN SERVICE (UTV)",NULL,NULL,NULL,NULL,NULL,NULL,NULL,25,NULL,"SEE EQUIPMENT DETAILS - PARTS TAB OR WRITE IN PARTS USED:
","CHANGE ENGINE OIL & FILTER
CHANGE FRONT/REAR GEARCASE FLUID
CHECK TRANSMISSION FLUID LEVEL/CHECK FOR LEAKS",1288,NULL,5,NULL,46618,2759,015704a5-ed98-4b9d-b73c-a491957ec49b
35315,55224,"2026-07-30 19:05:09",4,0,1,"INITIAL 100 HR BREAK-IN SERVICE",NULL,NULL,NULL,NULL,NULL,NULL,NULL,100,NULL,"SEE EQUIPMENT DETAILS - PARTS TAB OR WRITE IN PARTS USED:

","INITIAL 100-HR BREAK-IN (OIL CHANGE) SERVICE",1288,NULL,30,NULL,NULL,2757,56199082-00e2-4b31-a209-a4358082e196
35488,55224,"2026-07-30 19:49:25",3,0,1,"CALIBRATION - (WELDER) - 365 DAY",NULL,365,NULL,NULL,NULL,NULL,NULL,NULL,NULL,,"SUBMIT WEVR PAPERWORK. WORK ORDER WILL NOT CLOSE UNLESS PAPERWORK IS CORRECT & SUBMITTED.",1288,7,NULL,NULL,46857,2755,002afb28-5bd4-4b2b-b854-c47da02bf0a6
37087,55224,"2026-08-11 10:53:33",1,0,1,"1000 HR TUGBOAT (GENSET - STARBOARD) - HOUR",1000,NULL,NULL,NULL,NULL,NULL,NULL,NULL,NULL,"SEE EQUIPMENT DETAILS - PARTS TAB OR WRITE IN PARTS USED:
","• PERFORM ALL 500 HOUR TASKS PLUS
• REPLACE CRANKCASE BREATHER FILTER
• CHANGE HYDRAULIC FILTERS
• TRANSMISSION GEAR BOXES",1288,NULL,40,NULL,NULL,2620,09b76294-3a89-442c-9ebe-c895941518a0
37088,55224,"2026-08-11 10:54:03",2,0,1,"1000 MI TUGBOAT (GENSET - PORT) - ODOMETER",NULL,NULL,1000,NULL,NULL,NULL,NULL,NULL,NULL,"SEE EQUIPMENT DETAILS - PARTS TAB OR WRITE IN PARTS USED:","• PERFORM ALL 500 HOUR TASKS PLUS
• REPLACE CRANKCASE BREATHER FILTER
• CHANGE HYDRAULIC FILTERS
• TRANSMISSION GEAR BOXES",1288,NULL,NULL,40,48783,2623,abe98d68-3584-423c-b8f1-24b7604cdfef
37089,55224,"2026-08-11 10:54:23",1,0,1,"2000 HR TUGBOAT (GENSET - STARBOARD) - HOUR",2000,NULL,NULL,NULL,NULL,NULL,NULL,NULL,NULL,"SEE EQUIPMENT DETAILS - PARTS TAB OR WRITE IN PARTS USED:","• PERFORM ALL 1000 HOUR TASKS PLUS
• SAMPLE HYD OIL/CHANGE AS NEEDED
• SAMPLE COOLANT/CHANGE AS NEEDED",1288,NULL,40,NULL,NULL,2664,0cad9c54-591d-4926-bc78-c11e1e9e5256
37090,55224,"2026-08-11 10:54:50",2,0,1,"2000 MI TUGBOAT (GENSET - PORT) - ODOMETER",NULL,NULL,2000,NULL,NULL,NULL,NULL,NULL,NULL,"SEE EQUIPMENT DETAILS - PARTS TAB OR WRITE IN PARTS USED:","• PERFORM ALL 1000 HOUR TASKS PLUS
• SAMPLE HYD OIL/CHANGE AS NEEDED
• SAMPLE COOLANT/CHANGE AS NEEDED",1288,NULL,NULL,40,NULL,2667,0b8947a1-2c19-45ad-b480-6965ddb02246
37091,55224,"2026-08-11 10:55:10",1,0,1,"500 HR TUGBOAT (GENSET - STARBOARD) - HOUR",500,NULL,NULL,NULL,NULL,NULL,NULL,NULL,NULL,"SEE EQUIPMENT DETAILS - PARTS TAB OR WRITE IN PARTS USED:","• CHANGE ENGINE OIL & FILTER(S)
• REPLACE PRIMARY FUEL FILTER(S)
• REPLACE SECONDARY FUEL FILTER(S)
• DRAIN FUEL/WATER SEPARATORS
• CHECK/REPLACE AIR FILTERS
• CHECK COOLANT LEVEL
• INSPECT COOLING SYSTEM
• INSPECT TURBOCHARGERS
• INSPECT BELTS",1288,NULL,40,NULL,48781,2737,de049001-a2a0-43b4-b339-556852ce0685
37092,55224,"2026-08-11 10:55:29",2,0,1,"500 MI TUGBOAT (GENSET - PORT) - ODOMETER",NULL,NULL,500,NULL,NULL,NULL,NULL,NULL,NULL,"SEE EQUIPMENT DETAILS - PARTS TAB OR WRITE IN PARTS USED:","• CHANGE ENGINE OIL & FILTER(S)
• REPLACE PRIMARY FUEL FILTER(S)
• REPLACE SECONDARY FUEL FILTER(S)
• DRAIN FUEL/WATER SEPARATORS
• CHECK/REPLACE AIR FILTERS
• CHECK COOLANT LEVEL
• INSPECT COOLING SYSTEM
• INSPECT TURBOCHARGERS
• INSPECT BELTS",1288,NULL,NULL,40,NULL,2740,92bff21d-3ee7-4c26-9ae5-314871718d31
37093,55224,"2026-08-11 10:55:52",1,0,1,"1000 HR TUGBOAT (MAIN - STARBOARD) - HOUR",1000,NULL,NULL,NULL,NULL,NULL,NULL,NULL,NULL,"SEE EQUIPMENT DETAILS - PARTS TAB OR WRITE IN PARTS USED:","• PERFORM ALL 500 HOUR TASKS PLUS
• REPLACE CRANKCASE BREATHER FILTER
• CHANGE HYDRAULIC FILTERS
• TRANSMISSION GEAR BOXES",1288,NULL,40,NULL,NULL,2621,9ea8fc5f-6e2d-4572-b8e3-e0a6768a6be4
37094,55224,"2026-08-11 10:56:12",2,0,1,"1000 MI TUGBOAT (MAIN - PORT) - ODOMETER",NULL,NULL,1000,NULL,NULL,NULL,NULL,NULL,NULL,"SEE EQUIPMENT DETAILS - PARTS TAB OR WRITE IN PARTS USED:","• PERFORM ALL 500 HOUR TASKS PLUS
• REPLACE CRANKCASE BREATHER FILTER
• CHANGE HYDRAULIC FILTERS
• TRANSMISSION GEAR BOXES",1288,NULL,NULL,40,NULL,2624,c6d83235-57ac-430e-8798-1d5929c46486
37095,55224,"2026-08-11 10:56:28",1,0,1,"2000 HR TUGBOAT (MAIN - STARBOARD) - HOUR",2000,NULL,NULL,NULL,NULL,NULL,NULL,NULL,NULL,"SEE EQUIPMENT DETAILS - PARTS TAB OR WRITE IN PARTS USED:
","• PERFORM ALL 1000 HOUR TASKS PLUS
• SAMPLE HYD OIL/CHANGE AS NEEDED
• SAMPLE COOLANT/CHANGE AS NEEDED",1288,NULL,40,NULL,NULL,2665,b69f31e3-5e40-47b0-840d-24398d98b258
37096,55224,"2026-08-11 10:56:51",2,0,1,"2000 MI TUGBOAT (MAIN - PORT) - ODOMETER",2000,NULL,2000,NULL,NULL,NULL,NULL,NULL,NULL,"SEE EQUIPMENT DETAILS - PARTS TAB OR WRITE IN PARTS USED:","• PERFORM ALL 1000 HOUR TASKS PLUS
• SAMPLE HYD OIL/CHANGE AS NEEDED
• SAMPLE COOLANT/CHANGE AS NEEDED",1288,NULL,40,40,NULL,2668,f5308bbe-1b30-4f1a-8b5d-c65776d6a4fa
37097,55224,"2026-08-11 10:57:14",1,0,1,"500 HR TUGBOAT (MAIN - STARBOARD) - HOUR",500,NULL,NULL,NULL,NULL,NULL,NULL,NULL,NULL,"SEE EQUIPMENT DETAILS - PARTS TAB OR WRITE IN PARTS USED:","• CHANGE ENGINE OIL & FILTER(S)
• REPLACE PRIMARY FUEL FILTER(S)
• REPLACE SECONDARY FUEL FILTER(S)
• DRAIN FUEL/WATER SEPARATORS
• CHECK/REPLACE AIR FILTERS
• CHECK COOLANT LEVEL
• INSPECT COOLING SYSTEM
• INSPECT TURBOCHARGERS
• INSPECT BELTS
",1288,NULL,40,NULL,48465,2738,5bb59794-d746-4bf5-b9fe-0f7df32152f9
37098,55224,"2026-08-11 10:57:30",2,0,1,"500 MI TUGBOAT (MAIN - PORT) - ODOMETER",NULL,NULL,500,NULL,NULL,NULL,NULL,NULL,NULL,"SEE EQUIPMENT DETAILS - PARTS TAB OR WRITE IN PARTS USED:","• CHANGE ENGINE OIL & FILTER(S)
• REPLACE PRIMARY FUEL FILTER(S)
• REPLACE SECONDARY FUEL FILTER(S)
• DRAIN FUEL/WATER SEPARATORS
• CHECK/REPLACE AIR FILTERS
• CHECK COOLANT LEVEL
• INSPECT COOLING SYSTEM
• INSPECT TURBOCHARGERS
• INSPECT BELTS




",1288,NULL,NULL,40,48466,2741,fd20d363-8745-457b-84da-328cf99c40dc
37100,55224,"2026-08-11 14:33:41",4,0,0,SOS,NULL,NULL,NULL,NULL,NULL,NULL,NULL,850,NULL,,,16222,NULL,25,NULL,48473,NULL,39363090-ef50-4d43-98d2-c2a68a03f481
37150,55224,"2026-08-14 21:53:08",3,0,1,"TEST TEMPLATE - WEVR TEMPLATE",NULL,365,NULL,NULL,NULL,NULL,NULL,NULL,NULL,,,16222,30,NULL,NULL,48777,2795,0e123b6c-5cd4-4aee-94d5-b3002f39946b
