equipmentStatusId,equipmentId,startTime,endTime,startStatusId,endStatusId,createdTimestampUtc,createdByUserId,statusNote,isDeleted,isActive,uuid
13841,51862,"2026-07-21 19:42:32",NULL,1312,NULL,"2026-07-21 19:49:42",45,AppXchange,0,1,64f2c2d3-f174-4d03-af1d-36b93c076d90
13839,51863,"2026-07-21 19:42:31",NULL,1309,NULL,"2026-07-21 19:49:40",45,AppXchange,0,1,f0b9beb6-32e5-43e0-88bb-664e91e09d5d
13838,51864,"2026-07-21 19:42:31",NULL,1309,NULL,"2026-07-21 19:49:38",45,AppXchange,0,1,0f83c80c-be8f-4d04-8396-bf493429bd8c
13845,51865,"2026-07-21 19:42:32",NULL,1312,NULL,"2026-07-21 19:49:44",45,AppXchange,0,1,a6722e10-0742-432a-a91d-d769ec9beb54
13842,51866,"2026-07-21 19:42:31",NULL,1312,NULL,"2026-07-21 19:49:43",45,AppXchange,0,1,7b199799-d115-442d-bdfc-db505bcdc40b
13853,51867,"2026-07-21 19:42:33",NULL,1312,NULL,"2026-07-21 19:49:50",45,AppXchange,0,1,1e8bf29d-ea1f-4631-9f64-3e55dc9680ee
13851,51868,"2026-07-21 19:42:33",NULL,1309,NULL,"2026-07-21 19:49:49",45,AppXchange,0,1,c064d5f2-988c-40fc-8102-1e835cc49db7
13855,51869,"2026-07-21 19:42:33",NULL,1312,NULL,"2026-07-21 19:49:52",45,AppXchange,0,1,9e392d19-0638-4cc0-9fb2-2d84a3a2c00b
13848,51870,"2026-07-21 19:42:32",NULL,1308,NULL,"2026-07-21 19:49:47",45,AppXchange,0,1,5aa80d29-1838-4782-89d3-25353f7e92a9
13840,51871,"2026-07-21 19:42:31",NULL,1312,NULL,"2026-07-21 19:49:41",45,AppXchange,0,1,506e0120-bb0a-4bbf-87f9-7b3770631e3b
13843,51872,"2026-07-21 19:42:32",NULL,1309,NULL,"2026-07-21 19:49:43",45,AppXchange,0,1,7bac342a-6f92-4c68-9cba-a618b5a9a32c
13846,51873,"2026-07-21 19:42:32",NULL,1309,NULL,"2026-07-21 19:49:46",45,AppXchange,0,1,a1e8680d-a85b-4230-b2c7-b6a986911313
13860,51874,"2026-07-21 19:42:34",NULL,1309,NULL,"2026-07-21 19:49:56",45,AppXchange,0,1,304b9d82-e209-461d-ab46-ca2c8a0a31f2
13847,51875,"2026-07-21 19:42:32",NULL,1312,NULL,"2026-07-21 19:49:46",45,AppXchange,0,1,fd1ab72f-a974-42e1-a3fa-19e145b852a8
13850,51876,"2026-07-21 19:42:32",NULL,1312,NULL,"2026-07-21 19:49:49",45,AppXchange,0,1,e18858d3-985d-4114-a5af-517a9030eb45
13844,51877,"2026-07-21 19:42:32",NULL,1309,NULL,"2026-07-21 19:49:44",45,AppXchange,0,1,425ce9b7-bfe6-40f2-8a98-3978bf85a0a6
13849,51878,"2026-07-21 19:42:33",NULL,1309,NULL,"2026-07-21 19:49:48",45,AppXchange,0,1,7a5da877-19af-4e9d-8179-0702ae31351a
13856,51879,"2026-07-21 19:42:33",NULL,1312,NULL,"2026-07-21 19:49:53",45,AppXchange,0,1,1df0c72e-26fc-45e7-b08f-84300db844b7
13852,51880,"2026-07-21 19:42:33",NULL,1309,NULL,"2026-07-21 19:49:50",45,AppXchange,0,1,89405547-8cf1-4d04-8ebb-b3eda6284512
13857,51881,"2026-07-21 19:42:33",NULL,1309,NULL,"2026-07-21 19:49:54",45,AppXchange,0,1,31214da3-cd3b-4f32-a6b6-7f1ac39d069e
13854,51882,"2026-07-21 19:42:33",NULL,1309,NULL,"2026-07-21 19:49:51",45,AppXchange,0,1,f0a4b9b3-7e59-45ad-9a45-36ad4df719d5
13861,51883,"2026-07-21 19:42:34",NULL,1312,NULL,"2026-07-21 19:49:56",45,AppXchange,0,1,bce16c99-f90b-41f6-87a1-12132e4453ef
13858,51884,"2026-07-21 19:42:33",NULL,1309,NULL,"2026-07-21 19:49:55",45,AppXchange,0,1,32d795db-ba26-41a6-b23d-078a7303ab39
13862,51885,"2026-07-21 19:42:34",NULL,1312,NULL,"2026-07-21 19:49:57",45,AppXchange,0,1,fe7005d8-cdfc-41fe-865c-5b08eb9dbdc7
13859,51886,"2026-07-21 19:42:33",NULL,1312,NULL,"2026-07-21 19:49:55",45,AppXchange,0,1,720cb3f2-7427-4dcc-8f4f-03c9ca346906
13867,51887,"2026-07-21 19:42:34",NULL,1309,NULL,"2026-07-21 19:50:00",45,AppXchange,0,1,da26aedd-dad3-441c-918e-1b75d219e4b0
13866,51888,"2026-07-21 19:42:34",NULL,1312,NULL,"2026-07-21 19:49:59",45,AppXchange,0,1,de28ff81-3431-49d4-8148-e1f8139ed640
13865,51889,"2026-07-21 19:42:34",NULL,1312,NULL,"2026-07-21 19:49:59",45,AppXchange,0,1,1b0c755c-b5fa-4f39-8516-17b6931f324b
13869,51890,"2026-07-21 19:42:34",NULL,1312,NULL,"2026-07-21 19:50:01",45,AppXchange,0,1,a103c3e2-dac5-48e3-9a51-4444c6b0c2f8
13864,51891,"2026-07-21 19:42:34",NULL,1309,NULL,"2026-07-21 19:49:58",45,AppXchange,0,1,fa7437a5-d32e-4080-bd72-b8bedf255a14
13863,51892,"2026-07-21 19:42:34",NULL,1312,NULL,"2026-07-21 19:49:58",45,AppXchange,0,1,82f46f31-d28a-40e3-b7c1-d389557cfe2f
13882,51893,"2026-07-21 19:42:36",NULL,1312,NULL,"2026-07-21 19:50:04",45,AppXchange,0,1,9273d00c-8015-4d52-b40e-0f57992544c0
13873,51894,"2026-07-21 19:42:35",NULL,1308,NULL,"2026-07-21 19:50:02",45,AppXchange,0,1,6e604683-1c0f-4555-a87f-4602f9c1a3c2
13887,51895,"2026-07-21 19:42:36",NULL,1309,NULL,"2026-07-21 19:50:05",45,AppXchange,0,1,474eb03a-60c6-45b2-b9eb-ecf90c937b0b
13868,51896,"2026-07-21 19:42:34",NULL,1309,NULL,"2026-07-21 19:50:01",45,AppXchange,0,1,847b19b1-3ac4-4bc6-bfb2-f6af4a1364ab
13871,51897,"2026-07-21 19:42:34",NULL,1309,NULL,"2026-07-21 19:50:01",45,AppXchange,0,1,b2f9e060-cb2f-4b56-8724-c5f4df3196b1
13878,51898,"2026-07-21 19:42:35",NULL,1309,NULL,"2026-07-21 19:50:03",45,AppXchange,0,1,28cfda5c-c2f0-45a5-9ec5-af8905002153
13874,51899,"2026-07-21 19:42:35",NULL,1309,NULL,"2026-07-21 19:50:02",45,AppXchange,0,1,da049909-b740-4297-80dd-c25e91c4e24e
13870,51900,"2026-07-21 19:42:34",NULL,1309,NULL,"2026-07-21 19:50:01",45,AppXchange,0,1,6801860b-21d9-45f5-93e8-bf6b157bb95b
13872,51901,"2026-07-21 19:42:35",NULL,1309,NULL,"2026-07-21 19:50:02",45,AppXchange,0,1,ab9d4093-d639-4b7c-83d3-99deeaf650d4
13875,51902,"2026-07-21 19:42:35",NULL,1309,NULL,"2026-07-21 19:50:02",45,AppXchange,0,1,d91a5450-583e-45c2-92b2-096b6984c04f
13876,51903,"2026-07-21 19:42:35",NULL,1309,NULL,"2026-07-21 19:50:02",45,AppXchange,0,1,04c2facc-6b0a-4b0a-96ca-f21cb48eadbb
13880,51904,"2026-07-21 19:42:35",NULL,1309,NULL,"2026-07-21 19:50:03",45,AppXchange,0,1,9a6dae33-a94e-49d1-9081-b25f761a305e
13877,51905,"2026-07-21 19:42:36",NULL,1309,NULL,"2026-07-21 19:50:03",45,AppXchange,0,1,d4f65497-e884-488a-aec1-fb5f7f79fedc
13879,51906,"2026-07-21 19:42:35",NULL,1309,NULL,"2026-07-21 19:50:03",45,AppXchange,0,1,a515d546-beb4-48c0-94e3-c31b800aa591
13881,51907,"2026-07-21 19:42:36",NULL,1312,NULL,"2026-07-21 19:50:03",45,AppXchange,0,1,da6b8da6-72c4-47ce-9a8d-c933e646d7a4
13883,51908,"2026-07-21 19:42:36",NULL,1309,NULL,"2026-07-21 19:50:04",45,AppXchange,0,1,a0c1e24d-e752-49c6-bee6-83421426863a
13885,51909,"2026-07-21 19:42:36",NULL,1309,NULL,"2026-07-21 19:50:05",45,AppXchange,0,1,30d32787-e103-458c-a8a6-9beff3b36d3a
13886,51910,"2026-07-21 19:42:36",NULL,1309,NULL,"2026-07-21 19:50:05",45,AppXchange,0,1,fcfabbe6-d792-4cd3-91b9-ead987d377db
13884,51911,"2026-07-21 19:42:36",NULL,1309,NULL,"2026-07-21 19:50:05",45,AppXchange,0,1,17141899-d770-4f53-80db-daccf6baea29
13894,51912,"2026-07-21 19:42:37",NULL,1309,NULL,"2026-07-21 19:50:06",45,AppXchange,0,1,e62a429f-f178-454d-8a35-0d6c3307f080
13890,51913,"2026-07-21 19:42:36",NULL,1312,NULL,"2026-07-21 19:50:06",45,AppXchange,0,1,181ee566-cc7f-452d-b914-2bbf3100b255
13888,51914,"2026-07-21 19:42:36",NULL,1309,NULL,"2026-07-21 19:50:05",45,AppXchange,0,1,219802b8-b194-4700-aba1-6c72aa4a5765
13893,51915,"2026-07-21 19:42:36",NULL,1309,NULL,"2026-07-21 19:50:06",45,AppXchange,0,1,36fc63eb-7300-4faf-828e-3e84d6aef141
13896,51916,"2026-07-21 19:42:37","2026-08-11 07:00:00",1309,1309,"2026-07-21 19:50:06",45,AppXchange,0,0,9856af1e-9d11-4788-ad80-80bfe8ace251
15737,51916,"2026-07-24 07:00:00",NULL,1308,NULL,"2026-07-28 16:54:58",45,AppXchange,0,1,8dac491e-1e12-4a9f-842d-6a3fba1b1ef9
16256,51916,"2026-08-11 07:00:00",NULL,1309,NULL,"2026-08-11 17:04:05",45,Vista,0,1,ff121adc-62e5-4d03-9675-9c7030e53a60
13889,51917,"2026-07-21 19:42:36",NULL,1309,NULL,"2026-07-21 19:50:05",45,AppXchange,0,1,3a38a09f-ab67-46ad-b578-b9a0e87736d3
13897,51918,"2026-07-21 19:42:37",NULL,1312,NULL,"2026-07-21 19:50:06",45,AppXchange,0,1,1f71512c-df37-486a-adaf-2b5395eb729a
13895,51919,"2026-07-21 19:42:37",NULL,1309,NULL,"2026-07-21 19:50:06",45,AppXchange,0,1,3f792729-9913-44e4-875d-35abd3206c03
13892,51920,"2026-07-21 19:42:37",NULL,1308,NULL,"2026-07-21 19:50:06",45,AppXchange,0,1,e3f75533-74b0-472f-b861-f7300e58fe30
13902,51921,"2026-07-21 19:42:37",NULL,1309,NULL,"2026-07-21 19:50:07",45,AppXchange,0,1,c133ff60-4833-4955-afc9-a63e39faf74a
13891,51922,"2026-07-21 19:42:36",NULL,1309,NULL,"2026-07-21 19:50:06",45,AppXchange,0,1,aa280459-aba8-49bb-8a40-0c6b695f1749
13903,51923,"2026-07-21 19:42:37",NULL,1309,NULL,"2026-07-21 19:50:08",45,AppXchange,0,1,015c67fc-0f09-4df5-90d4-41506362e63f
13906,51924,"2026-07-21 19:42:48","2026-08-08 07:00:00",1309,1308,"2026-07-21 19:50:08",45,AppXchange,0,0,07206543-c725-4a4d-adf4-ee992b4c037c
16226,51924,"2026-08-08 07:00:00",NULL,1308,NULL,"2026-08-10 13:33:57",45,Vista,0,1,7e8d454e-0831-4a41-87e2-68103d3c4baa
13898,51925,"2026-07-21 19:42:38","2026-08-11 07:00:00",1308,1308,"2026-07-21 19:50:07",45,AppXchange,0,0,403db3d8-c369-465c-b846-a27b613435d4
15772,51925,"2026-07-27 07:00:00",NULL,1309,NULL,"2026-07-29 17:32:56",45,AppXchange,0,1,2b40a38e-eace-44bd-affa-f9d0d1d0efeb
16387,51925,"2026-08-11 07:00:00",NULL,1308,NULL,"2026-08-17 14:03:41",45,Vista,0,1,ed68e6c6-2959-4487-abee-3d2e0b8a5e17
13900,51926,"2026-07-21 19:42:38",NULL,1309,NULL,"2026-07-21 19:50:07",45,AppXchange,0,1,05c76c9a-c78d-46fe-948a-63e26c64e3a2
13899,51927,"2026-07-21 19:42:37","2026-08-18 07:00:00",1308,1309,"2026-07-21 19:50:07",45,AppXchange,0,0,41c53aa4-734b-4b0d-a935-4231c1fb997d
16411,51927,"2026-08-18 07:00:00",NULL,1309,NULL,"2026-08-18 13:03:36",45,Vista,0,1,5649221f-7dd7-42e7-b3e6-da909dfcdcf7
13907,51928,"2026-07-21 19:42:48",NULL,1312,NULL,"2026-07-21 19:50:08",45,AppXchange,0,1,10bd1bf4-cd5f-4e74-b3fa-e4a5eaf356f4
13904,51929,"2026-07-21 19:42:48",NULL,1309,NULL,"2026-07-21 19:50:08",45,AppXchange,0,1,1c31feae-0d1e-4ead-8304-38eba9bb4eb2
13910,51930,"2026-07-21 19:42:49",NULL,1308,NULL,"2026-07-21 19:50:08",45,AppXchange,0,1,82b1c7ff-7d7d-4415-b563-c2ac24261437
13909,51931,"2026-07-21 19:42:49",NULL,1312,NULL,"2026-07-21 19:50:08",45,AppXchange,0,1,80ae0be7-4976-40a9-8b6e-f666cdc12dbd
13912,51932,"2026-07-21 19:42:49",NULL,1312,NULL,"2026-07-21 19:50:09",45,AppXchange,0,1,b3cf1e55-6e60-4a6f-b52a-89ff5c4373ed
13901,51933,"2026-07-21 19:42:37",NULL,1308,NULL,"2026-07-21 19:50:07",45,AppXchange,0,1,eb044d13-ced0-4a9a-94c5-2b6342ff9560
13905,51934,"2026-07-21 19:42:48",NULL,1309,NULL,"2026-07-21 19:50:08",45,AppXchange,0,1,b7f81537-2fe1-49ff-bc73-52101346a88e
13911,51935,"2026-07-21 19:42:49",NULL,1309,NULL,"2026-07-21 19:50:09",45,AppXchange,0,1,ee7b15bc-badd-4dd4-a23e-1e96942892aa
13908,51936,"2026-07-21 19:42:49",NULL,1309,NULL,"2026-07-21 19:50:08",45,AppXchange,0,1,b99ef5fd-7e5e-4410-9e86-3d7eff58fea4
13914,51937,"2026-07-21 19:42:49",NULL,1312,NULL,"2026-07-21 19:50:09",45,AppXchange,0,1,2f5be37f-b16a-446f-8184-568d92365fcd
13913,51938,"2026-07-21 19:42:49",NULL,1309,NULL,"2026-07-21 19:50:09",45,AppXchange,0,1,bc20a641-f1aa-407c-bdd4-4bcb7558efe2
13915,51939,"2026-07-21 19:42:49",NULL,1309,NULL,"2026-07-21 19:50:09",45,AppXchange,0,1,77e6ea1f-32af-45b0-8c16-2be2320f02d2
13916,51940,"2026-07-21 19:42:49",NULL,1309,NULL,"2026-07-21 19:50:09",45,AppXchange,0,1,d4799406-ea3b-43cb-9b5d-e9b125408f98
13918,51941,"2026-07-21 19:42:50",NULL,1309,NULL,"2026-07-21 19:50:10",45,AppXchange,0,1,28f909eb-e485-4ea1-82e3-d110c5346d6c
13917,51942,"2026-07-21 19:42:50",NULL,1312,NULL,"2026-07-21 19:50:10",45,AppXchange,0,1,6a22e564-0c25-4c4d-9dfe-154dec102c45
13922,51943,"2026-07-21 19:42:50",NULL,1309,NULL,"2026-07-21 19:50:10",45,AppXchange,0,1,98aaf7fc-b4da-4513-b945-3c38f8dfed84
13929,51944,"2026-07-21 19:42:50",NULL,1312,NULL,"2026-07-21 19:50:11",45,AppXchange,0,1,81f1467b-6a0d-45d3-9fa8-f22d3e235473
13920,51945,"2026-07-21 19:42:50",NULL,1312,NULL,"2026-07-21 19:50:10",45,AppXchange,0,1,b5218d79-e841-424d-a55b-a31becd4faa7
13921,51946,"2026-07-21 19:42:50",NULL,1309,NULL,"2026-07-21 19:50:10",45,AppXchange,0,1,987eba20-cb37-471b-b8f4-b7732ea9e3a1
13919,51947,"2026-07-21 19:42:50",NULL,1312,NULL,"2026-07-21 19:50:10",45,AppXchange,0,1,d2dd4350-6b78-40a4-9b8c-5f4f115511bd
13935,51948,"2026-07-21 19:43:34",NULL,1309,NULL,"2026-07-21 19:50:12",45,AppXchange,0,1,f3983021-d281-46eb-b613-e29d47ab2efb
13928,51949,"2026-07-21 19:42:50","2026-08-10 07:00:00",1309,1310,"2026-07-21 19:50:11",45,AppXchange,0,0,49e090f8-5a18-42e6-8581-e5ae5d578f4a
16406,51949,"2026-08-10 07:00:00",NULL,1310,NULL,"2026-08-17 20:22:45",45,Vista,0,1,66fca7f0-b864-41f6-bf6a-68c921058043
13931,51950,"2026-07-21 19:43:34",NULL,1309,NULL,"2026-07-21 19:50:11",45,AppXchange,0,1,ee1b03d2-834d-42de-85b1-239e31d79711
13930,51951,"2026-07-21 19:43:34",NULL,1312,NULL,"2026-07-21 19:50:11",45,AppXchange,0,1,17133ba2-f973-45c2-bb8f-e380ddf944d0
13923,51952,"2026-07-21 19:42:50",NULL,1312,NULL,"2026-07-21 19:50:10",45,AppXchange,0,1,f7997b0c-95fc-4dc4-86d3-358d2814c7d0
13926,51953,"2026-07-21 19:43:33",NULL,1312,NULL,"2026-07-21 19:50:11",45,AppXchange,0,1,8a717d63-90bd-4185-a7f4-7725d16dd149
13932,51954,"2026-07-21 19:43:34",NULL,1309,NULL,"2026-07-21 19:50:11",45,AppXchange,0,1,77be56bf-4075-4646-83bf-f217f9801b7b
13937,51955,"2026-07-21 19:43:34",NULL,1309,NULL,"2026-07-21 19:50:12",45,AppXchange,0,1,0ba946b0-51f9-4642-bfd2-3ad6f7b48218
13933,51956,"2026-07-21 19:43:34",NULL,1309,NULL,"2026-07-21 19:50:12",45,AppXchange,0,1,4be4d73d-439b-4ab2-a51e-513d047b4e52
13934,51957,"2026-07-21 19:43:34",NULL,1309,NULL,"2026-07-21 19:50:12",45,AppXchange,0,1,0d5f34ec-5ba3-4397-9627-cf1fa9bdf560
13924,51958,"2026-07-21 19:43:34",NULL,1309,NULL,"2026-07-21 19:50:10",45,AppXchange,0,1,6bb90ec0-78c8-4dd2-ad53-009252e26422
13925,51959,"2026-07-21 19:43:33",NULL,1309,NULL,"2026-07-21 19:50:11",45,AppXchange,0,1,e1a12d50-76b6-4ebc-94a5-7988d90833b6
13927,51960,"2026-07-21 19:43:34",NULL,1308,NULL,"2026-07-21 19:50:11",45,AppXchange,0,1,8d21d6b4-5702-4900-84d9-c45b94981148
13936,51961,"2026-07-21 19:43:34",NULL,1312,NULL,"2026-07-21 19:50:12",45,AppXchange,0,1,cf465126-b58c-47a8-a847-6846d3c39ffd
13938,51962,"2026-07-21 19:43:34",NULL,1309,NULL,"2026-07-21 19:50:12",45,AppXchange,0,1,a6be6fc8-0873-4f49-bfd2-a7cbbbafa941
13941,51963,"2026-07-21 19:43:35",NULL,1309,NULL,"2026-07-21 19:50:13",45,AppXchange,0,1,251b8547-bd44-429f-bef0-20ecc40ad9ef
13940,51964,"2026-07-21 19:43:34",NULL,1308,NULL,"2026-07-21 19:50:12",45,AppXchange,0,1,ea923ff5-29d1-4e02-9fb1-7d437e4fc162
13939,51965,"2026-07-21 19:43:34",NULL,1309,NULL,"2026-07-21 19:50:12",45,AppXchange,0,1,a1ea4776-45c5-4c69-8dcf-1fd62ea5db8a
13942,51966,"2026-07-21 19:43:35","2026-07-27 07:00:00",1308,1309,"2026-07-21 19:50:13",45,AppXchange,0,0,4065b928-d12c-4f65-9b32-feebe226cd1f
16135,51966,"2026-07-27 07:00:00",NULL,1309,NULL,"2026-08-03 17:33:46",45,AppXchange,0,1,4d3d1546-20ef-4b42-9dcd-056574577979
13944,51967,"2026-07-21 19:43:35",NULL,1312,NULL,"2026-07-21 19:50:13",45,AppXchange,0,1,ddee0db9-4ffd-4ce1-8b52-e08021dc1476
13945,51968,"2026-07-21 19:43:35",NULL,1308,NULL,"2026-07-21 19:50:13",45,AppXchange,0,1,e9ba27ce-7433-42e2-b692-0e7d753e70d3
13954,51969,"2026-07-21 19:43:36",NULL,1309,NULL,"2026-07-21 19:50:14",45,AppXchange,0,1,9cddb399-571c-414c-8284-b2239303aee8
13955,51970,"2026-07-21 19:43:36",NULL,1309,NULL,"2026-07-21 19:50:14",45,AppXchange,0,1,dd9cd798-91ad-4443-9c8a-7a2f807c0cdf
13943,51971,"2026-07-21 19:43:35",NULL,1309,NULL,"2026-07-21 19:50:13",45,AppXchange,0,1,8dc59161-4902-4b66-b120-557d0205dfdd
13949,51972,"2026-07-21 19:43:35",NULL,1309,NULL,"2026-07-21 19:50:13",45,AppXchange,0,1,b86548e9-6751-451e-bc99-3a45bb56df27
13950,51973,"2026-07-21 19:43:35",NULL,1309,NULL,"2026-07-21 19:50:13",45,AppXchange,0,1,dcaee010-d435-404b-999d-824a361445e3
13957,51974,"2026-07-21 19:43:36",NULL,1312,NULL,"2026-07-21 19:50:14",45,AppXchange,0,1,4ff43d4a-6e70-462f-b78c-3c8676526893
13952,51975,"2026-07-21 19:43:35",NULL,1309,NULL,"2026-07-21 19:50:14",45,AppXchange,0,1,21551203-22ac-4bfa-9ba0-d17d83ebf10c
13958,51976,"2026-07-21 19:43:37","2026-07-31 13:23:00",1308,1309,"2026-07-21 19:50:14",45,AppXchange,0,0,e426fcc0-791a-42f4-be69-5354e59ff06d
16105,51976,"2026-07-31 13:23:52","2026-08-04 20:31:10",1309,1310,"2026-07-31 13:27:26",2061,"Test Status Change",0,0,fcd612dd-5cb3-44c6-acf0-40c3a5e1b7db
16152,51976,"2026-07-31 13:23:00","2026-08-05 20:08:41",1309,1308,"2026-08-04 18:50:06",45,"Test Status Change",0,0,69b78c80-630c-4627-a00f-cd2d94cd9e5c
16153,51976,"2026-08-04 20:31:10","2026-08-05 20:23:59",1310,1311,"2026-08-04 20:31:31",2061,,0,0,1e2a3f8e-a99e-4a0d-aff3-f1ff701d7841
16163,51976,"2026-08-05 20:08:41","2026-08-05 20:23:59",1308,1311,"2026-08-05 20:09:14",2061,"Test Available",0,0,d925be3d-e7d9-43a9-87bd-65c65e705cc5
16164,51976,"2026-08-05 20:23:59","2026-08-05 20:38:15",1311,1312,"2026-08-05 20:24:14",2061,,0,0,9d47ce2a-df63-411d-ae02-6107c60f686d
16165,51976,"2026-08-05 20:38:15",NULL,1312,NULL,"2026-08-05 20:39:03",2061,"Test From Standby To None",0,1,9c3c9a40-601d-4968-af6d-80c778d96547
13951,51977,"2026-07-21 19:43:35",NULL,1309,NULL,"2026-07-21 19:50:14",45,AppXchange,0,1,aaf8a94d-8d9a-4a0a-8e7d-10e47fcb222f
13948,51978,"2026-07-21 19:43:35",NULL,1312,NULL,"2026-07-21 19:50:13",45,AppXchange,0,1,cdc94408-0b78-4d77-9f1c-e0b7dd7c58a4
13946,51979,"2026-07-21 19:43:35",NULL,1308,NULL,"2026-07-21 19:50:13",45,AppXchange,0,1,1f372e49-16a0-4c92-96ea-2521254216aa
13956,51980,"2026-07-21 19:43:36",NULL,1308,NULL,"2026-07-21 19:50:14",45,AppXchange,0,1,ee67ee91-9a7f-4705-8fd9-fa1c15e637b7
13953,51981,"2026-07-21 19:43:36",NULL,1309,NULL,"2026-07-21 19:50:14",45,AppXchange,0,1,5029bb4e-f11e-4625-9c8a-8c48089b90a0
13959,51982,"2026-07-21 19:43:36",NULL,1309,NULL,"2026-07-21 19:50:14",45,AppXchange,0,1,9c068b73-5922-47c4-8d3a-0daeb6af6d3a
13947,51983,"2026-07-21 19:43:35","2026-08-04 07:00:00",1309,1308,"2026-07-21 19:50:13",45,AppXchange,0,0,ac2e8bb2-41b2-46a4-a548-6865d591849c
16196,51983,"2026-08-04 07:00:00",NULL,1308,NULL,"2026-08-06 19:33:03",45,AppXchange,0,1,deb5935c-aa0c-4c11-92da-1d183b7dacc3
13961,51984,"2026-07-21 19:43:37",NULL,1310,NULL,"2026-07-21 19:50:15",45,AppXchange,0,1,54f02063-f54f-47aa-a710-58ec1bed3a8e
13962,51985,"2026-07-21 19:43:37",NULL,1309,NULL,"2026-07-21 19:50:15",45,AppXchange,0,1,0c17b04c-5ddb-45d5-a722-72c18d9bcaca
13960,51986,"2026-07-21 19:43:37",NULL,1309,NULL,"2026-07-21 19:50:15",45,AppXchange,0,1,1b093244-75f6-469c-8354-6a0d4b2ad829
13963,51987,"2026-07-21 19:43:37",NULL,1309,NULL,"2026-07-21 19:50:15",45,AppXchange,0,1,674b97ba-c700-4195-908a-d4e8abc05900
13964,51988,"2026-07-21 19:43:37",NULL,1309,NULL,"2026-07-21 19:50:15",45,AppXchange,0,1,d87a14c9-3eb4-4a85-9ee8-79b15d0631fb
13970,51989,"2026-07-21 19:43:38","2026-07-20 07:00:00",1309,1308,"2026-07-21 19:50:16",45,AppXchange,0,0,2e4e8c6c-cb4f-43ad-8d23-4aea1d5d8ee9
15752,51989,"2026-07-20 07:00:00",NULL,1308,NULL,"2026-07-28 16:55:38",45,AppXchange,0,1,007d6260-9465-4d1e-85f5-c0c72d8539c5
13971,51990,"2026-07-21 19:43:38",NULL,1309,NULL,"2026-07-21 19:50:16",45,AppXchange,0,1,211d98bb-b87e-4958-be2d-2ed744ce1724
13969,51991,"2026-07-21 19:43:37",NULL,1310,NULL,"2026-07-21 19:50:15",45,AppXchange,0,1,91d89207-2560-49f9-8c5c-c9e5ea3e2f34
13965,51992,"2026-07-21 19:43:37",NULL,1309,NULL,"2026-07-21 19:50:15",45,AppXchange,0,1,a12c1092-4420-452a-87da-232980af0595
13968,51993,"2026-07-21 19:43:38",NULL,1309,NULL,"2026-07-21 19:50:15",45,AppXchange,0,1,36eb8a13-47e4-4d18-bbae-6cfe62b08f4e
13967,51994,"2026-07-21 19:43:37",NULL,1309,NULL,"2026-07-21 19:50:15",45,AppXchange,0,1,af7c9565-9882-4688-a335-d40e294692c4
13966,51995,"2026-07-21 19:43:37",NULL,1309,NULL,"2026-07-21 19:50:15",45,AppXchange,0,1,1440395c-8e9a-4f87-94c4-68a0f5620900
13983,51996,"2026-07-21 19:43:39",NULL,1309,NULL,"2026-07-21 19:50:17",45,AppXchange,0,1,55f5933c-c5bc-4854-9da0-b3e0935d9010
13979,51997,"2026-07-21 19:43:39",NULL,1309,NULL,"2026-07-21 19:50:16",45,AppXchange,0,1,cc15f5be-310c-4461-bc96-da6f4ceba90f
13981,51998,"2026-07-21 19:43:39",NULL,1309,NULL,"2026-07-21 19:50:17",45,AppXchange,0,1,cd1af953-c354-46b3-9f84-9ca49ca899f8
13984,51999,"2026-07-21 19:43:39","2026-07-29 07:00:00",1309,1310,"2026-07-21 19:50:17",45,AppXchange,0,0,62ad3940-3863-4114-9800-f68b70d7a916
15773,51999,"2026-07-29 07:00:00",NULL,1310,NULL,"2026-07-29 18:32:35",45,AppXchange,0,1,c8fe2610-89dc-4374-b9cb-96d4817223ab
13973,52000,"2026-07-21 19:43:38",NULL,1309,NULL,"2026-07-21 19:50:16",45,AppXchange,0,1,c11aa79f-cbe2-47c5-871e-6a1216b0ab01
13977,52001,"2026-07-21 19:43:38",NULL,1309,NULL,"2026-07-21 19:50:16",45,AppXchange,0,1,5cf167b1-010c-4f05-8cb8-cc3d50707596
13975,52002,"2026-07-21 19:43:38",NULL,1309,NULL,"2026-07-21 19:50:16",45,AppXchange,0,1,9e7cdd75-63fb-49c9-a9c0-c8128bf6d3fc
13972,52003,"2026-07-21 19:43:38",NULL,1309,NULL,"2026-07-21 19:50:16",45,AppXchange,0,1,40142e34-9007-41af-baad-ee13245f9a6e
13985,52004,"2026-07-21 19:43:39",NULL,1309,NULL,"2026-07-21 19:50:17",45,AppXchange,0,1,70e40a21-86ef-4644-bca7-883296eeab91
13978,52005,"2026-07-21 19:43:38",NULL,1309,NULL,"2026-07-21 19:50:16",45,AppXchange,0,1,3db309cf-0c77-4790-81e3-e7e488ff6001
13982,52006,"2026-07-21 19:43:39",NULL,1309,NULL,"2026-07-21 19:50:17",45,AppXchange,0,1,31982bef-82d3-4ad8-b340-7cf201f1ab57
13980,52007,"2026-07-21 19:43:38",NULL,1309,NULL,"2026-07-21 19:50:17",45,AppXchange,0,1,8fd64d18-e32b-4065-9679-3739b47bc9e4
13974,52008,"2026-07-21 19:43:38",NULL,1312,NULL,"2026-07-21 19:50:16",45,AppXchange,0,1,2fd55f35-bcbf-4b8f-ba3c-521ef259a0ea
13976,52009,"2026-07-21 19:43:38",NULL,1312,NULL,"2026-07-21 19:50:16",45,AppXchange,0,1,7a9a1084-11a1-47ff-8f71-3a5e819c2cb4
13987,52010,"2026-07-21 19:43:39",NULL,1309,NULL,"2026-07-21 19:50:17",45,AppXchange,0,1,cf847a40-a495-4726-b6c5-cc1abba9056d
13986,52011,"2026-07-21 19:43:39",NULL,1308,NULL,"2026-07-21 19:50:17",45,AppXchange,0,1,2e796652-bb7c-43a3-9758-dc581715bd91
13996,52012,"2026-07-21 19:43:40",NULL,1309,NULL,"2026-07-21 19:50:18",45,AppXchange,0,1,6874cc71-a1f3-4116-89c8-1fc600644e55
13991,52013,"2026-07-21 19:43:39",NULL,1309,NULL,"2026-07-21 19:50:18",45,AppXchange,0,1,0a5075da-f934-4993-bb8f-28692a6e5f6f
13989,52014,"2026-07-21 19:43:39",NULL,1309,NULL,"2026-07-21 19:50:18",45,AppXchange,0,1,e2f4111a-6b11-48f0-94e7-63b1da0b506b
13988,52015,"2026-07-21 19:43:39",NULL,1309,NULL,"2026-07-21 19:50:18",45,AppXchange,0,1,a41bd3d6-e0a0-467f-8f09-43dcc5296b33
13994,52016,"2026-07-21 19:43:40",NULL,1309,NULL,"2026-07-21 19:50:18",45,AppXchange,0,1,59a76820-392d-4595-b172-f034504fa636
13992,52017,"2026-07-21 19:43:39",NULL,1309,NULL,"2026-07-21 19:50:18",45,AppXchange,0,1,e456bbfa-82ba-4d96-b171-b093fd1d7b63
13993,52018,"2026-07-21 19:43:40",NULL,1309,NULL,"2026-07-21 19:50:18",45,AppXchange,0,1,d595faa9-95ae-4b8b-8682-ed16fd14b167
13990,52019,"2026-07-21 19:43:39",NULL,1309,NULL,"2026-07-21 19:50:18",45,AppXchange,0,1,0951d3ae-430c-43c5-9881-11b624aee250
13995,52020,"2026-07-21 19:43:40",NULL,1309,NULL,"2026-07-21 19:50:18",45,AppXchange,0,1,008732cf-ff25-49d6-9ab5-1f7e519319a6
14003,52021,"2026-07-21 19:43:41",NULL,1309,NULL,"2026-07-21 19:50:19",45,AppXchange,0,1,a525cdc4-12f7-4dd9-97d3-2d7ea3e417b1
13999,52022,"2026-07-21 19:43:40",NULL,1308,NULL,"2026-07-21 19:50:19",45,AppXchange,0,1,2351b710-93cd-446a-bdae-ea31c57dd550
13998,52023,"2026-07-21 19:43:40",NULL,1312,NULL,"2026-07-21 19:50:19",45,AppXchange,0,1,14182b50-5064-440f-a623-a002d1436898
14001,52024,"2026-07-21 19:43:40",NULL,1312,NULL,"2026-07-21 19:50:19",45,AppXchange,0,1,10d174e6-cd4d-4efe-8681-7ad241bcd1d1
13997,52025,"2026-07-21 19:43:40",NULL,1309,NULL,"2026-07-21 19:50:19",45,AppXchange,0,1,f4a0cf3a-452a-458c-9f33-35ace56f3df9
14004,52026,"2026-07-21 19:43:41",NULL,1308,NULL,"2026-07-21 19:50:19",45,AppXchange,0,1,90c4fea9-df5b-472d-b305-6e142893b81b
14002,52027,"2026-07-21 19:43:40",NULL,1308,NULL,"2026-07-21 19:50:19",45,AppXchange,0,1,40d30059-f74a-4c22-9dbd-1eb5f82c8472
14000,52028,"2026-07-21 19:43:40",NULL,1309,NULL,"2026-07-21 19:50:19",45,AppXchange,0,1,f45186a4-041a-447c-a580-43c893e7aaee
14005,52029,"2026-07-21 19:43:41",NULL,1309,NULL,"2026-07-21 19:50:19",45,AppXchange,0,1,4f51981d-9c2d-4b43-8810-6d05cbed18b8
14012,52030,"2026-07-21 19:43:41",NULL,1309,NULL,"2026-07-21 19:50:20",45,AppXchange,0,1,a88b59a4-d096-417d-9f54-6c852eeee6f0
14010,52031,"2026-07-21 19:43:41",NULL,1309,NULL,"2026-07-21 19:50:20",45,AppXchange,0,1,d3aa3612-3355-45e8-b78a-bb8e42abbcc3
14008,52032,"2026-07-21 19:43:41",NULL,1309,NULL,"2026-07-21 19:50:20",45,AppXchange,0,1,49d23354-5de4-4680-9d23-36c5b8a7b2a2
14011,52033,"2026-07-21 19:43:41",NULL,1309,NULL,"2026-07-21 19:50:20",45,AppXchange,0,1,c5844e63-8ae7-4897-b516-a82039c3a459
14007,52034,"2026-07-21 19:43:41",NULL,1309,NULL,"2026-07-21 19:50:20",45,AppXchange,0,1,7ec63b7c-e240-4413-b447-bf1f331cce1a
14006,52035,"2026-07-21 19:43:41",NULL,1312,NULL,"2026-07-21 19:50:20",45,AppXchange,0,1,54f43077-8590-4e7c-995e-7dcf8b322b40
14009,52036,"2026-07-21 19:43:42",NULL,1309,NULL,"2026-07-21 19:50:20",45,AppXchange,0,1,586acf27-8a02-4b9e-88d3-5e5dcba3ee0d
14013,52037,"2026-07-21 19:43:41",NULL,1309,NULL,"2026-07-21 19:50:20",45,AppXchange,0,1,f01e1e92-b1f8-4f9e-9818-d14ff04e7bd5
14018,52038,"2026-07-21 19:43:42",NULL,1309,NULL,"2026-07-21 19:50:21",45,AppXchange,0,1,6a8a3f3c-d7f6-4d21-a227-bff0e92058b8
14022,52039,"2026-07-21 19:43:42",NULL,1308,NULL,"2026-07-21 19:50:22",45,AppXchange,0,1,1c00e996-6e19-4a59-ab6f-ef642c8d1be6
14023,52040,"2026-07-21 19:43:43",NULL,1309,NULL,"2026-07-21 19:50:22",45,AppXchange,0,1,4f88dc6a-900b-410c-8b58-421710ec98be
14017,52041,"2026-07-21 19:43:42","2026-07-27 07:00:00",1308,1309,"2026-07-21 19:50:21",45,AppXchange,0,0,66ff3611-bc0c-4177-915f-16d0102f28b4
15744,52041,"2026-07-27 07:00:00",NULL,1309,NULL,"2026-07-28 16:54:59",45,"242606 MOBE IN 07/27/26 - (REC'D 07/27/26)",0,0,7a535b58-ac8d-44fc-9d1f-baf5fdcd158b
16133,52041,"2026-07-27 07:00:00",NULL,1309,NULL,"2026-08-03 17:33:45",45,"242606 MOBE IN 07/27/26 - (REC'D 07/27/26)",0,1,d85741b1-f293-49b5-821f-f69b877b5e7b
14019,52042,"2026-07-21 19:43:42",NULL,1309,NULL,"2026-07-21 19:50:22",45,AppXchange,0,1,293c5ffd-e4b7-4afd-8c46-fcd358eafb89
14015,52043,"2026-07-21 19:43:42",NULL,1309,NULL,"2026-07-21 19:50:21",45,AppXchange,0,1,9a6d6e2b-d503-42ed-baac-fc2420d2d9c7
14016,52044,"2026-07-21 19:43:42",NULL,1309,NULL,"2026-07-21 19:50:21",45,AppXchange,0,1,8c4d4b04-aeac-44c6-99db-71a143ac50c9
14014,52045,"2026-07-21 19:43:42",NULL,1308,NULL,"2026-07-21 19:50:21",45,AppXchange,0,1,806babd0-cb65-4572-81c4-7c4b556b34c8
14029,52046,"2026-07-21 19:43:44",NULL,1309,NULL,"2026-07-21 19:50:23",45,AppXchange,0,1,5af5db8a-cfa0-4a22-84b7-aede08fc87e9
14026,52047,"2026-07-21 19:43:43",NULL,1309,NULL,"2026-07-21 19:50:23",45,AppXchange,0,1,a688798e-3c7a-4613-abf7-290563c66de7
14020,52048,"2026-07-21 19:43:42",NULL,1308,NULL,"2026-07-21 19:50:22",45,AppXchange,0,1,cf86722b-af1e-49f3-94d4-15b336b3699d
14024,52049,"2026-07-21 19:43:43",NULL,1308,NULL,"2026-07-21 19:50:22",45,AppXchange,0,1,e918a81b-92e6-457a-a804-e767e9ae5749
14027,52050,"2026-07-21 19:43:43",NULL,1309,NULL,"2026-07-21 19:50:23",45,AppXchange,0,1,e3dede75-de6c-4fee-a17f-e4ce4936fbf2
14025,52051,"2026-07-21 19:43:43",NULL,1309,NULL,"2026-07-21 19:50:23",45,AppXchange,0,1,125dcdad-2bc0-48a2-b90e-5fdef27916d7
14031,52052,"2026-07-21 19:43:43",NULL,1309,NULL,"2026-07-21 19:50:23",45,AppXchange,0,1,337a1845-d5f9-478b-bc9f-4e5b69bcebd3
14038,52053,"2026-07-21 19:43:44",NULL,1309,NULL,"2026-07-21 19:50:24",45,AppXchange,0,1,6c0a7c4c-819d-46f8-831a-56bcbe32bdf0
14021,52054,"2026-07-21 19:43:43",NULL,1309,NULL,"2026-07-21 19:50:22",45,AppXchange,0,1,d024e02f-89c1-4f27-9485-d8238ddd1a52
14034,52055,"2026-07-21 19:43:44",NULL,1308,NULL,"2026-07-21 19:50:24",45,AppXchange,0,1,8276892e-343d-494f-abb2-926ae79b932c
14030,52056,"2026-07-21 19:43:44",NULL,1309,NULL,"2026-07-21 19:50:23",45,AppXchange,0,1,8d07ee74-44cd-4c1e-b1dd-41325e9eae04
14035,52057,"2026-07-21 19:43:44",NULL,1312,NULL,"2026-07-21 19:50:24",45,AppXchange,0,1,7419f75a-0190-42ae-972b-61ab8ccf7e7f
14033,52058,"2026-07-21 19:43:44","2026-07-20 07:00:00",1312,1309,"2026-07-21 19:50:24",45,AppXchange,0,0,abfc20f3-c189-4584-8a22-ab80958d26e1
15762,52058,"2026-07-20 07:00:00",NULL,1309,NULL,"2026-07-28 17:35:42",45,AppXchange,0,1,8405ec98-a540-4eb6-b15a-66be6a971632
14028,52059,"2026-07-21 19:43:43",NULL,1308,NULL,"2026-07-21 19:50:23",45,AppXchange,0,1,f13f7552-b1a6-461b-a7a8-ebd184d37032
14032,52060,"2026-07-21 19:43:43",NULL,1309,NULL,"2026-07-21 19:50:23",45,AppXchange,0,1,25321d87-63ad-4fa0-b988-930a4131c01a
14036,52061,"2026-07-21 19:43:44",NULL,1312,NULL,"2026-07-21 19:50:24",45,AppXchange,0,1,291fc6e9-29fe-4f7c-8256-4013def9bd7b
14040,52062,"2026-07-21 19:43:44",NULL,1309,NULL,"2026-07-21 19:50:24",45,AppXchange,0,1,0ac36d22-21a3-4121-9699-3bdec5ab9af4
14037,52063,"2026-07-21 19:43:44",NULL,1309,NULL,"2026-07-21 19:50:24",45,AppXchange,0,1,ffc6cc64-a7b1-401a-b8b4-dcd588eeba43
14039,52064,"2026-07-21 19:43:44",NULL,1309,NULL,"2026-07-21 19:50:24",45,AppXchange,0,1,f0d11934-6b19-424d-89bb-f975469e4a9e
14041,52065,"2026-07-21 19:43:45",NULL,1309,NULL,"2026-07-21 19:50:25",45,AppXchange,0,1,49e9c425-5ca0-46d0-96b7-64beff0635a2
14046,52066,"2026-07-21 19:43:45",NULL,1309,NULL,"2026-07-21 19:50:25",45,AppXchange,0,1,9d3891fe-5ff0-43a2-82f2-56a774f62882
14042,52067,"2026-07-21 19:43:45",NULL,1312,NULL,"2026-07-21 19:50:25",45,AppXchange,0,1,4366aa23-8787-4114-bca7-ac423212bbdb
14051,52068,"2026-07-21 19:43:45",NULL,1309,NULL,"2026-07-21 19:50:26",45,AppXchange,0,1,25ed9972-9d8b-4d84-9eb0-a3a2017c67f1
14053,52069,"2026-07-21 19:43:46",NULL,1312,NULL,"2026-07-21 19:50:26",45,AppXchange,0,1,6a1c47ff-dfd2-4b92-b81c-857956b12eb9
14043,52070,"2026-07-21 19:43:45",NULL,1309,NULL,"2026-07-21 19:50:25",45,AppXchange,0,1,74d96930-81f0-44d2-94db-886895d1bf25
14048,52071,"2026-07-21 19:43:46",NULL,1309,NULL,"2026-07-21 19:50:26",45,AppXchange,0,1,b4c28795-f3e7-42e9-9f44-47c0bd3057b5
14045,52072,"2026-07-21 19:43:45",NULL,1309,NULL,"2026-07-21 19:50:25",45,AppXchange,0,1,e0f8fc85-312d-4b40-a66e-709376a544d5
14044,52073,"2026-07-21 19:43:45",NULL,1309,NULL,"2026-07-21 19:50:25",45,AppXchange,0,1,770697c3-ebc7-48ed-a2ce-d68d1d7f12db
14047,52074,"2026-07-21 19:43:45",NULL,1309,NULL,"2026-07-21 19:50:26",45,AppXchange,0,1,6ad36212-99d9-49f1-9946-972a8dd8a2f2
14055,52075,"2026-07-21 19:43:46",NULL,1310,NULL,"2026-07-21 19:50:27",45,AppXchange,0,1,9d6999cb-8ba6-48cb-ab57-a6bc1a950794
14052,52076,"2026-07-21 19:43:46",NULL,1309,NULL,"2026-07-21 19:50:26",45,AppXchange,0,1,27eba965-44db-4423-a108-0b19e0a4c6cf
14049,52077,"2026-07-21 19:43:45",NULL,1312,NULL,"2026-07-21 19:50:26",45,AppXchange,0,1,abfe2f1d-475b-4b82-8aa1-0803cbf22551
14050,52078,"2026-07-21 19:43:45",NULL,1309,NULL,"2026-07-21 19:50:26",45,AppXchange,0,1,66575165-1d4e-4a28-9864-f82626cea500
14057,52079,"2026-07-21 19:43:46",NULL,1312,NULL,"2026-07-21 19:50:27",45,AppXchange,0,1,294565e4-d38b-4b39-8b49-90877985954a
14054,52080,"2026-07-21 19:43:46",NULL,1309,NULL,"2026-07-21 19:50:27",45,AppXchange,0,1,6a098029-8a05-426e-9a0d-fbf839c3b26d
14059,52081,"2026-07-21 19:43:46",NULL,1309,NULL,"2026-07-21 19:50:27",45,AppXchange,0,1,6bcff5c6-6291-407e-97de-eec944fd39ee
14065,52082,"2026-07-21 19:43:47",NULL,1309,NULL,"2026-07-21 19:50:28",45,AppXchange,0,1,3dc96120-21f4-44d0-a4dc-391109ce211e
14058,52083,"2026-07-21 19:43:46",NULL,1309,NULL,"2026-07-21 19:50:27",45,AppXchange,0,1,49f21ec0-c333-4a7e-8121-bd4405101d25
14060,52084,"2026-07-21 19:43:47",NULL,1312,NULL,"2026-07-21 19:50:27",45,AppXchange,0,1,455efd7c-bc28-4dd4-97d6-c622b4b00177
14056,52085,"2026-07-21 19:43:46",NULL,1309,NULL,"2026-07-21 19:50:27",45,AppXchange,0,1,ef93ab23-35f6-4b2a-ae53-72f74e7d69fe
14061,52086,"2026-07-21 19:43:46",NULL,1312,NULL,"2026-07-21 19:50:28",45,AppXchange,0,1,054b0134-a842-4b9f-b142-1bc77b0217ca
14064,52087,"2026-07-21 19:43:47",NULL,1309,NULL,"2026-07-21 19:50:28",45,AppXchange,0,1,930ca3bd-9a11-4db1-be8b-3dd4ec6471d4
14062,52088,"2026-07-21 19:43:47",NULL,1309,NULL,"2026-07-21 19:50:28",45,AppXchange,0,1,643cd423-416b-4370-ab1f-4534150fffb6
14063,52089,"2026-07-21 19:43:47",NULL,1309,NULL,"2026-07-21 19:50:28",45,AppXchange,0,1,fbbf21d2-f918-4bd9-a494-3811497b62ce
14066,52090,"2026-07-21 19:43:47",NULL,1309,NULL,"2026-07-21 19:50:29",45,AppXchange,0,1,af75a5c5-2132-4ef4-86f0-fe19638c7803
14069,52091,"2026-07-21 19:43:47",NULL,1309,NULL,"2026-07-21 19:50:30",45,AppXchange,0,1,17bb21df-94a7-49a1-a257-4e5c803ddb12
14077,52092,"2026-07-21 19:43:48",NULL,1309,NULL,"2026-07-21 19:50:32",45,AppXchange,0,1,03a2a551-34e4-41bb-b0e0-004d22c09e12
14067,52093,"2026-07-21 19:43:47",NULL,1309,NULL,"2026-07-21 19:50:29",45,AppXchange,0,1,42d159b4-45f3-4991-8075-59dca0fc3a49
14071,52094,"2026-07-21 19:43:47",NULL,1312,NULL,"2026-07-21 19:50:30",45,AppXchange,0,1,6be21691-dc60-4e46-bdb4-b7bb6640f60e
14068,52095,"2026-07-21 19:43:47",NULL,1309,NULL,"2026-07-21 19:50:29",45,AppXchange,0,1,ad0dfa3d-33dc-49d7-b230-29ec85bc7ba9
14070,52096,"2026-07-21 19:43:47",NULL,1309,NULL,"2026-07-21 19:50:30",45,AppXchange,0,1,e734dbbc-5d2f-4187-9aee-5ba743a293f4
14072,52097,"2026-07-21 19:43:47","2026-08-07 07:00:00",1309,1308,"2026-07-21 19:50:30",45,AppXchange,0,0,5bfd221d-0e49-4799-9d09-077b4cfb1f37
16241,52097,"2026-08-07 07:00:00",NULL,1308,NULL,"2026-08-10 18:32:24",45,Vista,0,1,18db1cf5-bcfa-42b6-918d-9600bb256f18
14075,52098,"2026-07-21 19:43:48",NULL,1309,NULL,"2026-07-21 19:50:31",45,AppXchange,0,1,473843ec-08d6-4948-8a13-5018bd4634f3
14076,52099,"2026-07-21 19:43:47",NULL,1309,NULL,"2026-07-21 19:50:31",45,AppXchange,0,1,0b55abeb-350d-4394-ba12-43494969e6da
14073,52100,"2026-07-21 19:43:48",NULL,1308,NULL,"2026-07-21 19:50:31",45,AppXchange,0,1,792045e7-ccc0-40f0-88de-04ae28b09c98
14074,52101,"2026-07-21 19:43:48",NULL,1312,NULL,"2026-07-21 19:50:31",45,AppXchange,0,1,e2725af7-4e2a-4a72-a3f8-8c09e71ba32e
14078,52102,"2026-07-21 19:43:48",NULL,1309,NULL,"2026-07-21 19:50:32",45,AppXchange,0,1,a10ef583-fbb1-4445-9567-b0ae9d7fe2b6
14080,52103,"2026-07-21 19:43:48",NULL,1309,NULL,"2026-07-21 19:50:32",45,AppXchange,0,1,67bdefd4-5135-4ee3-9c96-5e243fb7b9b9
14082,52104,"2026-07-21 19:43:48","2026-07-20 07:00:00",1312,1309,"2026-07-21 19:50:33",45,AppXchange,0,0,d421ffc7-54cb-42fa-9459-18f727681d8e
15748,52104,"2026-07-20 07:00:00",NULL,1309,NULL,"2026-07-28 16:55:35",45,AppXchange,0,1,f83d9f54-1e85-436e-a8eb-25f136e823ab
14081,52105,"2026-07-21 19:43:48","2026-07-20 07:00:00",1312,1309,"2026-07-21 19:50:32",45,AppXchange,0,0,b9aeff11-a333-44c6-b8b3-761bb45cb71b
15758,52105,"2026-07-20 07:00:00",NULL,1309,NULL,"2026-07-28 16:55:42",45,AppXchange,0,1,ab4f501d-aae0-49a9-9db7-337799649e17
14085,52106,"2026-07-21 19:43:49",NULL,1309,NULL,"2026-07-21 19:50:33",45,AppXchange,0,1,9955429e-fbc5-411b-bba3-5f65d42d51f1
14083,52107,"2026-07-21 19:43:48",NULL,1309,NULL,"2026-07-21 19:50:33",45,AppXchange,0,1,b8649eb0-eabc-4115-9ab8-7d122b83ba44
14087,52108,"2026-07-21 19:43:49",NULL,1308,NULL,"2026-07-21 19:50:34",45,AppXchange,0,1,7c087365-95c8-4655-8821-05f029a5299c
14079,52109,"2026-07-21 19:43:48",NULL,1309,NULL,"2026-07-21 19:50:32",45,AppXchange,0,1,885154d4-abb5-471b-a974-efb132558338
14088,52110,"2026-07-21 19:43:49",NULL,1309,NULL,"2026-07-21 19:51:06",45,AppXchange,0,1,8e66cc24-0270-4856-9ea5-a8579210cc55
14084,52111,"2026-07-21 19:43:48","2026-08-06 07:00:00",1308,1309,"2026-07-21 19:50:33",45,AppXchange,0,0,722632db-cfe3-408e-8e83-0dc31dfb6c60
16176,52111,"2026-08-06 07:00:00",NULL,1309,NULL,"2026-08-06 15:33:42",45,AppXchange,0,1,09671e5c-6545-4f89-a046-cac1c45a54aa
14086,52112,"2026-07-21 19:43:49",NULL,1309,NULL,"2026-07-21 19:50:33",45,AppXchange,0,1,e10b9058-1f72-43a2-9e40-5c25e10b506d
14096,52113,"2026-07-21 19:43:49",NULL,1309,NULL,"2026-07-21 19:51:08",45,AppXchange,0,1,eef5585e-48a4-4494-a00e-ab4996077aee
14110,52114,"2026-07-21 19:43:50",NULL,1309,NULL,"2026-07-21 19:51:09",45,AppXchange,0,1,f12246e5-4d25-4c1f-927a-a4e3d96f2a9d
14095,52115,"2026-07-21 19:43:49",NULL,1308,NULL,"2026-07-21 19:51:07",45,AppXchange,0,1,d9ee38cd-05cf-4820-aac2-521fdd7686f2
14091,52116,"2026-07-21 19:43:49","2026-07-25 07:00:00",1310,1309,"2026-07-21 19:51:07",45,AppXchange,0,0,775b9739-f437-43bf-8637-cd51c7f493c5
15743,52116,"2026-07-25 07:00:00",NULL,1309,NULL,"2026-07-28 16:54:59",45,AppXchange,0,0,2c7ef003-e073-47a7-8cde-2aa22502450c
16150,52116,"2026-07-25 07:00:00",NULL,1309,NULL,"2026-08-04 14:35:54",45,AppXchange,0,1,40878367-f2f8-41f2-94de-8ecb92872352
14098,52117,"2026-07-21 19:43:50",NULL,1309,NULL,"2026-07-21 19:51:08",45,AppXchange,0,1,552160d2-e8e9-479c-8a44-024a546f86f3
14093,52118,"2026-07-21 19:43:49","2026-08-11 07:00:00",1309,1312,"2026-07-21 19:51:07",45,AppXchange,0,0,194c0c61-dcea-47b6-92ba-8eeb42a032db
16342,52118,"2026-08-11 07:00:00",NULL,1312,NULL,"2026-08-14 16:03:34",45,Vista,0,1,765ae575-fdd2-4fd8-8e58-bdde84a9c7a4
14100,52119,"2026-07-21 19:43:50",NULL,1308,NULL,"2026-07-21 19:51:08",45,AppXchange,0,1,70cf23ae-e231-4306-9928-b3ba4f986f29
14089,52120,"2026-07-21 19:43:49",NULL,1308,NULL,"2026-07-21 19:51:07",45,AppXchange,0,1,b01b05d7-919e-4e0a-8baa-9b752bd47e0e
14092,52121,"2026-07-21 19:43:49",NULL,1309,NULL,"2026-07-21 19:51:07",45,AppXchange,0,1,dac32704-53f4-497a-aa8b-a48c6796e849
14097,52122,"2026-07-21 19:43:50",NULL,1309,NULL,"2026-07-21 19:51:08",45,AppXchange,0,1,5495711a-8765-410d-ad82-f331bf5608dd
14102,52123,"2026-07-21 19:43:50",NULL,1309,NULL,"2026-07-21 19:51:08",45,AppXchange,0,1,ab2981bb-20f1-4c15-ae7d-3ca81c6d1c76
14090,52124,"2026-07-21 19:43:49","2026-08-01 07:00:00",1310,1308,"2026-07-21 19:51:07",45,AppXchange,0,0,ce08770e-9194-4408-843e-60db854afed7
15756,52124,"2026-07-20 07:00:00",NULL,1309,NULL,"2026-07-28 16:55:40",45,AppXchange,0,1,87705a15-5e82-4e3b-b937-148af893a9a9
16129,52124,"2026-08-01 07:00:00",NULL,1308,NULL,"2026-08-03 15:33:48",45,AppXchange,0,1,76091465-13f0-4e35-aeea-69c82e9f3c1b
14101,52125,"2026-07-21 19:43:50",NULL,1309,NULL,"2026-07-21 19:51:08",45,AppXchange,0,1,9f08040b-02ba-468a-aaaf-05c961ccac91
14094,52126,"2026-07-21 19:43:50",NULL,1309,NULL,"2026-07-21 19:51:07",45,AppXchange,0,1,bc81c1c8-eb6c-46c1-acf6-2688fdcb1411
14099,52127,"2026-07-21 19:43:50",NULL,1308,NULL,"2026-07-21 19:51:08",45,AppXchange,0,1,0bc40068-c520-4bbe-98a2-2ab4ba3ce830
14103,52128,"2026-07-21 19:43:50","2026-08-07 07:00:00",1309,1309,"2026-07-21 19:51:09",45,AppXchange,0,0,24d31bf7-507e-4573-b83e-63d8baa37243
16132,52128,"2026-07-16 07:00:00",NULL,1308,NULL,"2026-08-03 15:33:49",45,"330 MOBE OUT TO 502401 08/03/26 - (REC'D 08/03/26) @ 1242 HRS",0,1,207a31df-0f99-4e9d-852c-3a04ba91d209
16205,52128,"2026-08-07 07:00:00",NULL,1309,NULL,"2026-08-07 13:32:55",45,Vista,0,1,a930a6c2-68d7-4bae-b347-5d7989df01ea
14113,52129,"2026-07-21 19:43:51",NULL,1309,NULL,"2026-07-21 19:51:10",45,AppXchange,0,1,53582a13-79fa-4f1c-ab5f-0b3ce538fadc
14104,52130,"2026-07-21 19:43:50",NULL,1309,NULL,"2026-07-21 19:51:09",45,AppXchange,0,1,ac5e6a71-3e2a-4ea5-a078-172e45b5cd19
14111,52131,"2026-07-21 19:43:50",NULL,1308,NULL,"2026-07-21 19:51:10",45,AppXchange,0,1,7ad50057-1d6d-4230-8bb3-4b4a4a1593fc
14107,52132,"2026-07-21 19:43:51",NULL,1309,NULL,"2026-07-21 19:51:09",45,AppXchange,0,1,fb511308-737f-46a5-9d77-443fce3ccd31
14109,52133,"2026-07-21 19:43:51",NULL,1309,NULL,"2026-07-21 19:51:09",45,AppXchange,0,1,d912ed2a-c23a-430f-86fd-20f6a6aa17fe
14108,52134,"2026-07-21 19:43:51",NULL,1309,NULL,"2026-07-21 19:51:09",45,AppXchange,0,1,7ee0d884-4da2-47db-bbc0-4a41f3b1bcfa
14105,52135,"2026-07-21 19:43:51","2026-08-03 07:00:00",1309,1309,"2026-07-21 19:51:09",45,AppXchange,0,0,509f92fa-ce0b-48e9-be08-f8bef74c190c
16149,52135,"2026-08-01 07:00:00",NULL,1308,NULL,"2026-08-04 14:35:53",45,AppXchange,0,1,ec3ef773-04a6-4dfc-b6c3-ead42e3c62c7
16242,52135,"2026-08-03 07:00:00",NULL,1309,NULL,"2026-08-10 18:32:25",45,Vista,0,1,33668392-e201-4ab6-82f1-f8ca79f142c6
14106,52136,"2026-07-21 19:43:51","2026-08-03 07:00:00",1309,1309,"2026-07-21 19:51:09",45,AppXchange,0,0,e9122076-f820-4055-aac3-570655dd4a9e
16131,52136,"2026-07-27 07:00:00",NULL,1310,NULL,"2026-08-03 15:33:49",45,AppXchange,0,1,6552f954-2e68-4f83-bc3f-1e703b7c5d5a
16215,52136,"2026-08-03 07:00:00",NULL,1309,NULL,"2026-08-07 21:03:56",45,Vista,0,1,af9465e8-851d-4700-b06c-d479e7384d83
14115,52137,"2026-07-21 19:43:51","2026-07-23 07:00:00",1308,1309,"2026-07-21 19:51:10",45,AppXchange,0,0,1ad14d59-0714-4879-8814-29e72f86f9bd
15759,52137,"2026-07-23 07:00:00",NULL,1309,NULL,"2026-07-28 16:55:42",45,AppXchange,0,1,bf6bcea7-07ca-4208-b3f9-78574468b4f7
14117,52138,"2026-07-21 19:43:52",NULL,1312,NULL,"2026-07-21 19:51:10",45,AppXchange,0,1,fc1778df-4184-444a-b8de-f2e179de84e0
14116,52139,"2026-07-21 19:43:51",NULL,1312,NULL,"2026-07-21 19:51:10",45,AppXchange,0,1,8dca50e6-722c-4b8c-a594-fad73e22500e
14119,52140,"2026-07-21 19:43:52",NULL,1309,NULL,"2026-07-21 19:51:11",45,AppXchange,0,1,d3629b06-89dd-4704-9425-8b61fbb06250
14114,52141,"2026-07-21 19:43:52",NULL,1309,NULL,"2026-07-21 19:51:10",45,AppXchange,0,1,dc69e888-0ab6-4b7f-b2c6-9dd9dbb75b74
14112,52142,"2026-07-21 19:43:51",NULL,1309,NULL,"2026-07-21 19:51:10",45,AppXchange,0,1,916b749e-9c33-45f1-b301-93dc60e702c6
14121,52143,"2026-07-21 19:43:52",NULL,1309,NULL,"2026-07-21 19:51:11",45,AppXchange,0,1,c4c056ad-030e-4a47-bd86-45cac3fbd542
14118,52144,"2026-07-21 19:43:52",NULL,1309,NULL,"2026-07-21 19:51:11",45,AppXchange,0,1,3476ab82-9a34-4cab-877a-bee14b3f4a8e
14132,52145,"2026-07-21 19:43:53",NULL,1309,NULL,"2026-07-21 19:51:12",45,AppXchange,0,1,1a063120-1188-4bc1-97b2-7e70693a738a
14122,52146,"2026-07-21 19:43:52",NULL,1309,NULL,"2026-07-21 19:51:11",45,AppXchange,0,1,b3e70f83-638d-4e45-86ad-34f39f11d2fc
14120,52147,"2026-07-21 19:43:52",NULL,1309,NULL,"2026-07-21 19:51:11",45,AppXchange,0,1,5f0b92b2-ce84-46aa-9e4d-78ea914c676c
14129,52148,"2026-07-21 19:43:53",NULL,1309,NULL,"2026-07-21 19:51:12",45,AppXchange,0,1,401beee8-d213-4c24-92b7-c63aa745c32b
14131,52149,"2026-07-21 19:43:53",NULL,1309,NULL,"2026-07-21 19:51:12",45,AppXchange,0,1,739d7cf4-b5fb-4a2a-888d-5587e9f9f2c8
14127,52150,"2026-07-21 19:43:53",NULL,1309,NULL,"2026-07-21 19:51:12",45,AppXchange,0,1,547181f5-c51d-40e5-8afa-71bfdd5e123f
14126,52151,"2026-07-21 19:43:52",NULL,1309,NULL,"2026-07-21 19:51:12",45,AppXchange,0,1,ac14bcd8-67b2-482d-a860-80a23f058b65
14137,52152,"2026-07-21 19:43:54",NULL,1308,NULL,"2026-07-21 19:51:12",45,AppXchange,0,1,cd4bf91b-595c-4c9e-a85e-2fb0efea11f6
14125,52153,"2026-07-21 19:43:53",NULL,1308,NULL,"2026-07-21 19:51:11",45,AppXchange,0,1,dee28219-6c82-4baf-9a0b-bd4ff0298eb6
14136,52154,"2026-07-21 19:43:54",NULL,1309,NULL,"2026-07-21 19:51:12",45,AppXchange,0,1,1b4f066e-17b7-4d32-af74-99b225089f1d
14123,52155,"2026-07-21 19:43:52",NULL,1309,NULL,"2026-07-21 19:51:11",45,AppXchange,0,1,fb7047a7-7b37-4997-b5a7-249916553a18
14128,52156,"2026-07-21 19:43:53",NULL,1309,NULL,"2026-07-21 19:51:12",45,AppXchange,0,1,1f370e09-ae6b-450e-83c3-2c76c55dcf3a
14133,52157,"2026-07-21 19:43:54","2026-08-10 07:00:00",1308,1308,"2026-07-21 19:51:12",45,AppXchange,0,0,2e4c6d2a-032b-4b7f-a291-de21ae129564
16127,52157,"2026-07-27 07:00:00",NULL,1309,NULL,"2026-08-03 14:34:58",45,AppXchange,0,1,0ef7ce46-61e3-4f3a-837b-88c67e2f6b08
16348,52157,"2026-08-10 07:00:00",NULL,1308,NULL,"2026-08-14 17:03:42",45,Vista,0,1,293e3fb4-6941-4d12-bcf7-b10577e7cb52
14134,52158,"2026-07-21 19:43:53",NULL,1309,NULL,"2026-07-21 19:51:12",45,AppXchange,0,1,614e8311-1734-4390-8793-58937da94f5c
14124,52159,"2026-07-21 19:43:52",NULL,1309,NULL,"2026-07-21 19:51:11",45,AppXchange,0,1,0f98d29c-1244-497f-abf6-826dc63a6920
14135,52160,"2026-07-21 19:43:54",NULL,1309,NULL,"2026-07-21 19:51:12",45,AppXchange,0,1,e416e4cf-c5a3-4304-adf3-ae240093aeca
14130,52161,"2026-07-21 19:43:53",NULL,1309,NULL,"2026-07-21 19:51:12",45,AppXchange,0,1,0896d514-33d8-4430-a2b9-1a91047dd13f
14148,52162,"2026-07-21 19:43:55",NULL,1308,NULL,"2026-07-21 19:51:37",45,AppXchange,0,1,25ce129c-8471-4215-b378-8fea157f38dd
14159,52163,"2026-07-21 19:43:56",NULL,1309,NULL,"2026-07-21 19:51:38",45,AppXchange,0,1,b11dd111-008d-432f-9722-88d04e66ed06
14151,52164,"2026-07-21 19:43:55",NULL,1309,NULL,"2026-07-21 19:51:37",45,AppXchange,0,1,db39794f-8fef-4810-abf7-af6d4f7e338f
14138,52165,"2026-07-21 19:43:54",NULL,1309,NULL,"2026-07-21 19:51:13",45,AppXchange,0,1,159e1c10-344a-4f8e-80ac-bc843a804c34
14139,52166,"2026-07-21 19:43:54",NULL,1308,NULL,"2026-07-21 19:51:13",45,AppXchange,0,1,749a4936-1333-4596-9c84-58d3a3cd6612
14140,52167,"2026-07-21 19:43:54",NULL,1309,NULL,"2026-07-21 19:51:13",45,AppXchange,0,1,d27ef6b4-dcaa-4039-822e-1611a52e9937
14155,52168,"2026-07-21 19:43:55",NULL,1309,NULL,"2026-07-21 19:51:37",45,AppXchange,0,1,f9a6fec3-dc0e-4a7f-8327-853e233aa839
14147,52169,"2026-07-21 19:43:55",NULL,1309,NULL,"2026-07-21 19:51:36",45,AppXchange,0,1,ed6278d6-d633-4df3-94df-27cd7831e2c8
14141,52170,"2026-07-21 19:43:54",NULL,1309,NULL,"2026-07-21 19:51:13",45,AppXchange,0,1,6564a1a3-84e6-4a40-b39c-2e958ed8a98a
14145,52171,"2026-07-21 19:43:55",NULL,1312,NULL,"2026-07-21 19:51:36",45,AppXchange,0,1,9cb8ee48-eee1-49e1-bc66-71fa1cef8bba
14160,52172,"2026-07-21 19:43:56",NULL,1309,NULL,"2026-07-21 19:51:38",45,AppXchange,0,1,839b9819-5b6e-4a18-823b-8f56e3bf0845
14152,52173,"2026-07-21 19:43:56",NULL,1309,NULL,"2026-07-21 19:51:37",45,AppXchange,0,1,ef0bfeb1-8333-4db5-858d-68462450557d
14162,52174,"2026-07-21 19:43:57",NULL,1309,NULL,"2026-07-21 19:51:38",45,AppXchange,0,1,e605f1f0-4c2c-445f-949a-266ca086a52b
14149,52175,"2026-07-21 19:43:55","2026-07-20 07:00:00",1312,1309,"2026-07-21 19:51:37",45,AppXchange,0,0,68cd5e00-a891-49fb-b41d-fbc4b847b511
15740,52175,"2026-07-20 07:00:00",NULL,1309,NULL,"2026-07-28 16:54:59",45,AppXchange,0,1,a2c1c373-e8a3-455e-92b0-485ba7357883
14158,52176,"2026-07-21 19:43:56",NULL,1309,NULL,"2026-07-21 19:51:38",45,AppXchange,0,1,a98e2897-87df-4013-ba1e-b46c135e1c61
14144,52177,"2026-07-21 19:43:55",NULL,1309,NULL,"2026-07-21 19:51:36",45,AppXchange,0,1,75d86c67-68f2-4a66-a777-af1ce4ef6cda
14161,52178,"2026-07-21 19:43:56",NULL,1309,NULL,"2026-07-21 19:51:38",45,AppXchange,0,1,b80d765f-37f8-4533-8976-4d686a78cacd
14143,52179,"2026-07-21 19:43:54","2026-07-31 07:00:00",1309,1308,"2026-07-21 19:51:13",45,AppXchange,0,0,7bbaefa1-9a6b-41da-ad8a-e4f33aaf4b17
15751,52179,"2026-07-31 07:00:00",NULL,1308,NULL,"2026-07-28 16:55:37",45,AppXchange,0,1,ca905f79-8558-4f13-bc00-1f007ac9a430
14146,52180,"2026-07-21 19:43:55",NULL,1309,NULL,"2026-07-21 19:51:36",45,AppXchange,0,1,501f7b99-9068-4a84-a661-e59ba28f4503
14157,52181,"2026-07-21 19:43:56",NULL,1309,NULL,"2026-07-21 19:51:38",45,AppXchange,0,1,5f0a0216-d1be-4719-a128-99a8b4507a3d
14142,52182,"2026-07-21 19:43:54",NULL,1309,NULL,"2026-07-21 19:51:13",45,AppXchange,0,1,36d98e3b-0ef7-4237-a2d7-84b3ff33f4da
14156,52183,"2026-07-21 19:43:55",NULL,1309,NULL,"2026-07-21 19:51:37",45,AppXchange,0,1,f71a19b5-bcf3-4b0a-b197-027d30cf1165
14154,52184,"2026-07-21 19:43:56",NULL,1309,NULL,"2026-07-21 19:51:37",45,AppXchange,0,1,154766d0-adf5-4a5b-a05e-55d3fb7d0a9a
14150,52185,"2026-07-21 19:43:56",NULL,1309,NULL,"2026-07-21 19:51:37",45,AppXchange,0,1,9a193e88-7a15-49e9-82d7-993f0c41c103
14153,52186,"2026-07-21 19:43:56",NULL,1308,NULL,"2026-07-21 19:51:37",45,AppXchange,0,1,115bbc59-3679-4689-a80a-9b89940c6699
14163,52187,"2026-07-21 19:43:57",NULL,1309,NULL,"2026-07-21 19:51:38",45,AppXchange,0,1,d0904bf3-11cf-4a84-aa5a-62a2c545f1c0
14164,52188,"2026-07-21 19:43:57",NULL,1309,NULL,"2026-07-21 19:51:38",45,AppXchange,0,1,4219d22a-c0b4-45a7-b426-ff9ec6db80f7
14166,52189,"2026-07-21 19:43:57",NULL,1309,NULL,"2026-07-21 19:51:39",45,AppXchange,0,1,01dc676c-ddb8-4663-8a5c-d39e0c9bd535
14165,52190,"2026-07-21 19:43:57",NULL,1309,NULL,"2026-07-21 19:51:39",45,AppXchange,0,1,812f0c7b-538f-422f-a321-45e97f2937d9
14169,52191,"2026-07-21 19:43:57",NULL,1309,NULL,"2026-07-21 19:51:39",45,AppXchange,0,1,414dd306-94c1-47eb-88ca-7d9fa09c7661
14173,52192,"2026-07-21 19:43:58",NULL,1309,NULL,"2026-07-21 19:51:39",45,AppXchange,0,1,0e94b9c2-b8ff-4a22-b95f-addd45f11dd1
14176,52193,"2026-07-21 19:43:58",NULL,1309,NULL,"2026-07-21 19:51:40",45,AppXchange,0,1,d7737e6c-9835-45c0-a7ef-daf9c0336c34
14170,52194,"2026-07-21 19:43:58",NULL,1309,NULL,"2026-07-21 19:51:39",45,AppXchange,0,1,b0eb7af5-2f6c-4476-b497-cf8582f32ed7
14167,52195,"2026-07-21 19:43:57",NULL,1309,NULL,"2026-07-21 19:51:39",45,AppXchange,0,1,fb72ab50-5701-418a-bf5a-c12cccfbdded
14171,52196,"2026-07-21 19:43:58",NULL,1309,NULL,"2026-07-21 19:51:39",45,AppXchange,0,1,6e7c9d77-adb9-4c72-a775-43784f815e89
14182,52197,"2026-07-21 19:43:58",NULL,1309,NULL,"2026-07-21 19:51:40",45,AppXchange,0,1,e48c3c6e-aad8-4efa-a172-7dd04910b437
14168,52198,"2026-07-21 19:43:57",NULL,1309,NULL,"2026-07-21 19:51:39",45,AppXchange,0,1,4f946ccb-8167-4ecd-a5a5-d6d37ec54d79
14178,52199,"2026-07-21 19:43:58",NULL,1312,NULL,"2026-07-21 19:51:40",45,AppXchange,0,1,549ab11e-6069-415b-b720-e10b371d9f34
14172,52200,"2026-07-21 19:43:58",NULL,1309,NULL,"2026-07-21 19:51:39",45,AppXchange,0,1,d24e7f41-5087-4252-92ac-1b9773a2fa06
14181,52201,"2026-07-21 19:43:58",NULL,1309,NULL,"2026-07-21 19:51:40",45,AppXchange,0,1,6abc179c-91f9-4caa-8bed-8be1f76a360f
14175,52202,"2026-07-21 19:43:58",NULL,1309,NULL,"2026-07-21 19:51:40",45,AppXchange,0,1,3defa8ad-db61-49df-8d36-f6f2247958ac
14179,52203,"2026-07-21 19:43:58","2026-08-17 07:00:00",1309,1308,"2026-07-21 19:51:40",45,AppXchange,0,0,d106dab5-ba3d-4082-a489-a3052741bc70
16392,52203,"2026-08-17 07:00:00",NULL,1308,NULL,"2026-08-17 15:04:27",45,Vista,0,1,33ce2d30-3802-4a98-8258-e97ebed68fd6
14184,52204,"2026-07-21 19:43:59",NULL,1309,NULL,"2026-07-21 19:51:41",45,AppXchange,0,1,8bb8940a-e17c-45cf-990a-eec736547ec1
14180,52205,"2026-07-21 19:43:58",NULL,1309,NULL,"2026-07-21 19:51:40",45,AppXchange,0,1,cbc2a6ca-becb-4f8c-a741-a286b7c15b4a
14174,52206,"2026-07-21 19:43:58",NULL,1309,NULL,"2026-07-21 19:51:40",45,AppXchange,0,1,4dda52b2-5c86-45e3-a6c5-a13c82623722
14177,52207,"2026-07-21 19:43:58",NULL,1309,NULL,"2026-07-21 19:51:40",45,AppXchange,0,1,78aee11b-21c4-4a7b-9063-7b31e842dbe1
14187,52208,"2026-07-21 19:43:59",NULL,1309,NULL,"2026-07-21 19:51:41",45,AppXchange,0,1,4fb89275-5c8b-49fc-afd5-696cc0797af9
14185,52209,"2026-07-21 19:43:59",NULL,1309,NULL,"2026-07-21 19:51:41",45,AppXchange,0,1,fcd25e7e-92a2-4697-9d05-c713c3fed982
14183,52210,"2026-07-21 19:43:58",NULL,1309,NULL,"2026-07-21 19:51:41",45,AppXchange,0,1,42ec31d0-7426-4038-b242-147013e5a977
14186,52211,"2026-07-21 19:43:59",NULL,1309,NULL,"2026-07-21 19:51:41",45,AppXchange,0,1,6b218fa9-5830-4263-9af0-315b40b9a94d
14190,52212,"2026-07-21 19:43:59",NULL,1312,NULL,"2026-07-21 19:51:41",45,AppXchange,0,1,675145ec-320b-4be6-ab15-6ca2e8d26a6d
14189,52213,"2026-07-21 19:43:59",NULL,1308,NULL,"2026-07-21 19:51:41",45,AppXchange,0,1,4ed5b674-9184-431f-8ca2-4837e6ee603b
14188,52214,"2026-07-21 19:43:59",NULL,1312,NULL,"2026-07-21 19:51:41",45,AppXchange,0,1,3e3bd855-2606-49dd-a337-be516da7c840
14192,52215,"2026-07-21 19:43:59",NULL,1309,NULL,"2026-07-21 19:51:42",45,AppXchange,0,1,d7fc64f8-4f4d-420a-861d-acb8bbe75c55
14191,52216,"2026-07-21 19:43:59",NULL,1308,NULL,"2026-07-21 19:51:42",45,AppXchange,0,1,0dacb95f-16dc-4d97-bcc3-0140b7844026
14196,52217,"2026-07-21 19:43:59",NULL,1309,NULL,"2026-07-21 19:51:42",45,AppXchange,0,1,a244c251-3570-4e8e-af8b-0b030e139e5b
14193,52218,"2026-07-21 19:43:59","2026-08-10 07:00:00",1309,1308,"2026-07-21 19:51:42",45,AppXchange,0,0,afce03cf-08e9-4b1e-9641-e847a27116b0
16404,52218,"2026-08-10 07:00:00",NULL,1308,NULL,"2026-08-17 20:22:44",45,Vista,0,1,3e74e195-b089-4cfd-a78e-bae351f27b62
14194,52219,"2026-07-21 19:43:59",NULL,1309,NULL,"2026-07-21 19:51:42",45,AppXchange,0,1,893b071c-394d-491a-b6c7-ae12422c9cfe
14195,52220,"2026-07-21 19:44:00",NULL,1309,NULL,"2026-07-21 19:51:42",45,AppXchange,0,1,1177bc07-8851-4085-8dc7-c2f1ee88fd84
14200,52221,"2026-07-21 19:44:00",NULL,1309,NULL,"2026-07-21 19:51:43",45,AppXchange,0,1,db04a0ca-1b67-4a53-a521-56a4e9ca0bb8
14205,52222,"2026-07-21 19:44:00",NULL,1309,NULL,"2026-07-21 19:51:43",45,AppXchange,0,1,a3562e6b-21fd-4e85-8109-c8bc9fa7d36f
14206,52223,"2026-07-21 19:44:00",NULL,1309,NULL,"2026-07-21 19:51:43",45,AppXchange,0,1,ac0ead32-4077-438b-b2f3-447921ef3377
14210,52224,"2026-07-21 19:44:00",NULL,1309,NULL,"2026-07-21 19:51:44",45,AppXchange,0,1,1c3ecba2-61c5-4373-bb37-90343fdb66c0
14198,52225,"2026-07-21 19:44:00",NULL,1309,NULL,"2026-07-21 19:51:42",45,AppXchange,0,1,759596e4-074d-4e52-b021-d8dcd478d75e
14207,52226,"2026-07-21 19:44:00",NULL,1309,NULL,"2026-07-21 19:51:43",45,AppXchange,0,1,eebefada-ace0-4444-be93-751c7c0a556d
14199,52227,"2026-07-21 19:44:00",NULL,1312,NULL,"2026-07-21 19:51:42",45,AppXchange,0,1,eb963105-7013-4eb8-8a04-5ec3b5970531
14204,52228,"2026-07-21 19:44:00",NULL,1309,NULL,"2026-07-21 19:51:43",45,AppXchange,0,1,44b3fd19-7f00-43aa-b946-e7dc1986635d
14208,52229,"2026-07-21 19:44:00","2026-08-07 07:00:00",1310,1309,"2026-07-21 19:51:43",45,AppXchange,0,0,943def7f-efc6-41b8-b74a-d8c698063d2a
16207,52229,"2026-08-07 07:00:00",NULL,1309,NULL,"2026-08-07 13:32:56",45,Vista,0,1,864ce835-572b-48bc-b364-98f2822aff37
14197,52230,"2026-07-21 19:44:00",NULL,1312,NULL,"2026-07-21 19:51:42",45,AppXchange,0,1,d6d38eb4-cb3b-4670-8c2a-0bc43be6b480
14211,52231,"2026-07-21 19:44:01",NULL,1309,NULL,"2026-07-21 19:51:44",45,AppXchange,0,1,ddb6a4df-2f30-4a64-a561-d6c855eb556d
14212,52232,"2026-07-21 19:44:01",NULL,1312,NULL,"2026-07-21 19:51:44",45,AppXchange,0,1,7e4bc5fb-e970-42a0-b790-99460c60088a
14201,52233,"2026-07-21 19:44:00",NULL,1309,NULL,"2026-07-21 19:51:43",45,AppXchange,0,1,2f6ad83d-1f19-406e-877e-14c7553857c7
14203,52234,"2026-07-21 19:44:00",NULL,1309,NULL,"2026-07-21 19:51:43",45,AppXchange,0,1,eb3205ca-0387-4460-8bde-b83493879eb4
14202,52235,"2026-07-21 19:44:00",NULL,1309,NULL,"2026-07-21 19:51:43",45,AppXchange,0,1,4a50d276-695e-494c-a7e3-78fcffaaae46
14209,52236,"2026-07-21 19:44:00",NULL,1309,NULL,"2026-07-21 19:51:44",45,AppXchange,0,1,c44fcaa9-a7b6-41ed-8745-fb729873ad26
14215,52237,"2026-07-21 19:44:01",NULL,1309,NULL,"2026-07-21 19:51:44",45,AppXchange,0,1,8854d404-2ddc-4a7e-b2dd-96b651fc991f
14214,52238,"2026-07-21 19:44:01",NULL,1309,NULL,"2026-07-21 19:51:44",45,AppXchange,0,1,950f0623-9190-445a-9485-9488b36c7cdf
14213,52239,"2026-07-21 19:44:01",NULL,1308,NULL,"2026-07-21 19:51:44",45,AppXchange,0,1,5a82a16a-5b2d-4b63-8094-d3f7cc71e3e2
14220,52240,"2026-07-21 19:44:01",NULL,1309,NULL,"2026-07-21 19:51:45",45,AppXchange,0,1,cc27b766-6508-4c9d-9e36-71aa13b4726c
14221,52241,"2026-07-21 19:44:02","2026-08-14 07:00:00",1308,1309,"2026-07-21 19:51:45",45,AppXchange,0,0,764a67d1-1007-4a8d-a0c1-2449be3b8ede
16322,52241,"2026-08-14 07:00:00",NULL,1309,NULL,"2026-08-13 16:04:52",45,Vista,0,1,8e293114-b428-4f6e-abc9-0e61ea5eda65
14236,52242,"2026-07-21 19:44:03","2026-08-03 07:00:00",1309,1308,"2026-07-21 19:51:47",45,AppXchange,0,0,c93d87f1-6fa4-4cbf-ab65-53134100a8b4
16407,52242,"2026-08-03 07:00:00",NULL,1308,NULL,"2026-08-17 20:23:15",45,Vista,0,1,155acf72-4ec7-415c-bd32-bdfb1e972da7
14222,52243,"2026-07-21 19:44:02",NULL,1308,NULL,"2026-07-21 19:51:45",45,AppXchange,0,1,bffec886-f174-4df0-87e5-4dab2a730d9d
14219,52244,"2026-07-21 19:44:01",NULL,1309,NULL,"2026-07-21 19:51:45",45,AppXchange,0,1,9a12755c-0e3f-4d40-9cc1-f8689b93a0ed
14218,52245,"2026-07-21 19:44:01",NULL,1309,NULL,"2026-07-21 19:51:45",45,AppXchange,0,1,4aa17aae-58c3-4320-8b86-2d26bf4f71c3
14226,52246,"2026-07-21 19:44:02",NULL,1312,NULL,"2026-07-21 19:51:45",45,AppXchange,0,1,09e21a12-4d39-4dba-89ab-cd0cf84c962b
14217,52247,"2026-07-21 19:44:01",NULL,1309,NULL,"2026-07-21 19:51:45",45,AppXchange,0,1,e3f284f5-3981-44c7-b9cd-40b75007e534
14216,52248,"2026-07-21 19:44:01",NULL,1312,NULL,"2026-07-21 19:51:44",45,AppXchange,0,1,d258eb46-728c-41fd-9460-8db58490684b
14227,52249,"2026-07-21 19:44:02",NULL,1310,NULL,"2026-07-21 19:51:46",45,AppXchange,0,1,aed63fee-13c8-4ee4-9dbc-cfbb23057a39
14224,52250,"2026-07-21 19:44:02",NULL,1312,NULL,"2026-07-21 19:51:45",45,AppXchange,0,1,67930251-8f62-4817-9cf6-5c50fa7e1968
14231,52251,"2026-07-21 19:44:02",NULL,1309,NULL,"2026-07-21 19:51:46",45,AppXchange,0,1,841774a2-fba4-407f-8136-19f45389ff13
14237,52252,"2026-07-21 19:44:03",NULL,1309,NULL,"2026-07-21 19:51:47",45,AppXchange,0,1,e825ac64-854f-48e3-b16f-a000d6bc6eb9
14223,52253,"2026-07-21 19:44:02",NULL,1309,NULL,"2026-07-21 19:51:45",45,AppXchange,0,1,3ffe1c70-9ce1-453c-b0bf-6b5ef8e1d2ca
14235,52254,"2026-07-21 19:44:03",NULL,1309,NULL,"2026-07-21 19:51:47",45,AppXchange,0,1,22c5e34d-43d5-4556-8c57-d62c35ca2f1f
14234,52255,"2026-07-21 19:44:03","2026-08-10 07:00:00",1309,1308,"2026-07-21 19:51:47",45,AppXchange,0,0,e8161d6f-cacd-43ff-8552-e1afa5fef9e9
16232,52255,"2026-08-10 07:00:00",NULL,1308,NULL,"2026-08-10 14:32:41",45,Vista,0,1,d16027a7-0557-4282-ae07-a786be5cfae3
14232,52256,"2026-07-21 19:44:02",NULL,1309,NULL,"2026-07-21 19:51:46",45,AppXchange,0,1,a065e137-c6c9-480f-a4e0-95a4e08808eb
13814,52257,"2026-07-17 20:24:05","2026-07-17 20:24:39",1308,1312,"2026-07-17 20:24:15",521,,0,0,ea59a628-b2c3-4091-9979-3542012e2e04
13815,52257,"2026-07-17 20:24:39",NULL,1312,NULL,"2026-07-17 20:24:57",521,,0,0,fbc7b8a7-6350-4d7a-b402-25a43f6ff026
14228,52257,"2026-07-21 19:44:02",NULL,1309,NULL,"2026-07-21 19:51:46",45,AppXchange,0,1,6e2ef590-2bc6-4edf-8d6d-981e4ddf59b2
14233,52258,"2026-07-21 19:44:02",NULL,1308,NULL,"2026-07-21 19:51:46",45,AppXchange,0,1,053b9982-a8d8-4875-b478-329edd3fe222
14225,52259,"2026-07-21 19:44:02",NULL,1309,NULL,"2026-07-21 19:51:45",45,AppXchange,0,1,76e58d7b-a2c0-4a67-a1ff-27e44685283e
14229,52260,"2026-07-21 19:44:02",NULL,1309,NULL,"2026-07-21 19:51:46",45,AppXchange,0,1,e73ba59b-ce7d-41af-9ec3-3247051da7b7
14230,52261,"2026-07-21 19:44:02",NULL,1308,NULL,"2026-07-21 19:51:46",45,AppXchange,0,1,dbb4f002-5958-4891-bc28-31aaf3e36844
14238,52262,"2026-07-21 19:44:03",NULL,1309,NULL,"2026-07-21 19:51:47",45,AppXchange,0,1,7668ffc1-3a68-4a50-86a0-ed71d29e3a03
14244,52263,"2026-07-21 19:44:03",NULL,1309,NULL,"2026-07-21 19:51:48",45,AppXchange,0,1,b1fcdabe-0f64-452f-b0bf-d5ec9c0adef8
14243,52264,"2026-07-21 19:44:03",NULL,1309,NULL,"2026-07-21 19:51:47",45,AppXchange,0,1,2cbc682f-3430-4b64-a93b-ecdfe82440e2
14239,52265,"2026-07-21 19:44:03",NULL,1308,NULL,"2026-07-21 19:51:47",45,AppXchange,0,1,c186571c-7679-42a1-a9dc-0c32a92f157b
14240,52266,"2026-07-21 19:44:03","2026-07-24 07:00:00",1310,1309,"2026-07-21 19:51:47",45,AppXchange,0,0,f3af3d9b-0827-43f4-8f29-371c180dcaf4
15745,52266,"2026-07-24 07:00:00",NULL,1309,NULL,"2026-07-28 16:55:32",45,AppXchange,0,1,80c9a421-0d98-43c3-8519-a4ec61451859
14241,52267,"2026-07-21 19:44:03",NULL,1309,NULL,"2026-07-21 19:51:47",45,AppXchange,0,1,511a5c92-3e71-4fe2-9788-0758de72e6c3
14247,52268,"2026-07-21 19:44:04",NULL,1309,NULL,"2026-07-21 19:51:48",45,AppXchange,0,1,f709549d-9f9b-445e-8452-478f5566d096
14245,52269,"2026-07-21 19:44:03",NULL,1309,NULL,"2026-07-21 19:51:48",45,AppXchange,0,1,a3f46d69-35f9-4af7-afdd-ef9d674a9170
14250,52270,"2026-07-21 19:44:04",NULL,1308,NULL,"2026-07-21 19:51:48",45,AppXchange,0,1,71f1e452-ec65-40e5-88d7-1c9e6b6aa825
14251,52271,"2026-07-21 19:44:04","2026-08-17 07:00:00",1309,1308,"2026-07-21 19:51:48",45,AppXchange,0,0,a8e524e8-183d-4d80-8d6a-4db5fdb69464
16346,52271,"2026-08-17 07:00:00",NULL,1308,NULL,"2026-08-14 17:03:41",45,Vista,0,1,4415a8a8-5c41-49d8-a503-6543f141c18c
14252,52272,"2026-07-21 19:44:04",NULL,1309,NULL,"2026-07-21 19:51:49",45,AppXchange,0,1,6f0225e8-b91c-401a-8588-a5fdbe3e62c1
14246,52273,"2026-07-21 19:44:04",NULL,1308,NULL,"2026-07-21 19:51:48",45,AppXchange,0,1,2988d956-8afb-45b0-a185-d8e277b13d21
14242,52274,"2026-07-21 19:44:03",NULL,1312,NULL,"2026-07-21 19:51:47",45,AppXchange,0,1,c63365c8-4bac-42d5-a011-49b6edc61c89
14249,52275,"2026-07-21 19:44:04",NULL,1309,NULL,"2026-07-21 19:51:48",45,AppXchange,0,1,181c35a9-bd76-4c94-a258-4f5523c21c57
14254,52276,"2026-07-21 19:44:04",NULL,1309,NULL,"2026-07-21 19:51:49",45,AppXchange,0,1,6e7b2b42-0255-4299-90c8-6b8f5571f799
14253,52277,"2026-07-21 19:44:04",NULL,1309,NULL,"2026-07-21 19:51:49",45,AppXchange,0,1,7b911b8f-bc91-4842-9a71-bc83201815ed
14248,52278,"2026-07-21 19:44:04",NULL,1312,NULL,"2026-07-21 19:51:48",45,AppXchange,0,1,47ddd854-c622-41e1-834f-84a5c191acfe
14257,52279,"2026-07-21 19:44:04",NULL,1308,NULL,"2026-07-21 19:51:49",45,AppXchange,0,1,b0ce7390-3deb-4d0a-bed6-ce15c5f02367
14261,52280,"2026-07-21 19:44:05",NULL,1309,NULL,"2026-07-21 19:51:50",45,AppXchange,0,1,71d6abe0-a38d-47db-8f6e-fb28caacd839
14260,52281,"2026-07-21 19:44:05",NULL,1309,NULL,"2026-07-21 19:51:49",45,AppXchange,0,1,5681be86-3ea0-4172-b188-6b947b0c589b
14256,52282,"2026-07-21 19:44:04","2026-07-31 07:00:00",1309,1308,"2026-07-21 19:51:49",45,AppXchange,0,0,ab700873-1f1c-4a9f-8922-60a995a55588
15746,52282,"2026-07-31 07:00:00",NULL,1308,NULL,"2026-07-28 16:55:34",45,AppXchange,0,1,99de64ff-3b0c-460f-b483-b86b1ff291bf
14259,52283,"2026-07-21 19:44:05",NULL,1309,NULL,"2026-07-21 19:51:49",45,AppXchange,0,1,87d0ad99-8d3c-45b0-804f-1fc3d0558478
14262,52284,"2026-07-21 19:44:05",NULL,1309,NULL,"2026-07-21 19:51:50",45,AppXchange,0,1,7699525d-6ac2-4d9a-9e45-e6a0d2b9cc89
14258,52285,"2026-07-21 19:44:05",NULL,1309,NULL,"2026-07-21 19:51:49",45,AppXchange,0,1,eba82047-76da-4266-ac36-5c9b1c67f107
14255,52286,"2026-07-21 19:44:04",NULL,1309,NULL,"2026-07-21 19:51:49",45,AppXchange,0,1,445068a9-d1f0-4d21-a25a-13d4fe13fe1d
14267,52287,"2026-07-21 19:44:05",NULL,1308,NULL,"2026-07-21 19:51:50",45,AppXchange,0,1,7e8c848a-e293-474c-94d4-9300fa0e4805
14264,52288,"2026-07-21 19:44:05",NULL,1308,NULL,"2026-07-21 19:51:50",45,AppXchange,0,1,619a043a-ff20-45f0-bb10-af31be75e7be
14263,52289,"2026-07-21 19:44:05",NULL,1308,NULL,"2026-07-21 19:51:50",45,AppXchange,0,1,4eb0f7cd-f78a-41cc-a515-f63e7b9433d5
14265,52290,"2026-07-21 19:44:05",NULL,1309,NULL,"2026-07-21 19:51:50",45,AppXchange,0,1,7a3bcd30-6766-4632-905d-2c393d2c38dc
14266,52291,"2026-07-21 19:44:05",NULL,1309,NULL,"2026-07-21 19:51:50",45,AppXchange,0,1,9d3f60c9-5a94-4853-99be-936cb1d31ba7
14268,52292,"2026-07-21 19:44:05",NULL,1308,NULL,"2026-07-21 19:51:50",45,AppXchange,0,1,5b79c2e1-5944-4907-9a84-228fa1c4a83e
14270,52293,"2026-07-21 19:44:06",NULL,1309,NULL,"2026-07-21 19:51:51",45,AppXchange,0,1,cc353f86-bb0f-43d5-a6ca-21e2c4e00565
14269,52294,"2026-07-21 19:44:05",NULL,1309,NULL,"2026-07-21 19:51:51",45,AppXchange,0,1,995a7098-4451-430d-81a2-12255786d4fc
14272,52295,"2026-07-21 19:44:06",NULL,1309,NULL,"2026-07-21 19:51:51",45,AppXchange,0,1,2828a71c-44f5-4c7f-a5d7-8eb155e919e2
14275,52296,"2026-07-21 19:44:06",NULL,1309,NULL,"2026-07-21 19:51:51",45,AppXchange,0,1,94dfbf17-91af-4bb8-aa24-676f6a7dd030
14271,52297,"2026-07-21 19:44:06","2026-06-24 07:00:00",1309,1309,"2026-07-21 19:51:51",45,AppXchange,0,0,14b73cd0-2370-467d-9b47-307f0a45485b
16148,52297,"2026-08-04 07:00:00","2026-08-04 21:34:34",1308,NULL,"2026-08-04 14:35:52",45,AppXchange,0,0,7172548c-f475-4f03-af49-884c0399473f
16155,52297,"2026-06-24 07:00:00",NULL,1309,NULL,"2026-08-04 21:34:34",45,"062502 MOBE OUT 08/04/26 - (REC'D 08/04/26) @ 11166 HRS",0,1,7bc13ebb-63ef-49ed-97d0-0554734ef983
14276,52298,"2026-07-21 19:44:06",NULL,1308,NULL,"2026-07-21 19:51:52",45,AppXchange,0,1,7059a0e8-b9c3-4805-be47-b3131008bf72
14278,52299,"2026-07-21 19:44:06",NULL,1309,NULL,"2026-07-21 19:51:52",45,AppXchange,0,1,9d890175-6fec-4789-9f26-89bfea859da9
14280,52300,"2026-07-21 19:44:06",NULL,1309,NULL,"2026-07-21 19:51:52",45,AppXchange,0,1,af7eaf42-2cb1-418b-b386-566e82e56a27
14282,52301,"2026-07-21 19:44:07",NULL,1309,NULL,"2026-07-21 19:51:52",45,AppXchange,0,1,4bb002b3-19d1-4322-9fc0-387e1ac0d60b
14274,52302,"2026-07-21 19:44:06",NULL,1312,NULL,"2026-07-21 19:51:51",45,AppXchange,0,1,102c7389-5763-4abc-9e6e-eeec10a87720
14279,52303,"2026-07-21 19:44:06",NULL,1312,NULL,"2026-07-21 19:51:52",45,AppXchange,0,1,37cb286c-08eb-4bfc-8f60-cae23c44d2a3
14283,52304,"2026-07-21 19:44:06",NULL,1309,NULL,"2026-07-21 19:51:52",45,AppXchange,0,1,f86e6199-f754-426c-9aec-55ef9887abcc
14281,52305,"2026-07-21 19:44:06",NULL,1309,NULL,"2026-07-21 19:51:52",45,AppXchange,0,1,04b37550-a5de-4d65-a7d0-069c9f736c92
14273,52306,"2026-07-21 19:44:06",NULL,1309,NULL,"2026-07-21 19:51:51",45,AppXchange,0,1,03ee30b3-4110-45eb-b1a4-e698b58c05f0
14288,52307,"2026-07-21 19:44:07",NULL,1309,NULL,"2026-07-21 19:51:53",45,AppXchange,0,1,9404f43b-ddb0-4ce4-a198-32325e2bf439
14286,52308,"2026-07-21 19:44:07",NULL,1308,NULL,"2026-07-21 19:51:53",45,AppXchange,0,1,ae990077-5ca4-4692-8d4e-6adc7bf9ce5e
14277,52309,"2026-07-21 19:44:06",NULL,1312,NULL,"2026-07-21 19:51:52",45,AppXchange,0,1,e4762d0b-696f-43d4-9084-10f9112c6c8c
14284,52310,"2026-07-21 19:44:07",NULL,1309,NULL,"2026-07-21 19:51:53",45,AppXchange,0,1,32115f6c-9077-470b-8874-a8721b19267c
14285,52311,"2026-07-21 19:44:07",NULL,1308,NULL,"2026-07-21 19:51:53",45,AppXchange,0,1,f195ade1-c418-44eb-8c6b-f6c7719ccd78
14293,52312,"2026-07-21 19:44:13",NULL,1309,NULL,"2026-07-21 19:51:54",45,AppXchange,0,1,48f5b28d-4208-4a60-adc2-7d1e305df4b3
14295,52313,"2026-07-21 19:44:13",NULL,1309,NULL,"2026-07-21 19:51:54",45,AppXchange,0,1,af269e99-fbdd-4f32-8160-3085ab8e4299
14290,52314,"2026-07-21 19:44:07",NULL,1309,NULL,"2026-07-21 19:51:54",45,AppXchange,0,1,93463e49-9670-4b1a-9f70-f2caa01e31ef
14291,52315,"2026-07-21 19:44:07",NULL,1312,NULL,"2026-07-21 19:51:54",45,AppXchange,0,1,9fbeb5da-11cd-479c-9dac-e5a0e0a821f0
14292,52316,"2026-07-21 19:44:08",NULL,1309,NULL,"2026-07-21 19:51:54",45,AppXchange,0,1,0b6b29ca-04f9-4d56-a7e6-49196c8fa413
14287,52317,"2026-07-21 19:44:07",NULL,1309,NULL,"2026-07-21 19:51:53",45,AppXchange,0,1,35e0a533-4b10-4505-a321-52269e2b750b
14298,52318,"2026-07-21 19:44:13",NULL,1309,NULL,"2026-07-21 19:51:55",45,AppXchange,0,1,edbd0b9d-9558-40b5-befe-428235c5938a
14296,52319,"2026-07-21 19:44:13",NULL,1309,NULL,"2026-07-21 19:51:54",45,AppXchange,0,1,6c57ea36-5ca3-4b37-89b5-c2e2aa622255
14289,52320,"2026-07-21 19:44:07",NULL,1309,NULL,"2026-07-21 19:51:53",45,AppXchange,0,1,7d84849d-226c-40b1-886e-64bf4a1d9c7a
14297,52321,"2026-07-21 19:44:13",NULL,1308,NULL,"2026-07-21 19:51:55",45,AppXchange,0,1,0b95b717-38f1-4472-a375-c816bddc89b8
14307,52322,"2026-07-21 19:44:14","2026-08-17 07:00:00",1312,1309,"2026-07-21 19:51:56",45,AppXchange,0,0,1fb13a4a-277a-45d2-b563-0fe3b0c046f6
16394,52322,"2026-08-17 07:00:00",NULL,1309,NULL,"2026-08-17 15:04:29",45,Vista,0,1,41f6a758-90ef-4ada-9973-62bd96339c95
14308,52323,"2026-07-21 19:44:14",NULL,1312,NULL,"2026-07-21 19:51:56",45,AppXchange,0,1,e5772aaa-23ea-434d-9a3f-2e7f0387a0ae
14304,52324,"2026-07-21 19:44:14",NULL,1309,NULL,"2026-07-21 19:51:55",45,AppXchange,0,1,29c16e7a-03b7-4e11-9a09-2b7134d3a177
14300,52325,"2026-07-21 19:44:13",NULL,1312,NULL,"2026-07-21 19:51:55",45,AppXchange,0,1,e9e7c743-ceff-4c4f-bcb8-00c530ce3d51
14303,52326,"2026-07-21 19:44:14",NULL,1309,NULL,"2026-07-21 19:51:55",45,AppXchange,0,1,7af40cc6-ca03-49d4-ae1c-b2342e900686
14294,52327,"2026-07-21 19:44:13",NULL,1309,NULL,"2026-07-21 19:51:54",45,AppXchange,0,1,4d9099f2-404b-4470-94d6-71a3a9925ea5
14309,52328,"2026-07-21 19:44:14",NULL,1309,NULL,"2026-07-21 19:51:56",45,AppXchange,0,1,6e4699f5-8726-4d09-b100-56f922354d2a
14299,52329,"2026-07-21 19:44:14",NULL,1309,NULL,"2026-07-21 19:51:55",45,AppXchange,0,1,2ebdf172-77f8-4244-b82c-a3564de9d688
14301,52330,"2026-07-21 19:44:14",NULL,1308,NULL,"2026-07-21 19:51:55",45,AppXchange,0,1,49f9b77e-b710-402d-9288-d5befbbfebd8
14310,52331,"2026-07-21 19:44:14",NULL,1309,NULL,"2026-07-21 19:51:56",45,AppXchange,0,1,fc9f06f1-8cb6-4d30-b9ff-1d3040732fa5
14302,52332,"2026-07-21 19:44:14",NULL,1309,NULL,"2026-07-21 19:51:55",45,AppXchange,0,1,d66cb36e-0add-42dc-8797-63ec6ee4c97d
14313,52333,"2026-07-21 19:44:14",NULL,1312,NULL,"2026-07-21 19:51:56",45,AppXchange,0,1,75c54e92-5607-42c8-9d0c-77d4aa92f940
14311,52334,"2026-07-21 19:44:14",NULL,1308,NULL,"2026-07-21 19:51:56",45,AppXchange,0,1,27dcce06-aad0-4105-b90c-db2f23773db7
14306,52335,"2026-07-21 19:44:14",NULL,1312,NULL,"2026-07-21 19:51:56",45,AppXchange,0,1,bcefe782-e05c-4156-a7db-e421e20c745b
14305,52336,"2026-07-21 19:44:14",NULL,1308,NULL,"2026-07-21 19:51:56",45,AppXchange,0,1,89f98f57-7025-4f98-b25a-082eb78b563c
14312,52337,"2026-07-21 19:44:14",NULL,1312,NULL,"2026-07-21 19:51:56",45,AppXchange,0,1,87726bc0-00e2-49e7-ac44-23e3648ee1c2
14314,52338,"2026-07-21 19:44:21",NULL,1312,NULL,"2026-07-21 19:51:56",45,AppXchange,0,1,8e8c5e52-5961-4a43-8791-b3a47a738f73
14316,52339,"2026-07-21 19:44:21",NULL,1309,NULL,"2026-07-21 19:51:57",45,AppXchange,0,1,6c63eb76-e5fa-4cbb-92cf-9c0f7733efb7
14315,52340,"2026-07-21 19:44:21",NULL,1309,NULL,"2026-07-21 19:51:57",45,AppXchange,0,1,1fb01d46-c27a-450e-b8bf-e64422497c3a
14319,52341,"2026-07-21 19:44:21",NULL,1309,NULL,"2026-07-21 19:51:57",45,AppXchange,0,1,310ee386-c5c3-4654-af3f-56758c9d36db
14317,52342,"2026-07-21 19:44:21",NULL,1308,NULL,"2026-07-21 19:51:57",45,AppXchange,0,1,b9f1a0b8-aac2-4b0b-84c0-2c4787b55477
14318,52343,"2026-07-21 19:44:21",NULL,1312,NULL,"2026-07-21 19:51:57",45,AppXchange,0,1,52fffcc4-cb6d-412e-a217-fd2081baba91
14321,52344,"2026-07-21 19:44:21",NULL,1309,NULL,"2026-07-21 19:51:58",45,AppXchange,0,1,74077f38-df2d-4ae2-b3fb-08af6748399d
14320,52345,"2026-07-21 19:44:21",NULL,1309,NULL,"2026-07-21 19:51:57",45,AppXchange,0,1,92e09c6e-f00b-401f-96cd-90ddba6c65d5
14322,52346,"2026-07-21 19:44:21",NULL,1309,NULL,"2026-07-21 19:51:58",45,AppXchange,0,1,7acbbf77-fb21-4173-a0b2-cd66e23814ca
14324,52347,"2026-07-21 19:44:22",NULL,1309,NULL,"2026-07-21 19:51:58",45,AppXchange,0,1,6d052864-0067-4bf0-8c53-2b0812ef7af7
14325,52348,"2026-07-21 19:44:21",NULL,1309,NULL,"2026-07-21 19:51:58",45,AppXchange,0,1,5e2c16a5-1084-4c40-9114-44ff8b20b2ba
14323,52349,"2026-07-21 19:44:22",NULL,1309,NULL,"2026-07-21 19:51:58",45,AppXchange,0,1,05bdbda9-75ef-4cb1-b793-adacae5a715c
14328,52350,"2026-07-21 19:44:22","2026-08-05 07:00:00",1309,1308,"2026-07-21 19:51:59",45,AppXchange,0,0,7944b419-c4aa-497b-8997-5dd619a3f155
16197,52350,"2026-08-05 07:00:00",NULL,1308,NULL,"2026-08-06 19:33:03",45,AppXchange,0,1,84ffa644-4ae4-4916-92af-ad03fabc08ef
14336,52351,"2026-07-21 19:44:23",NULL,1312,NULL,"2026-07-21 19:52:01",45,AppXchange,0,1,990a5762-43de-495b-8b55-96ca23a6724f
14326,52352,"2026-07-21 19:44:22","2026-08-11 07:00:00",1309,1309,"2026-07-21 19:51:59",45,AppXchange,0,0,22c52dd8-e314-4571-959f-d06a8a31efed
15754,52352,"2026-07-22 07:00:00",NULL,1308,NULL,"2026-07-28 16:55:39",45,AppXchange,0,1,f7b09f8c-df51-4072-a056-64e81edb9b56
16323,52352,"2026-08-11 07:00:00",NULL,1309,NULL,"2026-08-13 16:05:56",45,Vista,0,1,5dbb8ea3-29be-4229-8324-d6c6875a3103
14327,52353,"2026-07-21 19:44:22",NULL,1309,NULL,"2026-07-21 19:51:59",45,AppXchange,0,1,4342cdbc-0874-4ad1-8cf5-7d2625cbcbd5
14330,52354,"2026-07-21 19:44:22",NULL,1312,NULL,"2026-07-21 19:51:59",45,AppXchange,0,1,a4c33352-f1bd-4c7a-beb8-0ac3a4815fd4
14333,52355,"2026-07-21 19:44:23","2026-08-14 07:00:00",1308,1309,"2026-07-21 19:52:00",45,AppXchange,0,0,ca7a6e16-ad48-455d-9775-e06a7a6a6ae8
16326,52355,"2026-08-14 07:00:00",NULL,1309,NULL,"2026-08-13 16:05:58",45,Vista,0,1,00176a3e-9720-45c3-ae00-dfd5bd3754df
14335,52356,"2026-07-21 19:44:23",NULL,1308,NULL,"2026-07-21 19:52:01",45,AppXchange,0,1,00abd0e3-b53e-4e04-9769-c0a28f96a02e
14329,52357,"2026-07-21 19:44:22",NULL,1309,NULL,"2026-07-21 19:51:59",45,AppXchange,0,1,8cd0c4ee-9af4-46b3-ab57-f24c0d262a5f
14337,52358,"2026-07-21 19:44:23","2026-08-10 07:00:00",1308,1312,"2026-07-21 19:52:01",45,AppXchange,0,0,3a6f639d-d110-4be8-ac20-2bd594e89560
16321,52358,"2026-08-10 07:00:00",NULL,1312,NULL,"2026-08-13 16:04:51",45,Vista,0,1,5df504af-7252-4510-be2c-ba73df2f2c09
14331,52359,"2026-07-21 19:44:23",NULL,1309,NULL,"2026-07-21 19:52:00",45,AppXchange,0,1,fa507462-139d-42e4-b356-7a344c2ef295
14332,52360,"2026-07-21 19:44:23",NULL,1309,NULL,"2026-07-21 19:52:00",45,AppXchange,0,1,c4035c5c-e449-47d3-89fa-d77fed41f14a
14334,52361,"2026-07-21 19:44:23",NULL,1309,NULL,"2026-07-21 19:52:00",45,AppXchange,0,1,56a96e28-984f-431d-bdd0-55d3e8142627
14338,52362,"2026-07-21 19:44:31",NULL,1312,NULL,"2026-07-21 19:52:02",45,AppXchange,0,1,1d0a21c2-d0de-4c6f-8b90-e79cc658b399
14340,52363,"2026-07-21 19:44:31",NULL,1309,NULL,"2026-07-21 19:52:03",45,AppXchange,0,1,02d96702-6e43-4265-93b2-a3384ce55206
14342,52364,"2026-07-21 19:44:31",NULL,1309,NULL,"2026-07-21 19:52:04",45,AppXchange,0,1,81413407-e337-4f67-aa70-a5eef0009c95
14341,52365,"2026-07-21 19:44:31",NULL,1309,NULL,"2026-07-21 19:52:03",45,AppXchange,0,1,dd531abb-bc0f-4478-b441-a9544c8690eb
14339,52366,"2026-07-21 19:44:32",NULL,1312,NULL,"2026-07-21 19:52:03",45,AppXchange,0,1,112bc8f3-0c4d-4151-9581-6feb15ace660
14344,52367,"2026-07-21 19:44:31","2026-08-11 07:00:00",1308,1308,"2026-07-21 19:52:06",45,AppXchange,0,0,2eac2076-adcd-4238-9165-055e1aaa40f3
15771,52367,"2026-07-27 07:00:00",NULL,1309,NULL,"2026-07-29 17:32:55",45,AppXchange,0,1,64c21047-596a-4117-ad5b-9c4efe421992
16388,52367,"2026-08-11 07:00:00",NULL,1308,NULL,"2026-08-17 14:03:42",45,Vista,0,1,158ff59e-00ee-4b30-b025-8e38023df5a1
14343,52368,"2026-07-21 19:44:31",NULL,1312,NULL,"2026-07-21 19:52:04",45,AppXchange,0,1,25308950-77c1-4f2d-8a0e-c331602e206f
14346,52369,"2026-07-21 19:44:32","2026-07-31 07:00:00",1308,1309,"2026-07-21 19:52:07",45,AppXchange,0,0,afd051ef-7f38-4379-85f4-3058703467cf
16147,52369,"2026-07-31 07:00:00",NULL,1309,NULL,"2026-08-04 14:35:51",45,AppXchange,0,1,d281a502-93eb-43b9-bb59-ef1b8f2b33b6
14345,52370,"2026-07-21 19:44:32",NULL,1309,NULL,"2026-07-21 19:52:06",45,AppXchange,0,1,bff086a2-9ca4-4f3a-a988-48ba19c5639e
14348,52371,"2026-07-21 19:44:32","2026-08-03 07:00:00",1312,1309,"2026-07-21 19:52:07",45,AppXchange,0,0,146d23e4-d9eb-4e41-b3bb-2a493fd6066a
16189,52371,"2026-08-03 07:00:00",NULL,1309,NULL,"2026-08-06 16:35:47",45,AppXchange,0,1,0e0edbf8-63d3-47ee-a8db-59b2a57b7d0e
14347,52372,"2026-07-21 19:44:32",NULL,1309,NULL,"2026-07-21 19:52:07",45,AppXchange,0,1,d892d9c1-3c61-49b9-a9bc-41d360db999a
14349,52373,"2026-07-21 19:44:32",NULL,1309,NULL,"2026-07-21 19:52:08",45,AppXchange,0,1,29dd47d2-4cbf-4d68-ab63-d72b33f02e88
14361,52374,"2026-07-21 19:44:33","2026-08-17 07:00:00",1309,1308,"2026-07-21 19:52:11",45,AppXchange,0,0,db4adeef-c097-47cb-9ade-0b314010e7ad
16391,52374,"2026-08-17 07:00:00",NULL,1308,NULL,"2026-08-17 15:04:27",45,Vista,0,1,94f96431-4edf-443c-8c90-9fdac578d6ab
14357,52375,"2026-07-21 19:44:33",NULL,1309,NULL,"2026-07-21 19:52:09",45,AppXchange,0,1,fef5377c-1b8a-41ca-a7a3-f772210f8252
14356,52376,"2026-07-21 19:44:33",NULL,1309,NULL,"2026-07-21 19:52:09",45,AppXchange,0,1,dfd3bc6b-dc54-4ecb-a73b-c313df9dc134
14354,52377,"2026-07-21 19:44:33","2026-08-03 07:00:00",1312,1309,"2026-07-21 19:52:09",45,AppXchange,0,0,36edb71f-703b-4ac1-a516-4fa66dc55e7e
16190,52377,"2026-08-03 07:00:00",NULL,1309,NULL,"2026-08-06 16:35:47",45,AppXchange,0,1,cf1befa1-2c3a-404a-8c9a-8896e7d045d0
14358,52378,"2026-07-21 19:44:33",NULL,1312,NULL,"2026-07-21 19:52:10",45,AppXchange,0,1,10966ddb-4782-4277-99b1-8514f2aac8dd
14352,52379,"2026-07-21 19:44:32",NULL,1312,NULL,"2026-07-21 19:52:09",45,AppXchange,0,1,9533c558-1627-44e6-bddd-54aecc43cdc9
14351,52380,"2026-07-21 19:44:32",NULL,1309,NULL,"2026-07-21 19:52:08",45,AppXchange,0,1,0920d518-d0a0-4c44-b2df-2de8c38a29bb
14355,52381,"2026-07-21 19:44:33",NULL,1309,NULL,"2026-07-21 19:52:09",45,AppXchange,0,1,87d65921-653d-45b3-8fb8-2fd12bc7a827
14353,52382,"2026-07-21 19:44:33",NULL,1312,NULL,"2026-07-21 19:52:09",45,AppXchange,0,1,1742ffe4-0da9-41e8-8581-6472c6340ef9
14350,52383,"2026-07-21 19:44:32",NULL,1309,NULL,"2026-07-21 19:52:08",45,AppXchange,0,1,3c110da7-0e89-4ae3-9275-99c743ad0849
14360,52384,"2026-07-21 19:44:33",NULL,1309,NULL,"2026-07-21 19:52:10",45,AppXchange,0,1,b21985a7-99a0-42a1-8de1-85af935cc6f4
14362,52385,"2026-07-21 19:44:34",NULL,1308,NULL,"2026-07-21 19:52:11",45,AppXchange,0,1,01ffa410-e3f1-44c9-ba38-18b1f78e70e7
14359,52386,"2026-07-21 19:44:33",NULL,1308,NULL,"2026-07-21 19:52:10",45,AppXchange,0,1,b265b263-112d-49c5-9ef4-7534512f1b18
14365,52387,"2026-07-21 19:44:34",NULL,1312,NULL,"2026-07-21 19:52:11",45,AppXchange,0,1,b201702d-9d3c-4eb2-95af-c14b299d46b0
14367,52388,"2026-07-21 19:44:35",NULL,1309,NULL,"2026-07-21 19:52:12",45,AppXchange,0,1,67d43f4b-7870-4cd3-a849-1bad1cc172fe
14364,52389,"2026-07-21 19:44:34","2026-08-03 07:00:00",1312,1309,"2026-07-21 19:52:11",45,AppXchange,0,0,2634e588-3198-4a2a-bdb3-9aeeaf7c707d
16182,52389,"2026-08-03 07:00:00",NULL,1309,NULL,"2026-08-06 16:35:41",45,AppXchange,0,1,952a77fa-0651-425e-9cb0-d77ba87a83d0
14363,52390,"2026-07-21 19:44:34",NULL,1312,NULL,"2026-07-21 19:52:11",45,AppXchange,0,1,e59a8362-5e44-446a-adee-8cd3ac520729
14366,52391,"2026-07-21 19:44:34",NULL,1309,NULL,"2026-07-21 19:52:12",45,AppXchange,0,1,b4310a52-bf53-48cc-8c64-c3885f1ead9a
14371,52392,"2026-07-21 19:44:35",NULL,1309,NULL,"2026-07-21 19:52:13",45,AppXchange,0,1,6a637530-d95f-4b64-b90b-446129ab7856
14368,52393,"2026-07-21 19:44:34",NULL,1309,NULL,"2026-07-21 19:52:12",45,AppXchange,0,1,7444f968-8bd2-4fde-9578-68541fabe97c
14369,52394,"2026-07-21 19:44:35",NULL,1309,NULL,"2026-07-21 19:52:12",45,AppXchange,0,1,83b29c8a-0d5c-43a5-b691-6df2a1f31bfd
14376,52395,"2026-07-21 19:44:36",NULL,1309,NULL,"2026-07-21 19:52:14",45,AppXchange,0,1,58e91fcd-c195-42bb-838a-9a24e067239a
14379,52396,"2026-07-21 19:44:36",NULL,1308,NULL,"2026-07-21 19:52:14",45,AppXchange,0,1,fa655f33-c1a5-48c1-a265-cf21dbd9ee51
14370,52397,"2026-07-21 19:44:35",NULL,1309,NULL,"2026-07-21 19:52:12",45,AppXchange,0,1,ad590343-2fcf-44e7-9bc9-cfc394b7f29e
14373,52398,"2026-07-21 19:44:35",NULL,1309,NULL,"2026-07-21 19:52:13",45,AppXchange,0,1,4dfc3f12-c1ed-46d9-860e-9e45ad3ef749
14372,52399,"2026-07-21 19:44:35",NULL,1312,NULL,"2026-07-21 19:52:13",45,AppXchange,0,1,7dc15660-fd7a-45f5-b226-6469743f839e
14375,52400,"2026-07-21 19:44:35",NULL,1309,NULL,"2026-07-21 19:52:13",45,AppXchange,0,1,f42ddb55-253e-4d5f-ac97-fcb72c98bcf6
14378,52401,"2026-07-21 19:44:36",NULL,1309,NULL,"2026-07-21 19:52:14",45,AppXchange,0,1,112768b2-3640-44bb-b1ae-d55a155f41a9
14374,52402,"2026-07-21 19:44:35",NULL,1309,NULL,"2026-07-21 19:52:13",45,AppXchange,0,1,2e15bf3f-a25b-43fb-85e6-bdc052022c32
14384,52403,"2026-07-21 19:44:43",NULL,1309,NULL,"2026-07-21 19:52:15",45,AppXchange,0,1,a7fdb860-dfc6-4422-95c5-488eab2ee971
14377,52404,"2026-07-21 19:44:36","2026-08-03 07:00:00",1312,1309,"2026-07-21 19:52:14",45,AppXchange,0,0,8b8a366e-f4b2-4942-ba81-1e34da771cbc
16178,52404,"2026-08-03 07:00:00",NULL,1309,NULL,"2026-08-06 16:35:39",45,AppXchange,0,1,f4e2f02c-1be2-438a-9dcd-4edcce4af94a
14381,52405,"2026-07-21 19:44:36",NULL,1312,NULL,"2026-07-21 19:52:15",45,AppXchange,0,1,7ef39eb3-5bbf-4400-8e31-d7ec295f3b06
14383,52406,"2026-07-21 19:44:36",NULL,1309,NULL,"2026-07-21 19:52:15",45,AppXchange,0,1,c34a6789-0eab-45ea-b421-eaeb05e4f293
14386,52407,"2026-07-21 19:44:44",NULL,1309,NULL,"2026-07-21 19:52:15",45,AppXchange,0,1,586c8c81-b0c0-4636-9766-246e35e5deea
14380,52408,"2026-07-21 19:44:36","2026-08-03 07:00:00",1312,1309,"2026-07-21 19:52:14",45,AppXchange,0,0,f4f9e25c-4d2b-498a-ae23-e391933b7a0c
16193,52408,"2026-08-03 07:00:00",NULL,1309,NULL,"2026-08-06 16:35:50",45,AppXchange,0,1,339f7b77-a98b-4cda-8984-1a59d7ff00b1
14387,52409,"2026-07-21 19:44:44",NULL,1309,NULL,"2026-07-21 19:52:16",45,AppXchange,0,1,326c3244-7138-4f26-ba78-9e213443ca8c
14385,52410,"2026-07-21 19:44:44",NULL,1309,NULL,"2026-07-21 19:52:15",45,AppXchange,0,1,e04475a1-4074-4774-afc1-ee0edf7e0ffc
14382,52411,"2026-07-21 19:44:43",NULL,1309,NULL,"2026-07-21 19:52:15",45,AppXchange,0,1,56af8d84-e07a-4739-a97c-3a4eaf65ce66
14388,52412,"2026-07-21 19:44:44","2026-08-03 07:00:00",1312,1309,"2026-07-21 19:52:16",45,AppXchange,0,0,fb4ec0fb-bbf2-48ff-9c56-7b2350ceebd6
16185,52412,"2026-08-03 07:00:00",NULL,1309,NULL,"2026-08-06 16:35:43",45,AppXchange,0,1,44bb4c55-e81a-4851-a5e7-c729ccdc744d
14389,52413,"2026-07-21 19:44:44",NULL,1308,NULL,"2026-07-21 19:52:16",45,AppXchange,0,1,44d453d8-57a3-4496-92fa-f1b717ee2435
14391,52414,"2026-07-21 19:44:45",NULL,1309,NULL,"2026-07-21 19:52:16",45,AppXchange,0,1,9bcfe463-ffbe-472f-9976-a31ec458dcd1
14390,52415,"2026-07-21 19:44:44",NULL,1309,NULL,"2026-07-21 19:52:16",45,AppXchange,0,1,44450655-cc66-4c45-9cb1-c781a0d26219
14396,52416,"2026-07-21 19:44:46",NULL,1309,NULL,"2026-07-21 19:52:18",45,AppXchange,0,1,eedeaf47-9cee-41ae-9930-b7a83a03353c
14394,52417,"2026-07-21 19:44:44",NULL,1309,NULL,"2026-07-21 19:52:18",45,AppXchange,0,1,a91cfb13-a56c-453d-84e9-0d80974f471a
14392,52418,"2026-07-21 19:44:45",NULL,1308,NULL,"2026-07-21 19:52:17",45,AppXchange,0,1,0a2f9b01-ca5e-4bd5-8c17-33999ccc2ac5
14393,52419,"2026-07-21 19:44:45",NULL,1309,NULL,"2026-07-21 19:52:17",45,AppXchange,0,1,7f40e86a-e831-4709-bd51-991dc87dbdd5
14400,52420,"2026-07-21 19:44:45",NULL,1309,NULL,"2026-07-21 19:52:19",45,AppXchange,0,1,ec1adae1-17e1-474f-ab45-b56c9d7424e9
14395,52421,"2026-07-21 19:44:45",NULL,1312,NULL,"2026-07-21 19:52:18",45,AppXchange,0,1,f6b87df2-4765-4bc6-b43d-0735f0343c7c
14402,52422,"2026-07-21 19:44:45",NULL,1309,NULL,"2026-07-21 19:52:20",45,AppXchange,0,1,1c1265ab-2d73-49fd-a5b5-b6417a8bbf3f
14398,52423,"2026-07-21 19:44:45",NULL,1309,NULL,"2026-07-21 19:52:19",45,AppXchange,0,1,23a35a0d-b403-4edd-9168-7a3067328225
14399,52424,"2026-07-21 19:44:45",NULL,1312,NULL,"2026-07-21 19:52:19",45,AppXchange,0,1,9214f7fb-f34e-4c87-8fc8-df9dcc22daa0
14407,52425,"2026-07-21 19:44:46",NULL,1309,NULL,"2026-07-21 19:52:37",45,AppXchange,0,1,d27c3fc1-703b-4df3-a051-0c5ebaf8be9a
14401,52426,"2026-07-21 19:44:46",NULL,1309,NULL,"2026-07-21 19:52:19",45,AppXchange,0,1,408d759e-6bde-41ad-9181-bc43d9603acf
14397,52427,"2026-07-21 19:44:45",NULL,1312,NULL,"2026-07-21 19:52:18",45,AppXchange,0,1,b1dc62f3-7236-45be-a438-30d0d299851a
14404,52428,"2026-07-21 19:44:47",NULL,1309,NULL,"2026-07-21 19:52:20",45,AppXchange,0,1,fb1f050f-d634-4149-b8f5-5055e75f489a
14403,52429,"2026-07-21 19:44:46",NULL,1308,NULL,"2026-07-21 19:52:20",45,AppXchange,0,1,9232c5c7-9643-43e9-8f9a-947bcb447add
14405,52430,"2026-07-21 19:44:46",NULL,1309,NULL,"2026-07-21 19:52:20",45,AppXchange,0,1,ce63cf3a-0902-4c40-9ef7-c280c247cdfd
14408,52431,"2026-07-21 19:44:47",NULL,1309,NULL,"2026-07-21 19:52:37",45,AppXchange,0,1,fc8f999e-95ca-424e-ab99-53403fcceaf0
14406,52432,"2026-07-21 19:44:47",NULL,1309,NULL,"2026-07-21 19:52:21",45,AppXchange,0,1,efabff29-88c9-42a8-9d2a-72cf23921e44
14410,52433,"2026-07-21 19:44:47",NULL,1309,NULL,"2026-07-21 19:52:38",45,AppXchange,0,1,f0403ad7-66b3-472b-ad38-bf200c877710
14412,52434,"2026-07-21 19:44:48",NULL,1309,NULL,"2026-07-21 19:52:38",45,AppXchange,0,1,527d7d85-85ed-4143-a2ab-4d1c850a7ee1
14409,52435,"2026-07-21 19:44:47",NULL,1309,NULL,"2026-07-21 19:52:38",45,AppXchange,0,1,94e2c9b6-2546-44e9-9b5b-41c5541750ac
14411,52436,"2026-07-21 19:44:47",NULL,1309,NULL,"2026-07-21 19:52:38",45,AppXchange,0,1,779d5f04-a112-4c63-8470-a20e481bb813
14413,52437,"2026-07-21 19:44:47",NULL,1309,NULL,"2026-07-21 19:52:38",45,AppXchange,0,1,6d73e2a7-17e8-49da-a77a-f94b41802329
14416,52438,"2026-07-21 19:44:48",NULL,1312,NULL,"2026-07-21 19:52:39",45,AppXchange,0,1,14aa1a75-8b85-451c-b7a6-af7699edff86
14414,52439,"2026-07-21 19:44:47","2026-08-03 07:00:00",1312,1309,"2026-07-21 19:52:38",45,AppXchange,0,0,363737cf-8811-403c-b340-9651ce86ba69
16177,52439,"2026-08-03 07:00:00",NULL,1309,NULL,"2026-08-06 16:35:38",45,AppXchange,0,1,933cd158-6874-4558-934f-2604ff12b375
14418,52440,"2026-07-21 19:44:48",NULL,1312,NULL,"2026-07-21 19:52:40",45,AppXchange,0,1,429698d1-9f5c-4d06-8c23-7d08f78d146f
14415,52441,"2026-07-21 19:44:48",NULL,1309,NULL,"2026-07-21 19:52:39",45,AppXchange,0,1,4a862286-8818-43ef-91d1-7497627a1c68
14417,52442,"2026-07-21 19:44:49","2026-08-03 07:00:00",1312,1309,"2026-07-21 19:52:39",45,AppXchange,0,0,5d03e7cc-0f2d-4f0b-a895-65fd767017b3
16187,52442,"2026-08-03 07:00:00",NULL,1309,NULL,"2026-08-06 16:35:45",45,AppXchange,0,1,f28ce3fb-adc9-45f5-b9b6-21418209b79a
14423,52443,"2026-07-21 19:44:48",NULL,1309,NULL,"2026-07-21 19:53:06",45,AppXchange,0,1,ba213eb9-d217-4edd-94d9-ed1aadf2b850
14420,52444,"2026-07-21 19:44:48",NULL,1309,NULL,"2026-07-21 19:53:06",45,AppXchange,0,1,cf37f6ff-9ff7-45e2-becb-71ce0f61b012
14419,52445,"2026-07-21 19:44:48",NULL,1308,NULL,"2026-07-21 19:53:06",45,AppXchange,0,1,b633c96a-ed80-4f4e-b506-c9fc0823d3ef
14424,52446,"2026-07-21 19:44:48",NULL,1312,NULL,"2026-07-21 19:53:06",45,AppXchange,0,1,092a2fd1-38df-4797-b138-6daf295b595d
14421,52447,"2026-07-21 19:44:48",NULL,1312,NULL,"2026-07-21 19:53:06",45,AppXchange,0,1,4fafc3e9-a192-4259-afc2-0c634174e5c1
14422,52448,"2026-07-21 19:44:48",NULL,1309,NULL,"2026-07-21 19:53:06",45,AppXchange,0,1,1cd5b60c-a996-4b01-945e-7ae467022349
14425,52449,"2026-07-21 19:44:49",NULL,1309,NULL,"2026-07-21 19:53:07",45,AppXchange,0,1,600dae62-2817-4976-bb45-cacef8e0bf17
14434,52450,"2026-07-21 19:44:50",NULL,1309,NULL,"2026-07-21 19:53:08",45,AppXchange,0,1,a26aed73-f925-4462-989e-7063f454e9ce
14429,52451,"2026-07-21 19:44:49",NULL,1309,NULL,"2026-07-21 19:53:07",45,AppXchange,0,1,f98be107-e466-47ff-929b-a66bd0e33c46
14427,52452,"2026-07-21 19:44:49","2026-07-27 07:00:00",1308,1309,"2026-07-21 19:53:07",45,AppXchange,0,0,4047b549-b5e4-46d9-8f80-12608852c8dd
15764,52452,"2026-07-27 07:00:00",NULL,1309,NULL,"2026-07-28 19:35:09",45,AppXchange,0,0,5dc08b77-2f54-4896-9427-23464d377a71
16134,52452,"2026-07-27 07:00:00",NULL,1309,NULL,"2026-08-03 17:33:46",45,AppXchange,0,1,e2a12578-7a07-468b-a6e1-84408b61d47e
14436,52453,"2026-07-21 19:44:50",NULL,1309,NULL,"2026-07-21 19:53:08",45,AppXchange,0,1,fcfe7eff-4ef7-46c2-9f2f-fb99a7ff7b0d
14433,52454,"2026-07-21 19:44:49",NULL,1308,NULL,"2026-07-21 19:53:08",45,AppXchange,0,1,9aa50094-428b-4771-9851-58d0afb671e9
14432,52455,"2026-07-21 19:44:50",NULL,1312,NULL,"2026-07-21 19:53:08",45,AppXchange,0,1,b8fd1fb0-c5aa-4d83-866b-6176b7be2167
14431,52456,"2026-07-21 19:44:49",NULL,1312,NULL,"2026-07-21 19:53:07",45,AppXchange,0,1,1efa5890-37cd-4ff9-91a7-2317f0e68d56
14430,52457,"2026-07-21 19:44:49","2026-08-10 07:00:00",1312,1309,"2026-07-21 19:53:07",45,AppXchange,0,0,adfeb555-c651-46b6-a4a2-0e83f9d994ce
16409,52457,"2026-08-10 07:00:00",NULL,1309,NULL,"2026-08-17 21:15:05",45,Vista,0,1,0c29e150-9ac9-4c1b-9ea3-e7dec553b141
14428,52458,"2026-07-21 19:44:49",NULL,1308,NULL,"2026-07-21 19:53:07",45,AppXchange,0,1,1b2a98d2-1341-4877-960a-7f0e8d705bf1
14435,52459,"2026-07-21 19:44:50",NULL,1309,NULL,"2026-07-21 19:53:08",45,AppXchange,0,1,159d976f-22ec-44b9-b788-c642e67c3509
14426,52460,"2026-07-21 19:44:49",NULL,1309,NULL,"2026-07-21 19:53:07",45,AppXchange,0,1,ccf3be3c-1b3a-43d6-8fd8-a9ba728feceb
14438,52461,"2026-07-21 19:44:51","2026-08-03 07:00:00",1312,1309,"2026-07-21 19:53:08",45,AppXchange,0,0,26baefdd-e631-4051-88f0-c32e34207ebf
16191,52461,"2026-08-03 07:00:00",NULL,1309,NULL,"2026-08-06 16:35:48",45,AppXchange,0,1,c5a92225-9045-49cc-8ffc-a30c7e5c35bb
14439,52462,"2026-07-21 19:44:50",NULL,1309,NULL,"2026-07-21 19:53:08",45,AppXchange,0,1,8e4b27ad-9e90-425e-822c-ab8e3bc592ac
14444,52463,"2026-07-21 19:44:51",NULL,1312,NULL,"2026-07-21 19:53:09",45,AppXchange,0,1,5bef5627-7780-4c27-b94b-da1807d9849c
14440,52464,"2026-07-21 19:44:51",NULL,1312,NULL,"2026-07-21 19:53:08",45,AppXchange,0,1,412cf152-7346-4b2c-8b24-debc3e7e13e6
14442,52465,"2026-07-21 19:44:51",NULL,1309,NULL,"2026-07-21 19:53:09",45,AppXchange,0,1,afd25837-d738-474f-9365-e01307601c32
14437,52466,"2026-07-21 19:44:50",NULL,1309,NULL,"2026-07-21 19:53:08",45,AppXchange,0,1,b15b8a9f-fe15-44e4-9623-b9df23e32475
14445,52467,"2026-07-21 19:44:51",NULL,1309,NULL,"2026-07-21 19:53:09",45,AppXchange,0,1,590d977b-60b8-4acd-9d16-dd7fe5c0e86c
14446,52468,"2026-07-21 19:44:51",NULL,1309,NULL,"2026-07-21 19:53:09",45,AppXchange,0,1,af04a658-0fe9-4f7f-b661-9a27724db952
14441,52469,"2026-07-21 19:44:51",NULL,1309,NULL,"2026-07-21 19:53:09",45,AppXchange,0,1,e1b466f1-f4c0-4d09-a1ef-f2166774bace
14449,52470,"2026-07-21 19:44:51",NULL,1309,NULL,"2026-07-21 19:53:09",45,AppXchange,0,1,16b7aa3e-21a3-4279-80c1-37bf02d2c6d0
14443,52471,"2026-07-21 19:44:51",NULL,1312,NULL,"2026-07-21 19:53:09",45,AppXchange,0,1,921a9c79-5c0c-45bc-85be-22909abc3a8a
14448,52472,"2026-07-21 19:44:51",NULL,1309,NULL,"2026-07-21 19:53:09",45,AppXchange,0,1,095bea72-93e4-4cb3-b545-f96d476a5321
14447,52473,"2026-07-21 19:44:51",NULL,1312,NULL,"2026-07-21 19:53:09",45,AppXchange,0,1,c4f5d31d-6ca3-4c61-9c2f-5758dd63d0de
14452,52474,"2026-07-21 19:44:52",NULL,1309,NULL,"2026-07-21 19:53:10",45,AppXchange,0,1,e1369654-0164-4e11-9c4f-071a4f88d94b
14453,52475,"2026-07-21 19:44:52",NULL,1309,NULL,"2026-07-21 19:53:10",45,AppXchange,0,1,7fbf155e-0729-455b-8cfb-b2bc897518e8
14451,52476,"2026-07-21 19:44:52",NULL,1309,NULL,"2026-07-21 19:53:10",45,AppXchange,0,1,c9a85902-d138-4001-9814-440067f0f321
14455,52477,"2026-07-21 19:44:52",NULL,1312,NULL,"2026-07-21 19:53:10",45,AppXchange,0,1,730bb4d4-ce88-4554-98c8-9e05a7216e4d
14450,52478,"2026-07-21 19:44:51",NULL,1309,NULL,"2026-07-21 19:53:10",45,AppXchange,0,1,cabd8950-cec1-437c-8b85-158149933d65
14456,52479,"2026-07-21 19:44:52",NULL,1312,NULL,"2026-07-21 19:53:10",45,AppXchange,0,1,9b7219c6-0c62-4734-9865-4eae166a8a5e
14457,52480,"2026-07-21 19:44:52",NULL,1312,NULL,"2026-07-21 19:53:10",45,AppXchange,0,1,9b220fe6-4808-45ea-ad46-6cb12b6f373e
14454,52481,"2026-07-21 19:44:52",NULL,1309,NULL,"2026-07-21 19:53:10",45,AppXchange,0,1,df63d19a-6453-4434-a8da-4dcbe11cb39e
14460,52482,"2026-07-21 19:44:52",NULL,1309,NULL,"2026-07-21 19:53:11",45,AppXchange,0,1,14110973-6a69-4b15-bb08-5d76b4118c88
14465,52483,"2026-07-21 19:44:52","2026-07-22 07:00:00",1309,1308,"2026-07-21 19:53:38",45,AppXchange,0,0,0927a3f9-6844-45b4-b70d-df6ae4d9ffc3
15734,52483,"2026-07-22 07:00:00",NULL,1308,NULL,"2026-07-28 16:54:58",45,AppXchange,0,1,e464ef04-3cad-4767-8273-20f5a936c69b
14458,52484,"2026-07-21 19:44:52",NULL,1309,NULL,"2026-07-21 19:53:10",45,AppXchange,0,1,38c965a5-f10a-4fc7-bdb6-07f6ee387a7a
14462,52485,"2026-07-21 19:44:53",NULL,1312,NULL,"2026-07-21 19:53:36",45,AppXchange,0,1,25e24804-86cb-4383-9fa3-7dad9f484ae6
14459,52486,"2026-07-21 19:44:52",NULL,1309,NULL,"2026-07-21 19:53:11",45,AppXchange,0,1,142e37a3-14ee-4cbb-8528-1781bcf60330
14463,52487,"2026-07-21 19:45:29",NULL,1309,NULL,"2026-07-21 19:53:37",45,AppXchange,0,1,b0080bd0-62c7-43a8-810a-37d2c8768d75
14464,52488,"2026-07-21 19:44:53",NULL,1308,NULL,"2026-07-21 19:53:37",45,AppXchange,0,1,4d7346f5-a172-4db3-9f71-f63d5ad8caf7
14461,52489,"2026-07-21 19:44:53",NULL,1309,NULL,"2026-07-21 19:53:36",45,AppXchange,0,1,9004dd68-5809-404f-8b52-978cd16e522f
14466,52490,"2026-07-21 19:45:29",NULL,1312,NULL,"2026-07-21 19:53:38",45,AppXchange,0,1,1a3b1e2e-1223-4263-83f7-524ec8fd8196
14470,52491,"2026-07-21 19:45:30",NULL,1309,NULL,"2026-07-21 19:53:40",45,AppXchange,0,1,5310b352-e88d-456d-8f3b-873f60601979
14474,52492,"2026-07-21 19:45:30",NULL,1309,NULL,"2026-07-21 19:53:42",45,AppXchange,0,1,b5bdebad-d6c4-4d56-aab8-d11932b9a805
14473,52493,"2026-07-21 19:45:30",NULL,1312,NULL,"2026-07-21 19:53:41",45,AppXchange,0,1,0d710e73-82bb-4e9a-adc1-f131b5089810
14472,52494,"2026-07-21 19:45:29",NULL,1309,NULL,"2026-07-21 19:53:41",45,AppXchange,0,1,e4d0349f-11f3-4f84-bee8-ee6393c78279
14477,52495,"2026-07-21 19:45:30",NULL,1309,NULL,"2026-07-21 19:53:43",45,AppXchange,0,1,edc429c6-3ef2-4f92-87b3-7f62ef7cc4e9
14468,52496,"2026-07-21 19:45:29",NULL,1309,NULL,"2026-07-21 19:53:39",45,AppXchange,0,1,50cd8f99-4b08-4843-a44b-c46116a4d88a
14475,52497,"2026-07-21 19:45:30",NULL,1309,NULL,"2026-07-21 19:53:42",45,AppXchange,0,1,c44ece91-a7ad-45c0-9123-8c0fe71dfefd
14471,52498,"2026-07-21 19:45:30",NULL,1309,NULL,"2026-07-21 19:53:40",45,AppXchange,0,1,9b4b5545-8fb7-4e3b-b9e1-852a3f82439b
14469,52499,"2026-07-21 19:45:29",NULL,1309,NULL,"2026-07-21 19:53:39",45,AppXchange,0,1,5e5d0b22-3816-43f6-b5ad-7a930ec4d55f
14480,52500,"2026-07-21 19:45:30",NULL,1312,NULL,"2026-07-21 19:53:45",45,AppXchange,0,1,c0bb50f0-ae38-4da6-a76e-88e0a773a285
14479,52501,"2026-07-21 19:45:30",NULL,1312,NULL,"2026-07-21 19:53:44",45,AppXchange,0,1,5b2dd340-7d0c-45ae-afb4-c68f1f96446b
14467,52502,"2026-07-21 19:45:29",NULL,1309,NULL,"2026-07-21 19:53:38",45,AppXchange,0,1,e9cdeabe-5e6f-411d-8f20-0c1b47738b1f
14476,52503,"2026-07-21 19:45:30",NULL,1309,NULL,"2026-07-21 19:53:43",45,AppXchange,0,1,aa2dc8e3-faea-4aa2-8f36-36461f2c7489
14478,52504,"2026-07-21 19:45:30",NULL,1312,NULL,"2026-07-21 19:53:44",45,AppXchange,0,1,0797465f-c39f-4bc5-98c8-d199660ec78b
14486,52505,"2026-07-21 19:45:31",NULL,1309,NULL,"2026-07-21 19:53:48",45,AppXchange,0,1,229396ff-b68e-43d7-bce8-b141eb560f8d
14483,52506,"2026-07-21 19:45:30",NULL,1312,NULL,"2026-07-21 19:53:46",45,AppXchange,0,1,b3b64a18-749e-449b-8e14-feff35f51468
14484,52507,"2026-07-21 19:45:31",NULL,1309,NULL,"2026-07-21 19:53:47",45,AppXchange,0,1,c7b0b659-0107-4cfc-80cc-44b09471a922
14481,52508,"2026-07-21 19:45:30",NULL,1312,NULL,"2026-07-21 19:53:45",45,AppXchange,0,1,20087abd-29a8-43f7-a56a-a4b5b6a17fe1
14485,52509,"2026-07-21 19:45:31",NULL,1309,NULL,"2026-07-21 19:53:47",45,AppXchange,0,1,01fb6f3b-a44a-4654-87c0-91587f53a49f
14482,52510,"2026-07-21 19:45:31",NULL,1309,NULL,"2026-07-21 19:53:46",45,AppXchange,0,1,f4dc7cd7-dd94-4aea-940d-fb25e539610c
14487,52511,"2026-07-21 19:45:31","2026-07-28 02:59:58",1312,1312,"2026-07-21 19:53:48",45,AppXchange,0,0,50074029-9ae0-4882-ad30-36b747367ec5
15716,52511,"2026-07-28 02:59:58",NULL,1312,NULL,"2026-07-28 03:00:19",16095,,0,1,5623b7b9-1f90-437a-b399-e64cb9369562
14488,52512,"2026-07-21 19:45:31",NULL,1309,NULL,"2026-07-21 19:53:49",45,AppXchange,0,1,ff6caad5-9262-4c01-a3c6-0f0636f8efd0
14490,52513,"2026-07-21 19:45:31",NULL,1309,NULL,"2026-07-21 19:53:50",45,AppXchange,0,1,2c512a77-3242-4f8d-b831-037dd0ea75e9
14494,52514,"2026-07-21 19:45:32",NULL,1309,NULL,"2026-07-21 19:53:52",45,AppXchange,0,1,566de64f-61b1-4b5c-aab6-316173daad8d
14496,52515,"2026-07-21 19:45:32",NULL,1309,NULL,"2026-07-21 19:53:53",45,AppXchange,0,1,08a1b0d8-4696-434f-a4f3-2e428568f3a4
14489,52516,"2026-07-21 19:45:31","2026-08-11 07:00:00",1309,1309,"2026-07-21 19:53:49",45,AppXchange,0,0,38ac45c1-3d61-420d-82b1-567288385292
16195,52516,"2026-07-16 07:00:00",NULL,1308,NULL,"2026-08-06 18:33:54",45,"330 MOBE OUT TO 502401 08/06/26 - (REC'D 08/06/26)",0,1,632ac6d2-f625-4e68-a614-4dc16d651d94
16324,52516,"2026-08-11 07:00:00",NULL,1309,NULL,"2026-08-13 16:05:57",45,Vista,0,1,44f2f549-73da-4aca-9f2b-665fb0ac42a5
14492,52517,"2026-07-21 19:45:31",NULL,1312,NULL,"2026-07-21 19:53:51",45,AppXchange,0,1,10429e5f-91c7-49aa-88ea-37b065741ef1
14491,52518,"2026-07-21 19:45:31",NULL,1309,NULL,"2026-07-21 19:53:50",45,AppXchange,0,1,36df2e4f-4540-4c21-b341-b217722f8d1a
14493,52519,"2026-07-21 19:45:31",NULL,1309,NULL,"2026-07-21 19:53:52",45,AppXchange,0,1,45b762b8-b7e2-4939-889c-913759c162f1
14495,52520,"2026-07-21 19:45:32",NULL,1309,NULL,"2026-07-21 19:53:52",45,AppXchange,0,1,e22f344e-9043-4fd5-be5e-bfcc3c72e41d
14498,52521,"2026-07-21 19:45:32",NULL,1309,NULL,"2026-07-21 19:53:54",45,AppXchange,0,1,ee12d8e7-3264-41dd-81af-c2f4b2ff9f49
14497,52522,"2026-07-21 19:45:32",NULL,1309,NULL,"2026-07-21 19:53:54",45,AppXchange,0,1,78a0aef8-516e-428b-9a51-33b392d2160f
14499,52523,"2026-07-21 19:45:32",NULL,1312,NULL,"2026-07-21 19:53:55",45,AppXchange,0,1,5e02e882-e9a4-4874-a69b-e1bed18ab4e7
14502,52524,"2026-07-21 19:45:32",NULL,1309,NULL,"2026-07-21 19:53:57",45,AppXchange,0,1,c02cbaea-61e2-4b0a-a713-e62619e8d55c
14508,52525,"2026-07-21 19:45:33",NULL,1309,NULL,"2026-07-21 19:54:01",45,AppXchange,0,1,a6a48dea-77f0-4746-a640-8b876678d86f
14506,52526,"2026-07-21 19:45:33",NULL,1312,NULL,"2026-07-21 19:53:59",45,AppXchange,0,1,3a27232f-1a92-46e1-9a90-1c254f3099d0
14510,52527,"2026-07-21 19:45:33",NULL,1312,NULL,"2026-07-21 19:54:02",45,AppXchange,0,1,3d2aaedf-6e67-4624-8f14-535d8b02cef7
14504,52528,"2026-07-21 19:45:32",NULL,1312,NULL,"2026-07-21 19:53:58",45,AppXchange,0,1,8ab9ac82-e7c6-4e79-bce9-31cf3f738e30
14507,52529,"2026-07-21 19:45:33",NULL,1312,NULL,"2026-07-21 19:53:59",45,AppXchange,0,1,19c1c08f-f371-4e67-9bc4-47c588a123ff
14512,52530,"2026-07-21 19:45:33",NULL,1309,NULL,"2026-07-21 19:54:06",45,AppXchange,0,1,73b85583-c853-4a93-84de-5454f4d6a868
14500,52531,"2026-07-21 19:45:32",NULL,1312,NULL,"2026-07-21 19:53:55",45,AppXchange,0,1,0b1a928c-c86f-4194-af97-200a6e1528ca
14501,52532,"2026-07-21 19:45:32",NULL,1309,NULL,"2026-07-21 19:53:56",45,AppXchange,0,1,995f5dc0-cf43-45c5-94eb-a23fa08fff41
14509,52533,"2026-07-21 19:45:33",NULL,1309,NULL,"2026-07-21 19:54:01",45,AppXchange,0,1,29609604-47ff-4959-b92a-f138c518cdd7
14503,52534,"2026-07-21 19:45:32",NULL,1309,NULL,"2026-07-21 19:53:57",45,AppXchange,0,1,d08813e1-674c-497c-9d29-fca1568676dc
14505,52535,"2026-07-21 19:45:32",NULL,1309,NULL,"2026-07-21 19:53:58",45,AppXchange,0,1,f5524b79-efcf-48e8-a921-87af88b7c762
14513,52536,"2026-07-21 19:45:33",NULL,1309,NULL,"2026-07-21 19:54:06",45,AppXchange,0,1,3bd71b63-d294-4942-8a92-d93ec9a21f3c
14519,52537,"2026-07-21 19:45:34",NULL,1309,NULL,"2026-07-21 19:54:07",45,AppXchange,0,1,c6e80b4f-25e3-41bf-ac67-d25fa36c368d
14514,52538,"2026-07-21 19:45:34",NULL,1312,NULL,"2026-07-21 19:54:07",45,AppXchange,0,1,2f17ea91-1f68-4de0-b23d-0c0d673f723f
14511,52539,"2026-07-21 19:45:33",NULL,1309,NULL,"2026-07-21 19:54:06",45,AppXchange,0,1,c153c87c-24d9-461d-bc1d-589581ace652
14516,52540,"2026-07-21 19:45:34",NULL,1309,NULL,"2026-07-21 19:54:07",45,AppXchange,0,1,aa84a904-7477-4949-92fa-848f10d3372f
14515,52541,"2026-07-21 19:45:34",NULL,1309,NULL,"2026-07-21 19:54:07",45,AppXchange,0,1,5661c6c9-5a1d-4004-894a-4048873ca5f3
14517,52542,"2026-07-21 19:45:34",NULL,1309,NULL,"2026-07-21 19:54:07",45,AppXchange,0,1,0d8f1721-5b28-42fb-8f38-563057d128c0
14518,52543,"2026-07-21 19:45:34",NULL,1309,NULL,"2026-07-21 19:54:07",45,AppXchange,0,1,3c7903a1-c681-4c44-8623-c9c1d86494c7
14523,52544,"2026-07-21 19:45:35",NULL,1309,NULL,"2026-07-21 19:54:08",45,AppXchange,0,1,332082e8-b007-4113-a0cf-84ec408a56ab
14520,52545,"2026-07-21 19:45:35",NULL,1309,NULL,"2026-07-21 19:54:07",45,AppXchange,0,1,e9efad12-b7a0-4fdd-9936-411385a2af8b
14522,52546,"2026-07-21 19:45:35",NULL,1309,NULL,"2026-07-21 19:54:08",45,AppXchange,0,1,929b58bf-a6bf-4ca9-ab69-25f1b869e832
14524,52547,"2026-07-21 19:45:35",NULL,1309,NULL,"2026-07-21 19:54:08",45,AppXchange,0,1,a9ddde46-b98c-4554-b2ad-429f5913cdfc
14521,52548,"2026-07-21 19:45:35",NULL,1309,NULL,"2026-07-21 19:54:07",45,AppXchange,0,1,4e44d956-759a-496c-9da0-620caf97510e
14531,52549,"2026-07-21 19:45:35",NULL,1309,NULL,"2026-07-21 19:54:09",45,AppXchange,0,1,72129328-727f-42ad-bb37-906a1c597cbd
14526,52550,"2026-07-21 19:45:35",NULL,1309,NULL,"2026-07-21 19:54:08",45,AppXchange,0,1,20fce2c3-3f55-4678-b94b-caa747425d15
14525,52551,"2026-07-21 19:45:35",NULL,1309,NULL,"2026-07-21 19:54:08",45,AppXchange,0,1,af1a7c2f-e343-491b-ae59-a05376ef286b
14527,52552,"2026-07-21 19:45:35",NULL,1312,NULL,"2026-07-21 19:54:08",45,AppXchange,0,1,dc94c685-518f-4314-9ebf-44ea9a4a765d
14530,52553,"2026-07-21 19:45:35",NULL,1309,NULL,"2026-07-21 19:54:09",45,AppXchange,0,1,9b723599-33d6-45c4-911a-4e88b9e3af5e
14528,52554,"2026-07-21 19:45:35",NULL,1309,NULL,"2026-07-21 19:54:08",45,AppXchange,0,1,6fd20c87-3843-467d-a96b-928b5a965291
14537,52555,"2026-07-21 19:45:36",NULL,1312,NULL,"2026-07-21 19:54:10",45,AppXchange,0,1,29f3a5bd-0197-4e44-a2e8-efe3120ecdb7
14535,52556,"2026-07-21 19:45:36","2026-08-02 07:00:00",1309,1308,"2026-07-21 19:54:09",45,AppXchange,0,0,cdd5c9e6-cacf-41d5-b91b-d76493343ac9
16264,52556,"2026-08-02 07:00:00",NULL,1308,NULL,"2026-08-11 19:03:12",45,Vista,0,1,379dbb5c-d349-4eaf-acdb-2809843bfe35
14536,52557,"2026-07-21 19:45:36",NULL,1309,NULL,"2026-07-21 19:54:09",45,AppXchange,0,1,3078a39c-bfe9-463b-a0cb-79e3924dc2bb
14529,52558,"2026-07-21 19:45:35",NULL,1309,NULL,"2026-07-21 19:54:09",45,AppXchange,0,1,bf14ea06-48a4-4d6f-a9fa-8cfa2a53f60d
14532,52559,"2026-07-21 19:45:36",NULL,1309,NULL,"2026-07-21 19:54:09",45,AppXchange,0,1,cc28371f-5590-47f7-ad8b-28b5095987e5
14534,52560,"2026-07-21 19:45:36",NULL,1309,NULL,"2026-07-21 19:54:09",45,AppXchange,0,1,33fa566b-cc59-4c19-8317-27a4695cc37b
14533,52561,"2026-07-21 19:45:36","2026-08-02 07:00:00",1309,1308,"2026-07-21 19:54:09",45,AppXchange,0,0,88c7a138-d51d-4bd6-b507-14b75dbe46cd
16258,52561,"2026-08-02 07:00:00",NULL,1308,NULL,"2026-08-11 19:03:10",45,Vista,0,1,4c71d081-18e2-48ce-8003-ddd49d884d2b
14538,52562,"2026-07-21 19:45:36",NULL,1309,NULL,"2026-07-21 19:54:10",45,AppXchange,0,1,5cd17a1b-3045-447a-ba15-4f9ad1b5bd16
14542,52563,"2026-07-21 19:45:36",NULL,1309,NULL,"2026-07-21 19:54:10",45,AppXchange,0,1,7b764cd3-fe0d-4938-a62b-0dfc083748f9
14539,52564,"2026-07-21 19:45:36",NULL,1309,NULL,"2026-07-21 19:54:10",45,AppXchange,0,1,d37a2ecc-ce46-4144-8a48-728e2f580463
14540,52565,"2026-07-21 19:45:36",NULL,1312,NULL,"2026-07-21 19:54:10",45,AppXchange,0,1,13be9efe-977d-4195-9e3f-92f65f342ce5
14543,52566,"2026-07-21 19:45:36",NULL,1309,NULL,"2026-07-21 19:54:10",45,AppXchange,0,1,77e430a8-d7fa-462e-84af-66a24da1e78f
14545,52567,"2026-07-21 19:45:37",NULL,1309,NULL,"2026-07-21 19:54:10",45,AppXchange,0,1,3e120003-42c2-44d7-9be3-1946019e2b7c
14544,52568,"2026-07-21 19:45:37",NULL,1309,NULL,"2026-07-21 19:54:10",45,AppXchange,0,1,3202b17e-3efe-4597-afa7-0a3f1738b04c
14541,52569,"2026-07-21 19:45:36",NULL,1309,NULL,"2026-07-21 19:54:10",45,AppXchange,0,1,f2e3a5ae-33ce-4bcf-84a4-a1584f50e38b
14547,52570,"2026-07-21 19:45:37",NULL,1309,NULL,"2026-07-21 19:54:11",45,AppXchange,0,1,9a498616-4196-4e71-9949-c13adb3a9e72
14550,52571,"2026-07-21 19:45:37",NULL,1309,NULL,"2026-07-21 19:54:11",45,AppXchange,0,1,06f5f4df-ac10-436a-a2fa-365f9afc316c
14548,52572,"2026-07-21 19:45:37","2026-08-02 07:00:00",1309,1308,"2026-07-21 19:54:11",45,AppXchange,0,0,b86d8cc2-1f9b-4445-89fc-8a72d0c14a3d
16259,52572,"2026-08-02 07:00:00",NULL,1308,NULL,"2026-08-11 19:03:10",45,Vista,0,1,53febc55-19c1-4956-8189-45e731db1e0f
14546,52573,"2026-07-21 19:45:37",NULL,1309,NULL,"2026-07-21 19:54:10",45,AppXchange,0,1,bf00a3a4-9f02-4e97-a81b-60132da21e4d
14554,52574,"2026-07-21 19:45:37",NULL,1308,NULL,"2026-07-21 19:54:11",45,AppXchange,0,1,3198077f-fb85-4970-81bd-9f569694e893
14555,52575,"2026-07-21 19:45:37",NULL,1309,NULL,"2026-07-21 19:54:11",45,AppXchange,0,1,11ca27d0-ae2c-4804-b9ed-465e15689e5d
14549,52576,"2026-07-21 19:45:37",NULL,1309,NULL,"2026-07-21 19:54:11",45,AppXchange,0,1,93ac244e-8854-485b-9ca1-3015cb0e5436
14559,52577,"2026-07-21 19:45:38",NULL,1309,NULL,"2026-07-21 19:54:12",45,AppXchange,0,1,a4f80447-df49-45ce-9810-ea82aa6ccdb8
14552,52578,"2026-07-21 19:45:37",NULL,1309,NULL,"2026-07-21 19:54:11",45,AppXchange,0,1,48489f56-1c40-400e-8c98-806583d1fd2a
14556,52579,"2026-07-21 19:45:37",NULL,1309,NULL,"2026-07-21 19:54:12",45,AppXchange,0,1,1578edf7-457d-4dcb-aae3-96417eb99239
14553,52580,"2026-07-21 19:45:37","2026-08-04 07:00:00",1310,1309,"2026-07-21 19:54:11",45,AppXchange,0,0,b257e1be-701a-44c5-bb90-95159754cb99
16159,52580,"2026-08-04 07:00:00",NULL,1309,NULL,"2026-08-05 13:34:04",45,AppXchange,0,1,36ec94f7-cc48-480f-94ed-a23fecb59a13
14563,52581,"2026-07-21 19:45:38",NULL,1309,NULL,"2026-07-21 19:54:12",45,AppXchange,0,1,00f9873e-3f0a-4c20-8640-d9c50b019e50
14551,52582,"2026-07-21 19:45:37",NULL,1309,NULL,"2026-07-21 19:54:11",45,AppXchange,0,1,81ece77d-4252-49a0-a7f0-bec8fa77de29
14561,52583,"2026-07-21 19:45:38",NULL,1309,NULL,"2026-07-21 19:54:12",45,AppXchange,0,1,4ac5c58f-b0c6-46c0-a9a1-5c62f0059234
14557,52584,"2026-07-21 19:45:37","2026-08-02 07:00:00",1309,1308,"2026-07-21 19:54:12",45,AppXchange,0,0,c2e73f4f-cc5c-49fe-8961-58ada9c6884a
16260,52584,"2026-08-02 07:00:00",NULL,1308,NULL,"2026-08-11 19:03:10",45,Vista,0,1,cd2a1b12-122a-44cc-9031-abb698d3ad9f
14558,52585,"2026-07-21 19:45:37",NULL,1309,NULL,"2026-07-21 19:54:12",45,AppXchange,0,1,9e37e01b-44f0-427d-a7ce-93f3775919b1
14560,52586,"2026-07-21 19:45:38","2026-08-02 07:00:00",1309,1308,"2026-07-21 19:54:12",45,AppXchange,0,0,616236c9-2dcc-4f13-b4a4-ef0c9c07acd0
16261,52586,"2026-08-02 07:00:00",NULL,1308,NULL,"2026-08-11 19:03:11",45,Vista,0,1,3ce382b5-cc4d-427e-b326-752f2306e5ff
14562,52587,"2026-07-21 19:45:38",NULL,1309,NULL,"2026-07-21 19:54:12",45,AppXchange,0,1,ead9105f-cb99-423c-84c7-c75c2c10289c
14566,52588,"2026-07-21 19:45:38",NULL,1309,NULL,"2026-07-21 19:54:13",45,AppXchange,0,1,1e9390b2-0458-4ffb-abad-0efc3c216248
14568,52589,"2026-07-21 19:45:38",NULL,1309,NULL,"2026-07-21 19:54:13",45,AppXchange,0,1,2220fe01-8265-4b39-af7f-d4c94755dfbd
14569,52590,"2026-07-21 19:45:38",NULL,1309,NULL,"2026-07-21 19:54:13",45,AppXchange,0,1,44e28e3c-7420-4e4f-a9bf-a8eb4ffa8281
14564,52591,"2026-07-21 19:45:38",NULL,1309,NULL,"2026-07-21 19:54:12",45,AppXchange,0,1,0cd9e47d-66e2-48a2-ab8a-dc085276b4dc
14565,52592,"2026-07-21 19:45:38",NULL,1309,NULL,"2026-07-21 19:54:13",45,AppXchange,0,1,b59a4b0f-ccdd-49d0-8964-7f6c9a8e18a8
14578,52593,"2026-07-21 19:45:38",NULL,1309,NULL,"2026-07-21 19:54:14",45,AppXchange,0,1,f51a2c3e-0e47-43a2-93e4-c105c160ce9d
14570,52594,"2026-07-21 19:45:38","2026-08-02 07:00:00",1309,1308,"2026-07-21 19:54:13",45,AppXchange,0,0,2a6818cb-0c20-4869-bf30-172ba786a4a3
16269,52594,"2026-08-02 07:00:00",NULL,1308,NULL,"2026-08-11 19:03:14",45,Vista,0,1,9612fb3a-97af-42c4-9eb8-7a199c79401a
14567,52595,"2026-07-21 19:45:38","2026-08-10 07:00:00",1309,1312,"2026-07-21 19:54:13",45,AppXchange,0,0,fa69f1ca-b7fe-457f-8d4e-52a170a1ad80
16343,52595,"2026-08-10 07:00:00",NULL,1312,NULL,"2026-08-14 17:03:39",45,Vista,0,1,1ce5723b-c4ed-433a-8da6-ede0952a21a4
14573,52596,"2026-07-21 19:45:38",NULL,1309,NULL,"2026-07-21 19:54:13",45,AppXchange,0,1,df13bc9c-6920-452e-9677-b227f4e928f9
14572,52597,"2026-07-21 19:45:39",NULL,1309,NULL,"2026-07-21 19:54:13",45,AppXchange,0,1,559d43c6-2163-41bf-8c8a-24e6e6738db9
14576,52598,"2026-07-21 19:45:39",NULL,1309,NULL,"2026-07-21 19:54:14",45,AppXchange,0,1,82aaefca-ed36-445f-b5bd-6ae9f0d23548
14579,52599,"2026-07-21 19:45:39",NULL,1309,NULL,"2026-07-21 19:54:14",45,AppXchange,0,1,a6a1d837-05a6-420e-894f-94da1aff3f8f
14571,52600,"2026-07-21 19:45:38",NULL,1309,NULL,"2026-07-21 19:54:13",45,AppXchange,0,1,17ab98b0-f470-40e9-b052-6f2857423ff8
14582,52601,"2026-07-21 19:45:39",NULL,1309,NULL,"2026-07-21 19:54:15",45,AppXchange,0,1,93200a3e-63ab-42d8-a4c2-867d8efe045e
14581,52602,"2026-07-21 19:45:39",NULL,1309,NULL,"2026-07-21 19:54:14",45,AppXchange,0,1,d4a82bb4-59b5-468f-aae8-ea6a6fc425dc
14585,52603,"2026-07-21 19:45:39",NULL,1309,NULL,"2026-07-21 19:54:15",45,AppXchange,0,1,e25012f8-7379-474f-a40b-facde15bd4a1
14575,52604,"2026-07-21 19:45:39",NULL,1312,NULL,"2026-07-21 19:54:14",45,AppXchange,0,1,c42ad3f1-ce66-4581-896e-b731e3092c6c
14584,52605,"2026-07-21 19:45:39","2026-08-02 07:00:00",1309,1308,"2026-07-21 19:54:15",45,AppXchange,0,0,3bdeb6d3-e1e0-45fa-b14c-7ee3d6635cd6
16265,52605,"2026-08-02 07:00:00",NULL,1308,NULL,"2026-08-11 19:03:12",45,Vista,0,1,17bc0df0-1d90-4a42-9dce-01659390a9be
14583,52606,"2026-07-21 19:45:39","2026-08-02 07:00:00",1309,1308,"2026-07-21 19:54:15",45,AppXchange,0,0,0fbf84f9-96db-4b2e-9e42-e40f18b04716
16263,52606,"2026-08-02 07:00:00",NULL,1308,NULL,"2026-08-11 19:03:11",45,Vista,0,1,6568e7b1-3db3-4a45-81ee-28a23fd2aaa7
14580,52607,"2026-07-21 19:45:39",NULL,1309,NULL,"2026-07-21 19:54:14",45,AppXchange,0,1,d866bab5-c3d8-4487-9adc-4bcb587f1257
14577,52608,"2026-07-21 19:45:39",NULL,1309,NULL,"2026-07-21 19:54:14",45,AppXchange,0,1,0aae6c89-d495-4490-ba6a-9a799361e3fa
14574,52609,"2026-07-21 19:45:39",NULL,1309,NULL,"2026-07-21 19:54:14",45,AppXchange,0,1,772bb031-5106-48d1-9a50-e2c345acfd65
14586,52610,"2026-07-21 19:45:39",NULL,1308,NULL,"2026-07-21 19:54:15",45,AppXchange,0,1,62df8474-21c5-475a-9d83-7e34bbc0e4c4
14587,52611,"2026-07-21 19:45:40","2026-08-02 07:00:00",1309,1308,"2026-07-21 19:54:15",45,AppXchange,0,0,9bb13de1-9bf8-4f77-956f-40e4ec24025b
16271,52611,"2026-08-02 07:00:00",NULL,1308,NULL,"2026-08-11 19:03:14",45,Vista,0,1,32bf8be3-a0e1-4e12-8b5a-1de8e45babd3
14593,52612,"2026-07-21 19:45:40","2026-08-02 07:00:00",1309,1308,"2026-07-21 19:54:16",45,AppXchange,0,0,03893189-a268-40bd-985e-9ec85fc123ce
16268,52612,"2026-08-02 07:00:00",NULL,1308,NULL,"2026-08-11 19:03:14",45,Vista,0,1,121d6311-6d12-4b3d-9a33-b1c77e70bad4
14588,52613,"2026-07-21 19:45:40",NULL,1309,NULL,"2026-07-21 19:54:15",45,AppXchange,0,1,fab83fe7-5b9c-4d52-bddb-f0924e5377ac
14591,52614,"2026-07-21 19:45:40",NULL,1309,NULL,"2026-07-21 19:54:16",45,AppXchange,0,1,3ec19025-b5a2-4f1b-a45e-88cd2a643762
14589,52615,"2026-07-21 19:45:40",NULL,1309,NULL,"2026-07-21 19:54:15",45,AppXchange,0,1,20472e37-86de-4334-88be-01cbca36aaa2
14590,52616,"2026-07-21 19:45:40",NULL,1309,NULL,"2026-07-21 19:54:16",45,AppXchange,0,1,e9c9e614-4f23-4e72-b985-26ba35404d1b
14600,52617,"2026-07-21 19:45:40",NULL,1309,NULL,"2026-07-21 19:54:17",45,AppXchange,0,1,230d4036-95a3-41b6-a026-2a48874b58cc
14592,52618,"2026-07-21 19:45:40",NULL,1309,NULL,"2026-07-21 19:54:16",45,AppXchange,0,1,1b279330-44c4-4a9a-b34e-e38cde53587e
14595,52619,"2026-07-21 19:45:40",NULL,1309,NULL,"2026-07-21 19:54:16",45,AppXchange,0,1,0f8078a7-fda6-446f-9aec-476a8c0f9335
14598,52620,"2026-07-21 19:45:41",NULL,1309,NULL,"2026-07-21 19:54:17",45,AppXchange,0,1,83883262-eabb-4d6e-8211-5199a2502330
14596,52621,"2026-07-21 19:45:40",NULL,1312,NULL,"2026-07-21 19:54:16",45,AppXchange,0,1,818f4d95-7e9d-49e8-bbd6-446c86e25de4
14597,52622,"2026-07-21 19:45:40","2026-08-02 07:00:00",1309,1308,"2026-07-21 19:54:17",45,AppXchange,0,0,76c74404-327b-4ce0-bb5f-23b7f79314a8
16266,52622,"2026-08-02 07:00:00",NULL,1308,NULL,"2026-08-11 19:03:13",45,Vista,0,1,c82fc691-b55b-478b-b98b-7bab3a75f512
14594,52623,"2026-07-21 19:45:40",NULL,1309,NULL,"2026-07-21 19:54:16",45,AppXchange,0,1,03499b5a-aed9-47ef-a1e2-dfbfbc609a2d
14601,52624,"2026-07-21 19:45:41",NULL,1309,NULL,"2026-07-21 19:54:17",45,AppXchange,0,1,c86a0d22-06fd-4c68-ab85-0a5bed5e82bb
14607,52625,"2026-07-21 19:45:41",NULL,1309,NULL,"2026-07-21 19:54:18",45,AppXchange,0,1,bc6bdd76-d49d-4ba8-9947-b27a38d8aa72
14603,52626,"2026-07-21 19:45:41","2026-08-02 07:00:00",1309,1308,"2026-07-21 19:54:17",45,AppXchange,0,0,5bc28447-612c-4f1f-a758-a56f1c5a8003
16267,52626,"2026-08-02 07:00:00",NULL,1308,NULL,"2026-08-11 19:03:13",45,Vista,0,1,a7f68894-d027-4448-bf8c-a345bad311da
14604,52627,"2026-07-21 19:45:41","2026-08-02 07:00:00",1309,1308,"2026-07-21 19:54:17",45,AppXchange,0,0,864db3e4-c2f1-4984-b576-24a81472b8a0
16270,52627,"2026-08-02 07:00:00",NULL,1308,NULL,"2026-08-11 19:03:14",45,Vista,0,1,3d6ad087-6958-4caf-9d6c-ee8c9ba52903
14606,52628,"2026-07-21 19:45:41",NULL,1309,NULL,"2026-07-21 19:54:17",45,AppXchange,0,1,5136d36b-0eb8-45c3-b627-c74002ba0c05
14599,52629,"2026-07-21 19:45:41",NULL,1309,NULL,"2026-07-21 19:54:17",45,AppXchange,0,1,473b91fc-e597-4bd4-be61-ed3b7c9749e3
14614,52630,"2026-07-21 19:45:42","2026-08-02 07:00:00",1309,1308,"2026-07-21 19:54:18",45,AppXchange,0,0,38272ff7-1a3f-4bcf-a77a-34719e6fac46
16262,52630,"2026-08-02 07:00:00",NULL,1308,NULL,"2026-08-11 19:03:11",45,Vista,0,1,c0a83bd2-55b1-4cd2-97f7-9c5a1be3e834
14609,52631,"2026-07-21 19:45:41","2026-08-02 07:00:00",1309,1308,"2026-07-21 19:54:18",45,AppXchange,0,0,f57b4ccb-e6ea-497f-bad2-cd8ef883a142
16274,52631,"2026-08-02 07:00:00",NULL,1308,NULL,"2026-08-11 20:04:11",45,Vista,0,1,7f50e329-5932-4453-b4a6-dd2ab33856d6
14605,52632,"2026-07-21 19:45:41","2026-08-02 07:00:00",1309,1308,"2026-07-21 19:54:17",45,AppXchange,0,0,a4a656cb-7fc7-4939-9b9a-8be70f379ed7
16279,52632,"2026-08-02 07:00:00",NULL,1308,NULL,"2026-08-11 20:04:14",45,Vista,0,1,6279570c-2cd4-4f89-91ee-018bb4983c7e
14610,52633,"2026-07-21 19:45:41",NULL,1309,NULL,"2026-07-21 19:54:18",45,AppXchange,0,1,0b8299b7-ed4a-4c58-8d12-ef9f0f03eb56
14602,52634,"2026-07-21 19:45:41",NULL,1309,NULL,"2026-07-21 19:54:17",45,AppXchange,0,1,667f9742-c13a-4d79-8599-fd65e5addefa
14608,52635,"2026-07-21 19:45:42",NULL,1309,NULL,"2026-07-21 19:54:18",45,AppXchange,0,1,fc3b5df5-7cd3-467d-adb8-0129f0735452
14611,52636,"2026-07-21 19:45:41",NULL,1312,NULL,"2026-07-21 19:54:18",45,AppXchange,0,1,b3d889ea-b643-427b-8ebc-5fec9de2b81d
14612,52637,"2026-07-21 19:45:42",NULL,1312,NULL,"2026-07-21 19:54:18",45,AppXchange,0,1,eeec7842-a773-488b-8a5f-f00989de3ad6
14616,52638,"2026-07-21 19:45:42",NULL,1309,NULL,"2026-07-21 19:54:19",45,AppXchange,0,1,0f384b54-0273-4fde-afc3-cdc00dcf959e
14613,52639,"2026-07-21 19:45:42",NULL,1312,NULL,"2026-07-21 19:54:18",45,AppXchange,0,1,f0296283-e447-4f78-95a0-63541c4ffc5b
14617,52640,"2026-07-21 19:45:42",NULL,1309,NULL,"2026-07-21 19:54:19",45,AppXchange,0,1,96dff6ae-f86a-477d-8e2d-d8a436a52289
14615,52641,"2026-07-21 19:45:42","2026-07-20 07:00:00",1308,1309,"2026-07-21 19:54:18",45,AppXchange,0,0,a46d5e61-8c78-432e-b385-4a1354ffc9bd
15735,52641,"2026-07-20 07:00:00",NULL,1309,NULL,"2026-07-28 16:54:58",45,AppXchange,0,1,34166c5b-40cf-404f-9180-2c750dbc4f7a
14619,52642,"2026-07-21 19:45:42",NULL,1308,NULL,"2026-07-21 19:54:19",45,AppXchange,0,1,fbec7e5b-b13a-407a-9e6e-d20a9257ccad
14618,52643,"2026-07-21 19:45:42","2026-08-02 07:00:00",1309,1308,"2026-07-21 19:54:19",45,AppXchange,0,0,d430bf45-1bff-458e-a82b-583fc406cb23
16273,52643,"2026-08-02 07:00:00",NULL,1308,NULL,"2026-08-11 20:04:11",45,Vista,0,1,9e1a3b6d-2e12-4d37-a855-24cb54b0576b
14621,52644,"2026-07-21 19:45:42",NULL,1309,NULL,"2026-07-21 19:54:19",45,AppXchange,0,1,bb401258-1936-446b-9bd6-9642aed7778c
14620,52645,"2026-07-21 19:45:42",NULL,1309,NULL,"2026-07-21 19:54:19",45,AppXchange,0,1,65a970a7-5842-4db6-bc52-b6028a6676ed
14623,52646,"2026-07-21 19:45:42","2026-08-02 07:00:00",1309,1308,"2026-07-21 19:54:19",45,AppXchange,0,0,4dd8ab58-9503-473f-a9b5-ce730cc1a7dd
16275,52646,"2026-08-02 07:00:00",NULL,1308,NULL,"2026-08-11 20:04:12",45,Vista,0,1,fb4b9736-fc28-4811-8739-0dfb17f79920
14622,52647,"2026-07-21 19:45:42",NULL,1309,NULL,"2026-07-21 19:54:19",45,AppXchange,0,1,65129eb3-171d-491d-acea-bf40af20bd25
14624,52648,"2026-07-21 19:45:43",NULL,1309,NULL,"2026-07-21 19:54:19",45,AppXchange,0,1,c9680d58-7761-450b-a511-4b13886d6b1e
14633,52649,"2026-07-21 19:45:44","2026-08-02 07:00:00",1309,1308,"2026-07-21 19:54:20",45,AppXchange,0,0,555860c9-b116-405e-8782-4ff9c30bf447
16277,52649,"2026-08-02 07:00:00",NULL,1308,NULL,"2026-08-11 20:04:13",45,Vista,0,1,4fb62f83-b731-4d6d-b506-c6ad5827faf6
14625,52650,"2026-07-21 19:45:43",NULL,1312,NULL,"2026-07-21 19:54:20",45,AppXchange,0,1,41a91b21-f8f4-42b4-9d6c-716229b065a5
14631,52651,"2026-07-21 19:45:43",NULL,1308,NULL,"2026-07-21 19:54:20",45,AppXchange,0,1,7ecdac1e-7dc6-41c8-a99d-b4eda07d0dbc
14627,52652,"2026-07-21 19:45:43",NULL,1309,NULL,"2026-07-21 19:54:20",45,AppXchange,0,1,81dbc750-1c63-4b36-b6b8-ab3f8e20cf47
14632,52653,"2026-07-21 19:45:43","2026-08-02 07:00:00",1309,1308,"2026-07-21 19:54:20",45,AppXchange,0,0,4eb36718-720a-4442-8693-661741290e39
16278,52653,"2026-08-02 07:00:00",NULL,1308,NULL,"2026-08-11 20:04:13",45,Vista,0,1,0d3fab11-00ae-4f16-b4bf-f37d366bd23e
14628,52654,"2026-07-21 19:45:43",NULL,1309,NULL,"2026-07-21 19:54:20",45,AppXchange,0,1,47e95ec4-f018-4162-9c26-1c6cdc68999d
14636,52655,"2026-07-21 19:45:44",NULL,1309,NULL,"2026-07-21 19:54:21",45,AppXchange,0,1,c76f1e63-b004-4dd7-a462-7e382a7560cc
14630,52656,"2026-07-21 19:45:43",NULL,1309,NULL,"2026-07-21 19:54:20",45,AppXchange,0,1,62a08549-b2e6-4c91-9371-106222f6fc22
14626,52657,"2026-07-21 19:45:43",NULL,1309,NULL,"2026-07-21 19:54:20",45,AppXchange,0,1,8c587bcc-5d65-4394-991c-5a951c70b448
14634,52658,"2026-07-21 19:45:45",NULL,1309,NULL,"2026-07-21 19:54:20",45,AppXchange,0,1,230cdf22-9a7e-498d-b7a7-a2d24aee549d
14635,52659,"2026-07-21 19:45:44",NULL,1309,NULL,"2026-07-21 19:54:21",45,AppXchange,0,1,6b1e5ccc-5a3c-48db-a895-5f30d356f8a9
14629,52660,"2026-07-21 19:45:43",NULL,1309,NULL,"2026-07-21 19:54:20",45,AppXchange,0,1,71ac2627-2853-4c20-8aba-cd933e79dde1
14637,52661,"2026-07-21 19:45:44",NULL,1309,NULL,"2026-07-21 19:54:21",45,AppXchange,0,1,7a2a7efd-8c42-4b78-a060-de00f3a6ce12
14639,52662,"2026-07-21 19:45:45",NULL,1312,NULL,"2026-07-21 19:54:21",45,AppXchange,0,1,6db2227e-acb5-43a1-a37f-3dbfaa5b417d
14638,52663,"2026-07-21 19:45:44",NULL,1309,NULL,"2026-07-21 19:54:21",45,AppXchange,0,1,27a677fe-f450-4f56-9659-9c76f5d90ab3
14641,52664,"2026-07-21 19:45:45",NULL,1309,NULL,"2026-07-21 19:54:21",45,AppXchange,0,1,d145645d-5ad6-4213-a2eb-b75eaf4e09aa
14640,52665,"2026-07-21 19:45:45",NULL,1309,NULL,"2026-07-21 19:54:21",45,AppXchange,0,1,3adf9df8-c474-4d3b-8c86-6e00768b831f
14645,52666,"2026-07-21 19:45:45",NULL,1309,NULL,"2026-07-21 19:54:22",45,AppXchange,0,1,dc4bc7ee-3c2a-42b0-bddb-3409577730b8
14643,52667,"2026-07-21 19:45:45",NULL,1309,NULL,"2026-07-21 19:54:22",45,AppXchange,0,1,0c977f2f-7f5c-479d-b006-3ac5fda5d8e2
14646,52668,"2026-07-21 19:45:45",NULL,1309,NULL,"2026-07-21 19:54:22",45,AppXchange,0,1,a34ee851-4866-4ee0-8a97-fc952816fe54
14642,52669,"2026-07-21 19:45:46",NULL,1309,NULL,"2026-07-21 19:54:22",45,AppXchange,0,1,25cd6592-7c66-41a0-9b16-5d1eb1189c66
14650,52670,"2026-07-21 19:45:46",NULL,1309,NULL,"2026-07-21 19:54:22",45,AppXchange,0,1,585179c2-8070-4814-9d02-18a6410cce39
14649,52671,"2026-07-21 19:45:46","2026-08-17 07:00:00",1308,1309,"2026-07-21 19:54:22",45,AppXchange,0,0,a4610520-ee17-46b5-bed2-cb93ddb697b0
16302,52671,"2026-08-17 07:00:00",NULL,1309,NULL,"2026-08-12 17:04:47",45,Vista,0,1,535a7944-d3c4-4330-ac69-5d0de78bd1df
14656,52672,"2026-07-21 19:45:47",NULL,1309,NULL,"2026-07-21 19:54:23",45,AppXchange,0,1,e2a3abfe-e6f7-4227-9e4e-1c94dcafb58a
14644,52673,"2026-07-21 19:45:46",NULL,1309,NULL,"2026-07-21 19:54:22",45,AppXchange,0,1,c7c16fc2-5f7f-48d2-8f46-0e84b87fb183
14659,52674,"2026-07-21 19:45:47",NULL,1309,NULL,"2026-07-21 19:54:23",45,AppXchange,0,1,742f663c-796c-4bc1-aa97-a4651c70e9fa
14647,52675,"2026-07-21 19:45:46",NULL,1310,NULL,"2026-07-21 19:54:22",45,AppXchange,0,1,18f27d07-9246-4612-84ab-b21c7beac026
14660,52676,"2026-07-21 19:45:47","2026-08-02 07:00:00",1309,1308,"2026-07-21 19:54:23",45,AppXchange,0,0,fae6b0ad-061f-4c08-bf64-c1337421897e
16272,52676,"2026-08-02 07:00:00",NULL,1308,NULL,"2026-08-11 20:04:11",45,Vista,0,1,a1e6d878-6298-4807-92e3-7fa1827fe31b
14651,52677,"2026-07-21 19:45:47",NULL,1309,NULL,"2026-07-21 19:54:22",45,AppXchange,0,1,c97cc383-6f8a-41bb-926a-879259f8bfd8
14648,52678,"2026-07-21 19:45:46",NULL,1309,NULL,"2026-07-21 19:54:22",45,AppXchange,0,1,519c3a83-5db1-4313-8246-16ac812cbeb4
14653,52679,"2026-07-21 19:45:46",NULL,1309,NULL,"2026-07-21 19:54:23",45,AppXchange,0,1,0459a016-0848-4044-85ac-dbbb4163ea57
14652,52680,"2026-07-21 19:45:46",NULL,1309,NULL,"2026-07-21 19:54:23",45,AppXchange,0,1,a1687d4e-c81a-4f0a-ba71-ac00d99e3ad2
14657,52681,"2026-07-21 19:45:47",NULL,1309,NULL,"2026-07-21 19:54:23",45,AppXchange,0,1,aa73c484-3c6b-4111-9421-483bd6011feb
14655,52682,"2026-07-21 19:45:47",NULL,1308,NULL,"2026-07-21 19:54:23",45,AppXchange,0,1,a400fbca-deec-4322-9a34-985704a1f2fe
14654,52683,"2026-07-21 19:45:47",NULL,1309,NULL,"2026-07-21 19:54:23",45,AppXchange,0,1,7f710d0f-3f8f-4781-b4d0-00f438c9bc0d
14658,52684,"2026-07-21 19:45:47","2026-08-10 07:00:00",1308,1309,"2026-07-21 19:54:23",45,AppXchange,0,0,fee97d40-2070-46c8-9758-7ccc23d5ae46
16379,52684,"2026-08-10 07:00:00",NULL,1309,NULL,"2026-08-14 19:05:00",45,Vista,0,1,ba24db1e-49e6-4d51-9a39-a46ae4183ca7
14661,52685,"2026-07-21 19:45:47",NULL,1309,NULL,"2026-07-21 19:54:23",45,AppXchange,0,1,03aa2d94-3ba8-4758-a5e4-e46dfbf06cb5
14662,52686,"2026-07-21 19:45:48",NULL,1309,NULL,"2026-07-21 19:54:24",45,AppXchange,0,1,68a2f905-5a87-4273-b57b-95a6bcc9eecb
14666,52687,"2026-07-21 19:45:48",NULL,1309,NULL,"2026-07-21 19:54:24",45,AppXchange,0,1,219a093f-7cf2-4a43-bf57-53ce96237d9a
14669,52688,"2026-07-21 19:45:48",NULL,1309,NULL,"2026-07-21 19:54:25",45,AppXchange,0,1,4880d2a8-c3d2-41a6-bc90-7075d454529e
14668,52689,"2026-07-21 19:45:48",NULL,1312,NULL,"2026-07-21 19:54:24",45,AppXchange,0,1,bebd68ba-4dd2-4f7b-9ade-7ba56130129e
14677,52690,"2026-07-21 19:45:49",NULL,1309,NULL,"2026-07-21 19:54:26",45,AppXchange,0,1,27331768-533b-432a-9670-2142aeaf554c
14671,52691,"2026-07-21 19:45:49",NULL,1309,NULL,"2026-07-21 19:54:25",45,AppXchange,0,1,79884240-8fe9-433d-b88c-c4e2c7313991
14681,52692,"2026-07-21 19:45:50",NULL,1308,NULL,"2026-07-21 19:54:27",45,AppXchange,0,1,5fe8269b-7e49-493c-8cbc-e5dfa8aa15cf
14663,52693,"2026-07-21 19:45:48",NULL,1309,NULL,"2026-07-21 19:54:24",45,AppXchange,0,1,8ed566ff-ab36-4ed6-8719-51cd6a66e78d
14664,52694,"2026-07-21 19:45:48",NULL,1309,NULL,"2026-07-21 19:54:24",45,AppXchange,0,1,2a2bfbaa-406a-40d2-80ab-43a641507f63
14685,52695,"2026-07-21 19:45:50",NULL,1309,NULL,"2026-07-21 19:54:28",45,AppXchange,0,1,9d92e075-d59b-4261-b281-96e3a15a1280
14673,52696,"2026-07-21 19:45:49","2026-08-10 07:00:00",1308,1309,"2026-07-21 19:54:25",45,AppXchange,0,0,8e6f8f08-fa8b-43da-b42c-0131c1b6a635
16325,52696,"2026-08-10 07:00:00",NULL,1309,NULL,"2026-08-13 16:05:58",45,Vista,0,1,bdf41fe6-298c-4429-8a67-a515a1262ca0
14667,52697,"2026-07-21 19:45:48",NULL,1309,NULL,"2026-07-21 19:54:24",45,AppXchange,0,1,2ccc4b55-c53d-4dfa-a7fa-a1124f65eb0e
14670,52698,"2026-07-21 19:45:48","2026-08-07 07:00:00",1308,1308,"2026-07-21 19:54:25",45,AppXchange,0,0,62659548-277a-4e68-aa3c-247b18ee380b
16107,52698,"2026-08-03 07:00:00",NULL,1309,NULL,"2026-07-31 13:32:51",45,AppXchange,0,1,3e8e6a29-ff13-47ec-9cec-4d8a53aa1ace
16209,52698,"2026-08-07 07:00:00",NULL,1308,NULL,"2026-08-07 15:32:37",45,Vista,0,1,b0df1be5-cc8c-4cb4-a03e-7457f0b05915
14665,52699,"2026-07-21 19:45:48",NULL,1309,NULL,"2026-07-21 19:54:24",45,AppXchange,0,1,991fb161-d925-4e68-acf1-879f3a8f03b4
14672,52700,"2026-07-21 19:45:49",NULL,1312,NULL,"2026-07-21 19:54:25",45,AppXchange,0,1,3b90df4f-a5f2-466f-9168-a6acd493eefb
14674,52701,"2026-07-21 19:45:49",NULL,1309,NULL,"2026-07-21 19:54:26",45,AppXchange,0,1,e9ddc816-ad45-44a0-99ff-5af254078c12
14675,52702,"2026-07-21 19:45:49",NULL,1309,NULL,"2026-07-21 19:54:26",45,AppXchange,0,1,b98059e2-2985-4b98-8db4-b2bbe6ce97e6
14678,52703,"2026-07-21 19:45:49",NULL,1308,NULL,"2026-07-21 19:54:27",45,AppXchange,0,1,67236dc6-0766-421a-b143-416a428e1997
14679,52704,"2026-07-21 19:45:49",NULL,1309,NULL,"2026-07-21 19:54:27",45,AppXchange,0,1,c620b88a-5db6-4f26-a77f-4a54209dfda1
14682,52705,"2026-07-21 19:45:50",NULL,1309,NULL,"2026-07-21 19:54:27",45,AppXchange,0,1,1d8ac218-15ea-45d0-b5c2-b0476556d07d
14684,52706,"2026-07-21 19:45:50",NULL,1309,NULL,"2026-07-21 19:54:27",45,AppXchange,0,1,1cb931e2-914a-4880-aa4b-48de977cbdeb
14683,52707,"2026-07-21 19:45:50",NULL,1312,NULL,"2026-07-21 19:54:27",45,AppXchange,0,1,5519ab45-eeb7-4296-8082-7ca1be271d73
14680,52708,"2026-07-21 19:45:50",NULL,1309,NULL,"2026-07-21 19:54:27",45,AppXchange,0,1,e9ed68b6-a42b-461f-93ed-23716658fe73
14686,52709,"2026-07-21 19:45:50",NULL,1309,NULL,"2026-07-21 19:54:28",45,AppXchange,0,1,51952c53-8a86-47be-af28-39b395bf6f3e
14687,52710,"2026-07-21 19:45:50",NULL,1310,NULL,"2026-07-21 19:54:28",45,AppXchange,0,1,a93141d8-182d-415d-a40f-455caf83cffa
14676,52711,"2026-07-21 19:45:49",NULL,1309,NULL,"2026-07-21 19:54:26",45,AppXchange,0,1,f148d2b1-ea18-400e-b0c8-2f94f6aac202
14688,52712,"2026-07-21 19:45:50",NULL,1309,NULL,"2026-07-21 19:54:28",45,AppXchange,0,1,2147a890-353b-46c7-b32d-4802f3307b76
14689,52713,"2026-07-21 19:45:51",NULL,1310,NULL,"2026-07-21 19:54:28",45,AppXchange,0,1,27090178-b4c9-482d-9bb2-248f9019c3fa
14694,52714,"2026-07-21 19:45:51",NULL,1312,NULL,"2026-07-21 19:54:30",45,AppXchange,0,1,ebb58749-0b11-4398-8a51-531f99b11f1d
14690,52715,"2026-07-21 19:45:51",NULL,1309,NULL,"2026-07-21 19:54:29",45,AppXchange,0,1,37b2b8d3-93b7-48c1-bbbe-96d1882f7ca2
14691,52716,"2026-07-21 19:45:51",NULL,1309,NULL,"2026-07-21 19:54:29",45,AppXchange,0,1,fc73c5dd-bb95-4f43-b488-bba7699239e3
14692,52717,"2026-07-21 19:45:51",NULL,1309,NULL,"2026-07-21 19:54:29",45,AppXchange,0,1,6d2deda1-cf8d-4c7a-ad17-274612c2a9a3
14699,52718,"2026-07-21 19:45:52",NULL,1309,NULL,"2026-07-21 19:54:31",45,AppXchange,0,1,3501c920-7a7f-441b-8d59-b02add201a73
14696,52719,"2026-07-21 19:45:52",NULL,1308,NULL,"2026-07-21 19:54:31",45,AppXchange,0,1,0bbca0f9-4f75-4ceb-b88a-0d7c326b7d69
14698,52720,"2026-07-21 19:45:52",NULL,1310,NULL,"2026-07-21 19:54:31",45,AppXchange,0,1,d26fe8ab-e5d8-472e-9689-dda886c6da6e
14693,52721,"2026-07-21 19:45:51",NULL,1308,NULL,"2026-07-21 19:54:30",45,AppXchange,0,1,54165fc2-19b3-4228-9126-36917ae0e5ef
14697,52722,"2026-07-21 19:45:52",NULL,1309,NULL,"2026-07-21 19:54:31",45,AppXchange,0,1,a0e36b1a-f212-4b9c-836d-0798cd7578c7
14704,52723,"2026-07-21 19:45:52",NULL,1312,NULL,"2026-07-21 19:54:32",45,AppXchange,0,1,a112056a-500f-4941-b713-c24bc230f79d
14695,52724,"2026-07-21 19:45:52",NULL,1309,NULL,"2026-07-21 19:54:30",45,AppXchange,0,1,2d87fce8-d367-4ada-8e14-bf79a672e7b1
14700,52725,"2026-07-21 19:45:52",NULL,1309,NULL,"2026-07-21 19:54:31",45,AppXchange,0,1,a2e5f48a-7fb7-4329-a2ae-fffc7de2e5c6
14702,52726,"2026-07-21 19:45:52",NULL,1308,NULL,"2026-07-21 19:54:32",45,AppXchange,0,1,a58c9de3-cc56-406e-9e6b-a5c1ae92a6b7
14705,52727,"2026-07-21 19:45:52",NULL,1309,NULL,"2026-07-21 19:54:33",45,AppXchange,0,1,1486abce-1782-471e-8698-c89a369d7852
14712,52728,"2026-07-21 19:45:53",NULL,1309,NULL,"2026-07-21 19:54:37",45,AppXchange,0,1,ba5029bd-eb47-4743-83d3-287631298705
14708,52729,"2026-07-21 19:45:53",NULL,1309,NULL,"2026-07-21 19:54:34",45,AppXchange,0,1,a367a261-9f04-462b-8e81-96f9c91ae77a
14709,52730,"2026-07-21 19:45:53",NULL,1309,NULL,"2026-07-21 19:54:35",45,AppXchange,0,1,42fc640e-cd8a-4d0d-8ae8-b69a7e1a75b0
14706,52731,"2026-07-21 19:45:52",NULL,1309,NULL,"2026-07-21 19:54:33",45,AppXchange,0,1,646f5c35-7694-4819-a956-baf54bbbc3a5
14711,52732,"2026-07-21 19:45:53",NULL,1310,NULL,"2026-07-21 19:54:36",45,AppXchange,0,1,af2057d7-7da3-470f-8ce2-5b72fd0476f7
14710,52733,"2026-07-21 19:45:53",NULL,1309,NULL,"2026-07-21 19:54:35",45,AppXchange,0,1,dc5cb1c7-1d2e-4599-88b8-2a2fa04f5163
14703,52734,"2026-07-21 19:45:52",NULL,1309,NULL,"2026-07-21 19:54:32",45,AppXchange,0,1,36b694e3-5f18-409e-a605-17330c59d1f2
14701,52735,"2026-07-21 19:45:52",NULL,1309,NULL,"2026-07-21 19:54:32",45,AppXchange,0,1,700e4907-ce7c-404d-a1c5-804787bae0e1
14707,52736,"2026-07-21 19:45:53",NULL,1309,NULL,"2026-07-21 19:54:34",45,AppXchange,0,1,958c62f6-b382-41e1-b720-bcea5c219777
14713,52737,"2026-07-21 19:45:53",NULL,1309,NULL,"2026-07-21 19:54:38",45,AppXchange,0,1,1fe1b1a3-a653-4014-9a0c-a359543049f3
14716,52738,"2026-07-21 19:45:53",NULL,1309,NULL,"2026-07-21 19:54:40",45,AppXchange,0,1,d95511cf-37f8-46a5-95ad-937d84cf5e75
14714,52739,"2026-07-21 19:45:53",NULL,1309,NULL,"2026-07-21 19:54:39",45,AppXchange,0,1,d2d40d8b-98c0-428c-b507-e3ad42a79e84
14722,52740,"2026-07-21 19:45:54",NULL,1309,NULL,"2026-07-21 19:54:43",45,AppXchange,0,1,d8b884ec-d550-4708-b5a2-7eb4d755374f
14715,52741,"2026-07-21 19:45:53",NULL,1309,NULL,"2026-07-21 19:54:40",45,AppXchange,0,1,0b60d022-eee3-4506-a224-fab079eaf8fc
14718,52742,"2026-07-21 19:45:53",NULL,1309,NULL,"2026-07-21 19:54:42",45,AppXchange,0,1,1bf58659-630a-4ee7-b2bf-6eed5aa1a8ff
14719,52743,"2026-07-21 19:45:54",NULL,1309,NULL,"2026-07-21 19:54:43",45,AppXchange,0,1,c4041527-ca17-4323-a047-1f602f636944
14717,52744,"2026-07-21 19:45:54",NULL,1309,NULL,"2026-07-21 19:54:41",45,AppXchange,0,1,20721a23-5c69-45e5-93d2-b34203df1379
14720,52745,"2026-07-21 19:45:54",NULL,1309,NULL,"2026-07-21 19:54:43",45,AppXchange,0,1,abf18f71-6e59-4f0f-841b-69b6ff4fb73d
14725,52746,"2026-07-21 19:45:54",NULL,1309,NULL,"2026-07-21 19:54:44",45,AppXchange,0,1,506c7bea-ef51-401f-b964-a9c16d0f1c59
14721,52747,"2026-07-21 19:45:54",NULL,1309,NULL,"2026-07-21 19:54:43",45,AppXchange,0,1,35a025c2-4866-47b6-9556-6dc1211d6d6b
14724,52748,"2026-07-21 19:45:54",NULL,1312,NULL,"2026-07-21 19:54:44",45,AppXchange,0,1,bf581863-8a35-4db1-92c4-45e059e5416f
14730,52749,"2026-07-21 19:45:55",NULL,1309,NULL,"2026-07-21 19:54:46",45,AppXchange,0,1,2980f2cf-4146-4ad7-b635-49e87a977b0e
14726,52750,"2026-07-21 19:45:54",NULL,1312,NULL,"2026-07-21 19:54:45",45,AppXchange,0,1,a34caef3-022b-4b2c-97da-28f44e898e5e
14727,52751,"2026-07-21 19:45:54",NULL,1309,NULL,"2026-07-21 19:54:45",45,AppXchange,0,1,77f10fd3-5491-4de0-8a27-91fee96989a7
14723,52752,"2026-07-21 19:45:54",NULL,1309,NULL,"2026-07-21 19:54:44",45,AppXchange,0,1,9f31eaf8-ef94-4daf-86f9-7a2ed55f9b46
14728,52753,"2026-07-21 19:45:54",NULL,1312,NULL,"2026-07-21 19:54:45",45,AppXchange,0,1,0052ed29-f9b3-4930-8e19-bf4311eb87bc
14735,52754,"2026-07-21 19:45:55",NULL,1309,NULL,"2026-07-21 19:54:47",45,AppXchange,0,1,e1084477-c67c-4449-b4e0-333a886a951f
14737,52755,"2026-07-21 19:45:55",NULL,1309,NULL,"2026-07-21 19:54:47",45,AppXchange,0,1,b06bac72-978f-43a0-bd18-5c2ebb1e8260
14732,52756,"2026-07-21 19:45:55",NULL,1309,NULL,"2026-07-21 19:54:46",45,AppXchange,0,1,ff372b0d-862e-4790-ae9a-d01c55527274
14736,52757,"2026-07-21 19:45:55",NULL,1312,NULL,"2026-07-21 19:54:47",45,AppXchange,0,1,49d0a7f4-c11d-4d87-a017-08a8ea7c6191
14733,52758,"2026-07-21 19:45:55",NULL,1309,NULL,"2026-07-21 19:54:46",45,AppXchange,0,1,9c591712-4617-4d26-9004-30dc480d257e
14731,52759,"2026-07-21 19:45:55",NULL,1309,NULL,"2026-07-21 19:54:46",45,AppXchange,0,1,24be73d1-51d2-4408-a6a4-7f88bddf1ec9
14729,52760,"2026-07-21 19:45:55",NULL,1309,NULL,"2026-07-21 19:54:45",45,AppXchange,0,1,bb1bc07c-8c8b-4ce9-be2d-4e572327251e
14734,52761,"2026-07-21 19:45:55",NULL,1310,NULL,"2026-07-21 19:54:47",45,AppXchange,0,1,61cb0ee0-f162-4640-b9b5-bee9a9782049
14738,52762,"2026-07-21 19:45:55",NULL,1312,NULL,"2026-07-21 19:54:47",45,AppXchange,0,1,7b0f7b59-2c10-4b60-a767-1c1ac4cf6009
14741,52763,"2026-07-21 19:45:56",NULL,1312,NULL,"2026-07-21 19:54:48",45,AppXchange,0,1,9ed2c3e5-0e84-45a4-b59d-e5c512b7ad43
14746,52764,"2026-07-21 19:45:57",NULL,1309,NULL,"2026-07-21 19:54:49",45,AppXchange,0,1,8191339d-ed8e-4124-8bd6-c8ca43a921db
14743,52765,"2026-07-21 19:45:56",NULL,1308,NULL,"2026-07-21 19:54:48",45,AppXchange,0,1,e9042b5f-d741-45f5-bfe0-5e4ae13da223
14739,52766,"2026-07-21 19:45:56",NULL,1312,NULL,"2026-07-21 19:54:47",45,AppXchange,0,1,5e63408e-e916-4777-9d20-6d8c05703e41
14740,52767,"2026-07-21 19:45:56",NULL,1309,NULL,"2026-07-21 19:54:48",45,AppXchange,0,1,3e7dd81c-036b-4dfb-b77f-94d4fc222e97
14744,52768,"2026-07-21 19:45:56",NULL,1309,NULL,"2026-07-21 19:54:48",45,AppXchange,0,1,0b4eedbf-2aa2-44e3-95e8-5212c7007961
14748,52769,"2026-07-21 19:45:56",NULL,1308,NULL,"2026-07-21 19:54:49",45,AppXchange,0,1,6755628e-2c96-4b2a-8a6e-b8fc71d441a3
14747,52770,"2026-07-21 19:45:56",NULL,1309,NULL,"2026-07-21 19:54:49",45,AppXchange,0,1,eac5644e-eeda-49d8-b5be-c37c65f8507d
14745,52771,"2026-07-21 19:45:56",NULL,1310,NULL,"2026-07-21 19:54:48",45,AppXchange,0,1,fcd82f0d-4e18-4955-a027-9ae71b8a0470
14750,52772,"2026-07-21 19:45:57",NULL,1308,NULL,"2026-07-21 19:54:49",45,AppXchange,0,1,478b7d93-d1ec-4b7c-9ee4-6c71386f7b6c
14758,52773,"2026-07-21 19:45:58",NULL,1312,NULL,"2026-07-21 19:54:51",45,AppXchange,0,1,86387389-b10f-46a3-8749-095955a0bf92
14742,52774,"2026-07-21 19:45:56","2026-07-20 07:00:00",1312,1309,"2026-07-21 19:54:48",45,AppXchange,0,0,c7cc20ce-a6e9-4356-b4af-0973a1bd3aa7
15724,52774,"2026-07-20 07:00:00",NULL,1309,NULL,"2026-07-28 16:54:28",45,AppXchange,0,1,e17854e6-75e4-4e90-b384-52f3057cef87
14752,52775,"2026-07-21 19:45:57",NULL,1312,NULL,"2026-07-21 19:54:49",45,AppXchange,0,1,ad8c79a1-b836-4db4-be13-12fd1f2db41b
14749,52776,"2026-07-21 19:45:57",NULL,1312,NULL,"2026-07-21 19:54:49",45,AppXchange,0,1,23e76113-054f-4845-bac0-5b0c478327d9
14754,52777,"2026-07-21 19:45:58",NULL,1308,NULL,"2026-07-21 19:54:50",45,AppXchange,0,1,7427883e-d572-42a1-8cff-ee07f09ed991
14761,52778,"2026-07-21 19:45:58",NULL,1309,NULL,"2026-07-21 19:54:51",45,AppXchange,0,1,aaf00b73-4f99-4d58-8329-76df0221e5b7
14760,52779,"2026-07-21 19:45:58",NULL,1309,NULL,"2026-07-21 19:54:51",45,AppXchange,0,1,41baa4a4-30a9-445c-8eaa-58b8ec5589fa
14757,52780,"2026-07-21 19:45:57",NULL,1312,NULL,"2026-07-21 19:54:50",45,AppXchange,0,1,1fdc0615-ad2b-4445-9cdf-b19e3ebaf451
14762,52781,"2026-07-21 19:45:58",NULL,1312,NULL,"2026-07-21 19:54:51",45,AppXchange,0,1,4790c652-345f-4cb3-b65a-19e52b7da8dc
14759,52782,"2026-07-21 19:45:58",NULL,1308,NULL,"2026-07-21 19:54:51",45,AppXchange,0,1,621f55fe-5ee2-404e-add3-ddb7324349c7
14751,52783,"2026-07-21 19:45:57",NULL,1309,NULL,"2026-07-21 19:54:49",45,AppXchange,0,1,5df59a66-4e2f-4ab9-b240-0bf378c4d59e
14755,52784,"2026-07-21 19:45:58",NULL,1309,NULL,"2026-07-21 19:54:50",45,AppXchange,0,1,f467a5e9-7bcb-4131-b154-148e52adc0b2
14753,52785,"2026-07-21 19:45:57",NULL,1309,NULL,"2026-07-21 19:54:50",45,AppXchange,0,1,e7a99116-771c-4c7b-b231-fec6fb2f49f2
14756,52786,"2026-07-21 19:45:57",NULL,1308,NULL,"2026-07-21 19:54:50",45,AppXchange,0,1,c6fc1e75-36e7-43d1-9cc9-13bd062132dd
14763,52787,"2026-07-21 19:45:58",NULL,1309,NULL,"2026-07-21 19:54:52",45,AppXchange,0,1,40958626-4e4f-4dcb-9d18-aa6b42fdaf2e
14767,52788,"2026-07-21 19:45:59",NULL,1312,NULL,"2026-07-21 19:54:53",45,AppXchange,0,1,9a3e656a-4248-4dbe-9f83-7033d405660f
14764,52789,"2026-07-21 19:45:59",NULL,1312,NULL,"2026-07-21 19:54:52",45,AppXchange,0,1,a571af33-2bc0-4cf7-8bf8-427cb15103ee
14765,52790,"2026-07-21 19:45:59",NULL,1309,NULL,"2026-07-21 19:54:52",45,AppXchange,0,1,e77c25ba-2054-478d-a717-14f46a41c5ca
14769,52791,"2026-07-21 19:45:59",NULL,1309,NULL,"2026-07-21 19:54:53",45,AppXchange,0,1,5b05bd8a-5ced-41e5-aae8-e14beea625c1
14766,52792,"2026-07-21 19:45:58",NULL,1309,NULL,"2026-07-21 19:54:52",45,AppXchange,0,1,2ec7dd78-1150-4c0f-aa56-83c27599cfb0
14774,52793,"2026-07-21 19:46:00",NULL,1309,NULL,"2026-07-21 19:54:54",45,AppXchange,0,1,dcd717ee-2136-49f4-81fb-250c3c2d0510
14770,52794,"2026-07-21 19:46:00",NULL,1309,NULL,"2026-07-21 19:54:53",45,AppXchange,0,1,5c42f8e3-c1a0-44df-b417-2132ca961a6a
14772,52795,"2026-07-21 19:45:59",NULL,1309,NULL,"2026-07-21 19:54:53",45,AppXchange,0,1,54edeb9b-7fc7-4527-8d8e-eadbda55df6c
14768,52796,"2026-07-21 19:45:59",NULL,1312,NULL,"2026-07-21 19:54:53",45,AppXchange,0,1,6a196839-06bf-47c1-9341-a5e52ddab068
14778,52797,"2026-07-21 19:46:00",NULL,1312,NULL,"2026-07-21 19:54:55",45,AppXchange,0,1,9945143d-69c8-48bc-8c5e-85c9de01a7ca
14771,52798,"2026-07-21 19:45:59",NULL,1308,NULL,"2026-07-21 19:54:53",45,AppXchange,0,1,077a4b62-281a-4a21-a7d1-cb4b84f7121d
14773,52799,"2026-07-21 19:46:00",NULL,1309,NULL,"2026-07-21 19:54:54",45,AppXchange,0,1,a941189c-d150-4ee0-9249-f6f943867ae0
14776,52800,"2026-07-21 19:46:00",NULL,1309,NULL,"2026-07-21 19:54:54",45,AppXchange,0,1,b3cb69de-1082-4ca7-a9b0-36ac56bc9eba
14787,52801,"2026-07-21 19:46:07",NULL,1312,NULL,"2026-07-21 19:54:57",45,AppXchange,0,1,662ca976-b66e-4cbb-9289-7c4ca7876af4
14783,52802,"2026-07-21 19:46:08",NULL,1308,NULL,"2026-07-21 19:54:56",45,AppXchange,0,1,e80948d3-4465-4020-b525-e5571ecd90dd
14782,52803,"2026-07-21 19:46:01",NULL,1312,NULL,"2026-07-21 19:54:56",45,AppXchange,0,1,29db483d-4b70-4839-b182-5372ee148af7
14786,52804,"2026-07-21 19:46:07",NULL,1308,NULL,"2026-07-21 19:54:56",45,AppXchange,0,1,3464f4bb-d688-4688-989d-d91ed9e084e3
14777,52805,"2026-07-21 19:46:00",NULL,1308,NULL,"2026-07-21 19:54:54",45,AppXchange,0,1,bf1cf11d-ea26-4bd2-b9a8-0f5d0e7cbbda
14780,52806,"2026-07-21 19:46:01",NULL,1312,NULL,"2026-07-21 19:54:55",45,AppXchange,0,1,14997e22-d34f-4bc3-ae67-8204a3091164
14779,52807,"2026-07-21 19:46:01",NULL,1309,NULL,"2026-07-21 19:54:55",45,AppXchange,0,1,0b682697-93e6-4dbc-8270-62706062e213
14784,52808,"2026-07-21 19:46:07","2026-08-02 07:00:00",1309,1308,"2026-07-21 19:54:56",45,AppXchange,0,0,888043c6-4198-41ea-aa4e-43a02cb09f1e
16276,52808,"2026-08-02 07:00:00",NULL,1308,NULL,"2026-08-11 20:04:12",45,Vista,0,1,1ed11d16-daa9-44c9-9fc6-4a6dc1f1ffbd
14781,52809,"2026-07-21 19:46:01",NULL,1309,NULL,"2026-07-21 19:54:55",45,AppXchange,0,1,a9717e4c-175f-4a12-96b6-120dfced1b83
14775,52810,"2026-07-21 19:46:00",NULL,1312,NULL,"2026-07-21 19:54:54",45,AppXchange,0,1,21b259ed-d209-4e39-9cc3-7dc87fc039ad
14785,52811,"2026-07-21 19:46:08","2026-08-13 07:00:00",1308,1309,"2026-07-21 19:54:56",45,AppXchange,0,0,d95af119-52ee-41c4-a2c5-229cfe9f5338
16106,52811,"2026-08-03 07:00:00",NULL,1309,NULL,"2026-07-31 13:32:50",45,AppXchange,0,1,a2ff055e-3320-4503-91e4-093d02ac38c2
16210,52811,"2026-08-07 07:00:00",NULL,1308,NULL,"2026-08-07 15:32:38",45,Vista,0,1,774afc31-3246-4077-be76-19e3ac427fe9
16328,52811,"2026-08-13 07:00:00",NULL,1309,NULL,"2026-08-13 19:06:48",45,Vista,0,1,859cdee4-3169-4b31-97e9-06ec7ed3f9fe
14789,52812,"2026-07-21 19:46:08",NULL,1312,NULL,"2026-07-21 19:54:57",45,AppXchange,0,1,6003b780-3e32-484d-926a-66f5ca09436b
14788,52813,"2026-07-21 19:46:08",NULL,1312,NULL,"2026-07-21 19:54:57",45,AppXchange,0,1,c8ec6a12-3514-4362-a702-ea24379b1f82
14792,52814,"2026-07-21 19:46:08",NULL,1312,NULL,"2026-07-21 19:54:58",45,AppXchange,0,1,7321ec53-d294-4783-beb0-ff5bd5fb03b6
14790,52815,"2026-07-21 19:46:08",NULL,1309,NULL,"2026-07-21 19:54:57",45,AppXchange,0,1,d73faef4-dcf2-48db-adf4-f28555aaf068
14791,52816,"2026-07-21 19:46:08",NULL,1309,NULL,"2026-07-21 19:54:57",45,AppXchange,0,1,431a4ef1-0965-4809-8a44-0f2f207db77a
14793,52817,"2026-07-21 19:46:09",NULL,1309,NULL,"2026-07-21 19:54:58",45,AppXchange,0,1,ec7c2218-724e-468e-901a-b475683d1641
14794,52818,"2026-07-21 19:46:09",NULL,1312,NULL,"2026-07-21 19:54:58",45,AppXchange,0,1,407979d9-ab97-4758-8e2a-b8234dff8787
14798,52819,"2026-07-21 19:46:17",NULL,1309,NULL,"2026-07-21 19:54:59",45,AppXchange,0,1,fb566c7d-b3b3-4054-93bd-24dca003de66
14799,52820,"2026-07-21 19:46:17","2026-07-27 07:00:00",1308,1309,"2026-07-21 19:54:59",45,AppXchange,0,0,272506ab-a81f-40df-ad94-fed8057d0188
15721,52820,"2026-07-27 07:00:00",NULL,1309,NULL,"2026-07-28 16:54:27",45,AppXchange,0,1,d1f6d783-4e55-4ba9-b56e-60774092eb7b
14795,52821,"2026-07-21 19:46:09",NULL,1308,NULL,"2026-07-21 19:54:58",45,AppXchange,0,1,04c398d8-8928-4b1d-b1cd-efdc0d65821e
14796,52822,"2026-07-21 19:46:09",NULL,1309,NULL,"2026-07-21 19:54:58",45,AppXchange,0,1,f7c7caef-ed69-413a-8248-968b0fa30c0a
14797,52823,"2026-07-21 19:46:17",NULL,1312,NULL,"2026-07-21 19:54:58",45,AppXchange,0,1,6e1a802b-81ee-4e61-9084-1446c6e8c660
14801,52824,"2026-07-21 19:46:17",NULL,1309,NULL,"2026-07-21 19:54:59",45,AppXchange,0,1,7c0ff187-9a2f-4c03-9b7e-4b4ac1f88f0e
14800,52825,"2026-07-21 19:46:17","2026-08-05 07:00:00",1308,1309,"2026-07-21 19:54:59",45,AppXchange,0,0,4dc66c77-f0a6-4a61-b4fb-854cb07168c4
16204,52825,"2026-08-05 07:00:00",NULL,1309,NULL,"2026-08-07 13:32:55",45,Vista,0,1,ecfd845a-1552-4af2-b69e-5ff7cfd03110
14805,52826,"2026-07-21 19:46:18",NULL,1309,NULL,"2026-07-21 19:55:00",45,AppXchange,0,1,bae27007-389b-4aea-af0c-933e90ceb698
14804,52827,"2026-07-21 19:46:18",NULL,1309,NULL,"2026-07-21 19:55:00",45,AppXchange,0,1,9a1af8a6-9501-45ff-895d-7758ae577f70
14807,52828,"2026-07-21 19:46:18",NULL,1309,NULL,"2026-07-21 19:55:00",45,AppXchange,0,1,84572ecb-f9ed-4c6b-a749-e756e6dc65c1
14803,52829,"2026-07-21 19:46:18",NULL,1308,NULL,"2026-07-21 19:55:00",45,AppXchange,0,1,57ae36c1-4c97-45dc-b8c9-273594a80f36
14802,52830,"2026-07-21 19:46:18",NULL,1309,NULL,"2026-07-21 19:54:59",45,AppXchange,0,1,030a13ac-c86a-4341-b354-57de7fc02a20
14812,52831,"2026-07-21 19:46:26",NULL,1308,NULL,"2026-07-21 19:55:01",45,AppXchange,0,1,157dc86d-18da-42b3-882e-61447b25adff
14810,52832,"2026-07-21 19:46:26",NULL,1309,NULL,"2026-07-21 19:55:01",45,AppXchange,0,1,8d565954-bac1-485c-8dba-701fb553f577
14806,52833,"2026-07-21 19:46:18","2026-08-06 07:00:00",1308,1309,"2026-07-21 19:55:00",45,AppXchange,0,0,0287af75-0708-40b5-9ef3-90616835ac39
16199,52833,"2026-08-06 07:00:00",NULL,1309,NULL,"2026-08-06 20:32:37",45,Vista,0,1,26edb6ab-5016-4578-a7ce-076f28a22cc0
14809,52834,"2026-07-21 19:46:26",NULL,1308,NULL,"2026-07-21 19:55:01",45,AppXchange,0,1,3e5d4169-3d7b-41b3-96ee-3696b53717e2
14808,52835,"2026-07-21 19:46:18",NULL,1309,NULL,"2026-07-21 19:55:01",45,AppXchange,0,1,a391e1d1-a721-44d2-a7cf-f2cbba5c29d5
14811,52836,"2026-07-21 19:46:26",NULL,1309,NULL,"2026-07-21 19:55:01",45,AppXchange,0,1,3c1232c7-65c4-4816-978e-b300895ea5fe
14814,52837,"2026-07-21 19:46:27",NULL,1309,NULL,"2026-07-21 19:55:02",45,AppXchange,0,1,a7780d79-ebe6-45b0-8abf-671207b10479
14813,52838,"2026-07-21 19:46:27",NULL,1308,NULL,"2026-07-21 19:55:02",45,AppXchange,0,1,aa31fda4-78be-4e49-987b-f14f373ac684
14815,52839,"2026-07-21 19:46:27",NULL,1308,NULL,"2026-07-21 19:55:02",45,AppXchange,0,1,3ea80f8b-7279-45e6-9721-d49540e29605
14817,52840,"2026-07-21 19:46:27",NULL,1309,NULL,"2026-07-21 19:55:02",45,AppXchange,0,1,04437a55-b0e8-4a08-ac8f-aec5531cbe74
14816,52841,"2026-07-21 19:46:27",NULL,1312,NULL,"2026-07-21 19:55:02",45,AppXchange,0,1,b037c2d4-d2bd-49a1-91be-979fd0e04517
14820,52842,"2026-07-21 19:46:27",NULL,1308,NULL,"2026-07-21 19:55:03",45,AppXchange,0,1,2549894d-0fd2-45b8-8871-9e2c7cafbbc3
14818,52843,"2026-07-21 19:46:27",NULL,1312,NULL,"2026-07-21 19:55:02",45,AppXchange,0,1,dcdec12f-4a96-4bf1-9249-2c5b6377546b
14819,52844,"2026-07-21 19:46:27",NULL,1309,NULL,"2026-07-21 19:55:02",45,AppXchange,0,1,9f21e2fa-6ac8-4e5d-8896-5cb6946c3808
14821,52845,"2026-07-21 19:46:27",NULL,1309,NULL,"2026-07-21 19:55:03",45,AppXchange,0,1,998d6eda-cc23-4db4-82fc-e412ff6aa6a7
14822,52846,"2026-07-21 19:46:27",NULL,1309,NULL,"2026-07-21 19:55:03",45,AppXchange,0,1,bf6195fb-bbfc-4a8d-aeeb-06df69f48c27
14823,52847,"2026-07-21 19:46:28",NULL,1309,NULL,"2026-07-21 19:55:03",45,AppXchange,0,1,b3dd0069-4102-449d-a505-969af9f6bc62
14829,52848,"2026-07-21 19:46:28",NULL,1309,NULL,"2026-07-21 19:55:04",45,AppXchange,0,1,369f3ac9-bb36-4266-8e14-0d0ebc15d775
14827,52849,"2026-07-21 19:46:28",NULL,1312,NULL,"2026-07-21 19:55:04",45,AppXchange,0,1,5a1bee7d-8f90-4048-824a-0b8290402bdd
14824,52850,"2026-07-21 19:46:28",NULL,1312,NULL,"2026-07-21 19:55:03",45,AppXchange,0,1,2f799e9f-c153-4c18-ba5b-7f30ae31a563
14825,52851,"2026-07-21 19:46:28",NULL,1309,NULL,"2026-07-21 19:55:03",45,AppXchange,0,1,f466de18-92f9-449d-8d99-573f507b5055
14830,52852,"2026-07-21 19:46:28","2026-08-13 07:00:00",1312,1309,"2026-07-21 19:55:04",45,AppXchange,0,0,6100099b-c068-463a-9932-9dbee5d6cb1a
16305,52852,"2026-08-13 07:00:00",NULL,1309,NULL,"2026-08-12 20:04:01",45,Vista,0,1,6450a024-3911-4dc2-aecb-b0633420426b
14833,52853,"2026-07-21 19:46:29",NULL,1309,NULL,"2026-07-21 19:55:05",45,AppXchange,0,1,1db4e256-f93a-46f8-a838-1b6375c9271e
14832,52854,"2026-07-21 19:46:29",NULL,1309,NULL,"2026-07-21 19:55:05",45,AppXchange,0,1,b3566e40-e09f-48e2-b2dc-be1f2cb71878
14828,52855,"2026-07-21 19:46:28",NULL,1309,NULL,"2026-07-21 19:55:04",45,AppXchange,0,1,25e4f32a-fd98-485b-8a4e-92da59601300
14836,52856,"2026-07-21 19:46:29",NULL,1309,NULL,"2026-07-21 19:55:06",45,AppXchange,0,1,f5534a24-e345-4eed-b1e2-a64b185f5976
14837,52857,"2026-07-21 19:46:29",NULL,1309,NULL,"2026-07-21 19:55:07",45,AppXchange,0,1,a828676c-3866-448a-b058-9a265393c006
14831,52858,"2026-07-21 19:46:29",NULL,1309,NULL,"2026-07-21 19:55:04",45,AppXchange,0,1,82d8486d-dc00-40f1-b78d-2e220f0d1def
14826,52859,"2026-07-21 19:46:28",NULL,1309,NULL,"2026-07-21 19:55:04",45,AppXchange,0,1,9adb28d1-4ecb-45b7-a71c-0b3a30ac31c7
14835,52860,"2026-07-21 19:46:29",NULL,1309,NULL,"2026-07-21 19:55:06",45,AppXchange,0,1,f3abd0a5-aef8-4ba6-af23-d1a6cbcfc168
14834,52861,"2026-07-21 19:46:29","2026-08-13 07:00:00",1310,1309,"2026-07-21 19:55:05",45,AppXchange,0,0,38b8a29c-9473-4b70-bd93-bf3507a9b63e
16304,52861,"2026-08-13 07:00:00",NULL,1309,NULL,"2026-08-12 20:04:00",45,Vista,0,1,95d52817-8510-4e85-9677-2521d621130c
14852,52862,"2026-07-21 19:46:37",NULL,1312,NULL,"2026-07-21 19:55:12",45,AppXchange,0,1,bf1bc9c1-24d7-45bf-9ee2-003e3fd8aab6
14851,52863,"2026-07-21 19:46:37",NULL,1312,NULL,"2026-07-21 19:55:12",45,AppXchange,0,1,868f72fc-a110-4d19-bafd-d005aa8a1eb7
14838,52864,"2026-07-21 19:46:29",NULL,1308,NULL,"2026-07-21 19:55:08",45,AppXchange,0,1,22dad1b2-f844-406c-81c8-067a1e4734b6
14840,52865,"2026-07-21 19:46:30",NULL,1309,NULL,"2026-07-21 19:55:09",45,AppXchange,0,1,016d9729-7513-430a-8ba2-4ebbadd8dc45
14854,52866,"2026-07-21 19:46:37",NULL,1312,NULL,"2026-07-21 19:55:13",45,AppXchange,0,1,b0b4e897-cb29-455f-a2f7-a5b153f8d39e
14839,52867,"2026-07-21 19:46:29",NULL,1312,NULL,"2026-07-21 19:55:08",45,AppXchange,0,1,d54ef75b-7844-45ed-874d-447cff1c354f
14842,52868,"2026-07-21 19:46:30",NULL,1312,NULL,"2026-07-21 19:55:09",45,AppXchange,0,1,70c6758a-8a84-4123-8f25-333f29789b81
14845,52869,"2026-07-21 19:46:30",NULL,1309,NULL,"2026-07-21 19:55:11",45,AppXchange,0,1,da7c11d5-3185-4f01-9cb1-c272c1a6be1e
14841,52870,"2026-07-21 19:46:30",NULL,1309,NULL,"2026-07-21 19:55:09",45,AppXchange,0,1,d8b53af9-154d-4a5f-8aee-c7f7bf4d9719
14858,52871,"2026-07-21 19:47:14",NULL,1312,NULL,"2026-07-21 19:55:14",45,AppXchange,0,1,f9048e25-55e6-42da-ba54-83508b46a12c
14857,52872,"2026-07-21 19:46:37",NULL,1312,NULL,"2026-07-21 19:55:13",45,AppXchange,0,1,7fa5bae5-1d41-43cf-884c-69a4f7009539
14843,52873,"2026-07-21 19:46:30",NULL,1308,NULL,"2026-07-21 19:55:09",45,AppXchange,0,1,0248f81a-1f90-4752-ad3a-aa1bf694d4a6
14855,52874,"2026-07-21 19:46:37",NULL,1312,NULL,"2026-07-21 19:55:13",45,AppXchange,0,1,ce564609-4268-4f1a-9e7a-ff2537f65fda
14856,52875,"2026-07-21 19:46:37",NULL,1312,NULL,"2026-07-21 19:55:13",45,AppXchange,0,1,1ed3c77f-43c7-4bcd-9053-21d3c7d1dfec
14848,52876,"2026-07-21 19:46:37",NULL,1309,NULL,"2026-07-21 19:55:11",45,AppXchange,0,1,e618b7fd-9aea-452f-8cbb-8cef0af17da8
14860,52877,"2026-07-21 19:47:14",NULL,1309,NULL,"2026-07-21 19:55:14",45,AppXchange,0,1,597b0fc4-eaee-4187-b024-81c3641dfa71
14844,52878,"2026-07-21 19:46:30",NULL,1309,NULL,"2026-07-21 19:55:11",45,AppXchange,0,1,7a7565e8-631f-4aaf-a99c-cb7d86c40935
14849,52879,"2026-07-21 19:46:37",NULL,1312,NULL,"2026-07-21 19:55:11",45,AppXchange,0,1,7c48a76d-d465-4c82-91e4-e6633dd471ea
14850,52880,"2026-07-21 19:46:30",NULL,1312,NULL,"2026-07-21 19:55:12",45,AppXchange,0,1,9c1321d7-c966-4262-889f-82f57e3e5d8e
14853,52881,"2026-07-21 19:46:36",NULL,1309,NULL,"2026-07-21 19:55:13",45,AppXchange,0,1,349dcf1f-0022-4db0-b353-0de00c9def8d
14862,52882,"2026-07-21 19:47:14",NULL,1312,NULL,"2026-07-21 19:55:14",45,AppXchange,0,1,cf176cf4-acb3-477e-9760-dad37d1ddb97
14846,52883,"2026-07-21 19:46:36",NULL,1312,NULL,"2026-07-21 19:55:11",45,AppXchange,0,1,bf48e54a-59ae-43e1-b7d1-3685f96577f4
14861,52884,"2026-07-21 19:47:14",NULL,1312,NULL,"2026-07-21 19:55:14",45,AppXchange,0,1,a55cd3b9-f6fa-4f05-af97-001e615c63a4
14847,52885,"2026-07-21 19:46:36",NULL,1312,NULL,"2026-07-21 19:55:11",45,AppXchange,0,1,87f87f53-61c1-40da-b0d2-ad8c81d0e91a
14859,52886,"2026-07-21 19:47:14",NULL,1309,NULL,"2026-07-21 19:55:14",45,AppXchange,0,1,cae63fff-0dc8-4ef1-9b16-7e1e3d6a5530
14875,52887,"2026-07-21 19:47:16",NULL,1312,NULL,"2026-07-21 19:55:16",45,AppXchange,0,1,071c1b90-bc2b-49c3-ac74-2b84055df3cf
14879,52888,"2026-07-21 19:47:16",NULL,1312,NULL,"2026-07-21 19:55:43",45,AppXchange,0,1,3987f5d0-0326-47d6-a89f-7b09ba223ca7
14863,52889,"2026-07-21 19:47:14",NULL,1309,NULL,"2026-07-21 19:55:14",45,AppXchange,0,1,ee7e2001-6ff5-4014-90b5-efb9cc991a34
14865,52890,"2026-07-21 19:47:15",NULL,1312,NULL,"2026-07-21 19:55:14",45,AppXchange,0,1,7d341970-b9cf-4f29-9e13-a771b02322b1
14884,52891,"2026-07-21 19:47:18",NULL,1312,NULL,"2026-07-21 19:55:44",45,AppXchange,0,1,8d7745e9-6eb3-4e55-b8ee-feb06862590c
14872,52892,"2026-07-21 19:47:15",NULL,1312,NULL,"2026-07-21 19:55:15",45,AppXchange,0,1,915ecdd5-aa6c-4aa7-b24d-3479963e1c61
14876,52893,"2026-07-21 19:47:16",NULL,1308,NULL,"2026-07-21 19:55:16",45,AppXchange,0,1,13d5434e-10cf-4794-a1fc-697a8faa4564
14880,52894,"2026-07-21 19:47:17",NULL,1312,NULL,"2026-07-21 19:55:43",45,AppXchange,0,1,673c0fac-9ab2-46fd-bef3-df3fe5382025
14866,52895,"2026-07-21 19:47:15",NULL,1309,NULL,"2026-07-21 19:55:15",45,AppXchange,0,1,755ebd96-dde7-44a7-9406-13f07f797594
14878,52896,"2026-07-21 19:47:17",NULL,1312,NULL,"2026-07-21 19:55:43",45,AppXchange,0,1,445f18b6-fa1c-4fda-83ce-34e65ab81af0
14868,52897,"2026-07-21 19:47:15",NULL,1312,NULL,"2026-07-21 19:55:15",45,AppXchange,0,1,05149210-847b-4b3e-933c-062352314608
14867,52898,"2026-07-21 19:47:15",NULL,1312,NULL,"2026-07-21 19:55:15",45,AppXchange,0,1,fa56fb3f-1586-47e3-8140-a7bcbd30e562
14877,52899,"2026-07-21 19:47:16",NULL,1309,NULL,"2026-07-21 19:55:43",45,AppXchange,0,1,77daf816-5fa9-4866-8dca-4b66818e90c7
14864,52900,"2026-07-21 19:47:15",NULL,1312,NULL,"2026-07-21 19:55:14",45,AppXchange,0,1,4ef4c0d2-80b8-431d-b2b9-1ff0eeba0308
14870,52901,"2026-07-21 19:47:16",NULL,1309,NULL,"2026-07-21 19:55:15",45,AppXchange,0,1,61297919-da47-4fd5-b463-938982594e47
14883,52902,"2026-07-21 19:47:17",NULL,1312,NULL,"2026-07-21 19:55:43",45,AppXchange,0,1,31104c10-09b5-42ac-9e6d-27b144ee2adc
14881,52903,"2026-07-21 19:47:17",NULL,1312,NULL,"2026-07-21 19:55:43",45,AppXchange,0,1,fb9f5689-e44b-4f2a-bf67-e1d2b4d269b1
14882,52904,"2026-07-21 19:47:17",NULL,1308,NULL,"2026-07-21 19:55:43",45,AppXchange,0,1,d2d52dc8-33eb-4ae7-a8bd-5cae9da2f058
14874,52905,"2026-07-21 19:47:16",NULL,1312,NULL,"2026-07-21 19:55:16",45,AppXchange,0,1,5810bd56-bb5d-4807-9b27-36d7695de3b2
14873,52906,"2026-07-21 19:47:16",NULL,1312,NULL,"2026-07-21 19:55:16",45,AppXchange,0,1,7b40b635-2fe2-4046-9f87-2c8dcdb1973c
14888,52907,"2026-07-21 19:47:17",NULL,1309,NULL,"2026-07-21 19:55:44",45,AppXchange,0,1,5fcbc74b-b5fa-474d-9249-7a28bfa7385e
14869,52908,"2026-07-21 19:47:15",NULL,1312,NULL,"2026-07-21 19:55:15",45,AppXchange,0,1,aaf81d40-43e4-4e75-b467-f04521615b99
14871,52909,"2026-07-21 19:47:16",NULL,1308,NULL,"2026-07-21 19:55:15",45,AppXchange,0,1,f872b6bd-b3bc-4a3e-80ef-851ff0064d3f
14886,52910,"2026-07-21 19:47:17","2026-08-24 07:00:00",1308,1309,"2026-07-21 19:55:44",45,AppXchange,0,0,57eca6a6-8aa1-439e-8a44-08036e1f0c08
16415,52910,"2026-08-24 07:00:00",NULL,1309,NULL,"2026-08-18 17:02:54",45,Vista,0,1,15e4ea20-41ce-47c9-b060-f526e13c633e
14885,52911,"2026-07-21 19:47:17",NULL,1309,NULL,"2026-07-21 19:55:44",45,AppXchange,0,1,076d2dc0-c257-4742-94bb-40fec11d9b4f
14887,52912,"2026-07-21 19:47:18",NULL,1309,NULL,"2026-07-21 19:55:44",45,AppXchange,0,1,880d5cf6-1597-4c53-9bf4-b5d46bbd286d
14889,52913,"2026-07-21 19:47:18",NULL,1309,NULL,"2026-07-21 19:55:44",45,AppXchange,0,1,3681e9a5-a6b7-4244-ad5e-4cd5c7d1eca9
14896,52914,"2026-07-21 19:47:19",NULL,1309,NULL,"2026-07-21 19:55:46",45,AppXchange,0,1,9044ae6a-df0d-4b54-8a5c-3adec9529b22
14891,52915,"2026-07-21 19:47:18",NULL,1309,NULL,"2026-07-21 19:55:45",45,AppXchange,0,1,fd53b57a-3e25-48e8-9dd6-94775db42c48
14893,52916,"2026-07-21 19:47:18","2026-07-22 07:00:00",1309,1308,"2026-07-21 19:55:45",45,AppXchange,0,0,4ebbd6d6-8bc2-4018-9bb4-76e4c30fc506
15747,52916,"2026-07-22 07:00:00",NULL,1308,NULL,"2026-07-28 16:55:34",45,AppXchange,0,1,e60de4c3-f7de-4270-891d-7caa3689a840
14894,52917,"2026-07-21 19:47:18",NULL,1309,NULL,"2026-07-21 19:55:45",45,AppXchange,0,1,7da025c0-ac13-4995-8800-efed57c3e5b4
14897,52918,"2026-07-21 19:47:18",NULL,1309,NULL,"2026-07-21 19:55:46",45,AppXchange,0,1,1a3b361d-76f8-4669-b7de-2b12bfd9ee88
14902,52919,"2026-07-21 19:47:19",NULL,1309,NULL,"2026-07-21 19:55:47",45,AppXchange,0,1,19977d8b-2a24-4a5b-9c6a-42060bce68f0
14895,52920,"2026-07-21 19:47:18",NULL,1308,NULL,"2026-07-21 19:55:45",45,AppXchange,0,1,48409f3f-1ee7-4d9c-886a-1e309db8f401
14890,52921,"2026-07-21 19:47:18","2026-07-20 07:00:00",1312,1309,"2026-07-21 19:55:45",45,AppXchange,0,0,6b18573f-6937-4550-b9d4-b5fa9d34ddfa
15755,52921,"2026-07-20 07:00:00",NULL,1309,NULL,"2026-07-28 16:55:40",45,AppXchange,0,1,3b9ec6a5-7a06-4b0b-86cc-099523bd7b13
14892,52922,"2026-07-21 19:47:18",NULL,1309,NULL,"2026-07-21 19:55:45",45,AppXchange,0,1,fe319474-a267-49e5-a3ef-3fa4a1d598b5
14915,52923,"2026-07-21 19:47:19",NULL,1309,NULL,"2026-07-21 19:55:49",45,AppXchange,0,1,ff621440-95c0-4e8a-aed6-df6d4923603e
14903,52924,"2026-07-21 19:47:20","2026-08-13 07:00:00",1309,1309,"2026-07-21 19:55:47",45,AppXchange,0,0,92c0efef-67b9-4891-8b2c-21d17dfc5016
15729,52924,"2026-07-17 07:00:00",NULL,1310,NULL,"2026-07-28 16:54:33",45,"334 MOBE IN 07/23/26 - (REC'D 07/23/26)",0,1,dd659af6-bf2f-406b-ba1d-e8bdfccf5bd9
16380,52924,"2026-08-13 07:00:00",NULL,1309,NULL,"2026-08-14 20:03:22",45,Vista,0,1,840a1431-c26e-4e4a-be25-12bfe8b45f46
14904,52925,"2026-07-21 19:47:19",NULL,1309,NULL,"2026-07-21 19:55:47",45,AppXchange,0,1,7534c496-9761-4217-a203-4e34f5e11843
14909,52926,"2026-07-21 19:47:20",NULL,1309,NULL,"2026-07-21 19:55:48",45,AppXchange,0,1,54ebb599-261a-409c-b9ae-aacdf86facfb
14901,52927,"2026-07-21 19:47:19",NULL,1309,NULL,"2026-07-21 19:55:46",45,AppXchange,0,1,0adc375b-0284-483f-9630-cb4926a45fcf
14908,52928,"2026-07-21 19:47:20",NULL,1309,NULL,"2026-07-21 19:55:48",45,AppXchange,0,1,b49319e6-12b8-43a0-9e12-e45eb253c6da
14911,52929,"2026-07-21 19:47:20",NULL,1309,NULL,"2026-07-21 19:55:48",45,AppXchange,0,1,d2fb6a15-026a-4a98-8fa6-f0af1b9e7cdc
14905,52930,"2026-07-21 19:47:19",NULL,1308,NULL,"2026-07-21 19:55:47",45,AppXchange,0,1,994aaab9-a1c5-486d-9a89-194e8d518aed
14898,52931,"2026-07-21 19:47:19",NULL,1309,NULL,"2026-07-21 19:55:46",45,AppXchange,0,1,704f747b-3586-410b-a352-4810b2150336
14900,52932,"2026-07-21 19:47:19","2026-07-31 07:00:00",1309,1308,"2026-07-21 19:55:46",45,AppXchange,0,0,06595589-bc90-4f84-98e6-50cfedd3b404
16111,52932,"2026-07-31 07:00:00","0000-00-00 00:00:00",1308,1308,"2026-07-31 21:32:33",45,AppXchange,0,0,cf2036fd-bd60-4480-abaf-d7a06b508c42
16128,52932,"2026-07-31 07:00:00",NULL,1308,NULL,"2026-08-03 14:34:58",45,"334 MOBE IN 07/31/26 - (REC'D 08/03/26) @ 6321 HRS",0,1,fc06ff66-cb74-44bc-a761-a1114fb43ca5
14906,52933,"2026-07-21 19:47:20","2026-07-20 07:00:00",1312,1309,"2026-07-21 19:55:47",45,AppXchange,0,0,6be1db6e-1424-4c8d-8449-ca8b2d8c39a6
15731,52933,"2026-07-20 07:00:00",NULL,1309,NULL,"2026-07-28 16:54:57",45,AppXchange,0,1,fb5b314a-51b4-4ae5-af1b-955cd9203ab4
14910,52934,"2026-07-21 19:47:20",NULL,1309,NULL,"2026-07-21 19:55:48",45,AppXchange,0,1,7e592ea7-f1d5-4142-a711-d4dfec4413f0
14907,52935,"2026-07-21 19:47:20","2026-07-20 07:00:00",1312,1309,"2026-07-21 19:55:47",45,AppXchange,0,0,d6dbb5ee-b0dc-4082-aa48-0798d76ccbb9
15730,52935,"2026-07-20 07:00:00",NULL,1309,NULL,"2026-07-28 16:54:33",45,AppXchange,0,1,683dc842-5ccc-4d26-a8e8-82d3c4e39fbb
14899,52936,"2026-07-21 19:47:19","2026-07-20 07:00:00",1312,1309,"2026-07-21 19:55:46",45,AppXchange,0,0,d964cdb2-42fd-4b29-82d7-e533df7b637d
15736,52936,"2026-07-20 07:00:00",NULL,1309,NULL,"2026-07-28 16:54:58",45,AppXchange,0,1,9cef02ec-c28a-4ed6-8e3b-05f8aaa9fbc8
14914,52937,"2026-07-21 19:47:20",NULL,1309,NULL,"2026-07-21 19:55:49",45,AppXchange,0,1,f5d3d782-2ebe-4a9e-a59b-4e178140e63b
14912,52938,"2026-07-21 19:47:20","2026-07-20 07:00:00",1312,1309,"2026-07-21 19:55:48",45,AppXchange,0,0,80c09156-c4f9-4207-ac6e-8aa30be7805a
15726,52938,"2026-07-20 07:00:00",NULL,1309,NULL,"2026-07-28 16:54:31",45,AppXchange,0,1,95d591cf-b11c-4766-834f-5b1add66ac67
14916,52939,"2026-07-21 19:47:21",NULL,1309,NULL,"2026-07-21 19:55:49",45,AppXchange,0,1,242e59f5-6c15-46a7-90f2-dd54c9928006
14913,52940,"2026-07-21 19:47:20",NULL,1309,NULL,"2026-07-21 19:55:48",45,AppXchange,0,1,44655167-c927-47c0-badb-3b477e708df7
14918,52941,"2026-07-21 19:47:21",NULL,1309,NULL,"2026-07-21 19:55:49",45,AppXchange,0,1,b68ce99e-7a01-406a-9f34-e51d2800b85a
14917,52942,"2026-07-21 19:47:21","2026-07-20 07:00:00",1312,1309,"2026-07-21 19:55:49",45,AppXchange,0,0,366bd0a7-037c-4330-bfb5-07dfe52853c3
15761,52942,"2026-07-20 07:00:00",NULL,1309,NULL,"2026-07-28 16:55:44",45,AppXchange,0,1,9e4e3fbe-722c-41fc-8d2b-2ddaf00aa5d4
14919,52943,"2026-07-21 19:47:21",NULL,1309,NULL,"2026-07-21 19:55:49",45,AppXchange,0,1,6a103f97-f013-4ca2-9cfa-3a69fd79d9b7
14920,52944,"2026-07-21 19:47:21","2026-07-31 07:00:00",1309,1310,"2026-07-21 19:55:50",45,AppXchange,0,0,7dbd5738-8dbf-4467-9cb3-1d22b1fb27a9
16130,52944,"2026-07-31 07:00:00","2026-08-03 15:33:48",1308,1310,"2026-08-03 15:33:48",45,"334 MOBE IN 07/31/26 - (REC'D 08/03/26) @ 6321 HRS",0,0,2b4b0134-2768-4f08-8e81-dd185985a2ee
16151,52944,"2026-07-31 07:00:00",NULL,1310,NULL,"2026-08-04 14:36:20",45,"334 MOBE IN 07/31/26 - (REC'D 08/03/26) @ 6321 HRS",0,1,eed5c435-b847-41b1-a5e6-3c04600181f2
14921,52945,"2026-07-21 19:47:21","2026-07-20 07:00:00",1312,1309,"2026-07-21 19:55:50",45,AppXchange,0,0,6520e86e-0ee1-4a54-88cc-da58d2763117
15750,52945,"2026-07-20 07:00:00",NULL,1309,NULL,"2026-07-28 16:55:37",45,AppXchange,0,1,bb44c355-0cb1-4bb7-82ab-ca21570fc3b6
14922,52946,"2026-07-21 19:47:21","2026-07-20 07:00:00",1312,1309,"2026-07-21 19:55:50",45,AppXchange,0,0,78f31227-5b32-4676-b02d-b6a7ba4f7c24
15749,52946,"2026-07-20 07:00:00",NULL,1309,NULL,"2026-07-28 16:55:36",45,AppXchange,0,1,78e89567-90f1-4a5e-a841-ad2eb435c807
14923,52947,"2026-07-21 19:47:21",NULL,1309,NULL,"2026-07-21 19:55:50",45,AppXchange,0,1,19994117-8d8d-4c68-a3bc-e38d033ae2c1
14935,52948,"2026-07-21 19:47:22",NULL,1309,NULL,"2026-07-21 19:55:52",45,AppXchange,0,1,16e208cf-45a1-4637-ac4a-8eaf4cb7c908
14931,52949,"2026-07-21 19:47:22",NULL,1309,NULL,"2026-07-21 19:55:51",45,AppXchange,0,1,f3c0e95c-3ac6-4172-b7fc-4aaae34c9e72
14932,52950,"2026-07-21 19:47:22",NULL,1309,NULL,"2026-07-21 19:55:52",45,AppXchange,0,1,dc1b833c-239f-4384-a4e3-de3be0e3047b
14927,52951,"2026-07-21 19:47:21","2026-07-20 07:00:00",1312,1309,"2026-07-21 19:55:51",45,AppXchange,0,0,d7d76733-bbfb-432a-a371-8907e2dc4ce4
15725,52951,"2026-07-20 07:00:00",NULL,1309,NULL,"2026-07-28 16:54:31",45,AppXchange,0,1,ebc2ee0c-77bf-4530-88d7-74a69c3a07bf
14933,52952,"2026-07-21 19:47:22",NULL,1309,NULL,"2026-07-21 19:55:52",45,AppXchange,0,1,295e71f2-9905-41d4-955d-3b7e5d8bf5cf
14930,52953,"2026-07-21 19:47:22",NULL,1309,NULL,"2026-07-21 19:55:51",45,AppXchange,0,1,534959c4-dc52-45af-9458-61e8464a8d50
14924,52954,"2026-07-21 19:47:21",NULL,1308,NULL,"2026-07-21 19:55:50",45,AppXchange,0,1,ef548cea-5a85-4e89-815e-5e365bb2504d
14925,52955,"2026-07-21 19:47:21","2026-07-20 07:00:00",1312,1309,"2026-07-21 19:55:50",45,AppXchange,0,0,d9a717b7-b69f-4315-aa32-8e69f9c30619
15741,52955,"2026-07-20 07:00:00",NULL,1309,NULL,"2026-07-28 16:54:59",45,AppXchange,0,1,b8e3194b-1a0c-4412-9116-9bc7e202ace4
14926,52956,"2026-07-21 19:47:21",NULL,1309,NULL,"2026-07-21 19:55:51",45,AppXchange,0,1,a9ee4234-0904-473f-bab4-82c6c4327c56
14934,52957,"2026-07-21 19:47:22",NULL,1309,NULL,"2026-07-21 19:55:52",45,AppXchange,0,1,c9f21504-4229-4f3a-8534-bf3a732ff42c
14929,52958,"2026-07-21 19:47:22",NULL,1309,NULL,"2026-07-21 19:55:51",45,AppXchange,0,1,6b57e045-9663-47cb-bc43-8fbbc8a03151
14928,52959,"2026-07-21 19:47:21",NULL,1309,NULL,"2026-07-21 19:55:51",45,AppXchange,0,1,c4959e72-b44c-46a8-895f-1b27e485d105
14937,52960,"2026-07-21 19:47:22",NULL,1308,NULL,"2026-07-21 19:55:52",45,AppXchange,0,1,42bbc004-4fd5-4bdb-8201-aa0759589614
14936,52961,"2026-07-21 19:47:22",NULL,1309,NULL,"2026-07-21 19:55:52",45,AppXchange,0,1,f883042c-b956-40cb-be9a-5e82ea745718
14940,52962,"2026-07-21 19:47:22",NULL,1309,NULL,"2026-07-21 19:55:53",45,AppXchange,0,1,bc1dc8ea-de68-4359-b91b-67d872f79747
14938,52963,"2026-07-21 19:47:22",NULL,1309,NULL,"2026-07-21 19:55:52",45,AppXchange,0,1,49a18d14-d340-4b5e-9311-feaa15945ea1
14939,52964,"2026-07-21 19:47:22",NULL,1309,NULL,"2026-07-21 19:55:53",45,AppXchange,0,1,664f0d06-cf7d-466e-8e5d-df265d1d2067
14941,52965,"2026-07-21 19:47:22",NULL,1309,NULL,"2026-07-21 19:55:53",45,AppXchange,0,1,f1fcbfee-6a78-47ff-9528-8b2bb0840b32
14945,52966,"2026-07-21 19:47:23",NULL,1309,NULL,"2026-07-21 19:55:54",45,AppXchange,0,1,a73b19e5-97c6-406b-8f64-b56b5e775990
14946,52967,"2026-07-21 19:47:23",NULL,1309,NULL,"2026-07-21 19:55:54",45,AppXchange,0,1,44948e22-c4c6-4ddd-8ad7-802c477442b4
14956,52968,"2026-07-21 19:47:24",NULL,1312,NULL,"2026-07-21 19:55:55",45,AppXchange,0,1,6c3364a8-4ac5-449b-a8f6-e07d5b2e9c82
14942,52969,"2026-07-21 19:47:23",NULL,1309,NULL,"2026-07-21 19:55:53",45,AppXchange,0,1,a17ae1b4-8bc5-4724-9f9a-23f3b12d9d44
14948,52970,"2026-07-21 19:47:23",NULL,1309,NULL,"2026-07-21 19:55:54",45,AppXchange,0,1,b3c6ded3-2c09-40f3-90cb-290207f19251
14955,52971,"2026-07-21 19:47:23",NULL,1309,NULL,"2026-07-21 19:55:55",45,AppXchange,0,1,65fa3a36-59fb-4fde-9de8-33ac1c845889
14951,52972,"2026-07-21 19:47:23",NULL,1309,NULL,"2026-07-21 19:55:55",45,AppXchange,0,1,e044c793-ade4-4101-a026-63357e38b1b8
14959,52973,"2026-07-21 19:47:25",NULL,1312,NULL,"2026-07-21 19:55:56",45,AppXchange,0,1,8f70b5b7-13da-4484-b112-b9de3a358b4c
14944,52974,"2026-07-21 19:47:23",NULL,1309,NULL,"2026-07-21 19:55:53",45,AppXchange,0,1,0cf64c95-01e1-449a-9ff6-38e248d77dc5
14953,52975,"2026-07-21 19:47:23","2026-07-20 07:00:00",1312,1309,"2026-07-21 19:55:55",45,AppXchange,0,0,c96a5070-1c20-42ab-b9e9-2dbf33874564
15727,52975,"2026-07-20 07:00:00",NULL,1309,NULL,"2026-07-28 16:54:32",45,AppXchange,0,1,a265f6ea-707f-4da8-94c4-5f9da1273ed1
14960,52976,"2026-07-21 19:47:24",NULL,1309,NULL,"2026-07-21 19:55:56",45,AppXchange,0,1,57bd29be-77fd-4f9a-96c6-6ee5eddff8db
14958,52977,"2026-07-21 19:47:24",NULL,1309,NULL,"2026-07-21 19:55:56",45,AppXchange,0,1,daa9154f-bcad-4fa5-a218-811578e536c8
14947,52978,"2026-07-21 19:47:23",NULL,1309,NULL,"2026-07-21 19:55:54",45,AppXchange,0,1,af082e48-50eb-4068-a849-989e7172f982
14949,52979,"2026-07-21 19:47:23",NULL,1309,NULL,"2026-07-21 19:55:54",45,AppXchange,0,1,5b3c7291-2402-407c-ac41-8aff0d346be8
14943,52980,"2026-07-21 19:47:22",NULL,1309,NULL,"2026-07-21 19:55:53",45,AppXchange,0,1,fd292632-6969-44b6-8605-43a9217d5a0c
14950,52981,"2026-07-21 19:47:23",NULL,1309,NULL,"2026-07-21 19:55:55",45,AppXchange,0,1,2d97a1c6-1c9c-41e8-96ec-1eef9bed3686
14954,52982,"2026-07-21 19:47:23",NULL,1309,NULL,"2026-07-21 19:55:55",45,AppXchange,0,1,55ee22a8-3e90-416e-a694-f92ae450799e
14952,52983,"2026-07-21 19:47:23",NULL,1309,NULL,"2026-07-21 19:55:55",45,AppXchange,0,1,272fc746-09fc-4152-a1c4-24553ac9f1ec
14962,52984,"2026-07-21 19:47:24",NULL,1309,NULL,"2026-07-21 19:55:56",45,AppXchange,0,1,d9dc878e-889c-461a-86e4-c06e00ae5da4
14957,52985,"2026-07-21 19:47:24",NULL,1309,NULL,"2026-07-21 19:55:56",45,AppXchange,0,1,7d3fc2b4-e09c-495e-8a09-bb6525c58c30
14961,52986,"2026-07-21 19:47:24",NULL,1309,NULL,"2026-07-21 19:55:56",45,AppXchange,0,1,3b1e0af8-0fa9-4ce7-8270-1e4e303aecdf
14968,52987,"2026-07-21 19:47:25",NULL,1309,NULL,"2026-07-21 19:55:58",45,AppXchange,0,1,57a65cb1-7d4c-4818-a182-01ef8f5a3193
14964,52988,"2026-07-21 19:47:25",NULL,1308,NULL,"2026-07-21 19:55:57",45,AppXchange,0,1,7fa140e9-93f3-44e5-a500-1f130d990647
14963,52989,"2026-07-21 19:47:24",NULL,1309,NULL,"2026-07-21 19:55:57",45,AppXchange,0,1,e4b9c785-2d19-479a-8d8f-e9ef9727ad3b
14975,52990,"2026-07-21 19:47:26",NULL,1309,NULL,"2026-07-21 19:55:59",45,AppXchange,0,1,906c9ab3-10e4-49cb-80e0-8bec53200d13
14974,52991,"2026-07-21 19:47:26",NULL,1309,NULL,"2026-07-21 19:55:59",45,AppXchange,0,1,e72df9c3-7a7c-4833-a689-05b5269f3082
14972,52992,"2026-07-21 19:47:26",NULL,1309,NULL,"2026-07-21 19:55:58",45,AppXchange,0,1,952ec418-ef04-4dfb-bbfa-90819836b7b9
14966,52993,"2026-07-21 19:47:24",NULL,1309,NULL,"2026-07-21 19:55:57",45,AppXchange,0,1,1821039b-2a28-42cd-9a57-828e9cfc8abd
14965,52994,"2026-07-21 19:47:24",NULL,1309,NULL,"2026-07-21 19:55:57",45,AppXchange,0,1,41b551cb-abd9-4a91-9b6c-3fd1bec8683e
14967,52995,"2026-07-21 19:47:25","2026-07-20 07:00:00",1312,1309,"2026-07-21 19:55:58",45,AppXchange,0,0,704069ba-b4f8-4643-9ef8-7d1640d78cda
15732,52995,"2026-07-20 07:00:00",NULL,1309,NULL,"2026-07-28 16:54:57",45,AppXchange,0,1,cf07e5fc-b4d1-422a-99ea-297f196b8cf3
14973,52996,"2026-07-21 19:47:25","2026-08-03 07:00:00",1312,1309,"2026-07-21 19:55:59",45,AppXchange,0,0,531cfa6a-d26a-4031-9fe1-d4a128f818e4
16179,52996,"2026-08-03 07:00:00",NULL,1309,NULL,"2026-08-06 16:35:39",45,AppXchange,0,1,b19db266-8a64-436b-a8c2-62c3dfd4622f
14969,52997,"2026-07-21 19:47:25",NULL,1309,NULL,"2026-07-21 19:55:58",45,AppXchange,0,1,e9a44fc2-b215-4f9c-a218-b38480767e55
14977,52998,"2026-07-21 19:47:26",NULL,1309,NULL,"2026-07-21 19:56:00",45,AppXchange,0,1,e45af741-67fe-4499-a354-90ad2a22fe0f
14988,52999,"2026-07-21 19:47:27",NULL,1309,NULL,"2026-07-21 19:56:03",45,AppXchange,0,1,68e0187e-02b3-446c-9f55-8f52bd2ec91c
14984,53000,"2026-07-21 19:47:27",NULL,1309,NULL,"2026-07-21 19:56:02",45,AppXchange,0,1,5ef46b2d-e610-46f5-897a-df20a10851a6
14981,53001,"2026-07-21 19:47:26",NULL,1309,NULL,"2026-07-21 19:56:01",45,AppXchange,0,1,d21e1587-10fe-4323-8332-e51247a18572
14985,53002,"2026-07-21 19:47:27",NULL,1309,NULL,"2026-07-21 19:56:02",45,AppXchange,0,1,ec5d45a8-dcab-4e78-8bb5-53dea81d743d
14983,53003,"2026-07-21 19:47:27","2026-08-03 07:00:00",1312,1309,"2026-07-21 19:56:01",45,AppXchange,0,0,658c5184-9ab3-4454-a73b-cb7161001a79
16184,53003,"2026-08-03 07:00:00",NULL,1309,NULL,"2026-08-06 16:35:43",45,AppXchange,0,1,a97fce94-9cb6-4ca1-856d-00c18d4140b1
14970,53004,"2026-07-21 19:47:25","2026-08-03 07:00:00",1312,1309,"2026-07-21 19:55:58",45,AppXchange,0,0,4bb33924-6c8d-4a93-80aa-dbe8e76894a1
16194,53004,"2026-08-03 07:00:00",NULL,1309,NULL,"2026-08-06 16:36:07",45,AppXchange,0,1,025c520b-90f8-450a-97d2-fc3cbfe82f5e
14979,53005,"2026-07-21 19:47:26",NULL,1309,NULL,"2026-07-21 19:56:00",45,AppXchange,0,1,c189ec8e-1f79-417e-898f-e41d5401273b
14978,53006,"2026-07-21 19:47:26",NULL,1309,NULL,"2026-07-21 19:56:00",45,AppXchange,0,1,9cbd644a-a5cd-4b1b-a9b4-52084036f223
14971,53007,"2026-07-21 19:47:25",NULL,1309,NULL,"2026-07-21 19:55:58",45,AppXchange,0,1,91c4a21a-3982-4803-a9e1-b848fb56233e
14976,53008,"2026-07-21 19:47:26","2026-08-03 07:00:00",1312,1309,"2026-07-21 19:55:59",45,AppXchange,0,0,e058cf0a-9176-4592-8956-e53024c09e72
16188,53008,"2026-08-03 07:00:00",NULL,1309,NULL,"2026-08-06 16:35:46",45,AppXchange,0,1,2297f1e4-c20c-47f6-b935-7db40e85ddc5
14980,53009,"2026-07-21 19:47:26",NULL,1309,NULL,"2026-07-21 19:56:00",45,AppXchange,0,1,79c81f75-4ebb-4fef-9f89-8347722919e5
14982,53010,"2026-07-21 19:47:26",NULL,1308,NULL,"2026-07-21 19:56:01",45,AppXchange,0,1,659ee97f-72f0-4acd-b333-c423cc462ca8
14986,53011,"2026-07-21 19:47:27",NULL,1309,NULL,"2026-07-21 19:56:02",45,AppXchange,0,1,0a5751cd-c3b3-4d8f-b5b0-cf0e0899e9ed
14989,53012,"2026-07-21 19:47:27","2026-08-03 07:00:00",1312,1309,"2026-07-21 19:56:03",45,AppXchange,0,0,cfa11057-7636-456e-a8d1-c8e77ff6ab13
16183,53012,"2026-08-03 07:00:00",NULL,1309,NULL,"2026-08-06 16:35:42",45,AppXchange,0,1,0193e6c1-3df1-4d1c-943f-f11f82616841
14987,53013,"2026-07-21 19:47:27","2026-08-03 07:00:00",1312,1309,"2026-07-21 19:56:02",45,AppXchange,0,0,6d3d3345-fd6e-4ff2-ae8f-83ef8ef6d149
16192,53013,"2026-08-03 07:00:00",NULL,1309,NULL,"2026-08-06 16:35:49",45,AppXchange,0,1,b0ed1122-f56b-4924-9f4b-47bb76b123d2
14991,53014,"2026-07-21 19:47:28",NULL,1309,NULL,"2026-07-21 19:56:03",45,AppXchange,0,1,8ece8079-3129-467c-b849-8418d566057d
14990,53015,"2026-07-21 19:47:28","2026-08-03 07:00:00",1312,1309,"2026-07-21 19:56:03",45,AppXchange,0,0,3367536b-76aa-497f-8343-84c2b11697d5
16181,53015,"2026-08-03 07:00:00",NULL,1309,NULL,"2026-08-06 16:35:40",45,AppXchange,0,1,c7daec74-df97-45b9-920f-a1b8ccc6bae3
14992,53016,"2026-07-21 19:47:28","2026-08-03 07:00:00",1312,1309,"2026-07-21 19:56:03",45,AppXchange,0,0,2a70ab80-72a4-4e3b-a9b8-b45f2815f2ec
16180,53016,"2026-08-03 07:00:00",NULL,1309,NULL,"2026-08-06 16:35:40",45,AppXchange,0,1,a5f0a3f5-801a-411e-8b79-39eb9dce79a9
14993,53017,"2026-07-21 19:47:28",NULL,1312,NULL,"2026-07-21 19:56:04",45,AppXchange,0,1,7d68c398-ce68-442d-8058-de6539042f76
14999,53018,"2026-07-21 19:47:29",NULL,1309,NULL,"2026-07-21 19:56:05",45,AppXchange,0,1,5f7a4d9c-9740-4c11-907b-46bcf06f1644
14995,53019,"2026-07-21 19:47:28",NULL,1309,NULL,"2026-07-21 19:56:04",45,AppXchange,0,1,d7fa5136-93ea-4a50-93d6-e4350178badb
15011,53020,"2026-07-21 19:47:30",NULL,1309,NULL,"2026-07-21 19:56:07",45,AppXchange,0,1,69da5207-0ac7-4001-8aa4-861bbcd0efde
15010,53021,"2026-07-21 19:47:30",NULL,1309,NULL,"2026-07-21 19:56:07",45,AppXchange,0,1,faf59745-41d4-41a4-a4fd-c8114cd2787b
15007,53022,"2026-07-21 19:47:29","2026-08-03 07:00:00",1312,1309,"2026-07-21 19:56:07",45,AppXchange,0,0,1d8093af-ded3-4fdf-9d69-a3ac81f21e9a
16186,53022,"2026-08-03 07:00:00",NULL,1309,NULL,"2026-08-06 16:35:44",45,AppXchange,0,1,2cfdfff3-3836-45c5-a028-a5a2a97ec9a4
14997,53023,"2026-07-21 19:47:28",NULL,1309,NULL,"2026-07-21 19:56:05",45,AppXchange,0,1,891b583a-92e3-478c-8351-1cf371d62109
14998,53024,"2026-07-21 19:47:28",NULL,1309,NULL,"2026-07-21 19:56:05",45,AppXchange,0,1,04965335-e2ae-447b-91a7-a52ed61d76d6
15002,53025,"2026-07-21 19:47:29",NULL,1309,NULL,"2026-07-21 19:56:06",45,AppXchange,0,1,9f922192-5af3-445c-8ded-98fea887c06b
15005,53026,"2026-07-21 19:47:29",NULL,1309,NULL,"2026-07-21 19:56:06",45,AppXchange,0,1,b95efc9b-efd2-4879-99ae-76ea855531a0
15001,53027,"2026-07-21 19:47:29",NULL,1308,NULL,"2026-07-21 19:56:06",45,AppXchange,0,1,50f92489-e606-4c22-aa96-61db866a5584
15008,53028,"2026-07-21 19:47:29",NULL,1309,NULL,"2026-07-21 19:56:07",45,AppXchange,0,1,3cc8e009-cffe-4762-bfb5-30d0d9ba10dc
15009,53029,"2026-07-21 19:47:30",NULL,1308,NULL,"2026-07-21 19:56:07",45,AppXchange,0,1,1a9db461-a354-451f-a7dc-aa1b41d92f41
15000,53030,"2026-07-21 19:47:29",NULL,1309,NULL,"2026-07-21 19:56:06",45,AppXchange,0,1,f87f2597-2c84-4a5d-b359-2d3aa8add7c4
15006,53031,"2026-07-21 19:47:29",NULL,1309,NULL,"2026-07-21 19:56:07",45,AppXchange,0,1,309baf38-fbc4-4d7e-aab7-578dc43d0de4
14994,53032,"2026-07-21 19:47:28",NULL,1309,NULL,"2026-07-21 19:56:04",45,AppXchange,0,1,88c6a3ea-5ba2-43da-967b-b6e47849d12c
14996,53033,"2026-07-21 19:47:28",NULL,1308,NULL,"2026-07-21 19:56:05",45,AppXchange,0,1,82e07dde-e316-4374-9366-f09752f1bb29
15004,53034,"2026-07-21 19:47:29",NULL,1308,NULL,"2026-07-21 19:56:06",45,AppXchange,0,1,a9832a8f-52cc-4f69-9192-48382da81a9c
15013,53035,"2026-07-21 19:47:30",NULL,1309,NULL,"2026-07-21 19:56:07",45,AppXchange,0,1,bc69a3fb-d440-4577-b898-6134c3cc41e4
15003,53036,"2026-07-21 19:47:29",NULL,1308,NULL,"2026-07-21 19:56:06",45,AppXchange,0,1,2b8cd37f-d4c6-4f16-9ff7-1f5e225d265b
15016,53037,"2026-07-21 19:47:30",NULL,1309,NULL,"2026-07-21 19:56:08",45,AppXchange,0,1,800b8be2-5c46-45ca-8817-b96f83ab56f3
15012,53038,"2026-07-21 19:47:30",NULL,1309,NULL,"2026-07-21 19:56:07",45,AppXchange,0,1,a1b74d26-3b52-4b13-99a4-495983c11954
15014,53039,"2026-07-21 19:47:30",NULL,1308,NULL,"2026-07-21 19:56:07",45,AppXchange,0,1,c1ead953-b669-456a-bc40-817d89d72a98
15015,53040,"2026-07-21 19:47:30",NULL,1309,NULL,"2026-07-21 19:56:07",45,AppXchange,0,1,c0dddf85-a89c-456d-817e-6c171fe11b51
15017,53041,"2026-07-21 19:47:31",NULL,1308,NULL,"2026-07-21 19:56:08",45,AppXchange,0,1,2dabaf5f-5911-48bd-903e-716c44f61689
15019,53042,"2026-07-21 19:47:31",NULL,1309,NULL,"2026-07-21 19:56:08",45,AppXchange,0,1,448c6f2d-4061-44c8-837f-56958ade4342
15018,53043,"2026-07-21 19:47:31",NULL,1309,NULL,"2026-07-21 19:56:08",45,AppXchange,0,1,18cc59c2-60b1-48c3-b6b4-fee23b23c8c2
15021,53044,"2026-07-21 19:47:31",NULL,1309,NULL,"2026-07-21 19:56:08",45,AppXchange,0,1,5d92fcf3-c04b-459d-98cd-4ee246c35dff
15020,53045,"2026-07-21 19:47:31",NULL,1308,NULL,"2026-07-21 19:56:08",45,AppXchange,0,1,ecd74cae-0509-45ab-b054-7cc68c2e64fb
15024,53046,"2026-07-21 19:47:32",NULL,1309,NULL,"2026-07-21 19:56:09",45,AppXchange,0,1,477ce47c-1709-42cb-a4f7-0620ab4b107e
15022,53047,"2026-07-21 19:47:31",NULL,1309,NULL,"2026-07-21 19:56:08",45,AppXchange,0,1,32e14471-32a5-4622-9683-86a276f9933a
15023,53048,"2026-07-21 19:47:31",NULL,1312,NULL,"2026-07-21 19:56:09",45,AppXchange,0,1,bce26859-a2c2-4b5a-b542-90409c59d859
15031,53049,"2026-07-21 19:47:33",NULL,1309,NULL,"2026-07-21 19:56:10",45,AppXchange,0,1,e6fbfd42-ed4b-4775-ab0c-bfa1e79441cb
15026,53050,"2026-07-21 19:47:32",NULL,1308,NULL,"2026-07-21 19:56:09",45,AppXchange,0,1,ec9de610-bf8a-4924-b88c-9d777061cc50
15033,53051,"2026-07-21 19:47:32",NULL,1312,NULL,"2026-07-21 19:56:10",45,AppXchange,0,1,6e2a4fba-52f9-4b1e-92e4-11247cb10344
15036,53052,"2026-07-21 19:47:33",NULL,1308,NULL,"2026-07-21 19:56:10",45,AppXchange,0,1,b5a3c57b-e66e-46e2-b32d-33958b184668
15034,53053,"2026-07-21 19:47:32",NULL,1308,NULL,"2026-07-21 19:56:10",45,AppXchange,0,1,3a3ec1f6-3ec4-4d7a-b3e1-b50388d74656
15027,53054,"2026-07-21 19:47:32",NULL,1309,NULL,"2026-07-21 19:56:09",45,AppXchange,0,1,ac5f3724-63f6-4156-89d2-031566577f81
15029,53055,"2026-07-21 19:47:32",NULL,1308,NULL,"2026-07-21 19:56:09",45,AppXchange,0,1,a9d855f0-e059-48f5-bb84-349d54376dcb
15028,53056,"2026-07-21 19:47:32",NULL,1312,NULL,"2026-07-21 19:56:09",45,AppXchange,0,1,d228b332-d44b-4d35-ac97-d9fe9ed5b9f0
15030,53057,"2026-07-21 19:47:32",NULL,1309,NULL,"2026-07-21 19:56:09",45,AppXchange,0,1,6222592d-23b8-4607-a35e-cb1abfbcbfb7
15025,53058,"2026-07-21 19:47:31",NULL,1309,NULL,"2026-07-21 19:56:09",45,AppXchange,0,1,4d001c06-81d7-4fcb-8908-be67d85229b9
15032,53059,"2026-07-21 19:47:32",NULL,1312,NULL,"2026-07-21 19:56:10",45,AppXchange,0,1,1c3a9f1a-e13d-4d56-927f-15dc64f3895d
15035,53060,"2026-07-21 19:47:33",NULL,1308,NULL,"2026-07-21 19:56:10",45,AppXchange,0,1,1e7cb6b9-16f0-4f14-b920-bcf8a538470b
15037,53061,"2026-07-21 19:47:33",NULL,1309,NULL,"2026-07-21 19:56:11",45,AppXchange,0,1,1aac4728-1372-485b-a203-7b57adcd3629
15038,53062,"2026-07-21 19:47:33",NULL,1309,NULL,"2026-07-21 19:56:11",45,AppXchange,0,1,a2eaf4b1-135c-46ac-b8e8-157aad0683f7
15039,53063,"2026-07-21 19:47:33",NULL,1309,NULL,"2026-07-21 19:56:11",45,AppXchange,0,1,cf0d455b-264f-4f42-9b43-fd08cec74f30
15040,53064,"2026-07-21 19:47:33",NULL,1310,NULL,"2026-07-21 19:56:11",45,AppXchange,0,1,8276aabf-1503-4ac5-a838-72b475bfdc14
15042,53065,"2026-07-21 19:47:34",NULL,1308,NULL,"2026-07-21 19:56:12",45,AppXchange,0,1,4434556d-c5e3-4861-ac05-0874699e3af8
15044,53066,"2026-07-21 19:47:34",NULL,1312,NULL,"2026-07-21 19:56:12",45,AppXchange,0,1,c1f209ad-edae-40fc-a868-9446961f1519
15041,53067,"2026-07-21 19:47:33",NULL,1312,NULL,"2026-07-21 19:56:12",45,AppXchange,0,1,c503860d-6a21-4282-9940-b1174219c550
15047,53068,"2026-07-21 19:47:35",NULL,1309,NULL,"2026-07-21 19:56:12",45,AppXchange,0,1,9f300843-9b52-4494-bb2d-9c2475e5384e
15051,53069,"2026-07-21 19:47:34",NULL,1309,NULL,"2026-07-21 19:56:13",45,AppXchange,0,1,61cbe0ec-ef37-4dac-9374-b7e9cecceec5
15043,53070,"2026-07-21 19:47:34",NULL,1308,NULL,"2026-07-21 19:56:12",45,AppXchange,0,1,0afa103c-4da2-4462-82b7-a6716a71d0bd
15045,53071,"2026-07-21 19:47:34",NULL,1309,NULL,"2026-07-21 19:56:12",45,AppXchange,0,1,6c6e24d8-c2fd-44b7-b046-702ed431ebaf
15048,53072,"2026-07-21 19:47:35",NULL,1312,NULL,"2026-07-21 19:56:13",45,AppXchange,0,1,87b6dd08-dbdb-4888-90e4-0804ebe03021
15059,53073,"2026-07-21 19:47:37",NULL,1308,NULL,"2026-07-21 19:56:15",45,AppXchange,0,1,371be4bb-d903-4b31-a1eb-1283054ebc01
15046,53074,"2026-07-21 19:47:34",NULL,1309,NULL,"2026-07-21 19:56:12",45,AppXchange,0,1,67ad283f-9ed8-4f63-9c0b-11ba08129548
15050,53075,"2026-07-21 19:47:35",NULL,1309,NULL,"2026-07-21 19:56:13",45,AppXchange,0,1,7772d78c-fed9-4d67-b0be-7929de2fe1fd
15053,53076,"2026-07-21 19:47:35",NULL,1308,NULL,"2026-07-21 19:56:14",45,AppXchange,0,1,20151bda-cff6-4c31-86c3-5f9af6648714
15056,53077,"2026-07-21 19:47:36",NULL,1308,NULL,"2026-07-21 19:56:14",45,AppXchange,0,1,4ead9764-402b-42c6-97dd-cf64478075fd
15049,53078,"2026-07-21 19:47:35",NULL,1308,NULL,"2026-07-21 19:56:13",45,AppXchange,0,1,e58886c8-967d-433a-bd6d-0ef0cda5d459
15052,53079,"2026-07-21 19:47:35",NULL,1308,NULL,"2026-07-21 19:56:13",45,AppXchange,0,1,87e83907-79b9-4db0-8077-a29784e7e622
15054,53080,"2026-07-21 19:47:36",NULL,1309,NULL,"2026-07-21 19:56:14",45,AppXchange,0,1,948b1dd0-0b44-413a-9e55-bc68c1c43e17
15061,53081,"2026-07-21 19:47:36",NULL,1309,NULL,"2026-07-21 19:56:15",45,AppXchange,0,1,ef327a6b-5d75-4f3f-9794-a4fc2e9cdc59
15062,53082,"2026-07-21 19:47:37",NULL,1312,NULL,"2026-07-21 19:56:15",45,AppXchange,0,1,37cc4978-a3b9-45fa-b991-0ef60451bced
15058,53083,"2026-07-21 19:47:36",NULL,1308,NULL,"2026-07-21 19:56:14",45,AppXchange,0,1,bd45a790-4242-49ab-98ae-b1c98d4e5fed
15060,53084,"2026-07-21 19:47:36",NULL,1308,NULL,"2026-07-21 19:56:15",45,AppXchange,0,1,fbdedc35-0b69-42b4-a9e2-05f95aad2729
15055,53085,"2026-07-21 19:47:35",NULL,1312,NULL,"2026-07-21 19:56:14",45,AppXchange,0,1,3dd38ace-1e36-4f5a-8027-f984bb296e2b
15057,53086,"2026-07-21 19:47:36",NULL,1308,NULL,"2026-07-21 19:56:14",45,AppXchange,0,1,9fd09077-cd37-4b6c-83ee-06712ce44d69
15063,53087,"2026-07-21 19:47:37",NULL,1308,NULL,"2026-07-21 19:56:16",45,AppXchange,0,1,07ecd319-a6e1-430b-9d9b-e5f9a5afd9d3
15067,53088,"2026-07-21 19:47:37",NULL,1312,NULL,"2026-07-21 19:56:17",45,AppXchange,0,1,d8a5c624-de3e-4b6f-9b46-9d5ae71980f6
15069,53089,"2026-07-21 19:47:37",NULL,1309,NULL,"2026-07-21 19:56:17",45,AppXchange,0,1,ed0af6f4-4ec4-4ead-9b98-0d46ecd9dd2e
15064,53090,"2026-07-21 19:47:37","2026-07-20 07:00:00",1309,1308,"2026-07-21 19:56:16",45,AppXchange,0,0,f5a0b25c-eac3-425b-95ff-d4a5e1bef3f6
15722,53090,"2026-07-20 07:00:00",NULL,1308,NULL,"2026-07-28 16:54:27",45,AppXchange,0,1,63ee15ae-16d6-4736-a9c6-776c2d97a48d
15066,53091,"2026-07-21 19:47:37","2026-07-22 07:00:00",1308,1309,"2026-07-21 19:56:16",45,AppXchange,0,0,7a8110e4-bba7-43d8-aee1-52535bdb6b0d
15723,53091,"2026-07-22 07:00:00",NULL,1309,NULL,"2026-07-28 16:54:28",45,AppXchange,0,1,23d4ed26-cf03-40b2-9d3a-577c8a1638d2
15065,53092,"2026-07-21 19:47:37",NULL,1309,NULL,"2026-07-21 19:56:16",45,AppXchange,0,1,469c9c64-7ab2-4c70-ab6f-6e0a24fc2f65
15068,53093,"2026-07-21 19:47:37",NULL,1312,NULL,"2026-07-21 19:56:17",45,AppXchange,0,1,28d81035-45cf-43b4-a8f3-b225a0da46ec
15071,53094,"2026-07-21 19:47:38",NULL,1310,NULL,"2026-07-21 19:56:17",45,AppXchange,0,1,bc26e6b9-357d-4768-be02-569e3c4a22c3
15072,53095,"2026-07-21 19:47:38",NULL,1309,NULL,"2026-07-21 19:56:18",45,AppXchange,0,1,17f8d351-0b17-4337-8a42-53aadc837821
15077,53096,"2026-07-21 19:47:39",NULL,1308,NULL,"2026-07-21 19:56:19",45,AppXchange,0,1,7a373209-5999-46e3-9d6d-903ba891b8b5
15075,53097,"2026-07-21 19:47:38",NULL,1308,NULL,"2026-07-21 19:56:18",45,AppXchange,0,1,a3c15647-dc50-4ae9-8f7a-a591d6e3d554
15074,53098,"2026-07-21 19:47:38",NULL,1308,NULL,"2026-07-21 19:56:18",45,AppXchange,0,1,b1c586d4-3c59-4876-852e-c9a7eaa3bf8f
15082,53099,"2026-07-21 19:47:39",NULL,1308,NULL,"2026-07-21 19:56:19",45,AppXchange,0,1,aab350a0-0a19-4e83-be0c-b6d8c6cbe3a4
15073,53100,"2026-07-21 19:47:38",NULL,1308,NULL,"2026-07-21 19:56:18",45,AppXchange,0,1,58b6b8ef-56f4-4a6f-94f6-e1110fafc713
15070,53101,"2026-07-21 19:47:38",NULL,1309,NULL,"2026-07-21 19:56:17",45,AppXchange,0,1,551cc6fd-1de9-41fe-927a-5f8497686a81
15079,53102,"2026-07-21 19:47:39",NULL,1309,NULL,"2026-07-21 19:56:19",45,AppXchange,0,1,709782b2-986e-4d08-99f2-f3caec8049f1
15087,53103,"2026-07-21 19:47:40",NULL,1309,NULL,"2026-07-21 19:56:21",45,AppXchange,0,1,06a0d5a2-1fb5-4486-ac4f-58003dbc310d
15078,53104,"2026-07-21 19:47:39",NULL,1308,NULL,"2026-07-21 19:56:19",45,AppXchange,0,1,134d5c3c-f34b-4b31-ab4f-852d3d0efc2f
15086,53105,"2026-07-21 19:47:40",NULL,1308,NULL,"2026-07-21 19:56:20",45,AppXchange,0,1,1469a356-3e1c-4282-95a5-42e9770a74ea
15081,53106,"2026-07-21 19:47:39",NULL,1309,NULL,"2026-07-21 19:56:19",45,AppXchange,0,1,e380e60f-2c26-4871-88e1-0f8883a94286
15080,53107,"2026-07-21 19:47:39",NULL,1309,NULL,"2026-07-21 19:56:19",45,AppXchange,0,1,c331471c-e229-4593-be02-a2fe051c1104
15083,53108,"2026-07-21 19:47:39",NULL,1308,NULL,"2026-07-21 19:56:20",45,AppXchange,0,1,e28cfeb2-ee68-4b10-a54e-49dd32d37c00
15076,53109,"2026-07-21 19:47:38",NULL,1309,NULL,"2026-07-21 19:56:18",45,AppXchange,0,1,072f080d-ff34-41a2-9010-cd299010facc
15085,53110,"2026-07-21 19:47:40",NULL,1310,NULL,"2026-07-21 19:56:20",45,AppXchange,0,1,75f708cf-3639-4fea-84a8-ab699c95319d
15084,53111,"2026-07-21 19:47:39",NULL,1308,NULL,"2026-07-21 19:56:20",45,AppXchange,0,1,8b1c3144-53d8-48d1-949e-ef3f567e2ee5
15088,53112,"2026-07-21 19:47:40",NULL,1308,NULL,"2026-07-21 19:56:21",45,AppXchange,0,1,f32249a4-2f4d-40f5-acbb-bf892064b389
15089,53113,"2026-07-21 19:47:40",NULL,1309,NULL,"2026-07-21 19:56:21",45,AppXchange,0,1,e5b7b72f-a38e-49f3-8ff8-4c8e99763237
15092,53114,"2026-07-21 19:47:40",NULL,1308,NULL,"2026-07-21 19:56:22",45,AppXchange,0,1,0e1ffcd1-e728-44f5-b90b-2cd522f1c118
15095,53115,"2026-07-21 19:47:41","2026-07-20 07:00:00",1312,1309,"2026-07-21 19:56:22",45,AppXchange,0,0,d874b076-b44b-48cc-9fa9-5d68a84fd2f4
15728,53115,"2026-07-20 07:00:00",NULL,1309,NULL,"2026-07-28 16:54:32",45,AppXchange,0,1,27720527-f075-4759-b7b4-e2cbd03f5feb
15091,53116,"2026-07-21 19:47:40",NULL,1308,NULL,"2026-07-21 19:56:21",45,AppXchange,0,1,7a0603e0-5f32-41c5-a2ab-c9fbb2e4e09d
15093,53117,"2026-07-21 19:47:41",NULL,1309,NULL,"2026-07-21 19:56:22",45,AppXchange,0,1,ab8c6db1-c852-4b33-896c-62f7c75e1936
15090,53118,"2026-07-21 19:47:41",NULL,1309,NULL,"2026-07-21 19:56:21",45,AppXchange,0,1,2e231567-8af8-4c1f-b96a-e699590fbcf9
15102,53119,"2026-07-21 19:47:42",NULL,1309,NULL,"2026-07-21 19:56:24",45,AppXchange,0,1,a5125188-6b3d-42d8-9322-0dc04fdd4231
15105,53120,"2026-07-21 19:47:42",NULL,1309,NULL,"2026-07-21 19:56:25",45,AppXchange,0,1,2cab93d3-edb8-4ea9-b118-e2ea03e49c1c
15094,53121,"2026-07-21 19:47:41",NULL,1308,NULL,"2026-07-21 19:56:22",45,AppXchange,0,1,1f7fd090-3bd6-4887-b367-9d83356ecce6
15096,53122,"2026-07-21 19:47:42",NULL,1309,NULL,"2026-07-21 19:56:22",45,AppXchange,0,1,68b4610b-af0c-4be8-b879-561c1c883dcf
15104,53123,"2026-07-21 19:47:42",NULL,1308,NULL,"2026-07-21 19:56:24",45,AppXchange,0,1,3b0c6836-510c-403d-9b4c-7535fb9fbd2f
15103,53124,"2026-07-21 19:47:42",NULL,1309,NULL,"2026-07-21 19:56:24",45,AppXchange,0,1,f765132c-fff1-4a03-a37c-94674e95a11f
15100,53125,"2026-07-21 19:47:42",NULL,1308,NULL,"2026-07-21 19:56:23",45,AppXchange,0,1,ef859f0d-6dbe-43c2-beb2-3942252edec6
15109,53126,"2026-07-21 19:47:43","2026-08-10 07:00:00",1309,1308,"2026-07-21 19:56:26",45,AppXchange,0,0,2b0eb1e9-f6ec-4109-b525-47b013b17f2d
16405,53126,"2026-08-10 07:00:00",NULL,1308,NULL,"2026-08-17 20:22:45",45,Vista,0,1,c38b8e8c-f8c3-403f-ba65-4da8a8325162
15106,53127,"2026-07-21 19:47:42",NULL,1309,NULL,"2026-07-21 19:56:25",45,AppXchange,0,1,6c34d307-8244-416d-9e5e-c9402c87f17d
15099,53128,"2026-07-21 19:47:41",NULL,1309,NULL,"2026-07-21 19:56:23",45,AppXchange,0,1,757232e9-c174-4419-a59c-b93051566204
15101,53129,"2026-07-21 19:47:42",NULL,1308,NULL,"2026-07-21 19:56:24",45,AppXchange,0,1,3744839c-57c4-4556-b630-b76b6a12df0c
15098,53130,"2026-07-21 19:47:41",NULL,1308,NULL,"2026-07-21 19:56:23",45,AppXchange,0,1,49d05e08-6d19-44a6-b534-72774db4eaee
15097,53131,"2026-07-21 19:47:41",NULL,1309,NULL,"2026-07-21 19:56:23",45,AppXchange,0,1,ea639284-51b2-4714-bc08-c8c7a316125a
15107,53132,"2026-07-21 19:47:43",NULL,1308,NULL,"2026-07-21 19:56:25",45,AppXchange,0,1,b99a2dbb-6ffe-478b-96c8-ad1a4a757fb3
15108,53133,"2026-07-21 19:47:42",NULL,1309,NULL,"2026-07-21 19:56:25",45,AppXchange,0,1,4f6d5691-5f50-4fed-9f85-f7856e39664a
15111,53134,"2026-07-21 19:47:43",NULL,1309,NULL,"2026-07-21 19:56:26",45,AppXchange,0,1,6972f3e1-b707-4171-aa91-a7b47b8ca322
15110,53135,"2026-07-21 19:47:43",NULL,1308,NULL,"2026-07-21 19:56:26",45,AppXchange,0,1,306f38d8-304f-4f37-87db-00c74f7157bd
15112,53136,"2026-07-21 19:47:43",NULL,1308,NULL,"2026-07-21 19:56:26",45,AppXchange,0,1,12d43c32-f9b9-42fc-a510-23b1afbfc983
15113,53137,"2026-07-21 19:47:43",NULL,1308,NULL,"2026-07-21 19:56:27",45,AppXchange,0,1,3ee18616-2df6-4eda-bfc3-9638f6011f57
15119,53138,"2026-07-21 19:47:43",NULL,1309,NULL,"2026-07-21 19:56:29",45,AppXchange,0,1,701b8cc3-2a53-4fba-b1f5-8dcce0fe54d5
15115,53139,"2026-07-21 19:47:44",NULL,1309,NULL,"2026-07-21 19:56:27",45,AppXchange,0,1,45963060-b70f-4882-ab4b-9852a3a62a66
15116,53140,"2026-07-21 19:47:44",NULL,1308,NULL,"2026-07-21 19:56:27",45,AppXchange,0,1,d477b33f-5e89-4f2a-9d2e-6784145fb13a
15114,53141,"2026-07-21 19:47:44",NULL,1309,NULL,"2026-07-21 19:56:27",45,AppXchange,0,1,0e028ed8-c8ff-4f3e-8a89-3b3e84f08242
15117,53142,"2026-07-21 19:47:44",NULL,1308,NULL,"2026-07-21 19:56:28",45,AppXchange,0,1,da0a6c75-c190-44b7-a50b-906b6ddf2a98
15131,53143,"2026-07-21 19:47:44",NULL,1308,NULL,"2026-07-21 19:56:43",45,AppXchange,0,1,23c36ca9-b1ec-4ce5-8299-0826aef77f85
15120,53144,"2026-07-21 19:47:44",NULL,1309,NULL,"2026-07-21 19:56:29",45,AppXchange,0,1,9d058552-1ea0-4df3-8e51-27b0c27d0d25
15127,53145,"2026-07-21 19:47:45",NULL,1309,NULL,"2026-07-21 19:56:42",45,AppXchange,0,1,73ca60bc-5c3a-4d62-82ca-02af9c55da0e
15121,53146,"2026-07-21 19:47:44",NULL,1309,NULL,"2026-07-21 19:56:29",45,AppXchange,0,1,8cb04dce-4b7d-42bf-8754-4d2c9dd6447f
15118,53147,"2026-07-21 19:47:44",NULL,1308,NULL,"2026-07-21 19:56:28",45,AppXchange,0,1,2ae0b9c2-7ec0-4457-9f2a-23bca559e720
15124,53148,"2026-07-21 19:47:45",NULL,1309,NULL,"2026-07-21 19:56:31",45,AppXchange,0,1,69863968-ecfb-42e3-b881-61c03ff014e9
15133,53149,"2026-07-21 19:47:45",NULL,1309,NULL,"2026-07-21 19:56:43",45,AppXchange,0,1,fddf314f-195b-4e93-b9b5-1d23e8657e7f
15126,53150,"2026-07-21 19:47:45",NULL,1308,NULL,"2026-07-21 19:56:32",45,AppXchange,0,1,8c57c766-b54b-48e0-80a6-8d58943ab62b
15122,53151,"2026-07-21 19:47:45",NULL,1309,NULL,"2026-07-21 19:56:30",45,AppXchange,0,1,22dd30e7-390a-4881-b8ac-44e48b1bb6b7
15129,53152,"2026-07-21 19:47:46",NULL,1309,NULL,"2026-07-21 19:56:42",45,AppXchange,0,1,6fec4c5d-695d-46f1-957d-4da058aa8143
15135,53153,"2026-07-21 19:47:46",NULL,1308,NULL,"2026-07-21 19:56:43",45,AppXchange,0,1,b9963ff4-dcb7-480b-b688-b824fd1a4c6c
15138,53154,"2026-07-21 19:47:46",NULL,1309,NULL,"2026-07-21 19:56:44",45,AppXchange,0,1,f88a7d42-84e7-4cae-8e21-505aa6f9a3a5
15123,53155,"2026-07-21 19:47:45",NULL,1309,NULL,"2026-07-21 19:56:30",45,AppXchange,0,1,69d846b3-8dcb-4ba1-a7db-97066c3db309
15125,53156,"2026-07-21 19:47:45",NULL,1308,NULL,"2026-07-21 19:56:31",45,AppXchange,0,1,7c6bf2da-48ff-47c8-8b5c-d7df76b0035a
15132,53157,"2026-07-21 19:47:46",NULL,1308,NULL,"2026-07-21 19:56:43",45,AppXchange,0,1,066bb184-0a60-40e8-acba-4e5bb8223147
15130,53158,"2026-07-21 19:47:45",NULL,1309,NULL,"2026-07-21 19:56:43",45,AppXchange,0,1,0a1b33d2-3bc5-4fb5-8f77-1f024766c783
15134,53159,"2026-07-21 19:47:46",NULL,1308,NULL,"2026-07-21 19:56:43",45,AppXchange,0,1,0167e51a-8a48-470f-99b3-21c4f658d61a
15137,53160,"2026-07-21 19:47:47",NULL,1308,NULL,"2026-07-21 19:56:44",45,AppXchange,0,1,4e061444-1a47-41ba-889b-5ff86082c5c6
15128,53161,"2026-07-21 19:47:45",NULL,1308,NULL,"2026-07-21 19:56:42",45,AppXchange,0,1,8242650d-e9a5-45c4-8597-9b8fdf357095
15136,53162,"2026-07-21 19:47:46",NULL,1308,NULL,"2026-07-21 19:56:43",45,AppXchange,0,1,9a5f7f76-2ec5-410a-ac42-b50bf7110d87
15145,53163,"2026-07-21 19:47:48","2026-07-22 07:00:00",1309,1308,"2026-07-21 19:56:45",45,AppXchange,0,0,1c7ea3a5-deea-4b93-9b7d-1e51af0c5b8a
15760,53163,"2026-07-22 07:00:00",NULL,1308,NULL,"2026-07-28 16:55:43",45,AppXchange,0,1,63fe09ae-ae0f-4ecd-995c-cf32f0749667
15141,53164,"2026-07-21 19:47:47","2026-07-22 07:00:00",1309,1308,"2026-07-21 19:56:44",45,AppXchange,0,0,b47145a1-267b-44d0-ad1c-a629961e5a36
15733,53164,"2026-07-22 07:00:00",NULL,1308,NULL,"2026-07-28 16:54:57",45,AppXchange,0,1,7eae2d7c-ddd2-4382-acd8-279d30468dc4
15140,53165,"2026-07-21 19:47:47",NULL,1308,NULL,"2026-07-21 19:56:44",45,AppXchange,0,1,679323c0-f06a-4d3b-80b3-b4a59a69b2e3
15139,53166,"2026-07-21 19:47:47",NULL,1309,NULL,"2026-07-21 19:56:44",45,AppXchange,0,1,407ac2ec-df01-4632-b429-b697e49f7e90
15144,53167,"2026-07-21 19:47:47",NULL,1308,NULL,"2026-07-21 19:56:45",45,AppXchange,0,1,88511dad-e0ed-4d66-b2e4-4d3651e43ecb
15147,53168,"2026-07-21 19:47:48",NULL,1308,NULL,"2026-07-21 19:56:45",45,AppXchange,0,1,16b46d66-0403-40bb-88ba-8dc379018ffe
15143,53169,"2026-07-21 19:47:47",NULL,1310,NULL,"2026-07-21 19:56:45",45,AppXchange,0,1,76d213b7-89f6-4ec6-a580-ec9ce5fa6f20
15142,53170,"2026-07-21 19:47:47",NULL,1312,NULL,"2026-07-21 19:56:44",45,AppXchange,0,1,282fb402-f647-4d41-8f31-28bcee5550ca
15146,53171,"2026-07-21 19:47:47",NULL,1309,NULL,"2026-07-21 19:56:45",45,AppXchange,0,1,f2dc30a5-15b4-49f1-a42c-f1d5ac2b0a29
15149,53172,"2026-07-21 19:47:48",NULL,1308,NULL,"2026-07-21 19:56:45",45,AppXchange,0,1,a000e813-368d-4fd3-83fd-1b3130c74200
15150,53173,"2026-07-21 19:47:48",NULL,1309,NULL,"2026-07-21 19:56:45",45,AppXchange,0,1,90da29cc-d4cd-44ea-9a6a-b4eae5371d47
15151,53174,"2026-07-21 19:47:48",NULL,1308,NULL,"2026-07-21 19:56:46",45,AppXchange,0,1,01060f54-3c64-4fc2-a53b-225b5c043c0d
15148,53175,"2026-07-21 19:47:47",NULL,1308,NULL,"2026-07-21 19:56:45",45,AppXchange,0,1,f057738d-dc53-4dfc-8fba-f5b39370ad97
15163,53176,"2026-07-21 19:47:49",NULL,1309,NULL,"2026-07-21 19:56:48",45,AppXchange,0,1,135a2aa0-4134-436f-813b-3a0612e5c0bd
15159,53177,"2026-07-21 19:47:49",NULL,1309,NULL,"2026-07-21 19:56:47",45,AppXchange,0,1,933696e5-3050-48ff-a8d6-aab090c044c1
15152,53178,"2026-07-21 19:47:48",NULL,1308,NULL,"2026-07-21 19:56:46",45,AppXchange,0,1,548ff9ea-0d3c-4373-9909-c52577d42ff2
15157,53179,"2026-07-21 19:47:49",NULL,1309,NULL,"2026-07-21 19:56:47",45,AppXchange,0,1,4af79ea6-4183-4700-b3c5-98ca63595170
15154,53180,"2026-07-21 19:47:48",NULL,1308,NULL,"2026-07-21 19:56:46",45,AppXchange,0,1,6291ccd5-682e-4c87-8763-f80035ffc4ac
15153,53181,"2026-07-21 19:47:48",NULL,1309,NULL,"2026-07-21 19:56:46",45,AppXchange,0,1,3dcdffac-4b45-4be4-9605-043251b73cf8
15156,53182,"2026-07-21 19:47:49","2026-08-15 07:00:00",1309,1308,"2026-07-21 19:56:47",45,AppXchange,0,0,bbf25db5-dad4-4296-aae0-5058484406ac
16398,53182,"2026-08-15 07:00:00",NULL,1308,NULL,"2026-08-17 17:02:58",45,Vista,0,1,55ae485e-765e-48a5-bf4d-bfbf186abe34
15158,53183,"2026-07-21 19:47:49",NULL,1308,NULL,"2026-07-21 19:56:47",45,AppXchange,0,1,b61280b1-36d0-4b0a-979d-063048c87d5f
15155,53184,"2026-07-21 19:47:48",NULL,1312,NULL,"2026-07-21 19:56:46",45,AppXchange,0,1,e590b257-0c2d-4711-b401-96bcafdb83ec
15162,53185,"2026-07-21 19:47:49",NULL,1309,NULL,"2026-07-21 19:56:48",45,AppXchange,0,1,026dfe92-5566-4291-8acd-87677213a950
15160,53186,"2026-07-21 19:47:49",NULL,1309,NULL,"2026-07-21 19:56:47",45,AppXchange,0,1,788008b4-740e-4d18-bbb6-b6c7a857f31c
15161,53187,"2026-07-21 19:47:49",NULL,1312,NULL,"2026-07-21 19:56:48",45,AppXchange,0,1,0a67c5c4-1f54-4e09-ba58-3bcfd62d50bc
15165,53188,"2026-07-21 19:47:49",NULL,1309,NULL,"2026-07-21 19:56:48",45,AppXchange,0,1,89a3a997-0bb9-4b50-ae50-31151ecfbd79
15169,53189,"2026-07-21 19:47:50","2026-08-10 07:00:00",1309,1308,"2026-07-21 19:56:48",45,AppXchange,0,0,89ade933-e1ac-4e3f-88a8-02ed1f430400
16347,53189,"2026-08-10 07:00:00",NULL,1308,NULL,"2026-08-14 17:03:41",45,Vista,0,1,3318321a-92f1-4ae2-afd1-a3d33a71066e
15168,53190,"2026-07-21 19:47:50",NULL,1308,NULL,"2026-07-21 19:56:48",45,AppXchange,0,1,58654f4c-8391-48f3-835a-2f02ef14a212
15166,53191,"2026-07-21 19:47:50",NULL,1308,NULL,"2026-07-21 19:56:48",45,AppXchange,0,1,08a2e6ab-3d6d-4504-bbc6-fbdf49399747
15164,53192,"2026-07-21 19:47:50",NULL,1309,NULL,"2026-07-21 19:56:48",45,AppXchange,0,1,7b846f35-3110-469e-a3a4-2e6d66395431
15175,53193,"2026-07-21 19:47:51",NULL,1309,NULL,"2026-07-21 19:56:49",45,AppXchange,0,1,5d817466-8485-4717-b816-fcc560acc8ce
15176,53194,"2026-07-21 19:47:51",NULL,1308,NULL,"2026-07-21 19:56:49",45,AppXchange,0,1,c253daac-88fa-4620-a936-eddefb926798
15167,53195,"2026-07-21 19:47:50",NULL,1308,NULL,"2026-07-21 19:56:48",45,AppXchange,0,1,7355a46f-3450-4450-be67-6db1e91d9275
15172,53196,"2026-07-21 19:47:50",NULL,1308,NULL,"2026-07-21 19:56:49",45,AppXchange,0,1,03f2208f-ad3e-4592-bb75-429333f9dd6b
15187,53197,"2026-07-21 19:47:52",NULL,1308,NULL,"2026-07-21 19:56:51",45,AppXchange,0,1,d459127c-b156-4a9c-98ad-ab8a7c99debb
15178,53198,"2026-07-21 19:47:51",NULL,1308,NULL,"2026-07-21 19:56:50",45,AppXchange,0,1,244a0e12-bfd7-4aee-95d1-6614dcf75bb5
15173,53199,"2026-07-21 19:47:50",NULL,1309,NULL,"2026-07-21 19:56:49",45,AppXchange,0,1,112f1640-27da-46f8-93f7-871fc8bdbd62
15179,53200,"2026-07-21 19:47:51",NULL,1309,NULL,"2026-07-21 19:56:50",45,AppXchange,0,1,4879bf8d-0828-42a5-b69c-eb12e9299bd3
15183,53201,"2026-07-21 19:47:51",NULL,1309,NULL,"2026-07-21 19:56:51",45,AppXchange,0,1,7f62ff89-7838-4b54-8dbd-00235491782f
15170,53202,"2026-07-21 19:47:50",NULL,1309,NULL,"2026-07-21 19:56:49",45,AppXchange,0,1,0f3b9027-2c31-47e3-9458-b0d25fa2149f
15171,53203,"2026-07-21 19:47:50",NULL,1308,NULL,"2026-07-21 19:56:49",45,AppXchange,0,1,334330a7-a66d-46e3-9b6a-96964930cd93
15181,53204,"2026-07-21 19:47:51",NULL,1309,NULL,"2026-07-21 19:56:50",45,AppXchange,0,1,ee2e4817-867c-4ffc-a937-7e69a0314522
15184,53205,"2026-07-21 19:47:51",NULL,1309,NULL,"2026-07-21 19:56:51",45,AppXchange,0,1,5c0c1fdd-928c-4152-a205-0a027c994315
15177,53206,"2026-07-21 19:47:51",NULL,1308,NULL,"2026-07-21 19:56:49",45,AppXchange,0,1,2bcc28ef-743c-484b-8b6b-da01e0dfe0d5
15174,53207,"2026-07-21 19:47:51",NULL,1309,NULL,"2026-07-21 19:56:49",45,AppXchange,0,1,76ee3ce6-faf8-42e1-86dc-409bf0244cf6
15185,53208,"2026-07-21 19:47:52",NULL,1309,NULL,"2026-07-21 19:56:51",45,AppXchange,0,1,9e98195f-87c5-4798-88d3-da76c195ee95
15180,53209,"2026-07-21 19:47:51",NULL,1309,NULL,"2026-07-21 19:56:50",45,AppXchange,0,1,dfb59a0a-7a60-4947-b05b-7dc47b8d1c48
15182,53210,"2026-07-21 19:47:51",NULL,1309,NULL,"2026-07-21 19:56:50",45,AppXchange,0,1,cada8044-87a0-47d5-a7c8-448014ec8dd5
15186,53211,"2026-07-21 19:47:52",NULL,1309,NULL,"2026-07-21 19:56:51",45,AppXchange,0,1,8176855a-b853-4294-bfd6-1c94d7ebe41e
15188,53212,"2026-07-21 19:47:52","2026-08-10 07:00:00",1309,1308,"2026-07-21 19:56:51",45,AppXchange,0,0,697127fb-bce2-4452-a7d6-35aa3ea75ac3
16344,53212,"2026-08-10 07:00:00",NULL,1308,NULL,"2026-08-14 17:03:40",45,Vista,0,1,380a3142-82e1-4a81-afdd-57d5ae3d3962
15189,53213,"2026-07-21 19:47:52",NULL,1309,NULL,"2026-07-21 19:56:51",45,AppXchange,0,1,4c2a9eb3-7c22-4c33-bb5c-34973d0949ac
15192,53214,"2026-07-21 19:47:52",NULL,1308,NULL,"2026-07-21 19:56:52",45,AppXchange,0,1,31d4d25e-791d-4cc0-9233-042bf9ad9822
15190,53215,"2026-07-21 19:47:52",NULL,1312,NULL,"2026-07-21 19:56:52",45,AppXchange,0,1,ad91e4a6-1998-40ce-88c7-acaf14ae489b
15193,53216,"2026-07-21 19:47:52",NULL,1309,NULL,"2026-07-21 19:56:52",45,AppXchange,0,1,74661592-1029-4743-ad8a-1b16bbfaf7d3
15195,53217,"2026-07-21 19:47:53",NULL,1308,NULL,"2026-07-21 19:56:52",45,AppXchange,0,1,16689f75-a56a-4dcc-9747-0a71abeda955
15191,53218,"2026-07-21 19:47:52",NULL,1309,NULL,"2026-07-21 19:56:52",45,AppXchange,0,1,dc3e3605-188e-41e5-992b-82b586c49cd9
15198,53219,"2026-07-21 19:47:53",NULL,1308,NULL,"2026-07-21 19:56:53",45,AppXchange,0,1,3f403357-6d4d-489c-a4c3-6cb2f4308c19
15205,53220,"2026-07-21 19:47:53",NULL,1308,NULL,"2026-07-21 19:56:54",45,AppXchange,0,1,d1c0a9f3-2db3-4709-a2d1-fc0a03c6aef4
15203,53221,"2026-07-21 19:47:53",NULL,1309,NULL,"2026-07-21 19:56:54",45,AppXchange,0,1,1db88937-6446-4e7b-a4a9-fba0b94846b0
15194,53222,"2026-07-21 19:47:53",NULL,1309,NULL,"2026-07-21 19:56:52",45,AppXchange,0,1,6da53cb2-4d8f-4ec8-a5c8-80b10c457558
15200,53223,"2026-07-21 19:47:53",NULL,1308,NULL,"2026-07-21 19:56:53",45,AppXchange,0,1,ed7fbc3a-6374-41a6-a968-9ca39ac0abb6
15196,53224,"2026-07-21 19:47:53",NULL,1309,NULL,"2026-07-21 19:56:52",45,AppXchange,0,1,60b9ced2-f03e-4458-bd42-fb1d65a175b2
15197,53225,"2026-07-21 19:47:53","2026-08-03 07:00:00",1309,1308,"2026-07-21 19:56:53",45,AppXchange,0,0,25ecc884-0244-4dbe-a911-a00cf0738eef
16212,53225,"2026-08-03 07:00:00",NULL,1308,NULL,"2026-08-07 16:33:47",45,Vista,0,1,fd86618d-a468-4c86-b440-8042e25b26d5
15199,53226,"2026-07-21 19:47:53",NULL,1309,NULL,"2026-07-21 19:56:53",45,AppXchange,0,1,8e9b5238-5054-47e0-a0ab-9de8413e4f0f
15209,53227,"2026-07-21 19:47:54",NULL,1309,NULL,"2026-07-21 19:56:55",45,AppXchange,0,1,229e1f0a-4ab4-4917-ad1d-ccd0fae9b06c
15207,53228,"2026-07-21 19:47:54",NULL,1309,NULL,"2026-07-21 19:56:54",45,AppXchange,0,1,b7efb499-2c8f-4e30-b3ab-e7b47da3d55f
15201,53229,"2026-07-21 19:47:53",NULL,1309,NULL,"2026-07-21 19:56:53",45,AppXchange,0,1,da36b54a-41c1-4a5f-a287-0dfedf1ef2f1
15202,53230,"2026-07-21 19:47:53",NULL,1308,NULL,"2026-07-21 19:56:54",45,AppXchange,0,1,b1941b95-c438-42fd-84f5-1cb74065d9f5
15208,53231,"2026-07-21 19:47:54",NULL,1308,NULL,"2026-07-21 19:56:55",45,AppXchange,0,1,6716e99d-35b4-4b1b-a316-428d9bd007fe
15212,53232,"2026-07-21 19:47:54","2026-08-15 07:00:00",1309,1308,"2026-07-21 19:56:55",45,AppXchange,0,0,a9e2d708-8c55-4386-bb58-443288e3fb8f
16345,53232,"2026-08-15 07:00:00",NULL,1308,NULL,"2026-08-14 17:03:40",45,Vista,0,1,497370c4-dbb4-41d5-bbd4-29c27729067b
15204,53233,"2026-07-21 19:47:53",NULL,1309,NULL,"2026-07-21 19:56:54",45,AppXchange,0,1,f3dd0d30-8c3e-4c4b-aa7e-dc0b9385a81b
15211,53234,"2026-07-21 19:47:54","2026-08-13 07:00:00",1309,1308,"2026-07-21 19:56:55",45,AppXchange,0,0,b8d05fc8-b924-4c7a-9841-8fd402bf8c1c
16329,53234,"2026-08-13 07:00:00",NULL,1308,NULL,"2026-08-13 21:14:09",45,Vista,0,1,8a34133e-dfdc-469d-8753-f86c9e992862
15210,53235,"2026-07-21 19:47:54",NULL,1308,NULL,"2026-07-21 19:56:55",45,AppXchange,0,1,2ccb5c8b-2f33-46da-957e-a3e489738691
15206,53236,"2026-07-21 19:47:54",NULL,1309,NULL,"2026-07-21 19:56:54",45,AppXchange,0,1,7e7ab2d2-97c7-4a71-8c6f-516533bff9cb
15214,53237,"2026-07-21 19:47:54",NULL,1310,NULL,"2026-07-21 19:56:55",45,AppXchange,0,1,f0d083f7-6394-4ed6-8957-2442cf0f9c61
15213,53238,"2026-07-21 19:47:54",NULL,1309,NULL,"2026-07-21 19:56:55",45,AppXchange,0,1,da1b9878-a1fa-4f6b-a3c8-024fd9f3171c
15215,53239,"2026-07-21 19:47:55",NULL,1308,NULL,"2026-07-21 19:56:56",45,AppXchange,0,1,cee67e80-06c0-481d-9e8b-308533122ff8
15216,53241,"2026-07-21 19:47:54",NULL,1312,NULL,"2026-07-21 19:56:56",45,AppXchange,0,1,bce153b3-434c-4429-86d0-fada396472fe
15217,53242,"2026-07-21 19:47:55",NULL,1312,NULL,"2026-07-21 19:56:56",45,AppXchange,0,1,bf2a7ca8-31db-4b5d-8c3d-c30a50d3dc24
15223,53243,"2026-07-21 19:47:55",NULL,1312,NULL,"2026-07-21 19:56:57",45,AppXchange,0,1,77b67132-25be-4b3a-9bff-1be32280b00c
15228,53244,"2026-07-21 19:47:56",NULL,1312,NULL,"2026-07-21 19:56:58",45,AppXchange,0,1,240289e5-6b9c-443d-9baa-bed643ec97a4
15218,53245,"2026-07-21 19:47:55",NULL,1312,NULL,"2026-07-21 19:56:56",45,AppXchange,0,1,54f63594-8f51-4069-90cb-52e09e0a42df
15221,53246,"2026-07-21 19:47:55",NULL,1312,NULL,"2026-07-21 19:56:57",45,AppXchange,0,1,b7e18979-e620-410c-b544-19b19c691d38
15219,53247,"2026-07-21 19:47:55",NULL,1312,NULL,"2026-07-21 19:56:56",45,AppXchange,0,1,1213b342-15ca-44ea-ba36-22eb5d762cfe
15224,53248,"2026-07-21 19:47:55",NULL,1312,NULL,"2026-07-21 19:56:57",45,AppXchange,0,1,c7f32ebc-3a82-40cf-9223-672d8e30fa66
15220,53249,"2026-07-21 19:47:55",NULL,1312,NULL,"2026-07-21 19:56:56",45,AppXchange,0,1,ca9a7d06-2c83-4be4-8687-da2693c560f6
15233,53250,"2026-07-21 19:47:56",NULL,1312,NULL,"2026-07-21 19:56:58",45,AppXchange,0,1,61b7ca04-712e-49ed-ac93-275a14555abd
15236,53251,"2026-07-21 19:47:56",NULL,1312,NULL,"2026-07-21 19:56:59",45,AppXchange,0,1,089df460-8f59-4846-80ca-de514d405cfc
15230,53252,"2026-07-21 19:47:56",NULL,1312,NULL,"2026-07-21 19:56:58",45,AppXchange,0,1,dd583dc1-df7d-44e7-8502-23f9ab4aafe8
15222,53253,"2026-07-21 19:47:55",NULL,1312,NULL,"2026-07-21 19:56:57",45,AppXchange,0,1,17c370ab-ba2f-4e7d-8b1e-32f09ca38fb8
15227,53254,"2026-07-21 19:47:55",NULL,1312,NULL,"2026-07-21 19:56:57",45,AppXchange,0,1,dac7e44f-4dbb-4c4b-80b1-b3512d259208
15232,53255,"2026-07-21 19:47:56",NULL,1312,NULL,"2026-07-21 19:56:58",45,AppXchange,0,1,d513abe2-c9b9-49bb-a13b-d435bcb1a801
15234,53256,"2026-07-21 19:47:56",NULL,1312,NULL,"2026-07-21 19:56:59",45,AppXchange,0,1,a11b2906-910d-4637-837a-e066222b47d2
15231,53257,"2026-07-21 19:47:56",NULL,1312,NULL,"2026-07-21 19:56:58",45,AppXchange,0,1,ed4f7515-3ed7-4d30-85ca-22ed6bbdcd5c
15237,53258,"2026-07-21 19:47:56",NULL,1312,NULL,"2026-07-21 19:56:59",45,AppXchange,0,1,b0fe6300-ddce-416a-b3e3-c5478c70d6c7
15235,53259,"2026-07-21 19:47:56",NULL,1308,NULL,"2026-07-21 19:56:59",45,AppXchange,0,1,ed6c7d2f-9553-471c-9bbb-9afd99163ca2
15225,53260,"2026-07-21 19:47:55",NULL,1312,NULL,"2026-07-21 19:56:57",45,AppXchange,0,1,a62f7676-c44a-4ce8-b67c-905841570b2a
15229,53261,"2026-07-21 19:47:56",NULL,1308,NULL,"2026-07-21 19:56:58",45,AppXchange,0,1,acad6368-2bdc-4317-82d8-b7e229e42472
15226,53262,"2026-07-21 19:47:55",NULL,1312,NULL,"2026-07-21 19:56:57",45,AppXchange,0,1,2888dbd6-b947-41b7-bfd1-976fbef00d66
15239,53263,"2026-07-21 19:47:56",NULL,1312,NULL,"2026-07-21 19:56:59",45,AppXchange,0,1,514c17ad-c14f-47a3-b079-be39c8c543fd
15238,53264,"2026-07-21 19:47:56",NULL,1308,NULL,"2026-07-21 19:56:59",45,AppXchange,0,1,853fd94f-a119-4eaa-bb34-2379651a5161
15241,53265,"2026-07-21 19:47:56",NULL,1312,NULL,"2026-07-21 19:57:00",45,AppXchange,0,1,42f6a758-2076-48d6-831f-2444b85cfeb5
15246,53266,"2026-07-21 19:47:57",NULL,1309,NULL,"2026-07-21 19:57:00",45,AppXchange,0,1,0cb734fd-004b-4627-ab25-75a650ac9dd9
15242,53267,"2026-07-21 19:47:57",NULL,1312,NULL,"2026-07-21 19:57:00",45,AppXchange,0,1,8be6635e-f155-485c-b9a2-293390b7f9a4
15240,53268,"2026-07-21 19:47:56",NULL,1309,NULL,"2026-07-21 19:56:59",45,AppXchange,0,1,e8881339-ecee-44b5-b987-0e04cc7395a0
15247,53269,"2026-07-21 19:47:57",NULL,1309,NULL,"2026-07-21 19:57:00",45,AppXchange,0,1,c30c14bd-38d3-40ee-ab12-b79ddf6b0c77
15244,53270,"2026-07-21 19:47:57",NULL,1309,NULL,"2026-07-21 19:57:00",45,AppXchange,0,1,972a303a-ce0b-4f9b-89dc-119cd0d381e8
15245,53271,"2026-07-21 19:47:57",NULL,1309,NULL,"2026-07-21 19:57:00",45,AppXchange,0,1,d17c5563-460a-4a7b-99b6-75cb743d2612
15257,53272,"2026-07-21 19:47:57",NULL,1309,NULL,"2026-07-21 19:57:02",45,AppXchange,0,1,49e3b4f7-61e7-4901-bf13-ec35efb41a9e
15248,53273,"2026-07-21 19:47:57",NULL,1309,NULL,"2026-07-21 19:57:01",45,AppXchange,0,1,5bfcff70-bdee-4995-8ff2-15670cc19a90
15258,53274,"2026-07-21 19:47:58",NULL,1309,NULL,"2026-07-21 19:57:02",45,AppXchange,0,1,c2b37a8f-858f-4927-be3b-d8ddb23aec21
15243,53275,"2026-07-21 19:47:57",NULL,1308,NULL,"2026-07-21 19:57:00",45,AppXchange,0,1,6c665f34-4c9b-4661-aa0e-1a1ed57e42d6
15252,53276,"2026-07-21 19:47:57",NULL,1309,NULL,"2026-07-21 19:57:01",45,AppXchange,0,1,b9bd2587-d338-4fbf-a9b7-d771c68a6417
15249,53277,"2026-07-21 19:47:57",NULL,1309,NULL,"2026-07-21 19:57:01",45,AppXchange,0,1,ee0debfe-fbd8-4560-9c88-9b46e8aadbf1
15260,53278,"2026-07-21 19:47:58",NULL,1309,NULL,"2026-07-21 19:57:03",45,AppXchange,0,1,d51a0663-6a0e-4efb-8c3d-76db442a06ce
15264,53279,"2026-07-21 19:47:59",NULL,1312,NULL,"2026-07-21 19:57:04",45,AppXchange,0,1,9e35ff7e-632a-4fee-9a15-6a33f6537808
15251,53280,"2026-07-21 19:47:57",NULL,1308,NULL,"2026-07-21 19:57:01",45,AppXchange,0,1,6b832ca3-0dab-4c43-bada-b9e246ff43e1
15254,53281,"2026-07-21 19:47:57",NULL,1309,NULL,"2026-07-21 19:57:01",45,AppXchange,0,1,1037d172-98d9-4df8-8d15-1963bc7790d2
15250,53282,"2026-07-21 19:47:57",NULL,1312,NULL,"2026-07-21 19:57:01",45,AppXchange,0,1,960256da-50c6-46c6-b2de-3076c4954de5
15262,53283,"2026-07-21 19:47:58",NULL,1308,NULL,"2026-07-21 19:57:03",45,AppXchange,0,1,8d485b1f-2873-4ca5-9155-740d1195dbcf
15256,53284,"2026-07-21 19:47:58",NULL,1308,NULL,"2026-07-21 19:57:02",45,AppXchange,0,1,d64684c4-fb85-4745-baaf-baa3499786fc
15255,53285,"2026-07-21 19:47:58","2026-08-07 07:00:00",1308,1308,"2026-07-21 19:57:02",45,AppXchange,0,0,200d0cce-9839-41c3-a4bc-200b3217ea83
16108,53285,"2026-08-03 07:00:00",NULL,1309,NULL,"2026-07-31 13:32:51",45,AppXchange,0,1,91c45e9c-8867-404e-98d2-8205ac14188b
16211,53285,"2026-08-07 07:00:00",NULL,1308,NULL,"2026-08-07 15:32:38",45,Vista,0,1,00887920-fe43-41b1-8ff5-0ae4149e41a1
15263,53286,"2026-07-21 19:47:58",NULL,1309,NULL,"2026-07-21 19:57:03",45,AppXchange,0,1,10325eaf-7cea-426b-9378-c58b45d9e41b
15261,53287,"2026-07-21 19:47:58",NULL,1308,NULL,"2026-07-21 19:57:03",45,AppXchange,0,1,b82c9eeb-cb3b-4b0c-ac84-45d45f0f4f3c
15259,53288,"2026-07-21 19:47:58",NULL,1309,NULL,"2026-07-21 19:57:02",45,AppXchange,0,1,443ed1ec-0c2a-4730-a191-b66a2055f2d1
15253,53289,"2026-07-21 19:47:58","2026-08-13 07:00:00",1308,1309,"2026-07-21 19:57:01",45,AppXchange,0,0,97251044-6bec-45d1-a3cb-b9b5f78fad74
16327,53289,"2026-08-13 07:00:00",NULL,1309,NULL,"2026-08-13 19:06:47",45,Vista,0,1,0e16231d-e8a8-4bfd-9531-933626aca746
15273,53290,"2026-07-21 19:47:59",NULL,1308,NULL,"2026-07-21 19:57:09",45,AppXchange,0,1,1b081152-06e0-4d9c-a85f-38ba62e2e062
15265,53291,"2026-07-21 19:47:59",NULL,1308,NULL,"2026-07-21 19:57:05",45,AppXchange,0,1,454bcec4-d29d-4087-9088-64cce89286e0
15268,53292,"2026-07-21 19:47:59",NULL,1308,NULL,"2026-07-21 19:57:07",45,AppXchange,0,1,ec71a4fd-7ca6-43ef-a524-b3e9cca4b51e
15267,53293,"2026-07-21 19:47:59",NULL,1308,NULL,"2026-07-21 19:57:07",45,AppXchange,0,1,7847ccd4-895d-410e-a9d6-801d6a31aa24
15269,53294,"2026-07-21 19:47:59",NULL,1308,NULL,"2026-07-21 19:57:08",45,AppXchange,0,1,3df87db6-6163-4db7-bd52-c5800cf2e151
15276,53295,"2026-07-21 19:48:00","2026-08-14 07:00:00",1309,1308,"2026-07-21 19:57:11",45,AppXchange,0,0,94629fa9-da3e-43e3-adca-ad14f6fbb441
16381,53295,"2026-08-14 07:00:00",NULL,1308,NULL,"2026-08-14 20:03:22",45,Vista,0,1,dee6c342-a507-4da5-8bb2-93db6117031e
15286,53296,"2026-07-21 19:48:01",NULL,1308,NULL,"2026-07-21 19:57:13",45,AppXchange,0,1,d3a9441c-96e2-45e6-9156-d684c1d8b582
15275,53297,"2026-07-21 19:48:00",NULL,1308,NULL,"2026-07-21 19:57:11",45,AppXchange,0,1,0e50bd36-f8e0-4f66-802d-9d12fb1c30f8
15285,53298,"2026-07-21 19:48:01",NULL,1308,NULL,"2026-07-21 19:57:13",45,AppXchange,0,1,5eb749d2-8c27-4963-8364-9b02dfe0f1f5
15266,53299,"2026-07-21 19:47:59",NULL,1308,NULL,"2026-07-21 19:57:05",45,AppXchange,0,1,3b0e37b7-c812-4766-945d-a9e0352385f4
15281,53300,"2026-07-21 19:48:00",NULL,1308,NULL,"2026-07-21 19:57:12",45,AppXchange,0,1,ac6db3b3-89cc-43df-bc3b-a6f97248c4a6
15272,53301,"2026-07-21 19:47:59",NULL,1308,NULL,"2026-07-21 19:57:09",45,AppXchange,0,1,bfb3b73b-5c0e-4f00-878c-2acab3911437
15270,53302,"2026-07-21 19:47:59",NULL,1309,NULL,"2026-07-21 19:57:08",45,AppXchange,0,1,2bb8ad99-649b-4681-b30f-46ae51bb1e86
15279,53303,"2026-07-21 19:48:00",NULL,1309,NULL,"2026-07-21 19:57:12",45,AppXchange,0,1,e945b4a6-e4de-48e6-b0d3-182588bac8fd
15284,53304,"2026-07-21 19:48:01",NULL,1309,NULL,"2026-07-21 19:57:13",45,AppXchange,0,1,3257fc3e-9cb7-4ff4-bd40-8d586cbb6322
15271,53305,"2026-07-21 19:47:59",NULL,1308,NULL,"2026-07-21 19:57:09",45,AppXchange,0,1,ff7d4128-db33-4547-b139-7da44a2d25ed
15278,53306,"2026-07-21 19:48:00",NULL,1308,NULL,"2026-07-21 19:57:12",45,AppXchange,0,1,8e6b109d-3398-4469-a753-9409dafcf160
15274,53307,"2026-07-21 19:48:00",NULL,1308,NULL,"2026-07-21 19:57:10",45,AppXchange,0,1,5454e3cd-2b2e-4293-b9c5-8d6c9e07a35c
15277,53308,"2026-07-21 19:48:00",NULL,1308,NULL,"2026-07-21 19:57:11",45,AppXchange,0,1,726e3a07-d277-4323-98ba-4ef59a6dac50
15280,53309,"2026-07-21 19:48:00",NULL,1309,NULL,"2026-07-21 19:57:12",45,AppXchange,0,1,1b731de8-9330-49e3-83fd-6dd5732aeb7f
15287,53310,"2026-07-21 19:48:08",NULL,1312,NULL,"2026-07-21 19:57:13",45,AppXchange,0,1,530e37f2-742f-4841-b3fb-5efa4b2bb4d7
15288,53311,"2026-07-21 19:48:08",NULL,1309,NULL,"2026-07-21 19:57:13",45,AppXchange,0,1,86c2cae5-c0ba-481f-bad7-d6bf2969b107
15283,53312,"2026-07-21 19:48:00",NULL,1309,NULL,"2026-07-21 19:57:12",45,AppXchange,0,1,92b98362-b5e1-426b-8880-ae4f17a0fa6a
15290,53313,"2026-07-21 19:48:08",NULL,1309,NULL,"2026-07-21 19:57:14",45,AppXchange,0,1,31995cfc-21b2-4231-962b-fc0ff6297cdd
15282,53314,"2026-07-21 19:48:01",NULL,1309,NULL,"2026-07-21 19:57:12",45,AppXchange,0,1,ff0ad3e8-01ea-442e-bf9c-ce0ce2f7cd3e
15291,53315,"2026-07-21 19:48:08",NULL,1309,NULL,"2026-07-21 19:57:14",45,AppXchange,0,1,0ccc5351-90d1-4f11-9986-dab7ddc32e8e
15298,53316,"2026-07-21 19:48:09",NULL,1309,NULL,"2026-07-21 19:57:15",45,AppXchange,0,1,fbd50e99-603a-4794-a080-dcc594155f6a
15292,53317,"2026-07-21 19:48:08",NULL,1309,NULL,"2026-07-21 19:57:14",45,AppXchange,0,1,e19b2d3d-c3ae-41df-a568-f15132b503c8
15295,53318,"2026-07-21 19:48:09",NULL,1309,NULL,"2026-07-21 19:57:14",45,AppXchange,0,1,6057e3d3-1ac0-4bb1-9855-9b0c727f4ca1
15293,53319,"2026-07-21 19:48:08",NULL,1308,NULL,"2026-07-21 19:57:14",45,AppXchange,0,1,aa9429d8-c432-4118-bce7-3ec524e53a86
15289,53320,"2026-07-21 19:48:08",NULL,1308,NULL,"2026-07-21 19:57:14",45,AppXchange,0,1,744b648c-157c-4b0f-9117-6f42c6811806
15294,53321,"2026-07-21 19:48:08",NULL,1309,NULL,"2026-07-21 19:57:14",45,AppXchange,0,1,f4a9558d-e556-4a6a-a3b8-0e5d65a0d5e3
15310,53322,"2026-07-21 19:48:20",NULL,1309,NULL,"2026-07-21 19:57:17",45,AppXchange,0,1,a081a48f-ba10-4717-87ed-ddbe434dc675
15303,53323,"2026-07-21 19:48:10",NULL,1309,NULL,"2026-07-21 19:57:16",45,AppXchange,0,1,ad8bd81a-8726-4768-b071-cf5f7c886199
15311,53324,"2026-07-21 19:48:20","2026-08-07 07:00:00",1308,1309,"2026-07-21 19:57:17",45,AppXchange,0,0,6368328e-ac0e-4b04-8da6-ddc328ebdcbb
16206,53324,"2026-08-07 07:00:00",NULL,1309,NULL,"2026-08-07 13:32:55",45,Vista,0,1,6ff5fbb5-d4cb-48e6-be8b-2d999e5c4bd0
15306,53325,"2026-07-21 19:48:10",NULL,1309,NULL,"2026-07-21 19:57:16",45,AppXchange,0,1,0a1e1506-1456-4de7-a102-be2a7b1e4297
15302,53326,"2026-07-21 19:48:10",NULL,1312,NULL,"2026-07-21 19:57:15",45,AppXchange,0,1,1798c026-ab2c-4f74-a7df-634f7d9414a1
15296,53327,"2026-07-21 19:48:09",NULL,1308,NULL,"2026-07-21 19:57:15",45,AppXchange,0,1,4f59e2a7-0bea-4899-bbac-d3523956889c
15297,53328,"2026-07-21 19:48:09",NULL,1308,NULL,"2026-07-21 19:57:15",45,AppXchange,0,1,7c82c3d0-9a00-40fc-b3b3-e310b23d8da9
15308,53329,"2026-07-21 19:48:20",NULL,1308,NULL,"2026-07-21 19:57:16",45,AppXchange,0,1,65a5c598-76ac-4724-b3cd-12ea97ce180e
15300,53330,"2026-07-21 19:48:09",NULL,1308,NULL,"2026-07-21 19:57:15",45,AppXchange,0,1,901de696-addf-47d8-bc7b-37f077b32656
15301,53331,"2026-07-21 19:48:09",NULL,1308,NULL,"2026-07-21 19:57:15",45,AppXchange,0,1,b54080e9-d774-4891-a59e-3362a69bc1f4
15305,53332,"2026-07-21 19:48:10",NULL,1309,NULL,"2026-07-21 19:57:16",45,AppXchange,0,1,59ce4598-dd6d-490e-8ecb-5d89a79106ed
15314,53333,"2026-07-21 19:48:20",NULL,1308,NULL,"2026-07-21 19:57:18",45,AppXchange,0,1,ab427bd4-0de8-4217-a770-b36d4210be7f
15313,53334,"2026-07-21 19:48:20",NULL,1308,NULL,"2026-07-21 19:57:17",45,AppXchange,0,1,d1110033-92ec-4701-a079-f6e953ef24fe
15309,53335,"2026-07-21 19:48:20","2026-08-03 07:00:00",1309,1308,"2026-07-21 19:57:16",45,AppXchange,0,0,a7c317e8-366b-48b9-91f5-650e8833f8f3
16143,53335,"2026-08-03 07:00:00",NULL,1308,NULL,"2026-08-03 19:33:54",45,AppXchange,0,1,da25b4f9-61b8-4dd9-888c-c7153ea26d4c
15312,53336,"2026-07-21 19:48:20",NULL,1308,NULL,"2026-07-21 19:57:17",45,AppXchange,0,1,5b61c15b-73a0-4e20-a7ba-af723aeb2018
15299,53337,"2026-07-21 19:48:09",NULL,1308,NULL,"2026-07-21 19:57:15",45,AppXchange,0,1,bfedf174-5a4b-4d99-a5a5-3b0dda546e22
15307,53338,"2026-07-21 19:48:10",NULL,1309,NULL,"2026-07-21 19:57:16",45,AppXchange,0,1,dee8d43a-1b50-40d1-b377-1a6b634bafef
15304,53339,"2026-07-21 19:48:10","2026-08-05 07:00:00",1309,1308,"2026-07-21 19:57:16",45,AppXchange,0,0,7d5c8664-61dc-4e4f-9487-f14c213bcb75
16255,53339,"2026-08-05 07:00:00",NULL,1308,NULL,"2026-08-11 17:04:04",45,Vista,0,1,39f7ffa8-580d-4379-8845-d52c18060ab3
15317,53340,"2026-07-21 19:48:21",NULL,1310,NULL,"2026-07-21 19:57:18",45,AppXchange,0,1,40a7e92b-7093-43dc-bbcc-413d3bbc28ae
15316,53341,"2026-07-21 19:48:21",NULL,1308,NULL,"2026-07-21 19:57:18",45,AppXchange,0,1,d8deca1b-dea7-4ce6-ae7f-6e7317c4e748
15318,53342,"2026-07-21 19:48:21",NULL,1309,NULL,"2026-07-21 19:57:52",45,AppXchange,0,1,0b18248e-4c93-4f91-94e8-7498b9aca48f
15315,53343,"2026-07-21 19:48:21",NULL,1308,NULL,"2026-07-21 19:57:18",45,AppXchange,0,1,861221e0-5715-410c-80f6-2e523c152963
15323,53344,"2026-07-21 19:48:21",NULL,1308,NULL,"2026-07-21 19:57:54",45,AppXchange,0,1,752ea86d-8fe2-4105-8a9a-878ee3b455b3
15337,53345,"2026-07-21 19:48:23",NULL,1309,NULL,"2026-07-21 19:58:04",45,AppXchange,0,1,ba1a6cc3-3ff0-4a41-938a-e0a2cd696537
15335,53346,"2026-07-21 19:48:23",NULL,1309,NULL,"2026-07-21 19:58:03",45,AppXchange,0,1,51a821ef-9192-44e0-8595-a73e520921f2
15322,53347,"2026-07-21 19:48:21",NULL,1308,NULL,"2026-07-21 19:57:53",45,AppXchange,0,1,f27529c6-3ad9-4214-9b13-7ec0a4218e1b
15327,53348,"2026-07-21 19:48:22",NULL,1308,NULL,"2026-07-21 19:57:57",45,AppXchange,0,1,22235cd5-35e0-40e5-94d7-25ef94766527
15336,53349,"2026-07-21 19:48:23",NULL,1308,NULL,"2026-07-21 19:58:04",45,AppXchange,0,1,c3252ef0-a761-4506-ad7a-8f88c8c8f9e0
15324,53350,"2026-07-21 19:48:21",NULL,1308,NULL,"2026-07-21 19:57:54",45,AppXchange,0,1,c7be5105-7514-434c-a5af-2f05d67c64ea
15329,53351,"2026-07-21 19:48:22",NULL,1308,NULL,"2026-07-21 19:57:57",45,AppXchange,0,1,2f55147a-0cb8-4c85-98ad-6e8b1ba001e1
15326,53352,"2026-07-21 19:48:22",NULL,1308,NULL,"2026-07-21 19:57:55",45,AppXchange,0,1,a1ee5033-6038-43ee-87fd-db3723269d42
15330,53353,"2026-07-21 19:48:22",NULL,1308,NULL,"2026-07-21 19:57:58",45,AppXchange,0,1,25de9ea2-22ae-4e22-8ea2-b1448a6b4a3e
15338,53354,"2026-07-21 19:48:23",NULL,1308,NULL,"2026-07-21 19:58:05",45,AppXchange,0,1,57bea423-d361-469c-b221-0a8374f802cc
15319,53355,"2026-07-21 19:48:21",NULL,1312,NULL,"2026-07-21 19:57:52",45,AppXchange,0,1,0b4570b0-255b-4ba1-8323-5b35a996c1e1
15334,53356,"2026-07-21 19:48:22",NULL,1312,NULL,"2026-07-21 19:58:02",45,AppXchange,0,1,c5b56a5e-a493-4b39-9011-bfe960995a84
15320,53357,"2026-07-21 19:48:21","2026-08-15 07:00:00",1309,1308,"2026-07-21 19:57:52",45,AppXchange,0,0,f8e6d4cf-9013-44f0-b92c-cabe0f99dc37
16393,53357,"2026-08-15 07:00:00",NULL,1308,NULL,"2026-08-17 15:04:28",45,Vista,0,1,6b513e76-e3ca-4431-8313-b70bd8d397f9
15339,53358,"2026-07-21 19:48:23",NULL,1308,NULL,"2026-07-21 19:58:05",45,AppXchange,0,1,4d40325e-37b6-4d33-8230-2287d488bda4
15325,53359,"2026-07-21 19:48:21","2026-08-03 07:00:00",1308,1310,"2026-07-21 19:57:55",45,AppXchange,0,0,ab729a48-0128-40a7-bbab-c033d15a6d48
16160,53359,"2026-08-03 07:00:00",NULL,1310,NULL,"2026-08-05 14:34:34",45,AppXchange,0,1,98381830-b295-4ffd-84c4-3502b8d5c6d0
15331,53360,"2026-07-21 19:48:22",NULL,1308,NULL,"2026-07-21 19:57:59",45,AppXchange,0,1,f14b7322-2b33-4e78-b0b5-d491cd19ea3f
15333,53361,"2026-07-21 19:48:23",NULL,1308,NULL,"2026-07-21 19:58:01",45,AppXchange,0,1,b6ef7438-ffb5-4445-b796-7cd12150fc8b
15328,53362,"2026-07-21 19:48:22",NULL,1312,NULL,"2026-07-21 19:57:57",45,AppXchange,0,1,d02a84d6-b837-478f-a8ca-745afc024b7e
15321,53363,"2026-07-21 19:48:21",NULL,1308,NULL,"2026-07-21 19:57:53",45,AppXchange,0,1,1a4210d5-aafc-4729-9175-bb4e22ab89b3
15332,53364,"2026-07-21 19:48:22",NULL,1312,NULL,"2026-07-21 19:58:00",45,AppXchange,0,1,6c952897-e8b1-4083-8f73-8b2ed3b83f5a
15340,53365,"2026-07-21 19:48:24",NULL,1312,NULL,"2026-07-21 19:58:06",45,AppXchange,0,1,b3ab57d3-3878-4b53-ae98-d6cc236cfbf8
15346,53366,"2026-07-21 19:48:24",NULL,1309,NULL,"2026-07-21 19:58:09",45,AppXchange,0,1,e6614e5a-cf7b-4c07-8c25-2cf7d9a1c351
15341,53367,"2026-07-21 19:48:24",NULL,1312,NULL,"2026-07-21 19:58:07",45,AppXchange,0,1,9194ef30-28c0-4866-90f7-e2869ec21fda
15345,53368,"2026-07-21 19:48:24",NULL,1308,NULL,"2026-07-21 19:58:08",45,AppXchange,0,1,b8f4ba90-5c6c-46b1-9c78-3ba1c9203834
15347,53369,"2026-07-21 19:48:24",NULL,1309,NULL,"2026-07-21 19:58:09",45,AppXchange,0,1,3b7d20ba-fd00-451d-a01a-6936554e48a9
15353,53370,"2026-07-21 19:48:25",NULL,1312,NULL,"2026-07-21 19:58:12",45,AppXchange,0,1,2eb8e758-501f-4192-a3dd-9bfb5d93d760
15343,53371,"2026-07-21 19:48:24",NULL,1312,NULL,"2026-07-21 19:58:08",45,AppXchange,0,1,b342f056-2dc3-4cd4-9666-6cb9cd80b819
15344,53372,"2026-07-21 19:48:24",NULL,1309,NULL,"2026-07-21 19:58:08",45,AppXchange,0,1,2d5eb714-5d28-4c7f-8b60-f0e05d846574
15356,53373,"2026-07-21 19:48:25",NULL,1312,NULL,"2026-07-21 19:58:14",45,AppXchange,0,1,ba712df8-2a94-4a0e-9ad2-ba0fdf8f1099
15342,53374,"2026-07-21 19:48:24",NULL,1308,NULL,"2026-07-21 19:58:07",45,AppXchange,0,1,b7d7e966-32db-4e39-b725-2685dbe4cd13
15349,53375,"2026-07-21 19:48:24",NULL,1309,NULL,"2026-07-21 19:58:10",45,AppXchange,0,1,55f3df76-98fc-4019-9b1d-f178df5059e2
15355,53376,"2026-07-21 19:48:25",NULL,1309,NULL,"2026-07-21 19:58:13",45,AppXchange,0,1,28d97a3c-038e-4cf8-b1b1-fe55237041ff
15354,53377,"2026-07-21 19:48:25",NULL,1309,NULL,"2026-07-21 19:58:13",45,AppXchange,0,1,3062a8a8-188f-4893-873c-4f5af7182aa8
15348,53378,"2026-07-21 19:48:24",NULL,1308,NULL,"2026-07-21 19:58:10",45,AppXchange,0,1,7bd7232c-0a5e-48b4-9196-c708f5aab458
15370,53379,"2026-07-21 19:48:25",NULL,1309,NULL,"2026-07-21 19:58:18",45,AppXchange,0,1,7137c86d-4bdf-4e22-9aa8-3ff2cd9f4dfd
15372,53380,"2026-07-21 19:48:26",NULL,1309,NULL,"2026-07-21 19:58:18",45,AppXchange,0,1,e5cf9dd7-16cc-4570-8ac1-65999acf4398
15350,53381,"2026-07-21 19:48:24",NULL,1308,NULL,"2026-07-21 19:58:11",45,AppXchange,0,1,bc300ac1-5203-435b-a507-392f5d2229d5
15366,53382,"2026-07-21 19:48:25",NULL,1310,NULL,"2026-07-21 19:58:17",45,AppXchange,0,1,780fb76f-2f92-4e4a-9182-77491e56763f
15358,53383,"2026-07-21 19:48:26",NULL,1309,NULL,"2026-07-21 19:58:15",45,AppXchange,0,1,6c122f99-1e23-4adf-a595-bead4b9bccfc
15352,53384,"2026-07-21 19:48:25",NULL,1309,NULL,"2026-07-21 19:58:12",45,AppXchange,0,1,7fd4413f-ea79-45b4-8871-49422d96f117
15359,53385,"2026-07-21 19:48:26","2026-07-20 07:00:00",1312,1309,"2026-07-21 19:58:16",45,AppXchange,0,0,e089dd85-99c9-48d8-97da-24225f14069b
15720,53385,"2026-07-20 07:00:00",NULL,1309,NULL,"2026-07-28 16:54:27",45,AppXchange,0,1,732e099e-2c35-42d6-9bdf-c9c13fde9d82
15360,53386,"2026-07-21 19:48:26","2026-07-26 07:00:00",1308,1310,"2026-07-21 19:58:16",45,AppXchange,0,0,ea8a85dd-c900-4e3b-afc8-7bae2446fec6
15769,53386,"2026-07-26 07:00:00",NULL,1310,NULL,"2026-07-29 14:32:43",45,AppXchange,0,1,c1611cca-4b46-41fe-ad97-c373de66a1a3
15368,53387,"2026-07-21 19:48:25",NULL,1308,NULL,"2026-07-21 19:58:18",45,AppXchange,0,1,9cf31fb3-f781-408b-bd63-d3570cd602ec
15357,53388,"2026-07-21 19:48:25",NULL,1309,NULL,"2026-07-21 19:58:14",45,AppXchange,0,1,63c3dfcd-a522-4dc4-920c-970d0cdc2b00
15351,53389,"2026-07-21 19:48:25",NULL,1308,NULL,"2026-07-21 19:58:12",45,AppXchange,0,1,82bde95f-808e-4e68-a668-f71a5e2758bd
15361,53390,"2026-07-21 19:48:26","2026-07-22 07:00:00",1309,1310,"2026-07-21 19:58:17",45,AppXchange,0,0,3843e710-7839-4dd4-9789-3fadfee34e37
15739,53390,"2026-07-22 07:00:00",NULL,1310,NULL,"2026-07-28 16:54:59",45,AppXchange,0,1,7197824a-13a3-496e-9852-55b170a49a7f
15364,53391,"2026-07-21 19:48:26",NULL,1312,NULL,"2026-07-21 19:58:17",45,AppXchange,0,1,408c7f5c-4d44-4f7b-a535-f5f108275fb3
15380,53392,"2026-07-21 19:48:27",NULL,1308,NULL,"2026-07-21 19:58:19",45,AppXchange,0,1,08a34494-a653-4a12-868d-ff751a99dc45
15363,53393,"2026-07-21 19:48:26",NULL,1309,NULL,"2026-07-21 19:58:17",45,AppXchange,0,1,c20c8655-8404-4a00-9503-5f919fa2c2dc
15365,53394,"2026-07-21 19:48:26",NULL,1308,NULL,"2026-07-21 19:58:17",45,AppXchange,0,1,a7cbd47b-a102-4bc0-a2e2-4ae5708f0fed
15369,53395,"2026-07-21 19:48:27",NULL,1308,NULL,"2026-07-21 19:58:18",45,AppXchange,0,1,669a466d-9a9f-4dbb-b889-3c37ef3fb9b5
15362,53396,"2026-07-21 19:48:26",NULL,1310,NULL,"2026-07-21 19:58:17",45,AppXchange,0,1,a272735c-2a09-4cd2-be30-8c1b6ebe1c13
15367,53397,"2026-07-21 19:48:26",NULL,1309,NULL,"2026-07-21 19:58:17",45,AppXchange,0,1,097c1356-f4ab-441e-a543-98d50fad9d07
15373,53398,"2026-07-21 19:48:27",NULL,1309,NULL,"2026-07-21 19:58:18",45,AppXchange,0,1,eef51281-797b-42e2-bcab-d6427b80a54c
15371,53399,"2026-07-21 19:48:26","2026-08-03 07:00:00",1308,1309,"2026-07-21 19:58:18",45,AppXchange,0,0,bd9f11da-2d4c-403a-b4e1-c4a20ff5ff44
16144,53399,"2026-08-03 07:00:00",NULL,1309,NULL,"2026-08-03 19:33:54",45,AppXchange,0,1,9b502afc-2bb6-4b48-aa74-b7319d201a2c
15375,53400,"2026-07-21 19:48:27","2026-08-03 07:00:00",1308,1309,"2026-07-21 19:58:19",45,AppXchange,0,1,4f8bacf3-80cd-4000-b50f-ebb930f6ae77
16142,53400,"2026-08-03 07:00:00",NULL,1309,NULL,"2026-08-03 19:33:53",45,AppXchange,0,1,bf21e292-8bba-44ea-902e-72d288b44baf
15378,53401,"2026-07-21 19:48:27","2026-08-05 07:00:00",1308,1309,"2026-07-21 19:58:19",45,AppXchange,0,0,a5502b0e-d6ea-4d9f-a2fa-61a43a53b49c
16198,53401,"2026-08-05 07:00:00",NULL,1309,NULL,"2026-08-06 19:33:04",45,AppXchange,0,1,66f5e0ff-5695-4deb-bbcc-713aa92a4d4e
15376,53402,"2026-07-21 19:48:27",NULL,1309,NULL,"2026-07-21 19:58:19",45,AppXchange,0,1,545082a1-ae5c-4927-8158-646c148266f8
15377,53403,"2026-07-21 19:48:27",NULL,1309,NULL,"2026-07-21 19:58:19",45,AppXchange,0,1,c46189f0-0b23-44ec-abb9-c45ada55a271
15379,53404,"2026-07-21 19:48:28",NULL,1309,NULL,"2026-07-21 19:58:19",45,AppXchange,0,1,dd01b2a0-09b0-4f0b-b865-6eb3b7a096bb
15374,53405,"2026-07-21 19:48:27",NULL,1309,NULL,"2026-07-21 19:58:18",45,AppXchange,0,1,57f3c1cd-40fc-45a5-9675-9b2534427017
15382,53406,"2026-07-21 19:48:36",NULL,1309,NULL,"2026-07-21 19:58:20",45,AppXchange,0,1,efc31320-7670-4193-9579-249862055a68
15381,53407,"2026-07-21 19:48:27",NULL,1309,NULL,"2026-07-21 19:58:20",45,AppXchange,0,1,10a98b98-ca4d-402a-a7b0-7847575e6e49
15537,53408,"2026-07-22 13:38:05",NULL,1312,NULL,"2026-07-22 13:38:05",45,AppXchange,0,1,f77967a9-7ea1-43c7-9558-7ee2e926edf3
15476,53409,"2026-07-22 13:38:05",NULL,1308,NULL,"2026-07-22 13:38:05",45,AppXchange,0,1,626aa49a-3847-4bea-9936-a3021478e8c6
15566,53410,"2026-07-22 13:38:05",NULL,1309,NULL,"2026-07-22 13:38:05",45,AppXchange,0,1,34bf8a30-0d00-4231-a649-caa43ff1ef0f
15503,53411,"2026-07-22 13:38:05",NULL,1308,NULL,"2026-07-22 13:38:05",45,AppXchange,0,1,c68beff6-b60d-42c8-b9b2-e0f7ce7d2ab7
15590,53412,"2026-07-22 13:38:05",NULL,1312,NULL,"2026-07-22 13:38:05",45,AppXchange,0,1,06fbeccb-e57e-47f3-87d4-64376fb4b2e4
15561,53413,"2026-07-22 13:38:05",NULL,1309,NULL,"2026-07-22 13:38:05",45,AppXchange,0,1,397dd5b8-1abc-460f-be0f-16fa42d29e44
15490,53414,"2026-07-22 13:38:05",NULL,1309,NULL,"2026-07-22 13:38:05",45,AppXchange,0,1,cb81c26c-a528-414e-8204-efd033ff4019
15584,53415,"2026-07-22 13:38:05",NULL,1309,NULL,"2026-07-22 13:38:05",45,AppXchange,0,1,01d787b3-96f6-4bcc-b659-280ccefd22a9
15600,53416,"2026-07-22 13:38:05",NULL,1309,NULL,"2026-07-22 13:38:05",45,AppXchange,0,1,3c9a3aa4-6626-4c5c-b526-8c5788fd1479
15478,53417,"2026-07-22 13:38:05",NULL,1308,NULL,"2026-07-22 13:38:05",45,AppXchange,0,1,6492cb4b-b98f-41f6-a08a-71bb2a4278e6
15557,53418,"2026-07-22 13:38:05",NULL,1308,NULL,"2026-07-22 13:38:05",45,AppXchange,0,1,fda801f8-b918-427e-8567-1cc1e60107d7
15660,53419,"2026-07-22 13:38:05",NULL,1312,NULL,"2026-07-22 13:38:05",45,AppXchange,0,1,744511ed-3f7c-497b-896f-b770d67583f2
15501,53420,"2026-07-22 13:38:05",NULL,1309,NULL,"2026-07-22 13:38:05",45,AppXchange,0,1,e5319534-79fa-44c6-9b9f-8b41d23c5b47
15546,53421,"2026-07-22 13:38:05",NULL,1308,NULL,"2026-07-22 13:38:05",45,AppXchange,0,1,5f0603a8-5648-428c-9c20-657c3641b303
15661,53422,"2026-07-22 13:38:05",NULL,1312,NULL,"2026-07-22 13:38:05",45,AppXchange,0,1,2c4c8df9-3c52-4dcd-81c4-995ffd8f00e0
15581,53423,"2026-07-22 13:38:05",NULL,1309,NULL,"2026-07-22 13:38:05",45,AppXchange,0,1,2c92e2b9-c76f-4d51-b478-38fd20860982
15597,53424,"2026-07-22 13:38:05",NULL,1312,NULL,"2026-07-22 13:38:05",45,AppXchange,0,1,94425879-eafa-4acb-8512-706d22bf2efa
15450,53425,"2026-07-22 13:38:05",NULL,1312,NULL,"2026-07-22 13:38:05",45,AppXchange,0,1,0365fb23-ad6d-45ef-a545-db75103adc71
15606,53426,"2026-07-22 13:38:05",NULL,1308,NULL,"2026-07-22 13:38:05",45,AppXchange,0,1,cb391068-4123-4a32-af97-9e356445ad52
15659,53427,"2026-07-22 13:38:05",NULL,1312,NULL,"2026-07-22 13:38:05",45,AppXchange,0,1,5821db4a-7558-4331-8a10-d8d9524ed112
15528,53428,"2026-07-22 13:38:05",NULL,1308,NULL,"2026-07-22 13:38:05",45,AppXchange,0,1,a86e3cb1-5653-4d89-9e95-20863911c092
15620,53429,"2026-07-22 13:38:05",NULL,1308,NULL,"2026-07-22 13:38:05",45,AppXchange,0,1,9df3e478-31b7-48dd-a8a8-b1b32ad19924
15541,53430,"2026-07-22 13:38:05",NULL,1308,NULL,"2026-07-22 13:38:05",45,AppXchange,0,1,ae92daf7-f057-4d54-84f6-404f639840b8
15480,53431,"2026-07-22 13:38:05",NULL,1309,NULL,"2026-07-22 13:38:05",45,AppXchange,0,1,d0cbf250-47dd-445f-b314-7440f6e45e30
15580,53432,"2026-07-22 13:38:05","2026-08-03 07:00:00",1309,1308,"2026-07-22 13:38:05",45,AppXchange,0,0,3661bad6-80ba-42ca-adc1-8e342ea42d00
16213,53432,"2026-08-03 07:00:00",NULL,1308,NULL,"2026-08-07 16:33:48",45,Vista,0,1,a0dd4fd8-832f-48fa-aa64-58ad22ede0ba
15555,53433,"2026-07-22 13:38:05","2026-07-27 07:00:00",1309,1308,"2026-07-22 13:38:05",45,AppXchange,0,0,79defc9e-0ee2-40b8-a26d-d3a03b775054
15757,53433,"2026-07-27 07:00:00",NULL,1308,NULL,"2026-07-28 16:55:41",45,AppXchange,0,1,ee790153-f575-411a-a682-fee5d24f20aa
15425,53434,"2026-07-22 13:38:05",NULL,1309,NULL,"2026-07-22 13:38:05",45,AppXchange,0,1,cdfffbab-0bb5-48a9-849e-3d57dee5cc03
15434,53435,"2026-07-22 13:38:05",NULL,1309,NULL,"2026-07-22 13:38:05",45,AppXchange,0,1,fae9a590-d725-466f-8ae7-27e01f692fff
15474,53436,"2026-07-22 13:38:05",NULL,1312,NULL,"2026-07-22 13:38:05",45,AppXchange,0,1,d625fc30-fe48-49da-8069-8d9c5399836b
15583,53437,"2026-07-22 13:38:05",NULL,1309,NULL,"2026-07-22 13:38:05",45,AppXchange,0,1,4e021a3a-9064-44f4-a102-1ed08f76bbd5
15428,53438,"2026-07-22 13:38:05","2026-08-08 07:00:00",1309,1308,"2026-07-22 13:38:05",45,AppXchange,0,0,b59354f2-c4a4-450c-8a53-31b7707efb06
16225,53438,"2026-08-08 07:00:00",NULL,1308,NULL,"2026-08-10 13:33:57",45,Vista,0,1,60a8710e-ede8-43bc-9d5f-8d79ba1c5978
15405,53439,"2026-07-22 13:38:05","2026-08-07 07:00:00",1308,1309,"2026-07-22 13:38:05",45,AppXchange,0,0,965b694f-fdd0-4b0f-8c57-26be933c1fe9
16208,53439,"2026-08-07 07:00:00",NULL,1309,NULL,"2026-08-07 13:32:56",45,Vista,0,1,d3e608f5-8c53-4784-99ad-cd176f5d938e
15416,53440,"2026-07-22 13:38:05",NULL,1308,NULL,"2026-07-22 13:38:05",45,AppXchange,0,1,cc6cc716-6607-4e69-a8c0-223a272cd6fe
15588,53441,"2026-07-22 13:38:05",NULL,1309,NULL,"2026-07-22 13:38:05",45,AppXchange,0,1,2cb2e2d5-21a5-4678-b0d4-212d9b4bc183
15475,53443,"2026-07-22 13:38:05",NULL,1308,NULL,"2026-07-22 13:38:05",45,AppXchange,0,1,81c2e6e1-7e66-4a99-b1a5-3977f22f4e50
15496,53444,"2026-07-22 13:38:05",NULL,1312,NULL,"2026-07-22 13:38:05",45,AppXchange,0,1,4163b669-7e4b-43c7-ace3-58783298571e
15605,53445,"2026-07-22 13:38:05",NULL,1308,NULL,"2026-07-22 13:38:05",45,AppXchange,0,1,634e8a49-32e3-4ad3-b2e3-9dbbb1775583
15559,53446,"2026-07-22 13:38:05",NULL,1308,NULL,"2026-07-22 13:38:05",45,AppXchange,0,1,bcfd440d-f554-496d-94d7-45220e514972
15578,53447,"2026-07-22 13:38:05",NULL,1309,NULL,"2026-07-22 13:38:05",45,AppXchange,0,1,8af68bbb-3dcc-4e83-b3c9-8226cf393d21
15451,53448,"2026-07-22 13:38:05",NULL,1312,NULL,"2026-07-22 13:38:05",45,AppXchange,0,1,dfae9feb-1ae0-418e-8f0c-42694258905e
15657,53449,"2026-07-22 13:38:05",NULL,1308,NULL,"2026-07-22 13:38:05",45,AppXchange,0,1,002a867c-0ddd-489f-9e14-b86c42630faa
15572,53450,"2026-07-22 13:38:05",NULL,1309,NULL,"2026-07-22 13:38:05",45,AppXchange,0,1,30da13fd-0d08-4eed-9a9c-58cd615c2904
15548,53451,"2026-07-22 13:38:05",NULL,1308,NULL,"2026-07-22 13:38:05",45,AppXchange,0,1,6c115834-92c6-4c3d-8ea7-f78e2e354f54
15562,53452,"2026-07-22 13:38:05",NULL,1309,NULL,"2026-07-22 13:38:05",45,AppXchange,0,1,34e6cba3-a63d-44e3-adfd-61ea5074a7eb
15611,53453,"2026-07-22 13:38:05",NULL,1308,NULL,"2026-07-22 13:38:05",45,AppXchange,0,1,df5a165f-6472-4843-a65a-ecfdc15f6f1b
15626,53454,"2026-07-22 13:38:05",NULL,1309,NULL,"2026-07-22 13:38:05",45,AppXchange,0,1,5173747f-cb81-4753-b57b-8478b46c4ec5
15482,53455,"2026-07-22 13:38:05",NULL,1309,NULL,"2026-07-22 13:38:05",45,AppXchange,0,1,cc2bf6ec-ddb0-4645-86d9-9fcb1737ae6e
15547,53456,"2026-07-22 13:38:05",NULL,1312,NULL,"2026-07-22 13:38:05",45,AppXchange,0,1,d5e641ec-526d-4f3c-ad0f-12bd50331b8f
15624,53457,"2026-07-22 13:38:05",NULL,1308,NULL,"2026-07-22 13:38:05",45,AppXchange,0,1,8db827a0-dfa6-478c-be73-c8ea5d1a82f8
15423,53458,"2026-07-22 13:38:05",NULL,1309,NULL,"2026-07-22 13:38:05",45,AppXchange,0,1,f461ac57-6ef0-4d1d-a49a-6e511cd26d54
15539,53459,"2026-07-22 13:38:05",NULL,1308,NULL,"2026-07-22 13:38:05",45,AppXchange,0,1,309ac7b5-ebd1-41bb-91aa-fc8ce24eef1b
15495,53460,"2026-07-22 13:38:05","2026-07-27 07:00:00",1308,1309,"2026-07-22 13:38:05",45,AppXchange,0,0,aefc37ca-bff6-40a5-a0b3-a77702f7f2ed
16136,53460,"2026-07-27 07:00:00",NULL,1309,NULL,"2026-08-03 17:33:47",45,AppXchange,0,1,45daf77d-860c-41f2-aee6-2d50d0daccb9
15544,53461,"2026-07-22 13:38:05",NULL,1308,NULL,"2026-07-22 13:38:05",45,AppXchange,0,1,4e062e35-871c-4295-9be9-07ea59f911bf
15400,53462,"2026-07-22 13:38:05",NULL,1309,NULL,"2026-07-22 13:38:05",45,AppXchange,0,1,d085b734-aaf8-49b1-bcf9-b983e1f4797b
15538,53463,"2026-07-22 13:38:05",NULL,1308,NULL,"2026-07-22 13:38:05",45,AppXchange,0,1,ea7fdc3d-9e8a-4a5e-b5d7-5af451caff32
15484,53464,"2026-07-22 13:38:05",NULL,1309,NULL,"2026-07-22 13:38:05",45,AppXchange,0,1,7bdebfc6-b917-4433-9520-19b40b132be4
15502,53465,"2026-07-22 13:38:05",NULL,1308,NULL,"2026-07-22 13:38:05",45,AppXchange,0,1,357113cb-69dd-45f6-91a4-6921fab4c298
15516,53466,"2026-07-22 13:38:05",NULL,1312,NULL,"2026-07-22 13:38:05",45,AppXchange,0,1,95cb5dae-0e5f-4201-b344-9b045082ca26
15483,53467,"2026-07-22 13:38:05",NULL,1308,NULL,"2026-07-22 13:38:05",45,AppXchange,0,1,82da929c-cac9-4e3d-af86-b1d85a981d78
15521,53468,"2026-07-22 13:38:05",NULL,1308,NULL,"2026-07-22 13:38:05",45,AppXchange,0,1,74ef4e70-539a-4ad5-a540-a3af83f9e3d0
15536,53469,"2026-07-22 13:38:05",NULL,1308,NULL,"2026-07-22 13:38:05",45,AppXchange,0,1,95d54c0b-2dcc-4fe0-9258-3e934cd5a65d
15513,53470,"2026-07-22 13:38:05",NULL,1312,NULL,"2026-07-22 13:38:05",45,AppXchange,0,1,6a0aae6f-a396-4115-9ba7-311e671a148b
15631,53471,"2026-07-22 13:38:05",NULL,1308,NULL,"2026-07-22 13:38:05",45,AppXchange,0,1,6c5342dc-7518-442d-93ff-4734b419b547
15540,53472,"2026-07-22 13:38:05",NULL,1309,NULL,"2026-07-22 13:38:05",45,AppXchange,0,1,ebba5658-d609-4ac6-ba3c-82377ef7c233
15652,53473,"2026-07-22 13:38:05",NULL,1309,NULL,"2026-07-22 13:38:05",45,AppXchange,0,1,0bf39f52-137a-4689-9a47-2bc8b43cb8ee
15510,53474,"2026-07-22 13:38:05",NULL,1312,NULL,"2026-07-22 13:38:05",45,AppXchange,0,1,81e3f017-11be-4b3c-806b-72421e972c4c
15488,53475,"2026-07-22 13:38:05",NULL,1309,NULL,"2026-07-22 13:38:05",45,AppXchange,0,1,96ef3201-0d7f-4953-8d83-89096135b773
15644,53477,"2026-07-22 13:38:05",NULL,1308,NULL,"2026-07-22 13:38:05",45,AppXchange,0,1,a3f56d8b-ad87-4be8-b5df-8403e3c39562
15571,53478,"2026-07-22 13:38:05",NULL,1308,NULL,"2026-07-22 13:38:05",45,AppXchange,0,1,cadffb63-1a54-4747-a209-dc92531e9582
15529,53479,"2026-07-22 13:38:05",NULL,1308,NULL,"2026-07-22 13:38:05",45,AppXchange,0,1,47989d45-1973-4d50-a6b3-610ea6a0ce76
15603,53480,"2026-07-22 13:38:05",NULL,1308,NULL,"2026-07-22 13:38:05",45,AppXchange,0,1,eb6aef13-dd9c-4159-b150-6416a3b73a4a
15526,53481,"2026-07-22 13:38:05",NULL,1312,NULL,"2026-07-22 13:38:05",45,AppXchange,0,1,1102d7a6-b0a8-4631-bdf5-c041f6d25a38
15470,53482,"2026-07-22 13:38:05",NULL,1309,NULL,"2026-07-22 13:38:05",45,AppXchange,0,1,cea59d8c-42fb-445d-ba63-5c26940b4421
15499,53483,"2026-07-22 13:38:05",NULL,1308,NULL,"2026-07-22 13:38:05",45,AppXchange,0,1,fc525e17-5868-4169-925f-54cd6731bb4a
15636,53484,"2026-07-22 13:38:05",NULL,1309,NULL,"2026-07-22 13:38:05",45,AppXchange,0,1,5cc58f5f-9c38-409d-b6aa-0716cef2f431
15396,53485,"2026-07-22 13:38:05",NULL,1308,NULL,"2026-07-22 13:38:05",45,AppXchange,0,1,7cf24596-5864-4311-9549-d9d226673fe3
15551,53486,"2026-07-22 13:38:05",NULL,1309,NULL,"2026-07-22 13:38:05",45,AppXchange,0,1,f9e1d80a-c0b3-41a9-a10e-27d9545102b0
15552,53487,"2026-07-22 13:38:05",NULL,1309,NULL,"2026-07-22 13:38:05",45,AppXchange,0,1,c1853dd2-655b-4925-b599-8c0566b715a2
15649,53488,"2026-07-22 13:38:05",NULL,1308,NULL,"2026-07-22 13:38:05",45,AppXchange,0,1,df03c2d2-adeb-4ace-aa84-9e57a578575e
15411,53489,"2026-07-22 13:38:05",NULL,1309,NULL,"2026-07-22 13:38:05",45,AppXchange,0,1,2ad1bf94-4d6d-4011-9a3e-f20dd7ce58cd
15641,53490,"2026-07-22 13:38:05",NULL,1308,NULL,"2026-07-22 13:38:05",45,AppXchange,0,1,a3ea10b4-dbae-436b-a5fc-39a7cf3eee8b
15640,53491,"2026-07-22 13:38:05",NULL,1312,NULL,"2026-07-22 13:38:05",45,AppXchange,0,1,d44a5fbb-06dd-440c-80a5-11379fd479a5
15444,53492,"2026-07-22 13:38:05",NULL,1312,NULL,"2026-07-22 13:38:05",45,AppXchange,0,1,20a223e5-07b8-4a03-ab08-26367c581eda
15519,53493,"2026-07-22 13:38:05",NULL,1312,NULL,"2026-07-22 13:38:05",45,AppXchange,0,1,e6c902d4-d05c-430f-b9e6-3185df3bf5be
15430,53494,"2026-07-22 13:38:05",NULL,1309,NULL,"2026-07-22 13:38:05",45,AppXchange,0,1,9e764e49-fd86-4f65-bce2-bbb8f527164f
15394,53495,"2026-07-22 13:38:05",NULL,1312,NULL,"2026-07-22 13:38:05",45,AppXchange,0,1,207d7862-5fb6-4341-878c-1a9666964c5d
15439,53496,"2026-07-22 13:38:05",NULL,1308,NULL,"2026-07-22 13:38:05",45,AppXchange,0,1,95495632-a307-49b8-9560-5848f0a93ea0
15556,53497,"2026-07-22 13:38:05",NULL,1308,NULL,"2026-07-22 13:38:05",45,AppXchange,0,1,93dbd2a9-2d63-4c9b-9331-17e3bf501622
15446,53498,"2026-07-22 13:38:05",NULL,1308,NULL,"2026-07-22 13:38:05",45,AppXchange,0,1,ce3b034f-b1f9-46e7-8e77-0bc7432c7629
15457,53499,"2026-07-22 13:38:05",NULL,1312,NULL,"2026-07-22 13:38:05",45,AppXchange,0,1,89367120-8fe3-4123-885a-55b86e097645
15589,53500,"2026-07-22 13:38:05",NULL,1312,NULL,"2026-07-22 13:38:05",45,AppXchange,0,1,7c08502e-52ff-4021-a508-60c48095d86f
15533,53501,"2026-07-22 13:38:05",NULL,1309,NULL,"2026-07-22 13:38:05",45,AppXchange,0,1,85dcb760-5393-42a3-b60e-b80a049f0734
15413,53502,"2026-07-22 13:38:05",NULL,1309,NULL,"2026-07-22 13:38:05",45,AppXchange,0,1,a65dfcda-110f-438e-a271-ae24e2aa078e
15656,53503,"2026-07-22 13:38:05",NULL,1309,NULL,"2026-07-22 13:38:05",45,AppXchange,0,1,99ff1a38-e1ed-4f8c-9b38-5f849470f772
15433,53504,"2026-07-22 13:38:05",NULL,1309,NULL,"2026-07-22 13:38:05",45,AppXchange,0,1,40a420d9-eee6-4763-80da-e0acfb080a87
15417,53505,"2026-07-22 13:38:05",NULL,1309,NULL,"2026-07-22 13:38:05",45,AppXchange,0,1,596bb07e-eb4c-4e06-a0ba-010311003bee
15493,53506,"2026-07-22 13:38:05",NULL,1309,NULL,"2026-07-22 13:38:05",45,AppXchange,0,1,38ac02f3-a4c0-465a-85e1-69e82baaccc1
15412,53507,"2026-07-22 13:38:05",NULL,1309,NULL,"2026-07-22 13:38:05",45,AppXchange,0,1,2237e9ae-9ed3-4297-bd13-ebb5400c0184
15517,53508,"2026-07-22 13:38:05",NULL,1312,NULL,"2026-07-22 13:38:05",45,AppXchange,0,1,4aeac15e-f255-4d6d-a5f1-3a85069924cc
15531,53509,"2026-07-22 13:38:05",NULL,1312,NULL,"2026-07-22 13:38:05",45,AppXchange,0,1,1609130d-1d8f-4426-b989-1cf05b5bc9ad
15409,53510,"2026-07-22 13:38:05",NULL,1308,NULL,"2026-07-22 13:38:05",45,AppXchange,0,1,d6293cad-a65a-4c63-bad6-9fd1c9bb1e9c
15564,53511,"2026-07-22 13:38:05",NULL,1308,NULL,"2026-07-22 13:38:05",45,AppXchange,0,1,ba167177-b738-4da5-b0de-c98fce771d87
15491,53512,"2026-07-22 13:38:05",NULL,1309,NULL,"2026-07-22 13:38:05",45,AppXchange,0,1,a35e65b9-897a-4b8b-bd39-a3484fbf220b
15648,53513,"2026-07-22 13:38:05",NULL,1308,NULL,"2026-07-22 13:38:05",45,AppXchange,0,1,2155ad57-f28c-4b97-b479-eb579451657c
15460,53514,"2026-07-22 13:38:05",NULL,1312,NULL,"2026-07-22 13:38:05",45,AppXchange,0,1,b89502df-d053-422d-93fd-c62d782cce2d
15442,53515,"2026-07-22 13:38:05",NULL,1312,NULL,"2026-07-22 13:38:05",45,AppXchange,0,1,7842096e-b1b5-4619-b17b-c48ce06aa756
15424,53516,"2026-07-22 13:38:05",NULL,1308,NULL,"2026-07-22 13:38:05",45,AppXchange,0,1,0439768e-4d4d-40f8-8af0-97c3493e5f31
15438,53517,"2026-07-22 13:38:05",NULL,1309,NULL,"2026-07-22 13:38:05",45,AppXchange,0,1,c5aebc23-73a0-4144-82ab-9073a459b990
15585,53518,"2026-07-22 13:38:05","2026-07-27 07:00:00",1309,1310,"2026-07-22 13:38:05",45,AppXchange,0,0,c3a41c40-4433-413b-b4ae-4bfb1480886c
16137,53518,"2026-07-27 07:00:00",NULL,1310,NULL,"2026-08-03 17:33:47",45,AppXchange,0,1,26180752-df7f-4745-a786-3b07d467b582
15612,53519,"2026-07-22 13:38:05",NULL,1308,NULL,"2026-07-22 13:38:05",45,AppXchange,0,1,89462a49-c33e-462f-8165-0628e5b55df0
15435,53520,"2026-07-22 13:38:05",NULL,1312,NULL,"2026-07-22 13:38:05",45,AppXchange,0,1,e4cedeb8-d3a4-4d3c-93ce-ffc84b1b1710
15508,53521,"2026-07-22 13:38:05",NULL,1308,NULL,"2026-07-22 13:38:05",45,AppXchange,0,1,f07153e2-b125-472f-a797-4d3e6c7bf434
15632,53522,"2026-07-22 13:38:05",NULL,1308,NULL,"2026-07-22 13:38:05",45,AppXchange,0,1,b4bfc28a-eec3-4306-9ce1-e5152b35e5b9
15607,53523,"2026-07-22 13:38:05",NULL,1308,NULL,"2026-07-22 13:38:05",45,AppXchange,0,1,9be7a1da-d4b4-4f09-9162-d6fb1eaa94c2
15655,53524,"2026-07-22 13:38:05",NULL,1309,NULL,"2026-07-22 13:38:05",45,AppXchange,0,1,991603e8-e168-4ab9-ad88-b16e53981255
15485,53525,"2026-07-22 13:38:05",NULL,1309,NULL,"2026-07-22 13:38:05",45,AppXchange,0,1,53532991-9c30-48ef-a31a-f43664a70322
15629,53526,"2026-07-22 13:38:05",NULL,1309,NULL,"2026-07-22 13:38:05",45,AppXchange,0,1,17efd394-d576-4a5b-aaae-a2a1bdf6b4d4
15498,53527,"2026-07-22 13:38:05",NULL,1309,NULL,"2026-07-22 13:38:05",45,AppXchange,0,1,19856c56-ef2a-4a2a-990c-b1cc3020dc8c
15432,53528,"2026-07-22 13:38:05",NULL,1309,NULL,"2026-07-22 13:38:05",45,AppXchange,0,1,351a8c69-9aa8-449a-a141-7582bb93177d
15575,53529,"2026-07-22 13:38:05",NULL,1309,NULL,"2026-07-22 13:38:05",45,AppXchange,0,1,50de0ea0-1e9e-43ae-a251-764fe9c4e836
15610,53530,"2026-07-22 13:38:05","2026-08-08 07:00:00",1309,1308,"2026-07-22 13:38:05",45,AppXchange,0,0,dab7aed3-4ed5-4f4a-ba8a-ac731c84c74b
16227,53530,"2026-08-08 07:00:00",NULL,1308,NULL,"2026-08-10 13:33:58",45,Vista,0,1,6cb56271-5949-44af-b127-b340fb9357c5
15613,53531,"2026-07-22 13:38:05",NULL,1309,NULL,"2026-07-22 13:38:05",45,AppXchange,0,1,72437193-d49a-47df-8643-9f2603177398
15453,53532,"2026-07-22 13:38:05",NULL,1308,NULL,"2026-07-22 13:38:05",45,AppXchange,0,1,ca04c53a-b48b-4c7f-ba8e-88836f869856
15616,53533,"2026-07-22 13:38:05",NULL,1310,NULL,"2026-07-22 13:38:05",45,AppXchange,0,1,ee9138e0-6de9-4405-a1f5-491f21ef9092
15399,53534,"2026-07-22 13:38:05",NULL,1309,NULL,"2026-07-22 13:38:05",45,AppXchange,0,1,2f56e699-eb81-4d5a-bd20-f1eb05f3b2f6
15545,53535,"2026-07-22 13:38:05",NULL,1312,NULL,"2026-07-22 13:38:05",45,AppXchange,0,1,dec5a9cc-2378-452c-996f-cbb52d390d52
15463,53536,"2026-07-22 13:38:05",NULL,1309,NULL,"2026-07-22 13:38:05",45,AppXchange,0,1,508b5b0c-b51b-4b2b-a6eb-916a13beceb0
15604,53537,"2026-07-22 13:38:05",NULL,1308,NULL,"2026-07-22 13:38:05",45,AppXchange,0,1,8499c662-e757-4947-be53-68b78b187c94
15653,53539,"2026-07-22 13:38:05",NULL,1308,NULL,"2026-07-22 13:38:05",45,AppXchange,0,1,0ce18456-a6e5-4aac-b08d-7559f718951f
15623,53540,"2026-07-22 13:38:05","2026-08-14 07:00:00",1309,1308,"2026-07-22 13:38:05",45,AppXchange,0,0,bcbb756c-9e2e-4ede-8c15-b6597af0f2ad
16416,53540,"2026-08-14 07:00:00",NULL,1308,NULL,"2026-08-18 17:03:28",45,Vista,0,1,8321a773-eac0-476f-9788-6aafaa4580a6
15487,53541,"2026-07-22 13:38:05",NULL,1309,NULL,"2026-07-22 13:38:05",45,AppXchange,0,1,b73d2167-428b-46e8-a0c4-ad9bded1a02d
15461,53542,"2026-07-22 13:38:05",NULL,1312,NULL,"2026-07-22 13:38:05",45,AppXchange,0,1,a1e427d9-958f-4852-814d-755ffb5acd97
15662,53543,"2026-07-22 13:38:05",NULL,1312,NULL,"2026-07-22 13:38:05",45,AppXchange,0,1,b79f685d-7bd0-4c69-9847-f0cc26c33277
15512,53544,"2026-07-22 13:38:05",NULL,1312,NULL,"2026-07-22 13:38:05",45,AppXchange,0,1,e5a10f34-2b05-4877-9ef3-923716229ac9
15543,53545,"2026-07-22 13:38:05",NULL,1308,NULL,"2026-07-22 13:38:05",45,AppXchange,0,1,4d732525-06c5-45a9-a0e5-0319a1453b41
15646,53546,"2026-07-22 13:38:05",NULL,1308,NULL,"2026-07-22 13:38:05",45,AppXchange,0,1,291e8fcd-f648-441c-bb61-568be26266de
15569,53547,"2026-07-22 13:38:05","2026-07-30 07:00:00",1310,1312,"2026-07-22 13:38:05",45,AppXchange,0,0,d62653c2-9910-48aa-b25b-e4ca6b4e96e3
15835,53547,"2026-07-30 07:00:00",NULL,1312,NULL,"2026-07-30 14:36:35",45,AppXchange,0,1,49864421-9c5c-4ba2-80e6-d61c5d7fd323
15402,53548,"2026-07-22 13:38:05",NULL,1308,NULL,"2026-07-22 13:38:05",45,AppXchange,0,1,69f75966-c066-4fdc-b796-6ff5af243fab
15524,53549,"2026-07-22 13:38:05",NULL,1308,NULL,"2026-07-22 13:38:05",45,AppXchange,0,1,a15d91e2-bbbf-458e-afca-ce81c18da930
15591,53550,"2026-07-22 13:38:05",NULL,1308,NULL,"2026-07-22 13:38:05",45,AppXchange,0,1,54135585-6aa7-450a-90b3-7a76ee7893d6
15469,53551,"2026-07-22 13:38:05",NULL,1308,NULL,"2026-07-22 13:38:05",45,AppXchange,0,1,12b8d5df-6855-43a2-8d32-bed52e24bc8b
15415,53552,"2026-07-22 13:38:05",NULL,1308,NULL,"2026-07-22 13:38:05",45,AppXchange,0,1,9283f2c0-e9e4-48d9-b8d1-078c3ce179e5
15532,53553,"2026-07-22 13:38:05",NULL,1312,NULL,"2026-07-22 13:38:05",45,AppXchange,0,1,9d96c87a-929f-4c24-9612-ff572474a127
15454,53554,"2026-07-22 13:38:05",NULL,1309,NULL,"2026-07-22 13:38:05",45,AppXchange,0,1,befc0006-f876-4a1d-899a-1c111755069a
15535,53555,"2026-07-22 13:38:05",NULL,1308,NULL,"2026-07-22 13:38:05",45,AppXchange,0,1,6659e775-26d4-4a77-afac-6964d46bde55
15448,53556,"2026-07-22 13:38:05",NULL,1312,NULL,"2026-07-22 13:38:05",45,AppXchange,0,1,efaab748-c7dc-4e9e-94ad-46f854f75ad8
15511,53557,"2026-07-22 13:38:05",NULL,1308,NULL,"2026-07-22 13:38:05",45,AppXchange,0,1,0d6d3545-bb4f-4fad-982f-33ea7d3bf3e0
15527,53558,"2026-07-22 13:38:05",NULL,1309,NULL,"2026-07-22 13:38:05",45,AppXchange,0,1,0aea0489-7015-4929-a15e-cd0cf90560e8
15452,53559,"2026-07-22 13:38:05",NULL,1312,NULL,"2026-07-22 13:38:05",45,AppXchange,0,1,62d54064-038d-4739-9a54-3f59d59533f0
15449,53560,"2026-07-22 13:38:05",NULL,1308,NULL,"2026-07-22 13:38:05",45,AppXchange,0,1,5641a86b-ce9e-46ed-b7d4-37112a318a95
15431,53561,"2026-07-22 13:38:05",NULL,1308,NULL,"2026-07-22 13:38:05",45,AppXchange,0,1,74996fcd-84f8-4918-828b-ecf189a85ff8
15477,53562,"2026-07-22 13:38:05",NULL,1308,NULL,"2026-07-22 13:38:05",45,AppXchange,0,1,6b2ad1ce-1072-4a6f-b315-a2fc2c784227
15500,53563,"2026-07-22 13:38:05",NULL,1308,NULL,"2026-07-22 13:38:05",45,AppXchange,0,1,66f62a74-ea48-4088-8658-e6fc5c895d0f
15650,53564,"2026-07-22 13:38:05",NULL,1308,NULL,"2026-07-22 13:38:05",45,AppXchange,0,1,7d87d180-69f5-4ffc-8c97-50c1808afee3
15602,53565,"2026-07-22 13:38:05",NULL,1308,NULL,"2026-07-22 13:38:05",45,AppXchange,0,1,7f019185-e405-4fa4-9393-7259b83d11ee
15459,53566,"2026-07-22 13:38:05",NULL,1312,NULL,"2026-07-22 13:38:05",45,AppXchange,0,1,36d159ce-d18c-4b5b-a148-bc2d44c2581a
15579,53567,"2026-07-22 13:38:05",NULL,1309,NULL,"2026-07-22 13:38:05",45,AppXchange,0,1,e029e6ab-0060-4f26-b873-d5c8d8c97401
15595,53568,"2026-07-22 13:38:05",NULL,1308,NULL,"2026-07-22 13:38:05",45,AppXchange,0,1,86f7cb85-18e1-48c1-baa6-5f027b8d0114
15549,53569,"2026-07-22 13:38:05",NULL,1312,NULL,"2026-07-22 13:38:05",45,AppXchange,0,1,0a8e7657-662f-4651-a5cb-88923966b4a0
15426,53570,"2026-07-22 13:38:05",NULL,1312,NULL,"2026-07-22 13:38:05",45,AppXchange,0,1,f6c44a46-a5a0-4a4a-a6a6-964655a30db9
15509,53571,"2026-07-22 13:38:05",NULL,1308,NULL,"2026-07-22 13:38:05",45,AppXchange,0,1,9a7ae490-5136-46ea-9220-47cfd3c45183
15393,53572,"2026-07-22 13:38:05",NULL,1312,NULL,"2026-07-22 13:38:05",45,AppXchange,0,1,f33a8b80-8612-4885-879f-3e3ab1cf120b
15398,53573,"2026-07-22 13:38:05",NULL,1308,NULL,"2026-07-22 13:38:05",45,AppXchange,0,1,ce808751-36a0-44e3-8527-51e9631a157b
15436,53574,"2026-07-22 13:38:05",NULL,1312,NULL,"2026-07-22 13:38:05",45,AppXchange,0,1,6edfb0cb-e3b3-40be-afe9-9fa3a7e943a9
15625,53575,"2026-07-22 13:38:05",NULL,1308,NULL,"2026-07-22 13:38:05",45,AppXchange,0,1,b32a69ea-a322-443a-baa2-e5063372bd5f
15406,53576,"2026-07-22 13:38:05",NULL,1308,NULL,"2026-07-22 13:38:05",45,AppXchange,0,1,d7ef0341-20fb-4473-93e8-38a929f7e46f
15504,53577,"2026-07-22 13:38:05",NULL,1309,NULL,"2026-07-22 13:38:05",45,AppXchange,0,1,7df2a7b8-ad26-4748-89ba-6a4f841f2487
15651,53578,"2026-07-22 13:38:05",NULL,1309,NULL,"2026-07-22 13:38:05",45,AppXchange,0,1,f7335633-d97c-4388-b930-963314fe5132
15492,53579,"2026-07-22 13:38:05",NULL,1308,NULL,"2026-07-22 13:38:05",45,AppXchange,0,1,3a2294ec-d62e-4e10-bf3b-5a57e69bfec3
15601,53580,"2026-07-22 13:38:05",NULL,1312,NULL,"2026-07-22 13:38:05",45,AppXchange,0,1,47b82d8e-e96b-48d3-8772-c25251ff0ca0
15471,53581,"2026-07-22 13:38:05",NULL,1309,NULL,"2026-07-22 13:38:05",45,AppXchange,0,1,938063ac-f7cf-42d5-86db-cb18a345f2b7
15582,53582,"2026-07-22 13:38:05",NULL,1309,NULL,"2026-07-22 13:38:05",45,AppXchange,0,1,a4aa89b0-a587-4e3b-8b66-7431be7f842f
15596,53583,"2026-07-22 13:38:05",NULL,1308,NULL,"2026-07-22 13:38:05",45,AppXchange,0,1,7cb168f7-dc66-484e-a2ed-5f2746b2815f
15645,53584,"2026-07-22 13:38:05",NULL,1308,NULL,"2026-07-22 13:38:05",45,AppXchange,0,1,a4741cd8-46f8-4b11-b43f-f04d4265000c
15468,53585,"2026-07-22 13:38:05",NULL,1309,NULL,"2026-07-22 13:38:05",45,AppXchange,0,1,54b736eb-3407-491e-840c-7403204e9f59
15570,53586,"2026-07-22 13:38:05",NULL,1308,NULL,"2026-07-22 13:38:05",45,AppXchange,0,1,2e465ef7-9caa-42f6-a960-9d3452e2efcb
15462,53587,"2026-07-22 13:38:05",NULL,1312,NULL,"2026-07-22 13:38:05",45,AppXchange,0,1,cde66bc3-861c-4198-beec-8750e5c7fe01
15534,53588,"2026-07-22 13:38:05",NULL,1312,NULL,"2026-07-22 13:38:05",45,AppXchange,0,1,fd89404b-e54f-43df-8851-10edf60ed906
15465,53589,"2026-07-22 13:38:05",NULL,1308,NULL,"2026-07-22 13:38:05",45,AppXchange,0,1,82253ee6-da0a-4782-9432-f8440db832d5
15565,53590,"2026-07-22 13:38:05",NULL,1308,NULL,"2026-07-22 13:38:05",45,AppXchange,0,1,438b6f9c-78dd-48c3-afc5-71dec1f70ffa
15422,53591,"2026-07-22 13:38:05",NULL,1308,NULL,"2026-07-22 13:38:05",45,AppXchange,0,1,a15e88aa-dbb7-41d6-80fa-28b95e202250
15619,53592,"2026-07-22 13:38:05",NULL,1312,NULL,"2026-07-22 13:38:05",45,AppXchange,0,1,bcbe692e-7975-4f04-b2c3-b43e35a5524a
15455,53593,"2026-07-22 13:38:05",NULL,1312,NULL,"2026-07-22 13:38:05",45,AppXchange,0,1,88c4ff69-4e6c-49d7-8404-df469158aa28
15420,53594,"2026-07-22 13:38:05",NULL,1308,NULL,"2026-07-22 13:38:05",45,AppXchange,0,1,87a905c4-47b9-4be2-8a4b-360fad260c09
15494,53595,"2026-07-22 13:38:05",NULL,1309,NULL,"2026-07-22 13:38:05",45,AppXchange,0,1,fde75386-a004-4c54-9842-7b7fe9beb060
15410,53596,"2026-07-22 13:38:05",NULL,1309,NULL,"2026-07-22 13:38:05",45,AppXchange,0,1,354330cf-4298-4cff-80f1-01aab27d15ad
15633,53597,"2026-07-22 13:38:05","2026-08-08 07:00:00",1309,1308,"2026-07-22 13:38:05",45,AppXchange,0,0,5f03906b-f869-4fbf-9ea8-568abc512cee
16224,53597,"2026-08-08 07:00:00",NULL,1308,NULL,"2026-08-10 13:33:56",45,Vista,0,1,13073021-dbc5-4954-b4fe-182ebcd68d62
15642,53598,"2026-07-22 13:38:05",NULL,1308,NULL,"2026-07-22 13:38:05",45,AppXchange,0,1,dc0d0be7-fb7b-421c-a663-e2371f36ed41
15598,53599,"2026-07-22 13:38:05",NULL,1308,NULL,"2026-07-22 13:38:05",45,AppXchange,0,1,963f66af-f7e0-4715-8878-8f4104be315d
15630,53600,"2026-07-22 13:38:05",NULL,1308,NULL,"2026-07-22 13:38:05",45,AppXchange,0,1,eb95eca6-837f-47d2-9195-955a3f660a37
15647,53601,"2026-07-22 13:38:05",NULL,1308,NULL,"2026-07-22 13:38:05",45,AppXchange,0,1,c7e9cc67-8701-4083-96ea-04577eba09c1
15622,53602,"2026-07-22 13:38:05",NULL,1308,NULL,"2026-07-22 13:38:05",45,AppXchange,0,1,c12e2609-a956-4724-98ce-32d3b1598427
15643,53603,"2026-07-22 13:38:05",NULL,1308,NULL,"2026-07-22 13:38:05",45,AppXchange,0,1,94f87ac1-d656-45d2-be5b-f43b48226859
15404,53604,"2026-07-22 13:38:05",NULL,1309,NULL,"2026-07-22 13:38:05",45,AppXchange,0,1,d4d49eca-7819-493c-9dd5-c284065b3ac8
15615,53605,"2026-07-22 13:38:05",NULL,1308,NULL,"2026-07-22 13:38:05",45,AppXchange,0,1,fae4d4b0-114f-4687-9172-6e1641cd866b
15458,53606,"2026-07-22 13:38:05",NULL,1312,NULL,"2026-07-22 13:38:05",45,AppXchange,0,1,c0c8296f-804d-45f4-aa42-f908f73d1f6b
15464,53607,"2026-07-22 13:38:05",NULL,1308,NULL,"2026-07-22 13:38:05",45,AppXchange,0,1,bec82330-6057-4fa5-85e7-2c15af24859f
15554,53608,"2026-07-22 13:38:05",NULL,1312,NULL,"2026-07-22 13:38:05",45,AppXchange,0,1,70e2d409-7d0a-4ea4-92db-d282575bdaf8
15489,53609,"2026-07-22 13:38:05",NULL,1308,NULL,"2026-07-22 13:38:05",45,AppXchange,0,1,af192e06-6128-43da-8dac-d5429cb14ea4
15614,53610,"2026-07-22 13:38:05",NULL,1309,NULL,"2026-07-22 13:38:05",45,AppXchange,0,1,33d0a8f1-1385-4934-a376-2bf1752f5120
15563,53611,"2026-07-22 13:38:05",NULL,1308,NULL,"2026-07-22 13:38:05",45,AppXchange,0,1,70ac0c11-b08f-41e0-9161-e348576fc473
15523,53612,"2026-07-22 13:38:05",NULL,1308,NULL,"2026-07-22 13:38:05",45,AppXchange,0,1,27823c95-acc0-4d23-bbe3-1048dfb3f405
15593,53613,"2026-07-22 13:38:05",NULL,1312,NULL,"2026-07-22 13:38:05",45,AppXchange,0,1,e98f0eaf-a4f2-4554-a72f-9a4803bf6427
15558,53614,"2026-07-22 13:38:05",NULL,1308,NULL,"2026-07-22 13:38:05",45,AppXchange,0,1,ff9e65e4-917c-4e9d-ab7a-f36f130226d5
15560,53615,"2026-07-22 13:38:05",NULL,1308,NULL,"2026-07-22 13:38:05",45,AppXchange,0,1,9b3f8b6f-77a9-4718-afdb-baf033075840
15586,53616,"2026-07-22 13:38:05",NULL,1309,NULL,"2026-07-22 13:38:05",45,AppXchange,0,1,35a67d19-4bfd-4dc1-8488-8522766fb29f
15628,53617,"2026-07-22 13:38:05",NULL,1308,NULL,"2026-07-22 13:38:05",45,AppXchange,0,1,c3af0dc6-22c7-4cf1-b881-4c9991350db1
15594,53618,"2026-07-22 13:38:05",NULL,1312,NULL,"2026-07-22 13:38:05",45,AppXchange,0,1,09277def-1472-4f0c-a47e-5378d1cd08d2
15403,53619,"2026-07-22 13:38:05",NULL,1308,NULL,"2026-07-22 13:38:05",45,AppXchange,0,1,78db5217-dac0-468b-9ce6-ad0ddd4fdad6
15618,53620,"2026-07-22 13:38:05",NULL,1308,NULL,"2026-07-22 13:38:05",45,AppXchange,0,1,d48b3ead-f9ab-449a-8253-702953f68a00
15427,53621,"2026-07-22 13:38:05","2026-07-20 07:00:00",1312,1309,"2026-07-22 13:38:05",45,AppXchange,0,0,b96717b6-eb78-49cd-9901-1df28ec6db9e
15738,53621,"2026-07-20 07:00:00",NULL,1309,NULL,"2026-07-28 16:54:58",45,AppXchange,0,1,f4aef973-5fd0-4029-873a-f21efb158f91
15553,53622,"2026-07-22 13:38:05",NULL,1308,NULL,"2026-07-22 13:38:05",45,AppXchange,0,1,5e7de229-0f30-4d1a-905a-b08e7f8ca3db
15542,53623,"2026-07-22 13:38:05",NULL,1308,NULL,"2026-07-22 13:38:05",45,AppXchange,0,1,f9dde7ac-14f9-4138-b719-b809d62cda09
15429,53624,"2026-07-22 13:38:05",NULL,1309,NULL,"2026-07-22 13:38:05",45,AppXchange,0,1,c10b1d06-6895-4320-8aa8-701ce30045f6
15609,53625,"2026-07-22 13:38:05",NULL,1308,NULL,"2026-07-22 13:38:05",45,AppXchange,0,1,6b04b846-b105-4ebc-9693-aaa3606223a3
15522,53626,"2026-07-22 13:38:05",NULL,1308,NULL,"2026-07-22 13:38:05",45,AppXchange,0,1,a09c8742-31d0-4c59-a5f6-753c1147812c
15418,53627,"2026-07-22 13:38:05",NULL,1309,NULL,"2026-07-22 13:38:05",45,AppXchange,0,1,61328c09-e33f-4766-9e58-88d2863f4336
15654,53628,"2026-07-22 13:38:05",NULL,1309,NULL,"2026-07-22 13:38:05",45,AppXchange,0,1,6b9853f9-7611-4d8b-9240-6abfa141be38
15467,53629,"2026-07-22 13:38:05",NULL,1308,NULL,"2026-07-22 13:38:05",45,AppXchange,0,1,818800ad-a352-49d4-ad84-9279fde0301d
15437,53630,"2026-07-22 13:38:05",NULL,1309,NULL,"2026-07-22 13:38:05",45,AppXchange,0,1,40b07b82-20dc-4fa4-89ae-9e7b4df664ca
15505,53631,"2026-07-22 13:38:05",NULL,1308,NULL,"2026-07-22 13:38:05",45,AppXchange,0,1,14188e02-3836-4074-8ede-e304955cd8ba
15414,53632,"2026-07-22 13:38:05",NULL,1308,NULL,"2026-07-22 13:38:05",45,AppXchange,0,1,84e074e5-095e-43b4-989b-9312afd56ae4
15567,53633,"2026-07-22 13:38:05",NULL,1308,NULL,"2026-07-22 13:38:05",45,AppXchange,0,1,537e5ac8-0f6d-4d0a-a9dc-bfe4353bc072
15443,53634,"2026-07-22 13:38:05",NULL,1312,NULL,"2026-07-22 13:38:05",45,AppXchange,0,1,740afe1e-bcc7-4c9e-b1dc-68ed62aa3c1a
15456,53635,"2026-07-22 13:38:05",NULL,1312,NULL,"2026-07-22 13:38:05",45,AppXchange,0,1,c3fac38d-b8bd-4dac-99ac-d468d55620a4
15574,53636,"2026-07-22 13:38:05",NULL,1308,NULL,"2026-07-22 13:38:05",45,AppXchange,0,1,7b905dd8-7048-4afc-acfb-315e5026c909
15587,53637,"2026-07-22 13:38:05",NULL,1309,NULL,"2026-07-22 13:38:05",45,AppXchange,0,1,c455f3f0-acbc-4d68-9415-dc7553f0c833
15447,53638,"2026-07-22 13:38:05",NULL,1308,NULL,"2026-07-22 13:38:05",45,AppXchange,0,1,76624aa1-e706-47f2-98d2-766530f77367
15497,53639,"2026-07-22 13:38:05",NULL,1308,NULL,"2026-07-22 13:38:05",45,AppXchange,0,1,c9afd72e-19fb-4006-b878-13dab1f55bd1
15634,53640,"2026-07-22 13:38:05",NULL,1308,NULL,"2026-07-22 13:38:05",45,AppXchange,0,1,03d40881-e202-4f68-bb1f-56bc49f75881
15407,53641,"2026-07-22 13:38:05",NULL,1308,NULL,"2026-07-22 13:38:05",45,AppXchange,0,1,5e2c357f-253c-4aed-be02-ee915b2a2918
15481,53642,"2026-07-22 13:38:05",NULL,1309,NULL,"2026-07-22 13:38:05",45,AppXchange,0,1,bc0beeaa-f001-40dd-9dda-0f9c47bf7426
15473,53643,"2026-07-22 13:38:05",NULL,1308,NULL,"2026-07-22 13:38:05",45,AppXchange,0,1,1ccf6dc7-5db0-4f3b-addc-937cedf072e8
15592,53644,"2026-07-22 13:38:05",NULL,1308,NULL,"2026-07-22 13:38:05",45,AppXchange,0,1,ef2c8a79-e58d-4e2e-b2c0-386bf794415a
15514,53645,"2026-07-22 13:38:05",NULL,1308,NULL,"2026-07-22 13:38:05",45,AppXchange,0,1,6174e330-4959-4c8b-b753-7c530dd4da8d
15525,53646,"2026-07-22 13:38:05",NULL,1308,NULL,"2026-07-22 13:38:05",45,AppXchange,0,1,933d96f5-52da-4373-a6f8-c1446c28d0c9
15395,53647,"2026-07-22 13:38:05","2026-07-20 07:00:00",1312,1309,"2026-07-22 13:38:05",45,AppXchange,0,0,601ff434-d7cd-40a1-9c2e-078ff8cca526
15753,53647,"2026-07-20 07:00:00",NULL,1309,NULL,"2026-07-28 16:55:38",45,AppXchange,0,1,180c1e8c-0198-4791-aa2d-6674cb3c3ef9
15419,53648,"2026-07-22 13:38:05",NULL,1309,NULL,"2026-07-22 13:38:05",45,AppXchange,0,1,244fee42-67b1-44ad-85af-a1ce33f7b366
15635,53649,"2026-07-22 13:38:05",NULL,1309,NULL,"2026-07-22 13:38:05",45,AppXchange,0,1,b166255f-45e4-4b1e-8e85-76642988202f
15658,53650,"2026-07-22 13:38:05",NULL,1312,NULL,"2026-07-22 13:38:05",45,AppXchange,0,1,c1d0110f-261b-4f3d-b423-54fb737158c4
15608,53651,"2026-07-22 13:38:05",NULL,1308,NULL,"2026-07-22 13:38:05",45,AppXchange,0,1,b6faaa92-e04e-4e47-bcaf-98d7385252cc
15421,53652,"2026-07-22 13:38:05",NULL,1308,NULL,"2026-07-22 13:38:05",45,AppXchange,0,1,65a3fe82-13a2-4127-9c9d-156916a9d421
15506,53653,"2026-07-22 13:38:05",NULL,1309,NULL,"2026-07-22 13:38:05",45,AppXchange,0,1,108c2334-2e45-42d6-afbb-738d73567543
15568,53654,"2026-07-22 13:38:05","2026-07-20 07:00:00",1312,1309,"2026-07-22 13:38:05",45,AppXchange,0,0,0b1d505c-3d26-45fc-9590-d8447a41c33a
15742,53654,"2026-07-20 07:00:00",NULL,1309,NULL,"2026-07-28 16:54:59",45,AppXchange,0,1,6c8f385b-7c19-446a-8ca5-f8b258c7be6b
15472,53655,"2026-07-22 13:38:05",NULL,1308,NULL,"2026-07-22 13:38:05",45,AppXchange,0,1,382cfdd2-3084-4748-aa3d-7cc78f79d28d
15530,53656,"2026-07-22 13:38:05",NULL,1308,NULL,"2026-07-22 13:38:05",45,AppXchange,0,1,4998554c-d341-4922-8533-29505890ca06
15599,53657,"2026-07-22 13:38:05",NULL,1308,NULL,"2026-07-22 13:38:05",45,AppXchange,0,1,f67588ff-aa7e-4be0-9b7d-4220e6219fda
15550,53658,"2026-07-22 13:38:05",NULL,1312,NULL,"2026-07-22 13:38:05",45,AppXchange,0,1,bef04dd6-52d2-442c-88c1-a6ecf4fb8e71
15637,53659,"2026-07-22 13:38:05",NULL,1309,NULL,"2026-07-22 13:38:05",45,AppXchange,0,1,005db4b3-3ed0-43e3-b467-633a6162df20
15440,53660,"2026-07-22 13:38:05",NULL,1312,NULL,"2026-07-22 13:38:05",45,AppXchange,0,1,1d2afeb5-d56b-4448-ab6e-1b6dd6c5798e
15639,53661,"2026-07-22 13:38:05","2026-08-03 07:00:00",1308,1309,"2026-07-22 13:38:05",45,AppXchange,0,0,64682d5c-20d6-4f0c-ae82-01e9fcc3413b
16230,53661,"2026-08-03 07:00:00",NULL,1309,NULL,"2026-08-10 14:04:35",45,Vista,0,1,90018439-da7e-4d2b-a54f-b28684f76e74
15577,53662,"2026-07-22 13:38:05",NULL,1312,NULL,"2026-07-22 13:38:05",45,AppXchange,0,1,b2c436ef-89a9-46cb-a21e-055e86260801
15466,53663,"2026-07-22 13:38:05",NULL,1309,NULL,"2026-07-22 13:38:05",45,AppXchange,0,1,e176a74b-3571-4e7f-91a1-60c3fc9d4f21
15507,53664,"2026-07-22 13:38:05",NULL,1308,NULL,"2026-07-22 13:38:05",45,AppXchange,0,1,2dbc6a67-b3b6-48f2-8963-a01b48a301fc
15520,53665,"2026-07-22 13:38:05",NULL,1309,NULL,"2026-07-22 13:38:05",45,AppXchange,0,1,abe9a91f-d70c-486a-a727-4ae6226a15a3
15617,53666,"2026-07-22 13:38:05",NULL,1309,NULL,"2026-07-22 13:38:05",45,AppXchange,0,1,d143a757-7fee-44bb-95c5-542910dcf6c4
15576,53667,"2026-07-22 13:38:05",NULL,1309,NULL,"2026-07-22 13:38:05",45,AppXchange,0,1,4fb0a108-d160-43d8-b144-2fba88c34458
15401,53668,"2026-07-22 13:38:05",NULL,1309,NULL,"2026-07-22 13:38:05",45,AppXchange,0,1,d9821129-779a-4932-b0ac-812c7cc62ea9
15515,53669,"2026-07-22 13:38:05",NULL,1308,NULL,"2026-07-22 13:38:05",45,AppXchange,0,1,63b131bf-5301-4959-bf0e-d8da6088fb21
15627,53670,"2026-07-22 13:38:05",NULL,1309,NULL,"2026-07-22 13:38:05",45,AppXchange,0,1,fea2c399-d92b-4064-9e73-eb71330e4cc2
15441,53671,"2026-07-22 13:38:05",NULL,1312,NULL,"2026-07-22 13:38:05",45,AppXchange,0,1,7b3d25ff-e043-4119-b941-97632c30acd7
15638,53672,"2026-07-22 13:38:05",NULL,1308,NULL,"2026-07-22 13:38:05",45,AppXchange,0,1,55949b28-88fd-48d5-b570-ecc336438c55
15518,53673,"2026-07-22 13:38:05",NULL,1308,NULL,"2026-07-22 13:38:05",45,AppXchange,0,1,4d43c0b7-9fa3-427b-bd06-b16f1d394d41
15573,53674,"2026-07-22 13:38:05",NULL,1308,NULL,"2026-07-22 13:38:05",45,AppXchange,0,1,80295971-d026-444a-a48b-42b6991b83ca
15445,53675,"2026-07-22 13:38:05",NULL,1308,NULL,"2026-07-22 13:38:05",45,AppXchange,0,1,2358a926-f051-4cea-a5c0-7f8ba565e26a
15479,53676,"2026-07-22 13:38:05",NULL,1308,NULL,"2026-07-22 13:38:05",45,AppXchange,0,1,fcf0e94f-230b-4481-a73e-c5169b7a60df
15621,53677,"2026-07-22 13:38:05",NULL,1308,NULL,"2026-07-22 13:38:05",45,AppXchange,0,1,be954709-28c8-4212-a4ea-966dbb3fa8e0
15408,53678,"2026-07-22 13:38:05",NULL,1308,NULL,"2026-07-22 13:38:05",45,AppXchange,0,1,b850e3ea-267a-462f-8816-d6d35cb8f5e5
15397,53679,"2026-07-22 13:38:05",NULL,1309,NULL,"2026-07-22 13:38:05",45,AppXchange,0,1,78c49daf-d145-4275-8602-0ffa456e807c
15486,53680,"2026-07-22 13:38:05",NULL,1309,NULL,"2026-07-22 13:38:05",45,AppXchange,0,1,1febfe41-b4db-403e-945b-77bb5faef911
15954,53820,"2021-10-06 07:00:00",NULL,1312,NULL,"2026-07-30 16:50:28",45,AppXchange,0,1,ed87d0d5-a20a-4e06-b4b7-7cc04844657e
16015,53821,"2018-03-01 07:00:00",NULL,1312,NULL,"2026-07-30 17:04:48",45,AppXchange,0,1,7255d82a-db47-47d6-8417-4fa5238bef91
15952,53822,"2020-12-07 07:00:00",NULL,1308,NULL,"2026-07-30 16:50:26",45,AppXchange,0,1,d8dfae29-c09d-4b9c-99af-2ed1bff6f439
16062,53823,"2020-12-08 07:00:00",NULL,1312,NULL,"2026-07-30 17:23:02",45,AppXchange,0,1,f4433357-f094-4a0c-94bb-e719707d3a1f
15874,53824,"2024-07-16 07:00:00",NULL,1312,NULL,"2026-07-30 16:31:34",45,AppXchange,0,1,6c985955-5a0e-4b40-8d1d-28bf3147768e
15953,53825,"2020-05-05 07:00:00",NULL,1310,NULL,"2026-07-30 16:50:27",45,AppXchange,0,1,ac76fa3d-76d4-4364-9e79-4e44a439130b
16059,53826,"2024-01-08 07:00:00",NULL,1312,NULL,"2026-07-30 17:20:17",45,AppXchange,0,1,b5faa0a8-f2eb-4e0d-8b98-36e5cea6bf33
16060,53827,"2018-03-01 07:00:00",NULL,1312,NULL,"2026-07-30 17:22:32",45,AppXchange,0,1,8dc77b61-1624-46c9-8da8-40cddebdfc98
15934,53828,"2015-11-15 07:00:00",NULL,1308,NULL,"2026-07-30 16:46:32",45,AppXchange,0,1,125822b7-7691-40cb-acec-2df082622a81
15875,53829,"2024-01-08 07:00:00",NULL,1312,NULL,"2026-07-30 16:31:35",45,AppXchange,0,1,f08ee124-a00f-4f9c-81f8-50ce034b03eb
16016,53830,"2018-03-01 07:00:00",NULL,1312,NULL,"2026-07-30 17:05:07",45,AppXchange,0,1,0b632a29-3684-4bf3-aa4f-7ac9881ed982
16017,53831,"2018-03-01 07:00:00",NULL,1312,NULL,"2026-07-30 17:05:08",45,AppXchange,0,1,481c5074-008e-41b8-a436-37b383850a6b
16061,53833,"2015-11-15 07:00:00",NULL,1310,NULL,"2026-07-30 17:22:33",45,AppXchange,0,1,d08375eb-9240-404d-ba8a-b581d9b7010d
16020,53834,"2018-03-01 07:00:00",NULL,1312,NULL,"2026-07-30 17:08:03",45,AppXchange,0,1,c22368fe-b72d-4143-93fc-3092521094ae
16019,53835,"2016-03-12 07:00:00",NULL,1312,NULL,"2026-07-30 17:08:02",45,AppXchange,0,1,acc3da8d-a255-4bdc-8165-9093a371597e
16021,53836,"2018-03-01 07:00:00",NULL,1312,NULL,"2026-07-30 17:08:04",45,AppXchange,0,1,567bb603-2e03-46ae-b30b-576c8510dec3
15857,53837,"2019-01-04 07:00:00",NULL,1312,NULL,"2026-07-30 16:26:07",45,AUCTION,0,1,1b3df0d6-3dd1-49f3-953a-194a89304615
16067,53838,"2019-08-14 07:00:00",NULL,1310,NULL,"2026-07-30 17:27:05",45,AppXchange,0,1,9c4c6a06-3e8c-4b01-a55e-ae778be2869f
16065,53839,"2019-06-03 07:00:00",NULL,1312,NULL,"2026-07-30 17:27:03",45,AppXchange,0,1,a4db2ba5-e1e6-4510-8c79-d53d29471ea0
16010,53840,"2020-12-07 07:00:00",NULL,1308,NULL,"2026-07-30 17:04:43",45,AppXchange,0,1,a928ed21-db84-48eb-a330-1dd6e5f719e6
16063,53841,"2022-06-20 07:00:00",NULL,1312,NULL,"2026-07-30 17:23:03",45,AppXchange,0,1,cc7eb0c8-8b9c-45a3-8022-f86050492559
15957,53842,"2020-06-01 07:00:00",NULL,1308,NULL,"2026-07-30 16:52:07",45,AppXchange,0,1,878050f3-50c9-48e4-abe6-52cf1c0f7ea6
15920,53843,"2015-11-15 07:00:00",NULL,1308,NULL,"2026-07-30 16:41:14",45,AppXchange,0,1,a8ff55fa-0ccb-4a53-a62a-4061e85f2674
16013,53844,"2022-09-30 07:00:00",NULL,1312,NULL,"2026-07-30 17:04:46",45,AppXchange,0,1,e6506802-84a1-412c-b30b-9067c5538a2d
16022,53846,"2016-03-07 07:00:00",NULL,1308,NULL,"2026-07-30 17:08:05",45,AppXchange,0,1,24fa60d3-7e3d-4f52-8c5f-578fff76d94a
16056,53847,"2022-04-01 07:00:00",NULL,1312,NULL,"2026-07-30 17:17:43",45,AppXchange,0,1,0785698f-5fb1-4445-9679-22058058a309
16014,53848,"2024-06-14 07:00:00",NULL,1312,NULL,"2026-07-30 17:04:46",45,AppXchange,0,1,4e8ab7d2-faa0-4a56-8713-34f5b4ab4f11
16066,53849,"2018-09-03 07:00:00",NULL,1312,NULL,"2026-07-30 17:27:04",45,AppXchange,0,1,e649fcde-a0a7-4451-8705-6f9bdd8c9173
16008,53850,"2020-11-09 07:00:00",NULL,1308,NULL,"2026-07-30 17:04:06",45,AppXchange,0,1,db9dca31-b6a2-477d-adea-bae0645c061d
16011,53852,"2022-01-31 07:00:00",NULL,1312,NULL,"2026-07-30 17:04:44",45,AppXchange,0,1,000fe7c7-4f93-4695-a73a-4bd04942fb44
16012,53853,"2021-10-16 07:00:00",NULL,1312,NULL,"2026-07-30 17:04:45",45,AppXchange,0,1,39837414-6c5b-42dc-ac5c-f685ad7158b8
16094,53854,"2019-06-03 07:00:00","2026-07-30 17:42:13",1312,1312,"2026-07-30 17:42:12",45,AppXchange,0,0,b5fa94a6-1166-4112-83f7-fb1941cc220f
16095,53854,"2019-06-03 07:00:00",NULL,1312,NULL,"2026-07-30 17:42:13",45,AppXchange,0,1,107e5060-0bc7-401f-a78e-9d222339cf90
16093,53855,"2015-11-15 07:00:00",NULL,1312,NULL,"2026-07-30 17:40:22",45,AppXchange,0,1,7aec19f7-d77b-4558-898b-a88398617b1b
15930,53856,"2017-09-01 07:00:00",NULL,1312,NULL,"2026-07-30 16:44:48",45,AppXchange,0,1,9945ce61-8028-412a-b17e-b2a691d37f86
16064,53859,"2019-06-03 07:00:00",NULL,1312,NULL,"2026-07-30 17:24:12",45,AppXchange,0,1,7f9f443a-841e-4775-8a89-a913954b7b80
16024,53861,"2016-03-12 07:00:00",NULL,1312,NULL,"2026-07-30 17:08:06",45,AppXchange,0,1,0ed5a643-123b-4397-809c-d929c5d0cf56
16057,53872,"2023-08-16 07:00:00",NULL,1312,NULL,"2026-07-30 17:17:44",45,AppXchange,0,1,0aead681-6fe0-4be5-93c8-cd5d0de9e4f1
16023,53879,"2016-03-12 07:00:00",NULL,1312,NULL,"2026-07-30 17:08:06",45,AppXchange,0,1,5099c1ca-79c9-42a3-bcc4-b17c0ce83c36
15931,53882,"2019-01-04 07:00:00",NULL,1312,NULL,"2026-07-30 16:45:16",45,AUCTION,0,1,20318376-a660-4f52-98f9-318454ed47d9
15862,53884,"2019-03-10 07:00:00",NULL,1312,NULL,"2026-07-30 16:27:08",45,AppXchange,0,1,9f4c42e0-46ed-4356-9c3e-8e49551aadd5
15863,53886,"2023-05-11 07:00:00",NULL,1312,NULL,"2026-07-30 16:27:41",45,AppXchange,0,1,c416ad53-cb41-4890-b1fd-a2c032c65f29
15861,53887,"2019-05-13 07:00:00",NULL,1308,NULL,"2026-07-30 16:27:08",45,AppXchange,0,1,499d351c-6234-4592-8fa3-e3572b0ee1e3
15925,53888,"2016-04-01 07:00:00",NULL,1312,NULL,"2026-07-30 16:44:16",45,AppXchange,0,1,3be6b629-7ba7-467e-a8c6-b33e6640ec8d
16025,53890,"2016-03-12 07:00:00",NULL,1312,NULL,"2026-07-30 17:08:37",45,AppXchange,0,1,8b99ccaa-870c-4bdc-813c-6c3a9bff4b15
15937,53891,"2022-09-26 07:00:00",NULL,1312,NULL,"2026-07-30 16:47:04",45,AppXchange,0,1,b6aae76b-a9f7-4cb9-9fa4-8b9fd4d678b2
15932,53892,"2022-03-21 07:00:00",NULL,1312,NULL,"2026-07-30 16:45:17",45,AppXchange,0,1,4be54f5e-cd4c-4782-b02c-aceb5313c853
16069,53895,"2018-02-01 07:00:00",NULL,1312,NULL,"2026-07-30 17:27:06",45,AppXchange,0,1,34ef048b-2cc6-4a56-8d32-aa11959214f6
16026,53896,"2015-11-15 07:00:00",NULL,1308,NULL,"2026-07-30 17:09:16",45,AppXchange,0,1,8bb82dfe-062e-4353-ab93-78d433684565
16070,53897,"2026-01-27 07:00:00",NULL,1312,NULL,"2026-07-30 17:27:07",45,AppXchange,0,1,9ab01aa7-8d44-4aba-a34c-edfd8a8792d1
16071,53898,"2025-01-27 07:00:00",NULL,1312,NULL,"2026-07-30 17:27:08",45,AppXchange,0,1,6c5b4b2f-4c2a-4537-81db-c2b802ae4d7a
15763,53899,"2026-07-16 07:00:00",NULL,1309,NULL,"2026-07-28 17:36:13",45,AppXchange,0,1,5891d205-01b5-4dbc-9e56-bee490a4aae3
16052,53900,"2024-09-16 07:00:00",NULL,1312,NULL,"2026-07-30 17:16:08",45,AppXchange,0,1,10e76759-b156-451a-b54c-183d044d19ce
15924,53901,"2023-10-04 07:00:00",NULL,1312,NULL,"2026-07-30 16:44:15",45,AppXchange,0,1,253b4c02-4c82-42e5-9b47-22dc53c3ffa0
15859,53902,"2017-07-31 07:00:00",NULL,1310,NULL,"2026-07-30 16:26:43",45,AppXchange,0,1,28241ee3-dc4e-407a-9e41-9aa5b9e18cbb
16053,53903,"2022-09-19 07:00:00",NULL,1312,NULL,"2026-07-30 17:16:09",45,AppXchange,0,1,d54a4e25-a3cb-4cd2-8229-f338baa42597
15923,53904,"2022-09-19 07:00:00",NULL,1312,NULL,"2026-07-30 16:44:14",45,AppXchange,0,1,487f89cf-d084-4406-b37e-ac238543cb93
16054,53905,"2023-10-04 07:00:00",NULL,1312,NULL,"2026-07-30 17:16:09",45,AppXchange,0,1,8f4791ef-01c5-441e-ae31-f330efad173c
15917,53906,"2022-06-20 07:00:00",NULL,1312,NULL,"2026-07-30 16:39:09",45,AppXchange,0,1,d6dab571-e268-401f-9cb8-edfcdafe26e4
16051,53907,"2021-03-01 07:00:00",NULL,1312,NULL,"2026-07-30 17:16:08",45,AppXchange,0,1,885ccf4e-a43d-4435-9d23-2b4d64543360
16055,53908,"2021-03-01 07:00:00",NULL,1312,NULL,"2026-07-30 17:17:43",45,AppXchange,0,1,ad2ee425-8f12-42ad-8dc5-ced8aa133fc2
15860,53909,"2022-01-31 07:00:00",NULL,1312,NULL,"2026-07-30 16:27:06",45,AppXchange,0,1,f0f7986d-d6e0-4a3f-9e2b-1ac23eadb8ae
15858,53910,"2019-01-07 07:00:00",NULL,1312,NULL,"2026-07-30 16:26:42",45,AUCTION,0,1,1c6f2f66-3175-43b6-b6d0-ace3dc84aa65
15852,53911,"2015-11-15 07:00:00",NULL,1308,NULL,"2026-07-30 16:25:10",45,AppXchange,0,1,5d2647a1-1363-4ad0-bb2d-074b3b7d5c2c
15871,53912,"2020-09-02 07:00:00",NULL,1308,NULL,"2026-07-30 16:31:33",45,AppXchange,0,1,9abbee61-2635-491e-bc35-ec70f54e8345
15873,53913,"2022-09-19 07:00:00",NULL,1310,NULL,"2026-07-30 16:31:34",45,AppXchange,0,1,39cb85ee-ae63-468a-83dd-75d054e7c87e
15856,53914,"2018-10-01 07:00:00",NULL,1312,NULL,"2026-07-30 16:26:06",45,AppXchange,0,1,7f5f6baa-d2a8-49f2-89ec-9057fe5dac5b
15855,53915,"2022-09-19 07:00:00",NULL,1310,NULL,"2026-07-30 16:26:06",45,AppXchange,0,1,c4f6e0cf-807a-4501-9136-f5eadab37ec5
15854,53917,"2019-12-08 07:00:00",NULL,1308,NULL,"2026-07-30 16:25:37",45,AppXchange,0,1,a3d65818-9541-4a62-89b8-0546edd75165
15868,53920,"2018-06-25 07:00:00",NULL,1308,NULL,"2026-07-30 16:28:46",45,AppXchange,0,1,f9175b06-426c-42ea-9bb8-d9956903788d
15908,53921,"2022-01-12 07:00:00",NULL,1312,NULL,"2026-07-30 16:38:18",45,AppXchange,0,1,5a35be28-41b1-4009-bf71-059c22c172c0
16096,53922,"2015-11-15 07:00:00",NULL,1308,NULL,"2026-07-30 17:44:37",45,AppXchange,0,1,4944c4a6-35a9-43bb-99c7-3da50e535368
15870,53923,"2020-03-09 07:00:00",NULL,1308,NULL,"2026-07-30 16:31:33",45,AppXchange,0,1,fcb58e29-173b-4035-ae6c-675745fc51d3
15988,53924,"2017-01-23 07:00:00",NULL,1308,NULL,"2026-07-30 16:58:53",45,AppXchange,0,1,561ba409-b930-49e4-b684-8f230d508065
15869,53925,"2016-06-07 07:00:00",NULL,1308,NULL,"2026-07-30 16:28:47",45,AppXchange,0,1,44fabf66-a7c0-42ed-895d-77f1d38c92d3
15872,53926,"2021-09-18 07:00:00",NULL,1308,NULL,"2026-07-30 16:31:34",45,AppXchange,0,1,dc5c44a4-db05-400d-b38d-54a2b1aa6e0b
15851,53927,"2018-06-29 07:00:00",NULL,1312,NULL,"2026-07-30 16:25:09",45,AppXchange,0,1,69caebc1-db67-48bc-a794-cc5e01b20ac8
15987,53928,"2015-11-15 07:00:00",NULL,1310,NULL,"2026-07-30 16:58:52",45,AppXchange,0,1,7ce0cddd-cbee-4575-ba78-98a84c3c7a9b
15989,53929,"2015-11-29 07:00:00",NULL,1309,NULL,"2026-07-30 16:58:54",45,AppXchange,0,1,742ee6cb-38d4-49bf-8368-1a00deba0661
15853,53931,"2017-08-07 07:00:00",NULL,1312,NULL,"2026-07-30 16:25:37",45,AppXchange,0,1,1c69ffc7-68be-48fa-a971-9cee1da81460
15986,53932,"2015-11-15 07:00:00",NULL,1308,NULL,"2026-07-30 16:58:52",45,AppXchange,0,1,9ea67472-b16d-4317-ba64-75655225c4a5
15990,53933,"2018-12-31 07:00:00",NULL,1312,NULL,"2026-07-30 16:59:42",45,AUCTION,0,1,40a08fec-0432-473c-90fe-11fc0e0bc2a3
15850,53934,"2015-11-15 07:00:00",NULL,1308,NULL,"2026-07-30 16:25:08",45,AppXchange,0,1,769a767c-d890-441f-a167-18d0f9aeb635
16031,53935,"2022-03-28 07:00:00",NULL,1308,NULL,"2026-07-30 17:10:33",45,AppXchange,0,1,8c306e73-fe8c-4472-a399-957180a2294d
15848,53936,"2015-11-15 07:00:00",NULL,1308,NULL,"2026-07-30 16:25:07",45,AppXchange,0,1,789b80a6-c115-4d08-aac8-8f3f5bc55254
15849,53937,"2018-09-06 07:00:00",NULL,1308,NULL,"2026-07-30 16:25:08",45,AppXchange,0,1,0ce46246-6972-4d90-9d03-6151479eea7c
16042,53938,"2016-09-19 07:00:00",NULL,1312,NULL,"2026-07-30 17:13:17",45,AppXchange,0,1,a0d2d932-8227-4231-8848-ef80d5bfd58f
15927,53939,"2021-08-30 07:00:00",NULL,1312,NULL,"2026-07-30 16:44:17",45,AppXchange,0,1,d6026794-1968-4174-b9f7-ecbfb05398f8
15992,53940,"2018-01-29 07:00:00",NULL,1310,NULL,"2026-07-30 16:59:43",45,AppXchange,0,1,663f4f30-2ba7-441c-8d2e-1e02f2c3cc8d
15972,53941,"2018-02-19 07:00:00",NULL,1312,NULL,"2026-07-30 16:55:01",45,AppXchange,0,1,bec55894-7eab-428b-9758-28f3bbfb5fe4
15991,53942,"2015-11-29 07:00:00",NULL,1309,NULL,"2026-07-30 16:59:43",45,AppXchange,0,1,7610fe45-fa60-4d0a-bbd4-c2d4b27b3094
16075,53943,"2018-03-01 07:00:00",NULL,1312,NULL,"2026-07-30 17:29:12",45,AppXchange,0,1,2c17355f-5d20-43a3-ae17-49fc429a4656
16027,53944,"2018-03-01 07:00:00",NULL,1312,NULL,"2026-07-30 17:09:56",45,AppXchange,0,1,4e2f932a-22c9-4d86-9a66-ec74255d826d
16076,53945,"2018-02-01 07:00:00",NULL,1312,NULL,"2026-07-30 17:29:13",45,AppXchange,0,1,77871b5c-d74d-46de-9fc8-8a8495fee747
16041,53946,"2016-10-10 07:00:00",NULL,1308,NULL,"2026-07-30 17:12:48",45,AppXchange,0,1,0be7b8ad-982e-476a-b019-b60e8a4d6d28
15977,53947,"2018-02-01 07:00:00",NULL,1312,NULL,"2026-07-30 16:56:31",45,AppXchange,0,1,1d1e00aa-c2bf-4edd-afbc-22f027056e79
15973,53948,"2018-03-01 07:00:00",NULL,1312,NULL,"2026-07-30 16:56:27",45,AppXchange,0,1,031fa614-0ef0-4a35-97a7-2bb70bd4aa67
15978,53949,"2018-02-19 07:00:00",NULL,1312,NULL,"2026-07-30 16:56:32",45,AppXchange,0,1,a7457da5-9ae6-401c-8a8e-080ff07a7cae
16034,53950,"2023-08-17 07:00:00",NULL,1312,NULL,"2026-07-30 17:11:06",45,"330 MOBE IN 10/17/23 - (REC'D 10/19/23)",0,1,8cf13a98-5170-4e7e-a834-3b017e1cb5aa
15976,53951,"2023-03-15 07:00:00",NULL,1312,NULL,"2026-07-30 16:56:30",45,AppXchange,0,1,050ee474-dbcd-4485-a3be-565c98c9209b
16033,53952,"2021-11-05 07:00:00",NULL,1312,NULL,"2026-07-30 17:11:04",45,AppXchange,0,1,0a7e2ba7-a913-4eba-b90e-55d3bbd6c26a
15980,53953,"2023-03-13 07:00:00",NULL,1312,NULL,"2026-07-30 16:56:33",45,AppXchange,0,1,96ed6290-28a3-4e40-8ffd-3bad7b77125e
16073,53954,"2018-02-01 07:00:00",NULL,1312,NULL,"2026-07-30 17:28:37",45,AppXchange,0,1,663d2021-cb9b-44e7-8bf4-8be67f8888f0
15979,53955,"2018-02-01 07:00:00",NULL,1312,NULL,"2026-07-30 16:56:32",45,AppXchange,0,1,71e2d591-ec39-486f-b3ba-8bc2395c0723
16032,53956,"2015-11-15 07:00:00",NULL,1308,NULL,"2026-07-30 17:11:02",45,AppXchange,0,1,4368ad50-c8d2-4a1b-8b60-9bb755470063
15981,53957,"2018-02-19 07:00:00",NULL,1312,NULL,"2026-07-30 16:56:56",45,AppXchange,0,1,a438558a-387c-408d-b4d3-1d58632c4fdd
15983,53958,"2022-03-22 07:00:00",NULL,1312,NULL,"2026-07-30 16:57:31",45,AppXchange,0,1,0c3c9d5b-5f8c-493a-ae31-71e5c9b564f3
15984,53959,"2023-06-12 07:00:00",NULL,1312,NULL,"2026-07-30 16:57:32",45,AppXchange,0,1,56a46f9d-5d11-4fc6-a995-2239d461c381
16077,53960,"2024-09-27 07:00:00",NULL,1312,NULL,"2026-07-30 17:30:02",45,AppXchange,0,1,9cb68aa3-334c-4ea3-b602-5b4bb54b01e1
16097,53961,"2019-01-04 07:00:00",NULL,1312,NULL,"2026-07-30 17:48:52",45,"TRADE IN",0,1,de1b3a55-6351-4b62-9463-e7078e4afb2e
15975,53962,"2018-02-19 07:00:00",NULL,1312,NULL,"2026-07-30 16:56:30",45,AppXchange,0,1,415a25dc-7065-4c57-924a-bf687091a4ad
16072,53963,"2020-06-25 07:00:00",NULL,1312,NULL,"2026-07-30 17:28:37",45,AppXchange,0,1,0dd2a509-34ea-4e33-801d-5e97af245505
16036,53964,"2016-09-19 07:00:00",NULL,1312,NULL,"2026-07-30 17:12:07",45,AppXchange,0,1,8da3e6ac-644e-435c-8c95-1277152c0c87
16082,53965,"2022-02-25 07:00:00",NULL,1312,NULL,"2026-07-30 17:30:38",45,AppXchange,0,1,ad9cd4b8-ffb8-4748-a911-ec20ff3cf813
15966,53966,"2022-09-26 07:00:00",NULL,1312,NULL,"2026-07-30 16:53:32",45,AppXchange,0,1,fa67ae17-c523-49ef-9a92-0dd192e5c609
16037,53967,"2015-11-15 07:00:00",NULL,1312,NULL,"2026-07-30 17:12:07",45,AppXchange,0,1,675647dd-57f6-400f-b210-cdd383a2bcab
16074,53968,"2024-02-27 07:00:00",NULL,1312,NULL,"2026-07-30 17:28:38",45,AppXchange,0,1,65249da2-4718-46d6-8a4a-9fd7c9e622f6
15982,53969,"2023-02-28 07:00:00",NULL,1312,NULL,"2026-07-30 16:56:58",45,AppXchange,0,1,906ce2e8-e8fa-4dbb-afab-a71d5f64f156
15995,53970,"2019-01-07 07:00:00",NULL,1312,NULL,"2026-07-30 17:00:13",45,AppXchange,0,1,a9b44bd4-0d90-4a83-ae8f-2d13b625aece
16078,53971,"2020-02-24 07:00:00",NULL,1312,NULL,"2026-07-30 17:30:06",45,AppXchange,0,1,615b22d0-7044-4f9f-b8db-692bdad7030c
15968,53972,"2024-01-18 07:00:00",NULL,1312,NULL,"2026-07-30 16:53:34",45,AppXchange,0,1,25369f5f-00f1-43e9-a44b-700eddc3f43d
15969,53973,"2022-04-04 07:00:00",NULL,1312,NULL,"2026-07-30 16:54:02",45,AppXchange,0,1,e419f746-b4f5-40b0-a2bc-c89d2ca0d664
15999,53974,"2023-11-29 07:00:00",NULL,1312,NULL,"2026-07-30 17:01:11",45,AppXchange,0,1,27a5b45f-0191-4a1b-b5a7-e9ac8f5627e4
15956,53976,"2023-05-01 07:00:00",NULL,1308,NULL,"2026-07-30 16:52:07",45,AppXchange,0,1,88019c3e-6dc6-45d1-b7a5-e8b7d94d596f
15959,53977,"2025-08-04 07:00:00",NULL,1308,NULL,"2026-07-30 16:52:09",45,AppXchange,0,1,3d33b50f-f24e-4db4-90b7-c229b564b36e
16079,53978,"2025-08-04 07:00:00",NULL,1308,NULL,"2026-07-30 17:30:06",45,AppXchange,0,1,3fb4bf6b-733e-442d-a589-cfab5674fca0
15955,53979,"2024-04-03 07:00:00",NULL,1308,NULL,"2026-07-30 16:50:58",45,AppXchange,0,1,9a0e327c-e2f5-452c-bb86-d7b22020d88b
15961,53980,"2025-08-04 07:00:00",NULL,1308,NULL,"2026-07-30 16:52:10",45,AppXchange,0,1,dac12d64-ba20-4d6f-be37-9c9e2b32894c
15963,53981,"2025-08-04 07:00:00",NULL,1308,NULL,"2026-07-30 16:52:39",45,AppXchange,0,1,928de09a-f76a-45d9-9e28-bab5b0f30159
15967,53982,"2025-08-04 07:00:00",NULL,1308,NULL,"2026-07-30 16:53:33",45,AppXchange,0,1,e230c3bd-f087-453e-af75-816dcb4f83b3
15965,53983,"2025-08-04 07:00:00",NULL,1308,NULL,"2026-07-30 16:53:31",45,AppXchange,0,1,0e720ff2-230c-4613-9cce-ccc7a43e2a8c
15962,53984,"2025-08-04 07:00:00",NULL,1308,NULL,"2026-07-30 16:52:38",45,AppXchange,0,1,33db66bb-edc8-4945-8344-c06e93671220
16000,53985,"2021-05-04 07:00:00",NULL,1310,NULL,"2026-07-30 17:02:23",45,AppXchange,0,1,45b7f964-f9a2-4ad2-afca-e577f594d53a
16080,53986,"2022-03-07 07:00:00",NULL,1312,NULL,"2026-07-30 17:30:07",45,AppXchange,0,1,4fe7885d-f8a9-41c9-839b-38acb0a20f64
15964,53987,"2025-08-04 07:00:00",NULL,1308,NULL,"2026-07-30 16:52:40",45,AppXchange,0,1,7a7d82ad-03d7-406b-a5be-66d82ff89603
15994,53988,"2016-09-19 07:00:00",NULL,1312,NULL,"2026-07-30 17:00:12",45,AppXchange,0,1,eaa4966d-271d-4228-8daa-9e0ac9b9fd05
16045,53989,"2025-06-09 07:00:00",NULL,1312,NULL,"2026-07-30 17:16:04",45,AppXchange,0,1,5d9f9285-281c-4ba3-9412-227542923b13
16081,53990,"2017-02-27 07:00:00",NULL,1308,NULL,"2026-07-30 17:30:37",45,AppXchange,0,1,83abc40d-23f3-470c-822a-b1920dd24db3
16083,53993,"2017-02-27 07:00:00",NULL,1308,NULL,"2026-07-30 17:31:08",45,AppXchange,0,1,6a6f10b7-1ad0-4407-be89-63eb091fe124
15998,53994,"2020-05-02 07:00:00",NULL,1309,NULL,"2026-07-30 17:00:43",45,AppXchange,0,1,d7e06901-cf19-49f7-89e7-814efef3af76
15926,53996,"2023-08-01 07:00:00",NULL,1312,NULL,"2026-07-30 16:44:17",45,AppXchange,0,1,743ca30c-3b2c-4c9f-91bb-e24fb5fe33fa
16043,53997,"2016-09-19 07:00:00",NULL,1312,NULL,"2026-07-30 17:16:02",45,AppXchange,0,1,b77a3d1a-f4bb-4acb-8da5-df2b82809554
16049,53998,"2024-09-19 07:00:00",NULL,1312,NULL,"2026-07-30 17:16:07",45,AppXchange,0,1,e60e295a-8992-4cde-95b9-a139d154118a
15928,53999,"2021-08-30 07:00:00",NULL,1312,NULL,"2026-07-30 16:44:18",45,AppXchange,0,1,80416cbe-1ff0-4871-9ccb-e8844837c59c
16044,54000,"2016-09-19 07:00:00",NULL,1312,NULL,"2026-07-30 17:16:03",45,AppXchange,0,1,6bda1e12-c8fb-4d04-8bfc-d942143e035a
16048,54001,"2025-06-09 07:00:00",NULL,1312,NULL,"2026-07-30 17:16:06",45,AppXchange,0,1,66c77df3-5e41-4974-ae89-5ccdbe1bef39
16039,54002,"2025-10-17 07:00:00",NULL,1310,NULL,"2026-07-30 17:12:47",45,AppXchange,0,1,8679c7b5-86a4-4e5d-885c-99ba0a1740b8
15929,54003,"2017-11-14 07:00:00",NULL,1308,NULL,"2026-07-30 16:44:18",45,AppXchange,0,1,1bd4bc55-ec79-4c18-b505-29fac24d0d26
16040,54004,"2022-04-04 07:00:00",NULL,1312,NULL,"2026-07-30 17:12:47",45,AppXchange,0,1,475a7123-50b8-4a20-ac3e-3de0f69cb40d
16050,54005,"2026-04-08 07:00:00",NULL,1312,NULL,"2026-07-30 17:16:07",45,AppXchange,0,1,e6195fe7-c6c2-4431-9b55-97ef26fcf279
15918,54006,"2026-03-05 07:00:00",NULL,1308,NULL,"2026-07-30 16:41:11",45,AppXchange,0,1,c5d568ff-89a3-4e24-8e8f-25dc1f9b9d18
16084,54007,"2023-11-29 07:00:00",NULL,1312,NULL,"2026-07-30 17:31:09",45,AppXchange,0,1,03084cbc-c512-4602-b26e-c8da1cda0652
15887,54008,"2026-01-05 07:00:00",NULL,1312,NULL,"2026-07-30 16:35:08",45,AppXchange,0,1,1936462a-f67e-459c-9e85-be549cc5dad2
16098,54009,"2024-04-01 07:00:00",NULL,1312,NULL,"2026-07-30 17:48:54",45,AppXchange,0,1,81e1facc-1b61-4073-b2d2-76dd12f00d80
15889,54012,"2016-03-12 07:00:00",NULL,1312,NULL,"2026-07-30 16:35:10",45,AppXchange,0,1,07481718-2a9f-498d-9045-8d55e06c1624
15890,54013,"2016-03-12 07:00:00",NULL,1312,NULL,"2026-07-30 16:35:11",45,AppXchange,0,1,42b594b7-5ea6-485f-9971-11231afa76d6
15877,54014,"2017-12-04 00:00:00",NULL,1312,NULL,"2026-07-30 16:31:36",45,AppXchange,0,1,e223a45a-01f0-4a54-bc49-1718a2146648
16099,54015,"2018-02-01 07:00:00",NULL,1312,NULL,"2026-07-30 17:48:55",45,AppXchange,0,1,29c4e0e7-fc77-4e5a-be6b-fb51b52b5dbe
15846,54016,"2019-01-04 07:00:00",NULL,1312,NULL,"2026-07-30 16:23:53",45,AUCTION,0,1,8cb98fe3-2b7e-4c9a-91eb-a029e7cd9a28
15970,54017,"2019-06-11 07:00:00",NULL,1310,NULL,"2026-07-30 16:54:03",45,AppXchange,0,1,3990e521-8365-4ad5-acf7-27001adaa360
15886,54019,"2019-01-04 07:00:00",NULL,1312,NULL,"2026-07-30 16:35:07",45,AUCTION,0,1,7e87dfc5-2cd4-4ae4-af16-c7a49c4abb87
15884,54020,"2019-01-04 07:00:00",NULL,1312,NULL,"2026-07-30 16:33:01",45,AUCTION,0,1,7836e509-f9d5-44f0-a03a-aed52c6372f1
16028,54021,"2015-11-15 07:00:00",NULL,1308,NULL,"2026-07-30 17:10:32",45,AppXchange,0,1,f7fca4b4-415e-46b8-b261-d6c8d3bc74c8
15914,54022,"2018-02-01 07:00:00",NULL,1312,NULL,"2026-07-30 16:39:08",45,AppXchange,0,1,09140f4f-63e3-49ba-8ee3-9a2bef6d2a97
15885,54023,"2019-03-02 07:00:00",NULL,1312,NULL,"2026-07-30 16:35:07",45,AppXchange,0,1,28122f54-3d8e-4091-a56d-75556f769ec5
16089,54024,"2025-06-19 07:00:00",NULL,1312,NULL,"2026-07-30 17:33:52",45,AppXchange,0,1,33e51145-bfc0-4ad6-820f-d9c10e502ef6
16003,54025,"2022-02-09 07:00:00",NULL,1312,NULL,"2026-07-30 17:02:25",45,AppXchange,0,1,7f5801d0-4251-4ba2-b4a1-8ef770510d6a
15888,54026,"2019-01-04 07:00:00",NULL,1312,NULL,"2026-07-30 16:35:09",45,AUCTION,0,1,4bfce479-2db3-4729-8396-81931890bfee
15915,54027,"2019-01-04 07:00:00",NULL,1312,NULL,"2026-07-30 16:39:08",45,"TRADE IN",0,1,c137ce54-960c-45a7-b5a7-51e8ceb4f13c
15971,54028,"2019-01-04 07:00:00",NULL,1312,NULL,"2026-07-30 16:54:06",45,AUCTION,0,1,23a8456f-f0b9-44a3-99af-81aba32f8263
15936,54030,"2019-01-04 07:00:00",NULL,1312,NULL,"2026-07-30 16:46:34",45,AUCTION,0,1,82f6c0a1-7ed2-4a8f-801f-98acc63423e5
15876,54031,"2017-12-04 07:00:00",NULL,1312,NULL,"2026-07-30 16:31:35",45,AppXchange,0,1,f37b1be9-d357-4fbd-9f2c-e297ce6f34f4
15891,54032,"2019-12-13 07:00:00",NULL,1308,NULL,"2026-07-30 16:35:11",45,AppXchange,0,1,e33e6c5a-6915-4330-9a49-5d4658e53d0d
16088,54033,"2016-08-09 07:00:00",NULL,1308,NULL,"2026-07-30 17:32:45",45,AppXchange,0,1,770f5d8c-290c-4792-a9b2-e3db36b2b972
16030,54034,"2018-03-01 07:00:00",NULL,1308,NULL,"2026-07-30 17:10:33",45,AppXchange,0,1,63920077-4133-4c68-b0f1-082b30194ddf
16001,54035,"2015-12-03 07:00:00",NULL,1308,NULL,"2026-07-30 17:02:24",45,AppXchange,0,1,080192a0-6028-4a47-a7e9-2aa61ad44485
16086,54036,"2015-11-15 07:00:00",NULL,1308,NULL,"2026-07-30 17:32:43",45,AppXchange,0,1,f08959cb-55e3-49c2-b575-11dfd52b27df
15919,54037,"2019-01-04 07:00:00",NULL,1312,NULL,"2026-07-30 16:41:12",45,AppXchange,0,1,bfdd83fe-778c-4233-8ae8-b01e00d05a07
15866,54038,"2021-02-19 07:00:00",NULL,1312,NULL,"2026-07-30 16:28:12",45,AppXchange,0,1,e985c155-a00f-4bb5-a4f7-fdc3d404beb8
16029,54039,"2016-03-12 07:00:00",NULL,1312,NULL,"2026-07-30 17:10:32",45,AppXchange,0,1,dfa5fe79-a963-491d-bffa-4060421bf7a2
16058,54040,"2025-06-09 07:00:00",NULL,1312,NULL,"2026-07-30 17:17:45",45,AppXchange,0,1,64f94d38-2a49-4dd0-9fba-913d91109e3e
15845,54041,"2019-01-04 07:00:00",NULL,1312,NULL,"2026-07-30 16:23:52",45,AUCTION,0,1,18e2e9a3-fdd2-47db-a627-b4fdf4714dc2
16006,54042,"2024-03-07 07:00:00",NULL,1312,NULL,"2026-07-30 17:02:52",45,AppXchange,0,1,2fd0c214-bf87-493d-bfc6-69eb91d8e862
15837,54043,"2018-02-01 07:00:00",NULL,1312,NULL,"2026-07-30 16:22:18",45,AppXchange,0,1,48f4ff29-d0e1-49a5-9e3d-b534e9f29f3a
16100,54045,"2018-03-01 07:00:00",NULL,1312,NULL,"2026-07-30 17:48:57",45,AppXchange,0,1,3dfad761-a98f-4cbf-b692-0b8b0917cf45
15867,54046,"2022-02-28 07:00:00",NULL,1312,NULL,"2026-07-30 16:28:12",45,AppXchange,0,1,c014c964-f4b2-44f4-9fe2-1d1d7db4f8e4
15939,54047,"2017-04-17 07:00:00",NULL,1310,NULL,"2026-07-30 16:47:06",45,AppXchange,0,1,b70429dd-ac3d-4449-9846-0113e081c3f6
16004,54048,"2023-09-29 07:00:00",NULL,1312,NULL,"2026-07-30 17:02:27",45,AppXchange,0,1,ee7de80b-47a9-480c-9087-6440ba3d5bde
15933,54049,"2018-01-16 07:00:00",NULL,1308,NULL,"2026-07-30 16:46:32",45,AppXchange,0,1,4f51052d-9eff-4348-ad6a-66235f93fc93
15843,54050,"2024-01-18 07:00:00",NULL,1312,NULL,"2026-07-30 16:23:23",45,AppXchange,0,1,c045d453-4541-43fa-994c-1998b78b9a8a
15838,54051,"2022-01-31 07:00:00",NULL,1312,NULL,"2026-07-30 16:22:47",45,AppXchange,0,1,f960faa8-a704-48bd-adca-56d4766ef182
16002,54052,"2021-08-31 07:00:00",NULL,1308,NULL,"2026-07-30 17:02:25",45,AppXchange,0,1,beb0eeaf-0fcb-4565-ab9e-76dd2ffd9411
15864,54053,"2017-02-13 07:00:00",NULL,1312,NULL,"2026-07-30 16:27:42",45,AppXchange,0,1,18899a80-f89c-4266-a747-7535e7401a68
15844,54054,"2018-02-01 07:00:00",NULL,1312,NULL,"2026-07-30 16:23:51",45,AppXchange,0,1,57b0b78c-1cb7-4582-9fde-c0ea03b0f41f
15960,54055,"2023-07-17 07:00:00",NULL,1312,NULL,"2026-07-30 16:52:10",45,AppXchange,0,1,e299d7eb-d138-4ec5-a0a9-2f3e6ea66269
15840,54056,"2018-02-01 07:00:00",NULL,1312,NULL,"2026-07-30 16:22:49",45,AppXchange,0,1,449e4621-ba08-4805-8926-1f29e5db9c3e
15958,54058,"2021-01-29 07:00:00",NULL,1308,NULL,"2026-07-30 16:52:08",45,AppXchange,0,1,195b3984-4582-4fb1-ae21-59e1a4b5ca27
15938,54059,"2019-01-21 07:00:00",NULL,1312,NULL,"2026-07-30 16:47:05",45,AppXchange,0,1,4caaa20e-1e11-4f3c-8423-b67c70cc683b
15940,54060,"2017-06-05 07:00:00",NULL,1312,NULL,"2026-07-30 16:47:07",45,AppXchange,0,1,f03fc7da-b5f6-4df6-9143-65c67deb0792
15916,54061,"2019-06-25 07:00:00",NULL,1312,NULL,"2026-07-30 16:39:08",45,AppXchange,0,1,76111f85-7133-4806-9404-dfe6c82f7a21
15942,54062,"2018-07-09 07:00:00",NULL,1312,NULL,"2026-07-30 16:47:32",45,AppXchange,0,1,505a402f-d9bc-44c2-9415-56090d849367
15865,54063,"2024-02-29 07:00:00",NULL,1312,NULL,"2026-07-30 16:28:11",45,AppXchange,0,1,70e9c1a0-fff7-449b-959f-0db7c1ed6087
15935,54064,"2021-08-27 07:00:00",NULL,1308,NULL,"2026-07-30 16:46:33",45,AppXchange,0,1,d0346918-adea-4ae8-a380-43697a2147f7
15878,54065,"2019-01-21 07:00:00",NULL,1312,NULL,"2026-07-30 16:31:36",45,AppXchange,0,1,8f341b76-cec3-4b93-82cf-5ac24598bd88
15909,54067,"2017-09-07 07:00:00",NULL,1312,NULL,"2026-07-30 16:38:19",45,AppXchange,0,1,0debb0d8-77a5-4c33-af1d-c129dae2cac4
15881,54068,"2019-01-04 07:00:00",NULL,1312,NULL,"2026-07-30 16:31:37",45,AppXchange,0,1,6470d28b-dc4a-462f-94de-0f1bc40de98a
15944,54069,"2019-01-18 07:00:00",NULL,1312,NULL,"2026-07-30 16:48:02",45,AppXchange,0,1,71ab56bf-e43a-4968-a3f9-83b3772874e5
15842,54070,"2018-02-01 07:00:00",NULL,1312,NULL,"2026-07-30 16:23:22",45,AppXchange,0,1,7fc03dc8-b60a-42e3-a1e4-387ef3a7b82b
15882,54071,"2022-02-28 07:00:00",NULL,1312,NULL,"2026-07-30 16:31:38",45,AppXchange,0,1,e7b67b4b-c875-4e86-b8bf-3b9b1b77c30e
15921,54072,"2023-03-09 07:00:00",NULL,1312,NULL,"2026-07-30 16:44:12",45,AppXchange,0,1,2798c789-e3de-4342-ada1-c10df1173490
16009,54073,"2024-12-17 07:00:00",NULL,1312,NULL,"2026-07-30 17:04:07",45,AppXchange,0,1,ccb0cabc-79b9-48d4-a933-27a5f60c0c7f
15879,54074,"2019-01-04 07:00:00",NULL,1312,NULL,"2026-07-30 16:31:37",45,AUCTION,0,1,3ff8ee02-c07d-4db2-bd37-2d9650ab37de
15841,54075,"2022-06-20 07:00:00",NULL,1312,NULL,"2026-07-30 16:22:50",45,AppXchange,0,1,e2087ae9-d176-4410-8c56-a5aa29f6026e
15912,54076,"2025-06-09 07:00:00",NULL,1312,NULL,"2026-07-30 16:38:21",45,AppXchange,0,1,db63a346-35ed-465d-b07f-384d2f60811f
15880,54077,"2019-01-04 07:00:00",NULL,1312,NULL,"2026-07-30 16:31:37",45,AppXchange,0,1,e78382e6-b31a-4959-b8ee-a606379977f0
16005,54078,"2020-06-26 07:00:00",NULL,1308,NULL,"2026-07-30 17:02:28",45,AppXchange,0,1,e4cc1f9a-dbfb-44be-ab0e-fed4dea2ba46
15943,54079,"2025-08-29 07:00:00",NULL,1312,NULL,"2026-07-30 16:48:01",45,AppXchange,0,1,fe3142e7-6b91-4622-88a0-535f4d131f5a
15911,54080,"2021-04-05 07:00:00",NULL,1312,NULL,"2026-07-30 16:38:20",45,AppXchange,0,1,1b467f9e-1df8-44dd-a8b2-85c7a9634173
15894,54081,"2019-01-04 07:00:00",NULL,1312,NULL,"2026-07-30 16:35:14",45,AUCTION,0,1,501ef17a-9d92-4fd6-a1c8-21b2aafefbf5
15950,54082,"2024-10-13 07:00:00",NULL,1312,NULL,"2026-07-30 16:50:24",45,AppXchange,0,1,3cccc7fc-7bdd-445e-a811-e9263d72ecf2
15895,54083,"2019-01-04 07:00:00",NULL,1312,NULL,"2026-07-30 16:35:14",45,AUCTION,0,1,466d8bf5-c4fd-4ae5-aabc-477e97221501
15922,54084,"2022-05-25 07:00:00",NULL,1308,NULL,"2026-07-30 16:44:12",45,AppXchange,0,1,4fb54b46-1ec2-4001-9c78-56698ddf1074
16092,54085,"2026-04-03 07:00:00",NULL,1312,NULL,"2026-07-30 17:33:54",45,AppXchange,0,1,f1a8b3cb-6659-4659-b207-4e774ad2bbb8
15896,54086,"2019-01-04 07:00:00",NULL,1312,NULL,"2026-07-30 16:35:15",45,AUCTION,0,1,6f671942-0981-434f-83d5-666d929d95bc
15897,54087,"2022-01-31 07:00:00",NULL,1312,NULL,"2026-07-30 16:35:16",45,AppXchange,0,1,e2516d17-df10-4899-a7af-dfa7a7f32245
15892,54088,"2024-09-19 07:00:00",NULL,1312,NULL,"2026-07-30 16:35:13",45,AppXchange,0,1,2470be9e-2bab-45ff-8568-8c4b172c3085
15893,54089,"2017-10-12 07:00:00",NULL,1308,NULL,"2026-07-30 16:35:13",45,AppXchange,0,1,bf4f4613-182d-42c4-80f1-4f2a0429dcc8
15899,54091,"2019-12-18 07:00:00",NULL,1308,NULL,"2026-07-30 16:36:07",45,AppXchange,0,1,96779041-c25d-46f2-bdff-536e2e7c7142
15898,54092,"2016-07-09 07:00:00",NULL,1312,NULL,"2026-07-30 16:35:16",45,AppXchange,0,1,3ae07a22-1b64-468e-8487-bdac2e63ea98
15901,54093,"2021-08-25 07:00:00",NULL,1310,NULL,"2026-07-30 16:36:08",45,AppXchange,0,1,3579e95c-7902-4b39-baf0-724bdc3ca58c
15945,54094,"2024-02-27 07:00:00",NULL,1312,NULL,"2026-07-30 16:48:03",45,AppXchange,0,1,7914c650-f3ee-468d-92ff-7e359a7af8b1
16091,54095,"2026-01-05 07:00:00",NULL,1312,NULL,"2026-07-30 17:33:54",45,AppXchange,0,1,0406d536-7976-4162-8290-c1c712a150b1
15947,54096,"2026-01-05 07:00:00",NULL,1312,NULL,"2026-07-30 16:50:21",45,AppXchange,0,1,3355bbb1-1a6d-47b6-af84-d29f3a358048
15903,54097,"2025-09-24 07:00:00",NULL,1312,NULL,"2026-07-30 16:36:12",45,AppXchange,0,1,31488c94-77fd-439b-a05a-16ddb11bee64
15949,54098,"2026-01-05 07:00:00",NULL,1312,NULL,"2026-07-30 16:50:24",45,AppXchange,0,1,816bff0b-3023-46ad-8fc6-1fddd470d0ef
16090,54099,"2020-06-19 07:00:00",NULL,1309,NULL,"2026-07-30 17:33:52",45,AppXchange,0,1,78eb001f-ba44-4917-84de-820f7f44a80d
15946,54100,"2026-01-05 07:00:00",NULL,1312,NULL,"2026-07-30 16:48:57",45,AppXchange,0,1,915622f8-49fc-4436-b71b-4c9a53fab64c
15913,54101,"2024-09-16 07:00:00",NULL,1312,NULL,"2026-07-30 16:38:21",45,AppXchange,0,1,0b4a29e3-a93d-421d-aa86-364468c9fb83
15948,54102,"2026-01-05 07:00:00",NULL,1312,NULL,"2026-07-30 16:50:23",45,AppXchange,0,1,7e1ed659-40d6-4441-849e-18655e78c3ae
15906,54103,"2024-09-18 07:00:00",NULL,1312,NULL,"2026-07-30 16:37:17",45,"*GOING TO AUCTION* 334 MOBE IN 09/17/24 - (REC'D 09/18/24) @ 998 HRS; 334 MOBE OUT TO AUCTION - 09/17/24 - (REC'D 10/15/24) @ 998 HRS",0,1,0d2b3a4b-0735-4324-aeb4-402bee8530fe
15910,54104,"2015-11-29 07:00:00",NULL,1309,NULL,"2026-07-30 16:38:20",45,AppXchange,0,1,d41f7cc7-ca62-499d-9f09-9ebcc2193f3d
16087,54105,"2016-07-09 07:00:00",NULL,1312,NULL,"2026-07-30 17:32:44",45,AppXchange,0,1,183441d2-6064-48d4-a1e9-9b08a90def34
16068,54108,"2021-04-03 07:00:00",NULL,1312,NULL,"2026-07-30 17:27:05",45,AppXchange,0,1,47e14dc6-54c6-4e80-9aca-d2543adc602d
16038,54109,"2022-09-26 07:00:00",NULL,1312,NULL,"2026-07-30 17:12:08",45,AppXchange,0,1,f22f6d44-b4c8-403e-a436-9f191d10adf9
15974,54110,"2023-06-12 07:00:00",NULL,1312,NULL,"2026-07-30 16:56:27",45,AppXchange,0,1,4ddfa891-9f19-4fda-ad1b-eb342569a33d
15996,54111,"2016-09-19 07:00:00",NULL,1312,NULL,"2026-07-30 17:00:14",45,AppXchange,0,1,4e171f6f-1e5b-4682-b725-bdf52da71e4c
16035,54112,"2016-09-19 07:00:00",NULL,1312,NULL,"2026-07-30 17:11:08",45,AppXchange,0,1,19ca11e8-9f41-40fa-a4d0-a42535928792
16046,54113,"2015-11-29 07:00:00",NULL,1309,NULL,"2026-07-30 17:16:05",45,AppXchange,0,1,b51e72d9-b3e5-473d-96ee-400ab3ce7dac
16047,54114,"2025-06-09 07:00:00",NULL,1312,NULL,"2026-07-30 17:16:05",45,AppXchange,0,1,4166fcd1-ba8a-41d6-88f6-053912cc4442
15839,54116,"2024-01-18 07:00:00",NULL,1312,NULL,"2026-07-30 16:22:48",45,AppXchange,0,1,a754b5cc-96fa-4094-af06-d3694ec54d82
15847,54117,"2018-02-01 07:00:00",NULL,1312,NULL,"2026-07-30 16:24:21",45,AppXchange,0,1,5b702e36-c2de-499f-9917-96766f8f1f23
15883,54118,"2015-11-15 07:00:00",NULL,1308,NULL,"2026-07-30 16:32:31",45,AppXchange,0,1,ad79c000-15d1-4387-83fa-49093d54b6e7
16085,54119,"2025-04-21 07:00:00",NULL,1312,NULL,"2026-07-30 17:32:17",45,AppXchange,0,1,8872b3b1-e790-4732-90ed-02d021e1440a
15902,54120,"2017-09-01 07:00:00",NULL,1312,NULL,"2026-07-30 16:36:11",45,AppXchange,0,1,2b59d5c8-4f45-40ca-9b3c-f20bf325a7ff
15941,54121,"2019-01-18 07:00:00",NULL,1312,NULL,"2026-07-30 16:47:32",45,AppXchange,0,1,aee7a2a7-67f3-421e-9fc8-7d0cb434c5d8
15900,54122,"2020-11-19 07:00:00",NULL,1310,NULL,"2026-07-30 16:36:07",45,AppXchange,0,1,79bbc12e-bf63-4c8e-9331-47a5aee6aee2
15951,54123,"2023-10-18 07:00:00",NULL,1312,NULL,"2026-07-30 16:50:25",45,AppXchange,0,1,e34b9348-c4bb-481d-94b3-d956271b36e0
16018,54124,"2016-03-12 07:00:00",NULL,1312,NULL,"2026-07-30 17:08:01",45,AppXchange,0,1,1150bde1-4ac2-4829-bc89-ce4c66315dfe
15904,54125,"2025-06-09 07:00:00",NULL,1312,NULL,"2026-07-30 16:36:46",45,AppXchange,0,1,f97003af-7ae1-4a5b-b9fc-933cd7ebeb58
15905,54126,"2024-09-18 07:00:00",NULL,1312,NULL,"2026-07-30 16:36:47",45,"*GOING TO AUCTION* 334 MOBE IN 09/17/24 - (REC'D 09/18/24) @ 1205 HRS; 334 MOBE OUT TO AUCTION - 09/17/24 - (REC'D 10/15/24) @ 1205 HRS",0,1,e5fba0a5-7f22-4446-ae8e-2b95cc15bb8a
15907,54127,"2025-09-24 07:00:00",NULL,1312,NULL,"2026-07-30 16:38:17",45,AppXchange,0,1,87a2fe1a-5b66-4c7c-8c3c-99012333f030
15997,54128,"2015-11-15 07:00:00",NULL,1312,NULL,"2026-07-30 17:00:43",45,AppXchange,0,1,c0954cab-92fd-4783-8b31-32f04b861622
15776,55196,"2026-07-27 07:00:00",NULL,1309,NULL,"2026-07-29 20:08:32",45,AppXchange,0,1,4ea12299-9c96-4df9-89b8-2b856768bd41
16146,55197,"2026-07-31 07:00:00",NULL,1309,NULL,"2026-08-04 14:34:06",45,AppXchange,0,1,a2774b74-e2b2-43b4-887e-1c0020e40a72
15778,55199,"2026-07-22 07:00:00",NULL,1312,NULL,"2026-07-29 20:11:19",45,AppXchange,0,1,659a99b0-2864-4be7-80f0-6f0ab3429238
15775,55206,"2024-08-12 07:00:00",NULL,1309,NULL,"2026-07-29 20:04:03",45,AppXchange,0,1,7465adee-0e13-49da-9119-d1a6470ae57c
15777,55211,"2026-07-27 07:00:00",NULL,1309,NULL,"2026-07-29 20:09:37",45,AppXchange,0,1,40fbbdee-d05d-41ab-aaf0-978dfe8f7cd4
16102,55224,"2026-07-30 07:00:00","2026-08-03 07:00:00",1309,1310,"2026-07-30 19:32:50",45,AppXchange,0,0,7796c52a-f175-45a4-b00b-a6a9c505a111
16145,55224,"2026-08-03 07:00:00",NULL,1310,NULL,"2026-08-04 02:33:37",45,AppXchange,0,1,bb0317cf-71ec-4f77-a692-7d905c46a601
16320,55235,"2026-08-14 07:00:00",NULL,1309,NULL,"2026-08-13 16:04:12",45,Vista,0,1,078fec93-21c1-4f82-a799-765953e2f32b
