equipmentCodeId,jobId,createdTimestampUtc,createdByUserId,equipmentCode,description,accountingCode,estimatingCode,jobOperatorLaborCodeId,isActive,jobChargeRatePerHour,uuid
2711,NULL,NULL,45,116200,"AMERICAN OHIO 5030-DE LOCOMOTIVE CRANE - 35 TON",1S,NULL,NULL,1,NULL,2a30f6b4-04cb-4e07-9013-671c68c4cdbd
2712,NULL,NULL,45,117600,"MANITOWOC MLC165-1",1S,NULL,NULL,1,NULL,e71bfbf6-0a9a-4d28-b9bc-557533cb558b
2713,NULL,NULL,45,116200,"AMERICAN OHIO 5030-DE LOCOMOTIVE CRANE - 35 TON",8,NULL,NULL,1,NULL,eb9e161f-1031-447b-a4b8-b5badab8d141
2714,NULL,NULL,45,116200,"AMERICAN OHIO 5030-DE LOCOMOTIVE CRANE - 35 TON",1O,NULL,NULL,1,NULL,1149afb6-200a-43cf-97fc-61e678b51c13
2715,NULL,NULL,45,117600,"MANITOWOC MLC165-1",1O,NULL,NULL,1,NULL,5adb2caa-3238-41d3-8c98-5cf214644d77
2716,NULL,NULL,45,118300,"TADANO GTC-1300 TELE-CRAWLER",1O,NULL,NULL,1,NULL,4dd14781-0d19-4af9-95e9-1fa915b067a9
2717,NULL,NULL,45,117800,"MANITOWOC MLC165-1",1O,NULL,NULL,1,NULL,2adcb7b3-f082-4644-bffd-df8079ef3898
2718,NULL,NULL,45,119000,"MANITOWOC MLC165-1",1O,NULL,NULL,1,NULL,63d0782b-cdd6-45cc-9ea0-a9a0aae0a091
2719,NULL,NULL,45,117800,"MANITOWOC MLC165-1",1M,NULL,NULL,1,NULL,8f753fd6-85fc-45de-86d0-cddff0a0bee1
2720,NULL,NULL,45,117600,"MANITOWOC MLC165-1",1M,NULL,NULL,1,NULL,40f07cad-2fc0-426f-b238-e6ece1fd70e3
2721,NULL,NULL,45,422000,"HI-RAIL ROTARY DUMP TRUCK-FORD LT9513 (TO AUCTION)",1O,NULL,NULL,1,NULL,0187f758-60ad-4e9c-8ab2-80e9bdd46a8f
2722,NULL,NULL,45,118300,"TADANO GTC-1300 TELE-CRAWLER",1M,NULL,NULL,1,NULL,354849c9-a049-4851-ae25-8b21b9d81c48
2723,NULL,NULL,45,119300,"TADANO GTC-900 TELE-CRAWLER (ON RPO Hayden-Murphy)",1O,NULL,NULL,1,NULL,8fb80af9-ee85-4c50-b11b-4bfaaaf04d84
2724,NULL,NULL,45,116200,"AMERICAN OHIO 5030-DE LOCOMOTIVE CRANE - 35 TON",1M,NULL,NULL,1,NULL,c10d52b2-30bf-42cf-ae8d-1128a14a95b7
2725,NULL,NULL,45,117600,"MANITOWOC MLC165-1",8,NULL,NULL,1,NULL,f087e5bd-6599-4e99-b118-df1921a64232
2726,NULL,NULL,45,422200,"HI-RAIL CONCRETE TRUCK-VOLVO",1M,NULL,NULL,1,NULL,bdc77cf8-5ca9-4082-bfe8-65143a657279
2727,NULL,NULL,45,422000,"HI-RAIL ROTARY DUMP TRUCK-FORD LT9513 (TO AUCTION)",8,NULL,NULL,1,NULL,7a6ef370-e522-4821-98ac-986241e62500
2728,NULL,NULL,45,422000,"HI-RAIL ROTARY DUMP TRUCK-FORD LT9513 (TO AUCTION)",1S,NULL,NULL,1,NULL,9353792a-204b-41d7-8ec3-12f431f7e5b7
2729,NULL,NULL,45,422100,"HI-RAIL ROTARY DUMP TRUCK-FREIGHTLINER M2",1O,NULL,NULL,1,NULL,3d997f81-2532-4342-b281-e3521ac902c1
2730,NULL,NULL,45,423300,"HI-RAIL CABLE BOOM TRUCK-WESTERN STAR 4700SB (26Ton)",1S,NULL,NULL,1,NULL,923cf435-5c5f-4a5d-a270-1aa4f3c77b76
2731,NULL,NULL,45,422000,"HI-RAIL ROTARY DUMP TRUCK-FORD LT9513 (TO AUCTION)",1M,NULL,NULL,1,NULL,63d75223-8e76-4c1e-88c7-a138606b4678
2732,NULL,NULL,45,422100,"HI-RAIL ROTARY DUMP TRUCK-FREIGHTLINER M2",8,NULL,NULL,1,NULL,20f37718-0d8b-44f4-988c-93202d1190a0
2733,NULL,NULL,45,118300,"TADANO GTC-1300 TELE-CRAWLER",1S,NULL,NULL,1,NULL,84c7bbed-5127-4e59-b484-5395b5e2a5d4
2734,NULL,NULL,45,422200,"HI-RAIL CONCRETE TRUCK-VOLVO",1S,NULL,NULL,1,NULL,64510231-bc41-449c-b0b4-b8a25ce2562a
2735,NULL,NULL,45,424000,"CAT 745GC HAUL TRUCK (Off Road Only)(On RPO) Fabick(Totaled)",1O,NULL,NULL,1,NULL,882a0d0a-07b1-4eae-b5d5-2e66b20ecc66
2736,NULL,NULL,45,422100,"HI-RAIL ROTARY DUMP TRUCK-FREIGHTLINER M2",1M,NULL,NULL,1,NULL,5662a47c-3a6f-412f-acb0-21a22692d378
2737,NULL,NULL,45,423300,"HI-RAIL CABLE BOOM TRUCK-WESTERN STAR 4700SB (26Ton)",1M,NULL,NULL,1,NULL,e089afb3-8002-49c0-8948-53d9e73c3ece
2738,NULL,NULL,45,422200,"HI-RAIL CONCRETE TRUCK-VOLVO",1O,NULL,NULL,1,NULL,041a6321-32f2-4821-b985-ac889a2b40f2
2739,NULL,NULL,45,424500,"CAT 740GC HAUL TRUCK (Off Road Only)",1O,NULL,NULL,1,NULL,699daab2-0873-4b28-baf3-9cc9c3eb885a
2740,NULL,NULL,45,422100,"HI-RAIL ROTARY DUMP TRUCK-FREIGHTLINER M2",1S,NULL,NULL,1,NULL,20e580ba-73b7-4ae7-b3ec-f0b9fe952185
2741,NULL,NULL,45,424200,"CAT 745 HAUL TRUCK (Off Road Only)",1O,NULL,NULL,1,NULL,8afad06a-c066-4d33-91b9-1839fe93c6a8
2742,NULL,NULL,45,434200,"FREIGHTLINER 4000G WATER TRUCK",8D,NULL,NULL,1,NULL,b5bbdd1f-6cf6-4395-a2f6-162d5fb312c8
2743,NULL,NULL,45,423300,"HI-RAIL CABLE BOOM TRUCK-WESTERN STAR 4700SB (26Ton)",8,NULL,NULL,1,NULL,cacb681d-ad77-4ce5-91d8-fe1e4f392512
2744,NULL,NULL,45,422200,"HI-RAIL CONCRETE TRUCK-VOLVO",8,NULL,NULL,1,NULL,7a15f6e3-d0a4-42a4-9121-e1900acd8aa6
2745,NULL,NULL,45,434500,"INTERNATIONAL 4000G WATER TRUCK",1O,NULL,NULL,1,NULL,f432d196-3182-41e3-82b0-05db4da320e4
2746,NULL,NULL,45,423400,"HI-RAIL KNUCKLE BOOM TRK-WESTERN STAR",1S,NULL,NULL,1,NULL,cc5d8a40-12ba-41dd-b48c-3f358aa21186
2747,NULL,NULL,45,424600,"HI-RAIL ROTARY DUMP-INTERNATIONAL 1145D",1M,NULL,NULL,1,NULL,bea09ca1-1d8d-46f9-be20-ef881ca1d40f
2748,NULL,NULL,45,434200,"FREIGHTLINER 4000G WATER TRUCK",1O,NULL,NULL,1,NULL,209efdb8-1d52-45d0-838d-7acaa7707943
2749,NULL,NULL,45,423300,"HI-RAIL CABLE BOOM TRUCK-WESTERN STAR 4700SB (26Ton)",1O,NULL,NULL,1,NULL,b2cc2c75-e5f3-48dc-9ae8-004e853bca41
2750,NULL,NULL,45,434200,"FREIGHTLINER 4000G WATER TRUCK",8M,NULL,NULL,1,NULL,07f734e2-0274-4370-bb02-baae79fe3d40
2751,NULL,NULL,45,423400,"HI-RAIL KNUCKLE BOOM TRK-WESTERN STAR",1M,NULL,NULL,1,NULL,a09fffe5-c860-477b-a305-61513fb9a5ca
2752,NULL,NULL,45,434400,"INTERNATIONAL 4000G WATER TRUCK",1O,NULL,NULL,1,NULL,377bc46b-49d2-45dd-9076-b91af0654ca6
2753,NULL,NULL,45,525300,"CAT 938M LOADER",FHM,NULL,NULL,1,NULL,af8b7f83-3fe8-424a-a880-c05a00f4051d
2754,NULL,NULL,45,424600,"HI-RAIL ROTARY DUMP-INTERNATIONAL 1145D",1O,NULL,NULL,1,NULL,8d6111b8-4f22-4acf-a041-91d24cbd0b7b
2755,NULL,NULL,45,434300,"WATER TRUCK 2000 GAL KENWORTH T270",1O,NULL,NULL,1,NULL,a47f293b-4e74-412f-bf65-7cb4f19ad2fe
2756,NULL,NULL,45,525300,"CAT 938M LOADER",1M,NULL,NULL,1,NULL,53ec5849-9155-40d0-9bea-ef9e9a6f1db7
2757,NULL,NULL,45,434900,"FREIGHTLINER 4K WATER TRUCK (On RPO) Wagner - Was R-537903",1O,NULL,NULL,1,NULL,6ab8c627-5c84-41e3-841d-1ecbb3008e3c
2758,NULL,NULL,45,434200,"FREIGHTLINER 4000G WATER TRUCK",1M,NULL,NULL,1,NULL,9ff20ea4-8b19-4bda-83d9-3919dec59bc7
2759,NULL,NULL,45,423400,"HI-RAIL KNUCKLE BOOM TRK-WESTERN STAR",1O,NULL,NULL,1,NULL,d6bd2440-932b-4a0e-9ea7-3590d0a6ac66
2760,NULL,NULL,45,434600,"WATER TRUCK 2000 GAL FORD F750",1O,NULL,NULL,1,NULL,ce983391-26bf-4363-a0ac-b1087d79dad0
2761,NULL,NULL,45,525400,"CAT 938M LOADER",1O,NULL,NULL,1,NULL,9501fe67-6ca5-4e2f-a31e-54af1be44dca
2762,NULL,NULL,45,525400,"CAT 938M LOADER",FHM,NULL,NULL,1,NULL,c70e70c3-1fb1-4be7-8891-3eb97e4f2b91
2763,NULL,NULL,45,525500,"CAT 950GC LOADER",1M,NULL,NULL,1,NULL,a0242ede-6f32-459e-9087-2de4f1b6ba5c
2764,NULL,NULL,45,525400,"CAT 938M LOADER",1M,NULL,NULL,1,NULL,e8f6a260-2735-4a25-9910-429d443dda22
2765,NULL,NULL,45,525500,"CAT 950GC LOADER",FHM,NULL,NULL,1,NULL,0dbc91d0-8f16-4a2f-a625-661ee592251e
2766,NULL,NULL,45,525600,"CAT 972M LOADER",1M,NULL,NULL,1,NULL,63c85ba1-95b0-4531-9330-3fb5e9ab0f78
2767,NULL,NULL,45,525900,"CAT 938M LOADER",1O,NULL,NULL,1,NULL,9e72bebe-a7d7-452a-b921-2bb15024028e
2768,NULL,NULL,45,525700,"CAT 950GC LOADER",1M,NULL,NULL,1,NULL,e4100ebf-ee25-4b8c-b840-2d3e7bfc6897
2769,NULL,NULL,45,525700,"CAT 950GC LOADER",FHM,NULL,NULL,1,NULL,d01b05fc-a57c-4676-a034-aa3272d648c2
2770,NULL,NULL,45,525600,"CAT 972M LOADER",FHM,NULL,NULL,1,NULL,c706f949-1e5b-4a71-83cd-ffab2cc6a3c0
2771,NULL,NULL,45,525800,"CAT 950GC LOADER",1M,NULL,NULL,1,NULL,097136a5-1eec-4a4f-8e12-174ed70e555a
2772,NULL,NULL,45,545900,"BUCKET 66" SKELETON WT-HEX",8,NULL,NULL,1,NULL,2d6d37eb-1f59-4060-bec9-a9ff1acf19bf
2773,NULL,NULL,45,526200,"CAT 950GC LOADER",1O,NULL,NULL,1,NULL,4ecd3c5d-3a73-4a4b-8590-58ef2d41a303
2774,NULL,NULL,45,526100,"CAT 980 LOADER",1O,NULL,NULL,1,NULL,a8152332-2785-4649-bf94-b5e4554fc946
2775,NULL,NULL,45,551700,"CAT D6T XL DOZER",1O,NULL,NULL,1,NULL,c0294742-1eea-47fd-afbb-e4567f518aa2
2776,NULL,NULL,45,553100,"RAILROAD SERVICE CART (RF)",8,NULL,NULL,1,NULL,772b07b7-7f6f-4113-abb8-860d981ba86b
2777,NULL,NULL,45,553600,"RAILROAD SERVICE CART (RF)",8,NULL,NULL,1,NULL,dac984b3-f90d-4de9-b1cb-92e619a9edf2
2778,NULL,NULL,45,553200,"RAILROAD SERVICE CART (RF)",8,NULL,NULL,1,NULL,e6ff7763-f060-4fab-83a6-377add2121a9
2779,NULL,NULL,45,526000,"CAT 950 LOADER",1O,NULL,NULL,1,NULL,9ed26098-37b9-4785-b4db-b4957a01c1f7
2780,NULL,NULL,45,553700,"RAILROAD SERVICE CART",8,NULL,NULL,1,NULL,7cf2d516-4165-49b1-9c99-f5c72cee3037
2781,NULL,NULL,45,560500,"JD 772GP MOTOR GRADER",1M,NULL,NULL,1,NULL,18d931a9-073f-41d1-8298-62f8b92bb3e3
2782,NULL,NULL,45,560500,"JD 772GP MOTOR GRADER",1O,NULL,NULL,1,NULL,8957c049-30cf-472f-b185-4033ac1ed0bb
2783,NULL,NULL,45,560500,"JD 772GP MOTOR GRADER",8D,NULL,NULL,1,NULL,cb4da050-904d-43d7-884d-b1a7b4270970
2784,NULL,NULL,45,560500,"JD 772GP MOTOR GRADER",1S,NULL,NULL,1,NULL,7083e9f6-216a-4834-a287-7394b9cd3748
2785,NULL,NULL,45,560500,"JD 772GP MOTOR GRADER",8M,NULL,NULL,1,NULL,eb65cadd-c370-482b-9ded-103c6e73fddd
2786,NULL,NULL,45,560600,"CAT 336-07HT EXCAVATOR W/ THUMB",1M,NULL,NULL,1,NULL,d967de8c-0947-49ac-9a17-6947d452e1ec
2787,NULL,NULL,45,560500,"JD 772GP MOTOR GRADER",8S,NULL,NULL,1,NULL,b496680d-4b62-4b28-8f51-178eb59a789b
2788,NULL,NULL,45,561100,"CAT 289 TRACK SKIDSTEER",8D,NULL,NULL,1,NULL,7ec0f32f-ecd0-4d78-913d-a05d10834f24
2789,NULL,NULL,45,561100,"CAT 289 TRACK SKIDSTEER",8M,NULL,NULL,1,NULL,48766291-08b3-4e91-b378-38bd45dd0632
2790,NULL,NULL,45,561400,"CAT305 E2 EXCAVATOR",1O,NULL,NULL,1,NULL,e9a68c0b-9f72-4f9b-9495-76a42aa9420b
2791,NULL,NULL,45,562300,"CAT 325-07HTS EXCAVATOR",1O,NULL,NULL,1,NULL,c63c8f6b-94dd-4605-bded-edf3ab14f3de
2792,NULL,NULL,45,562300,"CAT 325-07HTS EXCAVATOR",1S,NULL,NULL,1,NULL,f9e1304d-d95d-4b1a-ad54-3ad5b4f2698a
2793,NULL,NULL,45,560600,"CAT 336-07HT EXCAVATOR W/ THUMB",1O,NULL,NULL,1,NULL,9ac38b8b-fe83-433f-9c3a-d9998aa85a3c
2794,NULL,NULL,45,562400,"CAT 336F EXCAVATOR W/ THUMB",1O,NULL,NULL,1,NULL,ac4c69e4-9a44-4d1e-ac27-9896bd39d140
2795,NULL,NULL,45,563900,"CAT 336-08HT EXCAVATOR W/ THUMB",1M,NULL,NULL,1,NULL,e698ff63-d908-40da-a9b1-05873f6056e0
2796,NULL,NULL,45,562300,"CAT 325-07HTS EXCAVATOR",1M,NULL,NULL,1,NULL,f198be99-cfdc-42a0-bf99-9c59657d7bc3
2797,NULL,NULL,45,564000,"CAT 352-08FG EXCAVATOR W/ THUMB",FHM,NULL,NULL,1,NULL,9503db82-6bee-471d-977b-b2f7e85985f4
2798,NULL,NULL,45,564000,"CAT 352-08FG EXCAVATOR W/ THUMB",1M,NULL,NULL,1,NULL,7271763d-521a-4523-844e-d35052b7ad1e
2799,NULL,NULL,45,563900,"CAT 336-08HT EXCAVATOR W/ THUMB",FHM,NULL,NULL,1,NULL,3f967053-62be-42e1-8d06-370a4757e8fe
2800,NULL,NULL,45,564100,"CAT 325F HT EXCAVATOR",1O,NULL,NULL,1,NULL,0ef80665-030e-4307-8bc5-a09e2d9b729d
2801,NULL,NULL,45,564400,"CAT 313GC EXCAVATOR",1O,NULL,NULL,1,NULL,8c82123b-945d-4ea3-8358-02a06c709f9f
2802,NULL,NULL,45,564300,"CAT 315GC EXCAVATOR",1O,NULL,NULL,1,NULL,3071a332-6d40-43fa-af71-eb4903e2510c
2803,NULL,NULL,45,564500,"CAT 336F EXCAVATOR W/ THUMB",FHM,NULL,NULL,1,NULL,0753fc25-6546-492e-a3b1-e8f414f052d8
2804,NULL,NULL,45,564600,"CAT CS7 66" SD ROLLER",1O,NULL,NULL,1,NULL,dd021d5d-6b78-4c7d-a418-d568debad2fc
2805,NULL,NULL,45,564200,"CAT 325-07HT EXCAVATOR",1O,NULL,NULL,1,NULL,48ce1953-e0bc-4741-893b-be9627fc3422
2806,NULL,NULL,45,564800,"CAT 289D3 TRACK SKIDSTEER",FHM,NULL,NULL,1,NULL,d2b872b6-4376-487f-bce0-47be09f79da9
2807,NULL,NULL,45,564800,"CAT 289D3 TRACK SKIDSTEER",1M,NULL,NULL,1,NULL,0ee2021a-eede-4997-a389-5169dd3c99f9
2808,NULL,NULL,45,564600,"CAT CS7 66" SD ROLLER",1M,NULL,NULL,1,NULL,fb760bcc-ddfc-4fab-a900-1d7b652ad8eb
2809,NULL,NULL,45,564700,"CAT 336-08HT EXCAVATOR W/ THUMB (Plumbed for MKT V5E #6616)",1M,NULL,NULL,1,NULL,54833ae7-be8a-41ac-b3fe-1ff9be2b48e9
2810,NULL,NULL,45,564700,"CAT 336-08HT EXCAVATOR W/ THUMB (Plumbed for MKT V5E #6616)",FHM,NULL,NULL,1,NULL,77675e4f-ca5a-4651-9276-87c3136f8f10
2811,NULL,NULL,45,911100,"XTREME XR1255 FORKLIFT 12000#",1O,NULL,NULL,1,NULL,994c24e1-aa2c-4b5a-a41c-49c7ade1c3b8
2812,NULL,NULL,45,909500,"XTREME XR1255 FORKLIFT 12000#",1M,NULL,NULL,1,NULL,3d505355-a074-40ab-bf54-aadc719a8adc
2813,NULL,NULL,45,911400,"CAT TH255C FORKLIFT",1O,NULL,NULL,1,NULL,267b172e-38f4-4aaf-910a-babc61a85d6c
2814,NULL,NULL,45,912400,"XTREME XR2034 FORKLIFT 20000#",1O,NULL,NULL,1,NULL,51bb9b66-c173-4a68-946b-905fc63b3442
2815,NULL,NULL,45,911500,"KAWASAKI MULE UTV MODEL  KAF400PSFNN",8,NULL,NULL,1,NULL,d377edad-34b0-4882-84f2-aefda9c1203a
2816,NULL,NULL,45,912300,"BOOMLIFT-GENIE S85XC (On RPO Wagner)",1O,NULL,NULL,1,NULL,674d007d-dd9a-4c4e-b606-7b44660a021a
2817,NULL,NULL,45,950300,"FORD BRONCO RAPTOR 4X4 - PETERSON, SCOTT",8,NULL,NULL,1,NULL,b4ee80b6-f2d7-4b15-aa71-a1f81d693a2e
2818,NULL,NULL,45,950100,"GMC YUKON AT4 SUV AWE - ZANETELL, DAVE",8,NULL,NULL,1,NULL,52c626bb-e691-4315-8973-ee6221def959
2819,NULL,NULL,45,911200,"XTREME XR1255 FORKLIFT 12000#",1O,NULL,NULL,1,NULL,f605417e-fbd6-4b07-8e61-72cb4f531279
2820,NULL,NULL,45,950400,"FORD BRONCO RAPTOR 4X4 - PETERSON, SCOTT",8,NULL,NULL,1,NULL,987def86-802f-4874-be36-f3afcab26d52
2821,NULL,NULL,45,PEHT152,"CAT740C EJECTORY HAUL TRUCK",8M,NULL,NULL,1,NULL,aee335a7-b897-412b-85e7-73690af21ab3
2822,NULL,NULL,45,R-35975,*299,8M,NULL,NULL,1,NULL,89183592-d7d7-48cb-afbe-db7b3596f85f
2823,NULL,NULL,45,912200,"BOOMLIFT-GENIE S85XC (On RPO Wagner)",1O,NULL,NULL,1,NULL,4c89f050-d423-45b7-b336-ecdd35041126
2824,NULL,NULL,45,PEHT153,"CAT740C EJECTOR HAUL TRUCK",8M,NULL,NULL,1,NULL,20420ead-76f1-453f-9315-ec36748876a8
2825,NULL,NULL,45,PEE143,"KOMATSU PC350LC-8 EXCAVATOR W/ PROCESSOR (Off Rent 8/14/20",8M,NULL,NULL,1,NULL,b0298e27-37bb-4c20-818a-f4bf51bbd96f
2826,NULL,NULL,45,R-52777,"CAT 313GC EXCAVATOR w/ H115 HMMR (Wagner)",1M,NULL,NULL,1,NULL,f3add4ef-3d7f-49eb-a803-90e4b23a3418
2827,NULL,NULL,45,R-52777,"CAT 313GC EXCAVATOR w/ H115 HMMR (Wagner)",FHM,NULL,NULL,1,NULL,52101899-27d0-4924-8c17-f88e24b03df2
2828,NULL,NULL,45,911300,"CAT TH255C FORKLIFT",1O,NULL,NULL,1,NULL,0fdacdf4-296e-4158-895f-ebe0c87723c9
2829,NULL,NULL,45,R-52777,"CAT 313GC EXCAVATOR w/ H115 HMMR (Wagner)",1O,NULL,NULL,1,NULL,ea3982b7-5e57-4661-8e77-02e3a81f2937
2830,NULL,NULL,45,R-000474,"MANITOWOC MLC100A-1 (on RPO)Returned to Hayden Murphy 090523",1M,NULL,NULL,1,NULL,19d3b93b-8b51-4786-9fab-e1ce396b68c8
2831,NULL,NULL,45,W464877,"CAT305.5 EXCAVATOR W/ THUMB (off rent 10/20/20)",8M,NULL,NULL,1,NULL,27b917f2-8957-4a87-8151-fe3ba27bb11f
2832,NULL,NULL,45,950200,"FORD F150 RAPTOR 4WD SUPERCREW-PETERSON, SCOTT",8,NULL,NULL,1,NULL,b346f330-45e4-406b-b4c5-990e44f6ec4f
2833,NULL,NULL,45,W466721,"CAT289 SKIDSTEER (off Rent 7/31/20)",8M,NULL,NULL,1,NULL,04898c95-af5b-40b3-a009-e6ba5a7d018c
2834,NULL,NULL,45,R-000482,"MANITOWOC MLC165  (Hayden Murphy) Purchased Now #1189",1M,NULL,NULL,1,NULL,b241c3f2-da83-4c44-877f-c07d7600dc02
2835,NULL,NULL,45,R-000483,"MANITOWOC MLC165 (Hayden Murphy)",1M,NULL,NULL,1,NULL,807d907b-3231-41dc-8f52-49879919b7af
2836,NULL,NULL,45,900200,"EARTH BORING MACHINE (Sold 2-16-23)",1M,NULL,NULL,1,NULL,ad34da36-d7e3-4b4d-8087-6d3366251479
2837,NULL,NULL,45,900200,"EARTH BORING MACHINE (Sold 2-16-23)",8,NULL,NULL,1,NULL,7bfdc701-5f3d-4343-8dc5-3471e51bbf88
2838,NULL,NULL,45,900200,"EARTH BORING MACHINE (Sold 2-16-23)",1O,NULL,NULL,1,NULL,2506455f-f37b-45ab-8f3d-f198fdb2b442
2839,NULL,NULL,45,900600,"HI-RAIL KNUCKLE BOOM TRUCK-STERLING LT9513 (SOLD 9-3-21)",1O,NULL,NULL,1,NULL,5fd44706-52e1-414d-9244-968b1b785cb3
2840,NULL,NULL,45,900200,"EARTH BORING MACHINE (Sold 2-16-23)",1S,NULL,NULL,1,NULL,3fcb74b7-c0f5-4f51-bfa2-7b9d68a4c6bc
2841,NULL,NULL,45,900600,"HI-RAIL KNUCKLE BOOM TRUCK-STERLING LT9513 (SOLD 9-3-21)",1M,NULL,NULL,1,NULL,b60bc898-d3c7-4a81-9779-8278504a0f59
2842,NULL,NULL,45,900600,"HI-RAIL KNUCKLE BOOM TRUCK-STERLING LT9513 (SOLD 9-3-21)",8,NULL,NULL,1,NULL,594a3dbd-ee0d-4086-8525-b877368bead1
2843,NULL,NULL,45,900800,"EARTH BORING MACHINE 42" (Sold 1-4-24)",1O,NULL,NULL,1,NULL,da3875ea-0a1a-4060-9de1-5538c48406cc
2844,NULL,NULL,45,900600,"HI-RAIL KNUCKLE BOOM TRUCK-STERLING LT9513 (SOLD 9-3-21)",1S,NULL,NULL,1,NULL,f533f477-1329-4465-b178-e2447ac9812b
2845,NULL,NULL,45,903600,"HI-RAIL WESTERN STAR GRAPPLE TRUCK",1O,NULL,NULL,1,NULL,7c966753-8330-4280-803a-39cb95e0c14e
2846,NULL,NULL,45,903600,"HI-RAIL WESTERN STAR GRAPPLE TRUCK",1S,NULL,NULL,1,NULL,cc5e22f7-1a68-49ff-bbc6-3ef77d493670
2847,NULL,NULL,45,903600,"HI-RAIL WESTERN STAR GRAPPLE TRUCK",1M,NULL,NULL,1,NULL,e8cb349a-6817-460f-a5f7-da4d5f1a5eb7
2848,NULL,NULL,45,903600,"HI-RAIL WESTERN STAR GRAPPLE TRUCK",8,NULL,NULL,1,NULL,97e2cc94-eb40-4e21-849c-f0a71f3d847a
2849,NULL,NULL,45,900800,"EARTH BORING MACHINE 42" (Sold 1-4-24)",8,NULL,NULL,1,NULL,9d065428-ad9a-4d76-91c7-37f261a1b521
2850,NULL,NULL,45,900800,"EARTH BORING MACHINE 42" (Sold 1-4-24)",1S,NULL,NULL,1,NULL,9cfae7be-3858-49b3-bf61-925c57bfe38c
2851,NULL,NULL,45,900800,"EARTH BORING MACHINE 42" (Sold 1-4-24)",1M,NULL,NULL,1,NULL,03373e92-9f6f-47ae-9bd7-3c1b012beb42
2852,NULL,NULL,45,904500,"DYMAX CRANE TRAIN",1O,NULL,NULL,1,NULL,bf35437c-3b58-4a68-afbb-765ce0d54491
2853,NULL,NULL,45,905200,"KAWASAKI MULE UTV MODEL KAF400HHS",8,NULL,NULL,1,NULL,077e476c-8cad-46da-93e8-d468d8c07d7e
2854,NULL,NULL,45,904500,"DYMAX CRANE TRAIN",8,NULL,NULL,1,NULL,cfb70c29-bcba-4920-98e2-1d84cb100c00
2855,NULL,NULL,45,904500,"DYMAX CRANE TRAIN",1S,NULL,NULL,1,NULL,3ffd7430-88d8-4c43-9800-d408fb53e2f8
2856,NULL,NULL,45,905500,"KAWASAKI MULE UTV MODEL KAF400JKF (SOLD 04/08/26)",8,NULL,NULL,1,NULL,726e0f2a-6ead-463e-ad31-e5cda8705987
2857,NULL,NULL,45,909600,"CAT TH255CCAB FORKLIFT",1M,NULL,NULL,1,NULL,678dcdc9-be35-4e8d-95d7-048e4c3bb3b3
2858,NULL,NULL,45,904500,"DYMAX CRANE TRAIN",1M,NULL,NULL,1,NULL,5b5a1df6-56f6-49e2-b2de-82340f34242b
2859,NULL,NULL,45,910900,"XTREME XR1255 FORKLIFT 12000#",1O,NULL,NULL,1,NULL,e6ce2491-15de-4c2e-94e7-e4cc52e9d3ee
2860,NULL,NULL,45,910800,"XTREME XR1255 FORKLIFT 12000#",1O,NULL,NULL,1,NULL,22ac507c-366b-4efb-a046-a91283d915b5
2861,NULL,NULL,45,567800,"CAT259/255 TRACK SKIDSTEER (On RPO) Wagner",1O,NULL,NULL,1,NULL,61bc9bb7-912a-42d1-999d-c9780a868eb2
2862,NULL,NULL,45,566200,"CAT 299D3 TRACK SKIDSTEER",1O,NULL,NULL,1,NULL,61d6900e-d048-4b64-89fb-d4000d9c007c
2863,NULL,NULL,45,568000,"CAT259/255 TRACK SKIDSTEER (On RPO) Wagner",1O,NULL,NULL,1,NULL,4a52aa6e-15c0-4887-b65d-ffe1d8bea40b
2864,NULL,NULL,45,567500,"CAT352-07 LR EXCAVATOR",1O,NULL,NULL,1,NULL,4a2fedfa-a402-4687-9468-ddf27b848385
2865,NULL,NULL,45,568200,"CAT 289/265 TRACK SKIDSTEER (On RPO) Wagner",1O,NULL,NULL,1,NULL,86ce2ba9-b5ca-4aad-b9d9-67a3618e8930
2866,NULL,NULL,45,693200,"CAMERA/SECURITY TRAILER w/ Full 360 PTZ Camera (on RPO NCM)",8,NULL,NULL,1,NULL,4d454e03-7c9b-4307-abdd-b90eb667d649
2867,NULL,NULL,45,567700,"CAT259/255 TRACK SKIDSTEER (On RPO) Wagner",1O,NULL,NULL,1,NULL,09f332e6-85e7-4ba4-9597-b4ed8bfdd0c4
2868,NULL,NULL,45,567400,"CAT CP56B SHEEPSFOOT 84 inch ROLLER",1O,NULL,NULL,1,NULL,1f8fc6ee-a5bc-47a8-a57c-36bceaaf5892
2869,NULL,NULL,45,566600,"CAT 265 TRACK SKIDSTEER",1O,NULL,NULL,1,NULL,5737f242-64ac-42c4-8d20-f00f65f77317
2870,NULL,NULL,45,568300,"CAT 289/265 TRACK SKIDSTEER (On RPO) Fabick",1O,NULL,NULL,1,NULL,627dff1f-0768-4b80-bdb9-aa475859d0ca
2871,NULL,NULL,45,692900,"GENERATOR CAT XQ20 (on RPO) Fabick",8,NULL,NULL,1,NULL,b99f34a1-5421-44ed-b226-87bcfc886939
2872,NULL,NULL,45,692800,"GENERATOR CAT XQ20 (on RPO) Fabick",8,NULL,NULL,1,NULL,2796e3d5-ac47-4d14-a4e0-6f4704b2284a
2873,NULL,NULL,45,899700,"HI-RAIL BOOM TRUCK-STERLING LT9513 (SOLD)",1S,NULL,NULL,1,NULL,1145f839-3326-4ab0-a9e1-9a058ca29fd0
2874,NULL,NULL,45,693300,"CAMERA/SECURITY TRAILER w/ Full 360 PTZ Camera (on RPO NCM)",8,NULL,NULL,1,NULL,fda4252f-fe40-4489-a3a4-a81c0c84f88f
2875,NULL,NULL,45,899700,"HI-RAIL BOOM TRUCK-STERLING LT9513 (SOLD)",1O,NULL,NULL,1,NULL,ea590c53-e141-4175-aa96-022b2dabcfc7
2876,NULL,NULL,45,568100,"CAT259/255 TRACK SKIDSTEER (On RPO) Wagner",1O,NULL,NULL,1,NULL,2ac1277c-b319-42fc-a2f4-bbfef4e38afa
2877,NULL,NULL,45,899700,"HI-RAIL BOOM TRUCK-STERLING LT9513 (SOLD)",1M,NULL,NULL,1,NULL,c8272b83-d537-40d0-b845-b2070ec0bda2
2878,NULL,NULL,45,692700,"GENERATOR CAT XQ20 (on RPO) Fabick",8,NULL,NULL,1,NULL,c4344647-3cb0-40e1-95cd-0ea4a58de8c1
2879,NULL,NULL,45,693000,"CAMERA/SECURITY TRAILER w/ Full 360 PTZ Camera (on RPO NCM)",8,NULL,NULL,1,NULL,b97b1b92-f946-4537-8fd9-f12560db77c1
2880,NULL,NULL,45,568400,"CAT 289/265 TRACK SKIDSTEER (On RPO) Fabick",1O,NULL,NULL,1,NULL,29118228-0eb9-4d20-98a6-61c4d080b303
2881,NULL,NULL,45,568600,"CAT299/275 TRACK SKIDSTEER (On RPO) Fabick",1O,NULL,NULL,1,NULL,239900e3-f9a8-4171-a021-c0890c7b7036
2882,NULL,NULL,45,568500,"CAT259/255 TRACK SKIDSTEER (On RPO) Fabick",1O,NULL,NULL,1,NULL,40e1acf0-f8f3-49aa-af8b-3b0f64c3a6b7
2883,NULL,NULL,45,899700,"HI-RAIL BOOM TRUCK-STERLING LT9513 (SOLD)",8,NULL,NULL,1,NULL,24e8dfa7-a75a-4a6f-9064-e4c6b29671df
2884,NULL,NULL,45,693100,"CAMERA/SECURITY TRAILER w/ Full 360 PTZ Camera (on RPO NCM)",8,NULL,NULL,1,NULL,7fd3a7c1-8d01-4116-a60f-431bdee355ff
2885,NULL,NULL,45,760300,"RAILROAD SERVICE CART 16'",8,NULL,NULL,1,NULL,9ce2140b-3dde-4dfb-b417-544f4e309f6c
2886,NULL,NULL,45,565400,"CAT 313 EXCAVATOR",1O,NULL,NULL,1,NULL,d4eb1819-a090-48e2-83d5-c16cd7c899e0
2887,NULL,NULL,45,565100,"CAT CS11GC SMOOTH DRUM 84 inch ROLLER",1O,NULL,NULL,1,NULL,16fec62d-ef61-4e44-b5b8-0c6a98a669e3
2888,NULL,NULL,45,565000,"CAT 336 EXCAVATOR w/THUMB & GPS",FHM,NULL,NULL,1,NULL,1f48e3b6-97ad-4d81-84e5-f512901743b7
2889,NULL,NULL,45,565000,"CAT 336 EXCAVATOR w/THUMB & GPS",1M,NULL,NULL,1,NULL,7d5de2b7-a06e-4988-ae28-deca435921ab
2890,NULL,NULL,45,565800,"CAT 265/289 TRACK SKIDSTEER",1O,NULL,NULL,1,NULL,4f9159a2-8870-45fb-9b97-87767f8346a2
2891,NULL,NULL,45,565700,"CAT 255/259 TRACK SKIDSTEER",1O,NULL,NULL,1,NULL,601e0a57-d40e-45d4-bd28-6a78235ec44f
2892,NULL,NULL,45,564900,"CAT 308 EXCAVATOR W/ THUMB",1O,NULL,NULL,1,NULL,b188fd6b-72ee-4959-8520-b8980c7aed61
2893,NULL,NULL,45,565500,"CAT 313 EXCAVATOR",1O,NULL,NULL,1,NULL,f2864b07-0202-40c0-a27e-ea03646ae762
2894,NULL,NULL,45,565900,"CAT 336-08HT EXCAVATOR",1M,NULL,NULL,1,NULL,7a60029c-7164-4733-965f-dcd70fb7e621
2895,NULL,NULL,45,566100,"CAT 279D3 TRACK SKIDSTEER",1O,NULL,NULL,1,NULL,8c16bf0f-9ef2-4a8d-abda-64c51d4e8713
2896,NULL,NULL,45,565600,"CAT 305 EXCAVATOR",1O,NULL,NULL,1,NULL,a4a78c9a-ed1b-4ace-b831-ee723ec4c71f
2897,NULL,NULL,45,566300,"CAT 335 EXCAVATOR",1O,NULL,NULL,1,NULL,fb3ef90d-fbcd-4e51-b580-02514a45182e
2898,NULL,NULL,45,566400,"CAT 325-07HT EXCAVATOR",1O,NULL,NULL,1,NULL,74048801-78d2-4b71-aea2-db6d1763fa9c
2899,NULL,NULL,45,565900,"CAT 336-08HT EXCAVATOR",1O,NULL,NULL,1,NULL,8418cb7d-5b34-41e7-af4a-2bff46e6efa1
2900,NULL,NULL,45,566000,"CAT 299D3 TRACK SKIDSTEER",1M,NULL,NULL,1,NULL,69fe06d4-66d2-4df9-9aeb-5735d96ec697
2901,NULL,NULL,45,566500,"CAT 336-08HT EXCAVATOR",1O,NULL,NULL,1,NULL,f8cba7f4-bf44-4573-b807-56395d467fea
2902,NULL,NULL,45,566700,"CAT 265 TRACK SKIDSTEER",1O,NULL,NULL,1,NULL,d944b657-b0aa-4c4d-9e2a-aeb17babb6ec
2903,NULL,NULL,45,566800,"CAT 265 TRACK SKIDSTEER",1O,NULL,NULL,1,NULL,f4bb999d-9f91-4e02-a933-7aeffd6e6edd
2904,NULL,NULL,45,567300,"CAT 320 EXCAVATOR",1O,NULL,NULL,1,NULL,d22b25a7-e2e9-478b-94b2-1f4cef79e483
2905,NULL,NULL,45,566900,"CAT 140 GRADER",1O,NULL,NULL,1,NULL,4ab69a93-10a1-4ee2-a82c-3b96caee40d2
2906,NULL,NULL,45,567100,"CAT 336 EXCAVATOR",1O,NULL,NULL,1,NULL,430d45e9-db49-4d81-abe7-a30a6b1ede19
2907,NULL,NULL,45,567200,"CAT 320 EXCAVATOR",1O,NULL,NULL,1,NULL,e3ec5072-2259-417b-b866-52babb75fac9
2908,NULL,NULL,45,567900,"CAT259/255 TRACK SKIDSTEER (On RPO) Wagner",1O,NULL,NULL,1,NULL,5123e987-a543-476d-aadc-7f4d1b7fe5e1
2909,NULL,NULL,45,567600,"CAT352 EXCAVATOR (On RPO) Wagner-was R-504692",1O,NULL,NULL,1,NULL,7a6e24c9-ba3a-43db-a231-98cfe7597120
2910,NULL,NULL,45,567000,"CAT D6 DOZER",1O,NULL,NULL,1,NULL,1ab0094e-1198-41a8-89b8-412992d335f3
2911,NULL,NULL,45,R-000861,"MANITOWOC MLC165 (Purchased 06/11/25 NOW #1191)",1M,NULL,NULL,1,NULL,abaf6ea4-21ad-405e-9c62-3762d4eef2d1
2912,NULL,NULL,45,R-000R83,"HAMM H12I VIBRATORY COMPACTOR (Performance)",1O,NULL,NULL,1,NULL,3c9bea78-ea86-4513-8edc-5148ba92d5f9
2913,NULL,NULL,45,R-00E144,"CAT330 CL EXCAVATOR (Performance)",1M,NULL,NULL,1,NULL,910eb782-c2ce-4cd3-a82a-5ad78bc4d02a
2914,NULL,NULL,45,R-009242,"XCMG 958U LOADER #WL34 (Ready Dig/MTC)",1M,NULL,NULL,1,NULL,805cabdb-ff5f-479a-8c1c-3cbca57c4de9
2915,NULL,NULL,45,R-00D121,"JOHN DEERE 850L DOZER (Performance)",1M,NULL,NULL,1,NULL,1394bb61-0143-4e7c-a57d-39e91144a664
2916,NULL,NULL,45,R-000R63,"VOLVO SD130 84" VIB COMPACTOR (performance)",1M,NULL,NULL,1,NULL,e509e8e9-a633-4575-b9f2-17d51999562d
2917,NULL,NULL,45,R-00D131,"JOHN DEERE 700L LGP DOZER (Performance)",1O,NULL,NULL,1,NULL,9c530b43-16ee-4d64-a467-416e11f7bc35
2918,NULL,NULL,45,R-00D131,"JOHN DEERE 700L LGP DOZER (Performance)",FHM,NULL,NULL,1,NULL,a70bca1a-be4a-4aa8-96e8-485435d8fc4e
2919,NULL,NULL,45,R-000R72,"HAMM H121 VIB COMPACTOR 84" (Performance)",1M,NULL,NULL,1,NULL,0794d195-3252-45e3-b989-06e47ba1cca0
2920,NULL,NULL,45,R-00D132,"JOHN DEERE 850L Dozer (Performance)",1O,NULL,NULL,1,NULL,bdc67165-ec06-4ff1-b549-e0851ab7cf29
2921,NULL,NULL,45,R-000E3R,"HITACHI ZX210 EXCAVATOR (Performance)",1M,NULL,NULL,1,NULL,4a8834fb-1a3b-4b01-9e51-11372d6d8a82
2922,NULL,NULL,45,R-00D132,"JOHN DEERE 850L Dozer (Performance)",FHM,NULL,NULL,1,NULL,80af8fad-545c-46fe-bb0a-e0081c04f86e
2923,NULL,NULL,45,R-000R91,"HAMM H7I VIBRATORY COMPACTOR 66" (Performance)",FHM,NULL,NULL,1,NULL,6f02b9ed-2f49-4c6b-a3df-0a29d01c773e
2924,NULL,NULL,45,R-00E144,"CAT330 CL EXCAVATOR (Performance)",1O,NULL,NULL,1,NULL,107b755a-6bbb-4ab6-a1d5-77624f288fc2
2925,NULL,NULL,45,R-00D141,"JOHN DEERE 850L DOZER (Performance)",FHM,NULL,NULL,1,NULL,a47415a4-02b9-4ba2-803a-b50065f11d7c
2926,NULL,NULL,45,R-00E150,"SANY SY235C EXCAVATOR (Performance)",1O,NULL,NULL,1,NULL,0a913b94-f4e0-48c9-a351-92c0bff95e88
2927,NULL,NULL,45,R-00E150,"SANY SY235C EXCAVATOR (Performance)",1M,NULL,NULL,1,NULL,51aac209-8c2c-4a04-a48d-8de4430422a0
2928,NULL,NULL,45,R-00E150,"SANY SY235C EXCAVATOR (Performance)",FHM,NULL,NULL,1,NULL,aa813e39-8b52-4a52-ae9b-94f782558415
2929,NULL,NULL,45,R-00D141,"JOHN DEERE 850L DOZER (Performance)",1M,NULL,NULL,1,NULL,f35cd187-a3fe-44b8-8e80-d45d6fd92543
2930,NULL,NULL,45,R-00E144,"CAT330 CL EXCAVATOR (Performance)",FHM,NULL,NULL,1,NULL,d1e49b83-da6e-4c8c-a8c5-ebae6c0a256f
2931,NULL,NULL,45,R-00E144,"CAT330 CL EXCAVATOR (Performance)",8D,NULL,NULL,1,NULL,3ccbec80-c29b-45a9-9e2a-34ed82588bd0
2932,NULL,NULL,45,R-00D132,"JOHN DEERE 850L Dozer (Performance)",1M,NULL,NULL,1,NULL,eb968b10-b04e-418f-9e24-6df9f099a0dd
2933,NULL,NULL,45,R-00E160,"JD210GLC EXCAVATOR (Performance)",8D,NULL,NULL,1,NULL,046191ec-57a9-40be-ad1e-24e0a2115d53
2934,NULL,NULL,45,R-00E160,"JD210GLC EXCAVATOR (Performance)",8M,NULL,NULL,1,NULL,3273c7a1-2a66-4ab9-bdc7-8f6f77bd558a
2935,NULL,NULL,45,R-00E144,"CAT330 CL EXCAVATOR (Performance)",8M,NULL,NULL,1,NULL,16e79afc-bd8c-4d21-8326-6457cc116f11
2936,NULL,NULL,45,R-00E168,"JD350G EXCAVATOR w/ H160 Hammer (Performance)",1O,NULL,NULL,1,NULL,ced23b72-00d7-4dc5-a871-7e981f1f5221
2937,NULL,NULL,45,R-00E168,"JD350G EXCAVATOR w/ H160 Hammer (Performance)",1M,NULL,NULL,1,NULL,0996b447-5e79-4726-88a5-deae95ac393d
2938,NULL,NULL,45,R-00E207,"JOHN DEERE 135G EXCAVATOR (Performance Eq) OFF RENT 6/4/21",8M,NULL,NULL,1,NULL,78b068c8-60fe-4193-b200-770faebb7101
2939,NULL,NULL,45,R-00E170,"JD245G ZERO SWING EXCAVATOR (Performance)",1M,NULL,NULL,1,NULL,2ad4df73-2afb-46af-b714-f80e4b31ea11
2940,NULL,NULL,45,R-00E168,"JD350G EXCAVATOR w/ H160 Hammer (Performance)",FHM,NULL,NULL,1,NULL,b505c46f-14d2-42c1-ac5e-14f440dc9645
2941,NULL,NULL,45,R-00E196,"JD300G EXCAVATOR (Performance)",8M,NULL,NULL,1,NULL,5284fbb7-0e8e-4271-983e-ad01b98ccb85
2942,NULL,NULL,45,R-00E185,"JD245G EXCAVATOR (Performance",FHM,NULL,NULL,1,NULL,eb0ffa53-1039-4a68-bb18-2885a16eae09
2943,NULL,NULL,45,R-00E185,"JD245G EXCAVATOR (Performance",1O,NULL,NULL,1,NULL,6bb87882-a5fa-4d19-bc9c-c73862b796e6
2944,NULL,NULL,45,R-00E193,"JD300G EXCAVATOR (Performance)",1O,NULL,NULL,1,NULL,5cebded7-da1b-4b8b-8bdd-70dfec487a6a
2945,NULL,NULL,45,R-00E186,"JD300G EXCAVATOR (Performance)",1O,NULL,NULL,1,NULL,c8063690-df8c-49ae-911b-9067c615cd31
2946,NULL,NULL,45,R-00E170,"JD245G ZERO SWING EXCAVATOR (Performance)",1O,NULL,NULL,1,NULL,ba8fb528-040a-4299-a615-0625187fab88
2947,NULL,NULL,45,R-00E193,"JD300G EXCAVATOR (Performance)",1M,NULL,NULL,1,NULL,12aa074d-bdf6-4b38-bb81-310694af27bf
2948,NULL,NULL,45,R-00E193,"JD300G EXCAVATOR (Performance)",8M,NULL,NULL,1,NULL,6f51e034-7cd5-4c05-b080-a26be46523ae
2949,NULL,NULL,45,R-00E186,"JD300G EXCAVATOR (Performance)",1M,NULL,NULL,1,NULL,1f7583db-e66b-479c-a6d8-4f3aa6aa30ec
2950,NULL,NULL,45,R-00E208,"JOHN DEERE 350G EXCAVATOR W/ MUNCHER (Performance EQ)",1M,NULL,NULL,1,NULL,ce2a75c8-a61e-46f9-a08a-2181e75ac778
2951,NULL,NULL,45,R-00E218,"JOHN DEERE 225DX LC",1O,NULL,NULL,1,NULL,5ab4d211-6f4c-42c3-a84d-d3c0bc7732cd
2952,NULL,NULL,45,R-00E226,"JD135G EXCAVATOR (Performance)",8D,NULL,NULL,1,NULL,399ac3ec-1512-4ba7-bddc-ac608cebb3c6
2953,NULL,NULL,45,R-00E218,"JOHN DEERE 225DX LC",1M,NULL,NULL,1,NULL,8ffa014e-f5d0-411f-bd1f-d6a7ebfdd12a
2954,NULL,NULL,45,R-00E225,"JOHN DEERE 245G",1M,NULL,NULL,1,NULL,56b4e21e-f241-45f3-ad0e-be120f498fd9
2955,NULL,NULL,45,R-00E208,"JOHN DEERE 350G EXCAVATOR W/ MUNCHER (Performance EQ)",1O,NULL,NULL,1,NULL,7cf7da58-aad9-4609-882a-07a7f3260cd0
2956,NULL,NULL,45,R-00E193,"JD300G EXCAVATOR (Performance)",8D,NULL,NULL,1,NULL,7670cafc-2c26-4e6c-8212-a035b17faf8c
2957,NULL,NULL,45,R-00E214,"CAT330 CL w/ Processor (Performance)",1O,NULL,NULL,1,NULL,3b6be9d9-bb39-4f88-84d0-6ff75255d5c6
2958,NULL,NULL,45,R-00E214,"CAT330 CL w/ Processor (Performance)",8D,NULL,NULL,1,NULL,458a9277-77b0-413c-bbf4-232e63d35b2e
2959,NULL,NULL,45,R-00E214,"CAT330 CL w/ Processor (Performance)",1M,NULL,NULL,1,NULL,54442129-07bb-4c11-803c-ad3d5322433f
2960,NULL,NULL,45,R-00E243,"HITACHI ZX350LC-6 EXC (Performance)",1M,NULL,NULL,1,NULL,968cda10-a716-4c12-a1cd-a472df58f8e8
2961,NULL,NULL,45,R-00E225,"JOHN DEERE 245G",FHM,NULL,NULL,1,NULL,f2041b2b-98e8-46f2-8302-f528ced334ca
2962,NULL,NULL,45,R-00E226,"JD135G EXCAVATOR (Performance)",1M,NULL,NULL,1,NULL,c951ce7f-f211-4237-86be-de18bb874086
2963,NULL,NULL,45,R-00E214,"CAT330 CL w/ Processor (Performance)",8M,NULL,NULL,1,NULL,6c0c8a18-e144-4542-814a-9a8765d8c3d2
2964,NULL,NULL,45,R-00E225,"JOHN DEERE 245G",8D,NULL,NULL,1,NULL,0a2b2f5f-c16e-4cae-befa-7f76e80bb892
2965,NULL,NULL,45,R-00E226,"JD135G EXCAVATOR (Performance)",1O,NULL,NULL,1,NULL,f3247635-c622-4e00-a098-0b10e978b448
2966,NULL,NULL,45,R-00E219,"HYNDAI HX145LCR Excavator (Performance)",1M,NULL,NULL,1,NULL,008f8e05-43b7-438f-a5cb-5e09acaf7674
2967,NULL,NULL,45,R-00E235,"HITACHI ZX245LC EXCAVATOR (Performance)",1O,NULL,NULL,1,NULL,1c42715f-8d24-4576-8415-a2d30444fa42
2968,NULL,NULL,45,R-00E208,"JOHN DEERE 350G EXCAVATOR W/ MUNCHER (Performance EQ)",FHM,NULL,NULL,1,NULL,9d529bc9-e3cc-4572-ac46-bc0709afacba
2969,NULL,NULL,45,R-00E243,"HITACHI ZX350LC-6 EXC (Performance)",FHM,NULL,NULL,1,NULL,63a160b7-74da-48a2-9e6e-34b0635566c7
2970,NULL,NULL,45,R-00E225,"JOHN DEERE 245G",8M,NULL,NULL,1,NULL,6478bb9e-7aca-4359-bf0a-6e7da6a9980a
2971,NULL,NULL,45,R-00E243,"HITACHI ZX350LC-6 EXC (Performance)",1O,NULL,NULL,1,NULL,81c81a38-e787-40c4-8cfe-4c07b6c2c965
2972,NULL,NULL,45,R-00E233,"HITACHI ZX470LC-5B EXC (Performance)",1M,NULL,NULL,1,NULL,bfc0b382-d50a-448c-bdf4-a4f8f0aa9728
2973,NULL,NULL,45,R-00E250,"JD870G EXCAVATOR (Performance)",1M,NULL,NULL,1,NULL,a0321ec5-eaba-4a99-a028-8ffc1d8d4075
2974,NULL,NULL,45,R-00E235,"HITACHI ZX245LC EXCAVATOR (Performance)",1M,NULL,NULL,1,NULL,00ebc44b-b63a-4bda-b1cc-a139af796a76
2975,NULL,NULL,45,R-00E185,"JD245G EXCAVATOR (Performance",1M,NULL,NULL,1,NULL,ce080cf9-a6e1-425b-9c0f-9a61cdac1dd9
2976,NULL,NULL,45,R-00E226,"JD135G EXCAVATOR (Performance)",8M,NULL,NULL,1,NULL,f49e18f1-6ac4-4c95-9d83-e58fa56061c3
2977,NULL,NULL,45,R-00E248,"HITICHI ZX245USLC EXC (Performance)",FHM,NULL,NULL,1,NULL,9dc87fa4-b76f-4dc4-9dfb-a6b08dff53a0
2978,NULL,NULL,45,R-00E207,"JOHN DEERE 135G EXCAVATOR (Performance Eq) OFF RENT 6/4/21",8D,NULL,NULL,1,NULL,5ad5176d-86b4-45f0-a0c0-f495f0243925
2979,NULL,NULL,45,R-00E219,"HYNDAI HX145LCR Excavator (Performance)",1O,NULL,NULL,1,NULL,ab5985f6-908a-4028-a243-78195bda3118
2980,NULL,NULL,45,R-00E233,"HITACHI ZX470LC-5B EXC (Performance)",1O,NULL,NULL,1,NULL,d0ce21f7-8866-4f78-bcb6-db32bd393952
2981,NULL,NULL,45,R-00E196,"JD300G EXCAVATOR (Performance)",8D,NULL,NULL,1,NULL,ed922ff9-bcd6-44ca-b0a8-60628a3b96e6
2982,NULL,NULL,45,R-00E250,"JD870G EXCAVATOR (Performance)",1O,NULL,NULL,1,NULL,198cf748-5941-4ad4-83be-e92dfb2eac5d
2983,NULL,NULL,45,R-00E248,"HITICHI ZX245USLC EXC (Performance)",1M,NULL,NULL,1,NULL,775d2519-722d-4515-b16e-a760ee490d0a
2984,NULL,NULL,45,R-00E225,"JOHN DEERE 245G",1O,NULL,NULL,1,NULL,bf83acce-9307-442a-aecf-bbf4a385af77
2985,NULL,NULL,45,R-00E248,"HITICHI ZX245USLC EXC (Performance)",1O,NULL,NULL,1,NULL,bf2e71e1-2f87-4c35-bffb-15871daf19a6
2986,NULL,NULL,45,R-000E2R,"CAT320 EXCAVATOR (Performance)",1O,NULL,NULL,1,NULL,8aa6e359-8134-4477-979a-7581180dc82b
2987,NULL,NULL,45,R-000E3R,"HITACHI ZX210 EXCAVATOR (Performance)",FHM,NULL,NULL,1,NULL,378286dd-8a8b-44b9-9638-7dac74dce8bb
2988,NULL,NULL,45,R-000E3R,"HITACHI ZX210 EXCAVATOR (Performance)",1O,NULL,NULL,1,NULL,8b74bc77-2fe6-454b-b6f1-74d83e85f3f6
2989,NULL,NULL,45,R-000747,"MANITOWOC 2250 (Lampson)",1O,NULL,NULL,1,NULL,af6e3562-51f8-4ad7-be3a-6a792c4f5697
2990,NULL,NULL,45,R-000E2R,"CAT320 EXCAVATOR (Performance)",1M,NULL,NULL,1,NULL,2a5ca2c7-4fc1-48c6-99a9-d48afda3dc8b
2991,NULL,NULL,45,R-000R08,"XCMG CV123PDU 84" ROLLER (Ready Dig/MTC)",1M,NULL,NULL,1,NULL,e3ddbd78-90b2-4bdc-b324-b3f6853936e5
2992,NULL,NULL,45,R-000R91,"HAMM H7I VIBRATORY COMPACTOR 66" (Performance)",1M,NULL,NULL,1,NULL,c0f82897-eb63-4730-b7cd-27fc4bfd8a22
2993,NULL,NULL,45,R-000R63,"VOLVO SD130 84" VIB COMPACTOR (performance)",1O,NULL,NULL,1,NULL,8e07ed45-2a0e-40ee-9555-f732258865ae
2994,NULL,NULL,45,R-000747,"MANITOWOC 2250 (Lampson)",1M,NULL,NULL,1,NULL,0a250a1b-acb2-4be5-9d6d-77c1030c5f13
2995,NULL,NULL,45,R-000R72,"HAMM H121 VIB COMPACTOR 84" (Performance)",FHM,NULL,NULL,1,NULL,0aae0474-d201-418b-b7b5-6e3cbaf453dc
2996,NULL,NULL,45,R-000R83,"HAMM H12I VIBRATORY COMPACTOR (Performance)",1M,NULL,NULL,1,NULL,07c30657-d30a-41df-9a0e-58a1d2160b72
2997,NULL,NULL,45,R-000R72,"HAMM H121 VIB COMPACTOR 84" (Performance)",1O,NULL,NULL,1,NULL,227067f6-1798-4d32-b6bd-829a9d21535a
2998,NULL,NULL,45,R-000R83,"HAMM H12I VIBRATORY COMPACTOR (Performance)",FHM,NULL,NULL,1,NULL,a30bb96e-ec57-417e-8150-0daee9746fa0
2999,NULL,NULL,45,R-000E2R,"CAT320 EXCAVATOR (Performance)",FHM,NULL,NULL,1,NULL,803b429b-61ec-4de9-be45-1434ec2f6ad9
3000,NULL,NULL,45,R-00D121,"JOHN DEERE 850L DOZER (Performance)",1O,NULL,NULL,1,NULL,a714d404-80b9-4f71-a741-b2d0974f1dd3
3001,NULL,NULL,45,R-000R85,"HAMM H7I VIBRATORY COMPACTOR 66" (Performance)",1O,NULL,NULL,1,NULL,887a541a-54a5-4849-8159-75dfaa52fd62
3002,NULL,NULL,45,R-000R08,"XCMG CV123PDU 84" ROLLER (Ready Dig/MTC)",1O,NULL,NULL,1,NULL,071475ef-ca63-4694-b21b-3fd313c97bfb
3003,NULL,NULL,45,R-008886,"VOLVO A30G OFF ROAD HAUL TRUCK (PECO)",8M,NULL,NULL,1,NULL,e71ed23e-1cfe-4dd4-9e52-589270c69328
3004,NULL,NULL,45,R-000R85,"HAMM H7I VIBRATORY COMPACTOR 66" (Performance)",1M,NULL,NULL,1,NULL,0036955b-cfb8-4262-81c5-f4363b1ad6e3
3005,NULL,NULL,45,R-000R91,"HAMM H7I VIBRATORY COMPACTOR 66" (Performance)",1O,NULL,NULL,1,NULL,a0b9d61b-abc5-4f4c-8930-d7c7db339935
3006,NULL,NULL,45,R-00D121,"JOHN DEERE 850L DOZER (Performance)",FHM,NULL,NULL,1,NULL,45acfbb8-5f94-402b-80f3-659da2f7bae9
3007,NULL,NULL,45,R-008886,"VOLVO A30G OFF ROAD HAUL TRUCK (PECO)",8D,NULL,NULL,1,NULL,843e1ac1-1153-4f21-aa90-5a1680070864
3008,NULL,NULL,45,R-009242,"XCMG 958U LOADER #WL34 (Ready Dig/MTC)",1O,NULL,NULL,1,NULL,d27ec339-76f4-469d-9339-696367ca3ab8
3009,NULL,NULL,45,R-00D141,"JOHN DEERE 850L DOZER (Performance)",1O,NULL,NULL,1,NULL,3d1f0bbc-cac2-45a9-a733-915ab88f24fd
3010,NULL,NULL,45,R-00D131,"JOHN DEERE 700L LGP DOZER (Performance)",1M,NULL,NULL,1,NULL,e240313d-f0ac-491b-b073-ed049a61acae
3011,NULL,NULL,45,R-00E258,"HITACHI ZX470LC EXCAVATOR (Performance)",1M,NULL,NULL,1,NULL,f06ff359-18e4-48b9-904e-6ec54d26163e
3012,NULL,NULL,45,R-00E261,"CAT 336 EXCAVATOR (Performance)",1M,NULL,NULL,1,NULL,0d0e25a2-1f13-4e6b-9ace-76c3764598eb
3013,NULL,NULL,45,R-00E261,"CAT 336 EXCAVATOR (Performance)",1O,NULL,NULL,1,NULL,94de26f7-660c-4c02-bb5e-3dcbd4b15de6
3014,NULL,NULL,45,R-00EM27,"JOHN DEERE 85G MINI EXC (Performance)",1O,NULL,NULL,1,NULL,67c89649-547d-4383-b380-35c400c9ba1b
3015,NULL,NULL,45,R-00E258,"HITACHI ZX470LC EXCAVATOR (Performance)",1O,NULL,NULL,1,NULL,a50f2768-edf8-4f56-bce6-2bf2ca3be9d0
3016,NULL,NULL,45,R-00E250,"JD870G EXCAVATOR (Performance)",FHM,NULL,NULL,1,NULL,21d17210-fb74-4406-84c2-ed16002a2590
3017,NULL,NULL,45,R-00HT89,"CAT730 30T HAUL TRUCK (Performance) Off rent 6/15/21",8D,NULL,NULL,1,NULL,006e0611-3507-42ba-8540-6d3bc4453d07
3018,NULL,NULL,45,R-00E258,"HITACHI ZX470LC EXCAVATOR (Performance)",FHM,NULL,NULL,1,NULL,484f04d1-8cac-4b9f-b579-7d40940b5e3b
3019,NULL,NULL,45,R-00HT89,"CAT730 30T HAUL TRUCK (Performance) Off rent 6/15/21",8M,NULL,NULL,1,NULL,9047a2a0-45d7-4180-930c-323fd7d0dc18
3020,NULL,NULL,45,R-00EM42,"HITACHI ZX85USB-5N MINI EXC (Performance)",1M,NULL,NULL,1,NULL,c29024e8-6cf3-4630-bd44-10ae937339f0
3021,NULL,NULL,45,R-00L167,"CAT950M LOADER (Performance)",1O,NULL,NULL,1,NULL,04aa0075-eb7d-4ead-9b31-ac6271fbff97
3022,NULL,NULL,45,R-00L169,"JD544L LOADER (Performance)",1M,NULL,NULL,1,NULL,f6863e94-64a4-4cb1-a8ca-3e0afb1f10c5
3023,NULL,NULL,45,R-00L188,"JD644P LOADER (Performance)",1O,NULL,NULL,1,NULL,7348961f-c73b-4f39-97e5-894860971300
3024,NULL,NULL,45,R-00E261,"CAT 336 EXCAVATOR (Performance)",FHM,NULL,NULL,1,NULL,56fc1259-543d-4722-ba7f-98cf0505693a
3025,NULL,NULL,45,R-00L167,"CAT950M LOADER (Performance)",1M,NULL,NULL,1,NULL,34ddc905-bacb-48bb-94ac-c4d53ccbb5e2
3026,NULL,NULL,45,R-00EM27,"JOHN DEERE 85G MINI EXC (Performance)",1M,NULL,NULL,1,NULL,932c7ccb-d512-48eb-984e-9966de0e993c
3027,NULL,NULL,45,R-00EM42,"HITACHI ZX85USB-5N MINI EXC (Performance)",FHM,NULL,NULL,1,NULL,1c94e1f8-bf58-4d0c-a911-38001b408d22
3028,NULL,NULL,45,R-00L188,"JD644P LOADER (Performance)",8D,NULL,NULL,1,NULL,42e972d6-f102-4cc1-9caf-368caa76d232
3029,NULL,NULL,45,R-00L188,"JD644P LOADER (Performance)",8M,NULL,NULL,1,NULL,089033c6-877c-412e-ae15-976729bbf252
3030,NULL,NULL,45,R-00EM42,"HITACHI ZX85USB-5N MINI EXC (Performance)",1O,NULL,NULL,1,NULL,f01fd55e-65d8-4cd2-aec8-07975f02a927
3031,NULL,NULL,45,R-00L169,"JD544L LOADER (Performance)",1O,NULL,NULL,1,NULL,f332a826-9d56-4efb-928d-a9e54639d880
3032,NULL,NULL,45,R-00L189,"CAT966M LOADER (Performance)",1M,NULL,NULL,1,NULL,498793f9-0ad2-40a2-9069-fb4d9a4de50b
3033,NULL,NULL,45,R-00L192,"JD644P LOADER (Performance)",8M,NULL,NULL,1,NULL,0ac148b7-42d8-4114-9fc8-c0710345577f
3034,NULL,NULL,45,R-00L192,"JD644P LOADER (Performance)",1O,NULL,NULL,1,NULL,50ea21dd-42ef-4566-bf29-6ced784713c4
3035,NULL,NULL,45,R-00L192,"JD644P LOADER (Performance)",FHM,NULL,NULL,1,NULL,afaa63c1-2304-4791-9f0e-22e99fba8042
3036,NULL,NULL,45,R-00L192,"JD644P LOADER (Performance)",1M,NULL,NULL,1,NULL,169c08e2-32bb-4557-a44a-de9f4ddf4dee
3037,NULL,NULL,45,R-00L205,"JD624P LOADER (Performance)",1M,NULL,NULL,1,NULL,c47959a3-e683-4b96-abc0-873166ec2bf3
3038,NULL,NULL,45,R-00L188,"JD644P LOADER (Performance)",1M,NULL,NULL,1,NULL,d5df5643-9265-4acd-b529-3a4409b70315
3039,NULL,NULL,45,R-00L205,"JD624P LOADER (Performance)",FHM,NULL,NULL,1,NULL,e0e43687-a62d-413e-b630-9d199ad5d307
3040,NULL,NULL,45,R-00R104,"HAMM H11i SD 84" COMPACTOR (Performance)",1O,NULL,NULL,1,NULL,f536435b-b37d-44d1-a7ee-40266396f4ed
3041,NULL,NULL,45,R-00R107,"HAMM HC130i COMPACTOR (Performance)",FHM,NULL,NULL,1,NULL,b564ac9c-cc6a-4296-bd39-940bc1a54ed6
3042,NULL,NULL,45,R-00R104,"HAMM H11i SD 84" COMPACTOR (Performance)",FHM,NULL,NULL,1,NULL,43c4b8ec-dedc-4031-bf03-2697d7be5e30
3043,NULL,NULL,45,R-00L205,"JD624P LOADER (Performance)",1O,NULL,NULL,1,NULL,5a68da41-5eec-401c-86f7-ab333d5e3c7f
3044,NULL,NULL,45,R-00L199,"JD844L LOADER (Performance)",1O,NULL,NULL,1,NULL,8d3b0c40-cb6e-4fbe-ad8f-11643f6bb7b2
3045,NULL,NULL,45,R-00L169,"JD544L LOADER (Performance)",8M,NULL,NULL,1,NULL,bb45d642-5ae5-4b63-ba33-1bb5d1861582
3046,NULL,NULL,45,R-00L188,"JD644P LOADER (Performance)",FHM,NULL,NULL,1,NULL,0642b2bb-3813-4fc5-a2d4-ed1a16b3fdc2
3047,NULL,NULL,45,R-00L169,"JD544L LOADER (Performance)",8D,NULL,NULL,1,NULL,90ed7f4f-1388-4fc8-912d-16f228dc1d19
3048,NULL,NULL,45,R-00L199,"JD844L LOADER (Performance)",FHM,NULL,NULL,1,NULL,ea2581df-2c91-4b16-8c7c-60b88e746a9e
3049,NULL,NULL,45,R-00S113,"CAT615C SCRAPER (Performance Equip)",8M,NULL,NULL,1,NULL,f879b092-fe08-4b44-bf98-bdf0bcb50f9e
3050,NULL,NULL,45,R-00L189,"CAT966M LOADER (Performance)",1O,NULL,NULL,1,NULL,c55fbbff-43c0-4df5-80b6-6c7d85692a79
3051,NULL,NULL,45,R-00S113,"CAT615C SCRAPER (Performance Equip)",8D,NULL,NULL,1,NULL,05020392-d6da-42fd-9757-524d5a03d4fd
3052,NULL,NULL,45,R-00R107,"HAMM HC130i COMPACTOR (Performance)",1O,NULL,NULL,1,NULL,4fe27342-8bb9-4939-b1e9-8bccb1920af8
3053,NULL,NULL,45,R-00L199,"JD844L LOADER (Performance)",1M,NULL,NULL,1,NULL,eebd3a50-66cd-457c-a7ce-b3a8dbde55fc
3054,NULL,NULL,45,R-00L192,"JD644P LOADER (Performance)",8D,NULL,NULL,1,NULL,e3514c55-ac3c-4a46-9df7-8e61277db81a
3055,NULL,NULL,45,R-00S107,"CAT 627G SCRAPER (Performance)",FHM,NULL,NULL,1,NULL,208f2557-e0df-477b-acb7-290510b5e675
3056,NULL,NULL,45,R-00R107,"HAMM HC130i COMPACTOR (Performance)",1M,NULL,NULL,1,NULL,93d051a8-2864-424a-9ec9-2cfdb9bc2e18
3057,NULL,NULL,45,R-00S107,"CAT 627G SCRAPER (Performance)",1O,NULL,NULL,1,NULL,85c2e36e-ab5d-49a0-aa83-ecb18dfd3137
3058,NULL,NULL,45,R-00S107,"CAT 627G SCRAPER (Performance)",1M,NULL,NULL,1,NULL,a7034c42-b82a-4786-b843-337c596e75ab
3059,NULL,NULL,45,R-00R104,"HAMM H11i SD 84" COMPACTOR (Performance)",1M,NULL,NULL,1,NULL,3e44fc58-9cae-459f-b3f5-ec2034f2b9ce
3060,NULL,NULL,45,R-00S150,"CAT 623G SCRAPER (Performance)",1M,NULL,NULL,1,NULL,e65cfebf-e80c-402c-9197-42f24a4a4359
3061,NULL,NULL,45,R-00S150,"CAT 623G SCRAPER (Performance)",1O,NULL,NULL,1,NULL,06414d14-7070-4d6e-b918-37b4ce42d5f1
3062,NULL,NULL,45,R-00S175,"CAT 615C SCRAPER (Performance)",1M,NULL,NULL,1,NULL,322cc7d5-b6f2-4b84-9e5f-baf6673b3a39
3063,NULL,NULL,45,R-00S158,"CAT 623G SCRAPER (Performance)",1O,NULL,NULL,1,NULL,b69a6b98-4453-418c-96cb-e7ec13f85e73
3064,NULL,NULL,45,R-00S150,"CAT 623G SCRAPER (Performance)",8D,NULL,NULL,1,NULL,ff7c9146-e329-4f66-965e-3f14fefe4af3
3065,NULL,NULL,45,R-00S175,"CAT 615C SCRAPER (Performance)",1O,NULL,NULL,1,NULL,367fcc75-36b0-454a-81d7-5adf84ae6e7a
3066,NULL,NULL,45,R-00S150,"CAT 623G SCRAPER (Performance)",8M,NULL,NULL,1,NULL,aa37e993-e88b-48f9-9f10-0903c841a6a5
3067,NULL,NULL,45,R-00S175,"CAT 615C SCRAPER (Performance)",FHM,NULL,NULL,1,NULL,8d262343-932d-40a3-baa1-a1350df0a665
3068,NULL,NULL,45,R-00S151,"CAT623G SCRAPER (Performance)",8M,NULL,NULL,1,NULL,d64b16a4-3127-4c9e-ab49-57c25fbf383c
3069,NULL,NULL,45,R-00S158,"CAT 623G SCRAPER (Performance)",1M,NULL,NULL,1,NULL,c7a10bcf-c76a-43e8-b096-33e32e3d3247
3070,NULL,NULL,45,R-00S184,"CAT 627G SCRAPER (Performance)",1M,NULL,NULL,1,NULL,b9c23e2b-2d3d-41a8-961e-d2270d5a1c68
3071,NULL,NULL,45,R-00S184,"CAT 627G SCRAPER (Performance)",FHM,NULL,NULL,1,NULL,787146b8-5a8a-461c-96d0-450a010e64e7
3072,NULL,NULL,45,R-00S158,"CAT 623G SCRAPER (Performance)",FHM,NULL,NULL,1,NULL,7fe93a84-9cff-4b10-85cb-d2224927cb3a
3073,NULL,NULL,45,R-00SS69,"CAT239D TRACK SKID (Performance)",1O,NULL,NULL,1,NULL,6c9935d4-ee51-4779-b69b-725cdf3e5902
3074,NULL,NULL,45,R-00WL08,"XCMG XC938U LOADER (Ready Dig/MTC)",1M,NULL,NULL,1,NULL,2e2279d8-507e-4640-b1ec-6d649dd20e1b
3075,NULL,NULL,45,R-00TL11,"TL12R2 TRACK SKIDSTEER (Ready Dig/MTC)",1M,NULL,NULL,1,NULL,7e6f4558-aa3f-48a3-9bf9-87956453e74f
3076,NULL,NULL,45,R-00TL11,"TL12R2 TRACK SKIDSTEER (Ready Dig/MTC)",FHM,NULL,NULL,1,NULL,d3e27065-6907-4179-a2f5-c44aa34b1b79
3077,NULL,NULL,45,R-00ST82,"OSHKOSH MK23 5000G WATER TRUK (Performance)",1O,NULL,NULL,1,NULL,a486e606-bbf9-4862-9a49-b116ac4e92e3
3078,NULL,NULL,45,R-00WL08,"XCMG XC938U LOADER (Ready Dig/MTC)",1O,NULL,NULL,1,NULL,57f7a410-5f2a-4032-af75-d43f2598a50a
3079,NULL,NULL,45,R-00WL25,"XCMG XC948U LOADER (Ready Dig/MTC)",1O,NULL,NULL,1,NULL,82c7725a-49be-4c6c-9bb3-548ffc6ce7dd
3080,NULL,NULL,45,R-00WL34,"XCMG XC958U LOADER (Ready Dig/MTC)",1M,NULL,NULL,1,NULL,9e76c5f3-d7f0-4b13-9f21-393d766d96a0
3081,NULL,NULL,45,R-00ST82,"OSHKOSH MK23 5000G WATER TRUK (Performance)",1M,NULL,NULL,1,NULL,97855d7b-1754-486f-ad12-024166a810a1
3082,NULL,NULL,45,R-00WL31,"XCMG XC958U LOADER (Ready Dig/MTC)",1M,NULL,NULL,1,NULL,b9eb3506-ae0d-420d-b7c4-a41415c0d80b
3083,NULL,NULL,45,R-00WL31,"XCMG XC958U LOADER (Ready Dig/MTC)",FHM,NULL,NULL,1,NULL,b7a02612-8b7f-491c-bbd0-3845c2a7a161
3084,NULL,NULL,45,R-00S184,"CAT 627G SCRAPER (Performance)",1O,NULL,NULL,1,NULL,865d78ed-a73b-4249-b8bc-93105a536e96
3085,NULL,NULL,45,R-00S151,"CAT623G SCRAPER (Performance)",8D,NULL,NULL,1,NULL,0dfcf61b-58df-414b-be92-f21a1b2ad3fa
3086,NULL,NULL,45,R-00SS69,"CAT239D TRACK SKID (Performance)",1M,NULL,NULL,1,NULL,0ce0b503-8f86-493c-a44a-90da34693ee2
3087,NULL,NULL,45,R-012917,"VOLVO A40G OFF ROAD HAUL TRUCK (PECO)",8M,NULL,NULL,1,NULL,641d17e1-c1c5-4b58-bbc5-aa76fa12a6e9
3088,NULL,NULL,45,R-00WL25,"XCMG XC948U LOADER (Ready Dig/MTC)",1M,NULL,NULL,1,NULL,cdb1f130-e25a-4cfe-a8fa-aa3a12026bf7
3089,NULL,NULL,45,R-012917,"VOLVO A40G OFF ROAD HAUL TRUCK (PECO)",8D,NULL,NULL,1,NULL,d130c20e-d8bf-4e9e-b9ae-9f8593be1913
3090,NULL,NULL,45,R-00WL31,"XCMG XC958U LOADER (Ready Dig/MTC)",1O,NULL,NULL,1,NULL,92129b5a-9384-41e6-a65c-158226ca73a6
3091,NULL,NULL,45,R-010877,"VOLVO L150H LOADER (PECO)",1O,NULL,NULL,1,NULL,76f0224f-e434-44af-9805-535674f8fb5b
3092,NULL,NULL,45,R-015026,"FREIGHTLINER M2 4000G WATER TRUCK (Sunbelt)",1O,NULL,NULL,1,NULL,ccca4af4-cf42-4922-a4a5-8836223d987f
3093,NULL,NULL,45,R-00WL34,"XCMG XC958U LOADER (Ready Dig/MTC)",1O,NULL,NULL,1,NULL,d454a28e-e433-4562-b9c4-75e930cd7efc
3094,NULL,NULL,45,R-015026,"FREIGHTLINER M2 4000G WATER TRUCK (Sunbelt)",1M,NULL,NULL,1,NULL,579b75b2-e4ff-4eca-92fa-65e27c516d85
3095,NULL,NULL,45,R-015026,"FREIGHTLINER M2 4000G WATER TRUCK (Sunbelt)",FHM,NULL,NULL,1,NULL,5d6ec690-d341-4134-8764-8192f788eadb
3096,NULL,NULL,45,R-018834,"HITACHI ZX350LC-7H EXCAVATOR (Arnold)",1O,NULL,NULL,1,NULL,2bdff1a3-006f-4f8f-afe1-5877b099e908
3097,NULL,NULL,45,R-034776,"FREIGHTLINER M2106 4K WATER (Eq Share)",1M,NULL,NULL,1,NULL,ce0f405a-6b91-4135-a035-aad09b20cfa5
3098,NULL,NULL,45,R-018822,"HITACHI ZX135US EXCAVATOR (Arnold)",FHM,NULL,NULL,1,NULL,c594f0d7-dcba-41df-83b2-286dfec0ec9d
3099,NULL,NULL,45,R-035524,"KUBOTA SVL75-2 TRACK SKID (Equip Share)",1M,NULL,NULL,1,NULL,6efceadf-51e7-4006-884d-bd3eefa2936a
3100,NULL,NULL,45,R-00TL11,"TL12R2 TRACK SKIDSTEER (Ready Dig/MTC)",1O,NULL,NULL,1,NULL,453ff4b4-6e78-413a-b655-c77fb17fd2cd
3101,NULL,NULL,45,R-010877,"VOLVO L150H LOADER (PECO)",1M,NULL,NULL,1,NULL,492e0572-8ce4-4998-91da-1533d1110f10
3102,NULL,NULL,45,R-018822,"HITACHI ZX135US EXCAVATOR (Arnold)",1M,NULL,NULL,1,NULL,4199644f-1a46-48f1-a335-cff8c9cd3f05
3103,NULL,NULL,45,R-018834,"HITACHI ZX350LC-7H EXCAVATOR (Arnold)",FHM,NULL,NULL,1,NULL,7ffc4546-db41-4ebd-b278-792876da9e45
3104,NULL,NULL,45,R-035524,"KUBOTA SVL75-2 TRACK SKID (Equip Share)",1O,NULL,NULL,1,NULL,d1cbf330-30d9-4f2a-b527-2fbc505828bd
3105,NULL,NULL,45,R-018834,"HITACHI ZX350LC-7H EXCAVATOR (Arnold)",1M,NULL,NULL,1,NULL,7426b3d1-66e6-4890-a54f-fb93109a01cc
3106,NULL,NULL,45,R-018822,"HITACHI ZX135US EXCAVATOR (Arnold)",1O,NULL,NULL,1,NULL,8f8ecb45-7dfc-4b52-8026-078e2a8b65e8
3107,NULL,NULL,45,R-020881,"John Deere 345G Excavator (4 Rivers)",8D,NULL,NULL,1,NULL,afd6b1d1-cc66-4f44-83d5-2490f69fe1bb
3108,NULL,NULL,45,R-020881,"John Deere 345G Excavator (4 Rivers)",8M,NULL,NULL,1,NULL,baa39af5-c240-4342-9e76-fe92f8cf3072
3109,NULL,NULL,45,R-034776,"FREIGHTLINER M2106 4K WATER (Eq Share)",1O,NULL,NULL,1,NULL,db6a2dee-708f-4481-8fc5-179934f70abc
3110,NULL,NULL,45,R-039471,"BOMAG BW211PDH5 84" PD ROLLER (Sunbelt)",1M,NULL,NULL,1,NULL,e3d867ac-c6d6-499b-8442-7bffadb8b8ba
3111,NULL,NULL,45,R-042040,"CASE821G LOADER (United)",1M,NULL,NULL,1,NULL,0d7394fa-d0ce-4ae1-ab12-682bfc0580ed
3112,NULL,NULL,45,R-039471,"BOMAG BW211PDH5 84" PD ROLLER (Sunbelt)",1O,NULL,NULL,1,NULL,dc518166-2040-4245-9c2f-8e6b558eac41
3113,NULL,NULL,45,R-042040,"CASE821G LOADER (United)",1O,NULL,NULL,1,NULL,4b2fab00-6177-463a-897d-5f0565f9654c
3114,NULL,NULL,45,R-039471,"BOMAG BW211PDH5 84" PD ROLLER (Sunbelt)",FHM,NULL,NULL,1,NULL,fb3b9a7b-7c05-4a63-a9ce-4418d5dfc90a
3115,NULL,NULL,45,R-049826,"FORD F750 2000G WATER TRUCK (Herc)",1O,NULL,NULL,1,NULL,b87da20b-7260-4229-9838-ea9b3763da16
3116,NULL,NULL,45,R-0767AH,"ASV RT40 TRACK SKID LOADER (United)",1M,NULL,NULL,1,NULL,01f527bf-20ca-496d-aa11-ebf65cdfeba2
3117,NULL,NULL,45,R-0767AH,"ASV RT40 TRACK SKID LOADER (United)",1O,NULL,NULL,1,NULL,a061a656-1062-4211-aa46-7d6b65799454
3118,NULL,NULL,45,R-071337,"TAKEUCHI TL12V2-CR TRACK SKIDSTEER (United)",1M,NULL,NULL,1,NULL,dbce5c92-68c1-4ffa-8e0b-cbd7053cbaac
3119,NULL,NULL,45,R-049826,"FORD F750 2000G WATER TRUCK (Herc)",1M,NULL,NULL,1,NULL,12a75da0-b75c-4b96-9566-a1bfbf3b29fd
3120,NULL,NULL,45,R-071337,"TAKEUCHI TL12V2-CR TRACK SKIDSTEER (United)",1O,NULL,NULL,1,NULL,f891c43b-a1ec-4da7-95b8-0479db573672
3121,NULL,NULL,45,R-083454,"4000G M2  WATER TRUCK (United)",1M,NULL,NULL,1,NULL,66b038cd-0976-4816-bafc-34652d58754b
3122,NULL,NULL,45,R-083454,"4000G M2  WATER TRUCK (United)",1O,NULL,NULL,1,NULL,3953b587-e607-4743-90f3-f2286067b6a3
3123,NULL,NULL,45,R-0HT135,"CAT740BEJ 40T HAUL TRUCK (Performance)",1M,NULL,NULL,1,NULL,8bc29c61-c797-42dd-a7ec-499f1cbf78b8
3124,NULL,NULL,45,R-093371,"JD245G EXCAVATOR (United)",1O,NULL,NULL,1,NULL,885de6e9-d0c9-4bf9-81ef-42d3096c3f83
3125,NULL,NULL,45,R-083457,"FREIGHTLINER M2 WATER TRUCK (United)",1M,NULL,NULL,1,NULL,2033db37-6d6b-425c-a20b-0de3524f8f20
3126,NULL,NULL,45,R-0HT150,"CAT740BEJ 40T HAUL TRUCK (Performance)",1M,NULL,NULL,1,NULL,388cda87-223d-40a0-aa7d-970be56e4431
3127,NULL,NULL,45,R-0HT135,"CAT740BEJ 40T HAUL TRUCK (Performance)",1O,NULL,NULL,1,NULL,b9ea8343-7cbd-471e-a225-c28d0832fb2c
3128,NULL,NULL,45,R-0HT139,"CAT740BEJ 40T HAUL TRUCK (Performance)",8D,NULL,NULL,1,NULL,5233a534-aa1a-411a-8f85-8b091fe60e43
3129,NULL,NULL,45,R-0HT139,"CAT740BEJ 40T HAUL TRUCK (Performance)",8M,NULL,NULL,1,NULL,3eef5cc9-5d4c-4508-8594-8f900d8ca524
3130,NULL,NULL,45,R-083457,"FREIGHTLINER M2 WATER TRUCK (United)",1O,NULL,NULL,1,NULL,44691d37-908b-486f-ad14-683841fcf85f
3131,NULL,NULL,45,R-0HT150,"CAT740BEJ 40T HAUL TRUCK (Performance)",8S,NULL,NULL,1,NULL,bdbbf36d-8acc-469c-b834-decb47a49fcb
3132,NULL,NULL,45,R-0HT150,"CAT740BEJ 40T HAUL TRUCK (Performance)",8M,NULL,NULL,1,NULL,791e252f-f0e0-45f0-a281-4b506950769d
3133,NULL,NULL,45,R-0HT152,"CAT740C HAUL TRUCK (Performance)",8D,NULL,NULL,1,NULL,849f817c-54c4-4033-9f40-7ae02c8d2be8
3134,NULL,NULL,45,R-0HT152,"CAT740C HAUL TRUCK (Performance)",1M,NULL,NULL,1,NULL,e768ac8f-8ed7-4063-9e59-691ab72427eb
3135,NULL,NULL,45,R-0HT150,"CAT740BEJ 40T HAUL TRUCK (Performance)",1O,NULL,NULL,1,NULL,bfeccb59-abfd-4942-b27a-adf8ecfbdbfe
3136,NULL,NULL,45,R-093371,"JD245G EXCAVATOR (United)",1M,NULL,NULL,1,NULL,7628cca7-df74-4ca0-92c2-feea323ab072
3137,NULL,NULL,45,R-0HT139,"CAT740BEJ 40T HAUL TRUCK (Performance)",8S,NULL,NULL,1,NULL,2ab8bdf0-a26f-4fdf-b7ec-9f2af9c2aa41
3138,NULL,NULL,45,R-0HT161,"CAT725C 25T HAUL TRUCK (Performance) Off rent 6/15/21",8M,NULL,NULL,1,NULL,2fedc496-b555-4079-8294-5e364050aa3f
3139,NULL,NULL,45,R-0HT154,"CAT725 5000 GAL WATER TRUCK (Performance)",1O,NULL,NULL,1,NULL,50ba6d2a-033e-4b2e-a894-9eb0b171826a
3140,NULL,NULL,45,R-0HT150,"CAT740BEJ 40T HAUL TRUCK (Performance)",8D,NULL,NULL,1,NULL,6a04cd40-8a91-4388-832a-67ffc1cc2783
3141,NULL,NULL,45,R-0HT214,"BELL B45E HAUL TRUCK (Performance)",1M,NULL,NULL,1,NULL,bb6417a3-486f-4e00-a7d8-065fb2dc499d
3142,NULL,NULL,45,R-0HT208,"JOHN DEERE 410E HAUL TRUCK (Performance)",1M,NULL,NULL,1,NULL,00772584-0e81-44f5-b764-d33e0c96df87
3143,NULL,NULL,45,R-0HT184,"CAT740C HAUL TRUCK (Performance)",1O,NULL,NULL,1,NULL,498e36d1-893d-48a2-8b38-d5cd46593b01
3144,NULL,NULL,45,R-0HT161,"CAT725C 25T HAUL TRUCK (Performance) Off rent 6/15/21",8D,NULL,NULL,1,NULL,b5de8a09-10bb-4738-b9ea-306c68733b9d
3145,NULL,NULL,45,R-0HT185,,1M,NULL,NULL,1,NULL,b2a3fe1f-0a81-4961-856d-f6433681607a
3146,NULL,NULL,45,R-0HT152,"CAT740C HAUL TRUCK (Performance)",1O,NULL,NULL,1,NULL,2948e8f9-7ac8-40cf-9740-9cedee407b50
3147,NULL,NULL,45,R-0HT214,"BELL B45E HAUL TRUCK (Performance)",FHM,NULL,NULL,1,NULL,94229a8e-7bbf-46fe-a502-2aa8e05838b5
3148,NULL,NULL,45,R-0HT184,"CAT740C HAUL TRUCK (Performance)",1M,NULL,NULL,1,NULL,cfb2b5bc-a9bc-414d-af4c-4343f89b9688
3149,NULL,NULL,45,R-0HT152,"CAT740C HAUL TRUCK (Performance)",8M,NULL,NULL,1,NULL,d24644c4-57bd-4f5c-8401-6ce8e0cba370
3150,NULL,NULL,45,R-0HT206,"JOHN DEERE 410E HAUL TRUCK (Performance)",FHM,NULL,NULL,1,NULL,38e2d81a-afd5-4780-9887-401b3a05198e
3151,NULL,NULL,45,R-0HT154,"CAT725 5000 GAL WATER TRUCK (Performance)",1M,NULL,NULL,1,NULL,a2382bf6-5ac1-49d2-ba4c-b0247bc91201
3152,NULL,NULL,45,R-0HT208,"JOHN DEERE 410E HAUL TRUCK (Performance)",FHM,NULL,NULL,1,NULL,404906a6-2463-40a7-9733-03a25df984b1
3153,NULL,NULL,45,R-0HT206,"JOHN DEERE 410E HAUL TRUCK (Performance)",1O,NULL,NULL,1,NULL,01b4c833-37f0-4aff-ba83-c6bf42b8ef6e
3154,NULL,NULL,45,R-0HT214,"BELL B45E HAUL TRUCK (Performance)",1O,NULL,NULL,1,NULL,dbe6028b-5840-442b-8507-b65e2df44644
3155,NULL,NULL,45,R-0HT215,"BELL B45E HAUL TRUCK (Performance)",1M,NULL,NULL,1,NULL,75e85db8-2244-4177-b3c5-29a61e24faf9
3156,NULL,NULL,45,R-0HT215,"BELL B45E HAUL TRUCK (Performance)",FHM,NULL,NULL,1,NULL,286e1a32-6d51-4dc3-b512-f73c0ab8f17e
3157,NULL,NULL,45,R-0HT185,,1O,NULL,NULL,1,NULL,ef292a0f-655f-4e2f-8140-72b7b73e6d98
3158,NULL,NULL,45,R-0HT208,"JOHN DEERE 410E HAUL TRUCK (Performance)",1O,NULL,NULL,1,NULL,14b8293c-4ce3-42f1-b01d-230507ed4a63
3159,NULL,NULL,45,R-0HT215,"BELL B45E HAUL TRUCK (Performance)",1O,NULL,NULL,1,NULL,590485fe-8543-498f-96db-ab1b3749c31a
3160,NULL,NULL,45,R-0HT206,"JOHN DEERE 410E HAUL TRUCK (Performance)",1M,NULL,NULL,1,NULL,b8312866-7216-4055-87d7-ac2b334fa8d9
3161,NULL,NULL,45,R-0HT224,"BELL B45E HAUL TRUCK (Performance)",FHM,NULL,NULL,1,NULL,4d0333c7-dd2e-46e8-b5b7-a41b6f732316
3162,NULL,NULL,45,R-0HT238,"MOROOKA MST2200 HAUL TRK (Performance)",1O,NULL,NULL,1,NULL,68b6afa9-ed4e-4d58-b636-0766f113b85a
3163,NULL,NULL,45,R-0HT224,"BELL B45E HAUL TRUCK (Performance)",1M,NULL,NULL,1,NULL,c37e6d62-f611-4c56-840d-e9e38dd46f75
3164,NULL,NULL,45,R-0HT239,"MOROOKA MST2200 HAUL TRK (Performance)",1M,NULL,NULL,1,NULL,8c44382d-59a7-4c89-ad52-dc4752eb0deb
3165,NULL,NULL,45,R-0I7064,"CAT315F EXCAVATOR (Zielger)",1M,NULL,NULL,1,NULL,2afdbcda-41c1-426a-a026-46d1a796855e
3166,NULL,NULL,45,R-0HT239,"MOROOKA MST2200 HAUL TRK (Performance)",1O,NULL,NULL,1,NULL,bc79f227-58fd-4bfa-89a9-03828e3e27ee
3167,NULL,NULL,45,R-0I7064,"CAT315F EXCAVATOR (Zielger)",1O,NULL,NULL,1,NULL,d606d770-7c1b-48fd-810b-eb692ca0bd42
3168,NULL,NULL,45,R-0HT238,"MOROOKA MST2200 HAUL TRK (Performance)",1M,NULL,NULL,1,NULL,3ae6f287-a6c9-4d0f-a677-76cef309ac8e
3169,NULL,NULL,45,R-0ST4R1,"WATER TRUCK 4000 GAL (Performance)",1O,NULL,NULL,1,NULL,4b7577fb-441e-4b6b-af87-38a06508a348
3170,NULL,NULL,45,R-0ST101,"WATER TRUCK 5000 GAL (Performance)",1M,NULL,NULL,1,NULL,7cb17713-5280-40c0-b8be-18a074d6f070
3171,NULL,NULL,45,R-0ST4R1,"WATER TRUCK 4000 GAL (Performance)",1M,NULL,NULL,1,NULL,ae023222-60c4-4da0-9312-a381e833431c
3172,NULL,NULL,45,R-0ST101,"WATER TRUCK 5000 GAL (Performance)",1O,NULL,NULL,1,NULL,1ab1e05a-54cd-4f4c-930a-00b35d02d029
3173,NULL,NULL,45,R-103281,"D5K2 DOZER (Texas First)",1M,NULL,NULL,1,NULL,6cd37bca-9c59-407d-bfa6-398e1032f5f5
3174,NULL,NULL,45,R-103255,"BACKHOE 70-97 HP",1O,NULL,NULL,1,NULL,b50a077e-583d-43a5-92aa-124b20698729
3175,NULL,NULL,45,R-108149,"FTLNR M2 WATER TRUCK 2000G (United Rentals)",1M,NULL,NULL,1,NULL,b0ac55ac-83e8-4613-aa02-e9bac14dff50
3176,NULL,NULL,45,R-0HT239,"MOROOKA MST2200 HAUL TRK (Performance)",FHM,NULL,NULL,1,NULL,e1580a17-dd0c-4b45-81c6-4143ee0b320e
3177,NULL,NULL,45,R-103281,"D5K2 DOZER (Texas First)",1O,NULL,NULL,1,NULL,38d94d30-52d0-4eac-89a7-0e4d658e72c5
3178,NULL,NULL,45,R-0HT238,"MOROOKA MST2200 HAUL TRK (Performance)",FHM,NULL,NULL,1,NULL,89add341-7204-43a5-ae74-6a3b35ea1133
3179,NULL,NULL,45,R-0ST119,"WATER TRUCK 2000 GAL (Performance)  OFF RENT 6/14/21",1O,NULL,NULL,1,NULL,eeeac8fa-40c5-4008-87f0-ce27302276bc
3180,NULL,NULL,45,R-103255,"BACKHOE 70-97 HP",1M,NULL,NULL,1,NULL,c6d2bb70-07b1-4db6-bbc7-d0bff258f12d
3181,NULL,NULL,45,R-109641,"JLG 860SJ BOOM (Texas First)",1O,NULL,NULL,1,NULL,346f6e61-6d50-4b64-85c3-fc2f423f10a5
3182,NULL,NULL,45,R-108149,"FTLNR M2 WATER TRUCK 2000G (United Rentals)",FHM,NULL,NULL,1,NULL,550e9d9f-bd46-4894-b672-72d7f6d0e358
3183,NULL,NULL,45,R-119686,"CAT289D SKIDSTEER",1O,NULL,NULL,1,NULL,fc8797a6-5606-43fc-9c81-4ab496891b59
3184,NULL,NULL,45,R-131702,"BOBCAT T740 TRACK SKID (Eq Share)",1M,NULL,NULL,1,NULL,65d8d7ff-12c9-4c77-9006-acd61c53a93e
3185,NULL,NULL,45,R-119686,"CAT289D SKIDSTEER",1M,NULL,NULL,1,NULL,fa0d1503-d9ef-40d9-8e3b-2e54d67c0cec
3186,NULL,NULL,45,R-131702,"BOBCAT T740 TRACK SKID (Eq Share)",1O,NULL,NULL,1,NULL,e6554ad4-e455-4ff3-987c-71513a7ec3c4
3187,NULL,NULL,45,R-122258,"WATER TRUCK 2000 GAL (United Rentals)",1O,NULL,NULL,1,NULL,237014e8-010a-45d2-9516-8e85e17c08b8
3188,NULL,NULL,45,R-0HT224,"BELL B45E HAUL TRUCK (Performance)",1O,NULL,NULL,1,NULL,a6045b18-bda7-4579-bde8-bdc572cc1775
3189,NULL,NULL,45,R-118594,"HITACHI ZX245USLC-7 EXC (Arnold Machinery)",1M,NULL,NULL,1,NULL,90968224-31aa-40e1-80e5-02536f3fcdb5
3190,NULL,NULL,45,R-108149,"FTLNR M2 WATER TRUCK 2000G (United Rentals)",1O,NULL,NULL,1,NULL,7558f1ce-62c7-41b1-8491-297639c7e68f
3191,NULL,NULL,45,R-115350,"CAT289D3 TRACK SKID (Texas First)",1O,NULL,NULL,1,NULL,1f90ed41-7585-4ddb-ac64-b402dafb9a0e
3192,NULL,NULL,45,R-150366,"WACKER NEUSON TRACK SKIDSTEER (Eq Share)",1O,NULL,NULL,1,NULL,048956b8-02c9-42b5-b80e-a078e4a90112
3193,NULL,NULL,45,R-149875,"JD 624P LOADER (4 Rivers)",1O,NULL,NULL,1,NULL,b160bac8-974c-40b7-883c-c8811182554c
3194,NULL,NULL,45,R-118594,"HITACHI ZX245USLC-7 EXC (Arnold Machinery)",1O,NULL,NULL,1,NULL,f4523134-afe3-4101-8fd1-f99d2f6ad04f
3195,NULL,NULL,45,R-150449,"JOHN DEERE 624P LOADER (4 Rivers)",8D,NULL,NULL,1,NULL,4d2b51fd-723a-4dbc-bb5c-8019467ba404
3196,NULL,NULL,45,R-103255,"BACKHOE 70-97 HP",FHM,NULL,NULL,1,NULL,ac0eb204-2018-4a6b-8bfa-92d3313b1b22
3197,NULL,NULL,45,R-149875,"JD 624P LOADER (4 Rivers)",1M,NULL,NULL,1,NULL,b46ae49f-82e2-4722-bfd4-33a14a0c7a92
3198,NULL,NULL,45,R-115350,"CAT289D3 TRACK SKID (Texas First)",1M,NULL,NULL,1,NULL,82cd632f-d0bf-40e0-b4bb-e1abbc33582e
3199,NULL,NULL,45,R-122258,"WATER TRUCK 2000 GAL (United Rentals)",1M,NULL,NULL,1,NULL,612f82b1-588d-4b12-9e78-a3a2eb24f09e
3200,NULL,NULL,45,R-119011,"JD250G Excavator (4 Rivers)",1O,NULL,NULL,1,NULL,600c0fa2-0266-46c5-888d-264cf52f2bcf
3201,NULL,NULL,45,R-150366,"WACKER NEUSON TRACK SKIDSTEER (Eq Share)",1M,NULL,NULL,1,NULL,19d463b8-af69-42f3-ba0c-51427343b0e6
3202,NULL,NULL,45,R-153590,"JOHN DEERE 345GLC EXC (4Rivers)",1M,NULL,NULL,1,NULL,e56c03fd-e926-4b5c-a5ad-0dd97b85c533
3203,NULL,NULL,45,R-135939,"JOHN DEERE 130G EXC W/ BRKR (4Rivers)",1O,NULL,NULL,1,NULL,5d05f199-726d-4b51-a7c6-c0f5d0a2c6e7
3204,NULL,NULL,45,R-150449,"JOHN DEERE 624P LOADER (4 Rivers)",1M,NULL,NULL,1,NULL,7083d6fb-13a1-4455-bf92-de277c15a530
3205,NULL,NULL,45,R-150449,"JOHN DEERE 624P LOADER (4 Rivers)",8M,NULL,NULL,1,NULL,cad3e359-ce87-4d73-bf56-0fa2defe3945
3206,NULL,NULL,45,R-118594,"HITACHI ZX245USLC-7 EXC (Arnold Machinery)",FHM,NULL,NULL,1,NULL,9207c895-0417-4d37-b92a-12873f1ca805
3207,NULL,NULL,45,R-119011,"JD250G Excavator (4 Rivers)",1M,NULL,NULL,1,NULL,10f17c5d-817e-4263-b5fc-85d4af086491
3208,NULL,NULL,45,R-135939,"JOHN DEERE 130G EXC W/ BRKR (4Rivers)",1M,NULL,NULL,1,NULL,dc2b13c2-6540-4b9d-92b2-048a2a88374f
3209,NULL,NULL,45,R-150449,"JOHN DEERE 624P LOADER (4 Rivers)",1O,NULL,NULL,1,NULL,96e07fe5-30e6-49bd-b901-6bb59623431d
3210,NULL,NULL,45,R-153590,"JOHN DEERE 345GLC EXC (4Rivers)",1O,NULL,NULL,1,NULL,4a1ec2a0-cdad-4ac4-b8cc-fcef6a59fea0
3211,NULL,NULL,45,R-237704,"ROLLER 48" SINGLE DRUM SMOOTH (United)",1O,NULL,NULL,1,NULL,095f3743-dcc8-437e-a074-09f6b4006c25
3212,NULL,NULL,45,R-227847,"4000 GAL WATER TRUCK (Ahern)",1M,NULL,NULL,1,NULL,ebb8a6e8-3dca-4419-b845-d045fda97168
3213,NULL,NULL,45,R-194143,"TAKEUCHI TL6CR TRACK SKID (EQ Share)",1M,NULL,NULL,1,NULL,45ccd08a-d5fc-4b45-827d-d3497db1114c
3214,NULL,NULL,45,R-195251,"BOMAG BMP8500",8D,NULL,NULL,1,NULL,efc70c04-c49d-461c-8fe2-9b92ecd5c94a
3215,NULL,NULL,45,R-208510,"FREIGHLINER M2 WATER TRUCK 2000G (United)",1M,NULL,NULL,1,NULL,6888a7b7-5bb8-4b37-ab78-89bca1309dd4
3216,NULL,NULL,45,R-226696,"2000 GAL HINO WATER TRUCK (Herc)",1O,NULL,NULL,1,NULL,88a83c21-5a65-4657-ba96-149e646344fe
3217,NULL,NULL,45,R-221437,"JLG 1200SJP 120' MANLIFT (Sunbelt)",1O,NULL,NULL,1,NULL,236e4c2e-a69f-4731-bad3-82feec2de796
3218,NULL,NULL,45,R-227847,"4000 GAL WATER TRUCK (Ahern)",1O,NULL,NULL,1,NULL,0dbc45fe-48c5-4595-9e8f-83c5d48e9824
3219,NULL,NULL,45,R-243867,"TAKEUCHI TB235-2CR MINI EXC (United)",1O,NULL,NULL,1,NULL,be79ea82-69f7-411c-a79c-54e959e6ba01
3220,NULL,NULL,45,R-237704,"ROLLER 48" SINGLE DRUM SMOOTH (United)",1M,NULL,NULL,1,NULL,685455b1-e50e-4d65-b2fc-0442fe2cdef3
3221,NULL,NULL,45,R-243867,"TAKEUCHI TB235-2CR MINI EXC (United)",1M,NULL,NULL,1,NULL,61a0c198-f79c-486a-a08a-12c9748f8755
3222,NULL,NULL,45,R-1N0121,"CS56 SMOOTH DRUM ROLLER (NC CAT)",1M,NULL,NULL,1,NULL,8320d053-77aa-429b-b17a-95dfef068a96
3223,NULL,NULL,45,R-208510,"FREIGHLINER M2 WATER TRUCK 2000G (United)",1O,NULL,NULL,1,NULL,13695720-156c-418a-b832-b3e4240ec741
3224,NULL,NULL,45,R-250797,"TAKEUCHI TL12V2 TRACK SKIDSTEER (United)",1M,NULL,NULL,1,NULL,1e52e8f8-95ce-431a-a653-1ee6039255f0
3225,NULL,NULL,45,R-243865,"TAKEUCHI TB235-2CR MINIT EXC (United)",1M,NULL,NULL,1,NULL,3ca757ab-8efe-447e-bc25-05cf2c5d64bf
3226,NULL,NULL,45,R-247512,"TAKEUCHI TL12V2-CR (United Rentals)",1O,NULL,NULL,1,NULL,4bc0806e-86cc-44ca-9dfe-a523392d89ba
3227,NULL,NULL,45,R-247294,"LE-LEDWELL 2K WATER TRUCK (H&E Equipment)",1M,NULL,NULL,1,NULL,da5dfb99-f426-4a42-89d8-373f8cc36b86
3228,NULL,NULL,45,R-195251,"BOMAG BMP8500",8M,NULL,NULL,1,NULL,3d487f22-156f-41f6-a1a8-685f8294848b
3229,NULL,NULL,45,R-247294,"LE-LEDWELL 2K WATER TRUCK (H&E Equipment)",1O,NULL,NULL,1,NULL,72a89b69-48b5-4f5f-91de-6383c03ac321
3230,NULL,NULL,45,R-243865,"TAKEUCHI TB235-2CR MINIT EXC (United)",1O,NULL,NULL,1,NULL,0ad64f69-cc8f-4c05-aaf8-f2fd47a39d95
3231,NULL,NULL,45,R-247512,"TAKEUCHI TL12V2-CR (United Rentals)",1M,NULL,NULL,1,NULL,5cdf01eb-3dda-4195-8864-85d2b0272743
3232,NULL,NULL,45,R-250797,"TAKEUCHI TL12V2 TRACK SKIDSTEER (United)",1O,NULL,NULL,1,NULL,bf244305-1676-4e5b-9ba1-ea5b51c9283f
3233,NULL,NULL,45,R-236181,"12K FORKLIFT (Ahern)",1O,NULL,NULL,1,NULL,8e47a3a6-15d8-4682-b646-54ad82d6d6b5
3234,NULL,NULL,45,R-261021,"WATER TRUCK 2000G (Herc)",1M,NULL,NULL,1,NULL,1d4e3007-7236-4549-a8db-9bdfff5a93fc
3235,NULL,NULL,45,R-261021,"WATER TRUCK 2000G (Herc)",1O,NULL,NULL,1,NULL,137f6167-df22-4981-a9dd-8b57a02dc110
3236,NULL,NULL,45,R-268448,"JD50G EXCAVATOR (United)",1O,NULL,NULL,1,NULL,976f26cf-da8a-4de1-b679-1425c426e9c6
3237,NULL,NULL,45,R-268448,"JD50G EXCAVATOR (United)",1M,NULL,NULL,1,NULL,df757774-a09f-4acd-9506-4f52010f51b4
3238,NULL,NULL,45,R-277739,"VOLVO ECR88D EXCAVATOR (Herc)",1M,NULL,NULL,1,NULL,75b70244-0e2d-4962-9b4c-4a213a58042c
3239,NULL,NULL,45,R-316012,"JD310SL EXC W/ BREAKER (4 Rivers)",1O,NULL,NULL,1,NULL,e8ec186c-7a26-42e7-9ce9-7fa3432ca9c2
3240,NULL,NULL,45,R-292562,"FRGHLNR M2 2K WATER TRK (UR)",1O,NULL,NULL,1,NULL,fb7cc998-64fe-4578-91bf-b2c39945d150
3241,NULL,NULL,45,R-316012,"JD310SL EXC W/ BREAKER (4 Rivers)",1M,NULL,NULL,1,NULL,0f2c67db-328f-488f-8d2e-637b544f732a
3242,NULL,NULL,45,R-292562,"FRGHLNR M2 2K WATER TRK (UR)",1M,NULL,NULL,1,NULL,abd161a5-5e4b-4814-9c93-f3ef3b7c43bb
3243,NULL,NULL,45,R-277739,"VOLVO ECR88D EXCAVATOR (Herc)",1O,NULL,NULL,1,NULL,8107dcf7-34a4-4814-a1f3-b38c31ed5926
3244,NULL,NULL,45,R-295065,"FORD F750 DUMP TRUCK 5-6YD (Herc Rentals)",1M,NULL,NULL,1,NULL,3ade032f-0557-499b-a693-629bdbc78ff2
3245,NULL,NULL,45,R-35975A,"DISC TATU 10020 ATTACHMENT (Worldwide Rental) off rent 3/11",8M,NULL,NULL,1,NULL,dd76fb46-95b4-4ee5-9111-ddb3e316a6cc
3246,NULL,NULL,45,R-333066,,1M,NULL,NULL,1,NULL,dfa9bbf0-7f47-4256-a303-e661fab10261
3247,NULL,NULL,45,R-295065,"FORD F750 DUMP TRUCK 5-6YD (Herc Rentals)",1O,NULL,NULL,1,NULL,0cac66e5-b987-40ec-864b-2bf26f0924f3
3248,NULL,NULL,45,R-370743,"VOLVO SD45B SD RIDE ROLLER (HercRentals)",1M,NULL,NULL,1,NULL,90c86e5c-1ccd-415e-99b7-d679cfd9480d
3249,NULL,NULL,45,R-333066,,1O,NULL,NULL,1,NULL,1ea2775b-dd60-4f21-8cf5-d1f350b106d7
3250,NULL,NULL,45,R-370743,"VOLVO SD45B SD RIDE ROLLER (HercRentals)",1O,NULL,NULL,1,NULL,8a131322-ca14-42ef-803f-fcc8f0fa82f7
3251,NULL,NULL,45,R-380466,"WATER TRUCK 4000 GL (United)",1M,NULL,NULL,1,NULL,c30e253f-88fb-41ae-ae17-9bcea528af05
3252,NULL,NULL,45,R-387313,"VOLVO ECR145EL EXCAVATOR (Herc)",1O,NULL,NULL,1,NULL,05f7285f-55f8-418c-8bba-96cdbf8282c3
3253,NULL,NULL,45,R-371001,"HAMM H7I 66" SD ROLLER (Tyler)",1O,NULL,NULL,1,NULL,7257eee1-fbd7-412e-8669-c8a143cbe40d
3254,NULL,NULL,45,R-387313,"VOLVO ECR145EL EXCAVATOR (Herc)",FHM,NULL,NULL,1,NULL,59400f99-d7fd-421e-b193-bbb5bade3703
3255,NULL,NULL,45,R-380466,"WATER TRUCK 4000 GL (United)",1O,NULL,NULL,1,NULL,0b899e59-799b-4e59-a2ed-34d7545be2a7
3256,NULL,NULL,45,R-387313,"VOLVO ECR145EL EXCAVATOR (Herc)",1M,NULL,NULL,1,NULL,6e3ca7f3-10a3-49e7-b4ed-c992a706ef8d
3257,NULL,NULL,45,R-4232AH,"XTREME 12K FORKLIFT (United Rentals)",1M,NULL,NULL,1,NULL,545d4e08-e15a-40a3-a61a-61aff896327b
3258,NULL,NULL,45,R-417137,"VOLVO EC140EL EXCAVATOR (Herc)",1O,NULL,NULL,1,NULL,873b6ac2-cfe8-4066-b173-d90168472439
3259,NULL,NULL,45,R-424755,"BOBCAT T76 TRACK SKID (Sunbelt)",1M,NULL,NULL,1,NULL,1600c83e-8e7d-4cd5-a6b3-6dca570991aa
3260,NULL,NULL,45,R-424755,"BOBCAT T76 TRACK SKID (Sunbelt)",1O,NULL,NULL,1,NULL,4f973054-94c5-465f-b1bf-afaa90b98f49
3261,NULL,NULL,45,R-417137,"VOLVO EC140EL EXCAVATOR (Herc)",FHM,NULL,NULL,1,NULL,4cf51c2a-d1d8-4bfb-9e27-8c7ba349c829
3262,NULL,NULL,45,R-417137,"VOLVO EC140EL EXCAVATOR (Herc)",1M,NULL,NULL,1,NULL,d21f4eff-35db-47c0-8961-172db3e79f0b
3263,NULL,NULL,45,R-427708,"BOMAG BW145 54" SD ROLLER (Sunbelt)",1O,NULL,NULL,1,NULL,134a8f67-64c1-4610-a2be-2ed4478ca9c0
3264,NULL,NULL,45,R-430014,"EXCAVATOR 28000-38000 (Herc)",1M,NULL,NULL,1,NULL,a33dffef-aa03-457e-b26c-fb4b8310e9dc
3265,NULL,NULL,45,R-430014,"EXCAVATOR 28000-38000 (Herc)",FHM,NULL,NULL,1,NULL,d572feaa-c609-403c-b0e9-7d096b002f79
3266,NULL,NULL,45,R-430014,"EXCAVATOR 28000-38000 (Herc)",1O,NULL,NULL,1,NULL,faedb531-0c4a-4fcc-a335-3f271b154283
3267,NULL,NULL,45,R-434192,"CAT D6N LGP DOZER (Wagner)",1O,NULL,NULL,1,NULL,4fbeb684-7d0d-4ad9-b1f7-4c46a34dcccb
3268,NULL,NULL,45,R-430525,"CASE 580R BACKHOE (Herc Rentals)",FHM,NULL,NULL,1,NULL,0b158e8e-dee4-43bb-95bf-7ba0b569e6e0
3269,NULL,NULL,45,R-430525,"CASE 580R BACKHOE (Herc Rentals)",1M,NULL,NULL,1,NULL,7a8d5314-838c-4091-b277-08e4cb2c2b75
3270,NULL,NULL,45,R-434192,"CAT D6N LGP DOZER (Wagner)",1M,NULL,NULL,1,NULL,4513a0c7-0f00-4ffe-b9f1-dc2937a04e94
3271,NULL,NULL,45,R-44146G,"CAT 336FL EXCAVATOR (Wagner)",8M,NULL,NULL,1,NULL,04d03f55-bb95-4af0-99bd-89bc4ff2b060
3272,NULL,NULL,45,R-43UQ43,"SUPERIOR ST220XR CRAWLER CARRIER (Worldwide)",1M,NULL,NULL,1,NULL,a02d8edc-18d0-4eb2-9634-0d264a535932
3273,NULL,NULL,45,R-430525,"CASE 580R BACKHOE (Herc Rentals)",1O,NULL,NULL,1,NULL,96c51528-4942-4c12-b75b-49ed6feac51b
3274,NULL,NULL,45,R-427708,"BOMAG BW145 54" SD ROLLER (Sunbelt)",1M,NULL,NULL,1,NULL,037121e9-d298-4f95-9cce-ec1078c201ac
3275,NULL,NULL,45,R-436852,"CAT312 Excavator",1O,NULL,NULL,1,NULL,10bb531d-df80-406a-bd7f-8a476ad977e6
3276,NULL,NULL,45,R-44146G,"CAT 336FL EXCAVATOR (Wagner)",8S,NULL,NULL,1,NULL,1b809620-b406-4cff-ada0-f7a510e66636
3277,NULL,NULL,45,R-436852,"CAT312 Excavator",1M,NULL,NULL,1,NULL,914ce65a-f41c-4c88-ae0d-f2e032f047d0
3278,NULL,NULL,45,R-447610,"CAT 289 TRACK SKIDSTEER (Wagner) (Purchased 8/1/23 #5627)",8D,NULL,NULL,1,NULL,f7f05b63-619e-449b-85e2-4dfd307a1572
3279,NULL,NULL,45,R-44146G,"CAT 336FL EXCAVATOR (Wagner)",8D,NULL,NULL,1,NULL,229a28cc-024f-4d47-8fef-3779a81b5ec0
3280,NULL,NULL,45,R-4232AH,"XTREME 12K FORKLIFT (United Rentals)",1O,NULL,NULL,1,NULL,8277c06b-d3c5-42c6-b9c3-590117a4f3df
3281,NULL,NULL,45,R-447610,"CAT 289 TRACK SKIDSTEER (Wagner) (Purchased 8/1/23 #5627)",8M,NULL,NULL,1,NULL,f1b542a0-8f9d-47e4-b85c-4b320de7796a
3282,NULL,NULL,45,R-43UQ43,"SUPERIOR ST220XR CRAWLER CARRIER (Worldwide)",FHM,NULL,NULL,1,NULL,3a826329-6050-4736-9f42-b75acafb97fa
3283,NULL,NULL,45,R-43UQ43,"SUPERIOR ST220XR CRAWLER CARRIER (Worldwide)",1O,NULL,NULL,1,NULL,e30b0dea-51f6-4cc1-ba48-7facbd3c3af3
3284,NULL,NULL,45,R-442244,"CAT330 EXCAVATOR W/ PROCESSOR",8M,NULL,NULL,1,NULL,6cd49e0b-a1b3-43bd-a211-892ffb812c54
3285,NULL,NULL,45,R-442244,"CAT330 EXCAVATOR W/ PROCESSOR",8D,NULL,NULL,1,NULL,78be51be-9c9b-4375-91fc-33374fc84967
3286,NULL,NULL,45,R-456437,"CAT950 LOADER (Wagner)",1M,NULL,NULL,1,NULL,c725eab9-cc3a-4c5b-ad33-49031d8ce8e2
3287,NULL,NULL,45,R-456537,"CAT249 TRACK SKIDSTEER (Wagner)",1M,NULL,NULL,1,NULL,2efbd29c-b49a-407d-92ec-c91b75243b90
3288,NULL,NULL,45,R-456437,"CAT950 LOADER (Wagner)",1O,NULL,NULL,1,NULL,5ca2216b-7c70-498d-a6a1-09408ed453c5
3289,NULL,NULL,45,R-455865,"WATER TRUCK 4000 GL (Wagner)",8S,NULL,NULL,1,NULL,568e17b1-74a3-4100-af33-29f75c22eca7
3290,NULL,NULL,45,R-457031,"CAT 950GC LOADER (Wagner)",1O,NULL,NULL,1,NULL,c7ba6738-60f5-483e-bbec-edbc8d063a26
3291,NULL,NULL,45,R-457606,"CAT 330 W/MP EXCAVATOR (Wagner)",FHM,NULL,NULL,1,NULL,3103c324-bfaa-4c7b-8390-497ea5b7ae43
3292,NULL,NULL,45,R-456949,"CAT289 TRACK SKIDSTEER (Wagner)",1M,NULL,NULL,1,NULL,853e128e-e200-4f3d-a6f0-27d4cb24da74
3293,NULL,NULL,45,R-457016,"CAT 335 EXCAVATOR (Wagner)",1M,NULL,NULL,1,NULL,ab4fa136-4acb-4dd4-a23d-c435b0e5c147
3294,NULL,NULL,45,R-458005,"CAT950 LOADER (Wagner)",8D,NULL,NULL,1,NULL,f4f580f0-ed7d-44b2-a96b-41ce763a8d72
3295,NULL,NULL,45,R-456537,"CAT249 TRACK SKIDSTEER (Wagner)",8M,NULL,NULL,1,NULL,94346b15-2dde-4a06-ba87-f6c3eab53dcf
3296,NULL,NULL,45,R-456537,"CAT249 TRACK SKIDSTEER (Wagner)",8D,NULL,NULL,1,NULL,d60624ae-401e-4f38-88db-6533726a57f9
3297,NULL,NULL,45,R-455865,"WATER TRUCK 4000 GL (Wagner)",8D,NULL,NULL,1,NULL,7ec74d18-745d-4d8a-80b3-efb34f867435
3298,NULL,NULL,45,R-458338,"CAT 950M LOADER (Wagner)",1M,NULL,NULL,1,NULL,e0c11490-749e-470a-bbfe-c0fcc89becec
3299,NULL,NULL,45,R-455804,"D6T DOZER W/ TRIMBLE SYSTEM (Wagner)",1O,NULL,NULL,1,NULL,e307cb20-654e-4f58-8920-d4ae9a48c270
3300,NULL,NULL,45,R-458005,"CAT950 LOADER (Wagner)",1O,NULL,NULL,1,NULL,47f9f850-0a83-4c19-9a6c-a367092af5c8
3301,NULL,NULL,45,R-458005,"CAT950 LOADER (Wagner)",8M,NULL,NULL,1,NULL,1f895e80-5b35-4db1-80db-74fdc1be2a1a
3302,NULL,NULL,45,R-457606,"CAT 330 W/MP EXCAVATOR (Wagner)",1M,NULL,NULL,1,NULL,257640f1-a47b-4695-95f7-165634e5c94a
3303,NULL,NULL,45,R-456949,"CAT289 TRACK SKIDSTEER (Wagner)",1O,NULL,NULL,1,NULL,0c7fffbe-0c3b-48a5-91b2-d9af0a646694
3304,NULL,NULL,45,R-458323,"CAT315 W/ THUMB EXCAVATOR (Wagner)",1M,NULL,NULL,1,NULL,583c0881-87f1-4a7b-9953-396a66e27d88
3305,NULL,NULL,45,R-457031,"CAT 950GC LOADER (Wagner)",1M,NULL,NULL,1,NULL,a4dca902-4390-4d72-9b9c-0ed3c5ba3a52
3306,NULL,NULL,45,R-457606,"CAT 330 W/MP EXCAVATOR (Wagner)",1O,NULL,NULL,1,NULL,64d6e7a6-6aba-46f2-b094-6bae81c1feca
3307,NULL,NULL,45,R-458323,"CAT315 W/ THUMB EXCAVATOR (Wagner)",1O,NULL,NULL,1,NULL,d1ac014c-489e-49c9-b972-68c23c8d1be5
3308,NULL,NULL,45,R-458005,"CAT950 LOADER (Wagner)",1M,NULL,NULL,1,NULL,4bb836be-91b4-4f25-b09d-be0891e88c2c
3309,NULL,NULL,45,R-457016,"CAT 335 EXCAVATOR (Wagner)",1O,NULL,NULL,1,NULL,10a399a4-c6a3-4301-a16e-184b13079f99
3310,NULL,NULL,45,R-458338,"CAT 950M LOADER (Wagner)",1O,NULL,NULL,1,NULL,9a91aab0-1a40-4a33-94b9-323c4c2c6785
3311,NULL,NULL,45,R-459383,"CAT 289D TRACK SKID",8M,NULL,NULL,1,NULL,26a0a299-96e8-40ef-a218-9fb4d30f1a44
3312,NULL,NULL,45,R-459383,"CAT 289D TRACK SKID",8D,NULL,NULL,1,NULL,057e26d4-f07c-44c2-8e79-a4a550e563b6
3313,NULL,NULL,45,R-459491,"CAT 950GC F LOADER (Wagner)",8M,NULL,NULL,1,NULL,b38654ad-6711-4ac6-b5ce-8f96757ffea4
3314,NULL,NULL,45,R-459486,"CAT 950GC LOADER (Wagner)",1M,NULL,NULL,1,NULL,323b9cc1-7c54-4004-b3eb-6a44dbdd939f
3315,NULL,NULL,45,R-459486,"CAT 950GC LOADER (Wagner)",8M,NULL,NULL,1,NULL,1f26285c-651c-4f63-8b8a-19672f51d944
3316,NULL,NULL,45,R-459486,"CAT 950GC LOADER (Wagner)",8D,NULL,NULL,1,NULL,a0a2cfff-b46c-452b-90af-71d874129451
3317,NULL,NULL,45,R-459491,"CAT 950GC F LOADER (Wagner)",8D,NULL,NULL,1,NULL,5118c97a-17f8-4223-9f57-3766c585dfc6
3318,NULL,NULL,45,R-460533,"CAT950 LOADER (Wagner) (Purchased 7/24/23 #5248)",8D,NULL,NULL,1,NULL,10ac7e82-712d-4c9d-90fc-48f4c5c5dca5
3319,NULL,NULL,45,R-459521,"CAT 242D TRACK SKID W/ FORKS",1M,NULL,NULL,1,NULL,73a4f4a9-7f2f-47c9-87e4-433ebe35be30
3320,NULL,NULL,45,R-460007,"CAT259 TRACK SKID (Wagner)",1M,NULL,NULL,1,NULL,301589fc-9d45-438d-8943-eb48761e7072
3321,NULL,NULL,45,R-460533,"CAT950 LOADER (Wagner) (Purchased 7/24/23 #5248)",1M,NULL,NULL,1,NULL,91264799-eaf6-4d19-a576-0086dff10571
3322,NULL,NULL,45,R-460758,"CAT950 LOADER (Wagner)",8M,NULL,NULL,1,NULL,7dc0aea6-09f4-4e77-a6a2-f38c4e4a1261
3323,NULL,NULL,45,R-460758,"CAT950 LOADER (Wagner)",1O,NULL,NULL,1,NULL,3610d753-9ac0-4b87-9382-2e395d73602f
3324,NULL,NULL,45,R-461103,"CAT950 LOADER",1M,NULL,NULL,1,NULL,d69b8d40-7ad6-4197-acbe-39ad29047029
3325,NULL,NULL,45,R-459521,"CAT 242D TRACK SKID W/ FORKS",1O,NULL,NULL,1,NULL,f92e0b15-2437-4e5d-8ee7-e337320de8a5
3326,NULL,NULL,45,R-461103,"CAT950 LOADER",1O,NULL,NULL,1,NULL,a49b684c-28e8-44e8-8340-7b6dbeedbe07
3327,NULL,NULL,45,R-461255,"CAT336GC EXCAVATOR (Wagner)  OFF RENT 6/16/21",1M,NULL,NULL,1,NULL,7522b70c-dfd4-4809-8b2e-ed99cbc8d1a1
3328,NULL,NULL,45,R-460533,"CAT950 LOADER (Wagner) (Purchased 7/24/23 #5248)",8M,NULL,NULL,1,NULL,66658e6f-2322-4e9f-8a7a-6af68de341be
3329,NULL,NULL,45,R-459486,"CAT 950GC LOADER (Wagner)",1O,NULL,NULL,1,NULL,9b0b9220-b4c5-4c0d-a3f3-fd48efaffe39
3330,NULL,NULL,45,R-460758,"CAT950 LOADER (Wagner)",1M,NULL,NULL,1,NULL,fe47814f-5436-4041-b3ff-1d2c35d08682
3331,NULL,NULL,45,R-460533,"CAT950 LOADER (Wagner) (Purchased 7/24/23 #5248)",1O,NULL,NULL,1,NULL,11bb9a2c-9bf8-483a-9c3d-13be902f6829
3332,NULL,NULL,45,R-461255,"CAT336GC EXCAVATOR (Wagner)  OFF RENT 6/16/21",1O,NULL,NULL,1,NULL,76ec6b5c-ef4c-4be1-a452-847922c49609
3333,NULL,NULL,45,R-460758,"CAT950 LOADER (Wagner)",8D,NULL,NULL,1,NULL,70530975-feba-47c1-a1ca-789625cb42e7
3334,NULL,NULL,45,R-462100,"CAT950 LOADER (Wagner)",1O,NULL,NULL,1,NULL,9ce667ae-c62e-4989-b672-a6ccc7f8f897
3335,NULL,NULL,45,R-462100,"CAT950 LOADER (Wagner)",1M,NULL,NULL,1,NULL,4d89072a-110b-4a5b-944c-1dd58fff1599
3336,NULL,NULL,45,R-447612,"CAT 289 TRACK SKIDSTEER (Wagner)",1O,NULL,NULL,1,NULL,733fdee0-7c1d-40c0-8413-be18d5a1c9b7
3337,NULL,NULL,45,R-450824,"CAT308 EXCAVATOR (Wagner)",1M,NULL,NULL,1,NULL,6e6fb597-9178-430c-b0c0-019a31cfb3c6
3338,NULL,NULL,45,R-450250,"CAT950 LOADER (Wagner)",8D,NULL,NULL,1,NULL,138f39c7-39a5-49be-b907-ca1cbaac2b98
3339,NULL,NULL,45,R-450250,"CAT950 LOADER (Wagner)",1O,NULL,NULL,1,NULL,1bb3d190-2bd8-424a-af7f-014ec6d8151c
3340,NULL,NULL,45,R-449101,"CAT D6K2 DOZER (Wagner)",8D,NULL,NULL,1,NULL,f5af32a1-b0c5-49a1-940a-7b0e76ee183b
3341,NULL,NULL,45,R-450824,"CAT308 EXCAVATOR (Wagner)",8M,NULL,NULL,1,NULL,fd246fb8-504f-4205-ad0d-ec85d72fc3b5
3342,NULL,NULL,45,R-453262,"CAT CS56 ROLLER (Wagner)",1M,NULL,NULL,1,NULL,6b31bfe3-be0f-4376-9db2-d68b9808ab52
3343,NULL,NULL,45,R-452979,"CAT CS44B COMPACTOR (Wagner)",1O,NULL,NULL,1,NULL,73d1a2cd-37f1-4408-a7a8-882a20966b6b
3344,NULL,NULL,45,R-455289,"CAT 336FL TC EXCAVATOR (Wagner)",8D,NULL,NULL,1,NULL,7e28c41a-e4a1-4c3a-aa03-1bd839ea3024
3345,NULL,NULL,45,R-447612,"CAT 289 TRACK SKIDSTEER (Wagner)",1M,NULL,NULL,1,NULL,6fbbf08e-a0db-4f6a-902f-16ed295d648d
3346,NULL,NULL,45,R-450250,"CAT950 LOADER (Wagner)",1M,NULL,NULL,1,NULL,6548f2a8-1823-49ee-8e76-24746aa25953
3347,NULL,NULL,45,R-453262,"CAT CS56 ROLLER (Wagner)",1O,NULL,NULL,1,NULL,2da31fea-8b80-428e-b495-d5ca789db4d7
3348,NULL,NULL,45,R-450824,"CAT308 EXCAVATOR (Wagner)",8D,NULL,NULL,1,NULL,27ce8919-f823-48a4-a565-fa0508ff065a
3349,NULL,NULL,45,R-455289,"CAT 336FL TC EXCAVATOR (Wagner)",8S,NULL,NULL,1,NULL,27f5dfe7-94b9-4518-8a71-d0bbe13fb889
3350,NULL,NULL,45,R-455804,"D6T DOZER W/ TRIMBLE SYSTEM (Wagner)",1M,NULL,NULL,1,NULL,d98eb1de-3ff1-43e4-bd63-a2469e3941b8
3351,NULL,NULL,45,R-452979,"CAT CS44B COMPACTOR (Wagner)",1M,NULL,NULL,1,NULL,878ba5f8-3953-445b-9b36-f9d9c1b90689
3352,NULL,NULL,45,R-450824,"CAT308 EXCAVATOR (Wagner)",1O,NULL,NULL,1,NULL,c5aa5c54-acc0-408a-a611-16f8be9438ca
3353,NULL,NULL,45,R-455865,"WATER TRUCK 4000 GL (Wagner)",1O,NULL,NULL,1,NULL,54b71d4c-035d-4822-9b23-f0e8440e106b
3354,NULL,NULL,45,R-455865,"WATER TRUCK 4000 GL (Wagner)",8M,NULL,NULL,1,NULL,a128e13f-ad6e-4534-98d8-1d0b19cf80ef
3355,NULL,NULL,45,R-455865,"WATER TRUCK 4000 GL (Wagner)",1M,NULL,NULL,1,NULL,d842bf1d-4faf-4a8e-a368-1ce50366f006
3356,NULL,NULL,45,R-449101,"CAT D6K2 DOZER (Wagner)",8M,NULL,NULL,1,NULL,366807ba-d921-429d-8d32-0ba1851f8585
3357,NULL,NULL,45,R-450250,"CAT950 LOADER (Wagner)",8M,NULL,NULL,1,NULL,2c62deef-d167-44f9-8553-ebb4fcab8ebe
3358,NULL,NULL,45,R-455289,"CAT 336FL TC EXCAVATOR (Wagner)",8M,NULL,NULL,1,NULL,5b20e168-25db-4f4e-8039-cfb53cc2ee7d
3359,NULL,NULL,45,R-456437,"CAT950 LOADER (Wagner)",FHM,NULL,NULL,1,NULL,849d8ae2-3441-4e20-91e4-f3260af17722
3360,NULL,NULL,45,R-456537,"CAT249 TRACK SKIDSTEER (Wagner)",1O,NULL,NULL,1,NULL,84625a82-cc82-4597-9402-d678983f99db
3361,NULL,NULL,45,R-462116,"CAT CS44 ROLLER (Wagner)",8M,NULL,NULL,1,NULL,1719120d-e704-49b2-b5b3-16605c958bba
3362,NULL,NULL,45,R-461586,"CAT950 LOADER (Wagner)",1O,NULL,NULL,1,NULL,40b6981a-136b-42ba-b1f4-87536b085851
3363,NULL,NULL,45,R-461586,"CAT950 LOADER (Wagner)",1M,NULL,NULL,1,NULL,c0330717-49fe-4815-b434-99e7d2d7b0e6
3364,NULL,NULL,45,R-462116,"CAT CS44 ROLLER (Wagner)",1M,NULL,NULL,1,NULL,4cf96ae3-96fa-48af-8d29-0a34724ac481
3365,NULL,NULL,45,R-462116,"CAT CS44 ROLLER (Wagner)",1O,NULL,NULL,1,NULL,ddcf3157-54a4-4834-8942-65e7e0c8c35f
3366,NULL,NULL,45,R-461255,"CAT336GC EXCAVATOR (Wagner)  OFF RENT 6/16/21",8M,NULL,NULL,1,NULL,904ef962-393d-4468-9885-46c01cb0a1bf
3367,NULL,NULL,45,R-464445,"CAT325FL EXCAVATOR (Wagner)",8D,NULL,NULL,1,NULL,3bc41185-3dc9-48af-9a4a-5cfef78c4a82
3368,NULL,NULL,45,R-460007,"CAT259 TRACK SKID (Wagner)",1O,NULL,NULL,1,NULL,1a1835d9-652f-44a5-ac55-8d1df2072fdd
3369,NULL,NULL,45,R-464879,"CAT305.5 EXCAVATOR (Wagner)",8M,NULL,NULL,1,NULL,444bf5c8-e99e-4eb9-8359-6828ba0493cd
3370,NULL,NULL,45,R-464139,"CAT246D SKIDSTEER (Wagner)",1M,NULL,NULL,1,NULL,b1f7149c-9c24-4c71-87c1-d22b7e523fc6
3371,NULL,NULL,45,R-464879,"CAT305.5 EXCAVATOR (Wagner)",8D,NULL,NULL,1,NULL,96037fac-d5ee-4193-8d51-7689af44581a
3372,NULL,NULL,45,R-464642,"CAT 908M LOADER (Wagner)",1M,NULL,NULL,1,NULL,d22570f6-3928-4237-9468-26e4442a7153
3373,NULL,NULL,45,R-462116,"CAT CS44 ROLLER (Wagner)",8D,NULL,NULL,1,NULL,78b9865c-04f6-465e-8bca-687f4aa4c6e6
3374,NULL,NULL,45,R-462605,"CAT305.5 EXCAVATOR W/ THUMB (Wagner)",1M,NULL,NULL,1,NULL,2d08d97e-f3f6-4e28-acac-c66b141c5c22
3375,NULL,NULL,45,R-461235,"CAT308 EXCAVATOR W/ THUMB (Wagner)",1M,NULL,NULL,1,NULL,a57a9b69-4416-4253-9ff5-c1a9fac4a7f4
3376,NULL,NULL,45,R-466237,"CAT335 Excavator (Wagner)",1M,NULL,NULL,1,NULL,051c386f-5d70-47ea-a655-d6269b8a4e05
3377,NULL,NULL,45,R-464883,"CAT 305.5 EXCAVATOR (Wagner)",1O,NULL,NULL,1,NULL,b072eebc-c77b-44a4-b9b1-06710ceed757
3378,NULL,NULL,45,R-464134,"CAT305.5 W/ THUMB (Wagner)",8D,NULL,NULL,1,NULL,fcd0e2f0-426a-4302-a2d4-43c0626ecf9e
3379,NULL,NULL,45,R-464642,"CAT 908M LOADER (Wagner)",1O,NULL,NULL,1,NULL,f6ef4ff0-bd76-412b-93d8-49d9dc2f2d66
3380,NULL,NULL,45,R-464883,"CAT 305.5 EXCAVATOR (Wagner)",1M,NULL,NULL,1,NULL,7769adb0-502d-4449-88c3-63ecceecc468
3381,NULL,NULL,45,R-462605,"CAT305.5 EXCAVATOR W/ THUMB (Wagner)",1O,NULL,NULL,1,NULL,bdd05bca-e144-4a2d-9c64-8cbcf9f6314e
3382,NULL,NULL,45,R-461255,"CAT336GC EXCAVATOR (Wagner)  OFF RENT 6/16/21",8D,NULL,NULL,1,NULL,72486c6a-7ada-483f-8ad0-fa310ca3b7c0
3383,NULL,NULL,45,R-466237,"CAT335 Excavator (Wagner)",1O,NULL,NULL,1,NULL,d8d5d2c9-276e-4d55-b70f-40f929f51cc5
3384,NULL,NULL,45,R-461235,"CAT308 EXCAVATOR W/ THUMB (Wagner)",1O,NULL,NULL,1,NULL,31cb3fb2-04d6-4bf5-a68b-5fbeefebebf0
3385,NULL,NULL,45,R-464139,"CAT246D SKIDSTEER (Wagner)",1O,NULL,NULL,1,NULL,7271f816-4329-4277-8497-884830f900ce
3386,NULL,NULL,45,R-466389,"CAT325FL EXCAVATOR (Purchased 8/1/23 #5629)",1O,NULL,NULL,1,NULL,ee7553e8-d9cb-4074-a9c8-cb16ff6193c4
3387,NULL,NULL,45,R-466391,"CAT326FL EXCAVATOR (Wagner)",8M,NULL,NULL,1,NULL,ee45a3b8-a36b-4199-94d6-e847dc87276c
3388,NULL,NULL,45,R-466391,"CAT326FL EXCAVATOR (Wagner)",8D,NULL,NULL,1,NULL,b844535c-697d-4578-bb7d-ec84c9d3e903
3389,NULL,NULL,45,R-466280,"CAT 299 SKIDSTEER (Wagner)",8M,NULL,NULL,1,NULL,2f990468-8758-49b3-a5d3-f710eb3348ad
3390,NULL,NULL,45,R-466280,"CAT 299 SKIDSTEER (Wagner)",8D,NULL,NULL,1,NULL,b48a18a2-245f-4881-ad83-21e49964f221
3391,NULL,NULL,45,R-466403,"CAT313 EXCAVATOR (Wagner) LOANER ONLY",1M,NULL,NULL,1,NULL,a8aeee8c-d7b2-4295-9980-3b69d13c5e5a
3392,NULL,NULL,45,R-466389,"CAT325FL EXCAVATOR (Purchased 8/1/23 #5629)",1M,NULL,NULL,1,NULL,214a19f6-fd79-48bc-acf5-737b2cb1c78e
3393,NULL,NULL,45,R-466403,"CAT313 EXCAVATOR (Wagner) LOANER ONLY",FHM,NULL,NULL,1,NULL,6b0d3b82-eb18-4f89-98b5-b8fc1a582626
3394,NULL,NULL,45,R-466403,"CAT313 EXCAVATOR (Wagner) LOANER ONLY",1O,NULL,NULL,1,NULL,3c33bbb7-ecf0-4e4b-bff4-72157a910a7a
3395,NULL,NULL,45,R-466683,"CAT305.5 EXCAVATOR (Wagner)",1M,NULL,NULL,1,NULL,1e14b973-5ded-476a-93f2-c148c5649788
3396,NULL,NULL,45,R-467276,"CAT CS44/CS7 COMPACTOR (Wagner)",1O,NULL,NULL,1,NULL,bc9e749a-bbe3-4fce-9f53-d4c947064977
3397,NULL,NULL,45,R-466479,"CAT315 EXCAVATOR (Wagner)",1M,NULL,NULL,1,NULL,88676f6a-904e-4b58-8786-8a5d39da2cf4
3398,NULL,NULL,45,R-467155,"CAT D4K/D2 DOZER (Wagner)",1M,NULL,NULL,1,NULL,ead39657-9c93-437f-a0c4-0d3c7a459c45
3399,NULL,NULL,45,R-467471,"CAT  CS34 ROLLER (Wagner)",1O,NULL,NULL,1,NULL,a67a7775-cb94-43cf-9ab7-7bf892db527e
3400,NULL,NULL,45,R-467680,"CAT CS44B COMPACTOR (Wagner)",1M,NULL,NULL,1,NULL,ee6112fc-5c0e-445a-9c64-4a1f930021a2
3401,NULL,NULL,45,R-467001,"CAT305.5E2 EXCAVATOR W/ THUMB (Wagner)",1M,NULL,NULL,1,NULL,e8296fd7-d476-450a-99b7-987d7ed798cd
3402,NULL,NULL,45,R-467667,"CAT330 CB EXCAVATOR (Wagner)",8M,NULL,NULL,1,NULL,0282488e-8765-4b88-aa21-73436c09248d
3403,NULL,NULL,45,R-467276,"CAT CS44/CS7 COMPACTOR (Wagner)",1M,NULL,NULL,1,NULL,1135847d-230c-4629-b038-8992f6546f04
3404,NULL,NULL,45,R-466952,"CAT D6XE VP DOZER (Wagner)",1M,NULL,NULL,1,NULL,464f899f-b466-4004-8d53-f13191e28235
3405,NULL,NULL,45,R-467722,"CAT259D TRACK SKIDSTEER (Wagner)",1O,NULL,NULL,1,NULL,e1aa0448-9b6c-47e1-a164-a77b2263fb9f
3406,NULL,NULL,45,R-466952,"CAT D6XE VP DOZER (Wagner)",1O,NULL,NULL,1,NULL,b2e37021-ba7b-46ee-aa52-dd0f75b1f50f
3407,NULL,NULL,45,R-467667,"CAT330 CB EXCAVATOR (Wagner)",8D,NULL,NULL,1,NULL,47f4ba3c-0316-47d6-89cb-f97e05662d4e
3408,NULL,NULL,45,R-467991,"CAT 308 EXCAVATOR W/ THB (Wagner)",8D,NULL,NULL,1,NULL,50c3eda5-19d2-4898-a221-b8d32952ee57
3409,NULL,NULL,45,R-467991,"CAT 308 EXCAVATOR W/ THB (Wagner)",8M,NULL,NULL,1,NULL,1cf2e50e-50c2-4171-ae8f-5ebd545eff4d
3410,NULL,NULL,45,R-468554,"CAT 279 TRACK SKID (Wagner)",1M,NULL,NULL,1,NULL,e5279123-8d9c-4859-aa4b-37da92e00274
3411,NULL,NULL,45,R-467991,"CAT 308 EXCAVATOR W/ THB (Wagner)",1M,NULL,NULL,1,NULL,c7ce7178-de9f-4240-b888-3808615b675f
3412,NULL,NULL,45,R-467471,"CAT  CS34 ROLLER (Wagner)",1M,NULL,NULL,1,NULL,f916d1b5-58a5-4c8b-8db6-7598ee34c0da
3413,NULL,NULL,45,R-467940,"CAT TL943 FORKLIFT (Wagner)",1O,NULL,NULL,1,NULL,6b1e507b-520e-4cf6-9c05-ed641d7fc926
3414,NULL,NULL,45,R-467991,"CAT 308 EXCAVATOR W/ THB (Wagner)",1O,NULL,NULL,1,NULL,b761b627-1caa-4f91-95e8-26b57616ab47
3415,NULL,NULL,45,R-467739,"CAT299D2 TRACK LOADER (Wagner)",1M,NULL,NULL,1,NULL,e84f0687-a058-4cfd-8dba-ddc6841a2474
3416,NULL,NULL,45,R-468554,"CAT 279 TRACK SKID (Wagner)",1O,NULL,NULL,1,NULL,8225ffde-bb49-4bf6-8070-09634ace47e2
3417,NULL,NULL,45,R-467001,"CAT305.5E2 EXCAVATOR W/ THUMB (Wagner)",1O,NULL,NULL,1,NULL,46283830-41b0-407f-a1b2-20d84beb65e2
3418,NULL,NULL,45,R-466479,"CAT315 EXCAVATOR (Wagner)",1O,NULL,NULL,1,NULL,dc0f5e53-32f0-4324-b8aa-450ec9596b0a
3419,NULL,NULL,45,R-467680,"CAT CS44B COMPACTOR (Wagner)",1O,NULL,NULL,1,NULL,a83777d2-905d-4334-8664-4914980b44f6
3420,NULL,NULL,45,R-468544,"CAT CS34 ROLLER (Wagner)",1M,NULL,NULL,1,NULL,adbc3312-606f-419e-b692-ce223be9c8f9
3421,NULL,NULL,45,R-466683,"CAT305.5 EXCAVATOR (Wagner)",1O,NULL,NULL,1,NULL,2c29090d-fc1c-4585-aa6f-984fead2f2b9
3422,NULL,NULL,45,R-467187,"CAT D6N/D5 DOZER (Wagner)",8M,NULL,NULL,1,NULL,9d2a742f-86e3-44be-8a4e-dfae0626d23c
3423,NULL,NULL,45,R-467155,"CAT D4K/D2 DOZER (Wagner)",1O,NULL,NULL,1,NULL,0d21014d-1786-4835-a196-7fb44a88cba5
3424,NULL,NULL,45,R-467722,"CAT259D TRACK SKIDSTEER (Wagner)",1M,NULL,NULL,1,NULL,e165fdc0-ae35-41de-96ab-8febf5965548
3425,NULL,NULL,45,R-467187,"CAT D6N/D5 DOZER (Wagner)",8D,NULL,NULL,1,NULL,0e7eb083-1f1b-4cc8-b593-e6a921757960
3426,NULL,NULL,45,R-468554,"CAT 279 TRACK SKID (Wagner)",FHM,NULL,NULL,1,NULL,5f17e31b-9241-42a6-b419-a34797fe94f6
3427,NULL,NULL,45,R-467276,"CAT CS44/CS7 COMPACTOR (Wagner)",FHM,NULL,NULL,1,NULL,7088c5dc-b7cd-4190-8d18-4f2b62c067e9
3428,NULL,NULL,45,R-467940,"CAT TL943 FORKLIFT (Wagner)",FHM,NULL,NULL,1,NULL,2700cee8-e4e0-49f3-8e16-5fd6ac4bcf41
3429,NULL,NULL,45,R-467739,"CAT299D2 TRACK LOADER (Wagner)",1O,NULL,NULL,1,NULL,5ae73585-8cf1-4fdf-8c18-c6e3d42599ad
3430,NULL,NULL,45,R-467733,"CAT289D TRACK LOADER (Wagner)",8M,NULL,NULL,1,NULL,0b6a02ef-4a2f-46e0-ae1a-b2e497f17404
3431,NULL,NULL,45,R-467940,"CAT TL943 FORKLIFT (Wagner)",1M,NULL,NULL,1,NULL,02845728-fc6b-4899-a57e-88dcd783be06
3432,NULL,NULL,45,R-467730,"CAT289D TRACK LOADER (Wagner)",8D,NULL,NULL,1,NULL,3263f86f-c3f5-4e31-adc4-5f2893cbc2e9
3433,NULL,NULL,45,R-467733,"CAT289D TRACK LOADER (Wagner)",8D,NULL,NULL,1,NULL,877509da-b003-44b9-b6e2-12961623c923
3434,NULL,NULL,45,R-468544,"CAT CS34 ROLLER (Wagner)",FHM,NULL,NULL,1,NULL,3845acfc-9571-4978-aece-bc1a24b005a8
3435,NULL,NULL,45,R-468544,"CAT CS34 ROLLER (Wagner)",1O,NULL,NULL,1,NULL,5736e10f-3ba6-4e1c-8666-350b9a1e0e50
3436,NULL,NULL,45,R-156736,"JOHN DEERE 325G TRACK SKID (4Rivers)",1M,NULL,NULL,1,NULL,bf81a122-2f6a-4ace-bfd0-7049fb197294
3437,NULL,NULL,45,R-156736,"JOHN DEERE 325G TRACK SKID (4Rivers)",1O,NULL,NULL,1,NULL,d769ed15-e2cc-425f-b418-36a254e60928
3438,NULL,NULL,45,R-156988,"JOHN DEERE 850L DOZER (4Rivers)",1O,NULL,NULL,1,NULL,f9cb5ecf-1bdf-4ac9-a8e3-a9e080f81464
3439,NULL,NULL,45,R-153590,"JOHN DEERE 345GLC EXC (4Rivers)",FHM,NULL,NULL,1,NULL,2f1db0f6-b62f-4544-ad3a-ada6d13e912d
3440,NULL,NULL,45,R-191083,"FREIGHTLINER WATER TRUCK (EQ Share)",1O,NULL,NULL,1,NULL,c1cf0604-4391-4e48-b1fb-f67954d7e4de
3441,NULL,NULL,45,R-184671,*grader,1O,NULL,NULL,1,NULL,28282573-0562-4b86-a3d4-5a879d2e7bbb
3442,NULL,NULL,45,R-156736,"JOHN DEERE 325G TRACK SKID (4Rivers)",FHM,NULL,NULL,1,NULL,28069314-b6f1-457a-87a0-2a05fb818550
3443,NULL,NULL,45,R-184671,*grader,8D,NULL,NULL,1,NULL,cc37c2fb-4147-487f-b159-3128718ac0f7
3444,NULL,NULL,45,R-190717,"XTREME XR1255 FORKLIFT (Ahern)",1M,NULL,NULL,1,NULL,82b6efb9-ec05-41a1-bddf-2bd5afab0e02
3445,NULL,NULL,45,R-194143,"TAKEUCHI TL6CR TRACK SKID (EQ Share)",1O,NULL,NULL,1,NULL,9be00f6d-16a2-4bb3-a07c-31a1333c9603
3446,NULL,NULL,45,R-165387,"BOBCAT T76 SKIDSTEER (Equip Share)",8M,NULL,NULL,1,NULL,9172ee26-bb03-41f9-b198-f90d744b2605
3447,NULL,NULL,45,R-190717,"XTREME XR1255 FORKLIFT (Ahern)",1O,NULL,NULL,1,NULL,13da1055-6c60-48b2-97fd-26a68eaec172
3448,NULL,NULL,45,R-165387,"BOBCAT T76 SKIDSTEER (Equip Share)",8D,NULL,NULL,1,NULL,996dd384-ab3a-4778-98e4-5e5e5d8b7dcd
3449,NULL,NULL,45,R-184671,*grader,1M,NULL,NULL,1,NULL,fd4c4664-83cc-4e53-8fe6-1eedb0c8fd32
3450,NULL,NULL,45,R-156988,"JOHN DEERE 850L DOZER (4Rivers)",1M,NULL,NULL,1,NULL,5019b92e-f901-4b2e-83b0-9f05bc982e02
3451,NULL,NULL,45,R-191083,"FREIGHTLINER WATER TRUCK (EQ Share)",1M,NULL,NULL,1,NULL,2867e38b-7ad4-4159-aa0f-9b9bc9724aa5
3452,NULL,NULL,45,R-198097,"FREIGHTLINER 4K WATER TRUCK (EQ Share)",8M,NULL,NULL,1,NULL,1946f6cf-47f7-4806-b53b-41d5a23d482b
3453,NULL,NULL,45,R-1W2735,"CAT 320 EXCAVATOR (Fabick)",1M,NULL,NULL,1,NULL,4e8d2df4-beb1-4f62-a9e0-eecb8e163c38
3454,NULL,NULL,45,R-198097,"FREIGHTLINER 4K WATER TRUCK (EQ Share)",8D,NULL,NULL,1,NULL,cfea19f9-7dde-4aad-b40c-81b807f63012
3455,NULL,NULL,45,R-212587,"FRGHTLNR 2K WATER TRUCK (Sunbelt)",1O,NULL,NULL,1,NULL,8e2791b8-cc17-4770-9e45-53ddcc6e67c6
3456,NULL,NULL,45,R-208510,"FREIGHLINER M2 WATER TRUCK 2000G (United)",FHM,NULL,NULL,1,NULL,4d8b0fc8-c102-4b32-9d24-1717f53d532e
3457,NULL,NULL,45,R-212587,"FRGHTLNR 2K WATER TRUCK (Sunbelt)",1M,NULL,NULL,1,NULL,bb502950-572c-438c-a603-989f53f8f791
3458,NULL,NULL,45,R-226696,"2000 GAL HINO WATER TRUCK (Herc)",1M,NULL,NULL,1,NULL,0211a742-a92e-4cb8-9abc-c00d3b1ae4e6
3459,NULL,NULL,45,R-1W2735,"CAT 320 EXCAVATOR (Fabick)",1O,NULL,NULL,1,NULL,4271455e-c274-45c3-9966-2f016a8893c8
3460,NULL,NULL,45,R-1N0121,"CS56 SMOOTH DRUM ROLLER (NC CAT)",1O,NULL,NULL,1,NULL,acd93bcf-680f-4402-b75f-03dfab0ae6b4
3461,NULL,NULL,45,R-468679,"CAT 336 EXCAVATOR (Wagner)",1O,NULL,NULL,1,NULL,bf03f655-9a0a-4056-9b70-5294cd19fae8
3462,NULL,NULL,45,R-468679,"CAT 336 EXCAVATOR (Wagner)",FHM,NULL,NULL,1,NULL,6b9e5fcd-39f5-431a-9558-b169a5fa89ad
3463,NULL,NULL,45,R-469456,"CAT325 FL CR EXCAVATOR (Wagner)",1O,NULL,NULL,1,NULL,fbaed57b-a3bb-4f20-91d4-c505144835d9
3464,NULL,NULL,45,R-469456,"CAT325 FL CR EXCAVATOR (Wagner)",1M,NULL,NULL,1,NULL,0bd646e8-7232-4702-9edf-91f061c0541e
3465,NULL,NULL,45,R-469785,"CAT 938M LOADER (Wagner)",1O,NULL,NULL,1,NULL,9768f47c-4084-4c8f-9fa7-7b128c7248fb
3466,NULL,NULL,45,R-468679,"CAT 336 EXCAVATOR (Wagner)",1M,NULL,NULL,1,NULL,59063e89-b8e2-48be-9083-9a3c89dd8746
3467,NULL,NULL,45,R-469744,"CAT 309 EXCAVATOR W/ THUMB (Wagner)",8M,NULL,NULL,1,NULL,b7c82fcc-ebf3-4600-82e1-d5b0c0df5e14
3468,NULL,NULL,45,R-469785,"CAT 938M LOADER (Wagner)",1M,NULL,NULL,1,NULL,2750c58c-9e9c-4eb6-a9f9-672441130750
3469,NULL,NULL,45,R-470145,"COMPACTOR REV PLATE MVH508DZ (Wagner) (off rent 10/1/20)",8M,NULL,NULL,1,NULL,4dab96f7-9ce5-4341-9f60-b0104403e090
3470,NULL,NULL,45,R-470145,"COMPACTOR REV PLATE MVH508DZ (Wagner) (off rent 10/1/20)",8D,NULL,NULL,1,NULL,ec8957ce-69b9-4987-a9fb-a4d3a7106955
3471,NULL,NULL,45,R-469795,"CAT CS44 COMPACTOR/ROLLER",8M,NULL,NULL,1,NULL,7321c4a4-b246-468a-9677-0f0111ad3ed3
3472,NULL,NULL,45,R-470276,"CAT CS44 ROLLER (Wagner)",1O,NULL,NULL,1,NULL,30add8c0-ae96-4ddc-9c87-f021947807fb
3473,NULL,NULL,45,R-470276,"CAT CS44 ROLLER (Wagner)",1M,NULL,NULL,1,NULL,2b73fb80-530b-44aa-a8fe-7c7965546218
3474,NULL,NULL,45,R-470249,"CAT289 SKIDSTEER off rent 2/20/21",8M,NULL,NULL,1,NULL,f944b997-e003-446c-9603-6687902246f7
3475,NULL,NULL,45,R-471228,"CAT299D3 Skidsteer (Wagner)",1M,NULL,NULL,1,NULL,bb077563-c505-4ff4-8d80-7b9e2fdaafb5
3476,NULL,NULL,45,R-471519,"CAT325B EXCAVATOR",8D,NULL,NULL,1,NULL,8b6e9cef-dd51-421f-b692-db1e966e1447
3477,NULL,NULL,45,R-469795,"CAT CS44 COMPACTOR/ROLLER",8D,NULL,NULL,1,NULL,877ebfb0-6db9-4c97-9c6c-2bc6d884bad2
3478,NULL,NULL,45,R-471660,"CAT950 LOADER (Wagner)",1M,NULL,NULL,1,NULL,423122eb-07a2-4892-b947-67a8fc6214dd
3479,NULL,NULL,45,R-471519,"CAT325B EXCAVATOR",1M,NULL,NULL,1,NULL,6ba126c4-bdfa-46e3-af3b-61cfbdf09a78
3480,NULL,NULL,45,R-471519,"CAT325B EXCAVATOR",8M,NULL,NULL,1,NULL,a099967e-f7c9-4c86-968e-b37a2799547e
3481,NULL,NULL,45,R-471660,"CAT950 LOADER (Wagner)",1O,NULL,NULL,1,NULL,7d1ab227-1983-4cdc-86f5-777c1104e73a
3482,NULL,NULL,45,R-471779,"CAT CS44 ROLLER (Wagner)",1M,NULL,NULL,1,NULL,b5b1ab9a-6ec8-4b53-8fa8-d2b95903fb8d
3483,NULL,NULL,45,R-469744,"CAT 309 EXCAVATOR W/ THUMB (Wagner)",8D,NULL,NULL,1,NULL,d1d38bc9-c7a1-405c-a12d-1b99bac03d56
3484,NULL,NULL,45,R-473796,"CAT308 EXCAVATOR (Wagner)",8D,NULL,NULL,1,NULL,2934ee30-f50c-40e1-85e1-5797c886cf59
3485,NULL,NULL,45,R-473017,"CAT 303.5 MINI EXC (Wagner)",8M,NULL,NULL,1,NULL,bccc8a31-0f73-4252-886f-5a30e04103f0
3486,NULL,NULL,45,R-476524,"CAT 259D TRACK SKID (Wagner)",1M,NULL,NULL,1,NULL,c1f188a1-98d7-42eb-91f8-5f627a7f3ba1
3487,NULL,NULL,45,R-476539,"CAT 289 TRACK SKID (Wagner)",8D,NULL,NULL,1,NULL,ef8313ef-14d8-43c4-9c47-2c296bac8027
3488,NULL,NULL,45,R-477404,"CAT950 LOADER (Wagner) (Purchased 7/26/23 #5250)",8D,NULL,NULL,1,NULL,4491413f-994f-48f7-9b7d-8395baf7a243
3489,NULL,NULL,45,R-476539,"CAT 289 TRACK SKID (Wagner)",8M,NULL,NULL,1,NULL,bcd2f57b-b060-4f10-a15e-a835f9e42db9
3490,NULL,NULL,45,R-477017,"CAT326 EXCAVATOR W/ THUMB (Wagner)",8D,NULL,NULL,1,NULL,bb90e77b-ed7b-4d5e-af90-d25f8e656e55
3491,NULL,NULL,45,R-477404,"CAT950 LOADER (Wagner) (Purchased 7/26/23 #5250)",1M,NULL,NULL,1,NULL,d39d5ec1-ea90-41fc-a01b-043e7f12a23c
3492,NULL,NULL,45,R-477008,"CAT320 EXCAVAOTOR W/ BREAKER (Wagner)",1O,NULL,NULL,1,NULL,f3335817-0d51-4ce5-8eac-9c769d511423
3493,NULL,NULL,45,R-478068,"CAT308 EXCAVATOR W/ THUMB (Wagner)",8D,NULL,NULL,1,NULL,8ae2bc5b-0f3f-4425-9b6c-a964d18112b0
3494,NULL,NULL,45,R-476524,"CAT 259D TRACK SKID (Wagner)",1O,NULL,NULL,1,NULL,1e2776bc-d075-449d-a727-91d02b765720
3495,NULL,NULL,45,R-477008,"CAT320 EXCAVAOTOR W/ BREAKER (Wagner)",1M,NULL,NULL,1,NULL,b22cd43a-9224-4fb8-9ab6-2e28a0498962
3496,NULL,NULL,45,R-477452,"CAT938 LOADER (Wagner)",1M,NULL,NULL,1,NULL,8b773a6b-5027-4999-9b13-9b2d7e9c6e95
3497,NULL,NULL,45,R-476575,"CAT279 TRACK SKID (Wagner)",1M,NULL,NULL,1,NULL,3076ad9a-24b4-422a-b1ff-9a36e61459c9
3498,NULL,NULL,45,R-478167,"CAT308 EXCAVATOR W/ THB (Wagner)",8D,NULL,NULL,1,NULL,51217248-4b08-4b6f-b0a3-ee70b3b4457c
3499,NULL,NULL,45,R-476539,"CAT 289 TRACK SKID (Wagner)",1M,NULL,NULL,1,NULL,57884c4c-3c6f-40c2-9379-8d5b1f369528
3500,NULL,NULL,45,R-478068,"CAT308 EXCAVATOR W/ THUMB (Wagner)",1O,NULL,NULL,1,NULL,e3c2f2c9-6938-4052-8a50-ed4394a6f4cb
3501,NULL,NULL,45,R-478167,"CAT308 EXCAVATOR W/ THB (Wagner)",8M,NULL,NULL,1,NULL,2944acf0-5dd0-4816-aa21-e82ebce6ef48
3502,NULL,NULL,45,R-477404,"CAT950 LOADER (Wagner) (Purchased 7/26/23 #5250)",8M,NULL,NULL,1,NULL,baa75aa9-41e7-4aa2-b75f-49f6886d5d9e
3503,NULL,NULL,45,R-476575,"CAT279 TRACK SKID (Wagner)",1O,NULL,NULL,1,NULL,ac48aaac-2bdb-423a-8900-a44403f66add
3504,NULL,NULL,45,R-478167,"CAT308 EXCAVATOR W/ THB (Wagner)",1O,NULL,NULL,1,NULL,d67165a7-820d-4d85-9807-5fa3c4f301f3
3505,NULL,NULL,45,R-478068,"CAT308 EXCAVATOR W/ THUMB (Wagner)",1M,NULL,NULL,1,NULL,e0534c21-8d16-413c-8a2e-a6dbfd155406
3506,NULL,NULL,45,R-477452,"CAT938 LOADER (Wagner)",FHM,NULL,NULL,1,NULL,200102f5-efe7-45b1-a6b1-bb66bcc82837
3507,NULL,NULL,45,R-476539,"CAT 289 TRACK SKID (Wagner)",1O,NULL,NULL,1,NULL,7b32cd99-2f5b-4249-8faa-573aa533b312
3508,NULL,NULL,45,R-477404,"CAT950 LOADER (Wagner) (Purchased 7/26/23 #5250)",1O,NULL,NULL,1,NULL,7a5c8f12-34bb-4861-b589-779aefd56d15
3509,NULL,NULL,45,R-477017,"CAT326 EXCAVATOR W/ THUMB (Wagner)",8M,NULL,NULL,1,NULL,295f7f7c-9129-4f33-be62-8b87c2b3b830
3510,NULL,NULL,45,R-478389,"CAT308 EXCAVATOR W/ THB (Wagner)",8D,NULL,NULL,1,NULL,030fd9fe-38c3-476d-85e7-d5390f1130a9
3511,NULL,NULL,45,R-474307,"D6N/D5 DOZER---LOANER FOR #5513 (Wagner)",1O,NULL,NULL,1,NULL,79cd101a-3b50-48d6-801a-635d25bd5baa
3512,NULL,NULL,45,R-474307,"D6N/D5 DOZER---LOANER FOR #5513 (Wagner)",1M,NULL,NULL,1,NULL,af0a7109-cba3-4c4e-a95c-51fd510362f6
3513,NULL,NULL,45,R-472698,"CAT CS34 COMPACTOR (Wagner)",1M,NULL,NULL,1,NULL,1dd8932a-bd6a-4760-95c6-6c222a062168
3514,NULL,NULL,45,R-474436,"CAT740C HAUL TRUCK (Wagner)",1O,NULL,NULL,1,NULL,52225c3a-1db5-4ec9-94c1-20ad733f7c53
3515,NULL,NULL,45,R-471660,"CAT950 LOADER (Wagner)",FHM,NULL,NULL,1,NULL,9705ed88-7a1d-4779-b16e-e07393b3d7c9
3516,NULL,NULL,45,R-471519,"CAT325B EXCAVATOR",1O,NULL,NULL,1,NULL,32a88992-59a6-4e4c-a66c-a9a7492fe8a2
3517,NULL,NULL,45,R-473438,"CAT289 TRACK SKIDSTEER (Wagner)",1O,NULL,NULL,1,NULL,df386c81-ba66-43a9-b426-b0ff830847e8
3518,NULL,NULL,45,R-473438,"CAT289 TRACK SKIDSTEER (Wagner)",1M,NULL,NULL,1,NULL,2d70c030-0434-48e7-b837-ba1a8fca3f5e
3519,NULL,NULL,45,R-474722,"CAT308 EXCAVATOR (Wagner)",8D,NULL,NULL,1,NULL,4f860034-73d6-4ec9-8a0f-e239ea8ecf40
3520,NULL,NULL,45,R-472698,"CAT CS34 COMPACTOR (Wagner)",1O,NULL,NULL,1,NULL,5a3b0a37-9574-4495-9715-008afeb6e47c
3521,NULL,NULL,45,R-474723,"CAT308 EXCAVATOR (Wagner)",1M,NULL,NULL,1,NULL,6b813d84-d311-4e75-a520-35dbd2d2fafe
3522,NULL,NULL,45,R-473017,"CAT 303.5 MINI EXC (Wagner)",8D,NULL,NULL,1,NULL,8669a0fd-4149-4b0e-9e0f-b6311e380456
3523,NULL,NULL,45,R-473796,"CAT308 EXCAVATOR (Wagner)",8M,NULL,NULL,1,NULL,69f61cd2-a352-42b5-ab17-6c3e9f649751
3524,NULL,NULL,45,R-473838,"CATD4K2 DOZER W/ TRIMBLE SYSTEM (Wagner) off rent 2/15/21",8M,NULL,NULL,1,NULL,8ebd60eb-1780-4c11-ac36-4812ae3c5043
3525,NULL,NULL,45,R-474723,"CAT308 EXCAVATOR (Wagner)",1O,NULL,NULL,1,NULL,b8a837d7-4a6e-411b-a09f-c096e774a073
3526,NULL,NULL,45,R-476404,"CAT CS56 ROLLER (Wagner)",1M,NULL,NULL,1,NULL,d29d7737-d0b3-4559-958d-b459f05f0097
3527,NULL,NULL,45,R-473837,"CATD4K2 DOZER W/ TRIMBLE SYSTEM (Wagner)",8M,NULL,NULL,1,NULL,24e2cac8-1ced-43f4-a63f-e1af5d46f98f
3528,NULL,NULL,45,R-471779,"CAT CS44 ROLLER (Wagner)",1O,NULL,NULL,1,NULL,95b44dcd-de1c-4a22-8ed6-dbf9f0b08a98
3529,NULL,NULL,45,R-471228,"CAT299D3 Skidsteer (Wagner)",1O,NULL,NULL,1,NULL,80eb2bbd-3965-4242-b4d0-d6a8fddbf70e
3530,NULL,NULL,45,R-474436,"CAT740C HAUL TRUCK (Wagner)",FHM,NULL,NULL,1,NULL,79034a36-7b3e-45d3-806e-7e7a317707d2
3531,NULL,NULL,45,R-473896,"CAT349 BUCKET (Wagner)",8D,NULL,NULL,1,NULL,f5147dbe-c0f6-44f9-b227-674ebc494070
3532,NULL,NULL,45,R-474436,"CAT740C HAUL TRUCK (Wagner)",1M,NULL,NULL,1,NULL,ad3d4868-9b77-45e6-940c-28c139377d11
3533,NULL,NULL,45,R-475012,"D6K2 DOZER (Wagner) (Loaner) - off rent 3-1-21",8M,NULL,NULL,1,NULL,2af83110-08a1-41b2-92a3-66dd3bf0c8bb
3534,NULL,NULL,45,R-474722,"CAT308 EXCAVATOR (Wagner)",8M,NULL,NULL,1,NULL,70111554-f745-4ced-a59e-40a11926851a
3535,NULL,NULL,45,R-476404,"CAT CS56 ROLLER (Wagner)",1O,NULL,NULL,1,NULL,f4b7c564-c089-414a-a0c3-94b901d7c6a5
3536,NULL,NULL,45,R-478168,"CAT 308 EXCAVATOR W/ THB (Wagner)",1O,NULL,NULL,1,NULL,15fd8b06-526e-407a-8bb8-f2b809b4a44b
3537,NULL,NULL,45,R-478389,"CAT308 EXCAVATOR W/ THB (Wagner)",1O,NULL,NULL,1,NULL,5fe03fbc-9d51-483c-b4af-6ea82434d50f
3538,NULL,NULL,45,R-477452,"CAT938 LOADER (Wagner)",1O,NULL,NULL,1,NULL,eeb621ad-5295-430d-99ac-0f12bf0eae59
3539,NULL,NULL,45,R-479396,"INTERNAT'L LW400 4K WATER TRUCK (United Rentals)",FHM,NULL,NULL,1,NULL,297d364e-6334-4e40-b45f-912e139bd5c0
3540,NULL,NULL,45,R-479396,"INTERNAT'L LW400 4K WATER TRUCK (United Rentals)",1M,NULL,NULL,1,NULL,aaf2d19a-a2e4-4002-8e53-b54535265edf
3541,NULL,NULL,45,R-478068,"CAT308 EXCAVATOR W/ THUMB (Wagner)",8M,NULL,NULL,1,NULL,bf36bd7b-749b-4c2c-a0d7-f4466014e029
3542,NULL,NULL,45,R-479123,"CAT 308 EXCAVATOR W/ THB (Wagner)",1M,NULL,NULL,1,NULL,cc60d183-0120-4f46-83ea-d464f9e52e69
3543,NULL,NULL,45,R-479123,"CAT 308 EXCAVATOR W/ THB (Wagner)",1O,NULL,NULL,1,NULL,744f67f6-5788-4b82-bd1e-db766b2243fe
3544,NULL,NULL,45,R-480745,"CAT938 LOADER (Wagner)",1O,NULL,NULL,1,NULL,5336f04c-e60b-45e7-a97c-31e8d8baa3bf
3545,NULL,NULL,45,R-478389,"CAT308 EXCAVATOR W/ THB (Wagner)",1M,NULL,NULL,1,NULL,65df3210-8b3d-417a-bba2-1160d546e4c7
3546,NULL,NULL,45,R-480751,"CAT CP56B ROLLER (Wagner)",FHM,NULL,NULL,1,NULL,bef2a466-b8dd-47ef-9bd8-c5a402f37040
3547,NULL,NULL,45,R-478389,"CAT308 EXCAVATOR W/ THB (Wagner)",8M,NULL,NULL,1,NULL,f6901448-ff42-4564-9551-f6905446b31a
3548,NULL,NULL,45,R-480751,"CAT CP56B ROLLER (Wagner)",1O,NULL,NULL,1,NULL,86d8cb7e-9875-4d3b-920d-a45ec6804d34
3549,NULL,NULL,45,R-479123,"CAT 308 EXCAVATOR W/ THB (Wagner)",FHM,NULL,NULL,1,NULL,213f175e-41df-4bf4-8760-d7bc749fa179
3550,NULL,NULL,45,R-478267,"CAT299XHP TRACK SKID (Wagner)",1O,NULL,NULL,1,NULL,c0531970-03e8-4dda-8d6c-f87acce8d30e
3551,NULL,NULL,45,R-478168,"CAT 308 EXCAVATOR W/ THB (Wagner)",1M,NULL,NULL,1,NULL,178e540a-7b28-46c5-b073-6bcb4a447d60
3552,NULL,NULL,45,R-480751,"CAT CP56B ROLLER (Wagner)",1M,NULL,NULL,1,NULL,51b8a371-40be-4ac0-b08b-71fc6c79f61c
3553,NULL,NULL,45,R-480745,"CAT938 LOADER (Wagner)",1M,NULL,NULL,1,NULL,329570d0-31a4-4a71-9832-6c8e8d221150
3554,NULL,NULL,45,R-478168,"CAT 308 EXCAVATOR W/ THB (Wagner)",FHM,NULL,NULL,1,NULL,74e7b23c-8676-4647-8c65-093dad6bf6a1
3555,NULL,NULL,45,R-481012,"CAT CS56 COMPACTOR/ROLLER (Wagner)",1M,NULL,NULL,1,NULL,56e5cefa-8aa9-4a37-a831-d1ca648fb8a1
3556,NULL,NULL,45,R-479839,"WACKER NEUSON RC70 R/O 66' ROLLER (EQ SHARE)",8D,NULL,NULL,1,NULL,49a76f81-1564-4a99-b0b5-cca39d7953b0
3557,NULL,NULL,45,R-479839,"WACKER NEUSON RC70 R/O 66' ROLLER (EQ SHARE)",8M,NULL,NULL,1,NULL,25d7665a-14ca-41e3-87b3-31632d386d96
3558,NULL,NULL,45,R-478167,"CAT308 EXCAVATOR W/ THB (Wagner)",1M,NULL,NULL,1,NULL,25ddc542-805c-4c51-a752-c8794819ef0d
3559,NULL,NULL,45,R-478267,"CAT299XHP TRACK SKID (Wagner)",1M,NULL,NULL,1,NULL,554de156-2933-409d-912d-53ceb1213120
3560,NULL,NULL,45,R-479396,"INTERNAT'L LW400 4K WATER TRUCK (United Rentals)",1O,NULL,NULL,1,NULL,b4facbd7-1e44-48af-b07c-39519fd76dc7
3561,NULL,NULL,45,R-482218,"CAT CS56 COMPACTOR (Wagner)",8M,NULL,NULL,1,NULL,78eff963-28ea-4157-a73b-bf4494774731
3562,NULL,NULL,45,R-481012,"CAT CS56 COMPACTOR/ROLLER (Wagner)",1O,NULL,NULL,1,NULL,a8c25e68-1808-4956-8419-ba64c6aec07e
3563,NULL,NULL,45,R-482427,"CAT D6K/D4 DOZER (Wagner)",1O,NULL,NULL,1,NULL,e936a70d-a737-4489-9b5e-e09d6144a194
3564,NULL,NULL,45,R-482218,"CAT CS56 COMPACTOR (Wagner)",1M,NULL,NULL,1,NULL,e9861931-1dac-4bfe-bafe-6bc49d87725a
3565,NULL,NULL,45,R-483389,"CAT313 EXCAVATOR (Wagner)",1O,NULL,NULL,1,NULL,533dca3f-f1ba-41ff-88cf-9d1bba592c17
3566,NULL,NULL,45,R-483400,"CAT315 EXC W/ THUMB (Wagner)",8M,NULL,NULL,1,NULL,aa0e202b-3f1e-4569-9fb8-0378346de465
3567,NULL,NULL,45,R-483400,"CAT315 EXC W/ THUMB (Wagner)",8D,NULL,NULL,1,NULL,a69c6c0c-0f41-471f-a109-16611aa8d5d6
3568,NULL,NULL,45,R-483089,"CAT 259/255 TRACK SKIDSTEER (Wagner)",1O,NULL,NULL,1,NULL,8c5d05b9-2c89-4add-934a-1ec38000d635
3569,NULL,NULL,45,R-483400,"CAT315 EXC W/ THUMB (Wagner)",1M,NULL,NULL,1,NULL,bbdf6fbf-0823-4ee1-90f8-c8a9759d091b
3570,NULL,NULL,45,R-483089,"CAT 259/255 TRACK SKIDSTEER (Wagner)",1M,NULL,NULL,1,NULL,dfb7dec5-0b2f-4fba-b804-08efad02a87e
3571,NULL,NULL,45,R-482218,"CAT CS56 COMPACTOR (Wagner)",1O,NULL,NULL,1,NULL,643d7356-654f-4a1a-be1f-f37e71b48022
3572,NULL,NULL,45,R-482218,"CAT CS56 COMPACTOR (Wagner)",8D,NULL,NULL,1,NULL,68634f70-1e2d-4a0d-829d-638c37f6b135
3573,NULL,NULL,45,R-483829,"CAT914 LOADER (Wagner)",1M,NULL,NULL,1,NULL,bbcb3bfe-0cac-400a-a9c6-0b831b5c2b89
3574,NULL,NULL,45,R-482427,"CAT D6K/D4 DOZER (Wagner)",FHM,NULL,NULL,1,NULL,fef93643-e5e2-4ae0-95f6-5e822d807e14
3575,NULL,NULL,45,R-483829,"CAT914 LOADER (Wagner)",1O,NULL,NULL,1,NULL,356feec7-fa4d-483f-a96f-6ba72422a537
3576,NULL,NULL,45,R-484208,"TAKEUCHI TL8CW SKIDSTEER (United)",8M,NULL,NULL,1,NULL,055b8c6a-6d51-48fb-8fe0-b8a3df7d73f9
3577,NULL,NULL,45,R-484208,"TAKEUCHI TL8CW SKIDSTEER (United)",8D,NULL,NULL,1,NULL,043ac2b4-b25f-4260-bc4c-eae4342c3035
3578,NULL,NULL,45,R-483829,"CAT914 LOADER (Wagner)",FHM,NULL,NULL,1,NULL,f141db2a-2d2d-4a64-bd7c-2178daee1b18
3579,NULL,NULL,45,R-483661,"CAT938 LOADER (Wagner) (Purchased 7/18/23 #5252)",1M,NULL,NULL,1,NULL,8f1cf4c9-12c2-42b0-8d53-64372ebab49f
3580,NULL,NULL,45,R-483661,"CAT938 LOADER (Wagner) (Purchased 7/18/23 #5252)",1O,NULL,NULL,1,NULL,cf07596f-01fb-4369-a8fa-9151ec8ffed1
3581,NULL,NULL,45,R-482427,"CAT D6K/D4 DOZER (Wagner)",1M,NULL,NULL,1,NULL,f8b2bede-e854-4d57-bba8-aa996d7c59d5
3582,NULL,NULL,45,R-483089,"CAT 259/255 TRACK SKIDSTEER (Wagner)",FHM,NULL,NULL,1,NULL,2780c67e-9ea9-4f3d-a0dd-180d3d7213f8
3583,NULL,NULL,45,R-483389,"CAT313 EXCAVATOR (Wagner)",1M,NULL,NULL,1,NULL,dc5a6475-2233-4f24-be38-043a9b9664c5
3584,NULL,NULL,45,R-483400,"CAT315 EXC W/ THUMB (Wagner)",1O,NULL,NULL,1,NULL,e7f4ccaa-3467-4676-a788-df6e2a33dd9b
3585,NULL,NULL,45,R-483389,"CAT313 EXCAVATOR (Wagner)",FHM,NULL,NULL,1,NULL,4d4fef34-44ec-435c-8dd5-53a140e67323
3586,NULL,NULL,45,R-485057,"CAT 950GC F LOADER (Wagner)",8M,NULL,NULL,1,NULL,99dc8a83-91de-4f1b-ac7e-8d725afb04a1
3587,NULL,NULL,45,R-485440,"CAT308 EXCAVATOR (Wagner)",1M,NULL,NULL,1,NULL,751bcafa-c8fa-4a9c-910c-266860a16f77
3588,NULL,NULL,45,R-486240,"CAT349FL EXCAVATOR (Wagner)",1M,NULL,NULL,1,NULL,abae741f-6c70-4308-b102-14fd502d8d5e
3589,NULL,NULL,45,R-485057,"CAT 950GC F LOADER (Wagner)",8D,NULL,NULL,1,NULL,15830dd4-11ba-4900-b9e4-ff918eeb3b70
3590,NULL,NULL,45,R-486575,"CAT299 TRACK SKID (Wagner)",1O,NULL,NULL,1,NULL,d50c4b3d-90a7-49e2-8561-d11f2fa9482e
3591,NULL,NULL,45,R-486240,"CAT349FL EXCAVATOR (Wagner)",1O,NULL,NULL,1,NULL,34ac3f88-61f1-4a5c-a101-578f23feb771
3592,NULL,NULL,45,R-486577,"CAT289 TRACK SKID (Wagner)",8D,NULL,NULL,1,NULL,88a75206-d2fb-48e3-bfc5-5719cea94390
3593,NULL,NULL,45,R-486575,"CAT299 TRACK SKID (Wagner)",1M,NULL,NULL,1,NULL,518ffc70-7b27-47b0-ba8c-0a683ff4fb0f
3594,NULL,NULL,45,R-486575,"CAT299 TRACK SKID (Wagner)",FHM,NULL,NULL,1,NULL,48d4663f-ce90-4627-940d-37d4f6a9699d
3595,NULL,NULL,45,R-486732,"CAT305.5E2 MINI EXC (Wagner)",1M,NULL,NULL,1,NULL,aaa7f618-0237-4eae-99f6-7e916431d45b
3596,NULL,NULL,45,R-486913,"CAT950GC LOADER (Wagner) (Purchaseed 7/26/23 #5249)",8D,NULL,NULL,1,NULL,4dfa09ba-cf7c-480f-a21c-63d66e4272cf
3597,NULL,NULL,45,R-486919,"CAT950 LOADER (Wagner)",1M,NULL,NULL,1,NULL,32c838c9-d2ed-4bd5-870e-c6bbcc4b098c
3598,NULL,NULL,45,R-485440,"CAT308 EXCAVATOR (Wagner)",1O,NULL,NULL,1,NULL,1c46d1e2-ea94-4fb3-a031-b7ef2933c8ce
3599,NULL,NULL,45,R-486577,"CAT289 TRACK SKID (Wagner)",8M,NULL,NULL,1,NULL,bcc77e69-6c8e-4651-b1c8-dae2e833282e
3600,NULL,NULL,45,R-486913,"CAT950GC LOADER (Wagner) (Purchaseed 7/26/23 #5249)",8M,NULL,NULL,1,NULL,0c6f6599-7a61-40c9-8e97-b000ebf34610
3601,NULL,NULL,45,R-486919,"CAT950 LOADER (Wagner)",8D,NULL,NULL,1,NULL,9ebd872e-b5d4-4c31-a289-befa14047207
3602,NULL,NULL,45,R-486732,"CAT305.5E2 MINI EXC (Wagner)",1O,NULL,NULL,1,NULL,175519ed-a881-4c61-8e3a-660f98d549eb
3603,NULL,NULL,45,R-486915,"CAT950 LOADER (Wagner)",1M,NULL,NULL,1,NULL,b4f7375b-162d-4e5e-b789-a594c31b0250
3604,NULL,NULL,45,R-486915,"CAT950 LOADER (Wagner)",1O,NULL,NULL,1,NULL,900a03fe-afc5-4d35-b794-41b507c3efb9
3605,NULL,NULL,45,R-486926,"CAT938 LOADER (Wagner)",8M,NULL,NULL,1,NULL,371a280d-eb0c-40a5-af20-c132da8fe2d1
3606,NULL,NULL,45,R-486919,"CAT950 LOADER (Wagner)",1O,NULL,NULL,1,NULL,f7dd8ff1-8298-440a-9fea-e95af25afb71
3607,NULL,NULL,45,R-486919,"CAT950 LOADER (Wagner)",8M,NULL,NULL,1,NULL,2ef7cc94-5854-44c4-b95f-f30744d40fe2
3608,NULL,NULL,45,R-486936,"CAT938 LOADER (Wagner)",8D,NULL,NULL,1,NULL,f93a1060-04f0-4c21-80c5-e4fa827c40a5
3609,NULL,NULL,45,R-486926,"CAT938 LOADER (Wagner)",8D,NULL,NULL,1,NULL,d27fd283-2dd8-47c8-bd35-87caca2ce214
3610,NULL,NULL,45,R-486926,"CAT938 LOADER (Wagner)",1M,NULL,NULL,1,NULL,e149077f-58aa-4a81-ab59-c9adba068b33
3611,NULL,NULL,45,R-484255,"WATER TRUCK -4000 GAL (Wagner)",1M,NULL,NULL,1,NULL,87a01785-57ef-4af5-810b-acc74418147a
3612,NULL,NULL,45,R-484263,"KENWORTH 4000G WATER TRK (Wagner)",1M,NULL,NULL,1,NULL,c1e9229b-ad5e-4398-b781-57602945b7d1
3613,NULL,NULL,45,R-484242,"WATER TRUCK 2000 GAL (Wagner)",1O,NULL,NULL,1,NULL,95959f0b-4443-4c7e-86c0-3a1ffb941ecf
3614,NULL,NULL,45,R-484264,"WATER TRUCK 4000 GAL (Wagner)",1M,NULL,NULL,1,NULL,e2a118fc-c819-419e-ba93-58e76c77e67f
3615,NULL,NULL,45,R-484242,"WATER TRUCK 2000 GAL (Wagner)",1M,NULL,NULL,1,NULL,a96184a2-9b2b-46e4-aeab-cf41ff29845e
3616,NULL,NULL,45,R-483932,"CAT938 LOADER (Wagner)",1O,NULL,NULL,1,NULL,c3f17f64-3b75-4d72-92f3-f335a4b1b94b
3617,NULL,NULL,45,R-484263,"KENWORTH 4000G WATER TRK (Wagner)",FHM,NULL,NULL,1,NULL,e89c80ed-39c4-4c84-90a5-a4f8e4010479
3618,NULL,NULL,45,R-484123,"CAT313 EXCAVATOR (Wagner)",1M,NULL,NULL,1,NULL,d14f8730-9eb2-4c69-9788-e8ca3507e0ea
3619,NULL,NULL,45,R-484255,"WATER TRUCK -4000 GAL (Wagner)",8D,NULL,NULL,1,NULL,205cac3d-8a68-4b86-9fb9-39510e147fdb
3620,NULL,NULL,45,R-484183,"ROLLER WB PD, BMP85 (Wagner)",8D,NULL,NULL,1,NULL,53621a6c-5728-4acf-92ca-d2af9eaba35d
3621,NULL,NULL,45,R-484264,"WATER TRUCK 4000 GAL (Wagner)",1O,NULL,NULL,1,NULL,90760b80-d6ce-4a1c-9804-280fa7e3a644
3622,NULL,NULL,45,R-484268,"WATER TRUCK-4000 GAL (Wagner)",1O,NULL,NULL,1,NULL,651e3520-e71e-43c2-acc9-4eb5342d6181
3623,NULL,NULL,45,R-484264,"WATER TRUCK 4000 GAL (Wagner)",FHM,NULL,NULL,1,NULL,a4b6f4c2-1259-49d8-86f8-33c30123c341
3624,NULL,NULL,45,R-484255,"WATER TRUCK -4000 GAL (Wagner)",8M,NULL,NULL,1,NULL,c0b4089f-e1c5-4176-92cc-b4d196e606b5
3625,NULL,NULL,45,R-483932,"CAT938 LOADER (Wagner)",1M,NULL,NULL,1,NULL,ad8c8120-5951-40c2-8788-9ee7b3d96dc5
3626,NULL,NULL,45,R-484692,"CAT289 TRACK SKID (Wanger)",1M,NULL,NULL,1,NULL,0e011ad3-2a42-4a40-a24e-06a4a11d317d
3627,NULL,NULL,45,R-484255,"WATER TRUCK -4000 GAL (Wagner)",1O,NULL,NULL,1,NULL,bf9e8bce-3399-4684-8b8d-c86a5591d609
3628,NULL,NULL,45,R-484263,"KENWORTH 4000G WATER TRK (Wagner)",1O,NULL,NULL,1,NULL,85d8c8cc-2df9-454a-98d1-41165e71f729
3629,NULL,NULL,45,R-484693,"CAT289 TRACK SKID W/ BREAKER (Wagner)",1M,NULL,NULL,1,NULL,62176acf-28d7-415f-b8b1-9ddcb3c323e5
3630,NULL,NULL,45,R-484693,"CAT289 TRACK SKID W/ BREAKER (Wagner)",8M,NULL,NULL,1,NULL,0c7378fc-fe79-4506-8d46-973cc81c8fa0
3631,NULL,NULL,45,R-484268,"WATER TRUCK-4000 GAL (Wagner)",1M,NULL,NULL,1,NULL,f17a7177-a9a7-4db6-abed-caa9c967c3ac
3632,NULL,NULL,45,R-484123,"CAT313 EXCAVATOR (Wagner)",1O,NULL,NULL,1,NULL,38c4c05e-5f14-4d41-b0e1-ab96174edf67
3633,NULL,NULL,45,R-484692,"CAT289 TRACK SKID (Wanger)",1O,NULL,NULL,1,NULL,91365987-3b46-4e40-9d82-84a60b67b714
3634,NULL,NULL,45,R-484693,"CAT289 TRACK SKID W/ BREAKER (Wagner)",1O,NULL,NULL,1,NULL,3f6bcbbc-a47b-4068-8062-06757dcf4b6c
3635,NULL,NULL,45,R-484693,"CAT289 TRACK SKID W/ BREAKER (Wagner)",8D,NULL,NULL,1,NULL,3906457e-ce16-4e7c-9bdf-3ea2a1233bcc
3636,NULL,NULL,45,R-489016,"CAT299 TRACK SKIDSTEER (Wagner)",1M,NULL,NULL,1,NULL,bd61b1e2-7a9e-4de4-bc81-6940b32afeb3
3637,NULL,NULL,45,R-486926,"CAT938 LOADER (Wagner)",1O,NULL,NULL,1,NULL,e216f338-e63b-482a-975d-f7654dde3ae6
3638,NULL,NULL,45,R-486936,"CAT938 LOADER (Wagner)",8M,NULL,NULL,1,NULL,82e89b1e-1910-413a-9ec3-ea516ffd10d8
3639,NULL,NULL,45,R-489456,"CAT259 TRACK SKIDSTEER (Wagner)",1M,NULL,NULL,1,NULL,94ed257a-1bd8-4212-824e-e52417c8af7c
3640,NULL,NULL,45,R-488055,"CAT D6K/D4 DOZER",8D,NULL,NULL,1,NULL,455f734c-f211-47ba-bf84-92c410e4a970
3641,NULL,NULL,45,R-489016,"CAT299 TRACK SKIDSTEER (Wagner)",1O,NULL,NULL,1,NULL,5c7b51b1-f285-4749-92fa-801345703a73
3642,NULL,NULL,45,R-489456,"CAT259 TRACK SKIDSTEER (Wagner)",8M,NULL,NULL,1,NULL,d4753147-1104-45c5-802c-5a8aa94c9c9e
3643,NULL,NULL,45,R-488055,"CAT D6K/D4 DOZER",8M,NULL,NULL,1,NULL,5ffcdf6a-2b0f-4fbf-94e0-5fe9e4c8dddb
3644,NULL,NULL,45,R-489102,"CAT CP44/CP7 ROLLER (Wagner)",1M,NULL,NULL,1,NULL,1d7e0823-55df-4837-aa28-54b3d2876c37
3645,NULL,NULL,45,R-489710,"CAT308 EXCAVATOR (Wagner)",8M,NULL,NULL,1,NULL,039b4ff5-c8f3-4a6d-bd47-17937621747f
3646,NULL,NULL,45,R-489456,"CAT259 TRACK SKIDSTEER (Wagner)",1O,NULL,NULL,1,NULL,ccd04331-09eb-431c-98cb-6c2f420346d5
3647,NULL,NULL,45,R-489710,"CAT308 EXCAVATOR (Wagner)",1O,NULL,NULL,1,NULL,17fa5f2f-dd44-4ec9-8aad-b3765b8d42d4
3648,NULL,NULL,45,R-489102,"CAT CP44/CP7 ROLLER (Wagner)",FHM,NULL,NULL,1,NULL,1917e028-3182-4cf6-8135-cf8dcb7d42a8
3649,NULL,NULL,45,R-489710,"CAT308 EXCAVATOR (Wagner)",1M,NULL,NULL,1,NULL,87625d78-4790-4069-95c9-84fd3afc256c
3650,NULL,NULL,45,R-489896,"CAT325 EXCAVATOR (Wagner)",1M,NULL,NULL,1,NULL,a656cf53-0356-4dae-b470-da6ecbc50e4f
3651,NULL,NULL,45,R-489710,"CAT308 EXCAVATOR (Wagner)",8D,NULL,NULL,1,NULL,13faca19-9bf2-4cae-b87c-96e5a4642bb4
3652,NULL,NULL,45,R-489456,"CAT259 TRACK SKIDSTEER (Wagner)",FHM,NULL,NULL,1,NULL,c3882ce5-06d7-4171-b595-8454a8d785bb
3653,NULL,NULL,45,R-490288,"CAT140 MOTOR GRADER (Wagner)",1O,NULL,NULL,1,NULL,9fd6c3ee-6488-4941-8ec9-9e653a15c479
3654,NULL,NULL,45,R-489458,"CAT246 SKIDSTEER (Wagner)",1M,NULL,NULL,1,NULL,610daadd-53ba-416a-a9ec-8e297f24e806
3655,NULL,NULL,45,R-489896,"CAT325 EXCAVATOR (Wagner)",1O,NULL,NULL,1,NULL,b267591a-6bf4-416f-8463-b23d7648c4ff
3656,NULL,NULL,45,R-490288,"CAT140 MOTOR GRADER (Wagner)",1M,NULL,NULL,1,NULL,c3983233-6f5d-4a3b-a9ba-88ec01d49e4f
3657,NULL,NULL,45,R-489102,"CAT CP44/CP7 ROLLER (Wagner)",1O,NULL,NULL,1,NULL,8e30114d-7206-41a0-a6d6-eb563a0fef91
3658,NULL,NULL,45,R-489710,"CAT308 EXCAVATOR (Wagner)",FHM,NULL,NULL,1,NULL,2e0db891-a57b-404a-a18b-02a1e49a0669
3659,NULL,NULL,45,R-489456,"CAT259 TRACK SKIDSTEER (Wagner)",8D,NULL,NULL,1,NULL,e4075e11-cb1b-4839-ae02-6f73f1f340f8
3660,NULL,NULL,45,R-489458,"CAT246 SKIDSTEER (Wagner)",1O,NULL,NULL,1,NULL,abf3e8c2-df12-4e7b-8f31-b585e1513be5
3661,NULL,NULL,45,R-491421,"KENWORTH 2000G WATER TRUCK (Wagner)",1M,NULL,NULL,1,NULL,16e83a4b-f091-407d-af05-841c1421910d
3662,NULL,NULL,45,R-491456,"CAT308 EXCAVATOR W/ THB (Wagner)",1M,NULL,NULL,1,NULL,b05e7816-0a71-4ed5-9ef0-e4b5767fe369
3663,NULL,NULL,45,R-491421,"KENWORTH 2000G WATER TRUCK (Wagner)",1O,NULL,NULL,1,NULL,e42c8f85-6b9b-4462-8626-4b078c8ff203
3664,NULL,NULL,45,R-490288,"CAT140 MOTOR GRADER (Wagner)",FHM,NULL,NULL,1,NULL,73c886e7-d260-4d78-a8fa-9d96212fa0ee
3665,NULL,NULL,45,R-491456,"CAT308 EXCAVATOR W/ THB (Wagner)",1O,NULL,NULL,1,NULL,13d77a21-9273-471c-9e69-c3e5804b4950
3666,NULL,NULL,45,R-491457,"CAT308 EXCAVATOR W/ THB (Wagner)",1O,NULL,NULL,1,NULL,eeab88a0-c8de-43a8-914d-21cf2d43356a
3667,NULL,NULL,45,R-491456,"CAT308 EXCAVATOR W/ THB (Wagner)",FHM,NULL,NULL,1,NULL,244721b2-ddb3-4e1a-beb5-af0bcefff17c
3668,NULL,NULL,45,R-491704,"CAT299D3 TRACK SKID (Wagner)",8D,NULL,NULL,1,NULL,f10e6ab8-c954-40e3-a850-d74cf4fdfa48
3669,NULL,NULL,45,R-491482,"TL1255 TELEHANDLER (Wagner)",1M,NULL,NULL,1,NULL,0645e403-034c-42b0-b102-a67ec1783d1c
3670,NULL,NULL,45,R-491704,"CAT299D3 TRACK SKID (Wagner)",8M,NULL,NULL,1,NULL,958631fb-1f20-4246-a6a4-6673fcbd4e85
3671,NULL,NULL,45,R-491457,"CAT308 EXCAVATOR W/ THB (Wagner)",1M,NULL,NULL,1,NULL,a34d3a45-1782-435f-860f-96b66dcc73c9
3672,NULL,NULL,45,R-491482,"TL1255 TELEHANDLER (Wagner)",1O,NULL,NULL,1,NULL,b8014594-83c0-4c6c-af4c-d826cb0f8ef0
3673,NULL,NULL,45,R-491730,"CAT950 LOADER (Wagner)",8D,NULL,NULL,1,NULL,b6f4597c-a30b-4be6-bc6f-d599aa9a0916
3674,NULL,NULL,45,R-491902,"CAT313 EXCAVATOR (Wagner)",1M,NULL,NULL,1,NULL,0f17985b-4b69-42c2-a05c-de5f6a9d0e0b
3675,NULL,NULL,45,R-491885,"MVH508DZ REV PLATE COMPACTOR (Wagner)",1O,NULL,NULL,1,NULL,8d094d1f-a66d-4f7c-a6e1-522d6b9df3ba
3676,NULL,NULL,45,R-491730,"CAT950 LOADER (Wagner)",8M,NULL,NULL,1,NULL,993049de-81f5-422f-a0c2-14a59deb295e
3677,NULL,NULL,45,R-491900,"CAT313 EXCAVATOR (Wagner)",1M,NULL,NULL,1,NULL,289c14fc-64ee-42f2-b700-5a09e8317028
3678,NULL,NULL,45,R-491902,"CAT313 EXCAVATOR (Wagner)",1O,NULL,NULL,1,NULL,accb49fe-d958-4584-ad65-d0b0ebdfe95e
3679,NULL,NULL,45,R-492194,"CAT313 EXC W/ THUMB AND HAMMER (Wagner)",1M,NULL,NULL,1,NULL,3bbd356c-2f27-4418-a57e-e13015440d91
3680,NULL,NULL,45,R-491900,"CAT313 EXCAVATOR (Wagner)",1O,NULL,NULL,1,NULL,c4289a0c-8d42-4bde-99cd-4b047ae6771c
3681,NULL,NULL,45,R-492194,"CAT313 EXC W/ THUMB AND HAMMER (Wagner)",1O,NULL,NULL,1,NULL,e722163d-7c75-4884-ac0b-a231a20e4798
3682,NULL,NULL,45,R-492207,"CAT CS74/CS16 ROLLER (Wagner)",FHM,NULL,NULL,1,NULL,4bab1afd-9603-41ec-9d78-dbe8cd8bf990
3683,NULL,NULL,45,R-492179,"CAT320 EXCAVATOR (Wagner)",1O,NULL,NULL,1,NULL,0b72494a-7277-487a-8820-eadc08f4ec36
3684,NULL,NULL,45,R-492572,"CAT317GC EXCAVATOR (Wagner)",1M,NULL,NULL,1,NULL,b0b4ea40-953f-4d4c-98b1-0126122e0fa5
3685,NULL,NULL,45,R-492572,"CAT317GC EXCAVATOR (Wagner)",8M,NULL,NULL,1,NULL,215bd812-3f7b-4ea9-b5a1-88e6175c3627
3686,NULL,NULL,45,R-493818,"WATER TRUCK 4000G (Wagner) (Now Unit 4345)",1M,NULL,NULL,1,NULL,cba772ab-f175-4b06-8a13-3e15a49a1d67
3687,NULL,NULL,45,R-494101,"CAT914 LOADER (Wagner)",1O,NULL,NULL,1,NULL,e507ee35-d82f-4a12-baa7-24f922d5a1f4
3688,NULL,NULL,45,R-493818,"WATER TRUCK 4000G (Wagner) (Now Unit 4345)",1O,NULL,NULL,1,NULL,0ce23da0-ad2f-4bcb-be87-e6dd8b1caf94
3689,NULL,NULL,45,R-493687,"WB PD ROLLER BMP85 (Wagner)",1O,NULL,NULL,1,NULL,a9148437-ee1e-434f-92e2-d32a3a9705b1
3690,NULL,NULL,45,R-493819,"WATER TRUCK 4000G (Wagner)",1O,NULL,NULL,1,NULL,850542bf-2810-464e-abf9-3c673d5f546b
3691,NULL,NULL,45,R-493687,"WB PD ROLLER BMP85 (Wagner)",1M,NULL,NULL,1,NULL,617d5566-d172-423c-a860-6aa5d1bf1d2e
3692,NULL,NULL,45,R-493819,"WATER TRUCK 4000G (Wagner)",1M,NULL,NULL,1,NULL,bdd1f923-711b-4e5f-b60f-fc86876fea08
3693,NULL,NULL,45,R-494101,"CAT914 LOADER (Wagner)",1M,NULL,NULL,1,NULL,61b8cf3c-8b19-4a28-9124-21f109e70138
3694,NULL,NULL,45,R-494263,"2000 GAL WATER TRUCK (Wagner)",FHM,NULL,NULL,1,NULL,5504cca2-ef0e-4f5e-848c-02dca67d3e48
3695,NULL,NULL,45,R-494101,"CAT914 LOADER (Wagner)",FHM,NULL,NULL,1,NULL,372bb75c-0bfc-4c41-a61c-c11984e9a21c
3696,NULL,NULL,45,R-494263,"2000 GAL WATER TRUCK (Wagner)",1M,NULL,NULL,1,NULL,619879af-adbf-4d4e-980d-8a2e9a6f7fa8
3697,NULL,NULL,45,R-495295,"CAT 336 EXCAVATOR (Wagner)",8M,NULL,NULL,1,NULL,6b66fd29-0a8a-4d45-a70c-c42d872519ce
3698,NULL,NULL,45,R-494941,"CAT335 EXCAVATOR (Wagner)",1M,NULL,NULL,1,NULL,b2859327-2889-4bfb-9e78-71724ebf0ea5
3699,NULL,NULL,45,R-493818,"WATER TRUCK 4000G (Wagner) (Now Unit 4345)",FHM,NULL,NULL,1,NULL,b4718711-0ba2-46ca-a2ed-f57e862b40bd
3700,NULL,NULL,45,R-495513,"CAT950M LOADER (Wagner)",8M,NULL,NULL,1,NULL,e6cdc39a-c25f-4c91-8e2d-20027745e02b
3701,NULL,NULL,45,R-494263,"2000 GAL WATER TRUCK (Wagner)",1O,NULL,NULL,1,NULL,59b83ba6-de90-4449-969d-37ee765c7059
3702,NULL,NULL,45,R-495295,"CAT 336 EXCAVATOR (Wagner)",8D,NULL,NULL,1,NULL,84c84656-ce79-46e8-8ccd-eca22909627f
3703,NULL,NULL,45,R-494941,"CAT335 EXCAVATOR (Wagner)",1O,NULL,NULL,1,NULL,580fe25a-d097-472b-b40a-abe134bdd551
3704,NULL,NULL,45,R-495592,"CAT305.5 EXC W/ THUMB (Wagner)",1M,NULL,NULL,1,NULL,3a06785c-e9b6-4835-8fd1-4fc1af028bac
3705,NULL,NULL,45,R-495557,"CAT259 TRACK SKIDSTEER (Wagner)",1M,NULL,NULL,1,NULL,5fd708c0-7194-417f-9bf1-3a0d697df874
3706,NULL,NULL,45,R-495513,"CAT950M LOADER (Wagner)",1O,NULL,NULL,1,NULL,3ae39dcb-6e47-4c57-9b11-6581a58887e0
3707,NULL,NULL,45,R-495672,"CAT 299 TRACK SKID (Wagner)",1O,NULL,NULL,1,NULL,a5051f7c-2899-49c3-9cbf-20d86ffc841e
3708,NULL,NULL,45,R-495513,"CAT950M LOADER (Wagner)",8D,NULL,NULL,1,NULL,e645648a-5086-41c6-8681-22a6ed583f1f
3709,NULL,NULL,45,R-495600,"CAT 308 EXCAVATOR (Wagner)",1O,NULL,NULL,1,NULL,417e3d52-5643-42ef-b95a-da0a8e858ce4
3710,NULL,NULL,45,R-495513,"CAT950M LOADER (Wagner)",1M,NULL,NULL,1,NULL,3352b15b-c7ec-44fe-a9db-950de8e00754
3711,NULL,NULL,45,R-492568,"CAT 317GC EXCAVATOR (Wagner)",1M,NULL,NULL,1,NULL,848aa611-c472-4da3-bcc4-8d9cf4e53f76
3712,NULL,NULL,45,R-492572,"CAT317GC EXCAVATOR (Wagner)",8D,NULL,NULL,1,NULL,5a34c98b-c372-4391-bd19-d7b03a0c1d0f
3713,NULL,NULL,45,R-492179,"CAT320 EXCAVATOR (Wagner)",1M,NULL,NULL,1,NULL,b99656d8-da12-48fb-b952-0224739661d9
3714,NULL,NULL,45,R-492572,"CAT317GC EXCAVATOR (Wagner)",1O,NULL,NULL,1,NULL,bdb9bffa-f6b7-4e5b-94aa-047d4e63817c
3715,NULL,NULL,45,R-492568,"CAT 317GC EXCAVATOR (Wagner)",1O,NULL,NULL,1,NULL,ae3644b6-b055-44ed-8428-31e2cd832bea
3716,NULL,NULL,45,R-492207,"CAT CS74/CS16 ROLLER (Wagner)",1O,NULL,NULL,1,NULL,71859ada-6299-47a5-aeeb-59d4f01cdd0f
3717,NULL,NULL,45,R-492207,"CAT CS74/CS16 ROLLER (Wagner)",1M,NULL,NULL,1,NULL,f48aafcc-c138-41f1-819d-bbeae4da5476
3718,NULL,NULL,45,R-492763,"CAT CS56 COMPACTOR/ROLLER (Wagner)",1O,NULL,NULL,1,NULL,57910d28-2239-4c25-afa2-26fce33af306
3719,NULL,NULL,45,R-492568,"CAT 317GC EXCAVATOR (Wagner)",FHM,NULL,NULL,1,NULL,84ba49a9-d069-4d5f-80ec-b270045cfd38
3720,NULL,NULL,45,R-492923,"CAT CS56 ROLLER (Wanger)",1M,NULL,NULL,1,NULL,cf056251-eb93-4c28-8101-2ee9d3fffe7a
3721,NULL,NULL,45,R-492763,"CAT CS56 COMPACTOR/ROLLER (Wagner)",1M,NULL,NULL,1,NULL,448c7df7-25ee-4714-8a11-3b7d3964bb90
3722,NULL,NULL,45,R-492780,"CAT 289 TRACK SKIDSTEER (Wagner)",1M,NULL,NULL,1,NULL,76474e7d-b304-479f-a61c-c4f962d91f9d
3723,NULL,NULL,45,R-492877,"CAT315FL Excavator w/ Thumb (Wagner)",1M,NULL,NULL,1,NULL,79f1b796-d5c5-45d6-88cb-629c01159575
3724,NULL,NULL,45,R-492780,"CAT 289 TRACK SKIDSTEER (Wagner)",1O,NULL,NULL,1,NULL,4ee76673-4bb9-4f6c-bffa-30d2882abe62
3725,NULL,NULL,45,R-493077,"CAT 950 LOADER (Wagner)",8D,NULL,NULL,1,NULL,91e39f8a-dac3-4b67-a93a-5f83c146aba6
3726,NULL,NULL,45,R-492919,"CAT CP56B ROLLER  (Wagner)  LOANER",1O,NULL,NULL,1,NULL,2efe938f-689f-4246-93cd-12d477a20cfc
3727,NULL,NULL,45,R-492780,"CAT 289 TRACK SKIDSTEER (Wagner)",FHM,NULL,NULL,1,NULL,0a3efd4d-72b8-4922-9b50-d17e83d7d2a8
3728,NULL,NULL,45,R-493386,"CAT308 MINI EXC (Wagner) (Purchased 7/27/23 #5628)",8M,NULL,NULL,1,NULL,b9f363a0-68ed-4f8d-af9e-d93517e4d813
3729,NULL,NULL,45,R-492877,"CAT315FL Excavator w/ Thumb (Wagner)",1O,NULL,NULL,1,NULL,fc104349-028d-4cfd-9466-3a32c148b3b2
3730,NULL,NULL,45,R-493077,"CAT 950 LOADER (Wagner)",1O,NULL,NULL,1,NULL,8ad55681-01d4-4540-b63e-a7675308c930
3731,NULL,NULL,45,R-493386,"CAT308 MINI EXC (Wagner) (Purchased 7/27/23 #5628)",8D,NULL,NULL,1,NULL,90185ac5-bb1f-4a8b-ad47-75bcae0fd643
3732,NULL,NULL,45,R-493077,"CAT 950 LOADER (Wagner)",1M,NULL,NULL,1,NULL,2e75ca1f-a973-481a-8d22-c2e98307cbf0
3733,NULL,NULL,45,R-492919,"CAT CP56B ROLLER  (Wagner)  LOANER",1M,NULL,NULL,1,NULL,b4a6d2f2-8948-4f0d-93d2-4074c20dc9ee
3734,NULL,NULL,45,R-492923,"CAT CS56 ROLLER (Wanger)",1O,NULL,NULL,1,NULL,2345bf14-357f-4b91-bfe3-a3dbe6be0f49
3735,NULL,NULL,45,R-493077,"CAT 950 LOADER (Wagner)",8M,NULL,NULL,1,NULL,745acef4-1f5b-4029-a23a-4c88a659ae2d
3736,NULL,NULL,45,R-500612,"CAT 259 TRACK SKIDSTEER (Wagner)",1O,NULL,NULL,1,NULL,db7a806c-9243-4fe9-84c8-9c2d4e6004b4
3737,NULL,NULL,45,R-500612,"CAT 259 TRACK SKIDSTEER (Wagner)",1M,NULL,NULL,1,NULL,87c639e8-2a5c-4ee9-bd07-2b0053940640
3738,NULL,NULL,45,R-500612,"CAT 259 TRACK SKIDSTEER (Wagner)",FHM,NULL,NULL,1,NULL,ca202938-fa6d-4c8c-b6f6-f67d370d1596
3739,NULL,NULL,45,R-499045,"4000G WATER TRUCK (Purchased 7/20/23 #4342)",8D,NULL,NULL,1,NULL,df9a2dd1-323e-4ce5-879d-f24b25796ed5
3740,NULL,NULL,45,R-498639,"CAT289 TRACK SKID (Wagner)",8D,NULL,NULL,1,NULL,5ddd585a-4c84-40c4-b069-db7b82c4ed0d
3741,NULL,NULL,45,R-502546,"CAT440 BACKHOE (Wagner)",8D,NULL,NULL,1,NULL,acf9e533-16c8-42c9-a479-0d9750b13da2
3742,NULL,NULL,45,R-501223,"CAT TH255C FORKLIFT (Wagner)",1M,NULL,NULL,1,NULL,c27105ed-24a8-4384-99b8-070340e62e6a
3743,NULL,NULL,45,R-502546,"CAT440 BACKHOE (Wagner)",8M,NULL,NULL,1,NULL,dce65a2e-2b45-4d57-8b0a-e6154f5f6677
3744,NULL,NULL,45,R-500391,"CAT 308 EXCAVATOR (Wagner)",8M,NULL,NULL,1,NULL,d32805b3-4932-4ade-8b86-7c5a160098ab
3745,NULL,NULL,45,R-501545,"CAT D4 VP DOZER (Wagner)",1M,NULL,NULL,1,NULL,686ddad9-734b-4d35-a8d1-4ff090d71b3c
3746,NULL,NULL,45,R-502388,"CAT313 EXCAVATOR (Wagner)",1M,NULL,NULL,1,NULL,860d414f-46d0-4ee5-8a2f-657fca03cf9d
3747,NULL,NULL,45,R-499012,"CAT CS56 COMPACTOR (Wagner)",1M,NULL,NULL,1,NULL,29a869fd-0d11-4114-8c7b-cee414309ad5
3748,NULL,NULL,45,R-502554,"CAT 938 LOADER (Wagner) (Purchased 8/1/23 #5252)",8M,NULL,NULL,1,NULL,88e3558a-5109-436d-9e55-eb6f63a2c9a9
3749,NULL,NULL,45,R-499043,"4000G WATER TRUCK (Wagner)",1M,NULL,NULL,1,NULL,3b52cd90-9db8-4d45-9441-da5047cb6285
3750,NULL,NULL,45,R-501605,"CAT938 LOADER (Wagner)",1O,NULL,NULL,1,NULL,98de3cc9-4c57-46d7-9245-0a0f3391da16
3751,NULL,NULL,45,R-502388,"CAT313 EXCAVATOR (Wagner)",1O,NULL,NULL,1,NULL,17d36890-cf73-4b5a-830f-8fda234f0dd3
3752,NULL,NULL,45,R-501545,"CAT D4 VP DOZER (Wagner)",1O,NULL,NULL,1,NULL,27a2c079-a616-4a5f-b7e1-92cb0196fc2b
3753,NULL,NULL,45,R-501605,"CAT938 LOADER (Wagner)",1M,NULL,NULL,1,NULL,b1525612-bfaf-4a56-85f4-b3e2e5530d45
3754,NULL,NULL,45,R-502554,"CAT 938 LOADER (Wagner) (Purchased 8/1/23 #5252)",8D,NULL,NULL,1,NULL,31423d6a-cad0-41b9-95cd-1b0c0e3843c5
3755,NULL,NULL,45,R-500391,"CAT 308 EXCAVATOR (Wagner)",1O,NULL,NULL,1,NULL,da8c616b-f158-4c95-a539-739ef7a82922
3756,NULL,NULL,45,R-500391,"CAT 308 EXCAVATOR (Wagner)",8D,NULL,NULL,1,NULL,2f5cfe52-ba32-497d-9089-c6b607ddb93b
3757,NULL,NULL,45,R-502388,"CAT313 EXCAVATOR (Wagner)",8M,NULL,NULL,1,NULL,0c010c71-5a10-472f-95dc-fab8467e8c34
3758,NULL,NULL,45,R-501545,"CAT D4 VP DOZER (Wagner)",FHM,NULL,NULL,1,NULL,75d0f677-1c4a-4bc0-a3f2-fe7897d761e9
3759,NULL,NULL,45,R-502586,"CAT317GC EXCAVATOR (Wagner)",1M,NULL,NULL,1,NULL,28947436-ddf2-48ad-90b0-9be16c90c6b7
3760,NULL,NULL,45,R-502388,"CAT313 EXCAVATOR (Wagner)",8D,NULL,NULL,1,NULL,237313dd-12db-4459-b362-20bfb1a680a9
3761,NULL,NULL,45,R-505933,"VACUUM-EXCAVAOR 850 STD (Wagner)",1O,NULL,NULL,1,NULL,e80bee47-5edd-41dd-a4b4-1f0202b449b9
3762,NULL,NULL,45,R-507735,"CAT 289 TRACK SKID (Wagner)",1M,NULL,NULL,1,NULL,d15ab2c9-7898-4da9-8cf6-caba276ccc0d
3763,NULL,NULL,45,R-507971,"CAT 289/265 TRACK SKID (Wagner)",1M,NULL,NULL,1,NULL,3967f700-47e3-4396-a932-b0a2748bfc1a
3764,NULL,NULL,45,R-507721,"CAT 308 W/ THB EXCAVATOR (Wagner)",8M,NULL,NULL,1,NULL,7307dd4c-4c8c-42a1-98f8-127d27e20618
3765,NULL,NULL,45,R-508016,"CAT 303.5 MINI EXCAVATOR (Wagner)",1O,NULL,NULL,1,NULL,62f2d8b8-ade2-48c8-9aa9-365f36c7d352
3766,NULL,NULL,45,R-508014,"CAT 303.5 MINI EXC (Wagner)",1M,NULL,NULL,1,NULL,ad3abe2f-df5d-46eb-befd-25a193288a9c
3767,NULL,NULL,45,R-508069,"CAT 262 TRACK SKIDSTEER (Wagner)",1O,NULL,NULL,1,NULL,f723bfab-44d4-4328-a63e-2f83542f263f
3768,NULL,NULL,45,R-508069,"CAT 262 TRACK SKIDSTEER (Wagner)",FHM,NULL,NULL,1,NULL,5c6c67cd-bf06-495c-902d-43c49863d896
3769,NULL,NULL,45,R-508069,"CAT 262 TRACK SKIDSTEER (Wagner)",1M,NULL,NULL,1,NULL,7d8d70ce-4fa6-443f-af58-79899f5d6372
3770,NULL,NULL,45,R-508810,"CAT CS44 COMPACTOR (Wagner)",1M,NULL,NULL,1,NULL,1d53435a-6944-435e-ba4b-92aee39c9b55
3771,NULL,NULL,45,R-507754,"CAT 308 EXCAVATOR (Wagner)",1O,NULL,NULL,1,NULL,99120938-576b-4131-bc89-c56f5d6f10c2
3772,NULL,NULL,45,R-508767,"CAT320 EXCAVATOR (Wagner)",1O,NULL,NULL,1,NULL,980799cd-b781-4338-a600-0b719e66fe5f
3773,NULL,NULL,45,R-507993,"CAT 289/265 TRACK SKID (Wagner)",FHM,NULL,NULL,1,NULL,c09c1596-7ae7-41d1-8215-a196bc183830
3774,NULL,NULL,45,R-508891,"CAT 259 TRACK SKIDSTEER (Wagner)",1M,NULL,NULL,1,NULL,eaa9cbdb-3c68-4067-b407-5f7a025bcf41
3775,NULL,NULL,45,R-507754,"CAT 308 EXCAVATOR (Wagner)",FHM,NULL,NULL,1,NULL,15497f56-5b95-4d2e-9745-ee792ec64b37
3776,NULL,NULL,45,R-508767,"CAT320 EXCAVATOR (Wagner)",1M,NULL,NULL,1,NULL,6df7f44f-59e1-4cc7-995b-1cec05bc40d1
3777,NULL,NULL,45,R-508772,"CAT 320 EXCAVATOR (Wagner)",FHM,NULL,NULL,1,NULL,d9885933-3ece-4ec7-bde3-32a4850c6402
3778,NULL,NULL,45,R-508014,"CAT 303.5 MINI EXC (Wagner)",FHM,NULL,NULL,1,NULL,b1ee035a-a7b8-4e7e-b44b-77c79cd875f3
3779,NULL,NULL,45,R-507735,"CAT 289 TRACK SKID (Wagner)",1O,NULL,NULL,1,NULL,0e7a98ef-f5be-4a24-b26d-8cfc1d1ccf46
3780,NULL,NULL,45,R-508772,"CAT 320 EXCAVATOR (Wagner)",1O,NULL,NULL,1,NULL,215ab32d-ade8-4a84-b75b-2ca103ee3097
3781,NULL,NULL,45,R-507754,"CAT 308 EXCAVATOR (Wagner)",1M,NULL,NULL,1,NULL,cdf8a652-0aa0-47f2-85bc-7a2489842d5d
3782,NULL,NULL,45,R-508016,"CAT 303.5 MINI EXCAVATOR (Wagner)",1M,NULL,NULL,1,NULL,c5617312-dad2-4944-9dab-70020eb16a88
3783,NULL,NULL,45,R-507993,"CAT 289/265 TRACK SKID (Wagner)",1O,NULL,NULL,1,NULL,93573b88-d444-4fba-a6c4-1642bd5d1775
3784,NULL,NULL,45,R-508772,"CAT 320 EXCAVATOR (Wagner)",1M,NULL,NULL,1,NULL,e6e6c1ef-2f65-410d-8e75-0acc9189e761
3785,NULL,NULL,45,R-508810,"CAT CS44 COMPACTOR (Wagner)",1O,NULL,NULL,1,NULL,18d6be56-82ce-49f5-bb40-d2ea1c1794f7
3786,NULL,NULL,45,R-505390,"CAT239/249 TRACK SKIDSTEER (Wagner)",1O,NULL,NULL,1,NULL,d75b5b17-ae1c-4b83-9a92-151e0fe59040
3787,NULL,NULL,45,R-505933,"VACUUM-EXCAVAOR 850 STD (Wagner)",FHM,NULL,NULL,1,NULL,7deda176-3ae3-4068-a2c2-f016e094aa0f
3788,NULL,NULL,45,R-505200,"CAT 289/265 TRACK SKIDSTEER (Wagner)",1M,NULL,NULL,1,NULL,30324d21-1f56-42ad-94fd-c0710d3d223e
3789,NULL,NULL,45,R-505492,"CAT259 TRACK SKIDSTEER (Wagner)",1M,NULL,NULL,1,NULL,da7fdc53-fc46-4219-ba33-dab6e6708754
3790,NULL,NULL,45,R-505492,"CAT259 TRACK SKIDSTEER (Wagner)",1O,NULL,NULL,1,NULL,22887a85-2e9f-4216-b1f2-70f313d068c1
3791,NULL,NULL,45,R-506291,"CAT 259/255 TRACK SKIDSTEER (Wagner)",1M,NULL,NULL,1,NULL,adc062f6-dbf8-4a7a-a8c1-4a7a0a621091
3792,NULL,NULL,45,R-505200,"CAT 289/265 TRACK SKIDSTEER (Wagner)",1O,NULL,NULL,1,NULL,de85881f-f293-46c9-a7a3-f2ddd5deede6
3793,NULL,NULL,45,R-506296,"CAT 259 TRACK SKIDSTEER (Wagner)",1O,NULL,NULL,1,NULL,8d1448d1-0651-4abd-be0d-efed8e23c4e7
3794,NULL,NULL,45,R-505933,"VACUUM-EXCAVAOR 850 STD (Wagner)",1M,NULL,NULL,1,NULL,d0643a9f-91a3-4ef9-8f67-513d6b89b9c9
3795,NULL,NULL,45,R-505200,"CAT 289/265 TRACK SKIDSTEER (Wagner)",FHM,NULL,NULL,1,NULL,9c7ef0d7-df51-4c9f-b2c7-72c09d605287
3796,NULL,NULL,45,R-507721,"CAT 308 W/ THB EXCAVATOR (Wagner)",1O,NULL,NULL,1,NULL,04fbf476-5436-4214-a1f2-d3485dc568bf
3797,NULL,NULL,45,R-506291,"CAT 259/255 TRACK SKIDSTEER (Wagner)",FHM,NULL,NULL,1,NULL,f1247330-063d-47c9-81cd-b034e5859b99
3798,NULL,NULL,45,R-505390,"CAT239/249 TRACK SKIDSTEER (Wagner)",FHM,NULL,NULL,1,NULL,d308d314-2814-4c14-8cd6-a35efb48b8f5
3799,NULL,NULL,45,R-505186,"CAT 315GC EXCAVATOR (Wagner)",1O,NULL,NULL,1,NULL,c7744e21-138e-433e-9dc9-b731fa7e6279
3800,NULL,NULL,45,R-507721,"CAT 308 W/ THB EXCAVATOR (Wagner)",8D,NULL,NULL,1,NULL,87b1adc9-25b2-4267-8c46-66036b45e94b
3801,NULL,NULL,45,R-506291,"CAT 259/255 TRACK SKIDSTEER (Wagner)",1O,NULL,NULL,1,NULL,94cde346-e77f-4d90-ac10-b38f4161829f
3802,NULL,NULL,45,R-505390,"CAT239/249 TRACK SKIDSTEER (Wagner)",1M,NULL,NULL,1,NULL,cd64f645-e430-48e3-bbd5-30d31706dbb2
3803,NULL,NULL,45,R-507721,"CAT 308 W/ THB EXCAVATOR (Wagner)",1M,NULL,NULL,1,NULL,db6b9d2d-557b-467d-9270-8dc8f62f1520
3804,NULL,NULL,45,R-506296,"CAT 259 TRACK SKIDSTEER (Wagner)",1M,NULL,NULL,1,NULL,626af0f8-066b-4859-a35b-deacfddcd484
3805,NULL,NULL,45,R-506296,"CAT 259 TRACK SKIDSTEER (Wagner)",FHM,NULL,NULL,1,NULL,131ea166-977c-4bb0-8335-924dc3902039
3806,NULL,NULL,45,R-506296,"CAT 259 TRACK SKIDSTEER (Wagner)",8M,NULL,NULL,1,NULL,396e5c3b-2f14-4203-b93c-9d7ccf38e2ba
3807,NULL,NULL,45,R-507971,"CAT 289/265 TRACK SKID (Wagner)",1O,NULL,NULL,1,NULL,22675fce-c7df-41cb-a027-cf21f22c368c
3808,NULL,NULL,45,R-507993,"CAT 289/265 TRACK SKID (Wagner)",1M,NULL,NULL,1,NULL,ca234eda-533b-43d7-9bd1-524df301c670
3809,NULL,NULL,45,R-508014,"CAT 303.5 MINI EXC (Wagner)",1O,NULL,NULL,1,NULL,6af40374-bdfd-4a93-90ec-7c06fdf9e9bb
3810,NULL,NULL,45,R-507971,"CAT 289/265 TRACK SKID (Wagner)",FHM,NULL,NULL,1,NULL,43bf500c-104b-4dc5-b558-ad378cd2fc3d
3811,NULL,NULL,45,R-493819,"WATER TRUCK 4000G (Wagner)",FHM,NULL,NULL,1,NULL,213a1c71-3261-4f26-9719-9327550f3571
3812,NULL,NULL,45,R-495600,"CAT 308 EXCAVATOR (Wagner)",1M,NULL,NULL,1,NULL,90e6fdaf-a948-4ccc-a644-a67edfa46f75
3813,NULL,NULL,45,R-495762,"CAT 259 TRACK SKIDSTEER (Wagner)",1M,NULL,NULL,1,NULL,afb8f3c0-1178-4515-ad0d-a07a276c5059
3814,NULL,NULL,45,R-495557,"CAT259 TRACK SKIDSTEER (Wagner)",1O,NULL,NULL,1,NULL,2139656e-3c33-45cc-aa6f-de1db12b1abb
3815,NULL,NULL,45,R-495672,"CAT 299 TRACK SKID (Wagner)",8D,NULL,NULL,1,NULL,cbdcb662-0da0-4234-bbf7-25d359ecd28a
3816,NULL,NULL,45,R-495672,"CAT 299 TRACK SKID (Wagner)",8M,NULL,NULL,1,NULL,5e138267-dc56-457a-a3e2-3660478fe674
3817,NULL,NULL,45,R-495592,"CAT305.5 EXC W/ THUMB (Wagner)",1O,NULL,NULL,1,NULL,fe92288a-d93f-486b-8d18-ac3ae01a4732
3818,NULL,NULL,45,R-495743,"CAT CS44 COMPACTOR (Wagner)",8D,NULL,NULL,1,NULL,4e6109c0-dab5-4a2d-b39b-928c655db07b
3819,NULL,NULL,45,R-495648,"CAT 903 LOADER (Wagner)",1M,NULL,NULL,1,NULL,c16d6f9c-54a7-40c5-b36a-461c4712839e
3820,NULL,NULL,45,R-495781,"CAT 315 EXCAVATOR (Wagner)",FHM,NULL,NULL,1,NULL,d357712d-1352-49ea-8c51-c8191a532bcd
3821,NULL,NULL,45,R-496391,"CAT336 EXCAVATOR (Wagner) (Purchased 7/25/23 #5631)",8D,NULL,NULL,1,NULL,bedb4c88-e252-4ddc-9088-2742f59e39ce
3822,NULL,NULL,45,R-495743,"CAT CS44 COMPACTOR (Wagner)",8M,NULL,NULL,1,NULL,f99085e6-c1ea-4af2-90eb-10b8f23242f3
3823,NULL,NULL,45,R-495672,"CAT 299 TRACK SKID (Wagner)",1M,NULL,NULL,1,NULL,8c7d4473-f691-42a1-b061-e4bea23f3e21
3824,NULL,NULL,45,R-495781,"CAT 315 EXCAVATOR (Wagner)",1O,NULL,NULL,1,NULL,f1536c06-eec9-46e4-9869-11aff8553224
3825,NULL,NULL,45,R-496247,"CAT 336 EXCAVATOR",1M,NULL,NULL,1,NULL,7a0ec3ee-4551-4dfc-9dae-519e5b2d35f5
3826,NULL,NULL,45,R-495648,"CAT 903 LOADER (Wagner)",FHM,NULL,NULL,1,NULL,86f95d9c-dda8-4d0d-81ad-4a44f510be85
3827,NULL,NULL,45,R-495781,"CAT 315 EXCAVATOR (Wagner)",1M,NULL,NULL,1,NULL,46947fc9-399e-4c39-b02b-22895a3a5213
3828,NULL,NULL,45,R-496391,"CAT336 EXCAVATOR (Wagner) (Purchased 7/25/23 #5631)",8M,NULL,NULL,1,NULL,44729ae9-63d8-4d5c-a611-c8c56941bc13
3829,NULL,NULL,45,R-495762,"CAT 259 TRACK SKIDSTEER (Wagner)",1O,NULL,NULL,1,NULL,b80d8a1e-514b-40f9-9af7-a0226dd7b4dc
3830,NULL,NULL,45,R-496247,"CAT 336 EXCAVATOR",1O,NULL,NULL,1,NULL,f57ca7a5-c6c6-4fc8-b88b-38f2e95eaeac
3831,NULL,NULL,45,R-497438,"CAT313GC EXCAVATOR (Wagner)",FHM,NULL,NULL,1,NULL,df60553d-27ab-4e9a-8ca6-d7135abf1fb3
3832,NULL,NULL,45,R-497438,"CAT313GC EXCAVATOR (Wagner)",1O,NULL,NULL,1,NULL,02f11e4a-5d2d-4d90-bdca-a18548e0ba7e
3833,NULL,NULL,45,R-495648,"CAT 903 LOADER (Wagner)",1O,NULL,NULL,1,NULL,04db9214-f3f9-47fb-84d4-5d622f0cd325
3834,NULL,NULL,45,R-497438,"CAT313GC EXCAVATOR (Wagner)",1M,NULL,NULL,1,NULL,065826f4-d5c8-42d1-a923-1c7618a2e575
3835,NULL,NULL,45,R-495600,"CAT 308 EXCAVATOR (Wagner)",FHM,NULL,NULL,1,NULL,9f5bffed-ec5f-463c-9fb8-04e45c040f3e
3836,NULL,NULL,45,R-504681,"CAT 320 EXCAVATOR (Wagner)",1M,NULL,NULL,1,NULL,cc0b5e45-1b5e-4466-bcb5-7f142731720d
3837,NULL,NULL,45,R-504681,"CAT 320 EXCAVATOR (Wagner)",1O,NULL,NULL,1,NULL,3143df38-35ee-4bf9-ac89-e6d6d576a061
3838,NULL,NULL,45,R-503488,"CAT325 EXCAVATOR (Wagner)",1O,NULL,NULL,1,NULL,d22d7707-5fd3-4edc-962b-62a26939f52d
3839,NULL,NULL,45,R-504818,"CAT 306 EXC W/ COMPACTOR (Wagner)",1M,NULL,NULL,1,NULL,b1bab64b-9a80-4f23-acba-85da505972e5
3840,NULL,NULL,45,R-504692,"CAT 352 EXCAVATOR (Wagner) -Changed to RPO #5676 12/15/25",FHM,NULL,NULL,1,NULL,f6f81e00-c8d2-419a-b2bd-524eb85c8556
3841,NULL,NULL,45,R-504637,"CAT D5K/D3 DOZER (Wagner)",1M,NULL,NULL,1,NULL,5ca3ef87-ac63-4c68-bcb8-35205750f2e8
3842,NULL,NULL,45,R-504692,"CAT 352 EXCAVATOR (Wagner) -Changed to RPO #5676 12/15/25",1O,NULL,NULL,1,NULL,3f01ecc7-81e8-42aa-9b59-b4b6141ee34c
3843,NULL,NULL,45,R-504818,"CAT 306 EXC W/ COMPACTOR (Wagner)",FHM,NULL,NULL,1,NULL,d5c7e988-b02c-40ce-8205-128a87ed682f
3844,NULL,NULL,45,R-504436,"CAT 306 MINI EXCAVATOR (Wagner)",FHM,NULL,NULL,1,NULL,b2c3cf37-aab6-4d34-98e2-cc9c54227ff4
3845,NULL,NULL,45,R-504927,"CAT 289 TRACK SKIDSTEER (Wagner)",1M,NULL,NULL,1,NULL,74bd6b13-8878-4685-b699-1034c0945263
3846,NULL,NULL,45,R-504818,"CAT 306 EXC W/ COMPACTOR (Wagner)",1O,NULL,NULL,1,NULL,65dc3aa9-9c55-4ebc-ac3b-f9ca979ec5fe
3847,NULL,NULL,45,R-504927,"CAT 289 TRACK SKIDSTEER (Wagner)",8M,NULL,NULL,1,NULL,e04a0672-d6e1-4900-8a37-e627ae5180bc
3848,NULL,NULL,45,R-504681,"CAT 320 EXCAVATOR (Wagner)",FHM,NULL,NULL,1,NULL,c67fdaab-8a4c-430c-87ba-8aa842ea8bfe
3849,NULL,NULL,45,R-504819,"CAT 306 W/ THUMB (Wagner)",1O,NULL,NULL,1,NULL,e85d74ca-ecc6-4a8b-bf12-a21251a2498c
3850,NULL,NULL,45,R-504927,"CAT 289 TRACK SKIDSTEER (Wagner)",1O,NULL,NULL,1,NULL,d414dda6-9945-455f-990d-28e495b9b064
3851,NULL,NULL,45,R-505169,"CAT 325 EXCAVATOR w/ H120 HMMR (Wagner)",FHM,NULL,NULL,1,NULL,9126a917-5d65-4a73-8754-73127d88358c
3852,NULL,NULL,45,R-505169,"CAT 325 EXCAVATOR w/ H120 HMMR (Wagner)",1O,NULL,NULL,1,NULL,412a19ee-86f8-459c-8453-dbf3f48280b4
3853,NULL,NULL,45,R-504927,"CAT 289 TRACK SKIDSTEER (Wagner)",8D,NULL,NULL,1,NULL,204d4ae5-d8fd-40b1-ac21-daa693204d66
3854,NULL,NULL,45,R-505156,"CAT 320 EXCAVATOR (Wagner)",1M,NULL,NULL,1,NULL,e9346fae-644d-4441-813b-0ab26a7a6833
3855,NULL,NULL,45,R-505156,"CAT 320 EXCAVATOR (Wagner)",1O,NULL,NULL,1,NULL,d8d1bf5f-da99-4fcc-97cf-816ed79c0dcd
3856,NULL,NULL,45,R-505186,"CAT 315GC EXCAVATOR (Wagner)",1M,NULL,NULL,1,NULL,034cd0b4-b4a0-4745-9c2a-c32eb6473750
3857,NULL,NULL,45,R-503332,"CAT 299XHP TRACK SKIDSTEER (Wagner)",1M,NULL,NULL,1,NULL,9c970989-ead4-4b25-9b6a-ca2e871e4af8
3858,NULL,NULL,45,R-504819,"CAT 306 W/ THUMB (Wagner)",1M,NULL,NULL,1,NULL,c344f3f2-a3f1-420c-a304-1c4d6c56ba6c
3859,NULL,NULL,45,R-505169,"CAT 325 EXCAVATOR w/ H120 HMMR (Wagner)",1M,NULL,NULL,1,NULL,da19b2d7-e856-4792-8867-1c9e8790d3bd
3860,NULL,NULL,45,R-503535,"CAT259 TRACK SKIDSTEER (Wagner)",1M,NULL,NULL,1,NULL,8bd7088f-a5f8-4a9c-b930-dafdce605ed5
3861,NULL,NULL,45,R-502586,"CAT317GC EXCAVATOR (Wagner)",1O,NULL,NULL,1,NULL,f74afca9-1cad-411d-b1d1-257e521f68a6
3862,NULL,NULL,45,R-503289,"CAT950 LOADER (Wagner)",1O,NULL,NULL,1,NULL,a24e1a3c-9f34-42f1-b5e2-e45dffae9294
3863,NULL,NULL,45,R-503333,"CAT289 TRACK SKIDSTEER (Wagner)",1O,NULL,NULL,1,NULL,6added27-9048-4a1c-9631-76365cd1d803
3864,NULL,NULL,45,R-503333,"CAT289 TRACK SKIDSTEER (Wagner)",FHM,NULL,NULL,1,NULL,ddd13acc-4d7d-4b29-8fd6-48612c2d657e
3865,NULL,NULL,45,R-503533,"CAT259 TRACK SKIDSTEER (Wagner)",1O,NULL,NULL,1,NULL,04903789-1580-4f6b-886c-a7d7c35dde1b
3866,NULL,NULL,45,R-503535,"CAT259 TRACK SKIDSTEER (Wagner)",1O,NULL,NULL,1,NULL,f225af79-d86d-4867-b941-770761fa705e
3867,NULL,NULL,45,R-503534,"CAT259 TRACK SKIDSTEER (Wagner)",1M,NULL,NULL,1,NULL,99aec2dd-f909-4762-8ef2-eaf74e0dfc81
3868,NULL,NULL,45,R-503488,"CAT325 EXCAVATOR (Wagner)",FHM,NULL,NULL,1,NULL,53e8fa52-b1dd-49f4-8a20-a82d1830c9a8
3869,NULL,NULL,45,R-503333,"CAT289 TRACK SKIDSTEER (Wagner)",1M,NULL,NULL,1,NULL,e82b1714-72a3-4530-9fd6-9e1565824a80
3870,NULL,NULL,45,R-503289,"CAT950 LOADER (Wagner)",FHM,NULL,NULL,1,NULL,6d7e72db-1d00-4f12-bd7f-6e2aefd0ae15
3871,NULL,NULL,45,R-503534,"CAT259 TRACK SKIDSTEER (Wagner)",FHM,NULL,NULL,1,NULL,ecfb350f-6b6b-4856-a2be-047dbd9e0329
3872,NULL,NULL,45,R-503534,"CAT259 TRACK SKIDSTEER (Wagner)",1O,NULL,NULL,1,NULL,e8f959cf-7e20-4e7f-80e7-c9e3004ee9fa
3873,NULL,NULL,45,R-503488,"CAT325 EXCAVATOR (Wagner)",1M,NULL,NULL,1,NULL,6ee24d1b-e634-42cf-bb3c-b1d8c8a38f5e
3874,NULL,NULL,45,R-504436,"CAT 306 MINI EXCAVATOR (Wagner)",1M,NULL,NULL,1,NULL,45e98be1-74d9-4637-9880-4a7e3f609952
3875,NULL,NULL,45,R-504637,"CAT D5K/D3 DOZER (Wagner)",1O,NULL,NULL,1,NULL,642c402f-997e-441d-b557-bbcfccfcafa8
3876,NULL,NULL,45,R-503533,"CAT259 TRACK SKIDSTEER (Wagner)",1M,NULL,NULL,1,NULL,881406bb-8c9d-4021-98e5-7f5e909d936e
3877,NULL,NULL,45,R-504436,"CAT 306 MINI EXCAVATOR (Wagner)",1O,NULL,NULL,1,NULL,ad8ef4d8-a6e1-45e1-9674-e881f9db3588
3878,NULL,NULL,45,R-503289,"CAT950 LOADER (Wagner)",1M,NULL,NULL,1,NULL,46c8568a-fa36-4636-985f-62aa50c67f88
3879,NULL,NULL,45,R-503332,"CAT 299XHP TRACK SKIDSTEER (Wagner)",1O,NULL,NULL,1,NULL,9b785cc3-ddd5-4f5a-94f7-c1a54e60856d
3880,NULL,NULL,45,R-504637,"CAT D5K/D3 DOZER (Wagner)",FHM,NULL,NULL,1,NULL,8cc3ba61-e7cb-4075-9fa5-3c393f177f69
3881,NULL,NULL,45,R-503535,"CAT259 TRACK SKIDSTEER (Wagner)",FHM,NULL,NULL,1,NULL,e7ad9bc8-1e5c-4753-b46e-ed71060c2b82
3882,NULL,NULL,45,R-504671,"CAT 323 EXCAVATOR (Wagner)",FHM,NULL,NULL,1,NULL,6472ce25-0b02-4957-b44d-c8699d6e833b
3883,NULL,NULL,45,R-504671,"CAT 323 EXCAVATOR (Wagner)",1M,NULL,NULL,1,NULL,67803d7c-2297-4754-a20a-8b8b4feb0675
3884,NULL,NULL,45,R-504671,"CAT 323 EXCAVATOR (Wagner)",1O,NULL,NULL,1,NULL,24e2ace0-32a4-4e29-8590-317329555ced
3885,NULL,NULL,45,R-504692,"CAT 352 EXCAVATOR (Wagner) -Changed to RPO #5676 12/15/25",1M,NULL,NULL,1,NULL,cfd35c82-b97d-44fa-9bcd-cd397112c6cf
3886,NULL,NULL,45,R-497472,"CAT CP44/CP7 ROLLER (Wagner)",1M,NULL,NULL,1,NULL,e52284ab-829f-4b37-b419-a7384c238a82
3887,NULL,NULL,45,R-497472,"CAT CP44/CP7 ROLLER (Wagner)",FHM,NULL,NULL,1,NULL,eb75c65a-5b7f-4543-9a81-b605c0e2b1c4
3888,NULL,NULL,45,R-497817,"CAT330CB EXCAVATPR (Wagner)",1M,NULL,NULL,1,NULL,aaeca854-134b-41fa-9115-4c0e80ba3d73
3889,NULL,NULL,45,R-497472,"CAT CP44/CP7 ROLLER (Wagner)",1O,NULL,NULL,1,NULL,a7ba71ff-e785-4a78-8e40-1f9eb9f47bd0
3890,NULL,NULL,45,R-497720,"CAT335FL EXCAVATOR (Wagner) (Purchased 8/1/23 #5630)",1O,NULL,NULL,1,NULL,21bdd21b-59fb-4260-a862-35e5daf333d2
3891,NULL,NULL,45,R-497720,"CAT335FL EXCAVATOR (Wagner) (Purchased 8/1/23 #5630)",8M,NULL,NULL,1,NULL,77d8f0a6-e29a-4b64-a08b-608060050fbf
3892,NULL,NULL,45,R-497720,"CAT335FL EXCAVATOR (Wagner) (Purchased 8/1/23 #5630)",1M,NULL,NULL,1,NULL,18cbc9de-b4e7-4853-a22e-88c650e05536
3893,NULL,NULL,45,R-497720,"CAT335FL EXCAVATOR (Wagner) (Purchased 8/1/23 #5630)",8D,NULL,NULL,1,NULL,8a0bcb90-61cc-4f2d-9910-f42a2d2b76fe
3894,NULL,NULL,45,R-498177,"CAT313 EXCAVATOR (Wagner)",1O,NULL,NULL,1,NULL,2cc01756-0285-4518-a45c-7f6e9bad8862
3895,NULL,NULL,45,R-498177,"CAT313 EXCAVATOR (Wagner)",1M,NULL,NULL,1,NULL,8c9d5a96-77d2-4207-9d75-521dc3e29829
3896,NULL,NULL,45,R-498180,"CAT315 EXCAVATOR (Wagner)",1M,NULL,NULL,1,NULL,20b04b28-2ebc-438c-b16e-996ca018b754
3897,NULL,NULL,45,R-498177,"CAT313 EXCAVATOR (Wagner)",FHM,NULL,NULL,1,NULL,66c06cb9-87ff-4732-b371-8261908b6782
3898,NULL,NULL,45,R-498639,"CAT289 TRACK SKID (Wagner)",1O,NULL,NULL,1,NULL,a7078485-b97f-48a3-a2e9-f54c77bc26b6
3899,NULL,NULL,45,R-498180,"CAT315 EXCAVATOR (Wagner)",1O,NULL,NULL,1,NULL,88605fdd-9043-4216-b91f-da4283d2913b
3900,NULL,NULL,45,R-498639,"CAT289 TRACK SKID (Wagner)",1M,NULL,NULL,1,NULL,2ce5b453-2df7-41fd-bb0d-d1b15ce0e67f
3901,NULL,NULL,45,R-498639,"CAT289 TRACK SKID (Wagner)",8M,NULL,NULL,1,NULL,b14c513e-24ca-4c07-bb56-5c43f287ac09
3902,NULL,NULL,45,R-499012,"CAT CS56 COMPACTOR (Wagner)",1O,NULL,NULL,1,NULL,13cac9b4-93ab-469f-bc07-7c92d588ee80
3903,NULL,NULL,45,R-499045,"4000G WATER TRUCK (Purchased 7/20/23 #4342)",1M,NULL,NULL,1,NULL,0bd3146c-7add-45be-8866-78e798a20a70
3904,NULL,NULL,45,R-499045,"4000G WATER TRUCK (Purchased 7/20/23 #4342)",8M,NULL,NULL,1,NULL,23c76e38-b7ff-44d7-bb16-56ce05c47b47
3905,NULL,NULL,45,R-499045,"4000G WATER TRUCK (Purchased 7/20/23 #4342)",1O,NULL,NULL,1,NULL,bab5e182-0871-45a1-8630-89eb7d429dc1
3906,NULL,NULL,45,R-500267,"CAT305E2 EXCAVATOR (Wagner)",1M,NULL,NULL,1,NULL,b56d1832-cfbf-4ad2-97bb-096fdec7d334
3907,NULL,NULL,45,R-499043,"4000G WATER TRUCK (Wagner)",1O,NULL,NULL,1,NULL,4d6cab2f-03fb-4072-ab49-452fdf6df41e
3908,NULL,NULL,45,R-500391,"CAT 308 EXCAVATOR (Wagner)",1M,NULL,NULL,1,NULL,46610075-985c-4587-b29f-60c910a3983e
3909,NULL,NULL,45,R-500267,"CAT305E2 EXCAVATOR (Wagner)",1O,NULL,NULL,1,NULL,41af8101-a747-4a22-b4c7-d8630c263518
3910,NULL,NULL,45,R-501223,"CAT TH255C FORKLIFT (Wagner)",1O,NULL,NULL,1,NULL,5c5ebad5-9546-4d57-9cbd-64858881aa53
3911,NULL,NULL,45,R-512766,"CAT 279 TRACK SKID (Wagner) (swapped out for R-512767)",1M,NULL,NULL,1,NULL,f1333db0-1407-4ce8-83dc-dc5f5640a86b
3912,NULL,NULL,45,R-512627,"CAT 950GC LOADER (Wagner)",1O,NULL,NULL,1,NULL,96117d0f-9a66-44bb-bc4b-0e888c8b694a
3913,NULL,NULL,45,R-512618,"CAT740GC HAUL TRUCK (Wagner)",1O,NULL,NULL,1,NULL,7d94dcd4-16a1-47bf-8b26-4d7fe48223cf
3914,NULL,NULL,45,R-512618,"CAT740GC HAUL TRUCK (Wagner)",1M,NULL,NULL,1,NULL,69fd277a-7bed-4e59-a4b9-f079096e41a0
3915,NULL,NULL,45,R-512405,"CAT TL1255 FORKLIFT 12K (Wagner)",1O,NULL,NULL,1,NULL,63145072-9fcb-4e70-871d-05a405a8e770
3916,NULL,NULL,45,R-512166,"CAT 259D3 TRACK SKIDSTEER (Wagner)",1M,NULL,NULL,1,NULL,d9cbb280-469e-4ac1-a4e5-7912997ac4a2
3917,NULL,NULL,45,R-512605,"CAT CP34 COMPACTOR (Wagner)",1O,NULL,NULL,1,NULL,c2f12772-21f1-4367-b4e5-1e5c72df4f2b
3918,NULL,NULL,45,R-512156,"CAT 259D3 TRACK SKIDSTEER (Wagner)",8D,NULL,NULL,1,NULL,45b73807-4912-42d4-9294-9ffacff9a888
3919,NULL,NULL,45,R-512618,"CAT740GC HAUL TRUCK (Wagner)",FHM,NULL,NULL,1,NULL,b9381599-230c-4734-ae85-7c7c9f703091
3920,NULL,NULL,45,R-512156,"CAT 259D3 TRACK SKIDSTEER (Wagner)",8M,NULL,NULL,1,NULL,beb8cbb8-2b30-4a60-9bf4-4d587ab2b1b5
3921,NULL,NULL,45,R-512766,"CAT 279 TRACK SKID (Wagner) (swapped out for R-512767)",1O,NULL,NULL,1,NULL,4487b2c2-2f0d-4224-bc1f-f96148ac22ab
3922,NULL,NULL,45,R-512765,"CAT 279 TRACK SKID (Wagner)",1O,NULL,NULL,1,NULL,81a92084-93e4-46ff-b5a9-2184451e1978
3923,NULL,NULL,45,R-512627,"CAT 950GC LOADER (Wagner)",FHM,NULL,NULL,1,NULL,482d171e-3a3d-4a38-a304-cff91cbe9c1f
3924,NULL,NULL,45,R-512405,"CAT TL1255 FORKLIFT 12K (Wagner)",1M,NULL,NULL,1,NULL,5d2ec1d6-0e27-4149-a3f9-6d8b3895ff0f
3925,NULL,NULL,45,R-512765,"CAT 279 TRACK SKID (Wagner)",FHM,NULL,NULL,1,NULL,1544d91d-839e-4c8f-9fb8-87d0ef1e7d5a
3926,NULL,NULL,45,R-512178,"CAT 259D3 TRACK SKIDSTEER (Wagner)",1O,NULL,NULL,1,NULL,5e58ab20-ec69-4ae4-a1b3-2b3ae13d9b77
3927,NULL,NULL,45,R-512856,"CAT950 LOADER (Wagner)",1O,NULL,NULL,1,NULL,68a8d636-d976-491e-b8ba-23a189661255
3928,NULL,NULL,45,R-512765,"CAT 279 TRACK SKID (Wagner)",1M,NULL,NULL,1,NULL,184dd9e7-e612-4527-abeb-20e6e08d0c12
3929,NULL,NULL,45,R-512856,"CAT950 LOADER (Wagner)",1M,NULL,NULL,1,NULL,339a9c78-87d9-4f8c-b422-66e898cd55cc
3930,NULL,NULL,45,R-512856,"CAT950 LOADER (Wagner)",FHM,NULL,NULL,1,NULL,01e3dc1a-8cc4-4963-a023-d98a1888c5a0
3931,NULL,NULL,45,R-512765,"CAT 279 TRACK SKID (Wagner)",8D,NULL,NULL,1,NULL,c29e942b-5fdd-4916-965d-c64cbad0fbd5
3932,NULL,NULL,45,R-512765,"CAT 279 TRACK SKID (Wagner)",8M,NULL,NULL,1,NULL,8f8a0a64-63f1-4ee3-8f70-5ce6cf777f09
3933,NULL,NULL,45,R-512605,"CAT CP34 COMPACTOR (Wagner)",1M,NULL,NULL,1,NULL,82f5421d-79bd-4ee7-99fd-9b538f4c2c45
3934,NULL,NULL,45,R-512178,"CAT 259D3 TRACK SKIDSTEER (Wagner)",FHM,NULL,NULL,1,NULL,5a19cb3b-b23f-4996-bc91-d3ea5f1204f1
3935,NULL,NULL,45,R-512766,"CAT 279 TRACK SKID (Wagner) (swapped out for R-512767)",FHM,NULL,NULL,1,NULL,9aae3065-f227-451b-bad4-738bce6932ad
3936,NULL,NULL,45,R-511129,"CAT259 TRACK SKIDSTEER (Wagner)",8M,NULL,NULL,1,NULL,3c497057-4779-421a-b983-c4c471f72863
3937,NULL,NULL,45,R-511258,"CAT299 TRACK SKID (Wagner)",FHM,NULL,NULL,1,NULL,d3e066fa-396e-409a-8097-025b783b50e2
3938,NULL,NULL,45,R-511296,"CAT304 MINI EXC (Wagner)",FHM,NULL,NULL,1,NULL,413eda15-4ce4-4375-b178-d26ce66f80f5
3939,NULL,NULL,45,R-511042,"CAT 320 EXCAVATOR W/ THB (Wagner)",1M,NULL,NULL,1,NULL,d45b76c9-5b82-4047-b955-1f165d20670e
3940,NULL,NULL,45,R-511129,"CAT259 TRACK SKIDSTEER (Wagner)",1M,NULL,NULL,1,NULL,1d3e21b3-9cc8-45e2-85ea-7818809df1d9
3941,NULL,NULL,45,R-510986,"CAT 279 TRACK SKID (Wagner)",1M,NULL,NULL,1,NULL,b3b3c479-9aa8-48c1-b284-6b8c5696462d
3942,NULL,NULL,45,R-511052,"CAT 730 HAUL TRUCK (Wagner)",1M,NULL,NULL,1,NULL,5ad34838-ddbe-4555-9780-845f9a92cb19
3943,NULL,NULL,45,R-508942,"CAT 299XHP TRACK SKIDSTEER (Wagner)",8M,NULL,NULL,1,NULL,87c10cd2-001a-4791-a63b-fd82ca7de82a
3944,NULL,NULL,45,R-511593,"CAT740 HAUL TRUCK (Wagner)",1O,NULL,NULL,1,NULL,71e96082-6cad-4af0-98e9-710544eaddf0
3945,NULL,NULL,45,R-511042,"CAT 320 EXCAVATOR W/ THB (Wagner)",1O,NULL,NULL,1,NULL,61c0b860-cd8d-4258-96ef-f46865db8f5b
3946,NULL,NULL,45,R-509953,"CAT TL1255 FORKLIFT (Wagner)",1M,NULL,NULL,1,NULL,1102dabd-1cf5-4fff-b54c-8c20445804f3
3947,NULL,NULL,45,R-511593,"CAT740 HAUL TRUCK (Wagner)",1M,NULL,NULL,1,NULL,9de1e3f7-a0be-4c49-8c74-90aac6610c0c
3948,NULL,NULL,45,R-511593,"CAT740 HAUL TRUCK (Wagner)",FHM,NULL,NULL,1,NULL,6d99422f-b993-4b73-91e3-e55769b2c327
3949,NULL,NULL,45,R-510836,"CAT 304 EXCAVATOR W/ THUMB (Wagner)",8D,NULL,NULL,1,NULL,33c863d1-5728-4741-bd80-c5bd414eef50
3950,NULL,NULL,45,R-511129,"CAT259 TRACK SKIDSTEER (Wagner)",1O,NULL,NULL,1,NULL,6bc3c3d8-8619-4c6d-8062-4dbce1eed955
3951,NULL,NULL,45,R-511004,"CAT 308 EXCAVATOR (Wagner)",1O,NULL,NULL,1,NULL,ff96a566-88be-40c2-a2f4-148896f60d89
3952,NULL,NULL,45,R-508891,"CAT 259 TRACK SKIDSTEER (Wagner)",FHM,NULL,NULL,1,NULL,d400e950-30ec-450b-bd1d-e732d3541c69
3953,NULL,NULL,45,R-511630,"VACUUM-EXCAVATOR 550",1M,NULL,NULL,1,NULL,dc5be066-b9b0-4ea7-8c8a-bbc301889166
3954,NULL,NULL,45,R-510986,"CAT 279 TRACK SKID (Wagner)",FHM,NULL,NULL,1,NULL,339d8fb7-ebae-423f-9940-cfdda1d329f2
3955,NULL,NULL,45,R-510986,"CAT 279 TRACK SKID (Wagner)",1O,NULL,NULL,1,NULL,ec5dba3e-9138-41de-abff-3b750b669e26
3956,NULL,NULL,45,R-510852,"CAT 259/255 TRACK SKID (Wagner)",1M,NULL,NULL,1,NULL,e9835dda-3857-44ee-93ba-8897cdb795f9
3957,NULL,NULL,45,R-511129,"CAT259 TRACK SKIDSTEER (Wagner)",FHM,NULL,NULL,1,NULL,2cf48507-76cb-4b6f-a56e-798d306652e0
3958,NULL,NULL,45,R-510856,"CAT 259 TRACK SKID (Wagner)",1O,NULL,NULL,1,NULL,9927302d-4a41-41af-b584-47d9b3ada1f4
3959,NULL,NULL,45,R-510856,"CAT 259 TRACK SKID (Wagner)",FHM,NULL,NULL,1,NULL,d9a6a461-89aa-46f3-b271-870ff60cc154
3960,NULL,NULL,45,R-510852,"CAT 259/255 TRACK SKID (Wagner)",FHM,NULL,NULL,1,NULL,095e3b51-1323-4dd0-9e0e-3d21771028bd
3961,NULL,NULL,45,R-518841,"CAT 289/265 LOADER (Wagner)",1M,NULL,NULL,1,NULL,a318a064-e4bd-45a1-891d-80dd48abf3c7
3962,NULL,NULL,45,R-519334,"CAT 950GC LOADER (Wagner)",1M,NULL,NULL,1,NULL,29d9c477-7e9d-4f58-a28b-19ed3509d470
3963,NULL,NULL,45,R-518841,"CAT 289/265 LOADER (Wagner)",1O,NULL,NULL,1,NULL,48935a36-ac6e-4b84-8b15-7d32aa3b125b
3964,NULL,NULL,45,R-519833,"CAT 740GC HAUL TRUCK (Wagner)",1M,NULL,NULL,1,NULL,150ee578-2a77-4e7e-8b9a-62032d4ddbbf
3965,NULL,NULL,45,R-519334,"CAT 950GC LOADER (Wagner)",FHM,NULL,NULL,1,NULL,52445345-1681-492f-b531-62c5bba35457
3966,NULL,NULL,45,R-518858,"CAT 966 LOADER (Wagner)",1M,NULL,NULL,1,NULL,3b71c49a-decf-4999-8ab2-be5743a7ac33
3967,NULL,NULL,45,R-519833,"CAT 740GC HAUL TRUCK (Wagner)",FHM,NULL,NULL,1,NULL,efeb5005-cb96-47d9-9b80-2b48f535443d
3968,NULL,NULL,45,R-518841,"CAT 289/265 LOADER (Wagner)",FHM,NULL,NULL,1,NULL,284e6681-983b-4305-a346-5c3940bd2b2d
3969,NULL,NULL,45,R-519649,"CAT 313GC EXCAVATOR (Wagner)",1M,NULL,NULL,1,NULL,bfcc13cf-5d6b-48fb-a9e3-37893ee5af75
3970,NULL,NULL,45,R-519649,"CAT 313GC EXCAVATOR (Wagner)",FHM,NULL,NULL,1,NULL,54156946-2133-404f-a98d-60e6ed087b89
3971,NULL,NULL,45,R-522327,"CAT 430 BACKHOE (Wagner)",1O,NULL,NULL,1,NULL,1ff9a04d-923d-463c-aa50-ad19346e5345
3972,NULL,NULL,45,R-525439,"WATER TRUCK 2000G (Wagner)",1O,NULL,NULL,1,NULL,c750060f-8894-466c-8b7f-2f4dce2e27a9
3973,NULL,NULL,45,R-518858,"CAT 966 LOADER (Wagner)",1O,NULL,NULL,1,NULL,96d67b64-7d92-4590-ac04-650f1fb53cb8
3974,NULL,NULL,45,R-526145,"CAT938 LOADER (Wagner)",FHM,NULL,NULL,1,NULL,7062fdb8-5335-4d18-9e54-f80f3459874d
3975,NULL,NULL,45,R-526143,"CAT 938 LOADER (Wagner)",1O,NULL,NULL,1,NULL,773933aa-7792-42ee-80ff-1f7fdbd42c4d
3976,NULL,NULL,45,R-520251,"CAT 313 EXCAVATOR (Wagner)",1O,NULL,NULL,1,NULL,e319170a-fe22-4f0e-903a-2755ae57cf52
3977,NULL,NULL,45,R-526448,"CAT259 TRACK SKIDSTEER (Wagner)",1O,NULL,NULL,1,NULL,463d3017-8873-456f-ad86-d9d4044b5920
3978,NULL,NULL,45,R-518858,"CAT 966 LOADER (Wagner)",FHM,NULL,NULL,1,NULL,9614b3c2-0032-4784-ba4f-a81df555575e
3979,NULL,NULL,45,R-522327,"CAT 430 BACKHOE (Wagner)",1M,NULL,NULL,1,NULL,3b1237f7-3088-4970-b882-614929fc0fd3
3980,NULL,NULL,45,R-526143,"CAT 938 LOADER (Wagner)",FHM,NULL,NULL,1,NULL,63d285b4-b5b6-4708-a892-65bb66c1c11c
3981,NULL,NULL,45,R-525439,"WATER TRUCK 2000G (Wagner)",1M,NULL,NULL,1,NULL,3a398b4d-96ea-4e52-9fff-236833add33f
3982,NULL,NULL,45,R-520251,"CAT 313 EXCAVATOR (Wagner)",1M,NULL,NULL,1,NULL,c281e707-c504-4fb7-bcde-3333a555fcc4
3983,NULL,NULL,45,R-519649,"CAT 313GC EXCAVATOR (Wagner)",1O,NULL,NULL,1,NULL,f93c26c9-6c5b-4521-b467-48490ece4cc7
3984,NULL,NULL,45,R-525439,"WATER TRUCK 2000G (Wagner)",FHM,NULL,NULL,1,NULL,143e32ea-7bc2-4280-948a-2c1a5cddc8a4
3985,NULL,NULL,45,R-526448,"CAT259 TRACK SKIDSTEER (Wagner)",1M,NULL,NULL,1,NULL,cdc2581b-e6dc-49cc-9c40-e6c1a64f2e22
3986,NULL,NULL,45,R-508891,"CAT 259 TRACK SKIDSTEER (Wagner)",1O,NULL,NULL,1,NULL,74341532-a0d6-4ce7-83d5-51d6c0712695
3987,NULL,NULL,45,R-508891,"CAT 259 TRACK SKIDSTEER (Wagner)",8D,NULL,NULL,1,NULL,130efff1-c92c-402f-a8eb-4716c4645b73
3988,NULL,NULL,45,R-510837,"CAT 304 EXCAVATOR (Wagner)",1M,NULL,NULL,1,NULL,4f7c9a2b-a051-46ae-9a0f-28f2a4e55f50
3989,NULL,NULL,45,R-510837,"CAT 304 EXCAVATOR (Wagner)",FHM,NULL,NULL,1,NULL,0b122dc2-4ecb-44f6-8d0b-cf10ce71b31c
3990,NULL,NULL,45,R-508942,"CAT 299XHP TRACK SKIDSTEER (Wagner)",8D,NULL,NULL,1,NULL,57612109-b4fd-4277-ba07-784fb075db46
3991,NULL,NULL,45,R-509329,"CAT D6T LGP VPAT DOZER (Wagner)",FHM,NULL,NULL,1,NULL,69742173-6654-4eea-b922-5abfd76f17c8
3992,NULL,NULL,45,R-510864,"CAT 299 TRACK SKID (Wagner)",1O,NULL,NULL,1,NULL,7d81b720-56be-42a0-80e4-48498c761f67
3993,NULL,NULL,45,R-510864,"CAT 299 TRACK SKID (Wagner)",1M,NULL,NULL,1,NULL,81ad4ed1-46bf-4b41-85b5-38d31ddcbc9c
3994,NULL,NULL,45,R-510852,"CAT 259/255 TRACK SKID (Wagner)",1O,NULL,NULL,1,NULL,a78d5a27-83a2-4c94-9b71-1f22f705a820
3995,NULL,NULL,45,R-510837,"CAT 304 EXCAVATOR (Wagner)",1O,NULL,NULL,1,NULL,774aec6a-7d79-47d9-bfe9-57c50563e7ce
3996,NULL,NULL,45,R-509953,"CAT TL1255 FORKLIFT (Wagner)",1O,NULL,NULL,1,NULL,d8413016-5529-4a39-9774-363737a70f5d
3997,NULL,NULL,45,R-510864,"CAT 299 TRACK SKID (Wagner)",FHM,NULL,NULL,1,NULL,ec112671-f7a2-4e19-9c14-aebeb0db99a9
3998,NULL,NULL,45,R-510856,"CAT 259 TRACK SKID (Wagner)",1M,NULL,NULL,1,NULL,68ef3c10-7192-45d2-8ece-c0a2e59b8d53
3999,NULL,NULL,45,R-508891,"CAT 259 TRACK SKIDSTEER (Wagner)",8M,NULL,NULL,1,NULL,b43c5b72-6054-4a7d-a515-81739178174e
4000,NULL,NULL,45,R-511129,"CAT259 TRACK SKIDSTEER (Wagner)",8D,NULL,NULL,1,NULL,9c2a5ba3-82aa-45dc-8e41-50b0288bce3a
4001,NULL,NULL,45,R-509329,"CAT D6T LGP VPAT DOZER (Wagner)",1M,NULL,NULL,1,NULL,1b03dc05-2cb7-4bad-ad3d-e34c5d72288c
4002,NULL,NULL,45,R-511004,"CAT 308 EXCAVATOR (Wagner)",FHM,NULL,NULL,1,NULL,42967e31-cc3d-4f0f-98d7-3b289e155496
4003,NULL,NULL,45,R-510836,"CAT 304 EXCAVATOR W/ THUMB (Wagner)",8M,NULL,NULL,1,NULL,a7c1ac68-3349-467d-87c8-9f2dad7d018d
4004,NULL,NULL,45,R-511258,"CAT299 TRACK SKID (Wagner)",1M,NULL,NULL,1,NULL,5c4189a5-e8bb-46e2-9f0e-d2e3ba2c7551
4005,NULL,NULL,45,R-511258,"CAT299 TRACK SKID (Wagner)",1O,NULL,NULL,1,NULL,f7b51373-d889-41e3-8888-b3cb771ea0d7
4006,NULL,NULL,45,R-509329,"CAT D6T LGP VPAT DOZER (Wagner)",1O,NULL,NULL,1,NULL,006217d8-3a48-4122-8d15-af900f8359ae
4007,NULL,NULL,45,R-511296,"CAT304 MINI EXC (Wagner)",1M,NULL,NULL,1,NULL,d729bd35-09d1-4d71-a77b-da68aea77fc5
4008,NULL,NULL,45,R-511004,"CAT 308 EXCAVATOR (Wagner)",1M,NULL,NULL,1,NULL,cf033916-e31f-48b0-bc5e-d0e64dee4328
4009,NULL,NULL,45,R-511052,"CAT 730 HAUL TRUCK (Wagner)",FHM,NULL,NULL,1,NULL,c92eec95-a67c-49c4-aa1c-69f2f5923ace
4010,NULL,NULL,45,R-511296,"CAT304 MINI EXC (Wagner)",1O,NULL,NULL,1,NULL,5347d00a-d231-43bf-8f75-1115fd3d7add
4011,NULL,NULL,45,R-515908,"CAT 308 EXCAVATOR W/ THB (Wagner)",FHM,NULL,NULL,1,NULL,67b1788d-4b45-494d-a49a-f08da22952d5
4012,NULL,NULL,45,R-515912,"CAT 308 EXCAVATOR W/ THB (Wagner)",FHM,NULL,NULL,1,NULL,10f16edf-2d8a-478d-9430-ccb0fc68b687
4013,NULL,NULL,45,R-515912,"CAT 308 EXCAVATOR W/ THB (Wagner)",1O,NULL,NULL,1,NULL,8cee46a0-fefe-4ef3-82d7-bc7cf5a72eb1
4014,NULL,NULL,45,R-515907,"CAT 308 EXCAVATOR W/ THB (Wagner)",1M,NULL,NULL,1,NULL,3657104f-1f09-4c76-9dfe-baef45ca0d87
4015,NULL,NULL,45,R-515913,"CAT 308 EXCAVATOR W/ THB (Wanger)",1M,NULL,NULL,1,NULL,ef7b3fff-9778-4e11-b9ef-62389bd94873
4016,NULL,NULL,45,R-515915,"CAT 308 EXCAVATOR W/ THB (Wagner)",1M,NULL,NULL,1,NULL,43b9aa89-5b3d-4eba-96b6-19b430189dae
4017,NULL,NULL,45,R-515907,"CAT 308 EXCAVATOR W/ THB (Wagner)",FHM,NULL,NULL,1,NULL,79525b7e-494b-4f25-b7ec-4ac5d380a0af
4018,NULL,NULL,45,R-515908,"CAT 308 EXCAVATOR W/ THB (Wagner)",1M,NULL,NULL,1,NULL,85be3631-8d61-4f87-8e16-a00db75a6e1d
4019,NULL,NULL,45,R-515879,"CAT 305 EXCAVATOR W/ THB (Wagner)",1O,NULL,NULL,1,NULL,adeb42fd-9695-4b5e-b41d-f2f2eb28a5e0
4020,NULL,NULL,45,R-515915,"CAT 308 EXCAVATOR W/ THB (Wagner)",FHM,NULL,NULL,1,NULL,1fa3b357-07f5-4819-a4fd-0735fd922b8b
4021,NULL,NULL,45,R-515913,"CAT 308 EXCAVATOR W/ THB (Wanger)",1O,NULL,NULL,1,NULL,3bb15798-6ec6-429f-ba16-faaf56424f71
4022,NULL,NULL,45,R-516143,"CAT 950 LOADER (Wagner)",1M,NULL,NULL,1,NULL,0f0a75f2-561c-4e9c-b15d-4af416eaea03
4023,NULL,NULL,45,R-518169,"CAT 336 EXCAVATOR (Wagner)",1M,NULL,NULL,1,NULL,0832b9cb-4760-45b4-abef-1abe2568319d
4024,NULL,NULL,45,R-516515,"CAT D6T LGP VPAT DOZER (Wagner)",FHM,NULL,NULL,1,NULL,0d4205f4-c2a9-4a76-9aad-2b58af0c3249
4025,NULL,NULL,45,R-517845,"CAT CS44 ROLLER (Wagner)",1O,NULL,NULL,1,NULL,053422cc-3828-4f6e-ab17-2af24b80dbf9
4026,NULL,NULL,45,R-518169,"CAT 336 EXCAVATOR (Wagner)",1O,NULL,NULL,1,NULL,0206843b-cde1-41af-bc3d-3fb77fa90259
4027,NULL,NULL,45,R-516143,"CAT 950 LOADER (Wagner)",1O,NULL,NULL,1,NULL,b920594f-261a-4979-8736-723370963c58
4028,NULL,NULL,45,R-517845,"CAT CS44 ROLLER (Wagner)",1M,NULL,NULL,1,NULL,bd8f2dfe-099a-4145-b4ff-ab9a4045b9b7
4029,NULL,NULL,45,R-516143,"CAT 950 LOADER (Wagner)",FHM,NULL,NULL,1,NULL,a2c78db5-722a-4cd9-a28d-21e418dc2423
4030,NULL,NULL,45,R-516515,"CAT D6T LGP VPAT DOZER (Wagner)",1O,NULL,NULL,1,NULL,8c970c6f-4df1-49a2-bd1c-4e32e9c451d0
4031,NULL,NULL,45,R-518169,"CAT 336 EXCAVATOR (Wagner)",FHM,NULL,NULL,1,NULL,01dfc11d-91fc-4913-9737-18f25f8104bd
4032,NULL,NULL,45,R-518332,"CAT 259 TRACK SKIDSTEER (Wagner)",1O,NULL,NULL,1,NULL,11854f86-a2cf-462b-ae04-5563cf5d4ef5
4033,NULL,NULL,45,R-518332,"CAT 259 TRACK SKIDSTEER (Wagner)",1M,NULL,NULL,1,NULL,0b65c79b-4978-48e2-895e-0cc44ba34142
4034,NULL,NULL,45,R-515907,"CAT 308 EXCAVATOR W/ THB (Wagner)",1O,NULL,NULL,1,NULL,d6ec8e7e-8088-4ef0-b5b0-186afab8894c
4035,NULL,NULL,45,R-516515,"CAT D6T LGP VPAT DOZER (Wagner)",1M,NULL,NULL,1,NULL,46b757da-6986-4762-956b-78e1e96b295a
4036,NULL,NULL,45,R-512969,"CAT 950GC LOADER (Wagner)",1M,NULL,NULL,1,NULL,68e15b76-9959-42eb-8476-6326f8cecd9e
4037,NULL,NULL,45,R-512969,"CAT 950GC LOADER (Wagner)",1O,NULL,NULL,1,NULL,354793e4-9415-45bf-9f53-1d4969014532
4038,NULL,NULL,45,R-513494,"CAT CS34/CS5 ROLLER (Wagner)",1M,NULL,NULL,1,NULL,f19ab7f2-71f7-478d-bdb7-f9d309c088f7
4039,NULL,NULL,45,R-513494,"CAT CS34/CS5 ROLLER (Wagner)",FHM,NULL,NULL,1,NULL,2f19e51f-16c1-4b66-967d-24a9bb5ddf4b
4040,NULL,NULL,45,R-514872,"HITACHI ZX245USLC-7 EXC (Arnold Machiner)",1M,NULL,NULL,1,NULL,ae01c668-04e6-4af6-a5e1-10b76ff9cb84
4041,NULL,NULL,45,R-515056,"CAT 950 LOADER (Wagner)",1M,NULL,NULL,1,NULL,6b61f221-f671-422e-87c8-3c712219c3df
4042,NULL,NULL,45,R-513576,"CAT305 MINI EXC W/ THB (Wagner)",1M,NULL,NULL,1,NULL,15be18bc-53e1-4f26-8075-5c46a2d66017
4043,NULL,NULL,45,R-514872,"HITACHI ZX245USLC-7 EXC (Arnold Machiner)",1O,NULL,NULL,1,NULL,30462e1a-05ee-4d13-8c7c-b6a861c2c48b
4044,NULL,NULL,45,R-513576,"CAT305 MINI EXC W/ THB (Wagner)",FHM,NULL,NULL,1,NULL,0f03626a-b5ea-4bab-9975-7b5f2283b499
4045,NULL,NULL,45,R-513576,"CAT305 MINI EXC W/ THB (Wagner)",1O,NULL,NULL,1,NULL,c2663957-ff28-4242-976f-37a73f90a429
4046,NULL,NULL,45,R-515056,"CAT 950 LOADER (Wagner)",FHM,NULL,NULL,1,NULL,51d3b872-0547-408b-8276-20e8f65c3d3d
4047,NULL,NULL,45,R-515180,"CAT 313 EXCAVATOR w/ H115 HAMMER (Wagner)",1O,NULL,NULL,1,NULL,ecc61f26-d6b4-4a7b-81c0-3429b9cac019
4048,NULL,NULL,45,R-515056,"CAT 950 LOADER (Wagner)",1O,NULL,NULL,1,NULL,775efe64-c40f-4a8e-8009-45e0ce889076
4049,NULL,NULL,45,R-515200,"CAT CS44 ROLLER (66") (Wagner)",1O,NULL,NULL,1,NULL,37ca6c02-3d64-4c3d-82c5-59f345ed210e
4050,NULL,NULL,45,R-513494,"CAT CS34/CS5 ROLLER (Wagner)",1O,NULL,NULL,1,NULL,3d8da8a4-a622-4c61-b29f-0ccf802b4feb
4051,NULL,NULL,45,R-515180,"CAT 313 EXCAVATOR w/ H115 HAMMER (Wagner)",1M,NULL,NULL,1,NULL,4ada0cce-7c10-45ff-a1ac-9716110852bb
4052,NULL,NULL,45,R-515882,"CAT 305 EXCAVATOR (Wagner)",1O,NULL,NULL,1,NULL,b65d55f4-c493-4943-b234-2cb6b7ee6ff2
4053,NULL,NULL,45,R-515200,"CAT CS44 ROLLER (66") (Wagner)",1M,NULL,NULL,1,NULL,531f875b-aa96-4f45-a0a9-2bda65fb0b13
4054,NULL,NULL,45,R-515908,"CAT 308 EXCAVATOR W/ THB (Wagner)",1O,NULL,NULL,1,NULL,bc6b09b8-16ff-4866-be08-d7c6978b3b73
4055,NULL,NULL,45,R-515912,"CAT 308 EXCAVATOR W/ THB (Wagner)",1M,NULL,NULL,1,NULL,1c5b12e0-df03-4f41-be53-e515aebf298d
4056,NULL,NULL,45,R-515180,"CAT 313 EXCAVATOR w/ H115 HAMMER (Wagner)",FHM,NULL,NULL,1,NULL,afd1bed5-1a86-4319-a035-da8c7bfd44b2
4057,NULL,NULL,45,R-514872,"HITACHI ZX245USLC-7 EXC (Arnold Machiner)",FHM,NULL,NULL,1,NULL,64ca5459-a998-4665-9866-a04949c94e1e
4058,NULL,NULL,45,R-515882,"CAT 305 EXCAVATOR (Wagner)",1M,NULL,NULL,1,NULL,112fb357-cbe2-47bf-bcf2-f86460a12b9c
4059,NULL,NULL,45,R-515879,"CAT 305 EXCAVATOR W/ THB (Wagner)",1M,NULL,NULL,1,NULL,3b6b7ff7-1c8b-4b24-9403-1f2f0a3beb2a
4060,NULL,NULL,45,R-515915,"CAT 308 EXCAVATOR W/ THB (Wagner)",1O,NULL,NULL,1,NULL,ceb7f2f2-bf14-4bb0-8282-24296406c4c4
4061,NULL,NULL,45,R-511854,"CAT308 EXCAVATOR (Wagner)",1O,NULL,NULL,1,NULL,3c49e5b7-5d08-4ba3-8b1f-a2a7f47c67fe
4062,NULL,NULL,45,R-511630,"VACUUM-EXCAVATOR 550",1O,NULL,NULL,1,NULL,cff78bf6-9202-4f1e-bc1b-a07256f61638
4063,NULL,NULL,45,R-511630,"VACUUM-EXCAVATOR 550",FHM,NULL,NULL,1,NULL,ef42b86b-e48f-4742-a349-6c5ea6e4df82
4064,NULL,NULL,45,R-511875,"CAT304 EXCAVATOR (Wagner)",1O,NULL,NULL,1,NULL,876c9446-0684-4f7e-bf40-8422749ad8d1
4065,NULL,NULL,45,R-511998,"CAT962 LOADER (Wagner)",FHM,NULL,NULL,1,NULL,705ab85a-1889-4599-af6e-57370dba6ba4
4066,NULL,NULL,45,R-511854,"CAT308 EXCAVATOR (Wagner)",1M,NULL,NULL,1,NULL,c15f074b-474c-45ad-9de7-eec520fdc395
4067,NULL,NULL,45,R-512149,"CAT 259D3 TRACK SKIDSTEER (Wagner)",1M,NULL,NULL,1,NULL,cf85b4a1-77ba-40ed-bcd7-95427d7e2269
4068,NULL,NULL,45,R-512149,"CAT 259D3 TRACK SKIDSTEER (Wagner)",1O,NULL,NULL,1,NULL,dbef48d4-b61e-4b67-878a-76916e9b8115
4069,NULL,NULL,45,R-511875,"CAT304 EXCAVATOR (Wagner)",FHM,NULL,NULL,1,NULL,83a74e5a-f548-402b-918b-8ff199227802
4070,NULL,NULL,45,R-511875,"CAT304 EXCAVATOR (Wagner)",1M,NULL,NULL,1,NULL,abc32dd4-1979-4f2e-9dfa-2037d2fba249
4071,NULL,NULL,45,R-512154,"CAT 259/255 TRACK SKIDSTEER (Wagner)",1M,NULL,NULL,1,NULL,8a7f7718-10ce-411b-8f7b-0addc7c0325b
4072,NULL,NULL,45,R-512154,"CAT 259/255 TRACK SKIDSTEER (Wagner)",1O,NULL,NULL,1,NULL,4ddd9bdf-d7c0-48cd-80d9-7dab38ade7c3
4073,NULL,NULL,45,R-512155,"CAT 259 TRACK SKIDSTEER (Wagner)",1M,NULL,NULL,1,NULL,dce7185a-2be7-463a-836b-5440ea9b1e03
4074,NULL,NULL,45,R-511998,"CAT962 LOADER (Wagner)",1O,NULL,NULL,1,NULL,415b04b0-7ec1-4f8a-a27e-9c2e389d60dc
4075,NULL,NULL,45,R-512149,"CAT 259D3 TRACK SKIDSTEER (Wagner)",FHM,NULL,NULL,1,NULL,f98f5f2e-bc9c-47b6-b2be-8effac8675eb
4076,NULL,NULL,45,R-511998,"CAT962 LOADER (Wagner)",1M,NULL,NULL,1,NULL,4526cfff-330b-41db-b1eb-81c4fcd4e926
4077,NULL,NULL,45,R-512155,"CAT 259 TRACK SKIDSTEER (Wagner)",1O,NULL,NULL,1,NULL,d411ac65-a119-41de-8b46-16c1ad976f69
4078,NULL,NULL,45,R-512156,"CAT 259D3 TRACK SKIDSTEER (Wagner)",1O,NULL,NULL,1,NULL,f336aaf8-aa30-4fd2-92fc-809948fb79ba
4079,NULL,NULL,45,R-512154,"CAT 259/255 TRACK SKIDSTEER (Wagner)",FHM,NULL,NULL,1,NULL,68f0dae7-25b0-48b3-afcc-84965f758fe2
4080,NULL,NULL,45,R-512155,"CAT 259 TRACK SKIDSTEER (Wagner)",FHM,NULL,NULL,1,NULL,89f68964-131b-4530-bf51-4c5f0121a2af
4081,NULL,NULL,45,R-512156,"CAT 259D3 TRACK SKIDSTEER (Wagner)",1M,NULL,NULL,1,NULL,ea45c433-8bdb-4fd3-b5fd-dd4f3b8941fd
4082,NULL,NULL,45,R-512166,"CAT 259D3 TRACK SKIDSTEER (Wagner)",1O,NULL,NULL,1,NULL,fbebc228-0f70-4ea7-8e99-93ad668eb387
4083,NULL,NULL,45,R-512178,"CAT 259D3 TRACK SKIDSTEER (Wagner)",1M,NULL,NULL,1,NULL,033b6273-4e79-4ee1-bc69-d477101fea89
4084,NULL,NULL,45,R-512166,"CAT 259D3 TRACK SKIDSTEER (Wagner)",FHM,NULL,NULL,1,NULL,d4f6fdd4-c99d-46b2-bad1-fc3a1a6de3c3
4085,NULL,NULL,45,R-512627,"CAT 950GC LOADER (Wagner)",1M,NULL,NULL,1,NULL,df2906a7-d3c4-4d46-8ff5-064093fd5940
4086,NULL,NULL,45,R-527449,"CAT 938 LOADER (Wagner)",1M,NULL,NULL,1,NULL,25d7efc5-c6dc-4318-8e96-645b934215dc
4087,NULL,NULL,45,R-526993,"CAT938 LOADER (Wagner)",FHM,NULL,NULL,1,NULL,1cc652db-818a-4ae5-a811-8bd7dc4b003a
4088,NULL,NULL,45,R-526143,"CAT 938 LOADER (Wagner)",1M,NULL,NULL,1,NULL,61731552-326f-4d9f-aaac-e7760f2bc619
4089,NULL,NULL,45,R-526743,"CAT938 LOADER (Wagner)",1O,NULL,NULL,1,NULL,0f68cf14-c830-464b-9e37-41116b5c3d30
4090,NULL,NULL,45,R-525755,"CAT 259 TRACK SKIDSTEER (Wagner)",FHM,NULL,NULL,1,NULL,d64848e2-c215-446b-bcfc-636d8462a3cd
4091,NULL,NULL,45,R-524133,"CAT 262D3 TRACK SKID (Wagner)",FHM,NULL,NULL,1,NULL,80986a7e-c71e-42f5-95f2-d1c4d32904f5
4092,NULL,NULL,45,R-524156,"CAT262 TRACK SKID (Wagner)",1O,NULL,NULL,1,NULL,505d08b0-f612-404a-af6c-d42555e4098f
4093,NULL,NULL,45,R-524156,"CAT262 TRACK SKID (Wagner)",1M,NULL,NULL,1,NULL,d61e4dca-991f-49a9-8989-e4d790b229ab
4094,NULL,NULL,45,R-524156,"CAT262 TRACK SKID (Wagner)",FHM,NULL,NULL,1,NULL,30862113-c1fb-4b0b-a6fa-710843efbc5f
4095,NULL,NULL,45,R-524133,"CAT 262D3 TRACK SKID (Wagner)",1O,NULL,NULL,1,NULL,1422089e-3b9a-49e7-ab85-4b3937119b4c
4096,NULL,NULL,45,R-526993,"CAT938 LOADER (Wagner)",1M,NULL,NULL,1,NULL,5d6b01fe-88bf-4eba-bed8-18a897ecf6c0
4097,NULL,NULL,45,R-526993,"CAT938 LOADER (Wagner)",1O,NULL,NULL,1,NULL,2c51290c-2bbb-421e-8f7c-513d9710bf0c
4098,NULL,NULL,45,R-526743,"CAT938 LOADER (Wagner)",1M,NULL,NULL,1,NULL,da0e4bbc-06d8-4c00-91a5-f3adc5f0c380
4099,NULL,NULL,45,R-519334,"CAT 950GC LOADER (Wagner)",1O,NULL,NULL,1,NULL,17e0afd0-d708-4e83-b872-80fe9a25f6cd
4100,NULL,NULL,45,R-526743,"CAT938 LOADER (Wagner)",FHM,NULL,NULL,1,NULL,47c48238-0a5c-4dcf-b4d0-19c26af1c12b
4101,NULL,NULL,45,R-520251,"CAT 313 EXCAVATOR (Wagner)",FHM,NULL,NULL,1,NULL,4b919492-b0f8-4d5e-8788-d6f2157b865d
4102,NULL,NULL,45,R-519833,"CAT 740GC HAUL TRUCK (Wagner)",1O,NULL,NULL,1,NULL,991779b1-b166-4f75-93e4-00b8b39614d9
4103,NULL,NULL,45,R-526448,"CAT259 TRACK SKIDSTEER (Wagner)",FHM,NULL,NULL,1,NULL,ed61dbb4-04f8-4951-959b-086cfe2535db
4104,NULL,NULL,45,R-525755,"CAT 259 TRACK SKIDSTEER (Wagner)",1M,NULL,NULL,1,NULL,1b93f3f8-e309-47c2-bff1-646d36dc5df9
4105,NULL,NULL,45,R-526145,"CAT938 LOADER (Wagner)",1M,NULL,NULL,1,NULL,d4ab9adc-bf21-402b-8345-8119d3e6f83a
4106,NULL,NULL,45,R-524133,"CAT 262D3 TRACK SKID (Wagner)",1M,NULL,NULL,1,NULL,8153969f-8b92-4c10-8dcf-04ceb1f34076
4107,NULL,NULL,45,R-522327,"CAT 430 BACKHOE (Wagner)",FHM,NULL,NULL,1,NULL,c8d5c6ba-76d1-42dc-842d-81d44081a22e
4108,NULL,NULL,45,R-527449,"CAT 938 LOADER (Wagner)",1O,NULL,NULL,1,NULL,03d0bd83-a6d0-4adc-b364-aff332fcf030
4109,NULL,NULL,45,R-526145,"CAT938 LOADER (Wagner)",1O,NULL,NULL,1,NULL,8d2ff92b-d6cb-4f9e-a8d8-1bbf176bfab3
4110,NULL,NULL,45,R-525755,"CAT 259 TRACK SKIDSTEER (Wagner)",1O,NULL,NULL,1,NULL,6d85d25f-57c6-403e-96cb-fd6d31e39d01
4111,NULL,NULL,45,R-527726,"CAT CS44/CS7 COMPACTOR (Wagner)",1M,NULL,NULL,1,NULL,e17f78ea-1137-482d-b84a-d55bd7252d89
4112,NULL,NULL,45,R-527726,"CAT CS44/CS7 COMPACTOR (Wagner)",FHM,NULL,NULL,1,NULL,ac78d779-e96d-481c-9c69-a13ad26bcedd
4113,NULL,NULL,45,R-527451,"CAT 938 LOADER (Wagner)",1M,NULL,NULL,1,NULL,07f57b1c-c2d9-4b48-a80c-d3777bcb49ae
4114,NULL,NULL,45,R-527449,"CAT 938 LOADER (Wagner)",FHM,NULL,NULL,1,NULL,eb742e3e-b12a-4b17-b04d-b0f25b90b103
4115,NULL,NULL,45,R-527451,"CAT 938 LOADER (Wagner)",1O,NULL,NULL,1,NULL,d4c35be4-f6f0-464a-bdce-8e5040fdd09b
4116,NULL,NULL,45,R-528192,"CAT TL1255 FORKLIFT (Wagner)",1O,NULL,NULL,1,NULL,4e5aad3c-c09b-4c1d-b1bc-77eea4982034
4117,NULL,NULL,45,R-527726,"CAT CS44/CS7 COMPACTOR (Wagner)",1O,NULL,NULL,1,NULL,0e39775a-5216-4717-b5ab-1a253e053b0c
4118,NULL,NULL,45,R-528635,"CAT CS44/CS7 ROLLER (Wagner)",1O,NULL,NULL,1,NULL,29d57903-ecbd-4880-8962-d946fd26d1dd
4119,NULL,NULL,45,R-528635,"CAT CS44/CS7 ROLLER (Wagner)",1M,NULL,NULL,1,NULL,bb8075a8-1c4a-47fe-b893-c32ac1fed589
4120,NULL,NULL,45,R-527451,"CAT 938 LOADER (Wagner)",FHM,NULL,NULL,1,NULL,fc4f9de9-cb57-4016-b77d-d3243b36a727
4121,NULL,NULL,45,R-528635,"CAT CS44/CS7 ROLLER (Wagner)",FHM,NULL,NULL,1,NULL,d2ae5796-8722-41db-8dd0-94034af14f29
4122,NULL,NULL,45,R-528708,"CAT CP56/CP12 ROLLER (Wagner)",1O,NULL,NULL,1,NULL,053e7563-e4f2-4a36-b527-6e5618dcce5b
4123,NULL,NULL,45,R-528708,"CAT CP56/CP12 ROLLER (Wagner)",1M,NULL,NULL,1,NULL,eadf1b6e-fbff-4189-bcf3-0b6668bf97af
4124,NULL,NULL,45,R-528990,"CAT 140/150 MOTOR GRADER (Wagner)",1M,NULL,NULL,1,NULL,6008b79b-f7a1-4b63-8663-4a9e2415b7ad
4125,NULL,NULL,45,R-528990,"CAT 140/150 MOTOR GRADER (Wagner)",1O,NULL,NULL,1,NULL,f5599657-af23-47ba-82fe-c3e7b2217f1b
4126,NULL,NULL,45,R-528708,"CAT CP56/CP12 ROLLER (Wagner)",FHM,NULL,NULL,1,NULL,04e06f11-2891-4089-9906-f3db5ec15468
4127,NULL,NULL,45,R-529172,"CAT 938 LOADER (Wagner)",1M,NULL,NULL,1,NULL,3831bdf3-22bc-4d3a-872f-31e082889d2c
4128,NULL,NULL,45,R-529518,"CAT 308 EXCAVATOR (Wagner)",1M,NULL,NULL,1,NULL,f1400f8d-9461-4441-afe6-9ffdef2144d9
4129,NULL,NULL,45,R-528990,"CAT 140/150 MOTOR GRADER (Wagner)",FHM,NULL,NULL,1,NULL,b9e7611c-31de-4c78-8cf1-fb5c41672ece
4130,NULL,NULL,45,R-529270,"CAT 325 EXCAVATOR (Wagner)",1O,NULL,NULL,1,NULL,d1740a33-7f38-4ed9-b086-f531a7a80626
4131,NULL,NULL,45,R-529172,"CAT 938 LOADER (Wagner)",1O,NULL,NULL,1,NULL,bac34f22-d4e9-437a-817f-7805fe405277
4132,NULL,NULL,45,R-529525,"CAT 308 EXCAVATOR (Wagner)",1O,NULL,NULL,1,NULL,e79c40fb-0f03-41c5-9cbe-665f1a684b6e
4133,NULL,NULL,45,R-529518,"CAT 308 EXCAVATOR (Wagner)",1O,NULL,NULL,1,NULL,ac68baf7-7473-488d-9679-247bf9e6a104
4134,NULL,NULL,45,R-529270,"CAT 325 EXCAVATOR (Wagner)",1M,NULL,NULL,1,NULL,4e45cf02-621a-4f05-bd65-3cdddf2843d0
4135,NULL,NULL,45,R-529270,"CAT 325 EXCAVATOR (Wagner)",FHM,NULL,NULL,1,NULL,6d5312b2-1029-4c6f-a20e-bcbf8404caa2
4136,NULL,NULL,45,R-565959,"TAKEUCHI TL10V2-CR SKIDSTEER (United Rentals)",FHM,NULL,NULL,1,NULL,36a540fd-28f2-4361-a3b0-8236a92f921e
4137,NULL,NULL,45,R-583427,"LINKBELT 145 EXCAVATOR (EQ Share)",FHM,NULL,NULL,1,NULL,8ce345c5-4936-4ba2-9b8c-5e1e9bd6d39c
4138,NULL,NULL,45,R-598104,"TAKEUCHI TL10V2 TRACK SKID (United)",1O,NULL,NULL,1,NULL,c1b2cd82-acda-4012-8be0-d930f4f984e9
4139,NULL,NULL,45,R-583427,"LINKBELT 145 EXCAVATOR (EQ Share)",1M,NULL,NULL,1,NULL,0883b124-6152-46b8-8a17-99090ddb7c94
4140,NULL,NULL,45,R-583427,"LINKBELT 145 EXCAVATOR (EQ Share)",1O,NULL,NULL,1,NULL,f94b469e-924f-452f-b193-429b2b945e35
4141,NULL,NULL,45,R-601121,"HAMM H5I 56" SINGLE DRUM ROLLER",1M,NULL,NULL,1,NULL,5eb02305-d2fa-4410-910a-bf79120c47e5
4142,NULL,NULL,45,R-620405,"TAKEUCHI TB230 MINI EXC (United)",1M,NULL,NULL,1,NULL,70f0c8c4-d9b7-45f6-8cc2-76d5c740c5ea
4143,NULL,NULL,45,R-56272G,"CAT 336FL EXCAVATOR (Wagner)",8M,NULL,NULL,1,NULL,eccf6742-b4fd-4612-9493-f76f829a96f0
4144,NULL,NULL,45,R-538000,"CAT325 EXCAVATOR (Wagner)",FHM,NULL,NULL,1,NULL,bd96cb24-dde1-4d03-a24b-558c7683afe3
4145,NULL,NULL,45,R-613568,"JD135G EXCAVATOR (Tyler)",1O,NULL,NULL,1,NULL,ab52c7a4-9dcd-4734-96e1-01a0ce9961cc
4146,NULL,NULL,45,R-598104,"TAKEUCHI TL10V2 TRACK SKID (United)",FHM,NULL,NULL,1,NULL,0ae426b4-14a4-4777-bb8b-a364ae53676f
4147,NULL,NULL,45,R-611126,"JOHN DEERE 250G EXCAVATOR (4Rivers)",1M,NULL,NULL,1,NULL,a0cbd118-712c-4596-90eb-4fbaf952886e
4148,NULL,NULL,45,R-57749G,"CAT336 EXCAVATOR (Wagner)",8M,NULL,NULL,1,NULL,065b8f9e-a5f5-4370-8b22-293468134d2a
4149,NULL,NULL,45,R-57749G,"CAT336 EXCAVATOR (Wagner)",8D,NULL,NULL,1,NULL,fb6a3be4-2355-4e22-a2c1-da6e9f584de3
4150,NULL,NULL,45,R-62416T,"CAT D5K/D3 DOZER (Wagner)",1M,NULL,NULL,1,NULL,b4eab5cc-cf2d-46a5-9161-0e67b5e9dfd4
4151,NULL,NULL,45,R-565959,"TAKEUCHI TL10V2-CR SKIDSTEER (United Rentals)",1O,NULL,NULL,1,NULL,d904c5d8-68de-4b84-9e8d-c421e829fb99
4152,NULL,NULL,45,R-56863T,"CAT D6T DOZER (Wagner)",8S,NULL,NULL,1,NULL,243c1137-707a-47dc-ba9b-148f7d8be0f4
4153,NULL,NULL,45,R-56863T,"CAT D6T DOZER (Wagner)",8D,NULL,NULL,1,NULL,7e69c6ea-d29c-4dc0-a81d-ac6088d3dcf8
4154,NULL,NULL,45,R-565950,"TAKEUCHI TL10V2-CR SKIDSTEER (United Rentals)",1M,NULL,NULL,1,NULL,f6abee38-a264-444f-833b-7de398fe3991
4155,NULL,NULL,45,R-598104,"TAKEUCHI TL10V2 TRACK SKID (United)",1M,NULL,NULL,1,NULL,b0c35551-813c-4671-8d91-6c2f25aff8f7
4156,NULL,NULL,45,R-611126,"JOHN DEERE 250G EXCAVATOR (4Rivers)",1O,NULL,NULL,1,NULL,38063c6b-440d-4fa0-a3f7-6f839b8bae00
4157,NULL,NULL,45,R-565950,"TAKEUCHI TL10V2-CR SKIDSTEER (United Rentals)",1O,NULL,NULL,1,NULL,d578e123-cf2b-49b5-85b3-fea6ad99b72c
4158,NULL,NULL,45,R-601121,"HAMM H5I 56" SINGLE DRUM ROLLER",1O,NULL,NULL,1,NULL,9045e660-c0dc-445f-b05f-1a2a159fa1af
4159,NULL,NULL,45,R-565950,"TAKEUCHI TL10V2-CR SKIDSTEER (United Rentals)",FHM,NULL,NULL,1,NULL,da7b3dac-87ee-4dbe-a5a7-a7b68c87cb87
4160,NULL,NULL,45,R-620405,"TAKEUCHI TB230 MINI EXC (United)",1O,NULL,NULL,1,NULL,85617b1b-e06e-4c9b-adae-233d9c68e83a
4161,NULL,NULL,45,R-529525,"CAT 308 EXCAVATOR (Wagner)",FHM,NULL,NULL,1,NULL,f85f4d6e-31f9-4683-b081-44bdeef20bb6
4162,NULL,NULL,45,R-529525,"CAT 308 EXCAVATOR (Wagner)",1M,NULL,NULL,1,NULL,8385df28-a9e4-473d-8718-fadfefda07af
4163,NULL,NULL,45,R-530733,"CAT CS44/CS7 ROLLER (Wagner)",1O,NULL,NULL,1,NULL,a52af8e6-cdc5-43d0-9ab5-84a3549b5ebf
4164,NULL,NULL,45,R-530733,"CAT CS44/CS7 ROLLER (Wagner)",FHM,NULL,NULL,1,NULL,8c0b17d0-578d-407b-a990-0805b61e47f4
4165,NULL,NULL,45,R-529172,"CAT 938 LOADER (Wagner)",FHM,NULL,NULL,1,NULL,9ee77070-6d1e-4281-997b-500e35781c7b
4166,NULL,NULL,45,R-531796,"CAT289/265 TRACK SKID (Wagner)",1O,NULL,NULL,1,NULL,728976c2-5a6c-48bc-a94b-96a75850c684
4167,NULL,NULL,45,R-531796,"CAT289/265 TRACK SKID (Wagner)",1M,NULL,NULL,1,NULL,2a861537-90ee-4f8e-a9da-6cfa80ebae8b
4168,NULL,NULL,45,R-529518,"CAT 308 EXCAVATOR (Wagner)",FHM,NULL,NULL,1,NULL,1518bad5-5921-490f-aecd-e32caa0f7be9
4169,NULL,NULL,45,R-531942,"CAT 120 MOTOR GRADER (Wagner)",1O,NULL,NULL,1,NULL,8446c1d3-362d-45e6-869f-25699f01c739
4170,NULL,NULL,45,R-530733,"CAT CS44/CS7 ROLLER (Wagner)",1M,NULL,NULL,1,NULL,16b2f9c1-af16-4712-9066-7d04b5f4fb34
4171,NULL,NULL,45,R-534142,"CAT 930 LOADER (Wagner)",FHM,NULL,NULL,1,NULL,e4c2a9f8-0087-4b3a-aba6-8dd64c3ea565
4172,NULL,NULL,45,R-534428,"CAT RT14R TRACK CARRIER (wagner)",1M,NULL,NULL,1,NULL,98d5a7fb-533b-421c-a768-e4912abde8b0
4173,NULL,NULL,45,R-531796,"CAT289/265 TRACK SKID (Wagner)",FHM,NULL,NULL,1,NULL,b543c6d0-aecc-473a-8bb6-91951682c4eb
4174,NULL,NULL,45,R-531942,"CAT 120 MOTOR GRADER (Wagner)",1M,NULL,NULL,1,NULL,bb653454-48b3-4feb-af2a-367ba0aab469
4175,NULL,NULL,45,R-534142,"CAT 930 LOADER (Wagner)",1O,NULL,NULL,1,NULL,db1876a9-7672-4d38-b17c-c01047adb64e
4176,NULL,NULL,45,R-534142,"CAT 930 LOADER (Wagner)",1M,NULL,NULL,1,NULL,c16f4191-12e8-4de5-8b5a-6cd7c1312cde
4177,NULL,NULL,45,R-532033,"CAT 950 LOADER (Wagner)",1O,NULL,NULL,1,NULL,0d471bbf-9759-4b78-a855-6d8ba3b3e94f
4178,NULL,NULL,45,R-534429,"CAT RT14R TRACK CARRIER (Wagner)",1M,NULL,NULL,1,NULL,828cf5ca-45c2-4930-9155-86cf9f707ed4
4179,NULL,NULL,45,R-534429,"CAT RT14R TRACK CARRIER (Wagner)",1O,NULL,NULL,1,NULL,a6f4ce0d-2e55-4ccc-97e4-2d981418ee13
4180,NULL,NULL,45,R-534428,"CAT RT14R TRACK CARRIER (wagner)",1O,NULL,NULL,1,NULL,89ac2887-24eb-42c5-922c-c66e8d58e700
4181,NULL,NULL,45,R-531942,"CAT 120 MOTOR GRADER (Wagner)",FHM,NULL,NULL,1,NULL,85568cd6-9ecf-45b7-abcc-fd1fec169d68
4182,NULL,NULL,45,R-532033,"CAT 950 LOADER (Wagner)",FHM,NULL,NULL,1,NULL,35d9cd3e-eb92-44fa-88fc-5d5dc958e5d5
4183,NULL,NULL,45,R-534429,"CAT RT14R TRACK CARRIER (Wagner)",FHM,NULL,NULL,1,NULL,55141335-c8a8-4294-9d16-a9501232258d
4184,NULL,NULL,45,R-532033,"CAT 950 LOADER (Wagner)",1M,NULL,NULL,1,NULL,f6bc9d14-4446-4881-b23d-df8051d5024f
4185,NULL,NULL,45,R-534428,"CAT RT14R TRACK CARRIER (wagner)",FHM,NULL,NULL,1,NULL,9e8d4abc-12be-4791-b05d-e663b5044ff8
4186,NULL,NULL,45,R-535374,"CAT 938 LOADER (Wagner)",1M,NULL,NULL,1,NULL,c0260728-3f87-4523-8d35-3771408a215c
4187,NULL,NULL,45,R-535374,"CAT 938 LOADER (Wagner)",FHM,NULL,NULL,1,NULL,c028c683-734b-4678-9e7b-6b7b29bfa498
4188,NULL,NULL,45,R-535374,"CAT 938 LOADER (Wagner)",1O,NULL,NULL,1,NULL,cd2a4080-10a0-4b2a-bd01-0b100e913822
4189,NULL,NULL,45,R-536431,"WATER TRUCK 4000G (Wagner)",1M,NULL,NULL,1,NULL,fda00b60-048e-4400-9fd2-f7de55b50cb0
4190,NULL,NULL,45,R-536315,"CAT CS56/CS12 ROLLER (Wagner)",FHM,NULL,NULL,1,NULL,a49fcc8b-b00d-43b6-a30d-3b67d398c399
4191,NULL,NULL,45,R-536315,"CAT CS56/CS12 ROLLER (Wagner)",1M,NULL,NULL,1,NULL,ed2edffe-5ab4-43a1-bcd2-be024124c0e3
4192,NULL,NULL,45,R-537558,"CAT305 EXCAVATOR (Wagner)",1O,NULL,NULL,1,NULL,d1ba6e12-bde1-4c53-8ffe-643755f8ab99
4193,NULL,NULL,45,R-536431,"WATER TRUCK 4000G (Wagner)",FHM,NULL,NULL,1,NULL,58642122-efa7-433a-8917-2c83ccfcc6aa
4194,NULL,NULL,45,R-537903,"FREIGHTLINER 4K WATER TRUCK (Wagner) Changed to#4349 1/31/26",FHM,NULL,NULL,1,NULL,d2f4227b-6f5c-4d61-98dd-ad6fe977f720
4195,NULL,NULL,45,R-536315,"CAT CS56/CS12 ROLLER (Wagner)",1O,NULL,NULL,1,NULL,7097dc9f-9090-4306-925d-7c27686b0981
4196,NULL,NULL,45,R-537903,"FREIGHTLINER 4K WATER TRUCK (Wagner) Changed to#4349 1/31/26",1O,NULL,NULL,1,NULL,809c7fb3-df6a-4447-98fc-be981726ef5a
4197,NULL,NULL,45,R-537558,"CAT305 EXCAVATOR (Wagner)",1M,NULL,NULL,1,NULL,89df758d-7713-4a96-8234-b20b4cb641f5
4198,NULL,NULL,45,R-536431,"WATER TRUCK 4000G (Wagner)",1O,NULL,NULL,1,NULL,da1b979b-c236-452a-a78c-5eafaff6e770
4199,NULL,NULL,45,R-537903,"FREIGHTLINER 4K WATER TRUCK (Wagner) Changed to#4349 1/31/26",1M,NULL,NULL,1,NULL,486c380a-28d4-412f-8456-9eba20b93341
4200,NULL,NULL,45,R-538000,"CAT325 EXCAVATOR (Wagner)",1O,NULL,NULL,1,NULL,d9a33379-5b75-4d01-b026-bdeeafad20a7
4201,NULL,NULL,45,R-557342,"TAKEUCHI TB290C MINI EXC (United)",1M,NULL,NULL,1,NULL,e6b9cb9f-54af-44c0-a8a7-21520868a6a4
4202,NULL,NULL,45,R-56272G,"CAT 336FL EXCAVATOR (Wagner)",8S,NULL,NULL,1,NULL,367e737e-eac2-4eb3-a4a0-0ff8b5b911b7
4203,NULL,NULL,45,R-56863T,"CAT D6T DOZER (Wagner)",1O,NULL,NULL,1,NULL,47dcc8d5-da30-4f1a-813e-480495f42e5f
4204,NULL,NULL,45,R-565959,"TAKEUCHI TL10V2-CR SKIDSTEER (United Rentals)",1M,NULL,NULL,1,NULL,fa96e907-2283-4fc9-8713-934c11740ecd
4205,NULL,NULL,45,R-557342,"TAKEUCHI TB290C MINI EXC (United)",1O,NULL,NULL,1,NULL,89c37ad6-d087-4b47-a694-c8f29ba87db6
4206,NULL,NULL,45,R-538000,"CAT325 EXCAVATOR (Wagner)",1M,NULL,NULL,1,NULL,3258ebd9-3f77-4bb2-89db-73b7a66bb091
4207,NULL,NULL,45,R-537558,"CAT305 EXCAVATOR (Wagner)",FHM,NULL,NULL,1,NULL,b357b345-27cf-401d-a703-2371a7ce58ca
4208,NULL,NULL,45,R-56863T,"CAT D6T DOZER (Wagner)",8M,NULL,NULL,1,NULL,b1c44f73-9cd4-46f3-a49b-2eb02a050c0f
4209,NULL,NULL,45,R-56272G,"CAT 336FL EXCAVATOR (Wagner)",8D,NULL,NULL,1,NULL,828d258a-26e1-4bb2-bcab-c088103027b8
4210,NULL,NULL,45,R-56863T,"CAT D6T DOZER (Wagner)",1M,NULL,NULL,1,NULL,9c09171e-95d7-457a-831f-bf169f32a265
4211,NULL,NULL,45,R-730420,"WACKER NEUSON ST35 TRACK SKID (Equip Share)",FHM,NULL,NULL,1,NULL,60a9f69f-68b2-4d16-b9f2-f17c0600a493
4212,NULL,NULL,45,R-730420,"WACKER NEUSON ST35 TRACK SKID (Equip Share)",1O,NULL,NULL,1,NULL,3c9cc7aa-ada9-4545-b802-7a26391ad008
4213,NULL,NULL,45,R-776136,"HAMM H11IX SD 84" ROLLER (Sunbelt)",1O,NULL,NULL,1,NULL,bb230fa5-3f1a-42bf-a209-fa888d814f96
4214,NULL,NULL,45,R-801145,"CASE CX145D EXCAVATOR (Herc)",1M,NULL,NULL,1,NULL,b165b8ed-05bf-4faf-a0c9-ff9d52421702
4215,NULL,NULL,45,R-801146,"CASE CX145D SR EXCAVATOR (Herc)",FHM,NULL,NULL,1,NULL,db29609e-559a-40e0-91fc-f7300599094d
4216,NULL,NULL,45,R-788888,"BOBCAT L85 1YD LOADER (Sunbelt)",1O,NULL,NULL,1,NULL,7501c226-b575-4f03-ae87-6bb503599474
4217,NULL,NULL,45,R-801065,"BOBCA T76 TRACK SKIDSTEER (Herc)",1M,NULL,NULL,1,NULL,2b377812-2a05-40be-bdf9-5280bb32083c
4218,NULL,NULL,45,R-801145,"CASE CX145D EXCAVATOR (Herc)",1O,NULL,NULL,1,NULL,4eb7396e-4122-4573-846f-3a95bb3fef16
4219,NULL,NULL,45,R-744BLA,"TAKEUCHI TB240 7,000 MINI EXC (United)",1M,NULL,NULL,1,NULL,aceab6a4-c66e-4323-b197-6fe93071d903
4220,NULL,NULL,45,R-788888,"BOBCAT L85 1YD LOADER (Sunbelt)",1M,NULL,NULL,1,NULL,0248e866-f8cc-4115-9205-7c6886d91bb6
4221,NULL,NULL,45,R-801146,"CASE CX145D SR EXCAVATOR (Herc)",1M,NULL,NULL,1,NULL,c5038e0d-1169-4c6c-b4a5-7022e008fec4
4222,NULL,NULL,45,R-730420,"WACKER NEUSON ST35 TRACK SKID (Equip Share)",1M,NULL,NULL,1,NULL,a829134e-c5aa-4b19-8630-8162113333a9
4223,NULL,NULL,45,R-784602,"TAKEUCHI TL8CW TRACK SKID (United)",8M,NULL,NULL,1,NULL,7c756c61-81d3-47ec-91bc-a4ed28841229
4224,NULL,NULL,45,R-800549,"CAT 740 HAUL TRUCK (Fabick)",8M,NULL,NULL,1,NULL,27215659-aa1b-4624-9e7d-dd9947053d82
4225,NULL,NULL,45,R-801145,"CASE CX145D EXCAVATOR (Herc)",FHM,NULL,NULL,1,NULL,0078003a-0b4f-4988-a219-6f2bccdf2596
4226,NULL,NULL,45,R-801064,"BOBCAT T76 SKIDSTEER (Herc)",1M,NULL,NULL,1,NULL,884d61fc-910d-4cce-95d0-c1c866911a78
4227,NULL,NULL,45,R-801534,"LEDWELL 2K WATER TRUCK (Herc)",1M,NULL,NULL,1,NULL,271be95c-3f1a-45c1-b950-d5896678d34b
4228,NULL,NULL,45,R-800588,"CAT 740 HAUL TRUCK (Fabick)",8M,NULL,NULL,1,NULL,6188a135-e209-408f-bebb-4cd5caf3ef46
4229,NULL,NULL,45,R-801146,"CASE CX145D SR EXCAVATOR (Herc)",1O,NULL,NULL,1,NULL,99fea9d2-c4e5-4b64-8241-933e614ff717
4230,NULL,NULL,45,R-801217,"DYNAPAC 66 INCH R/O PD ROLLER (Herc)",1O,NULL,NULL,1,NULL,d562f329-540d-4306-99bf-87a8f21c8cd6
4231,NULL,NULL,45,R-800588,"CAT 740 HAUL TRUCK (Fabick)",8D,NULL,NULL,1,NULL,9d62799b-a000-4caf-91a0-dae2da0fcc31
4232,NULL,NULL,45,R-801534,"LEDWELL 2K WATER TRUCK (Herc)",1O,NULL,NULL,1,NULL,9feabc20-7eb2-43f1-a99e-297a9b019b00
4233,NULL,NULL,45,R-801217,"DYNAPAC 66 INCH R/O PD ROLLER (Herc)",1M,NULL,NULL,1,NULL,97338bd8-1701-43c8-ae88-ec62225d8780
4234,NULL,NULL,45,R-801065,"BOBCA T76 TRACK SKIDSTEER (Herc)",1O,NULL,NULL,1,NULL,1f277c4d-22a5-4042-8b0a-7503ec7b0200
4235,NULL,NULL,45,R-801217,"DYNAPAC 66 INCH R/O PD ROLLER (Herc)",FHM,NULL,NULL,1,NULL,d90a8edd-573a-4232-bbb2-5ad05036596b
4236,NULL,NULL,45,R-846241,"HAMM H5I 54" SD RIDE ON ROLLER DIESEL (Sunbelt)",1O,NULL,NULL,1,NULL,f5b5f379-4b37-4ae3-b391-a81495f94579
4237,NULL,NULL,45,R-846241,"HAMM H5I 54" SD RIDE ON ROLLER DIESEL (Sunbelt)",1M,NULL,NULL,1,NULL,37581c86-3a8c-4dbd-858e-cdfbc90e5bb3
4238,NULL,NULL,45,R-834481,"TAKEUCHI TL6CR TRACK SKIDSTEER (United)",1M,NULL,NULL,1,NULL,46e66505-558a-4924-8db4-d61b171aade2
4239,NULL,NULL,45,R-848638,"TAKEUCHI TL8R2 TRACK SKID (Eq Share)",1M,NULL,NULL,1,NULL,228189b9-44c3-475a-9c65-b7cbd4f66626
4240,NULL,NULL,45,R-848638,"TAKEUCHI TL8R2 TRACK SKID (Eq Share)",1O,NULL,NULL,1,NULL,24d5e801-24eb-4a45-85e6-d7ce0c46757f
4241,NULL,NULL,45,R-834481,"TAKEUCHI TL6CR TRACK SKIDSTEER (United)",1O,NULL,NULL,1,NULL,0352b6d3-1e11-42f7-bfa8-3c061528439d
4242,NULL,NULL,45,R-852214,"BOBCAT T770 TRACK SKID (EQ Share)",1O,NULL,NULL,1,NULL,e948dc0c-0a04-4035-8b08-9ebf60a0ca84
4243,NULL,NULL,45,R-852214,"BOBCAT T770 TRACK SKID (EQ Share)",FHM,NULL,NULL,1,NULL,84dd436c-2910-4c36-935f-590f8a8f89b6
4244,NULL,NULL,45,R-848638,"TAKEUCHI TL8R2 TRACK SKID (Eq Share)",FHM,NULL,NULL,1,NULL,96f9c636-8708-4991-99d8-0a544ad0e261
4245,NULL,NULL,45,R-86N212,"CAT299 TRACK SKIDSTEER (Altorfer)",1M,NULL,NULL,1,NULL,4e263651-c65f-431e-875a-70c6d2351e55
4246,NULL,NULL,45,R-852214,"BOBCAT T770 TRACK SKID (EQ Share)",1M,NULL,NULL,1,NULL,3c1297b4-8ef7-41f3-a5c3-8844c373d292
4247,NULL,NULL,45,R-86N212,"CAT299 TRACK SKIDSTEER (Altorfer)",1O,NULL,NULL,1,NULL,b6a02433-002f-4463-8cce-c01d77c1ac58
4248,NULL,NULL,45,R-873717,"TAKEUCHI TL8R2-CR TRACK SKIDSTEER (United)",1M,NULL,NULL,1,NULL,aa19819f-ddcc-4d4d-ab7e-73200edc310d
4249,NULL,NULL,45,R-870490,"HAMM HC70I SD ROLLER (United)",FHM,NULL,NULL,1,NULL,987d99d6-c780-4bd3-9e66-82c3d384f5cd
4250,NULL,NULL,45,R-870490,"HAMM HC70I SD ROLLER (United)",1M,NULL,NULL,1,NULL,e257709e-1fd2-4312-ae08-a1cfb91755d9
4251,NULL,NULL,45,R-918057,"Kobelco SK210LC Excavator (United) (OFF RENT 7/24/21)",1O,NULL,NULL,1,NULL,c0a05cf6-126f-4bc2-a1cf-1f24a3da13ae
4252,NULL,NULL,45,R-918057,"Kobelco SK210LC Excavator (United) (OFF RENT 7/24/21)",1M,NULL,NULL,1,NULL,3a1ec09b-ecf0-4ebc-9e25-5fd703d843ef
4253,NULL,NULL,45,R-936137,"CASE 580N BACKOHE/LOADER (United",1O,NULL,NULL,1,NULL,d39e2906-d984-4449-a435-1e6bc4284444
4254,NULL,NULL,45,R-942391,"FREIGHTLINER WATER TRUCK 2000G (United)",1M,NULL,NULL,1,NULL,589c1767-88ca-412d-8212-c0822b029e4b
4255,NULL,NULL,45,R-946691,"JCB 12K FORKLIFT (United Rentals)",1O,NULL,NULL,1,NULL,1e50beba-9121-4bdb-8a12-4b5d4629abc5
4256,NULL,NULL,45,R-987686,"FREIGHTLINER M2 4K WATER TRUCK (Sunbelt)",1M,NULL,NULL,1,NULL,c25e6deb-a231-4342-b923-ab1dab93832b
4257,NULL,NULL,45,R-987686,"FREIGHTLINER M2 4K WATER TRUCK (Sunbelt)",FHM,NULL,NULL,1,NULL,47223605-1229-4200-9909-bd2244448f28
4258,NULL,NULL,45,R-870490,"HAMM HC70I SD ROLLER (United)",1O,NULL,NULL,1,NULL,ab4a8c95-9489-479a-8d5e-3777fcc2179f
4259,NULL,NULL,45,R-961219,"TAKEUCHI TL10V2-CR SKIDSTEER (United)",8D,NULL,NULL,1,NULL,6e74ac5d-81e8-43b5-988b-65e613e1d189
4260,NULL,NULL,45,R-C20037,"BOBCAT E35 MINI EXC (Bill's EQ)",1M,NULL,NULL,1,NULL,fe9345ff-9cfb-4d48-85ce-1a8560731b3c
4261,NULL,NULL,45,R-942391,"FREIGHTLINER WATER TRUCK 2000G (United)",1O,NULL,NULL,1,NULL,805b8b91-4472-4854-b243-e55e3206a464
4262,NULL,NULL,45,R-C20033,"BOBCAT E35 MINI EXC (Bill's EQ)",1M,NULL,NULL,1,NULL,a24e515d-b171-4d88-86de-5179d3cdd6c1
4263,NULL,NULL,45,R-961219,"TAKEUCHI TL10V2-CR SKIDSTEER (United)",8M,NULL,NULL,1,NULL,15cd193a-3923-4de9-bfb6-d75165281c13
4264,NULL,NULL,45,R-999122,"TAKEUCHI TL12R2 SKIDSTEER (United Rentals)",1O,NULL,NULL,1,NULL,7457bae6-390d-4d85-a314-5c2f17855aca
4265,NULL,NULL,45,R-936137,"CASE 580N BACKOHE/LOADER (United",1M,NULL,NULL,1,NULL,4b549af7-e66a-4489-b2e6-4a34badcb26d
4266,NULL,NULL,45,R-B10244,"CAT 336F HT W/ THUMB (Fabick)",1M,NULL,NULL,1,NULL,adbdf182-57ad-40b8-84ce-826fc0199f3c
4267,NULL,NULL,45,R-946691,"JCB 12K FORKLIFT (United Rentals)",1M,NULL,NULL,1,NULL,7cc1675c-3daf-4f2a-9879-75065e0b163f
4268,NULL,NULL,45,R-987686,"FREIGHTLINER M2 4K WATER TRUCK (Sunbelt)",1O,NULL,NULL,1,NULL,9cfad32c-17d8-4b59-9d77-83b72a19c531
4269,NULL,NULL,45,R-996456,"JOHN DEERE 210G EXCAVATOR (United)",1M,NULL,NULL,1,NULL,49db290a-c1e2-476a-8901-7754620d241f
4270,NULL,NULL,45,R-942391,"FREIGHTLINER WATER TRUCK 2000G (United)",8D,NULL,NULL,1,NULL,1511bd3b-841f-4be2-a444-a2a045702b6b
4271,NULL,NULL,45,R-B10244,"CAT 336F HT W/ THUMB (Fabick)",1O,NULL,NULL,1,NULL,b006f250-0a23-4ee6-8f63-a94120e6c251
4272,NULL,NULL,45,R-C20037,"BOBCAT E35 MINI EXC (Bill's EQ)",1O,NULL,NULL,1,NULL,455c3578-d845-43d2-abf1-d5f137019192
4273,NULL,NULL,45,R-999122,"TAKEUCHI TL12R2 SKIDSTEER (United Rentals)",1M,NULL,NULL,1,NULL,4040d22f-8d5f-4f9d-a737-d4b38d493ad3
4274,NULL,NULL,45,R-873717,"TAKEUCHI TL8R2-CR TRACK SKIDSTEER (United)",1O,NULL,NULL,1,NULL,bea1c644-1965-430e-972d-6f4e69ac96de
4275,NULL,NULL,45,R-942391,"FREIGHTLINER WATER TRUCK 2000G (United)",8M,NULL,NULL,1,NULL,13e7f9e2-aeba-4739-833a-b7ca842e3054
4276,NULL,NULL,45,R-C50001,"BOBCAT E88 EXCAVATOR (Bills' EQ)",1M,NULL,NULL,1,NULL,ccf78a22-d692-491c-af11-c93d127081bc
4277,NULL,NULL,45,R-C30003,"BOBCAT E50 MINI EXC (Bill's EQ)",1O,NULL,NULL,1,NULL,715e9483-d55e-473a-9df1-8171af83c5aa
4278,NULL,NULL,45,R-996456,"JOHN DEERE 210G EXCAVATOR (United)",1O,NULL,NULL,1,NULL,eef9b830-bb90-4517-a74b-b823de27a236
4279,NULL,NULL,45,R-C50001,"BOBCAT E88 EXCAVATOR (Bills' EQ)",FHM,NULL,NULL,1,NULL,15d1beee-9117-4e64-9810-c9ee6d4c88b7
4280,NULL,NULL,45,R-C20053,"BOBCAT E35 MINI EXC (Bill's EQ)",1M,NULL,NULL,1,NULL,4c77dd59-edef-476f-a503-38ece21bc059
4281,NULL,NULL,45,R-C50001,"BOBCAT E88 EXCAVATOR (Bills' EQ)",1O,NULL,NULL,1,NULL,e4c4284d-34a9-4514-9e16-4d61b09a79ce
4282,NULL,NULL,45,R-CAT299,"CAT299 (WAGNER LOANER FOR KNA 5928 )",8M,NULL,NULL,1,NULL,38f7e84d-b1ce-44ee-af6f-50b4389b2bcc
4283,NULL,NULL,45,R-C30003,"BOBCAT E50 MINI EXC (Bill's EQ)",1M,NULL,NULL,1,NULL,e97f9cde-9ca4-4052-82d8-da24071b9003
4284,NULL,NULL,45,R-C20053,"BOBCAT E35 MINI EXC (Bill's EQ)",1O,NULL,NULL,1,NULL,797273ca-4930-4680-82c6-e75a2ec968be
4285,NULL,NULL,45,R-C20033,"BOBCAT E35 MINI EXC (Bill's EQ)",1O,NULL,NULL,1,NULL,5a172819-ecfd-41ae-99d0-99dbe492fad2
4286,NULL,NULL,45,R-G00171,"CAT D6K2 LGP DOZER (NC CAT)",1M,NULL,NULL,1,NULL,ecde4186-1a9a-41b0-b5e3-de9b9b742e47
4287,NULL,NULL,45,R-G01025,"CAT930M LOADER",1M,NULL,NULL,1,NULL,8f6379f7-d792-48b7-8430-db9a83d30016
4288,NULL,NULL,45,R-CR8500,"CAT289D3 TRACK SKID (Foley)",1M,NULL,NULL,1,NULL,a8068438-d629-4aca-805d-a5197e05ee53
4289,NULL,NULL,45,R-G01025,"CAT930M LOADER",1O,NULL,NULL,1,NULL,b8df1cec-fab9-4a5c-8a65-ad17a5ff12be
4290,NULL,NULL,45,R-G00171,"CAT D6K2 LGP DOZER (NC CAT)",1O,NULL,NULL,1,NULL,88c7ca2f-12ed-4c6d-ac94-d9383ee87d26
4291,NULL,NULL,45,R-L00009,"JD317G TRACK LOADER (Bill's EQ Supply",1M,NULL,NULL,1,NULL,4eb6d440-fb98-403a-8f28-4c901b2a4926
4292,NULL,NULL,45,R-LAM460,"MILLENNIUM 4100 CRAWLER CRANE (Lampson)",1M,NULL,NULL,1,NULL,ed7304f4-a058-4a62-a55e-ddef549d733b
4293,NULL,NULL,45,R-JD8310,"JD8310R AG TRACTOR (Worldwide Rental) off rent 3/9",8M,NULL,NULL,1,NULL,4f69ef4c-6f6e-4b76-a9fb-e4496e6f0cb8
4294,NULL,NULL,45,R-L00009,"JD317G TRACK LOADER (Bill's EQ Supply",1O,NULL,NULL,1,NULL,a1a095dc-c8b7-4fe8-8f75-a89aef4bb9d5
4295,NULL,NULL,45,R-KR9223,"FREIGHTLINER M2106 WATER TRUCK (Worldwide)",8D,NULL,NULL,1,NULL,d16b5585-0e66-46b6-9f22-b5dd989d0384
4296,NULL,NULL,45,R-KR9223,"FREIGHTLINER M2106 WATER TRUCK (Worldwide)",8M,NULL,NULL,1,NULL,512456d5-39cc-4c6b-9323-fefcdd405e39
4297,NULL,NULL,45,R-L00877,"CAT963K Track Loader (WRS)",8D,NULL,NULL,1,NULL,e7981a62-24f2-4003-a5a4-c0bad5177648
4298,NULL,NULL,45,R-LAM707,"MILLENNIUM 4100 CRAWLER CRANE (Lampson)",1M,NULL,NULL,1,NULL,581e472f-8801-42e3-b6eb-15810ba74012
4299,NULL,NULL,45,R-LAM844,"GROVE TMS9000-2 115T TRUCK CRANE (Lampson)",1M,NULL,NULL,1,NULL,7734efab-fe9d-4bd9-91e7-adfa5536f6cc
4300,NULL,NULL,45,R-LAM707,"MILLENNIUM 4100 CRAWLER CRANE (Lampson)",1O,NULL,NULL,1,NULL,f70ae439-5cca-4661-bfda-0c66e9617b59
4301,NULL,NULL,45,R-LAM460,"MILLENNIUM 4100 CRAWLER CRANE (Lampson)",1O,NULL,NULL,1,NULL,39c5a4d7-f03e-4f6a-9f96-0daab9537325
4302,NULL,NULL,45,R-LAM844,"GROVE TMS9000-2 115T TRUCK CRANE (Lampson)",1O,NULL,NULL,1,NULL,b814f94b-f071-4315-b53a-ada83f0d7b9f
4303,NULL,NULL,45,R-LAM707,"MILLENNIUM 4100 CRAWLER CRANE (Lampson)",FHM,NULL,NULL,1,NULL,d6b03a04-9b58-4f9d-bb2b-6b49a630b010
4304,NULL,NULL,45,R-CR8500,"CAT289D3 TRACK SKID (Foley)",1O,NULL,NULL,1,NULL,efe8894a-e426-4a26-841a-0372435a9747
4305,NULL,NULL,45,R-L00877,"CAT963K Track Loader (WRS)",8M,NULL,NULL,1,NULL,f961c92b-e800-49fe-8880-2e110839e610
4306,NULL,NULL,45,R-LO0007,"JOHN DEERE 317G TRACK LOADER (Bill's EQ)",1M,NULL,NULL,1,NULL,6709d355-3780-4750-9ae5-e550d68ca759
4307,NULL,NULL,45,R-LAM460,"MILLENNIUM 4100 CRAWLER CRANE (Lampson)",FHM,NULL,NULL,1,NULL,4145a0f8-16f7-4da4-8327-7a0b07d061bb
4308,NULL,NULL,45,R-LO0007,"JOHN DEERE 317G TRACK LOADER (Bill's EQ)",1O,NULL,NULL,1,NULL,57654f16-f955-4af7-ae87-3d858ed82d77
4309,NULL,NULL,45,R-LO0014,"BOBCAT T550 TRACK LOADER (Bill's EQ)",1M,NULL,NULL,1,NULL,db132a1c-1530-4784-becf-d57591420afb
4310,NULL,NULL,45,R-LO0017,"BOBCAT TRACK SKIDSTEER (Bill's EQ)",1O,NULL,NULL,1,NULL,7a49d69d-05bb-4abd-81aa-8fb0fb380e97
4311,NULL,NULL,45,R-LO0012,"BOBCAT TRACK SKIDSTEER (Bill's EQ)",1O,NULL,NULL,1,NULL,07cb8075-5605-48f5-8950-9f52e94841c5
4312,NULL,NULL,45,R-LO0014,"BOBCAT T550 TRACK LOADER (Bill's EQ)",1O,NULL,NULL,1,NULL,7c48d54e-ab6b-4d84-a428-2a1de210c37d
4313,NULL,NULL,45,R-LAM725,"Kolbelco CK1000 Crawler Crane",1O,NULL,NULL,1,NULL,d65ec53a-2c5a-4195-adda-663c90c6bd20
4314,NULL,NULL,45,R-M00663,"CAT352F EXCAVATOR (Fabick)",1M,NULL,NULL,1,NULL,22f21f6c-20c3-4998-bfc4-76464cb57ff5
4315,NULL,NULL,45,R-LO0012,"BOBCAT TRACK SKIDSTEER (Bill's EQ)",1M,NULL,NULL,1,NULL,b80aed31-3053-4ebf-a733-5fe2e15293eb
4316,NULL,NULL,45,R-LO0017,"BOBCAT TRACK SKIDSTEER (Bill's EQ)",FHM,NULL,NULL,1,NULL,984ab491-5def-4353-b2ca-33faa266f5ca
4317,NULL,NULL,45,R-LO0013,"BOBCAT T550 TRACK LOADER (Bill's EQ)",1O,NULL,NULL,1,NULL,0de34eae-b98a-4091-9a03-bed69f7ec350
4318,NULL,NULL,45,R-LAM844,"GROVE TMS9000-2 115T TRUCK CRANE (Lampson)",FHM,NULL,NULL,1,NULL,25ebbbb8-ec29-4b54-8cc8-f933cb0d3a30
4319,NULL,NULL,45,R-LO0017,"BOBCAT TRACK SKIDSTEER (Bill's EQ)",1M,NULL,NULL,1,NULL,1181b77b-f035-4058-9c7f-818503154a4d
4320,NULL,NULL,45,R-LO0018,"BOBCAT T66 TRACK SKIDSTEER (Bill's EQ)",1M,NULL,NULL,1,NULL,7ca14b27-dafb-49b8-bf73-715df2ce1743
4321,NULL,NULL,45,R-LO0018,"BOBCAT T66 TRACK SKIDSTEER (Bill's EQ)",1O,NULL,NULL,1,NULL,d0f7c789-afc6-45fe-9dea-4ea8e395367e
4322,NULL,NULL,45,R-N00432,"CAT336FL EXCAVATOR (WorldWide)",1O,NULL,NULL,1,NULL,5e5aed0c-8c0d-444f-912a-62b512751773
4323,NULL,NULL,45,R-LO0013,"BOBCAT T550 TRACK LOADER (Bill's EQ)",1M,NULL,NULL,1,NULL,330ba1cc-776f-4860-81ae-fcdd22699d87
4324,NULL,NULL,45,R-M11651,"CAT336 EXCAVATOR W/ KK BUCKET (Fabick) Purchased 7/5/23",1M,NULL,NULL,1,NULL,e200ee7d-57c7-45f6-87a4-870af26cf2c6
4325,NULL,NULL,45,R-M03293,"CAT950 LOADER (Fabick) -- Unit # now #5244",8M,NULL,NULL,1,NULL,ac60265e-facb-4199-9da7-7289181d71d5
4326,NULL,NULL,45,R-M03293,"CAT950 LOADER (Fabick) -- Unit # now #5244",8D,NULL,NULL,1,NULL,06227cfa-9eab-4330-80a0-2341ce2a8f92
4327,NULL,NULL,45,R-M03293,"CAT950 LOADER (Fabick) -- Unit # now #5244",1M,NULL,NULL,1,NULL,5dfe9db7-d97d-433e-9a26-f140fd9002f3
4328,NULL,NULL,45,R-M08067,"CAT D5-17LV DOZER (Fabick)",1M,NULL,NULL,1,NULL,4c31c8b6-41cb-4c84-9a8e-6571675e1248
4329,NULL,NULL,45,R-M02238,"CAT 330LR EXCAVATOR (Fabick)",1M,NULL,NULL,1,NULL,fe958865-e998-42d5-ba4e-21b342a98069
4330,NULL,NULL,45,R-M11651,"CAT336 EXCAVATOR W/ KK BUCKET (Fabick) Purchased 7/5/23",1O,NULL,NULL,1,NULL,4b86ecb8-f599-4f62-b624-e3e7336948ee
4331,NULL,NULL,45,R-M03293,"CAT950 LOADER (Fabick) -- Unit # now #5244",1O,NULL,NULL,1,NULL,c52a7b79-0f90-4988-afaa-24a8ba78b4c0
4332,NULL,NULL,45,R-M07474,"CAT352-07 LR EXCAVATOR (Fabick) - Now on RPO #5675",1M,NULL,NULL,1,NULL,0951209f-946d-4964-89aa-747a0742a9e1
4333,NULL,NULL,45,R-N00432,"CAT336FL EXCAVATOR (WorldWide)",FHM,NULL,NULL,1,NULL,e0e4a998-7dbe-4bfd-911d-ec13378307d9
4334,NULL,NULL,45,R-N00432,"CAT336FL EXCAVATOR (WorldWide)",1M,NULL,NULL,1,NULL,301ef02e-b76e-488f-9b16-9b8ba2dda1ec
4335,NULL,NULL,45,R-LO0018,"BOBCAT T66 TRACK SKIDSTEER (Bill's EQ)",FHM,NULL,NULL,1,NULL,52ec5537-f191-44a2-8d99-3d76db7763b1
4336,NULL,NULL,45,R-625198,"BOBCAT T590 TRACK SKIDSTEER",1M,NULL,NULL,1,NULL,4556490a-6d82-48f7-be89-8518f95e22a9
4337,NULL,NULL,45,R-62416T,"CAT D5K/D3 DOZER (Wagner)",1O,NULL,NULL,1,NULL,6719b8e1-3d61-478f-bb94-a343bdfa618a
4338,NULL,NULL,45,R-66369T,"D6K/D4 DOZER (Wagner)",1O,NULL,NULL,1,NULL,2df5b8fc-42c9-4ad0-8aa1-c676d38164ea
4339,NULL,NULL,45,R-652003,"TAKEUCHI TL8CW TRACK SKID (United)",8M,NULL,NULL,1,NULL,c2cb5eee-d6d4-4186-bb09-f0e50bdf3a2c
4340,NULL,NULL,45,R-6725AH,"CASE 3YD WHEEL LOADER (United)",8M,NULL,NULL,1,NULL,3f37d6e5-81ef-4723-ae77-41999e2c1ec4
4341,NULL,NULL,45,R-727058,"TAKEUCHI TL8R2-CR TRACK LOADER (United)",1M,NULL,NULL,1,NULL,f2d0de47-417c-4fec-a5e3-fce90525836a
4342,NULL,NULL,45,R-652003,"TAKEUCHI TL8CW TRACK SKID (United)",8D,NULL,NULL,1,NULL,78921a57-cbc8-46e4-a480-328d7bbd57b2
4343,NULL,NULL,45,R-638303,"BOBCAT T590 (United)",1M,NULL,NULL,1,NULL,78343b2d-0f4f-44ee-a5e2-2fa282363c8f
4344,NULL,NULL,45,R-66369T,"D6K/D4 DOZER (Wagner)",1M,NULL,NULL,1,NULL,c3e5d4b0-fa71-44e4-a18c-6989021b3175
4345,NULL,NULL,45,R-625198,"BOBCAT T590 TRACK SKIDSTEER",1O,NULL,NULL,1,NULL,d7f2a331-021a-4f60-b8e2-442720732225
4346,NULL,NULL,45,R-727058,"TAKEUCHI TL8R2-CR TRACK LOADER (United)",1O,NULL,NULL,1,NULL,6d405563-aa56-4ba2-8c76-62903ecc8b0d
4347,NULL,NULL,45,R-6725AH,"CASE 3YD WHEEL LOADER (United)",8D,NULL,NULL,1,NULL,9ba343a7-f12f-4c15-9838-d1553abc301f
4348,NULL,NULL,45,R-668047,"BOMAG BW145D-5 56" SD ROLLER (United)",FHM,NULL,NULL,1,NULL,1bd08e98-0665-44d3-afbb-1ca9d744350d
4349,NULL,NULL,45,R-709900,"VOLVO SD75B ROLLER (Sunbelt)",1M,NULL,NULL,1,NULL,bac37f45-4b17-4e40-ba23-38f5cb55c6f0
4350,NULL,NULL,45,R-776136,"HAMM H11IX SD 84" ROLLER (Sunbelt)",1M,NULL,NULL,1,NULL,033edf41-e81c-47e0-907e-4172a531246d
4351,NULL,NULL,45,R-638303,"BOBCAT T590 (United)",1O,NULL,NULL,1,NULL,973bee38-9f86-4c66-b392-28c782a3607f
4352,NULL,NULL,45,R-668047,"BOMAG BW145D-5 56" SD ROLLER (United)",1M,NULL,NULL,1,NULL,fb78e990-795d-4ff6-a60f-41f16165045e
4353,NULL,NULL,45,R-744BLA,"TAKEUCHI TB240 7,000 MINI EXC (United)",1O,NULL,NULL,1,NULL,51503764-5412-48be-803e-3d1d8f348929
4354,NULL,NULL,45,R-800549,"CAT 740 HAUL TRUCK (Fabick)",8D,NULL,NULL,1,NULL,b4f9895b-e17f-4fe9-a906-98bf9579ee0f
4355,NULL,NULL,45,R-727058,"TAKEUCHI TL8R2-CR TRACK LOADER (United)",FHM,NULL,NULL,1,NULL,cfb4b863-4b3e-4196-a61e-884deb4927ad
4356,NULL,NULL,45,R-801064,"BOBCAT T76 SKIDSTEER (Herc)",1O,NULL,NULL,1,NULL,f54fafc8-cba4-4666-a730-3ad1effca753
4357,NULL,NULL,45,R-668047,"BOMAG BW145D-5 56" SD ROLLER (United)",1O,NULL,NULL,1,NULL,b0cf1271-e1e0-4397-bb2c-b2ad1d590526
4358,NULL,NULL,45,R-709900,"VOLVO SD75B ROLLER (Sunbelt)",1O,NULL,NULL,1,NULL,5d04944e-5066-400c-9f5e-ddc55dae5c4f
4359,NULL,NULL,45,R-784602,"TAKEUCHI TL8CW TRACK SKID (United)",8D,NULL,NULL,1,NULL,7bb50044-497e-42da-b184-55d63299bd6c
4360,NULL,NULL,45,R-627198,"KOMATSU D39PXI-24 DOZER (Modern)",1O,NULL,NULL,1,NULL,ce87b9e7-313b-4a01-9a3f-6c1951de5bcb
4361,NULL,NULL,45,R-W69287,"CAT312EL EXCAVATOR (Wagner)",1O,NULL,NULL,1,NULL,afa8e648-f94b-4dac-a831-9b81adc43067
4362,NULL,NULL,45,R-W69287,"CAT312EL EXCAVATOR (Wagner)",1M,NULL,NULL,1,NULL,97adfdda-6bc3-460a-bdad-89012aeb944d
4363,NULL,NULL,45,R-W68872,"CAT262 SKIDSTEER (Wagner)",1M,NULL,NULL,1,NULL,33aedd1b-ae57-4994-abdb-d74c29981c5b
4364,NULL,NULL,45,R-W66762,"CAT 930K LOADER (Wagner)",1M,NULL,NULL,1,NULL,340a7485-ea51-44c0-a205-38e33648e7cb
4365,NULL,NULL,45,R-W65267,"CAT262 SKIDSTEER W/ FORKS (Wagner)",8M,NULL,NULL,1,NULL,1ec653ea-f2de-4427-912b-cb262bde3ba7
4366,NULL,NULL,45,R-W66762,"CAT 930K LOADER (Wagner)",8D,NULL,NULL,1,NULL,53f19f4a-33fc-425b-964d-9e348cd238a4
4367,NULL,NULL,45,R-W66762,"CAT 930K LOADER (Wagner)",8M,NULL,NULL,1,NULL,b18d6c48-3c40-4683-a260-c59709f54367
4368,NULL,NULL,45,R-W66762,"CAT 930K LOADER (Wagner)",1O,NULL,NULL,1,NULL,cb32f9dd-239d-419e-8289-677cc68dc389
4369,NULL,NULL,45,R-W69580,"CAT308 Excavator w/ breaker (Wagner)",1O,NULL,NULL,1,NULL,77ec7220-d838-46ba-a114-208e8a971694
4370,NULL,NULL,45,R-W69574,"CAT304E2 Mini Excavator (Wagner)",1M,NULL,NULL,1,NULL,6bb3143a-a2ea-46a0-81f0-5a710388a2d6
4371,NULL,NULL,45,R-W69863,"CAT308 EXCAVATOR (Wagner)",1O,NULL,NULL,1,NULL,b977a4cb-6486-44ab-be4e-f5d26da8dce6
4372,NULL,NULL,45,R-W69580,"CAT308 Excavator w/ breaker (Wagner)",1M,NULL,NULL,1,NULL,e0a04eed-cc2c-4d54-b8e8-7f997d2deeb0
4373,NULL,NULL,45,R-W67547,"CAT SKIDSTEER BROOM MODEL SS/BP11 off rent 2-20-21",8M,NULL,NULL,1,NULL,95aee818-a7ed-4098-aa7b-15bc06f34e2f
4374,NULL,NULL,45,R-W69574,"CAT304E2 Mini Excavator (Wagner)",1O,NULL,NULL,1,NULL,109df512-9c62-40cc-99c0-84e33c74f37a
4375,NULL,NULL,45,R-W68872,"CAT262 SKIDSTEER (Wagner)",1O,NULL,NULL,1,NULL,ba53daf5-f0a8-4e39-aa12-6349b1d1de1b
4376,NULL,NULL,45,R-W69863,"CAT308 EXCAVATOR (Wagner)",8D,NULL,NULL,1,NULL,60b63fde-a66f-484f-8e6e-8105fe4b8eae
4377,NULL,NULL,45,R-W69863,"CAT308 EXCAVATOR (Wagner)",1M,NULL,NULL,1,NULL,f0a719c6-2adf-4783-a093-ba8b4094a6c8
4378,NULL,NULL,45,R-W69893,"CAT 249 TRACK LOADER (Wagner)",1O,NULL,NULL,1,NULL,74f3359c-1e40-4d6e-af24-e9f24e02c0d5
4379,NULL,NULL,45,R-W70073,"CAT308 EXCAVATOR W/ THB (Wagner)",1M,NULL,NULL,1,NULL,bdc7eff8-49c7-428a-968c-036cf810c601
4380,NULL,NULL,45,R-W70197,"CAT259/255 TRACK SKID (Wagner)",1M,NULL,NULL,1,NULL,93c37e58-6f17-43a0-b4b4-fa5881929c67
4381,NULL,NULL,45,R-W69893,"CAT 249 TRACK LOADER (Wagner)",1M,NULL,NULL,1,NULL,0188dae7-39ac-4929-abc1-0f808ea143e4
4382,NULL,NULL,45,R-W69580,"CAT308 Excavator w/ breaker (Wagner)",8M,NULL,NULL,1,NULL,5d7af9e1-c9f3-4c0f-86e4-d727cb46daa6
4383,NULL,NULL,45,R-W70073,"CAT308 EXCAVATOR W/ THB (Wagner)",1O,NULL,NULL,1,NULL,ed546c74-ee1e-47a9-a36e-5c42428d12fd
4384,NULL,NULL,45,R-W69863,"CAT308 EXCAVATOR (Wagner)",8M,NULL,NULL,1,NULL,f82b47c6-e4a2-4c79-92f9-378e45827357
4385,NULL,NULL,45,R-W69580,"CAT308 Excavator w/ breaker (Wagner)",8D,NULL,NULL,1,NULL,543c778a-cec8-4514-900d-ec766e450bb2
4386,NULL,NULL,45,R-S23413,"CAT259D3 SKIDSTEER (Ziegler)",1M,NULL,NULL,1,NULL,0a9581df-57a0-4ae4-b216-cd895705d73c
4387,NULL,NULL,45,R-N00437,"CAT307E2 EXC (NC CAT)",1O,NULL,NULL,1,NULL,fa8df654-0b0a-41b2-9147-3b82bd7510c8
4388,NULL,NULL,45,R-PM3397,"CAT 320-07 EXCAVATOR (Fabick)",1M,NULL,NULL,1,NULL,2e6537b7-f499-46ed-8d72-a8ae45e52ea0
4389,NULL,NULL,45,R-W00689,"CAT 950 GC LOADER (NC CAT)",1O,NULL,NULL,1,NULL,05fbf7fb-1381-4f58-81db-07a8799c5fbb
4390,NULL,NULL,45,R-N00437,"CAT307E2 EXC (NC CAT)",1M,NULL,NULL,1,NULL,f125a3b2-d371-4151-91fe-56d5b3c8cc34
4391,NULL,NULL,45,R-W00625,"CAT325F LCR EXCAVATOR (NC CAT)",1O,NULL,NULL,1,NULL,0524b987-696e-4815-bcea-2e2f0acb8f5b
4392,NULL,NULL,45,R-W00689,"CAT 950 GC LOADER (NC CAT)",1M,NULL,NULL,1,NULL,4877c5ac-cb8b-4588-8bf3-5dc3c22f5ef7
4393,NULL,NULL,45,R-W01023,"D6 LGP DOZER --- CHANGED UNIT # TO 551400",8D,NULL,NULL,1,NULL,e47e790b-ba3a-4119-aa2e-bf4049f7dd6f
4394,NULL,NULL,45,R-S23413,"CAT259D3 SKIDSTEER (Ziegler)",1O,NULL,NULL,1,NULL,7d8ef61d-7d7e-4c21-aca9-ca47acf3dea2
4395,NULL,NULL,45,R-W00625,"CAT325F LCR EXCAVATOR (NC CAT)",1M,NULL,NULL,1,NULL,af3705d3-cb82-437c-98ae-d5f3c956b071
4396,NULL,NULL,45,R-PM3397,"CAT 320-07 EXCAVATOR (Fabick)",1O,NULL,NULL,1,NULL,21f441eb-2d5d-47de-a166-7b163b68d656
4397,NULL,NULL,45,R-W63358,"WATER TRUCK 2000 GAL",1O,NULL,NULL,1,NULL,e28e6fd8-71cb-48c3-be8a-913ea5bc0a37
4398,NULL,NULL,45,R-W01023,"D6 LGP DOZER --- CHANGED UNIT # TO 551400",1O,NULL,NULL,1,NULL,376042c4-c732-4294-bda7-02f6a4e6dcd2
4399,NULL,NULL,45,R-W63496,"WATER TRUCK 2000G (Wagner)",1M,NULL,NULL,1,NULL,7b800e2e-e2ae-459f-b1d0-73d2e1308abc
4400,NULL,NULL,45,R-W01023,"D6 LGP DOZER --- CHANGED UNIT # TO 551400",8M,NULL,NULL,1,NULL,daac751a-6715-4a4d-8da6-70d829646bee
4401,NULL,NULL,45,R-W01023,"D6 LGP DOZER --- CHANGED UNIT # TO 551400",1M,NULL,NULL,1,NULL,c604248f-694c-442c-b1e7-593c58cb339b
4402,NULL,NULL,45,R-W65019,"CAT316 EL W/ THUMB EXC (Wagner)",1M,NULL,NULL,1,NULL,27e0d522-c163-4821-87e0-bf9f1f9683e7
4403,NULL,NULL,45,R-W63726,"CAT316 EXCAVATOR (Wagner)",1O,NULL,NULL,1,NULL,d3783a39-33eb-4a4e-87d1-b4a636227ff2
4404,NULL,NULL,45,R-W63358,"WATER TRUCK 2000 GAL",1M,NULL,NULL,1,NULL,a970d562-26fc-48cf-9491-08e5c3eb6777
4405,NULL,NULL,45,R-W63496,"WATER TRUCK 2000G (Wagner)",1O,NULL,NULL,1,NULL,8bc35481-6912-480f-a3c0-9f1601ac67eb
4406,NULL,NULL,45,R-W63726,"CAT316 EXCAVATOR (Wagner)",1M,NULL,NULL,1,NULL,4bb4acfb-e657-4a5a-a947-361458d6928b
4407,NULL,NULL,45,R-W65214,"CAT 316 EXCAVATOR (Wagner)",1M,NULL,NULL,1,NULL,bc8748db-c390-41f2-9ded-db2bdc66f04c
4408,NULL,NULL,45,R-W65214,"CAT 316 EXCAVATOR (Wagner)",1O,NULL,NULL,1,NULL,560dbf98-99f6-4d4a-bd50-b73ac68f006c
4409,NULL,NULL,45,R-W65019,"CAT316 EL W/ THUMB EXC (Wagner)",1O,NULL,NULL,1,NULL,37a19fb1-1554-423a-8567-11222c072e7e
4410,NULL,NULL,45,R-W65267,"CAT262 SKIDSTEER W/ FORKS (Wagner)",8D,NULL,NULL,1,NULL,6add73b2-e740-4ace-98b0-4d59a2c925d1
4411,NULL,NULL,45,R-W71225,"CAT299 TRACK SKID (Wagner)",1M,NULL,NULL,1,NULL,0a745862-98c6-4fd9-bac2-7025a74cc727
4412,NULL,NULL,45,R-W70530,"CAT320 EXCAVATOR w/ Processor(Wagner)",1M,NULL,NULL,1,NULL,56d4cf55-0cec-414b-94db-177bda2303c5
4413,NULL,NULL,45,R-W72057,"CAT259 TRACK LOADER (Wagner)",8D,NULL,NULL,1,NULL,a2b0fb1a-0ad5-444e-a0ac-e18b7d31f87d
4414,NULL,NULL,45,R-W72893,"CAT CS44B ROLLER (Wagner)",1M,NULL,NULL,1,NULL,0671598b-99e4-4c55-82e5-0eb5a2d99dd7
4415,NULL,NULL,45,R-W70530,"CAT320 EXCAVATOR w/ Processor(Wagner)",1O,NULL,NULL,1,NULL,ce9deb6c-f48e-44ef-8b4e-9f8ac256093e
4416,NULL,NULL,45,R-W70873,"CAT 289D TRACK SKID (Wagner)",1M,NULL,NULL,1,NULL,6f664bbf-5937-4ae5-89a5-9d428b83414c
4417,NULL,NULL,45,R-W70918,"CAT307E2 MINI EXC (Wagner)",1O,NULL,NULL,1,NULL,228be207-5bcc-4ab8-a4b6-1d6bee3ecb6c
4418,NULL,NULL,45,R-W70937,"CAT315FL TC EXCAVATOR  (Wagner)",1M,NULL,NULL,1,NULL,44114142-914f-4e86-b5f3-2f1a95e9b570
4419,NULL,NULL,45,R-W71225,"CAT299 TRACK SKID (Wagner)",8M,NULL,NULL,1,NULL,59902f66-83bc-4734-b40a-9a0f1f9c57e4
4420,NULL,NULL,45,R-W71916,"CAT 305.5E2 MINI EXC (Wagner)",1O,NULL,NULL,1,NULL,af09b9d4-b227-4e0b-9813-d89d82e0ba83
4421,NULL,NULL,45,R-W72004,"CAT289 TRACK LOADER W/ GRAPPLE BKT (Wagner)",1M,NULL,NULL,1,NULL,1e579118-bab1-44a6-924a-771a15fdb06d
4422,NULL,NULL,45,R-W73380,"CAT 299 TRACK SKIDSTEER (Wagner)",1O,NULL,NULL,1,NULL,be61237e-f9c3-4ec5-ab40-5717b4945a00
4423,NULL,NULL,45,R-W71916,"CAT 305.5E2 MINI EXC (Wagner)",1M,NULL,NULL,1,NULL,09b151a8-82e6-4b5a-9ee1-20d9abc23e85
4424,NULL,NULL,45,R-W71185,"CAT 259 TRACK SKID (Wagner)",1O,NULL,NULL,1,NULL,14675424-4d9c-4684-b273-d3a11dbbc158
4425,NULL,NULL,45,R-W72256,"CAT 259 TRACK SKIDSTEER (Wagner)",FHM,NULL,NULL,1,NULL,57924338-cc86-4e72-81d8-e1ff00f409b5
4426,NULL,NULL,45,R-W72893,"CAT CS44B ROLLER (Wagner)",1O,NULL,NULL,1,NULL,1fb33a01-d4c7-4fae-b5a2-67f94e672e79
4427,NULL,NULL,45,R-W72256,"CAT 259 TRACK SKIDSTEER (Wagner)",1O,NULL,NULL,1,NULL,9771c32b-84a5-4dd1-b8d9-af8244e01b8b
4428,NULL,NULL,45,R-W71920,"CAT 305.5E2 MINI EXC w/ bucket & breaker(Wagner)",1O,NULL,NULL,1,NULL,15c65189-c418-4875-aed7-ac6e05850951
4429,NULL,NULL,45,R-W72256,"CAT 259 TRACK SKIDSTEER (Wagner)",1M,NULL,NULL,1,NULL,6b4d91ad-fff9-4cd3-9c13-858ae04041f7
4430,NULL,NULL,45,R-W72004,"CAT289 TRACK LOADER W/ GRAPPLE BKT (Wagner)",1O,NULL,NULL,1,NULL,163c7aea-7c50-4440-9f52-979f23052e5b
4431,NULL,NULL,45,R-W73405,"CAT305.5 MINI EXCAVATOR (Wagner0",1M,NULL,NULL,1,NULL,23277e48-0084-45af-a560-6d469d3f8f40
4432,NULL,NULL,45,R-W73380,"CAT 299 TRACK SKIDSTEER (Wagner)",1M,NULL,NULL,1,NULL,a29aaafa-1bcc-4c4d-bf31-43f427937919
4433,NULL,NULL,45,R-W73405,"CAT305.5 MINI EXCAVATOR (Wagner0",1O,NULL,NULL,1,NULL,f7713dee-5faf-46b8-a2a6-4168ced043cb
4434,NULL,NULL,45,R-W72635,"CAT312E EXCAVATPR (Wagner)",1O,NULL,NULL,1,NULL,c09d22ee-94fd-4db7-a880-f81ae37edd60
4435,NULL,NULL,45,R-W72635,"CAT312E EXCAVATPR (Wagner)",1M,NULL,NULL,1,NULL,43e74929-129c-43e7-9fd5-61f98f51390e
4436,NULL,NULL,45,R-W70197,"CAT259/255 TRACK SKID (Wagner)",1O,NULL,NULL,1,NULL,9dbdb782-68f5-4ae0-bf7f-c1e9b5c6dcf6
4437,NULL,NULL,45,R-W70197,"CAT259/255 TRACK SKID (Wagner)",FHM,NULL,NULL,1,NULL,4744960e-509b-4215-8a03-d0e08844426e
4438,NULL,NULL,45,R-W70632,"CAT313 EXCAVATOR W/ THB (Wagner) DID NOT SHIP",1O,NULL,NULL,1,NULL,a21725f4-a90c-437b-94a7-91d2308f2f35
4439,NULL,NULL,45,R-W70632,"CAT313 EXCAVATOR W/ THB (Wagner) DID NOT SHIP",1M,NULL,NULL,1,NULL,a2b722ce-7b60-4bc8-831e-589b3555fdb0
4440,NULL,NULL,45,R-W70662,"CAT 313 EXCAVATOR (Wagner)",1O,NULL,NULL,1,NULL,861bca6b-c4c7-4e94-b29d-9c39a2f11f69
4441,NULL,NULL,45,R-W70735,"CAT305.5 EXCAVATOR (Wagner)",1M,NULL,NULL,1,NULL,e4f26d86-12e9-4ceb-bbb7-a72e3a8ca95e
4442,NULL,NULL,45,R-W71185,"CAT 259 TRACK SKID (Wagner)",1M,NULL,NULL,1,NULL,33cceef0-df4a-4e84-9e55-9c4ecad62d87
4443,NULL,NULL,45,R-W70918,"CAT307E2 MINI EXC (Wagner)",1M,NULL,NULL,1,NULL,49a90b63-8c19-448a-8eb8-680bac9d957e
4444,NULL,NULL,45,R-W70937,"CAT315FL TC EXCAVATOR  (Wagner)",1O,NULL,NULL,1,NULL,cceb9859-13e0-432e-9bff-cb6999a26a72
4445,NULL,NULL,45,R-W70873,"CAT 289D TRACK SKID (Wagner)",1O,NULL,NULL,1,NULL,c869d607-312b-40fe-b23e-f46f9a956f72
4446,NULL,NULL,45,R-W70662,"CAT 313 EXCAVATOR (Wagner)",1M,NULL,NULL,1,NULL,7a33e33f-00f6-4741-8465-8ddb2664d4f6
4447,NULL,NULL,45,R-W70739,"CAT120 MOTOR GRADER W/ TRIMBLE (Wagner)",1O,NULL,NULL,1,NULL,aa85ba28-4caf-484d-897d-f66bf050d795
4448,NULL,NULL,45,R-W70735,"CAT305.5 EXCAVATOR (Wagner)",1O,NULL,NULL,1,NULL,1cbd4d33-5863-4343-afa0-3a7c03954483
4449,NULL,NULL,45,R-W70918,"CAT307E2 MINI EXC (Wagner)",8M,NULL,NULL,1,NULL,d4f7ad5b-ce37-43fe-b2a2-a3697e93f5cb
4450,NULL,NULL,45,R-W70739,"CAT120 MOTOR GRADER W/ TRIMBLE (Wagner)",1M,NULL,NULL,1,NULL,baa7e633-e841-439c-bbff-7c006408c19e
4451,NULL,NULL,45,R-W71225,"CAT299 TRACK SKID (Wagner)",1O,NULL,NULL,1,NULL,83152e98-8542-404d-b163-804a72d0dc52
4452,NULL,NULL,45,R-W70662,"CAT 313 EXCAVATOR (Wagner)",FHM,NULL,NULL,1,NULL,458d6ed0-2e72-42fb-bf90-c40943f81452
4453,NULL,NULL,45,R-W71251,"CAT 279 TRACK SKID (Wagner)",1M,NULL,NULL,1,NULL,97d03d0d-d3cf-43ae-85d0-1541c1b9d3d2
4454,NULL,NULL,45,R-W72057,"CAT259 TRACK LOADER (Wagner)",8M,NULL,NULL,1,NULL,3bade0ed-1291-4dbf-87bc-aed8c2c45e83
4455,NULL,NULL,45,R-W71920,"CAT 305.5E2 MINI EXC w/ bucket & breaker(Wagner)",1M,NULL,NULL,1,NULL,4b0542bc-e50c-4852-9071-aee8936c2aa9
4456,NULL,NULL,45,R-W71251,"CAT 279 TRACK SKID (Wagner)",1O,NULL,NULL,1,NULL,5e233751-074b-40ef-93dd-f64e447f03ad
4457,NULL,NULL,45,R-W70207,"CAT D6K2 XL DOZER (Wagner0",1M,NULL,NULL,1,NULL,ba720517-07ac-4c9d-b820-a7c73920e487
4458,NULL,NULL,45,R-W70918,"CAT307E2 MINI EXC (Wagner)",8D,NULL,NULL,1,NULL,81de9ab6-2812-489d-b5a0-5508cf67f6e4
4459,NULL,NULL,45,R-W70207,"CAT D6K2 XL DOZER (Wagner0",1O,NULL,NULL,1,NULL,29c4d4d7-0a07-404a-80c4-f452f065bb02
4460,NULL,NULL,45,R-W71225,"CAT299 TRACK SKID (Wagner)",8D,NULL,NULL,1,NULL,665f7170-34d5-4362-85d2-9ea7807f0a5b
4461,NULL,NULL,45,R-W73425,"CAT301.7 MINI EXCAVATOR (Wagner)",1O,NULL,NULL,1,NULL,bec2d4b1-e9f9-426c-8e13-8bab40a34933
4462,NULL,NULL,45,R-W73615,"KENWORTH T270 2K WATER TRUCK (ON RPO)",1M,NULL,NULL,1,NULL,a89ce05c-c41c-4849-939b-ff3df0b9e878
4463,NULL,NULL,45,R-W73425,"CAT301.7 MINI EXCAVATOR (Wagner)",1M,NULL,NULL,1,NULL,0548f155-64f2-42eb-87b4-c59ce4511e02
4464,NULL,NULL,45,R-W73634,"CAT910 LOADER (Wagner)",8M,NULL,NULL,1,NULL,32f7f55e-3519-4270-a8bb-a72fbddee28a
4465,NULL,NULL,45,R-W73634,"CAT910 LOADER (Wagner)",1M,NULL,NULL,1,NULL,f0df047e-0fde-4cd2-82bb-3058d8f31f11
4466,NULL,NULL,45,R-W73663,"CAT304E2 MINI EXCAVATOR (Wagner)",8D,NULL,NULL,1,NULL,6bf58285-f9c4-4dfa-bb08-3308afdab9f1
4467,NULL,NULL,45,R-W73663,"CAT304E2 MINI EXCAVATOR (Wagner)",8M,NULL,NULL,1,NULL,d0ce3602-ca61-4138-b8a9-dbd5e3a23dba
4468,NULL,NULL,45,R-W73703,"CAT 259D TRACK SKIDSTEER ((Wagner)",8D,NULL,NULL,1,NULL,95c71da9-a016-4f8c-a4b5-ce83874b1f59
4469,NULL,NULL,45,R-W73703,"CAT 259D TRACK SKIDSTEER ((Wagner)",1O,NULL,NULL,1,NULL,fa249fbb-66cb-4556-960f-48019e14d6eb
4470,NULL,NULL,45,R-W73634,"CAT910 LOADER (Wagner)",8D,NULL,NULL,1,NULL,fa146f89-dd20-4242-8ddc-39d68fe8794d
4471,NULL,NULL,45,R-W73783,"WATER TRUCK 4000 GAL (Wagner)",1O,NULL,NULL,1,NULL,8d2058aa-bb90-4014-8615-df77dce35f39
4472,NULL,NULL,45,R-W73615,"KENWORTH T270 2K WATER TRUCK (ON RPO)",1O,NULL,NULL,1,NULL,215993af-f5aa-4acf-ba89-18714bcbb972
4473,NULL,NULL,45,R-W73740,"CAT 289 TRACK SKIDSTEER (Wagner)",1O,NULL,NULL,1,NULL,f0ae8c1e-77e6-49af-8284-7e4a6fdaa767
4474,NULL,NULL,45,R-W73703,"CAT 259D TRACK SKIDSTEER ((Wagner)",1M,NULL,NULL,1,NULL,1df1a3d0-34fa-4a68-b1db-5073eb99a626
4475,NULL,NULL,45,R-W73703,"CAT 259D TRACK SKIDSTEER ((Wagner)",8M,NULL,NULL,1,NULL,44e258c1-8bcf-4b3b-9ee8-a135ce36dd6e
4476,NULL,NULL,45,R-W73688,"CAT308 EXCAVATOR W/ THUMB (Wagner)",1M,NULL,NULL,1,NULL,5032c0c6-623d-4819-988e-c35c9ed607a2
4477,NULL,NULL,45,R-W73688,"CAT308 EXCAVATOR W/ THUMB (Wagner)",1O,NULL,NULL,1,NULL,17a64e93-d9d3-422e-a938-b2386e072ba9
4478,NULL,NULL,45,R-W73784,"CAT308E2 EXCAVATOR (Wagner)",8M,NULL,NULL,1,NULL,6ac99780-764c-44ff-a243-365a0c470404
4479,NULL,NULL,45,R-W74107,"CAT 315 EXCAVATOR (Wagner)",1M,NULL,NULL,1,NULL,b238c5d5-f04d-4110-9340-c8e62e3f3a6a
4480,NULL,NULL,45,R-W73783,"WATER TRUCK 4000 GAL (Wagner)",1M,NULL,NULL,1,NULL,c4fc166b-f651-4ae2-9561-d7fcb5c479b0
4481,NULL,NULL,45,R-W74079,"CAT 259D TRACK SKIDSTEER (Wagner)",1O,NULL,NULL,1,NULL,64cadc34-313a-4e2b-9331-3c324451a3df
4482,NULL,NULL,45,R-W73784,"CAT308E2 EXCAVATOR (Wagner)",8D,NULL,NULL,1,NULL,8d906bd6-7d66-491b-8ab3-99c973d030f3
4483,NULL,NULL,45,R-W74069,"WATER TRUCK 2K (Wagner)",1M,NULL,NULL,1,NULL,f1dc6833-8db4-4136-ac0c-1ced4fddd104
4484,NULL,NULL,45,R-W74069,"WATER TRUCK 2K (Wagner)",1O,NULL,NULL,1,NULL,06eca53b-0bc7-4ff9-b2d3-3548d89a65f2
4485,NULL,NULL,45,R-W73634,"CAT910 LOADER (Wagner)",1O,NULL,NULL,1,NULL,a0149bfe-0935-4291-9c65-f900556b87e9
4486,NULL,NULL,45,R-W74788,"CAT CS44B COMPACTOR (Wagner)",1M,NULL,NULL,1,NULL,76e39c0e-5532-419d-8b56-89f80303e96f
4487,NULL,NULL,45,R-W74818,"CAT304 EXCAVATOR (Wagner)",1M,NULL,NULL,1,NULL,4d429394-d560-4f5a-892a-a553836ae031
4488,NULL,NULL,45,R-W74818,"CAT304 EXCAVATOR (Wagner)",8M,NULL,NULL,1,NULL,faea4057-d920-45ea-b7e2-faaad994bb1c
4489,NULL,NULL,45,R-W74788,"CAT CS44B COMPACTOR (Wagner)",1O,NULL,NULL,1,NULL,d0a195ea-d8bf-476c-8a78-3f18a4933587
4490,NULL,NULL,45,R-W74789,"CAT CS34 COMPACTOR/ROLLER (Wagner)",8D,NULL,NULL,1,NULL,1a3904da-95e8-4d68-a35c-3de32f4ad3fc
4491,NULL,NULL,45,R-W74818,"CAT304 EXCAVATOR (Wagner)",8D,NULL,NULL,1,NULL,d3d18b79-27af-4f14-8ed7-829b7266ffba
4492,NULL,NULL,45,R-W74940,"CAT259 TRACK SKID (Wagner)",8S,NULL,NULL,1,NULL,168c9464-3aa6-4786-a461-3f72a6d88860
4493,NULL,NULL,45,R-W74789,"CAT CS34 COMPACTOR/ROLLER (Wagner)",8M,NULL,NULL,1,NULL,d38cac37-b55f-443a-a696-613612b39ba7
4494,NULL,NULL,45,UR184791,"WATER TRUCK 4000-4999 GAL  (Switched out w/ UR378321 10/6/20",8M,NULL,NULL,1,NULL,6de76f09-0ca1-42cd-a768-c638f48cdc22
4495,NULL,NULL,45,R-X11470,"CAT320 EXCAVATOR W/ h120 BRKR (Fabick)",1O,NULL,NULL,1,NULL,103a8a12-f9b4-43df-97e9-41b644ad4c48
4496,NULL,NULL,45,R-W74789,"CAT CS34 COMPACTOR/ROLLER (Wagner)",1M,NULL,NULL,1,NULL,b39419f2-26c5-4178-8156-aab6603119f1
4497,NULL,NULL,45,R-W74818,"CAT304 EXCAVATOR (Wagner)",1O,NULL,NULL,1,NULL,a18cb6da-1294-4070-90f6-3317c35627ef
4498,NULL,NULL,45,W4604790,"CAT735C ARTICULATED TRUCK (off Rent 8/3/20)",8M,NULL,NULL,1,NULL,5dea4558-f8ad-453f-a10f-c46b5e2b2bdf
4499,NULL,NULL,45,UR532227,"WATER TRUCK 4000-4999 GAL - INCORRECT #-  SEE UR184791",8M,NULL,NULL,1,NULL,2b1624af-f356-4ebf-ad62-cfec085eb403
4500,NULL,NULL,45,R-W74940,"CAT259 TRACK SKID (Wagner)",8D,NULL,NULL,1,NULL,d2ba1607-45a1-4b7a-95d0-6f9a9a480901
4501,NULL,NULL,45,R-W74789,"CAT CS34 COMPACTOR/ROLLER (Wagner)",1O,NULL,NULL,1,NULL,6bc77c55-277b-462b-b410-70eb8a7faf5a
4502,NULL,NULL,45,W0W74868,"MINI SKIDSTEER LOADER (off rent 9/3/20)",8M,NULL,NULL,1,NULL,0e3e5051-aa27-44b4-b020-1d9df72ba616
4503,NULL,NULL,45,W0W74868,"MINI SKIDSTEER LOADER (off rent 9/3/20)",8D,NULL,NULL,1,NULL,cab82785-bff1-41a6-80dd-2fc646030d2b
4504,NULL,NULL,45,WM461575,"CAT730 ARTICULATED TRUCK (off Rent 8/3/20)",8M,NULL,NULL,1,NULL,188f9564-770d-4d9b-8997-cd1806a54834
4505,NULL,NULL,45,WM460541,"CAT330FL TC EXCAVATOR W/ KRYPTO KLAW BUCKET (off rent 9/9/20",8M,NULL,NULL,1,NULL,4e424822-a982-46f0-8a56-732fed7e1fda
4506,NULL,NULL,45,UR378321,"WATER TRUCK 4000-4999 GAL (off rent 11/16/20)",8M,NULL,NULL,1,NULL,a1acd839-835c-48b3-aec0-0a8d10b32d94
4507,NULL,NULL,45,R-W74940,"CAT259 TRACK SKID (Wagner)",8M,NULL,NULL,1,NULL,2d75262c-48f3-40aa-a69b-55de600f28bb
4508,NULL,NULL,45,R-X11470,"CAT320 EXCAVATOR W/ h120 BRKR (Fabick)",1M,NULL,NULL,1,NULL,ac5538df-412d-49a8-a4d4-8e7df5034943
4509,NULL,NULL,45,W4669980,"CAT305.5E2 EXCAVATOR W/ THUMB (off Rent 07/20/20)",8M,NULL,NULL,1,NULL,c66c6101-8b98-4748-a9ff-65a576e512dc
4510,NULL,NULL,45,WM460541,"CAT330FL TC EXCAVATOR W/ KRYPTO KLAW BUCKET (off rent 9/9/20",8D,NULL,NULL,1,NULL,777d170e-71ec-4bb1-8dc4-e74e81db2c1b
4511,NULL,NULL,45,R-W74213,"CAT 305 MINI EXC (Wagner)",1M,NULL,NULL,1,NULL,d162e8cb-4958-4bbf-98a3-08082d13a22f
4512,NULL,NULL,45,R-W74213,"CAT 305 MINI EXC (Wagner)",1O,NULL,NULL,1,NULL,bbb48e61-3434-4d0d-a82a-d9b68e1a9a29
4513,NULL,NULL,45,R-W74222,"CAT262D SKIDSTEER (Wagner)",1M,NULL,NULL,1,NULL,e7740d64-0c1c-4c83-9c56-763deac9b5cd
4514,NULL,NULL,45,R-W74143,"CAT CB24B ROLLER (Wagner)",1O,NULL,NULL,1,NULL,0fbff7b1-5c3f-491d-baa4-006a85a92688
4515,NULL,NULL,45,R-W73740,"CAT 289 TRACK SKIDSTEER (Wagner)",1M,NULL,NULL,1,NULL,ec509a9d-c30f-48f3-8fcd-fb799d2ecae2
4516,NULL,NULL,45,R-W74359,"CAT308 EXCAVATOR W/ HAMMER (Wagner)",1O,NULL,NULL,1,NULL,435139c0-4947-452e-a33c-62fea5b914da
4517,NULL,NULL,45,R-W74359,"CAT308 EXCAVATOR W/ HAMMER (Wagner)",FHM,NULL,NULL,1,NULL,632beca1-6d88-4b41-be40-0c18db114d6e
4518,NULL,NULL,45,R-W74275,"CAT 918M LOADER (Wagner)",1O,NULL,NULL,1,NULL,7482c708-eb53-4eb8-ac80-0cd0951d0c5f
4519,NULL,NULL,45,R-W74215,"CAT308E2 EXCAVATOR W/ MH7 HAMMER (Wagner)",1O,NULL,NULL,1,NULL,b1194bda-a84f-4692-beec-7a2cffd69d0c
4520,NULL,NULL,45,R-W74275,"CAT 918M LOADER (Wagner)",1M,NULL,NULL,1,NULL,5ebca24e-c3f3-4dc8-81c8-d06c6f812f0d
4521,NULL,NULL,45,R-W74480,"CAT303.5 EXCAVATOR W/ THUMB (Wagner)",1M,NULL,NULL,1,NULL,0d77a75e-b8f2-48ef-b6d0-52dfa7d61097
4522,NULL,NULL,45,R-W74359,"CAT308 EXCAVATOR W/ HAMMER (Wagner)",1M,NULL,NULL,1,NULL,5e02537e-411d-4e3f-a9fa-39c8734e2423
4523,NULL,NULL,45,R-W74215,"CAT308E2 EXCAVATOR W/ MH7 HAMMER (Wagner)",1M,NULL,NULL,1,NULL,d2f93d26-0356-48b3-95d0-6243d9290ec0
4524,NULL,NULL,45,R-W74480,"CAT303.5 EXCAVATOR W/ THUMB (Wagner)",1O,NULL,NULL,1,NULL,18082730-fc18-45d3-8115-ba88ed62a1b2
4525,NULL,NULL,45,R-W74079,"CAT 259D TRACK SKIDSTEER (Wagner)",1M,NULL,NULL,1,NULL,4824b800-3fe2-4864-b53b-62ad2f9792de
4526,NULL,NULL,45,R-W74420,"CAT249 TRACK LOADER (Wagner)",1M,NULL,NULL,1,NULL,e596e0d3-2524-44a4-8c10-355d18a41d3a
4527,NULL,NULL,45,R-W74275,"CAT 918M LOADER (Wagner)",FHM,NULL,NULL,1,NULL,307e313e-eb07-4b24-bd7f-20e63d10a182
4528,NULL,NULL,45,R-W74222,"CAT262D SKIDSTEER (Wagner)",1O,NULL,NULL,1,NULL,7df3f32d-182a-415c-b878-047f833c3605
4529,NULL,NULL,45,R-W74415,"CAT289 TRACK SKID (Wagner)",8M,NULL,NULL,1,NULL,947752dd-4e33-4912-8dd7-3481bf8b6763
4530,NULL,NULL,45,R-W74107,"CAT 315 EXCAVATOR (Wagner)",1O,NULL,NULL,1,NULL,f857fd77-e7f7-44dd-a861-0465d9b57a31
4531,NULL,NULL,45,R-W74143,"CAT CB24B ROLLER (Wagner)",1M,NULL,NULL,1,NULL,3861abd5-9d53-4f4b-8fc4-1c833297646d
4532,NULL,NULL,45,R-W74415,"CAT289 TRACK SKID (Wagner)",8D,NULL,NULL,1,NULL,b5facde8-5cdb-42f4-96d9-469bf50bbefc
4533,NULL,NULL,45,R-W74599,"LIGHT PLANT",1O,NULL,NULL,1,NULL,676b3813-f787-4d7d-b63c-41f878810de3
4534,NULL,NULL,45,R-W74420,"CAT249 TRACK LOADER (Wagner)",1O,NULL,NULL,1,NULL,f053515f-ea35-4bf7-8d31-977070d0de74
4535,NULL,NULL,45,R-W74420,"CAT249 TRACK LOADER (Wagner)",FHM,NULL,NULL,1,NULL,f5ef74c5-80b9-4849-a0a2-551952d009e3
4536,NULL,NULL,45,R-512170,"CAT 259/255 TRACK SKIDSTEER (Wagner)",1O,NULL,NULL,1,NULL,018610bf-6dee-4157-b933-3c138033b7ab
4537,NULL,NULL,45,R-329547,"LINKBELT 145X4LC EXCAVATOR (Herc)",1M,NULL,NULL,1,NULL,4a30724f-eabb-42ab-8380-b766e798a7d2
4538,NULL,NULL,45,R-513575,"CAT304 MINI EXC W/ THB (Wagner)",1O,NULL,NULL,1,NULL,b029ef40-e8d2-4582-9c1c-c6d54b6f4306
4539,NULL,NULL,45,694000,"CAMERA/SECURITY TRAILER w/Full 260 PTZ Camera (on RPO NCM)",8,NULL,NULL,1,NULL,ac2a27e8-2cf4-4844-94c3-d5cd61c9a5eb
4540,NULL,NULL,45,R-501178,"CAT D6TV PAD (Wagner)",1O,NULL,NULL,1,NULL,615721a1-ef89-4479-ba7f-765a2ee94d96
4541,NULL,NULL,45,R-0ST147,"WATER TRUCK 4000 GAL (Performance)",1O,NULL,NULL,1,NULL,40318354-d4bc-4f8c-9f37-376284f0b0b6
4542,NULL,NULL,45,694100,"CAMERA/SECURITY TRAILER w/Full 260 PTZ Camera (on RPO NCM)",8,NULL,NULL,1,NULL,adeaf3b2-bd0a-4015-9a8c-ebe740bee048
4543,NULL,NULL,45,R-518545,"CAT CP13GC COMPACTOR (Wagner)",1M,NULL,NULL,1,NULL,b9cd30f1-98ae-4a1f-be91-96294595222b
4544,NULL,NULL,45,R-512170,"CAT 259/255 TRACK SKIDSTEER (Wagner)",FHM,NULL,NULL,1,NULL,3fb0f143-6164-46b8-90d5-3ab9b9ba11ec
4545,NULL,NULL,45,R-501178,"CAT D6TV PAD (Wagner)",1M,NULL,NULL,1,NULL,be3e4406-9409-4380-9b80-ff97f4c9f9d1
4546,NULL,NULL,45,R-501178,"CAT D6TV PAD (Wagner)",FHM,NULL,NULL,1,NULL,0af453ae-74fa-4ebb-bd94-ce280a6c0297
4547,NULL,NULL,45,R-522498,"VACUUM-EXCAVATOR 850 (Wagner)",1M,NULL,NULL,1,NULL,fa9cedf5-7e85-4a68-ad80-d2a255086695
4548,NULL,NULL,45,R-515880,"CAT 305 EXCAVATOR (Wagner)",FHM,NULL,NULL,1,NULL,1137ab67-03c7-4cb4-acd2-ae044f2e3262
4549,NULL,NULL,45,R-0ST147,"WATER TRUCK 4000 GAL (Performance)",1M,NULL,NULL,1,NULL,879253b6-ef0f-452e-89e0-6169eafb74b4
4550,NULL,NULL,45,R-513575,"CAT304 MINI EXC W/ THB (Wagner)",FHM,NULL,NULL,1,NULL,3202d330-8f43-44fe-8195-0f31e547a09b
4551,NULL,NULL,45,R-329547,"LINKBELT 145X4LC EXCAVATOR (Herc)",1O,NULL,NULL,1,NULL,313e168c-c07d-4462-ad96-ee0c4e6bc122
4552,NULL,NULL,45,R-506147,"CAT 150 MOTOR GRADER (Wagner)",1M,NULL,NULL,1,NULL,547cb53d-1134-42be-95d0-428314f9c10e
4553,NULL,NULL,45,R-506147,"CAT 150 MOTOR GRADER (Wagner)",1O,NULL,NULL,1,NULL,781f5c00-84b4-4dc5-b0b8-4aecb4fc2717
4554,NULL,NULL,45,R-518545,"CAT CP13GC COMPACTOR (Wagner)",1O,NULL,NULL,1,NULL,f2ded0e5-8599-44d9-aefe-339578d4319c
4555,NULL,NULL,45,R-518545,"CAT CP13GC COMPACTOR (Wagner)",FHM,NULL,NULL,1,NULL,54fd02b4-27f7-4279-a256-021c056c9442
4556,NULL,NULL,45,R-0ST147,"WATER TRUCK 4000 GAL (Performance)",FHM,NULL,NULL,1,NULL,1aee1925-f991-414b-9588-f045c619bbf2
4557,NULL,NULL,45,569100,"CAT325 EXCAVATOR (On RPO) Fabick",1O,NULL,NULL,1,NULL,4db81986-499d-4ef2-a7c0-c080dc62a93e
4558,NULL,NULL,45,R-329547,"LINKBELT 145X4LC EXCAVATOR (Herc)",FHM,NULL,NULL,1,NULL,c0061c6d-7387-46f3-8471-0eda92c83c0c
4559,NULL,NULL,45,R-506147,"CAT 150 MOTOR GRADER (Wagner)",FHM,NULL,NULL,1,NULL,a178ed58-1c46-434e-ad89-2440f097c2e3
4560,NULL,NULL,45,R-525718,"CAT 259 TRACK SKIDSTEER (Wagner)",1M,NULL,NULL,1,NULL,1281e787-8a6b-466c-b89f-46c637096716
4561,NULL,NULL,45,913300,"GENIE SX135XC BOOM LIFT (On RPO) Wagner",1O,NULL,NULL,1,NULL,e3caeee5-b85e-4823-8212-18e327e55859
4562,NULL,NULL,45,568900,"CAT CS12 (CS56) ROLLER (On RPO) Fabick",1O,NULL,NULL,1,NULL,22cdaa65-6942-4fbe-a2dc-a71035e62f2d
4563,NULL,NULL,45,568800,"CAT336 EXCAVATOR (On RPO) Fabick",1O,NULL,NULL,1,NULL,dd357b1b-e8d9-408f-aedf-c457efee81a8
4564,NULL,NULL,45,913200,"GENIE SX135XC BOOM LIFT (On RPO) Wagner",1O,NULL,NULL,1,NULL,ed8e2418-a7dc-44bf-9198-583fe6235167
4565,NULL,NULL,45,R-537897,"WATER TRUCK 4000G (Wagner)",FHM,NULL,NULL,1,NULL,92b7c65e-6ad4-4d2a-9f75-9deaa3426768
4566,NULL,NULL,45,R-510086,"CAT308 EXCAVATOR (Wagner)",1M,NULL,NULL,1,NULL,a129c6d7-e027-467d-8635-1d36dfc6177b
4567,NULL,NULL,45,R-510086,"CAT308 EXCAVATOR (Wagner)",FHM,NULL,NULL,1,NULL,ddb5da47-d022-4ac3-a5b3-3d1645d5c684
4568,NULL,NULL,45,R-537897,"WATER TRUCK 4000G (Wagner)",1O,NULL,NULL,1,NULL,6eb49796-2210-4669-80a7-6ab41f446610
4569,NULL,NULL,45,R-510086,"CAT308 EXCAVATOR (Wagner)",1O,NULL,NULL,1,NULL,d2ef7511-028c-4c98-ae46-a0d3eeb09957
4570,NULL,NULL,45,526300,"CAT 950GC LOADER (On RPO) Fabick",1O,NULL,NULL,1,NULL,3db6fbcb-4e92-407f-9395-66acc999ff01
4571,NULL,NULL,45,R-543676,"CAT299/279 TRACK SKIDSTEER (Wagner)",1O,NULL,NULL,1,NULL,34eb8b83-122c-44c3-8c15-90b849450f7e
4572,NULL,NULL,45,R-544182,"CAT308 EXCAVATOR (Wagner)",1M,NULL,NULL,1,NULL,ce29812a-f731-495b-8787-e90c9dfe7b93
4573,NULL,NULL,45,R-543676,"CAT299/279 TRACK SKIDSTEER (Wagner)",1M,NULL,NULL,1,NULL,be493026-8a0a-40e6-8aba-24a51345a199
4574,NULL,NULL,45,R-537897,"WATER TRUCK 4000G (Wagner)",1M,NULL,NULL,1,NULL,9e46fa07-818d-4f82-b432-3542a5a08e71
4575,NULL,NULL,45,R-543676,"CAT299/279 TRACK SKIDSTEER (Wagner)",FHM,NULL,NULL,1,NULL,b891ea29-afc4-41c2-85cf-32706ea928b2
4576,NULL,NULL,45,R-544182,"CAT308 EXCAVATOR (Wagner)",FHM,NULL,NULL,1,NULL,d5b0bc47-95c5-4003-9d4a-e27107da95b3
4577,NULL,NULL,45,R-544182,"CAT308 EXCAVATOR (Wagner)",1O,NULL,NULL,1,NULL,3a9fce75-c9f0-4896-8a84-85bb8f3e60d4
4578,NULL,NULL,45,551900,"CAT D6 DOZER W/3D GPS (On RPO) Fabick",1O,NULL,NULL,1,NULL,f97e6ab7-bb47-44d2-bec6-c1373e039dfb
4579,NULL,NULL,45,R-512170,"CAT 259/255 TRACK SKIDSTEER (Wagner)",1M,NULL,NULL,1,NULL,d312047d-88f4-4228-82dd-2c62c4685874
4580,NULL,NULL,45,R-515880,"CAT 305 EXCAVATOR (Wagner)",1O,NULL,NULL,1,NULL,2dc64fa6-3f72-4002-9fa5-4084b293f6c3
4581,NULL,NULL,45,569000,"CAT 320 EXCAVATOR (On RPO) Fabick",1O,NULL,NULL,1,NULL,e2c5bc66-33d9-4a3d-b9ea-05ae9bdfa653
4582,NULL,NULL,45,R-513575,"CAT304 MINI EXC W/ THB (Wagner)",1M,NULL,NULL,1,NULL,b9a2d0d1-7857-4be6-a63e-f0bf70593cdb
4583,NULL,NULL,45,R-515880,"CAT 305 EXCAVATOR (Wagner)",1M,NULL,NULL,1,NULL,fc72adf3-2438-4e64-9451-88372472e946
4584,NULL,NULL,45,R-522498,"VACUUM-EXCAVATOR 850 (Wagner)",1O,NULL,NULL,1,NULL,1b4831be-0f77-4bd5-9e3c-1076057c2ded
4585,NULL,NULL,45,526400,"CAT 950GC LOADER (On RPO) Fabick",1O,NULL,NULL,1,NULL,cc492602-19a8-40cd-a66c-ae652d060c5f
4586,NULL,NULL,45,R-526439,"CAT259/255 TRACK SKIDSTEER (Wagner)",1M,NULL,NULL,1,NULL,0d4472af-1ed4-4e98-8091-c89d4db8c5ad
4587,NULL,NULL,45,R-522498,"VACUUM-EXCAVATOR 850 (Wagner)",FHM,NULL,NULL,1,NULL,f59246d8-5958-45f8-a8d8-9bfb73a73903
4588,NULL,NULL,45,R-531983,"CAT 305 MINI EXCAVATOR (Wagner)",FHM,NULL,NULL,1,NULL,7c7841dc-8a9c-4247-9c69-e7cae733e420
4589,NULL,NULL,45,R-543120,"CAT308 EXCAVATOR (Wagner)",1O,NULL,NULL,1,NULL,d25db7aa-1e89-4169-aa56-ec4b6c7adbf1
4590,NULL,NULL,45,R-525718,"CAT 259 TRACK SKIDSTEER (Wagner)",1O,NULL,NULL,1,NULL,ea1b34f7-233f-4c2d-b971-9c31b836ee6b
4591,NULL,NULL,45,R-526439,"CAT259/255 TRACK SKIDSTEER (Wagner)",1O,NULL,NULL,1,NULL,e9ea3104-ff8e-41c5-a74b-f564fe4f9148
4592,NULL,NULL,45,R-527778,"CAT 313 EXCAVATOR (Wagner)",1M,NULL,NULL,1,NULL,4d1d73c6-dd7a-448b-ba7d-a61ca7ee6318
4593,NULL,NULL,45,R-531983,"CAT 305 MINI EXCAVATOR (Wagner)",1O,NULL,NULL,1,NULL,b0568cbe-445d-4de7-a983-095c0bd09623
4594,NULL,NULL,45,R-525718,"CAT 259 TRACK SKIDSTEER (Wagner)",FHM,NULL,NULL,1,NULL,44edbee6-2994-4682-aa06-e18a003b0b42
4595,NULL,NULL,45,R-543120,"CAT308 EXCAVATOR (Wagner)",FHM,NULL,NULL,1,NULL,cbef72ed-c156-4650-b29f-443f2a161436
4596,NULL,NULL,45,R-601071,"JOHN DEERE 135G EXCAVATOR",FHM,NULL,NULL,1,NULL,b97d7f96-81bd-4bd1-9fe4-53fa32565e17
4597,NULL,NULL,45,R-531983,"CAT 305 MINI EXCAVATOR (Wagner)",1M,NULL,NULL,1,NULL,4b6072af-a033-40a9-a5be-7d3b26e6997a
4598,NULL,NULL,45,R-546134,"CAT259/255 TRACK SKIDSTEER (Wagner)",1O,NULL,NULL,1,NULL,88c09bd1-a57e-4f85-a0c8-0769ca6e203c
4599,NULL,NULL,45,R-601071,"JOHN DEERE 135G EXCAVATOR",1O,NULL,NULL,1,NULL,3943dad8-58d5-4895-85e0-89a9e81d6686
4600,NULL,NULL,45,R-543587,"CAT289/265 TRACK SKIDSTEER (Wagner)",1O,NULL,NULL,1,NULL,3b72e771-9d12-41ab-b7db-1f6f5afb68e9
4601,NULL,NULL,45,R-601071,"JOHN DEERE 135G EXCAVATOR",1M,NULL,NULL,1,NULL,89c5af41-5fc5-4032-8a9c-5722ab96c9f4
4602,NULL,NULL,45,R-543587,"CAT289/265 TRACK SKIDSTEER (Wagner)",1M,NULL,NULL,1,NULL,a5d13fe7-6bdb-4d3d-9731-0fa69b47a82c
4603,NULL,NULL,45,R-548963,"CAT 938 LOADER (Wagner)",FHM,NULL,NULL,1,NULL,d507c946-5dcb-4d02-9620-73cf192100f3
4604,NULL,NULL,45,R-543587,"CAT289/265 TRACK SKIDSTEER (Wagner)",FHM,NULL,NULL,1,NULL,d91034c8-f086-4c93-8c5f-81138c42b125
4605,NULL,NULL,45,R-527778,"CAT 313 EXCAVATOR (Wagner)",FHM,NULL,NULL,1,NULL,d89e6388-1193-4020-95ed-ee35840ffbbd
4606,NULL,NULL,45,R-548963,"CAT 938 LOADER (Wagner)",1M,NULL,NULL,1,NULL,c1293898-6b29-46e3-afb7-3ce0ab25398d
4607,NULL,NULL,45,R-546134,"CAT259/255 TRACK SKIDSTEER (Wagner)",FHM,NULL,NULL,1,NULL,10f5a199-ce5e-4444-b649-c5c1df0304ee
4608,NULL,NULL,45,R-548963,"CAT 938 LOADER (Wagner)",1O,NULL,NULL,1,NULL,745ce7c5-2180-4b3b-a5cd-408bde5da47a
4609,NULL,NULL,45,R-546134,"CAT259/255 TRACK SKIDSTEER (Wagner)",1M,NULL,NULL,1,NULL,2d1b04cc-b0bc-4622-9d5d-c33d044fb724
4610,NULL,NULL,45,R-543120,"CAT308 EXCAVATOR (Wagner)",1M,NULL,NULL,1,NULL,21539e8a-e7ad-48cb-ad59-8e22e4285e21
4611,NULL,NULL,45,R-527778,"CAT 313 EXCAVATOR (Wagner)",1O,NULL,NULL,1,NULL,e33f8caa-d556-426b-902b-3b9196459ccd
4612,NULL,NULL,45,R-526439,"CAT259/255 TRACK SKIDSTEER (Wagner)",FHM,NULL,NULL,1,NULL,75d17b78-44ea-4256-bac8-69d2421fd3ba
4613,NULL,NULL,45,R-541036,"CAT140 MOTOR GRADER (Wagner)",FHM,NULL,NULL,1,NULL,89a7b91e-8839-4dbf-827c-52020d641eae
4614,NULL,NULL,45,R-541036,"CAT140 MOTOR GRADER (Wagner)",1O,NULL,NULL,1,NULL,a12a3eec-32ae-4e82-b1e4-c9a5b2863263
4615,NULL,NULL,45,R-541036,"CAT140 MOTOR GRADER (Wagner)",1M,NULL,NULL,1,NULL,dabeb48f-736b-4da2-8f64-393bf424b507
4821,NULL,NULL,45,R-000G61,"Hourly Maintenance Rate",1M,NULL,NULL,0,NULL,4f3d4a2a-945b-4792-a294-0274303574c2
4819,NULL,NULL,45,R-555266,"Hourly Floyd Hill Maintenance",FHM,NULL,NULL,1,NULL,a24cc092-33af-4ef7-9fe9-2797959e9b5d
4820,NULL,NULL,45,R-525667,"Hourly Maintenance Rate",1M,NULL,NULL,1,NULL,55f4df38-8603-457c-b37c-e92b2c4ae528
4822,NULL,NULL,45,R-00R117,"Hourly Floyd Hill Maintenance",FHM,NULL,NULL,1,NULL,33462baa-19f8-4272-91bd-fc1b8dc2b17b
4892,NULL,NULL,45,R-522103,"Hourly Ownership Rate",1O,NULL,NULL,1,NULL,e22cc6d9-a030-4539-956d-3981a510e332
4893,NULL,NULL,45,R-504716,"Hourly Ownership Rate",1O,NULL,NULL,1,NULL,d607cb29-9365-43e7-9b0f-99fd1f0b7f79
4894,NULL,NULL,45,R-504716,"Hourly Floyd Hill Maintenance",FHM,NULL,NULL,1,NULL,adc91396-2601-4f76-9292-8bf651a3b48a
4895,NULL,NULL,45,R-522103,"Hourly Floyd Hill Maintenance",FHM,NULL,NULL,1,NULL,7ae6ca5e-3319-4d33-89fd-5754623298e6
4896,NULL,NULL,45,R-504716,"Hourly Maintenance Rate",1M,NULL,NULL,1,NULL,85af4574-cfc6-4446-a9ad-1698ce19ae3d
4897,NULL,NULL,45,R-522103,"Hourly Maintenance Rate",1M,NULL,NULL,1,NULL,498d51cd-ce15-4f93-a56d-a72264e5bfaa
4904,NULL,NULL,45,R-546132,"Hourly Ownership Rate",1O,NULL,NULL,1,NULL,7b79d8cd-1fd7-49ae-af9a-b26474de27e4
4905,NULL,NULL,45,R-546132,"Hourly Floyd Hill Maintenance",FHM,NULL,NULL,1,NULL,8235042e-9c17-472d-826d-5539d53e4f55
4906,NULL,NULL,45,R-546132,"Hourly Maintenance Rate",1M,NULL,NULL,1,NULL,90419411-f739-4178-9f75-301cec448143
