statusChangeId,workOrderId,workOrderStatus,changeNote,createdByUserId,createdTimestampUtc,uuid
91050,97133,1,,9236,"2026-08-06 14:38:01",a535b573-c7f7-4b36-94ba-bcc7e5a6c39f
91052,97133,3,,9236,"2026-08-06 14:38:19",107012f7-cd70-45be-b5fe-c22c8c180dd4
90364,96702,1,,9236,"2026-08-05 14:42:58",14aa19d3-3718-4f2d-950f-e02796f05218
90365,96702,3,,9236,"2026-08-05 14:43:20",ac9ec1c8-dd73-42c7-819f-e75e6f91e888
90355,96700,1,,9236,"2026-08-05 14:40:26",ccd32df2-24f9-40da-aa90-216a906739e8
90356,96700,3,,9236,"2026-08-05 14:40:34",bf262835-1fb0-4821-89f4-d6189c178d38
90360,96700,1,,9236,"2026-08-05 14:41:01",6a1a3397-e664-4d44-9887-74c5aa0e67e4
90361,96700,3,,9236,"2026-08-05 14:41:20",2a638541-87f3-462a-adc9-29df2449d1fb
90392,96713,1,,9236,"2026-08-05 14:56:20",97f2776b-660a-4b7c-9616-74d8cb649bac
92283,96713,3,,9236,"2026-08-07 18:30:09",da8aadef-0684-4b00-af3b-85a9053536f5
92284,96713,1,,9236,"2026-08-07 18:30:12",6062ff97-a936-408a-91bd-eb85145498ea
92606,96713,3,,9236,"2026-08-10 18:04:57",be4f1b3e-f650-4a85-ad8c-fc413a76f9f7
92607,96713,1,,9236,"2026-08-10 18:05:47",716c291d-b013-45db-9f75-65fcafb9896f
90348,96697,1,,9236,"2026-08-05 14:37:16",6e4d1bee-bca2-448d-9028-90b52c68e323
90349,96697,3,,9236,"2026-08-05 14:37:31",61b60daf-71ff-43d0-9e25-2b793453d51e
91060,97142,1,,9236,"2026-08-06 14:41:28",7fccd766-eec1-4a3c-ac19-57b60a0c1afd
91061,97142,3,,9236,"2026-08-06 14:41:46",b099c2ee-1bfd-45d9-ad28-dfd7a1100aea
91056,97139,1,,9236,"2026-08-06 14:40:26",21a0318c-fd5a-4eb5-97e2-f122e932ea9f
91057,97139,3,,9236,"2026-08-06 14:40:43",0949f875-0bd8-402f-a8b8-066b4e918ef7
90388,96711,1,,9236,"2026-08-05 14:54:57",9d8348b2-bc8e-44df-97db-b060e2d890b9
90389,96711,3,,9236,"2026-08-05 14:55:06",5fd8ab81-6515-4791-a3f4-978fdaba4b02
91053,97136,1,,9236,"2026-08-06 14:39:18",ebb65f7d-f0ae-457d-9aa4-777f13e7cbb2
91054,97136,3,,9236,"2026-08-06 14:39:34",a4dfe831-694c-4d81-accc-fe690f868833
90344,96695,1,,9236,"2026-08-05 14:28:00",158c1ba4-745c-4593-97dd-34cdfcf25fb8
90345,96695,3,,9236,"2026-08-05 14:29:33",7cca782f-953e-4d24-bc7f-0d27376326e9
90372,96705,1,,9236,"2026-08-05 14:46:05",63542e34-a6f0-4ad9-941d-c9c463f9e3eb
90373,96705,3,,9236,"2026-08-05 14:46:19",26e28321-ae32-4f77-9cb2-f9ec2ac4a180
90395,96705,1,,9236,"2026-08-05 14:58:56",e06614a3-9989-47ee-984e-571a37446e76
90396,96705,3,,9236,"2026-08-05 14:59:03",aa9aa783-01e0-49bf-bed6-60d77913c27d
91062,97145,1,,9236,"2026-08-06 14:43:01",35b61542-e756-4d3a-b753-d76b6cb49c04
91063,97145,3,,9236,"2026-08-06 14:43:18",9d645142-a1cc-4ca5-835b-8a454915786e
91064,97147,1,,9236,"2026-08-06 14:43:30",5537c42e-151d-4006-8c95-d3c8809e68be
91065,97147,3,,9236,"2026-08-06 14:43:41",01f0a57b-330d-452b-ad17-733dd18d3006
91066,97149,1,,9236,"2026-08-06 14:44:49",d33d1f45-5ad5-476a-a67e-928d2eaaa4ff
91069,97150,1,,9236,"2026-08-06 14:45:49",a94a32de-116e-4801-b42d-7ba78063a7e1
91070,97150,3,,9236,"2026-08-06 14:45:59",7ca4a2d2-9b87-42fe-8a8f-257ca18e7df6
91067,97151,1,,9236,"2026-08-06 14:45:17",ea863ecf-83d3-42e8-abb8-75aa32589640
91068,97151,3,,9236,"2026-08-06 14:45:33",16d7997e-503f-47ed-b74e-771a47cff7f1
91093,97164,1,,9236,"2026-08-06 15:08:09",0753232e-e712-4e53-a6cc-6bc893c9aa63
91094,97164,3,,9236,"2026-08-06 15:08:27",5ec53876-4e60-432a-bd77-746c6955afac
93723,99604,3,,16222,"2026-08-17 16:27:41",2cb13dc8-c634-4de5-9f0e-e37c5e741300
93724,99604,1,,16222,"2026-08-17 16:27:45",c19ace83-6532-4358-aca7-39b29386404d
93725,99604,3,,16222,"2026-08-17 16:27:55",7c3a9684-fe6d-4798-a322-8f7b0675b27a
90346,96696,1,,9236,"2026-08-05 14:33:48",d43b8fde-f34f-40fa-8ed4-19d67aa960a2
90347,96696,3,,9236,"2026-08-05 14:34:53",09afdf9f-13a5-4ca1-8dab-59f3b1380bd4
91103,97185,1,,9236,"2026-08-06 15:13:31",8875c875-3aa7-4a41-b410-7564eb24c57a
91104,97185,3,,9236,"2026-08-06 15:13:43",dee272f7-17ff-46eb-9543-98f76b19adf1
91105,97187,1,,9236,"2026-08-06 15:14:01",b68e44fc-69df-4464-9644-f2d27367731f
91106,97187,3,,9236,"2026-08-06 15:14:34",f4578103-a835-4014-bc71-f140356a5c32
91085,97159,1,,9236,"2026-08-06 15:03:52",cd8554bc-1d13-44c6-9006-aa2520e2dda8
91086,97159,3,,9236,"2026-08-06 15:04:11",c7d012de-78c9-4b61-99cd-9c7152f37401
91087,97160,1,,9236,"2026-08-06 15:04:29",f8ad1e8f-881a-4d00-b6ff-b6064c49bf46
91088,97160,3,,9236,"2026-08-06 15:04:39",2c067482-fb05-43c0-bb31-956dfe19ea08
90390,96712,1,,9236,"2026-08-05 14:55:37",496142ce-b25d-4cdf-9d23-f1345be8ce26
90391,96712,3,,9236,"2026-08-05 14:55:58",f3b604f5-8662-432b-8ecb-83fe7f2942e3
91071,97152,1,,9236,"2026-08-06 14:46:44",69a7b9d6-130c-4de9-a25d-b2ae84d0924f
91072,97152,3,,9236,"2026-08-06 14:46:57",7c3047b6-dfeb-49d3-96f1-db507a040ca1
91073,97153,1,,9236,"2026-08-06 14:47:11",81a8fed6-32a5-4797-9da8-3926db48e899
91074,97153,3,,9236,"2026-08-06 14:47:26",2aee7996-5fc7-4da2-a3c6-dc53db551865
91109,97191,1,,9236,"2026-08-06 15:17:11",cd9e3ce6-ed32-4dc1-87dc-7563d9c510df
90384,96709,1,,9236,"2026-08-05 14:53:33",004531fa-b551-4183-a3bc-5a296538711c
90385,96709,3,,9236,"2026-08-05 14:53:46",1fb11607-a178-4aef-9e43-ad5a4c1f25de
90696,96895,1,,9236,"2026-08-05 19:28:26",89fdefd6-82b0-4a5a-ac1c-6f19f17d9fcd
90697,96895,3,,9236,"2026-08-05 19:28:41",99c0ae05-fff4-449b-a661-22f6a1cf332b
90698,96896,1,,9236,"2026-08-05 19:29:32",4adbd153-352b-451e-b23d-d53ff6e615ed
90699,96896,3,,9236,"2026-08-05 19:30:59",2503b300-8cc3-4385-bf9c-86ea929559e8
91095,97167,1,,9236,"2026-08-06 15:09:36",3b32b86c-8e94-4255-9001-0efc91952cee
91096,97167,3,,9236,"2026-08-06 15:09:49",f27a68f9-2b13-460d-b2dd-78b818b8c72b
91097,97169,1,,9236,"2026-08-06 15:10:00",d4aa2c28-928a-49a6-9997-5af4e704e65e
91098,97169,3,,9236,"2026-08-06 15:10:12",28ff383f-0463-42db-b10a-af15a8fa80b6
91101,97183,1,,9236,"2026-08-06 15:11:37",9d4e212c-1032-49b9-be24-eb5da6b64d9d
91102,97183,3,,9236,"2026-08-06 15:11:46",d09d2e33-4501-40b8-99a8-3ecc11690421
91099,97184,1,,9236,"2026-08-06 15:11:08",5af06b59-281f-4560-b4d8-7d6e7185fc4e
91100,97184,3,,9236,"2026-08-06 15:11:21",4f177b04-f94f-4ef3-b2c3-ca12d402cb36
90351,96698,1,,9236,"2026-08-05 14:38:35",a5fd9683-0da7-4c0b-9e8c-fbaa2202a1c8
90352,96698,3,,9236,"2026-08-05 14:38:49",ce496ca8-40c4-4945-a6de-f6a6d9435ae4
90711,96903,1,,9236,"2026-08-05 19:48:58",94b5d326-dea9-4a98-b000-dce25064585a
90712,96903,3,,9236,"2026-08-05 19:49:17",d8d66aa9-921f-4b45-a0c5-154521bdea79
92680,96903,1,,9236,"2026-08-10 21:17:03",c097bc31-d742-4b48-9349-f2237bc64074
92681,96903,3,,9236,"2026-08-10 21:17:25",51f3cde2-ab8d-4652-a584-cec72488a416
92682,96903,1,,9236,"2026-08-10 21:17:27",6207bcc3-ab02-4cc9-887b-7f2e3d134e2c
92683,96903,3,,9236,"2026-08-10 21:17:54",a0933f5e-b2fe-4e4c-84ab-01e1c40baa7e
90713,96904,1,,9236,"2026-08-05 19:49:32",7a61a8ed-2c77-493b-b604-79792232e640
90714,96904,3,,9236,"2026-08-05 19:49:52",84fcbf38-ec4e-4b34-918c-e261460fd3c5
90370,96703,1,,9236,"2026-08-05 14:44:52",398ee64f-c9c8-4d38-ba42-9a7bbbd503ae
90371,96703,3,,9236,"2026-08-05 14:45:02",6281f9ef-fcc3-4817-9f8c-9ced7f62a446
90393,96714,1,,9236,"2026-08-05 14:57:52",9a0f0066-b197-4f43-bb27-373555f92947
90700,96897,1,,9236,"2026-08-05 19:33:54",c294570b-f0ff-413f-87b3-e5cdbb940598
90701,96897,3,,9236,"2026-08-05 19:34:20",3c6e37be-c45a-406e-83e7-7d9a51b8dcd8
92677,96897,1,,9236,"2026-08-10 21:15:39",3403c07a-3197-4609-943f-eda3013aadbb
92678,96897,3,,9236,"2026-08-10 21:16:12",718b0720-e424-4518-9591-77228e0a9d6e
90702,96898,1,,9236,"2026-08-05 19:34:33",6d239d29-c7fa-4611-a0e3-96061ef891ad
90703,96898,3,,9236,"2026-08-05 19:34:55",060b7d07-0bed-4d17-89f2-6c0d631ad8f0
91081,97155,1,,9236,"2026-08-06 15:00:37",59863ac4-9394-4596-989f-21c721b31d0e
91082,97155,3,,9236,"2026-08-06 15:00:56",6d69c6bf-77de-419c-9689-6d378f148841
91083,97157,1,,9236,"2026-08-06 15:01:13",88f86227-e06f-48c1-89e1-63a5df613cc1
91084,97157,3,,9236,"2026-08-06 15:01:22",ae678e26-3923-44db-a86c-2321ed1d18c3
91107,97188,1,,9236,"2026-08-06 15:15:05",d7ab733e-35dc-4223-aa52-853ea3e0d0e9
91108,97188,3,,9236,"2026-08-06 15:15:25",f8ef4043-7041-42d1-befc-a855d2f3fcfd
91112,97195,1,,9236,"2026-08-06 15:18:47",f6db6a2a-c34a-41ad-8ef0-035d80a5c0dc
91113,97195,3,,9236,"2026-08-06 15:19:00",abc8a3c7-20fe-4b97-b664-f59f64a55633
91110,97196,1,,9236,"2026-08-06 15:18:22",8fb9c10e-1366-48b1-99d2-05a66a2847d6
91111,97196,3,,9236,"2026-08-06 15:18:36",1a6a751c-16b4-4b78-b5dd-40f23525e94e
94171,99872,2,,15481,"2026-08-18 16:50:37",6ce50f77-a785-46fc-8410-1a3830e341d6
90704,96899,1,,9236,"2026-08-05 19:37:04",301a1aa4-6aa2-4220-86f3-b8191540bd4e
90706,96899,3,,9236,"2026-08-05 19:37:42",1b503821-f274-4b62-ac1b-e4a48fd99823
90378,96706,1,,9236,"2026-08-05 14:50:32",8a215c1b-1c6b-46c5-8a6b-1a83fdfea565
90379,96706,3,,9236,"2026-08-05 14:50:46",954c9129-0273-4d71-9cb3-72cbbf13c66a
90368,96704,1,,9236,"2026-08-05 14:44:06",704fda25-2a09-4eb1-bf07-2a228272dbb9
90369,96704,3,,9236,"2026-08-05 14:44:15",adf65a4e-1eaa-43be-926f-b72d0adf3337
90725,96912,1,,9236,"2026-08-05 20:04:57",3ab3561e-f1af-4743-843a-50d1ae5aa2b1
90726,96912,3,,9236,"2026-08-05 20:05:26",664fc41a-47da-466e-87d0-b07525a38809
91117,97200,1,,9236,"2026-08-06 15:24:32",91d29608-dcee-4c42-81da-2b1480a4e015
91118,97200,3,,9236,"2026-08-06 15:24:41",b3a813db-0809-46d3-94ca-ee89080229f9
91119,97201,1,,9236,"2026-08-06 15:24:55",06a8ac55-fc11-4895-be0b-40f7a3caf6b5
91120,97201,3,,9236,"2026-08-06 15:25:08",3a12e86c-5a6e-4740-9d89-10ecc6fde6ce
91121,97202,1,,9236,"2026-08-06 15:25:19",7485e3b6-0a1f-431e-b4f3-3b5cbee14f4c
91122,97202,3,,9236,"2026-08-06 15:25:29",18619362-5e12-4421-9dab-611051356fc6
91132,97209,1,,9236,"2026-08-06 15:31:49",4f9606d6-d25c-4e83-b4e0-45ea8a7a7f4b
91133,97209,3,,9236,"2026-08-06 15:32:03",966b3fa0-bb07-4e29-9aab-d4e06efaef8b
91134,97210,1,,9236,"2026-08-06 15:32:23",b6732d34-ffd6-4422-afc5-2e384568f54f
91135,97210,3,,9236,"2026-08-06 15:32:40",1094306c-57d2-410a-8fba-359177720620
90362,96701,1,,9236,"2026-08-05 14:42:04",8c27f46f-4422-4847-8a99-701649260a91
90363,96701,3,,9236,"2026-08-05 14:42:21",29d2259b-ec60-4108-a53e-33fc156e28b9
91136,97212,1,,9236,"2026-08-06 15:34:43",865d37c1-5770-42c3-893e-6978c4af904b
91137,97212,3,,9236,"2026-08-06 15:34:56",5190d43c-60a8-4dd4-8dfb-bfb835af6497
91139,97213,1,,9236,"2026-08-06 15:35:08",b0905c94-8f8b-4dba-bb89-5c2f13912a01
91140,97213,3,,9236,"2026-08-06 15:35:29",05b8ab55-54e0-4e25-83d7-feae82f1f583
90719,96907,1,,9236,"2026-08-05 19:59:09",505dc5b9-79fb-4d71-bb77-770fd0b8eff5
90720,96907,3,,9236,"2026-08-05 19:59:43",0345c402-799e-4663-bd72-1ba2c6778e40
90721,96908,1,,9236,"2026-08-05 20:00:30",fa68224b-8335-4d58-bd8d-fb559cbf87ff
90722,96908,3,,9236,"2026-08-05 20:00:56",b63f1e03-ba73-4542-a851-515ad2d6ce87
90723,96909,1,,9236,"2026-08-05 20:01:09",6d2a6c2a-2ddb-49a6-9273-ca2de451b2b9
90724,96909,3,,9236,"2026-08-05 20:01:22",62088821-028c-4844-b2ce-570b9eaef3cb
90353,96699,1,,9236,"2026-08-05 14:39:29",529136fe-3371-4aea-b02b-78df3b60726c
90354,96699,3,,9236,"2026-08-05 14:39:39",124287d2-35cb-4420-9aac-69179b0a12f2
90731,96915,1,,9236,"2026-08-05 20:14:04",f7d6d9d8-2708-4154-b833-6ad04cd45ac7
90732,96915,3,,9236,"2026-08-05 20:14:20",ef3fe07c-ae36-418f-9ba2-969a85fe42df
90733,96916,1,,9236,"2026-08-05 20:14:30",d9c533f1-3f0e-4240-866d-a1c094fb9cb8
90734,96916,3,,9236,"2026-08-05 20:14:42",86bef487-2d46-48ac-a446-4b796a1d308c
90709,96901,1,,9236,"2026-08-05 19:42:58",84331228-0cfc-4691-aab2-a10208eb0357
90710,96901,3,,9236,"2026-08-05 19:43:36",25f90412-f376-4f6d-a5fe-46f910a8f1f0
90715,96905,1,,9236,"2026-08-05 19:52:08",0a5802cc-a887-481b-9a85-f3c6c24a828c
90716,96905,3,,9236,"2026-08-05 19:52:22",f5d86c0e-6e2f-43a6-a318-f88ed9e66c6a
90717,96906,1,,9236,"2026-08-05 19:52:31",c8bd47c9-50b3-4e2e-81da-fa1d3afcad44
90718,96906,3,,9236,"2026-08-05 19:52:51",ae07d17c-7669-494d-9846-de2df327c11b
91130,97207,1,,9236,"2026-08-06 15:29:52",766c82b0-2689-49a5-904a-95c745a8a7c4
91131,97207,3,,9236,"2026-08-06 15:30:02",e47fb166-7c40-4d34-826d-696a4ffa745f
91128,97208,1,,9236,"2026-08-06 15:29:25",2a263016-5b4e-4ddf-acd3-c34d24ee02d9
91129,97208,3,,9236,"2026-08-06 15:29:39",826dcbe1-4671-4ce5-aa77-45f9d9ec6be4
91089,97161,1,,9236,"2026-08-06 15:06:10",25605d5d-ab52-4b4d-b438-7be5ca9b3296
91090,97161,3,,9236,"2026-08-06 15:06:36",7b495b65-c382-4cc0-8bee-23cca21a3aac
91091,97162,1,,9236,"2026-08-06 15:06:52",7c8632e3-6e0f-499a-a409-2bc025ac3c87
91092,97162,3,,9236,"2026-08-06 15:07:19",b9790b2c-33ea-4d69-b9a6-979ed68757a7
90416,96725,1,,9236,"2026-08-05 15:45:36",2ff2fce3-9f8d-4f66-a4fe-65dfef9da2b8
90417,96725,3,,9236,"2026-08-05 15:46:04",53f0b0f6-e4b7-4a8f-a679-21fbbd299dd4
90418,96726,1,,9236,"2026-08-05 15:46:56",16ca4c8d-8d37-42bc-82c1-22095b56d08c
90419,96726,3,,9236,"2026-08-05 15:47:11",2d11b601-25a3-4cc5-b336-6c63988ffb61
90727,96913,1,,9236,"2026-08-05 20:06:25",961d549c-94e2-41c9-9463-558167bffea4
90728,96913,3,,9236,"2026-08-05 20:06:44",b32ad314-5498-43cd-aac7-71b6cc0c7dee
90729,96914,1,,9236,"2026-08-05 20:07:00",db004197-d71a-4301-a902-1e02ea2383e3
90730,96914,3,,9236,"2026-08-05 20:07:18",a5977972-76e8-48a4-a30c-068a4600a0c1
90386,96710,1,,9236,"2026-08-05 14:54:12",b3fdf59e-9d40-40d0-b189-55b9fa6e315d
90387,96710,3,,9236,"2026-08-05 14:54:19",b3b21e68-9537-4a6c-bdba-b2aa65c76f37
91115,97197,1,,9236,"2026-08-06 15:23:22",cde93052-53c6-46a0-a4e8-4029fabb7b18
91116,97197,3,,9236,"2026-08-06 15:23:43",d75e8883-7df1-42b5-9722-a0b529a735b4
90412,96721,1,,9236,"2026-08-05 15:39:11",ac44bc00-2a47-492c-b2a7-acee774cf41c
90413,96721,3,,9236,"2026-08-05 15:40:31",dddfcb8b-e221-40cd-b6a6-0b74dd6062e2
90414,96722,1,,9236,"2026-08-05 15:41:00",f78823a2-5bf2-43c0-bafa-50afa9916c8d
90415,96722,3,,9236,"2026-08-05 15:41:13",04d3d39e-7e5b-49e3-a486-0c5407736c94
90749,96924,1,,9236,"2026-08-05 20:29:50",5c3fb682-75d5-4dbf-acb4-49cd807311ec
90750,96924,3,,9236,"2026-08-05 20:29:59",6a15f6bc-307e-4637-b623-cc974dd163ee
90751,96925,1,,9236,"2026-08-05 20:30:12",756c360e-ae66-47b4-a50c-27d21698664e
90752,96925,3,,9236,"2026-08-05 20:30:26",52958ef2-ca22-4924-8f96-e400be15d9ca
90380,96707,1,,9236,"2026-08-05 14:51:17",f1a8e55f-013b-456a-b55e-d033f313b9ea
90381,96707,3,,9236,"2026-08-05 14:51:27",e732c469-efa9-4970-9ea9-1c0eab11d2b6
90421,96731,1,,9236,"2026-08-05 15:52:43",5fd49784-89cd-4cd6-aa5e-8f362e893503
90422,96731,3,,9236,"2026-08-05 15:53:03",23023a65-0b2c-4767-a3fe-3fb75ad38842
90423,96732,1,,9236,"2026-08-05 15:53:25",0dd21735-31e1-4b0e-a913-df02dff741b1
90424,96732,3,,9236,"2026-08-05 15:53:40",903f0e6f-6cd2-4c27-8c53-d978c729e0d9
90759,96929,1,,9236,"2026-08-05 20:35:18",4551d9a6-6701-4326-b9ca-b2fe7b440fba
90760,96929,3,,9236,"2026-08-05 20:35:34",46aa9533-cf1c-47ed-8dec-9e334e41b32d
90761,96930,1,,9236,"2026-08-05 20:36:00",5770ab25-8aaf-45d9-823d-d4796949c99c
90762,96930,3,,9236,"2026-08-05 20:36:17",ff78d11e-96de-4a9e-9822-9e105112b265
91142,97215,1,,9236,"2026-08-06 15:38:19",147dc149-f0ab-44b5-9144-24da06bf0df7
91143,97215,3,,9236,"2026-08-06 15:38:28",3f7c53e5-4833-4acf-97c4-bbce5cf1afa0
91144,97217,1,,9236,"2026-08-06 15:38:52",a1736493-e52f-427f-84bf-0e6c96f01d93
91145,97217,3,,9236,"2026-08-06 15:39:02",ad30445a-26bd-4d33-a11c-78e946eb807c
90772,96937,1,,9236,"2026-08-05 20:49:34",1877c436-96b9-4d31-8eef-1ca8916913cf
90773,96937,3,,9236,"2026-08-05 20:49:55",22b5eb24-8450-42ab-9762-b08421424c10
90774,96938,1,,9236,"2026-08-05 20:51:39",99ffa9ec-3e8b-40ef-8781-8e004effeadb
90775,96939,1,,9236,"2026-08-05 20:52:31",80a95ef4-d2ac-4851-a4b0-3464004cad29
90776,96939,3,,9236,"2026-08-05 20:53:39",ff7397f9-30e1-4705-9aeb-83af0b5bc788
90753,96926,1,,9236,"2026-08-05 20:31:47",4d807296-3916-4352-a6e9-c46d011f5c9b
90754,96926,3,,9236,"2026-08-05 20:32:00",b010047b-669f-40e4-a7c0-87e1c08c1807
90755,96927,1,,9236,"2026-08-05 20:32:22",c9158e73-b2c2-4558-a3a2-8e13e803d71f
90756,96927,3,,9236,"2026-08-05 20:32:32",6c6e8e56-35ce-4770-b9a9-3db5aca8a6af
90757,96928,1,,9236,"2026-08-05 20:32:44",f9cb34f7-a426-4386-88e5-66d591758113
90758,96928,3,,9236,"2026-08-05 20:32:53",4ec8a283-c2ca-45ba-9731-9fdeeb7d73fb
90459,96730,1,,9236,"2026-08-05 16:21:03",fc25ed2b-0206-4651-8bf9-17e775d6d92e
90460,96730,3,,9236,"2026-08-05 16:21:26",b5105b34-9a50-4545-a945-90b9186545bd
91148,97221,1,,9236,"2026-08-06 15:40:28",6e49fb4f-e4f4-4da6-86fa-104ca16d68ae
91149,97221,3,,9236,"2026-08-06 15:40:36",dd79c08f-1414-4621-8d4a-811ceee20055
91146,97222,1,,9236,"2026-08-06 15:40:04",f86b8c02-fc93-4223-8198-c7077cc1716b
91147,97222,3,,9236,"2026-08-06 15:40:17",4fed5315-7b35-4248-aaa5-7c647892554e
91190,97245,1,,9236,"2026-08-06 15:59:59",1f0f72dd-8280-4500-94be-5cdd830dd3a0
91191,97245,3,,9236,"2026-08-06 16:00:22",c83e4533-bf1d-4d32-a594-957839e44c27
91123,97203,1,,9236,"2026-08-06 15:26:31",e77b26b1-f33b-40bd-9495-09685be1eff9
91124,97203,3,,9236,"2026-08-06 15:26:41",2c1436ac-4955-4102-a130-d86b4cb51141
91127,97204,1,,9236,"2026-08-06 15:27:22",3293346a-10d8-4955-b96e-289ecc877ee0
91125,97205,1,,9236,"2026-08-06 15:26:59",a67fda28-bc14-4861-b8ce-13c2b358abee
91126,97205,3,,9236,"2026-08-06 15:27:09",46a80c03-a4f4-4ee2-adcb-006ea7b82e3f
90408,96723,1,,9236,"2026-08-05 15:09:48",4e02c313-8df9-4235-bb50-d268f8fd89a2
90407,96724,1,,9236,"2026-08-05 15:07:50",195410c7-96bd-4806-855c-5f45124c33ab
90745,96922,1,,9236,"2026-08-05 20:27:01",fdf45cf3-2952-4291-9e44-a279c76736ee
90746,96922,3,,9236,"2026-08-05 20:27:14",dc5b5c4c-fb53-4d82-b3f6-149a7a898d61
90747,96923,1,,9236,"2026-08-05 20:27:33",c49d285c-2412-4509-b2c9-8f9e8e8aa47d
90748,96923,3,,9236,"2026-08-05 20:27:43",1507b146-0f65-4db3-943e-0c0b9c1404c2
91179,97239,1,,9236,"2026-08-06 15:55:45",fe0d17a3-c05f-4e5a-a31a-e8f3f82f6d21
91180,97239,3,,9236,"2026-08-06 15:56:10",b7c47bb8-be94-4188-a7ab-97596d44f654
91181,97241,1,,9236,"2026-08-06 15:56:40",a60bfccf-4477-4aca-a1e6-00f810bdc15e
91182,97241,3,,9236,"2026-08-06 15:56:49",894f353a-fc2a-40e3-a388-e43d6217a49e
90765,96931,1,,9236,"2026-08-05 20:42:23",f3a9675f-a9df-47fe-a3d5-323c40a29d43
94001,96931,1,,16222,"2026-08-18 15:21:19",b9ccd16c-fd9c-496c-a996-bc078f83818d
90777,96943,1,,9236,"2026-08-05 20:59:32",d38f62c1-637f-4ece-9f17-333835697094
90778,96943,3,,9236,"2026-08-05 20:59:59",b4b4ab27-cddd-419b-864d-aa853c6d3f0f
90779,96944,1,,9236,"2026-08-05 21:04:06",4419e432-92a3-48c3-9cf3-6d1cb035349a
90780,96944,3,,9236,"2026-08-05 21:04:39",afc34cb3-c8c9-4ad7-ab25-03e3cf6cefba
90781,98289,3,,9236,"2026-08-05 21:06:48",34b8bea0-5b6e-4c0c-8ad0-7efa810b3243
90783,98289,1,,9236,"2026-08-05 21:07:50",cba24a52-7f06-436d-9f6f-5390a881f5f4
90784,98289,3,,9236,"2026-08-05 21:08:09",3cc17fc7-75bb-4657-8df8-55a46d6a735e
90742,96920,1,,9236,"2026-08-05 20:22:45",da2a8ca0-19cb-4945-b22b-9c7f0a179c76
90744,96920,3,,9236,"2026-08-05 20:25:19",2474d461-4fc2-4561-9496-9e054b522aa6
90740,96921,1,,9236,"2026-08-05 20:21:45",4aaac7e3-5bf2-4cc2-be7f-e3f6e83371fa
90741,96921,3,,9236,"2026-08-05 20:21:57",e6174fdb-5739-4022-a4a6-6031f844e322
91183,97242,1,,9236,"2026-08-06 15:58:04",e7f9ac21-bdaa-4b9b-8996-06b1f70d1746
91184,97242,3,,9236,"2026-08-06 15:58:17",622dd8c3-14c4-4f66-8b77-f8ad5e9cc2b5
91185,97243,1,,9236,"2026-08-06 15:58:28",afadd507-72e6-47c5-bd25-b7f126ffb217
91186,97243,3,,9236,"2026-08-06 15:58:36",acb508ef-790b-45c6-83a3-3f05abf2f09b
91150,97223,1,,9236,"2026-08-06 15:41:25",7760f20a-a33b-4d4e-b664-cde614406e77
91151,97223,3,,9236,"2026-08-06 15:41:36",c758f0c2-ca54-412c-bfa7-78d8b455cbf0
91152,97224,1,,9236,"2026-08-06 15:41:53",36ad494a-be64-4df1-91a3-5ac511d5beb7
91153,97224,3,,9236,"2026-08-06 15:42:05",dfa6f2a5-6920-40f8-b2a1-f54995c50425
91154,97225,1,,9236,"2026-08-06 15:42:17",6673bd27-ea79-43be-aab0-0dda13945ec3
91155,97225,3,,9236,"2026-08-06 15:42:29",60332446-55c7-4d3e-a069-bcab774aed4f
91156,97226,1,,9236,"2026-08-06 15:46:10",f1485390-66fc-4387-b5cd-6a0c1ee6ddba
91157,97226,3,,9236,"2026-08-06 15:46:19",92d99700-d589-4182-bb8c-98956212679d
91158,97228,1,,9236,"2026-08-06 15:46:36",ffe5ee3f-7a37-427f-8a07-d00e4664257d
91159,97228,3,,9236,"2026-08-06 15:46:49",3a1dda6c-a5a3-408b-bb45-ed13f9bc283e
90382,96708,1,,9236,"2026-08-05 14:52:05",1f1c1432-b678-4146-895d-f6d1c76bf060
90383,96708,3,,9236,"2026-08-05 14:52:14",129ad4ed-52d3-4f2c-bb15-5341c2f308dc
90409,96733,1,,9236,"2026-08-05 15:12:46",49d0db05-10a0-4ba1-9013-ee30764946c5
92299,96733,3,,9236,"2026-08-07 19:38:43",9da87355-6344-4fc5-b2c7-6b9711864b2d
90804,96970,1,,9236,"2026-08-05 21:30:51",6d785132-90ee-4b10-923c-ebad8fe520ae
90805,96970,3,,9236,"2026-08-05 21:31:20",6f57e6ba-692d-4a67-ab8a-f27bfbeba9ad
90806,96971,1,,9236,"2026-08-05 21:32:16",92298f5a-915e-48b1-8231-270d958d2b8b
90807,96971,3,,9236,"2026-08-05 21:32:41",d47156ae-5d4e-4294-80c8-1bdbb74e303c
94170,99871,3,,16222,"2026-08-18 16:44:32",729e451b-5ce1-4559-9bed-bc035c267db2
90796,96961,1,,9236,"2026-08-05 21:24:23",253e18ea-5346-4bc9-93b0-1702dbd97e82
90797,96961,3,,9236,"2026-08-05 21:24:52",20d5d045-3175-4679-901b-7144124fcbfc
90788,96948,1,,9236,"2026-08-05 21:13:13",618abdec-d370-49ba-9747-cc989c3b5535
90789,96948,3,,9236,"2026-08-05 21:13:35",0789340e-64f5-4509-b745-a157790aaf15
90420,96727,1,,9236,"2026-08-05 15:49:32",9c40fbf9-2b89-4cb1-a8a1-84b81798ebd3
90457,96727,3,,9236,"2026-08-05 16:19:55",1f2bd1c9-97a6-473c-9afa-a5d2ffd0b891
93680,99549,3,,16222,"2026-08-17 14:57:05",d37794b6-3008-4008-9297-2e2ca14d14b7
93685,99549,2,,16222,"2026-08-17 15:03:43",4c74854f-4c95-40b5-ad87-ee39abfde446
93686,99549,3,,16222,"2026-08-17 15:03:52",799a1879-737c-4632-b846-d06d96befbb2
91194,97251,1,,9236,"2026-08-06 16:02:43",10a57df4-3a9b-445e-bf87-f06f3d6a6587
91195,97251,3,,9236,"2026-08-06 16:02:59",8b780b99-bfa8-4f82-afcc-0ffb56b6fd39
91196,97252,1,,9236,"2026-08-06 16:03:19",fb45c531-2fdc-45a3-b559-5e3476908cc6
91197,97252,3,,9236,"2026-08-06 16:03:33",43b77729-aa81-45d8-bade-3efad7dcd4c2
90812,96980,1,,9236,"2026-08-05 21:38:16",a92e9245-dab8-44d4-802c-2a38227f832c
90813,96980,1,,9236,"2026-08-05 21:38:34",5f0358d2-a94f-4ebc-b9e3-5f35aa95370d
90798,96966,1,,9236,"2026-08-05 21:27:15",29f95d10-bf5d-4707-b5df-49f285157f1a
90799,96966,3,,9236,"2026-08-05 21:27:36",125bd413-715b-46c2-8098-215c0e032d6e
90800,96967,1,,9236,"2026-08-05 21:28:03",b6cb609a-a305-48b9-948f-eeb781771322
90801,96967,3,,9236,"2026-08-05 21:28:21",814f22c6-49d4-4700-aa24-b00b7fbb8a3d
90802,96967,1,,9236,"2026-08-05 21:28:44",048294d9-760a-4277-a1a3-fd2676a53076
90803,96967,3,,9236,"2026-08-05 21:28:59",d85fe76b-fe82-4ef2-a538-0231d48f62fb
91175,97236,1,,9236,"2026-08-06 15:54:37",c9730712-a2cf-4c53-94e5-60cf2c6d6453
91176,97236,3,,9236,"2026-08-06 15:54:49",2b8f7bb3-368d-4c41-8ff6-ef21d0d5f5fd
91172,97237,1,,9236,"2026-08-06 15:51:49",219bab8b-13bb-4db2-a2d3-156731e972d2
91173,97237,3,,9236,"2026-08-06 15:52:07",ec38902d-b638-4d32-90eb-9872dea8db62
91174,97238,1,,9236,"2026-08-06 15:53:33",c0b95029-41fe-47c5-a779-f542890b0a2b
91177,97238,2,,9236,"2026-08-06 15:54:55",1c39fd97-bc3f-4b9b-b53f-b07df37900f1
91178,97238,3,,9236,"2026-08-06 15:55:00",c2480b2e-cf89-4bf5-8986-78f5767b62f0
91201,97255,1,,9236,"2026-08-06 16:05:15",586804b6-368e-4ed5-b717-6a213866219a
91202,97255,3,,9236,"2026-08-06 16:05:25",86c6bc1d-e5e5-42ee-9d1b-96863f2ad9ae
91199,97256,1,,9236,"2026-08-06 16:04:45",4f826fb6-b02e-43a5-83ec-be70c2d5a908
91200,97256,3,,9236,"2026-08-06 16:04:58",71804885-ca77-4dfd-af1f-4479df9eb8b3
92883,98565,2,,16382,"2026-08-12 12:32:33",bcbfb7df-d308-4181-9505-0da22fb31e05
92885,98565,3,,16222,"2026-08-12 12:37:29",deee218a-c1e6-4e54-a949-964d1de5a187
92724,98567,2,,16222,"2026-08-11 13:15:05",bc85b479-5494-4669-8577-8d9a9013a345
92726,98567,2,,15668,"2026-08-11 13:17:39",a2f71290-a39f-4da8-84fc-4a9571875a16
92727,98567,4,,15668,"2026-08-11 13:17:40",93ce898f-cafa-4152-8df1-c725d8c47916
93853,98567,3,,16222,"2026-08-17 21:07:46",b2180fe6-2caf-41ec-ae53-4fd2bdd5ad0e
90425,96735,1,,9236,"2026-08-05 15:57:19",37e3d394-2571-4b12-8f9f-2d1505e969da
90426,96735,3,,9236,"2026-08-05 15:57:44",9ddba201-7e15-4497-820d-5a188b31e418
90427,96736,1,,9236,"2026-08-05 15:58:02",a6089f39-8ec4-4b6f-97c9-7be431b7a18f
90428,96736,3,,9236,"2026-08-05 15:58:36",fc3f9ac8-1efe-4890-91c8-6eb1a5f47ba6
92285,96737,1,,9236,"2026-08-07 18:31:41",7f24e45a-34e8-4c20-a095-6fc69213f348
92298,96737,3,,9236,"2026-08-07 19:34:35",6b4032c4-0048-43bd-9bc0-591ec8fb8e77
90790,96955,1,,9236,"2026-08-05 21:16:38",90726338-1c79-41a0-a464-65b6f21aacd4
90791,96955,3,,9236,"2026-08-05 21:16:58",4002a7be-5738-49c6-b583-53e0c557118d
90792,96956,1,,9236,"2026-08-05 21:18:22",9e8b61a5-6111-4654-b386-653f1d571b01
90793,96956,3,,9236,"2026-08-05 21:18:42",63113db2-fca2-4ee3-bef9-fb815fb13df2
90794,96957,1,,9236,"2026-08-05 21:19:14",6265d5e9-ad44-4bbe-a60d-6b26608922bc
90795,96957,3,,9236,"2026-08-05 21:20:09",a6a3c54b-5790-44de-b278-5f45e21b436c
91166,97232,1,,9236,"2026-08-06 15:49:22",4c92e006-7449-4cfc-92e7-e87ef5a93577
92802,97232,4,,16222,"2026-08-11 18:56:26",a86a3e38-cb15-40fb-990c-9e6587dbe88a
92805,97232,1,,16222,"2026-08-11 18:57:56",f8bd9008-c61b-462b-8aac-8c977718a989
92806,97232,3,,16222,"2026-08-11 18:59:08",6bf8ba5a-e076-4d47-ae44-c983956a5518
91167,97233,1,,9236,"2026-08-06 15:49:56",873362f8-0e8b-4fa0-a235-aa6d827d4d46
91168,97233,3,,9236,"2026-08-06 15:50:09",b4595bcc-4a0b-42ac-a872-75c3aed6da07
92807,98939,3,,16222,"2026-08-11 19:04:45",b48a0638-d4c1-476d-b559-4323dadf1ac3
92809,98939,1,,16222,"2026-08-11 19:08:38",9939b59c-3f13-4607-8433-4a1136641020
92810,98939,3,,16222,"2026-08-11 19:08:56",0c4918ed-5cfb-4fb4-8e1b-a6565ee33295
91220,97266,1,,9236,"2026-08-06 16:20:25",cd3dacd5-7808-4911-bf54-32ecce970aa2
91221,97266,3,,9236,"2026-08-06 16:20:43",1156e0c9-2a95-4a3e-a45e-d9c8f383c9a6
91222,97268,1,,9236,"2026-08-06 16:20:57",bea3e752-74f6-48bb-b1f8-c8247ad7caf1
91223,97268,3,,9236,"2026-08-06 16:21:07",0d56532b-4470-427e-99d9-aaab1417bddf
90735,96917,1,,9236,"2026-08-05 20:16:41",eb352428-f487-4684-8508-756d188dbc78
90736,96917,3,,9236,"2026-08-05 20:16:57",b74aa73e-a5fa-4074-bf2e-d3e23e2e72aa
90737,96918,1,,9236,"2026-08-05 20:17:21",5bce3a22-3879-4b42-8509-926520958e61
90738,96918,3,,9236,"2026-08-05 20:17:48",d7b299de-8add-4ff2-bb0a-1eca1a53671f
91218,97263,1,,9236,"2026-08-06 16:18:15",bb92b25c-ddfa-4139-90ae-cc15b9b7a82f
91219,97263,3,,9236,"2026-08-06 16:18:32",e6a02c75-7419-47f2-85b9-4692435e1f61
91214,97260,1,,9236,"2026-08-06 16:17:00",00ba7416-0480-4ac3-9a91-d3ba69424fb7
91215,97260,3,,9236,"2026-08-06 16:17:21",c6016c3c-dc1b-4786-9f67-753039334cfe
91216,97262,1,,9236,"2026-08-06 16:17:43",7e4f90a9-15e8-4a96-936d-2e9ba0d25ad3
91217,97262,3,,9236,"2026-08-06 16:17:53",5a215e5d-4d2c-4f56-9843-41d0a5734d27
91226,97272,1,,9236,"2026-08-06 16:23:53",5d15f769-24bb-426f-b1f5-f291531eece8
91227,97272,3,,9236,"2026-08-06 16:24:02",a6f050a4-a8e4-4924-9987-eb3a3bf91447
91228,97274,1,,9236,"2026-08-06 16:24:22",6b6c06f8-8486-451a-badc-751472eaa8b7
91229,97274,3,,9236,"2026-08-06 16:24:33",9b136763-a0c4-45e9-9f52-a8332efcbad7
91161,97229,1,,9236,"2026-08-06 15:47:41",24f200db-e688-48c4-bc06-09650da4a440
91162,97229,3,,9236,"2026-08-06 15:47:53",816919af-a898-47c3-9f8a-4de1e9a0a791
91163,97231,1,,9236,"2026-08-06 15:48:14",4cfff5f0-d7b3-4450-ad11-97595b353111
91164,97231,4,,9236,"2026-08-06 15:48:22",a8af9ff9-743a-454c-b176-d482d4240101
91165,97231,3,,9236,"2026-08-06 15:48:25",0844a066-85ef-4c10-9319-803437960257
92388,96741,1,,9236,"2026-08-10 15:18:23",7a758c9d-d0ed-4737-b2a6-727cca4db3e4
92389,96741,3,,9236,"2026-08-10 15:19:05",11aece42-22d3-4694-820b-d50c2e170b20
90429,96739,1,,9236,"2026-08-05 16:00:25",bcc472da-9242-4771-b786-8e468381e762
90431,96739,3,,9236,"2026-08-05 16:00:44",8139ef72-dbd2-4f04-9aa4-8234256abbb9
90432,96740,1,,9236,"2026-08-05 16:01:03",78bb5a9d-665e-4c55-a566-3bcc15e2fb13
90433,96740,3,,9236,"2026-08-05 16:01:21",ba49320d-7f88-4e63-9085-551e672f8af6
91212,97259,1,,9236,"2026-08-06 16:15:43",9dbd7536-1c3e-46d6-acc9-69fc1ba33f49
91213,97259,3,,9236,"2026-08-06 16:15:56",1584d7e9-7185-4887-8b8b-8234eb8ff05e
91240,97287,1,,9236,"2026-08-06 16:32:43",252cd441-cd07-4aac-ac0c-997590097b85
91241,97287,3,,9236,"2026-08-06 16:32:55",3dad9c07-31a4-4447-b0ec-c9020269211c
91242,97289,1,,9236,"2026-08-06 16:33:13",05cdb13e-15fa-4c05-86b4-d6e31995c768
91243,97289,3,,9236,"2026-08-06 16:33:24",25a1caed-af91-415d-a413-573166596791
91244,97290,1,,9236,"2026-08-06 16:34:27",8eb3a010-3da0-4f4b-b7b9-168897518c2b
91245,97290,3,,9236,"2026-08-06 16:34:42",5b55cf2e-7247-4247-92c8-ab5bb94bf818
91224,97269,1,,9236,"2026-08-06 16:22:06",adfd5bdd-5a10-4a17-8114-b8fa55e73e55
91225,97269,3,,9236,"2026-08-06 16:22:31",08345390-e416-4597-9b49-06049531b267
90816,96984,1,,9236,"2026-08-05 21:41:50",18257e24-1e10-4dcd-b6dc-ae445ab5a11c
90817,96984,3,,9236,"2026-08-05 21:42:13",be296276-8ea7-416d-a984-a7dd4fb07f06
90818,96985,1,,9236,"2026-08-05 21:43:02",27b7aec5-2314-4026-95e6-b39bfd3dcb0d
90819,96985,3,,9236,"2026-08-05 21:43:22",9141ef50-bca5-4f1e-b625-f6a612397f76
90814,96988,1,,9236,"2026-08-05 21:40:46",147904bc-02fe-4f28-8733-ee65b43c22ee
90815,96988,3,,9236,"2026-08-05 21:41:30",afdf200a-bbbb-4000-978c-0e920dc7e1ff
90442,96751,1,,9236,"2026-08-05 16:08:25",77facf51-fa1f-47e5-983d-e5b53c285854
90443,96751,3,,9236,"2026-08-05 16:08:39",eaa08fe1-ca04-43ac-a28e-0a78bb0ff4bb
90820,96989,1,,9236,"2026-08-05 21:45:13",811278c2-d7c6-40ce-81e1-0dcb8d365fa4
90821,96989,3,,9236,"2026-08-05 21:45:26",d7c4a3b4-e596-469e-83b2-792fa632cae3
93689,99570,1,,16222,"2026-08-17 15:16:13",7816715c-a96e-4dc2-a28d-b29ce8bf7cb4
93690,99570,3,,16222,"2026-08-17 15:20:29",81eff8ff-2b43-4439-b4ed-a682caff3742
92548,96743,1,,9236,"2026-08-10 17:06:54",0bde5e63-7562-4f70-80ef-d7f7f35181e0
92549,96743,3,,9236,"2026-08-10 17:07:32",436b19ea-a499-47e1-ae13-2b302c109bcf
92551,96744,1,,9236,"2026-08-10 17:08:06",6fcbe3c0-54d6-4063-9f29-4e1f6f694dde
92552,96744,3,,9236,"2026-08-10 17:08:16",9307e9c2-905b-4cd6-b142-bc39f17227f2
91248,97296,2,,9236,"2026-08-06 16:36:58",40425522-2460-4711-8330-7fb171612b04
91249,97296,1,,9236,"2026-08-06 16:37:00",72de2afe-514c-460b-8425-7749f0cf0bcb
91250,97296,3,,9236,"2026-08-06 16:37:10",6dc2e13b-8b53-4069-9843-74be3c540401
91251,97298,1,,9236,"2026-08-06 16:37:28",5b4ab0c8-a8d9-49f5-87d7-58dbe4e57168
91252,97298,3,,9236,"2026-08-06 16:37:36",fd54acc6-45eb-4e1f-a845-6f0818c15f00
92853,98878,2,,15692,"2026-08-12 11:19:31",ec414707-ebb6-4981-93c6-ae4c6ac930be
92861,98878,3,,16222,"2026-08-12 11:44:58",bc6fadf6-6389-47cf-a38a-b66701fc94d3
91232,97278,1,,9236,"2026-08-06 16:27:02",340ab713-3275-409c-8d81-d376001c1062
91233,97278,3,,9236,"2026-08-06 16:27:21",f2d6c4ea-1352-4d0a-b124-ca6f33cc16ef
90826,96992,1,,9236,"2026-08-05 21:51:41",36df5104-ab83-4630-9381-67398fb57200
90827,96992,3,,9236,"2026-08-05 21:51:58",f2165deb-3fcd-458d-a76a-9f5e39033839
90828,96994,1,,9236,"2026-08-05 21:53:25",8321efb2-bd19-4e8d-a9a0-5393eafe0a41
90829,96994,3,,9236,"2026-08-05 21:53:51",42e36341-bde0-4304-8ba3-7862789e1f63
90830,96995,1,,9236,"2026-08-05 21:54:09",b3c0195e-3a80-4c4c-bcab-f937459bb15a
93990,96995,3,,16222,"2026-08-18 14:54:08",43ff8419-ed21-4e43-88ff-2283c088358a
91246,97293,1,,9236,"2026-08-06 16:35:45",f5c5fe68-1d49-4913-882d-09d7770cfbf3
91247,97293,3,,9236,"2026-08-06 16:36:14",69dc1646-17af-43ef-89f1-03b69fc9a6f5
93954,98779,2,,15873,"2026-08-18 13:17:23",3c80b77d-0b42-4af9-a3e0-fef866603c80
93980,98779,3,,16222,"2026-08-18 14:13:01",b7468996-205d-48ad-876b-0b07a0e95c3d
91267,97308,1,,9236,"2026-08-06 16:46:06",21cd2692-5e38-4959-8a64-770466dcbf38
91268,97308,3,,9236,"2026-08-06 16:46:20",0353dbca-38e8-4e6a-b3ae-a902c1302a32
91269,97310,1,,9236,"2026-08-06 16:46:38",08c9f3f0-62af-4178-8fff-3bd38ba3102f
91270,97310,3,,9236,"2026-08-06 16:46:51",234d3736-3c8a-4843-a539-c9c69d774e80
90461,96748,1,,9236,"2026-08-05 16:23:20",3746bca0-33cb-4c7e-a9e4-874186e378d2
90462,96748,3,,9236,"2026-08-05 16:23:49",c1c3768d-69a4-47b6-8d84-c3eb82b24df9
90440,96750,1,,9236,"2026-08-05 16:07:33",9cb1b38f-de61-4984-8f77-cc3f875f291d
90441,96750,3,,9236,"2026-08-05 16:07:56",c83eb176-4c32-469f-b8e7-047704531544
90822,96990,1,,9236,"2026-08-05 21:48:28",e5d2e990-52aa-4c01-a09e-71055524d442
90823,96990,3,,9236,"2026-08-05 21:48:43",f0b5e22f-9e93-4925-b0a3-ec22546acf42
91258,97302,1,,9236,"2026-08-06 16:41:04",7a8e7f41-58d3-42eb-837e-2f5abefd6076
91259,97302,3,,9236,"2026-08-06 16:41:16",975b5717-ccea-4f3b-ad38-21cdc2651dae
91260,97304,1,,9236,"2026-08-06 16:41:26",908c3e91-aaad-431d-8723-a580302749c4
91261,97304,3,,9236,"2026-08-06 16:41:37",d198a277-8e1a-40fc-b5f0-5fd8e893df3e
90864,96997,1,,9236,"2026-08-06 13:02:40",f9647286-ac24-4688-a8e5-4a57198d99d2
90865,96997,3,,9236,"2026-08-06 13:02:52",2d7db9d6-f676-4925-b933-77f8e31aeb08
90463,96756,1,,9236,"2026-08-05 16:25:00",b9dfcddd-680c-45bd-8daf-be51b9d5796c
90464,96756,3,,9236,"2026-08-05 16:25:29",339ab344-a551-4730-a27e-a74f83f7ea15
91234,97281,1,,9236,"2026-08-06 16:28:45",5df206ba-8284-4745-98b8-3e58702c7cbd
91235,97281,3,,9236,"2026-08-06 16:28:58",768a1bef-6da3-44b1-b301-445afebac900
91236,97283,1,,9236,"2026-08-06 16:29:12",6d0e5fd4-4a3c-485b-aca7-6b0d581d98f5
91237,97283,3,,9236,"2026-08-06 16:29:20",caabd871-aa32-4548-ae3a-093dc499fcbe
93968,98778,2,,15873,"2026-08-18 13:45:43",e1f00955-faa2-4f5a-89a6-99fcbd84eb62
93979,98778,3,,16222,"2026-08-18 14:12:57",25c3660e-0adb-491b-b6c4-cc97a7b4d78f
90824,96991,1,,9236,"2026-08-05 21:50:37",35d29d4b-1bf0-4670-b3af-8a95f03e4c29
90825,96991,3,,9236,"2026-08-05 21:50:49",35f1b6d5-432b-4595-a736-08bca6aaefcf
91192,97248,1,,9236,"2026-08-06 16:01:36",1811e419-8bb2-4473-82b7-e6edb26b5bc8
91193,97248,3,,9236,"2026-08-06 16:01:52",eff89e2c-5c90-43a5-ab5d-facb6926e73d
90451,96757,1,,9236,"2026-08-05 16:14:40",bc1ab32a-3b2b-46ce-9872-ea31e50cb52b
90452,96757,3,,9236,"2026-08-05 16:14:50",6a1c6c14-e1be-4780-847b-413b38e9678a
90453,96758,1,,9236,"2026-08-05 16:15:01",1303ab9d-7f18-4764-93fb-63d6b36e063a
90454,96758,3,,9236,"2026-08-05 16:15:41",af48fa3a-64fd-4389-b461-85056fc14528
93684,99547,3,,16222,"2026-08-17 15:03:08",6ef5a007-3872-498e-94e0-2fefec055e3a
91230,97275,1,,9236,"2026-08-06 16:25:38",b481213a-8429-4cee-a85d-b71626ac4f11
91231,97275,3,,9236,"2026-08-06 16:25:55",88f18cc7-879d-4c06-a764-7e11eb824647
94215,98961,2,,15481,"2026-08-18 19:22:15",a5cd6343-e616-476f-a31e-cae1da23f2d4
90471,96763,1,,9236,"2026-08-05 16:32:10",7e08ddaf-e750-4971-ba46-cb9d40abea39
90472,96763,1,,9236,"2026-08-05 16:33:24",58594701-90fa-45c0-b32c-926fde224f5e
91075,96763,3,,9236,"2026-08-06 14:52:22",b4576885-e59b-47b2-a3d9-97c547f3c42c
92553,96763,1,,9236,"2026-08-10 17:09:05",98eb9a2d-6681-4841-97a8-a3c10b053098
92554,96763,3,,9236,"2026-08-10 17:09:18",490e011b-a109-46e0-a0bc-1c903883ed16
90469,96764,1,,9236,"2026-08-05 16:31:13",4778f7a3-8609-4cd3-ae73-4552f2197992
90470,96764,3,,9236,"2026-08-05 16:31:29",d272ef80-a1fa-4868-8fc4-253fa13a725f
90510,96788,1,,9236,"2026-08-05 17:00:35",91e709ad-afa9-4c27-ac7a-39721b488e3b
90511,96788,3,,9236,"2026-08-05 17:01:09",c2b5f6e3-f83a-445d-8678-200532345e98
91282,97321,1,,9236,"2026-08-06 17:05:47",05ed2445-a458-4e0b-864f-02cbca6f8a7d
91284,97321,3,,9236,"2026-08-06 17:06:05",a3fb3c2e-8cd4-4897-bb51-29f83e9023a3
91253,97299,1,,9236,"2026-08-06 16:39:09",42f3f82a-d302-477c-ae62-9f2b588c6499
91254,97299,3,,9236,"2026-08-06 16:39:19",17f96708-7b42-42b8-8759-cecebd19974f
91255,97301,1,,9236,"2026-08-06 16:39:35",4c4e9ee5-38f6-41e5-8d1e-aca55db104f7
91256,97301,3,,9236,"2026-08-06 16:39:49",8e024cfb-714f-433c-bac3-1963ca3ae8e5
90444,96752,1,,9236,"2026-08-05 16:09:15",bf4c50cf-c057-4ddf-942f-1e37b2736159
90445,96752,3,,9236,"2026-08-05 16:09:37",dd0eb751-e9b5-4498-8bd4-c5b03c964924
90866,96998,1,,9236,"2026-08-06 13:03:35",f006290e-a894-4cf2-807d-3e21a829198f
90867,96998,3,,9236,"2026-08-06 13:03:45",0aa7e413-e076-4836-ab38-74d62771d113
91271,97311,1,,9236,"2026-08-06 16:47:31",2ef80cd5-d614-4d48-b8b9-89da95085bca
91272,97311,3,,9236,"2026-08-06 16:47:52",33d0c2f5-dbc9-421a-95cf-3e965c785d0e
93741,99622,3,,16222,"2026-08-17 16:44:27",e83faafe-b954-4371-82a0-28b800742968
90474,96767,1,,9236,"2026-08-05 16:40:23",0e26c145-b171-496d-a88a-08e15cd1ce93
90475,96767,3,,9236,"2026-08-05 16:40:46",920f26ca-b7b8-4e83-a307-85f843585589
91265,97306,1,,9236,"2026-08-06 16:44:37",e490eeca-326c-4f52-a8f0-2e30eea50d42
91266,97306,3,,9236,"2026-08-06 16:44:49",23ebe16a-f60e-40b7-bde9-b1e9efd887b6
91263,97307,1,,9236,"2026-08-06 16:43:47",c5731922-bd28-4421-87ac-1de182a24152
91264,97307,3,,9236,"2026-08-06 16:44:02",7a1c08b7-aab9-4538-b5c0-8f55546d558a
92650,98763,3,,16222,"2026-08-10 19:23:03",6a646d19-c59d-4b96-a3bd-a4f3f6e0167d
90478,96768,1,,9236,"2026-08-05 16:43:25",521b73d8-72fe-4716-8777-0e1f626bdb21
90479,96768,2,,9236,"2026-08-05 16:43:45",bb0e4648-16d9-4605-ab43-34c78be4ff5d
90480,96768,3,,9236,"2026-08-05 16:43:48",0a756310-3c8d-4bbb-867e-7275ef997b54
90476,96770,1,,9236,"2026-08-05 16:42:36",b611492e-61c1-4a11-b599-7244671d6722
90477,96770,3,,9236,"2026-08-05 16:42:59",ec5d388f-6259-465f-870e-9128ec0fc441
91306,97336,1,,9236,"2026-08-06 17:12:37",0ddeb991-de29-4e7f-9efc-1a3dc79fb875
91307,97336,3,,9236,"2026-08-06 17:12:52",c537719e-7e95-421c-98b0-d8e5e2baa14b
91308,97337,1,,9236,"2026-08-06 17:13:12",9aa655e2-0681-443f-86cf-2c827c2cabaa
91309,97337,3,,9236,"2026-08-06 17:13:23",be3cceb7-65c0-4aff-918f-9a2b472f0bca
91277,97318,1,,9236,"2026-08-06 16:52:00",df1545bf-0e19-4cef-a99d-daf8035b2ef8
91278,97318,3,,9236,"2026-08-06 16:52:12",8daca94c-3d2e-4f6a-8a2a-60bd0c5e1b59
91279,97320,1,,9236,"2026-08-06 16:52:27",9154ea10-4092-45bc-9957-8ab76ebac819
91280,97320,3,,9236,"2026-08-06 16:52:42",5e05cecf-0af0-4e54-b072-8bc2c03326fc
90501,96780,1,,9236,"2026-08-05 16:54:42",dbb53acf-75d8-48ce-b8cd-eff83be25daa
90502,96780,3,,9236,"2026-08-05 16:55:09",25e78d43-f32b-4021-8c07-ef721e4187ea
90503,96781,1,,9236,"2026-08-05 16:55:20",3e1f83e0-87d0-45ff-9366-9a98439f516c
90504,96781,3,,9236,"2026-08-05 16:55:34",ab9a3d0d-fd10-4c13-834f-094ba44c9743
90446,96753,1,,9236,"2026-08-05 16:11:03",5c4f90ad-1840-4346-8c2a-e5ee21c16140
90447,96753,3,,9236,"2026-08-05 16:11:14",2e2f991b-1aee-4380-86d6-b739fddff4cd
90448,96754,1,,9236,"2026-08-05 16:11:33",be338acd-d6ba-433f-b574-683890895aa8
90449,96754,3,,9236,"2026-08-05 16:11:45",92eb4a01-b891-42d0-b4c5-3186aac280bc
91273,97314,1,,9236,"2026-08-06 16:49:00",b0144fef-2db6-4955-9f09-8bcb2a06cbb4
91274,97314,3,,9236,"2026-08-06 16:49:13",d16e9fd6-9901-4d82-9533-25e1b32e9a78
91275,97316,1,,9236,"2026-08-06 16:49:28",29dab21e-ac14-4f09-b43a-5330328d2e63
91276,97316,3,,9236,"2026-08-06 16:49:37",e1691a66-af67-4c0b-a963-83bce6089ffe
94174,99873,2,,15481,"2026-08-18 16:53:33",500b596b-a4bc-4621-bfca-6f13e52f7b5d
91295,97330,1,,9236,"2026-08-06 17:09:57",1acf6eb8-b2a2-40b3-b988-f5bd82452e91
91297,97330,3,,9236,"2026-08-06 17:10:12",d2474019-4c53-4998-bf49-17d82157b8ad
91299,97332,1,,9236,"2026-08-06 17:10:26",0b163491-6901-48b5-b63c-28a4ca698648
91301,97332,3,,9236,"2026-08-06 17:10:36",59bc904b-f18a-46b7-b76f-1c4ac73be788
91323,97345,1,,9236,"2026-08-06 17:16:48",523577a5-b73b-4184-a5a4-69c84f97a6c0
91324,97345,3,,9236,"2026-08-06 17:16:59",7c54e656-2b7a-42ff-9f26-0af4228ab25b
91325,97347,1,,9236,"2026-08-06 17:17:15",111076d4-ad78-44bb-a2da-916318d564c7
91326,97347,3,,9236,"2026-08-06 17:17:26",cf754b54-ae22-4d01-b202-bc8b433dc4f0
90465,96759,1,,9236,"2026-08-05 16:27:49",3ea7b243-2e7e-4b3d-901a-5b39d8af3304
90466,96759,3,,9236,"2026-08-05 16:28:43",c95392c4-616f-4091-b279-d8e71892b935
90467,96761,1,,9236,"2026-08-05 16:29:17",0223d2bc-d858-4a09-afcf-934f14e21240
90468,96761,3,,9236,"2026-08-05 16:30:07",564b31f6-2397-4324-9032-efed51ec368c
90493,96775,1,,9236,"2026-08-05 16:49:01",8fcfc9e3-afe9-4519-a957-5784c89c9d18
90494,96775,3,,9236,"2026-08-05 16:49:21",00c9c579-73a0-437c-b3aa-073d60c55ae2
90489,96776,1,,9236,"2026-08-05 16:47:56",d637ece7-5730-4ed2-a3b8-0f74f2accfc7
90490,96776,3,,9236,"2026-08-05 16:48:17",b4b55150-a7aa-4e57-92bf-93d391d2969a
90545,96808,1,,9236,"2026-08-05 17:25:29",efe5aa82-a978-47fb-933d-19ea548b2410
91078,96808,3,,9236,"2026-08-06 14:54:00",db1dc52f-9b4a-4f16-a908-56a7a517828b
90543,96809,1,,9236,"2026-08-05 17:24:24",997b4325-3295-4b66-a36b-4e3ee521dbec
90544,96809,3,,9236,"2026-08-05 17:24:43",a948ef51-d870-4be1-87b8-983dde34f3f7
91238,97284,1,,9236,"2026-08-06 16:30:12",5b122cd0-b38b-47a8-9b66-2aed372dd913
91239,97284,3,,9236,"2026-08-06 16:30:29",9ce0bf2b-e503-402b-a624-0945add7f76b
90481,96771,1,,9236,"2026-08-05 16:44:53",0d4712f5-932e-47f1-8ded-669267c58ba1
90482,96771,3,,9236,"2026-08-05 16:45:04",094a4f0f-37de-4f1c-a5d2-b35a7ea7c23a
90483,96772,1,,9236,"2026-08-05 16:45:24",5b64872f-f018-407a-9bc9-676bb3962989
90485,96772,3,,9236,"2026-08-05 16:45:35",3d9f6b3a-b9e1-49e8-9dc2-53dd2c705cff
90486,96773,1,,9236,"2026-08-05 16:45:51",12ce9a88-fdfd-435f-874e-924f16075525
90487,96773,3,,9236,"2026-08-05 16:46:02",efd1042b-05ab-4018-b14e-b1c777c9b79a
91303,97335,1,,9236,"2026-08-06 17:11:22",0ae896c5-3b74-4756-ae6e-d44109b77f22
91305,97335,3,,9236,"2026-08-06 17:11:32",63428bd9-bf74-4c2c-8ccf-4c29ac41978a
91289,97327,1,,9236,"2026-08-06 17:08:41",f95a7d71-2269-4f9d-b70a-3472bf02b6d9
91290,97327,3,,9236,"2026-08-06 17:08:54",3aebb473-f1eb-43e8-bd3b-c0b1d67470ed
91291,97329,1,,9236,"2026-08-06 17:09:11",fc21ff25-b3cf-45ad-9fdc-11081a0733fe
91293,97329,3,,9236,"2026-08-06 17:09:24",cff89795-3ada-48f8-83c5-5e9a4a12cf52
90507,96784,1,,9236,"2026-08-05 16:57:51",ac86611c-53f9-479a-b4ca-fc9eab361cfa
90508,96784,3,,9236,"2026-08-05 16:58:11",fdc71b06-1a01-4557-a123-7a9e6f0cfc52
90505,96785,1,,9236,"2026-08-05 16:57:09",4fc10388-0041-44e0-af84-3d3627ca5c69
90506,96785,3,,9236,"2026-08-05 16:57:19",e69ed5a7-7463-4b83-9195-9e64dede9bff
91312,97339,1,,9236,"2026-08-06 17:13:58",14d4542a-aa49-4175-b83c-42898d607dbc
91313,97339,3,,9236,"2026-08-06 17:14:07",117061d5-2b1f-451e-8553-26b7ca32929c
91314,97340,1,,9236,"2026-08-06 17:14:21",d7e0735b-e420-474f-a400-fd1ffa77ad80
91315,97340,3,,9236,"2026-08-06 17:14:32",9abf6231-cf16-4329-b79c-01cd133f92b0
91322,97340,1,,9236,"2026-08-06 17:15:57",32c5a1d5-b3a8-4d11-a979-cb2aa97b3313
91318,97341,1,,9236,"2026-08-06 17:14:47",b27e3b66-b0a3-4a44-8b6a-b7f94a56118c
91319,97341,3,,9236,"2026-08-06 17:15:01",d5baa6f4-a016-4659-b8ba-e36d7a6b92a6
91320,97341,1,,9236,"2026-08-06 17:15:35",c22ee92a-ef0a-4637-a85d-72e2b874a5d7
91321,97341,3,,9236,"2026-08-06 17:15:46",4dfb2e63-56e5-49d2-9c30-b2efb6d71ec0
90537,96803,1,,9236,"2026-08-05 17:19:39",0a87d075-36b0-44b1-8990-c6d734a382a7
90538,96803,3,,9236,"2026-08-05 17:20:04",dbc79166-a7a9-4c46-a36f-81fc412032f2
90554,96818,1,,9236,"2026-08-05 17:33:55",d38cd137-1335-408a-9396-2d715e04ca97
90555,96818,3,,9236,"2026-08-05 17:34:14",f2965c6c-62d7-47a4-b0b6-8c6bbf18a5d5
91334,97353,1,,9236,"2026-08-06 17:20:01",02766d1d-26ab-4e9f-9987-0c92f277b136
91335,97353,3,,9236,"2026-08-06 17:20:11",273f266b-8824-4bb6-b183-4ed0db53ae00
90546,96811,1,,9236,"2026-08-05 17:27:27",d80680c7-2bf7-47e3-97e5-df9f564af2e0
90547,96811,3,,9236,"2026-08-05 17:27:37",aa5d63dd-632d-47e2-9101-f8e13f6f04ee
90548,96812,1,,9236,"2026-08-05 17:28:28",6dcbf1ea-bb34-489e-b5c0-1f365fe71615
90549,96812,3,,9236,"2026-08-05 17:28:48",cb739731-3117-4fa9-a68a-f1675519680b
92692,97342,1,,9236,"2026-08-10 21:58:47",3aa6f447-a55f-4fb4-98df-01be861adcd8
92693,97342,3,,9236,"2026-08-10 21:59:30",8583734b-8124-46e0-8a7f-22a6e7a33c48
92694,97343,1,,9236,"2026-08-10 21:59:51",129603aa-0565-4a14-81c6-8b9cdabfcb6f
92695,97343,3,,9236,"2026-08-10 22:00:02",8b793ca8-21e5-4963-86d6-f90d1d16df84
90552,96813,1,,9236,"2026-08-05 17:31:52",d883a032-6159-4b50-b39f-44e05f113a2d
90553,96813,3,,9236,"2026-08-05 17:32:10",024404f3-5985-4cf8-8b09-9bd8b719cf8d
90550,96814,1,,9236,"2026-08-05 17:31:16",a843fad2-52d9-495e-a33d-74d73e74a05a
90551,96814,3,,9236,"2026-08-05 17:31:28",93ee19c8-ce4d-42ac-b109-96d57d964cca
90558,96820,1,,9236,"2026-08-05 17:37:49",663647a4-2799-4e53-9275-1e99dcf57fd1
90559,96820,3,,9236,"2026-08-05 17:38:02",0afd7ba1-167e-4971-b87e-acb2890b0cfb
90556,96821,1,,9236,"2026-08-05 17:37:04",89df14ae-4aaa-4fe5-b8ca-63989d5c2a60
90557,96821,3,,9236,"2026-08-05 17:37:15",f3efde3b-234a-4b44-bd3b-fd911e35ad6c
93848,99569,2,,15481,"2026-08-17 20:28:53",71fa658d-04f6-4cda-abe7-5fb728879190
93855,99569,1,,16222,"2026-08-17 21:09:26",d5d787e1-7221-4485-857c-26ec7f63bce4
93856,99569,3,,16222,"2026-08-17 21:09:47",2cd4cdf4-0b32-4f08-be7d-37feaeb212cc
91327,97348,1,,9236,"2026-08-06 17:18:08",debfd1e0-0ad4-4c78-8976-f22f9a0a7d48
91328,97348,3,,9236,"2026-08-06 17:18:17",befb65c7-b75b-420e-a3ae-73ddbc2af27a
91329,97349,1,,9236,"2026-08-06 17:18:41",0accd58a-3572-44b2-ac33-ac6279379af9
91330,97349,3,,9236,"2026-08-06 17:18:56",8a3b32ad-759c-4dc5-962d-6ff022674412
91331,97350,1,,9236,"2026-08-06 17:19:05",792b98c5-8ab5-4c1d-8be8-9f0a6a2bc88e
91332,97350,3,,9236,"2026-08-06 17:19:14",b20986a4-e85a-4613-9ab7-336e565db5b1
91338,97362,1,,9236,"2026-08-06 17:21:56",900cf0b5-2e76-4e06-94a4-93ff7f806530
91339,97362,3,,9236,"2026-08-06 17:22:08",44b24ee1-6bc7-4ae0-8bef-93a13c1c2f5f
90495,96777,1,,9236,"2026-08-05 16:51:10",3e92ede8-22e7-4ea2-b9bd-7f63fb76695f
90496,96777,3,,9236,"2026-08-05 16:51:23",ff82fa9d-8376-4b00-8c2a-77833604ae21
90497,96778,1,,9236,"2026-08-05 16:51:50",c54edb17-c518-40ca-b825-f5140f1e11f6
90498,96778,3,,9236,"2026-08-05 16:52:00",17a158e2-434d-44f4-a77f-06806eded497
90499,96779,1,,9236,"2026-08-05 16:52:23",253309f2-c9b9-4487-a768-f7a0713f29a1
90500,96779,3,,9236,"2026-08-05 16:52:38",918c99d4-b604-449a-87b5-f8c45130d8d9
92628,98731,2,,16222,"2026-08-10 18:47:31",9a86b85c-d857-4d2f-b375-9467780f611e
92629,98731,3,,16222,"2026-08-10 18:47:53",fecfc854-ba95-49bc-adf8-86395568f34c
92630,98731,1,,16222,"2026-08-10 18:48:56",3a92b919-aa61-4f95-a5db-37999cdaf4f6
92631,98731,3,,16222,"2026-08-10 18:49:17",5896b5e7-6eea-49c1-a549-ab34d18b129b
90512,96789,1,,9236,"2026-08-05 17:02:33",05bc3c5d-67c3-4445-ba63-d410be53538f
90513,96789,3,,9236,"2026-08-05 17:02:44",825db88b-1f93-405c-92ef-9a74947262d3
90514,96790,1,,9236,"2026-08-05 17:03:02",c3ae55b2-011c-4354-a310-e839baa4bda4
90515,96790,3,,9236,"2026-08-05 17:03:18",235a5260-3521-4b8b-9602-294e3f304c5b
90516,96791,1,,9236,"2026-08-05 17:03:55",c06a5a91-1bcc-46fa-bf0f-166257438923
90517,96791,3,,9236,"2026-08-05 17:04:08",19ae7d07-b524-4b4e-908f-c2cc9a51038d
92544,97357,1,,9236,"2026-08-10 16:54:19",1cf0306f-7639-4f1f-816b-823d314ae972
92542,97358,1,,9236,"2026-08-10 16:51:02",bd61b9de-9338-4d22-a619-743a98750874
91336,97354,1,,9236,"2026-08-06 17:20:47",9c1726d8-d111-4b58-b417-e006bc518202
91337,97354,3,,9236,"2026-08-06 17:21:02",e8d7c1d9-1d52-4427-9324-23ee32c3ad46
90533,96799,1,,9236,"2026-08-05 17:16:05",2979afc8-bca2-4b2a-bfa3-225706ad3277
90536,96799,3,,9236,"2026-08-05 17:17:21",19bc96d8-da64-401b-9719-a3ee6b8a987d
90534,96800,1,,9236,"2026-08-05 17:16:56",d99cb1b9-1f00-4db4-b9ce-f5aaed807f46
90535,96800,3,,9236,"2026-08-05 17:17:11",5db8964b-d9c1-49d4-8571-d25aa60a53f6
90525,96796,1,,9236,"2026-08-05 17:11:44",2c90568e-ac1c-4d44-84ab-af3c75116235
90526,96796,3,,9236,"2026-08-05 17:11:57",355f6eec-19fc-4f04-b468-ef5614b8479f
90527,96797,1,,9236,"2026-08-05 17:12:42",31f91efe-243a-4238-b247-0bc68a9b957d
90528,96797,3,,9236,"2026-08-05 17:12:54",0d52d942-f822-4e96-a89f-7d72eed58018
90529,96798,1,,9236,"2026-08-05 17:13:38",d1b91dfc-02bf-4a61-9dac-6a30a837af03
90530,96798,3,,9236,"2026-08-05 17:13:53",c9722487-890e-4ea8-abd4-ddc651324c34
93024,99162,3,,16222,"2026-08-12 20:30:21",987f5903-5906-4448-86db-1606e7bd9200
91345,97374,1,,9236,"2026-08-06 17:25:21",14d21feb-1203-4a0d-a53d-122d830cbe49
91346,97374,3,,9236,"2026-08-06 17:25:34",0b40f8b8-1df0-438d-a24a-ecb1ae05a189
91285,97324,1,,9236,"2026-08-06 17:07:11",ffe200fa-5edd-44f9-8091-10b4b6b21b2e
91286,97324,3,,9236,"2026-08-06 17:07:25",cc58facb-dd23-434b-a3de-d90dd16217b4
91287,97326,1,,9236,"2026-08-06 17:07:50",5221e8fc-6e7f-4a60-ad27-885666fede18
91288,97326,3,,9236,"2026-08-06 17:08:01",feb47d17-e893-4336-9f49-c6be8ec889ce
90567,96828,1,,9236,"2026-08-05 17:45:21",10322684-15f5-42ee-85ae-b19b4d45e055
90568,96828,3,,9236,"2026-08-05 17:45:35",06d89c82-0a93-4162-b742-62fbe96920ea
90569,96829,1,,9236,"2026-08-05 17:45:59",a6043073-f503-41a6-aa56-56cb80a882f9
90570,96829,3,,9236,"2026-08-05 17:46:11",94b84507-9bbb-4d82-861a-0e260b725d0d
90571,96830,1,,9236,"2026-08-05 17:46:42",c4824612-e197-4c02-8c6e-cbf70ed9b2ef
90572,96830,3,,9236,"2026-08-05 17:46:54",31b3792e-d789-4219-8c14-68739e537894
90608,96848,1,,9236,"2026-08-05 18:12:49",8a5f13e6-bdbf-4832-bda6-4d617a3db3de
90609,96848,3,,9236,"2026-08-05 18:13:11",3dda4171-cfa8-42b8-a65e-16d34771be7c
91343,97368,1,,9236,"2026-08-06 17:24:15",c03046d6-cb70-4a96-a30e-8d9b529d96da
91344,97368,3,,9236,"2026-08-06 17:24:30",167fb31f-bae3-4c47-9d93-49c5653385fa
91347,97380,1,,9236,"2026-08-06 17:26:11",d0b23167-b0d8-455a-b993-f25b9b4d62ff
91349,97380,3,,9236,"2026-08-06 17:26:20",ee893058-990c-4dd5-bc1b-e00a5d14e2f5
90611,96849,1,,9236,"2026-08-05 18:14:17",8a618660-ab44-444a-8250-4be8d7181297
90612,96849,3,,9236,"2026-08-05 18:14:33",7d569ef5-812f-469d-83a9-94682c9f3f67
90613,96851,1,,9236,"2026-08-05 18:14:58",dfc228c6-4f36-463e-8079-fb1be26aca61
90614,96851,3,,9236,"2026-08-05 18:15:38",9e2d0d01-87a5-4579-aa2d-8ca0f8cb4789
90622,96855,1,,9236,"2026-08-05 18:27:17",cc2b26df-72f3-42de-973e-0aea33b7d3be
90623,96855,3,,9236,"2026-08-05 18:27:33",4b1ebd6e-a78d-4287-a3bb-8a18b0f76710
90620,96856,1,,9236,"2026-08-05 18:26:35",c72bf5da-a530-4d6c-9842-fac5d0e93e8d
90621,96856,3,,9236,"2026-08-05 18:26:47",0fa1a0b3-b75f-4cb4-a732-a204d687a6fe
90539,96805,1,,9236,"2026-08-05 17:21:33",8aacc4e9-3ab8-407c-b6a0-70af7347c748
90540,96805,3,,9236,"2026-08-05 17:22:00",5f9f0fff-45ae-4fd0-87a1-694f896bd4ee
90541,96806,1,,9236,"2026-08-05 17:22:42",99c5f043-47fa-4285-9db1-94d67d66b4ba
90542,96806,3,,9236,"2026-08-05 17:22:58",34c308e9-925b-4662-828f-95927411d228
91354,97389,1,,9236,"2026-08-06 17:28:43",c6688116-6625-44f9-9f3a-3608f51b84eb
91355,97389,3,,9236,"2026-08-06 17:28:53",8b3c6a06-b988-40e5-aa39-3151aae8e359
90640,96865,1,,9236,"2026-08-05 18:42:11",0d90cd17-00bb-4617-b4a7-07bfc1c20f02
90641,96865,3,,9236,"2026-08-05 18:42:33",4cb50a25-3660-477d-afe3-efa12e3c4c56
90635,96866,1,,9236,"2026-08-05 18:41:17",faf088fc-f4fb-4cf2-9399-901621b23dd5
90636,96866,3,,9236,"2026-08-05 18:41:31",37c2e321-2927-4c32-8a7e-3d840831ca3f
90597,96841,1,,9236,"2026-08-05 18:06:30",c69f40a0-8e0d-4d63-8e56-a5be3b7622ff
90598,96841,3,,9236,"2026-08-05 18:06:47",7d8c44ee-5565-49e3-a4d3-7b042f1d2cb1
90595,96842,1,,9236,"2026-08-05 18:05:55",8edbe7b7-0610-449d-80e6-c8b517be2bc4
90596,96842,3,,9236,"2026-08-05 18:06:05",d3b8838a-76a1-4a70-8ac0-af99fdda6baa
90565,96826,1,,9236,"2026-08-05 17:43:46",9d348815-84e4-4f67-b1be-c93dd9e4bfcd
90566,96826,3,,9236,"2026-08-05 17:44:17",5834c508-7a96-4101-861a-e0ff996c03ca
90563,96827,1,,9236,"2026-08-05 17:42:46",7c98d9ae-7f6c-4503-b29b-9049ac180bfa
90564,96827,3,,9236,"2026-08-05 17:42:57",10f1d6ab-765b-4ec8-8f44-7f85dad146cb
90618,96852,1,,9236,"2026-08-05 18:25:31",ab73f84a-0013-4870-953a-fb43e156be8d
90619,96852,3,,9236,"2026-08-05 18:25:49",425881ba-d980-4394-bc55-9bc9678dc9d9
90616,96854,1,,9236,"2026-08-05 18:24:46",940b9112-a85b-4010-8a23-2001c90db00a
90617,96854,3,,9236,"2026-08-05 18:24:56",a193c3ed-2092-49cd-b872-3725df01180b
90872,97002,1,,9236,"2026-08-06 13:08:03",fea3aad8-b1e2-4075-b792-7b74d7139d93
90873,97002,3,,9236,"2026-08-06 13:08:26",b62d23c6-ca8f-45d9-84c1-f7b26e8f8279
90870,97003,1,,9236,"2026-08-06 13:07:35",38e06080-d5fa-4718-8af0-2eabcbb6559e
90871,97003,3,,9236,"2026-08-06 13:07:48",4f949f31-be03-4037-83fe-480b8e09fe84
91356,97395,1,,9236,"2026-08-06 17:29:33",9811bf97-f579-4f11-b972-611ffd985815
91357,97395,3,,9236,"2026-08-06 17:29:46",abaff0dd-f388-4ec9-8712-d55fc1f3b9eb
91341,97363,1,,9236,"2026-08-06 17:23:01",92c2f1f9-d0be-459a-97f6-2316e55e88f1
91342,97363,3,,9236,"2026-08-06 17:23:16",c1548e99-aae6-4fc7-bb5f-340a4acf9f1a
91793,98441,1,,16222,"2026-08-06 21:19:59",8ab91c6d-9c90-4bff-86cc-70b9bf4ef949
91800,98441,4,,16222,"2026-08-06 21:23:50",59138f9d-91f1-410f-a3d5-8bd5a65c113a
91805,98441,1,,16222,"2026-08-06 21:26:28",c30c0443-10bc-4ec3-9fc6-115359c69bf3
91828,98446,4,,16222,"2026-08-06 21:51:45",90c3ccfb-1417-4bad-94bd-52441ac4e852
91829,98446,1,,16222,"2026-08-06 22:11:19",59e82589-04f2-4857-92f9-9b5ff64d1a2a
91830,98446,4,,16222,"2026-08-06 22:24:44",04750729-f710-4513-99e9-7c5acdab8748
91352,97386,1,,9236,"2026-08-06 17:27:46",36516b60-fb68-4eec-a34b-c286a23c216d
91353,97386,3,,9236,"2026-08-06 17:28:01",4cc19187-f7bb-44e8-8c65-6164a5bab920
91350,97383,1,,9236,"2026-08-06 17:27:06",08b74db0-dff5-4db2-ae7d-34429481f7fe
91351,97383,3,,9236,"2026-08-06 17:27:16",0a178729-addd-4af0-9cc4-7b9acb7685e1
90931,97035,1,,9236,"2026-08-06 13:48:25",74044e2e-a0b9-4eeb-8821-57693d2ad5f5
90932,97035,3,,9236,"2026-08-06 13:48:44",d2f8d4a8-59cc-4667-b04e-0409ed25aed7
90663,96877,1,,9236,"2026-08-05 19:00:06",61503423-84ce-4f2d-840b-284a2a47f1f2
90664,96877,3,,9236,"2026-08-05 19:00:27",a8a0af07-2878-4eaa-8659-cc9f166ca767
90659,96878,1,,9236,"2026-08-05 18:58:59",97639fff-f7ae-4b3a-b9ff-fabb4aef0275
90660,96878,3,,9236,"2026-08-05 18:59:11",472152b2-21d2-46eb-a105-832e15374d04
90672,96882,1,,9236,"2026-08-05 19:07:22",34d24173-7de5-4b43-8eb4-189473ae1cdb
90673,96882,3,,9236,"2026-08-05 19:07:45",5d6e85bf-4289-464e-94fe-a5f2c577ed7f
90670,96883,1,,9236,"2026-08-05 19:06:00",fab43bdd-75bb-4e50-980f-9e8ca6e951e2
90671,96883,3,,9236,"2026-08-05 19:06:13",1a2ad9b4-e4af-4339-8321-0b8a74e17803
90579,96836,1,,9236,"2026-08-05 17:52:48",5084a3f3-1a83-4d96-a526-3b3615d2036d
91080,96836,3,,9236,"2026-08-06 14:55:14",5bd8aa6b-e1f5-436f-993e-c1e6e345eb15
90573,96831,1,,9236,"2026-08-05 17:49:20",f7b199ab-5124-42f6-a111-8c09f90efb6c
90574,96831,3,,9236,"2026-08-05 17:49:33",93d873b4-a678-40ec-86e6-d0dbc7f77c35
90575,96832,1,,9236,"2026-08-05 17:49:55",b3404a00-a76d-4448-8cf1-15ba57b9dbf2
90576,96832,3,,9236,"2026-08-05 17:50:11",b1a41090-ad0d-4268-82f4-5ab1f14ce236
90577,96833,1,,9236,"2026-08-05 17:50:33",d4b1cb1f-8de3-4b63-b5b6-cefb1426ba2d
90578,96833,3,,9236,"2026-08-05 17:50:43",153eefe4-0d19-433e-84d9-648df4dd760f
90945,97047,1,,9236,"2026-08-06 13:53:30",710db04e-f3d7-45e0-80ce-6d11c05d0327
90946,97047,3,,9236,"2026-08-06 13:53:45",c596da57-38a3-414e-8ebf-2e1d6843f21e
90935,97041,1,,9236,"2026-08-06 13:50:51",ef3a0f1d-3f66-42ec-ac64-96931968f0c6
90936,97041,3,,9236,"2026-08-06 13:51:01",00ed4de2-c62f-49bc-850f-62c3d5fb640d
90937,97042,1,,9236,"2026-08-06 13:51:19",32c0b159-3311-4199-8184-7dc153ced1e6
90938,97042,3,,9236,"2026-08-06 13:51:34",5be433e6-944d-4ec3-8a4f-8e165b52959a
90939,97043,1,,9236,"2026-08-06 13:51:44",33063732-dc83-40ca-9630-d3ffedc6609f
90940,97043,3,,9236,"2026-08-06 13:51:55",ccbc0d7f-6559-48cf-9c01-a64c1b6551d7
93313,98955,2,,15481,"2026-08-15 14:25:17",e156fdaa-53fc-4f8c-82e7-50be524c71da
93314,98955,3,,16222,"2026-08-15 14:26:44",9885b3e0-a855-4575-a5cf-acf3b1936026
90921,97026,1,,9236,"2026-08-06 13:42:30",b56a86f7-c873-46e1-b21f-9d9da6f9f577
90922,97026,3,,9236,"2026-08-06 13:42:49",873eba30-39ac-4806-882e-92e4610e9e22
90919,97028,1,,9236,"2026-08-06 13:42:00",b902e06a-e561-4148-8dca-730571f7eaeb
90920,97028,3,,9236,"2026-08-06 13:42:12",234ca02e-0074-4780-b66f-c1d2d71388a3
90601,96843,1,,9236,"2026-08-05 18:09:02",beacec15-3e86-4206-9507-52ef94f3555e
90603,96843,3,,9236,"2026-08-05 18:09:24",aea7fc0e-5385-4c50-a24d-cfd472ffd598
90606,96844,1,,9236,"2026-08-05 18:10:13",83283998-7318-434b-a0e6-1e69e7383599
90607,96844,3,,9236,"2026-08-05 18:10:25",18ae8e43-31ee-4e1a-a4e7-4ec546cd5731
90604,96845,1,,9236,"2026-08-05 18:09:51",d902fa28-2a27-4ebf-866f-22798884bf70
90605,96845,3,,9236,"2026-08-05 18:10:03",adec3f63-b7f5-4f4e-951e-23895e8cb87e
90518,96792,1,,9236,"2026-08-05 17:07:18",e51c7a98-699b-4588-bc3f-c24f5b2b6d9b
90519,96792,3,,9236,"2026-08-05 17:07:34",c666c120-f380-4a65-bb9e-7597b701dd7f
90520,96793,1,,9236,"2026-08-05 17:08:22",99116b78-932b-4ee4-92cd-61bdf2de8383
90521,96793,3,,9236,"2026-08-05 17:08:35",881dfca6-9767-49a5-8c3a-de599947a6f9
90522,96794,1,,9236,"2026-08-05 17:09:29",99273f8e-4b8d-4d77-8e5f-73c182dc1f06
90523,96794,3,,9236,"2026-08-05 17:10:14",3c56dee3-3992-48e7-90a4-4ebd3b25a391
90927,97032,1,,9236,"2026-08-06 13:46:14",8139e9b5-401e-433b-ad80-091fdbd26c9a
90928,97032,3,,9236,"2026-08-06 13:46:33",90e48b8c-49cc-48ae-9cf0-6d277a8a6613
90929,97033,1,,9236,"2026-08-06 13:46:52",72a1ff9e-b39a-4071-b80a-5e12272f21a8
90930,97033,3,,9236,"2026-08-06 13:47:10",60c805e8-47c5-40c0-a569-db2f3886016f
90657,96875,1,,9236,"2026-08-05 18:56:16",4ea54066-8521-4889-959d-1e8139c14d97
90658,96875,3,,9236,"2026-08-05 18:56:54",0bfba022-dfe4-497d-a1a1-6a650c5d3d19
90923,97029,1,,9236,"2026-08-06 13:44:41",ae495f8e-0143-44ac-83e4-ca294c457f82
90924,97029,3,,9236,"2026-08-06 13:44:54",62131d43-1ec6-499a-8e26-c8c871c99427
90925,97030,1,,9236,"2026-08-06 13:45:05",9ec1b889-81d4-41b8-930a-94e607cdae59
90926,97030,3,,9236,"2026-08-06 13:45:17",ea659ff7-b48d-4ffc-9b31-89b244d54862
93973,98794,2,,15873,"2026-08-18 14:10:55",b0eaa4a9-0d22-4256-bb28-f25dad89db1d
93974,98794,3,,16222,"2026-08-18 14:11:53",b84052d4-38fc-4730-b942-5509f59d5321
93977,98794,2,,16222,"2026-08-18 14:12:09",e2e76832-7715-41fc-be07-80134e49f41a
93978,98794,3,,16222,"2026-08-18 14:12:48",3947d5a3-41fb-4ae8-bcef-5b5dbe5dabd2
93972,99585,2,,15873,"2026-08-18 14:10:45",382e92d9-7926-45c4-bbb1-9394aa94c9ba
93976,99585,3,,16222,"2026-08-18 14:11:57",b8021087-f732-49eb-b22a-0b030a63a2e5
90650,96871,1,,9236,"2026-08-05 18:47:42",0c22a10e-24d1-44c5-9928-dff5f1c78c1e
90651,96871,3,,9236,"2026-08-05 18:47:56",05d2ce73-f4ae-4d9d-89dd-f59f7443b8fa
90652,96872,1,,9236,"2026-08-05 18:48:25",4c9ba7de-8b64-4668-893f-4445851c963a
90653,96872,3,,9236,"2026-08-05 18:48:46",7b401210-ad76-4629-b8cb-5606ef8fe103
90943,97044,1,,9236,"2026-08-06 13:52:39",0b165154-e8b4-4ac2-bf71-9f2c66fabccb
90944,97044,3,,9236,"2026-08-06 13:52:52",da793344-eb24-4ab9-802a-d0bb22c66aa8
90941,97046,1,,9236,"2026-08-06 13:52:18",9ee8c420-c8e6-446f-ab11-ca3566ed0bd7
90942,97046,3,,9236,"2026-08-06 13:52:26",ed2652a4-4236-47a2-b67c-553471e54d51
90933,97038,1,,9236,"2026-08-06 13:49:35",fa1a4c0a-2192-4720-8771-42cdfe2d505f
90934,97038,3,,9236,"2026-08-06 13:49:56",44335df4-2399-4028-8101-7089e073eec7
90890,97011,1,,9236,"2026-08-06 13:17:08",d5a92147-c203-4131-9c0c-2531727f6487
90891,97011,3,,9236,"2026-08-06 13:17:27",39fe5ab9-e112-4870-9fb4-01d9e75e3582
90892,97013,1,,9236,"2026-08-06 13:17:41",2ffc1eda-9da1-492e-b0c5-8e6f46d10618
90893,97013,3,,9236,"2026-08-06 13:17:57",e264ce87-e23e-4826-91fe-1fc2278851a1
90629,96861,1,,9236,"2026-08-05 18:36:50",c7717677-e6bf-400c-bc3a-d3fbdb3f862a
90630,96861,3,,9236,"2026-08-05 18:37:00",70e7bf2b-e8b7-4191-a694-2fed9378e12d
90631,96862,1,,9236,"2026-08-05 18:37:28",5a0032b5-e442-49cd-8ac8-116ae89e24fa
90632,96862,3,,9236,"2026-08-05 18:37:38",d7b1bc15-e96e-44e9-9ef4-c70a800f39f2
90633,96863,1,,9236,"2026-08-05 18:37:54",e24e3bef-5285-419a-8da8-8564ed499e7c
90634,96863,3,,9236,"2026-08-05 18:38:05",f47c9ac2-eaba-4e8c-bcf9-f357691b4630
92999,98933,3,,16222,"2026-08-12 19:20:08",81fb06de-5f84-4205-8e03-172b1a909b67
90624,96859,1,,9236,"2026-08-05 18:32:36",0339b9ac-8216-4a6c-a068-3c8084463aab
90625,96859,3,,9236,"2026-08-05 18:32:47",02631e3d-ba46-4c42-bdfd-ae69dcc47979
90626,96860,1,,9236,"2026-08-05 18:33:18",6541f299-6e3f-4b47-9bcb-bec3dc68da47
90628,96860,3,,9236,"2026-08-05 18:33:36",9ff065ab-cc27-434a-aeeb-953b2c0f6638
91366,97401,1,,9236,"2026-08-06 17:32:42",68453eb5-bea1-4b56-9f46-ec9d94dc52df
91367,97401,3,,9236,"2026-08-06 17:32:53",36b94074-7ba0-42de-b14d-f29c23065598
91368,97403,1,,9236,"2026-08-06 17:33:23",9ec31037-3138-4f81-b47b-02ba322709e3
91369,97403,3,,9236,"2026-08-06 17:33:31",6d263624-22f7-4b19-b8f1-0b610661ea7a
90644,96869,1,,9236,"2026-08-05 18:44:43",c5ee8563-ea45-4a3e-a09b-6c0ca0e309fd
93862,96869,3,,16222,"2026-08-17 23:06:55",921b57dc-3d8c-4c6d-a64d-ac72abf8d54b
92796,98930,3,,16222,"2026-08-11 18:31:13",dba099a9-3e2c-464b-9376-f9fb3fad89e3
92797,98930,1,,16222,"2026-08-11 18:31:31",b2100995-f220-4c67-8128-bdf447bd4b05
92798,98930,3,,16222,"2026-08-11 18:32:48",3e35f76d-f80b-4f6c-9058-fe6087a84b03
93861,99749,3,,16222,"2026-08-17 23:05:26",d7daf280-5e37-4018-8156-5199b4668df5
90960,97057,1,,9236,"2026-08-06 14:01:26",9de63f00-57e0-4108-bb31-0da8ea22913c
90961,97057,3,,9236,"2026-08-06 14:01:42",ddab2aa7-a15a-42bc-b89f-7dab8aec157c
90962,97058,1,,9236,"2026-08-06 14:01:58",051644d8-3b65-4643-ae38-b270b8ea83b5
90963,97058,3,,9236,"2026-08-06 14:02:35",06be09ca-5680-49ed-9731-bc4320da3b72
92633,98738,3,,16222,"2026-08-10 18:53:14",46e5c107-6dd9-49be-8976-5ee56c59f7bb
90667,96881,1,,9236,"2026-08-05 19:03:59",0214cb5b-524d-4ee8-8d3e-71f1394acd29
90668,96881,3,,9236,"2026-08-05 19:04:11",501ea7e0-bc83-436b-9bcb-7b7768b39562
90674,96885,1,,9236,"2026-08-05 19:10:34",d2d76603-76a6-44fd-9668-e111e88c8dcf
90675,96885,3,,9236,"2026-08-05 19:10:44",6d1e44cb-1d1e-4336-98d8-f957092b52c0
92301,96886,1,,9236,"2026-08-07 19:47:03",c429cb86-be20-461f-ae19-9b1a35a85713
90677,96887,1,,9236,"2026-08-05 19:12:18",55f569ad-3e01-4fdc-b39a-b8a55b94dc52
90678,96887,3,,9236,"2026-08-05 19:12:29",2f1ca87f-db80-49d3-9221-78d5bd2a37bc
90679,96888,1,,9236,"2026-08-05 19:13:29",d61dfe46-fe80-4cc3-a790-568dcc55c1b0
90680,96888,3,,9236,"2026-08-05 19:13:43",c6a31f25-135f-4489-b2b2-69b14e4cfda2
90562,96822,1,,9236,"2026-08-05 17:40:38",2dc0ea7a-3524-4f6c-b8c4-181a044b6e89
91079,96822,3,,9236,"2026-08-06 14:54:37",b151800d-44f9-4d3b-a3d9-30bd54050ccf
90560,96823,1,,9236,"2026-08-05 17:40:04",e7651c07-369d-4fff-bdf4-14d08686a26b
90561,96823,3,,9236,"2026-08-05 17:40:17",d024f8ca-84f4-4cc6-80b2-60cf239894b5
90589,96837,1,,9236,"2026-08-05 18:03:16",5e0458dc-6a75-42e0-9028-704dd3c5e354
90590,96837,3,,9236,"2026-08-05 18:03:34",7b70f26f-d336-4ad8-b8ab-91a49035e5e4
90591,96838,1,,9236,"2026-08-05 18:03:59",10a311ad-a59a-4057-90ea-08e3f7b7748c
90592,96838,3,,9236,"2026-08-05 18:04:10",8b1d2b77-4da9-4783-acae-7e13abd4214c
90593,96839,1,,9236,"2026-08-05 18:04:24",75291a7a-6919-48a2-89af-53d24c7e091a
90594,96839,3,,9236,"2026-08-05 18:04:40",84e1a14e-b24e-47e5-86ec-250baf919192
90948,97050,1,,9236,"2026-08-06 13:55:51",b69253b3-d3d6-47cf-bb29-e84c8d710c3e
90949,97050,3,,9236,"2026-08-06 13:56:02",0950dc8c-14c4-490c-b19e-218e02068acb
90951,97051,1,,9236,"2026-08-06 13:56:18",dde191ab-789d-40c7-b43d-250795c51ea0
90952,97051,3,,9236,"2026-08-06 13:56:34",7e7fdf42-2e00-4e63-8651-ac0509752e30
90953,97052,1,,9236,"2026-08-06 13:56:45",59a37809-9dbc-4141-8b22-c8dc05047c0a
90954,97052,3,,9236,"2026-08-06 13:56:54",3d8ee9fd-3105-4bc3-a879-52f65245efd5
90956,97053,1,,9236,"2026-08-06 13:59:56",8671cb3e-7f49-449b-8eb0-5f6ce8db3418
90957,97053,3,,9236,"2026-08-06 14:00:07",180800e7-9e16-4e0c-947d-0ce248d8f06e
90958,97055,1,,9236,"2026-08-06 14:00:23",bcfc53c4-7894-4856-ae04-a2da0649f645
90959,97055,3,,9236,"2026-08-06 14:00:38",34c722d1-9a5d-4365-a99d-d4887c86b56c
90901,97014,1,,9236,"2026-08-06 13:27:56",12eb6218-75f0-410f-8342-c9ec430b1a03
90902,97014,3,,9236,"2026-08-06 13:28:07",62c56ea3-2a77-4594-8166-696b129aa919
90903,97015,1,,9236,"2026-08-06 13:28:24",e5328fba-00d9-42cd-b84d-a11046f596da
90904,97015,3,,9236,"2026-08-06 13:28:35",f45debb6-26d2-4db2-8ad9-29663e06944a
90905,97016,1,,9236,"2026-08-06 13:28:50",b9af6f17-88f9-4df1-ae82-35be51976056
90906,97016,3,,9236,"2026-08-06 13:29:02",359f4334-72e4-4efc-82f8-9caf8ecdaca8
90992,97083,1,,9236,"2026-08-06 14:13:10",e38f025d-3cfc-45c7-92ff-8b65d3030560
90993,97083,3,,9236,"2026-08-06 14:13:27",90fd25c1-2296-44c9-94a4-f9ba9fb46c4e
91378,97407,1,,9236,"2026-08-06 17:37:36",f8527b34-69e8-4ef0-9c5f-2be520332823
91379,97407,3,,9236,"2026-08-06 17:37:46",1a65a06c-51dd-4c13-8292-dfa54c81ba45
91380,97408,1,,9236,"2026-08-06 17:38:00",f8eceed2-6f6d-41b4-8301-645b67c37dba
91381,97408,3,,9236,"2026-08-06 17:38:11",6cc710bf-cb18-464b-8515-d2dc077ea435
91376,97409,1,,9236,"2026-08-06 17:37:08",4fc58537-7162-4a53-b35a-5ac426c38705
91377,97409,3,,9236,"2026-08-06 17:37:20",4679f326-c01d-43ae-bac3-e2413df56a86
91372,97404,1,,9236,"2026-08-06 17:35:32",c20bf7f4-cd53-4bbc-b513-187e766c7b1b
91373,97404,3,,9236,"2026-08-06 17:35:46",b7dec7d9-2351-4228-8e78-e7de4f46c939
91374,97406,1,,9236,"2026-08-06 17:35:58",ae2978dc-06de-4cfb-854e-91da23e6cddb
91375,97406,3,,9236,"2026-08-06 17:36:11",11f4b032-30be-43f0-aa12-af374e3c31e1
90688,96890,1,,9236,"2026-08-05 19:21:13",d337c769-2ace-4eb7-a0aa-a4d1978d3eb7
90689,96892,1,,9236,"2026-08-05 19:22:04",30d55ff3-b181-4348-908f-3637ad7f38d2
90690,96892,3,,9236,"2026-08-05 19:22:16",9e8d1c1f-3dcf-49b3-bfe1-2a5d7a06bce2
90876,97005,1,,9236,"2026-08-06 13:11:48",e14bfccb-5f55-4f4c-9eea-3d3b7d447a4d
90877,97005,3,,9236,"2026-08-06 13:12:20",d6e2a311-9bcb-4ee2-8129-70f4b60cbb27
90874,97007,1,,9236,"2026-08-06 13:11:20",b6ba7fe2-5fc7-4303-8e6b-dec0a014e89f
90875,97007,3,,9236,"2026-08-06 13:11:34",a5e9a331-7e90-411c-a07f-4aed5c014929
93206,99359,2,,15692,"2026-08-14 14:20:56",e727cd87-619f-4ac6-868d-65b0ce4135fd
93214,99359,3,,16222,"2026-08-14 15:03:35",312267d8-63b3-4cc7-9700-ea0b42eb9e07
91359,97398,1,,9236,"2026-08-06 17:31:02",2ac580b6-09bb-4287-856b-5eadbdffb20c
91361,97398,3,,9236,"2026-08-06 17:31:16",dbc9c91d-68c0-4fda-808c-8f5d691449df
91362,97399,1,,9236,"2026-08-06 17:31:43",92451257-f2f1-4a3b-96c3-609957df87d9
91363,97399,3,,9236,"2026-08-06 17:31:51",a406b7fb-c8ce-41e8-ad8a-7273cb46491a
91364,97400,1,,9236,"2026-08-06 17:32:06",4af7ff03-c151-4bb7-bbb5-db11674c4865
91365,97400,3,,9236,"2026-08-06 17:32:14",36cc8a5c-a3c6-4946-a129-5d790ebb0987
90972,97066,1,,9236,"2026-08-06 14:05:51",f2a5511b-b694-4ff7-b96e-7130a950eaca
90973,97066,3,,9236,"2026-08-06 14:06:08",200a33b2-8af9-41e6-b566-82bd7ffa745d
91394,97417,1,,9236,"2026-08-06 18:03:21",76fcc2f4-2c7b-4afc-bfb8-da40c91f1b57
91395,97417,3,,9236,"2026-08-06 18:03:41",25d43d25-a022-428f-ba9b-50fcf607b620
91396,97419,1,,9236,"2026-08-06 18:04:23",77c2e035-4f4e-4188-acd4-db90130c83d9
91397,97419,3,,9236,"2026-08-06 18:04:33",33da628f-1a30-4978-a011-8d80c3372bd0
91382,97412,1,,9236,"2026-08-06 17:38:54",e595e133-27b2-436a-a17c-014099e46149
91383,97412,3,,9236,"2026-08-06 17:39:21",0d450bbe-31b5-42f2-87c5-db53769651f3
90970,97063,1,,9236,"2026-08-06 14:04:43",6b9b38f8-d16a-4c49-856d-f9fb5223ee57
90971,97063,3,,9236,"2026-08-06 14:05:00",9f0bcea8-ff64-4cce-9372-f582909134c2
90968,97065,1,,9236,"2026-08-06 14:04:22",f2a61359-1002-4587-94d5-ae94e5eb2512
90969,97065,3,,9236,"2026-08-06 14:04:32",1a99ee46-8e26-44eb-8e40-342b9a99b024
90988,97078,1,,9236,"2026-08-06 14:11:16",5adf6099-3d0a-476f-a4cd-b0be6e783018
90989,97078,3,,9236,"2026-08-06 14:11:30",cdcb5c57-7c5a-4999-b37e-cabe4e753917
90990,97079,1,,9236,"2026-08-06 14:11:44",2200e755-9251-4a16-bdcc-f3cd67d25d04
90991,97079,3,,9236,"2026-08-06 14:11:54",ec7c6863-809c-4580-b8e1-75e11fbe8085
92321,98564,4,,16222,"2026-08-08 18:01:06",551aeeb7-e6a9-4e52-9ce0-b6e37de14b04
93852,98564,1,,16222,"2026-08-17 21:02:30",ca820fee-0b76-4884-9c65-177a57490300
91386,97414,1,,9236,"2026-08-06 17:48:30",ecf640ea-1286-4b55-a140-5769ce494aa0
91387,97414,3,,9236,"2026-08-06 17:48:41",1d64eaf6-7d6c-468c-a49b-740316fc74b4
91390,97415,1,,9236,"2026-08-06 17:49:54",83cefadd-b579-4fb4-b06d-0d126cfc6157
91391,97415,3,,9236,"2026-08-06 17:50:10",c0dc5e30-1814-4f5f-a148-c693b14e1e9a
91388,97416,1,,9236,"2026-08-06 17:49:15",fd23c71f-5536-4dd6-8ecd-465f58e63dd5
91389,97416,3,,9236,"2026-08-06 17:49:30",8dde527c-8838-441e-b3bc-98ebd59a13e4
91404,97423,1,,9236,"2026-08-06 18:10:42",03398909-1095-4483-8bb0-84ea9ef91cf0
91405,97423,3,,9236,"2026-08-06 18:10:59",9ee128e1-d858-4e0d-b0ed-c2bb3c11d212
92923,99073,2,,15668,"2026-08-12 15:12:53",b2fdf534-80d6-4179-b435-fb7b1d9a0b7c
92942,99073,1,,16222,"2026-08-12 16:22:35",df83bb83-880d-4f34-ad41-db94a5156108
92944,99073,3,,16222,"2026-08-12 16:23:26",ad507b46-bccd-48bc-9583-0763848ee698
90984,97075,1,,9236,"2026-08-06 14:09:35",0e779391-2b2d-4c21-a185-edf32187e02f
90985,97075,3,,9236,"2026-08-06 14:09:52",9f0a2db2-b95d-463d-b650-a9e950cc6854
90986,97076,1,,9236,"2026-08-06 14:10:10",7f09e499-1c98-49b2-b8c8-350d58dd432f
90987,97076,3,,9236,"2026-08-06 14:10:28",191a4a3a-d8e7-46b2-bc57-7036ab95eae4
90980,97072,1,,9236,"2026-08-06 14:08:14",4e7b3925-9ce8-4ad4-8a62-e616915692a9
90981,97072,3,,9236,"2026-08-06 14:08:32",410df3ea-8282-4b88-bdb9-3f0a4ddc2ded
90982,97073,1,,9236,"2026-08-06 14:08:46",685127a3-5fe8-45e5-86b4-c0dbc52fc165
90983,97073,3,,9236,"2026-08-06 14:08:56",f9a6a58f-acaa-45d7-8906-5e6fb401fecb
90878,97008,1,,9236,"2026-08-06 13:13:46",8298bb50-7511-43c7-9c64-7d21e7059689
90879,97008,3,,9236,"2026-08-06 13:13:58",4809fb9a-2004-45b1-9fef-d827025961f0
90881,97010,1,,9236,"2026-08-06 13:14:27",d64e77af-d5e5-4e9e-bf7c-d1f43c942781
90884,97010,3,,9236,"2026-08-06 13:15:05",495847d8-aae8-4c33-8dae-7faf2b2383ce
91414,97432,1,,9236,"2026-08-06 18:15:58",e9715992-7036-4353-8f54-fa5a0d819c7e
91415,97432,3,,9236,"2026-08-06 18:16:16",e2047bf6-c87a-4d66-854e-7e106a641226
91416,97434,1,,9236,"2026-08-06 18:16:27",882a3354-de59-4a5d-8855-14a442ad564f
91417,97434,3,,9236,"2026-08-06 18:16:43",8903b9a1-d1a7-4ee5-831d-514bed78d2fd
93717,99599,3,,16222,"2026-08-17 16:23:50",3e941de5-ef2e-4e99-8a63-825bd72fff75
91398,97420,1,,9236,"2026-08-06 18:06:56",5909f4c5-12a8-43c9-b0ba-5c3b32ff1f82
91399,97420,3,,9236,"2026-08-06 18:07:06",a6694619-5e74-4df3-a245-9a0e32d7030c
91400,97421,1,,9236,"2026-08-06 18:07:16",13f70629-4135-4c78-b73b-72e15b663221
91401,97421,3,,9236,"2026-08-06 18:07:25",89fd4a8d-493a-40e6-8dc3-edce445fa58a
91402,97422,1,,9236,"2026-08-06 18:07:50",7b6bb288-3e03-4f7d-9553-80ed2eb82bf6
91403,97422,3,,9236,"2026-08-06 18:08:01",47274843-0ceb-4fbc-bc51-82849e035728
90909,97020,1,,9236,"2026-08-06 13:34:37",78a5668e-4a8c-4c3d-99ea-cb933efc7dcd
90910,97020,3,,9236,"2026-08-06 13:34:57",c881e4bb-150d-47f8-8e01-dd670c8d9bd0
91412,97430,1,,9236,"2026-08-06 18:14:38",a1253046-e43c-4082-863a-fe3fa7192b8f
91413,97430,3,,9236,"2026-08-06 18:14:47",6981bb70-5032-4e42-bea5-37ecaa7456d4
91410,97431,1,,9236,"2026-08-06 18:13:59",b3803372-f53b-4ed2-b731-69fd385845e7
91411,97431,3,,9236,"2026-08-06 18:14:24",dab4335a-b1c9-4c40-be03-6f2041e84811
90868,96999,1,,9236,"2026-08-06 13:06:05",a58816b7-2c6e-4296-8a2a-d427c6843bbb
90869,96999,3,,9236,"2026-08-06 13:06:32",74d18f89-19f0-4f94-95dc-535be2b652d2
91420,97437,1,,9236,"2026-08-06 18:20:51",e9ae268e-e9a0-4774-bae3-720af4450859
91422,97437,3,,9236,"2026-08-06 18:21:07",4d9d7b70-59ed-456e-bf96-83ee19356137
90974,97069,1,,9236,"2026-08-06 14:06:54",5f6cf7ae-90fd-4b43-a0d4-dfdfc94ca7c9
90975,97069,3,,9236,"2026-08-06 14:07:02",4f73b833-d651-4f67-ba7e-1b83653ec71f
90976,97070,1,,9236,"2026-08-06 14:07:14",b8e7a65b-c882-4331-ba93-285d52f6252c
90977,97070,3,,9236,"2026-08-06 14:07:22",eb68583b-90fb-4fda-a62c-e5815cf2ad8c
90978,97071,1,,9236,"2026-08-06 14:07:35",6c6ad36f-01eb-4168-8daa-67d6c791ceb6
90979,97071,3,,9236,"2026-08-06 14:07:44",04040ffc-3516-4549-b9e4-66a012137bd7
91425,97439,1,,9236,"2026-08-06 18:22:59",970c7328-ec5c-4238-a33e-fd448f34b838
91426,97439,3,,9236,"2026-08-06 18:23:10",c8c8beb6-ec97-4a73-9898-e0d23f3c382b
91423,97440,1,,9236,"2026-08-06 18:22:25",b028e624-b51b-40ac-add6-d25397613902
91424,97440,3,,9236,"2026-08-06 18:22:39",b94f74c3-c6a9-4a35-99d8-893a01e7c955
90965,97060,1,,9236,"2026-08-06 14:03:10",be520b80-0823-4fa3-947f-526103e8b168
90966,97060,3,,9236,"2026-08-06 14:03:26",718c3b79-f112-4974-9488-112130cb9c27
93993,98686,2,,15513,"2026-08-18 15:09:02",9299aa74-a582-48c6-b712-a09083f75a29
93999,98686,3,,16222,"2026-08-18 15:17:27",e092c863-68f3-41aa-833f-eabfdc5f6c83
91406,97426,1,,9236,"2026-08-06 18:11:56",bd5f8c6d-bd52-4d68-913f-72adce1d2617
91407,97426,3,,9236,"2026-08-06 18:12:10",6a19599b-6aee-4e12-9e66-07d452911c7b
91408,97428,1,,9236,"2026-08-06 18:12:23",cc806a12-310d-4695-a474-888bef461326
91409,97428,3,,9236,"2026-08-06 18:12:33",d179e60b-d12d-4295-a048-cb85124edc2f
90917,97023,1,,9236,"2026-08-06 13:40:59",d340ed8d-46a3-4337-8cd9-a252cbc50573
90918,97023,3,,9236,"2026-08-06 13:41:18",b78a6e6e-75bb-49b0-9f11-822c7efc2e36
90915,97025,1,,9236,"2026-08-06 13:40:24",25ed3ec5-0d3d-4d3c-9d1a-ab98018b0f5e
90916,97025,3,,9236,"2026-08-06 13:40:33",a9f67d43-d1de-4824-a574-528354f63e3c
91451,97456,1,,9236,"2026-08-06 18:34:49",ece1841f-a93b-412f-9d4f-1230a94d285f
91452,97456,3,,9236,"2026-08-06 18:35:08",65ad66cf-827d-406c-9c81-7a053d31cd04
91453,97457,1,,9236,"2026-08-06 18:35:21",459a2f38-bc6f-494a-a6c9-df159e92157d
91454,97457,3,,9236,"2026-08-06 18:35:34",10ad88f9-94aa-4743-93b3-3a909206690f
91455,97458,1,,9236,"2026-08-06 18:35:45",c4fd0e62-3be2-4397-b601-0e932294af54
91456,97458,3,,9236,"2026-08-06 18:35:55",a091ab18-ccd2-422e-bf72-4856e34fc4a0
90996,97087,1,,9236,"2026-08-06 14:15:43",ea653877-6f26-4c8d-bdad-3782c6007fdc
90997,97087,3,,9236,"2026-08-06 14:15:54",e71a116d-4471-43bc-ac78-0f1b11cb2535
90998,97088,1,,9236,"2026-08-06 14:16:07",9ad00e5e-3d5f-4696-b51b-ddb437933aea
90999,97088,3,,9236,"2026-08-06 14:16:16",55d2d2b2-9868-4279-a1c2-13fa95164303
94199,99024,2,,15873,"2026-08-18 18:46:40",89a07c17-637b-41c6-bcb1-1bd19620744a
91433,97444,1,,9236,"2026-08-06 18:26:03",53db879d-d0e1-4a2d-9677-480a8aac494a
91434,97444,4,,9236,"2026-08-06 18:26:16",c92f04f9-3b76-420f-b9c3-15fbea1bfc33
91435,97444,3,,9236,"2026-08-06 18:26:18",27ceb17a-0896-418e-9bee-846ebee14afb
91436,97446,1,,9236,"2026-08-06 18:26:36",84f5eb10-59c4-4f02-96e7-c87ad7648d50
91437,97446,3,,9236,"2026-08-06 18:26:45",e3b02eb5-60de-4e99-8912-50ffe148c90f
91006,97098,1,,9236,"2026-08-06 14:20:25",96d60a04-d388-49c9-92f9-e88209ea7860
91007,97098,3,,9236,"2026-08-06 14:20:34",36bb0f33-680d-44e9-8654-45780ee86a3f
91430,97441,1,,9236,"2026-08-06 18:24:37",7393a278-43ef-4c0e-940f-64751fd998f6
91431,97441,3,,9236,"2026-08-06 18:24:55",200f9bb4-3c5d-48f6-9a5e-9d818f884043
91442,97450,1,,9236,"2026-08-06 18:30:13",a84da693-3065-4a5c-bdec-49845ca0c935
91443,97450,3,,9236,"2026-08-06 18:30:28",31a14c49-0d49-457b-831a-eac840a8d780
91444,97451,1,,9236,"2026-08-06 18:30:42",37b35567-30b9-4925-a375-5bf8d0358ee3
91445,97451,3,,9236,"2026-08-06 18:30:51",88167799-a837-4616-8b4a-69d0882a076e
90994,97084,1,,9236,"2026-08-06 14:14:37",319a1d78-9bee-43fe-bfea-9238b6a23497
90995,97084,3,,9236,"2026-08-06 14:14:54",ba58ad37-6a09-44e6-bad2-ce0ca9126876
91446,97453,1,,9236,"2026-08-06 18:33:11",78955de0-a182-47cb-9a2b-fd0439a908e6
91447,97453,3,,9236,"2026-08-06 18:33:24",87cd8faf-a626-46eb-b8d3-22a6feb41227
91448,97454,1,,9236,"2026-08-06 18:33:37",0895479a-0e97-422e-86e2-a57d84292fca
91450,97454,3,,9236,"2026-08-06 18:33:56",250f70cd-fe67-4f6a-9018-54d50486e933
91008,97099,1,,9236,"2026-08-06 14:21:10",137d1a4a-6d23-4f7e-9b3f-baf1addab3d2
91009,97099,3,,9236,"2026-08-06 14:21:27",04ae5d75-74ec-4949-93bd-82d4ddfadb40
91440,97448,1,,9236,"2026-08-06 18:28:21",95f06d81-f7b9-43c7-96a3-fdcb93c53e99
91441,97448,3,,9236,"2026-08-06 18:28:35",2d10de4e-fe33-4933-959a-645b1dc08314
91438,97449,1,,9236,"2026-08-06 18:27:53",ef025cea-36f5-44b0-b181-f81555b01cf8
91439,97449,3,,9236,"2026-08-06 18:28:07",6a1261fd-4370-4068-9221-cde0f0e3b62b
91000,97090,1,,9236,"2026-08-06 14:17:09",05aefc0e-9978-4234-81f9-397f187511af
91001,97090,3,,9236,"2026-08-06 14:17:25",a2451669-f40e-483e-8659-f3d8d306aeb0
92638,98750,3,,16222,"2026-08-10 19:02:21",718eed68-8323-4ca1-b972-2963c9a4a103
91002,97093,1,,9236,"2026-08-06 14:18:33",7a70febe-fee4-4d49-adab-a1cf1366ad97
91003,97093,3,,9236,"2026-08-06 14:18:48",851e1af4-b59d-4e5c-ab33-20fe48853760
91004,97095,1,,9236,"2026-08-06 14:19:03",a807d379-04ee-4f2e-8b52-8d4b98170252
91005,97095,3,,9236,"2026-08-06 14:19:12",61e52515-4996-4c80-964e-55b8c832a76e
91511,97495,1,,9236,"2026-08-06 19:09:00",880bef96-6c2e-4574-9e78-56b52f65d6c0
91512,97495,3,,9236,"2026-08-06 19:09:11",fd6d7179-eed8-4940-9f21-9c9772798954
91513,97497,1,,9236,"2026-08-06 19:09:37",9b6c33d1-2d1d-4ad7-bbcc-983e9c8e3564
91514,97497,3,,9236,"2026-08-06 19:09:52",52da6317-afa5-45a2-9494-5c493d12c3b2
91011,97102,1,,9236,"2026-08-06 14:22:08",08507d80-e2c6-48c9-b61d-87f5428a533b
91012,97102,3,,9236,"2026-08-06 14:22:25",7f30146d-7e60-4693-9ed1-4729b189b2d6
91015,97108,1,,9236,"2026-08-06 14:24:22",23876537-fdf2-451c-b3e9-2f805ba36cb7
91016,97108,3,,9236,"2026-08-06 14:24:35",664e51c8-1a65-417b-839c-ec4407a2f3da
91017,97110,1,,9236,"2026-08-06 14:24:48",61a8b170-9cc8-4daf-a524-55924d1b85cc
91018,97110,3,,9236,"2026-08-06 14:24:57",e3aca015-3007-445e-853e-d70f00888d44
93691,98951,3,,16222,"2026-08-17 15:23:28",ea52d485-0464-4104-bd46-c021d3b8ccff
93759,98953,2,,15481,"2026-08-17 17:42:15",926393fd-054b-455f-b8c2-90be9ef2f511
93857,98953,3,,16222,"2026-08-17 21:10:49",9f0e1233-76e2-4897-a3b0-6438e69066b4
91036,97120,1,,9236,"2026-08-06 14:32:36",cd79447d-00ff-4ea6-b040-933a0de15ebc
91037,97120,3,,9236,"2026-08-06 14:32:45",5e7124bb-7757-4319-afed-8c96cb182d92
91038,97122,1,,9236,"2026-08-06 14:32:56",6542e590-5667-4d4b-b405-a78c03e7a246
91040,97122,3,,9236,"2026-08-06 14:33:11",c6470a74-24da-4211-b330-9be78c1996a1
91028,97114,1,,9236,"2026-08-06 14:28:40",98becb4d-cf05-4a07-8f11-f9e1bc0bbbda
91029,97114,3,,9236,"2026-08-06 14:28:53",c9d02144-1f9a-4381-a1de-b8ce0833adc5
91030,97116,1,,9236,"2026-08-06 14:29:09",4901c14a-d30f-4425-85c5-3a3b2364b2b4
91031,97116,3,,9236,"2026-08-06 14:29:19",dbfe8459-b00b-4cf3-91ff-611868138464
93738,99620,3,,16222,"2026-08-17 16:41:42",4fbf6baf-a9aa-4f9e-bac6-f894e4f3c74f
93739,99620,1,,16222,"2026-08-17 16:41:45",fbb2e699-a2f2-463f-8381-03f2060deaf1
93740,99620,3,,16222,"2026-08-17 16:41:51",6c9c0df3-8dfa-407f-b0ba-ef66f6ba8903
91025,97111,1,,9236,"2026-08-06 14:27:22",56b12afe-3c01-4bac-90d5-5a0e62aae673
91027,97111,3,,9236,"2026-08-06 14:28:00",5442c765-7aaf-463a-9413-1b4a067eef5d
91021,97112,1,,9236,"2026-08-06 14:26:05",ec13232f-faa3-414e-9d7f-660d248eab28
91023,97112,3,,9236,"2026-08-06 14:26:52",48f07968-8a93-4d5d-961f-ef10c8c24983
91019,97113,1,,9236,"2026-08-06 14:25:37",c8488f69-7f3d-4a2d-b758-a09e9bfe0b5e
91020,97113,3,,9236,"2026-08-06 14:25:53",347fea17-d861-48c8-82bc-c8b99e11c622
91034,97118,1,,9236,"2026-08-06 14:30:41",63687d49-ed45-41aa-a4a0-73382ce543ed
91035,97118,3,,9236,"2026-08-06 14:30:56",d3770c5a-1d71-48a5-8df0-95a54031d83e
91032,97119,1,,9236,"2026-08-06 14:30:11",03127643-92a8-4ea2-bf0c-8a6ccac3b226
91033,97119,3,,9236,"2026-08-06 14:30:23",b601c556-f072-449f-b84d-a9a6f4c1b611
91013,97105,1,,9236,"2026-08-06 14:23:18",221fe75e-d0cc-4356-bf2d-99a750cccdcf
91014,97105,3,,9236,"2026-08-06 14:23:33",669db0fb-59ff-4b8a-a1c4-59f3e01c7ef1
91042,97123,1,,9236,"2026-08-06 14:34:01",be18f760-45d6-4bbc-81e9-1e9496a34369
91045,97123,3,,9236,"2026-08-06 14:34:56",1fcc0dda-a951-423a-b7f4-f7e4446b83d1
92561,97123,1,,9236,"2026-08-10 17:11:14",56c6553d-d650-4757-a36d-329caeb0b715
92563,97123,3,,9236,"2026-08-10 17:11:20",21566cbe-ff30-4465-8bdb-f01ca08fdd8c
92564,97124,1,,9236,"2026-08-10 17:11:25",8d5ae8a0-6faf-4bdf-8f9e-7e7b413e7f33
91044,97125,1,,9236,"2026-08-06 14:34:27",b479a3f7-cf49-4be0-9f84-1e19f09fa03d
92565,97125,3,,9236,"2026-08-10 17:11:55",2226f4be-7481-4e5b-9b54-9f0e2b18e302
93708,99588,3,,16222,"2026-08-17 16:12:41",24785439-f3e1-4a7b-a80a-9f6c6ea2fa33
93709,99588,1,,16222,"2026-08-17 16:14:53",6d98f475-19b2-4222-a836-e21ee7409c29
93710,99590,3,,16222,"2026-08-17 16:17:49",49579a26-2d2d-42d4-aea4-dc0f4ff0da83
93678,99550,1,,16222,"2026-08-17 14:52:51",feaa3728-aa59-46c7-97c5-042f0bfd064c
93679,99550,3,,16222,"2026-08-17 14:54:15",22b7488d-2006-4818-bddf-b30fcf4d0259
90692,96893,1,,9236,"2026-08-05 19:26:10",211f1f69-614d-453e-b5e0-cc3e3c67d3cf
90693,96893,3,,9236,"2026-08-05 19:26:30",aca0840a-9488-4eea-9908-d8f70c291195
90694,96894,1,,9236,"2026-08-05 19:26:47",d2c9e548-3b41-4126-9d62-322bf0b9003d
90695,96894,3,,9236,"2026-08-05 19:27:12",afe0af92-4743-4759-835b-9d6c9f6c78d6
92199,98152,1,,9236,"2026-08-07 15:20:39",2c6cdaa9-ef3f-4ff7-a0d5-b8bc9c92a1a8
92200,98152,3,,9236,"2026-08-07 15:20:48",76c274d7-ce58-453f-ac9b-a15040903ca9
92621,97862,1,,9236,"2026-08-10 18:13:28",ddf3cb7b-baad-499f-87ee-4cde5b10b515
93010,99159,3,,16222,"2026-08-12 20:03:59",1fead77a-bbd9-4feb-9c5a-75d8b4b3c217
93011,99159,1,,16222,"2026-08-12 20:04:12",745d462b-eef6-452d-858c-f5b2192cfad4
93012,99159,3,,16222,"2026-08-12 20:04:23",85235d2f-e42b-49b3-8ef5-70d7394ae9fb
93022,99159,1,,16222,"2026-08-12 20:28:27",17679b3c-5932-4ea8-ae41-9735e17a84ae
93023,99159,3,,16222,"2026-08-12 20:28:37",b0fdb8b1-2041-4975-b4cf-96c54d8277be
92484,97831,1,,1288,"2026-08-10 16:31:47",2ffd7014-9f7b-4ccd-bbd1-d928bc651dbb
92486,97831,3,,1288,"2026-08-10 16:31:59",a03197d5-ebd3-4384-a091-e003c8301827
93683,99545,3,,16222,"2026-08-17 15:02:14",53e72a90-d81b-421c-923d-8ae3e72a75c1
92195,98150,1,,9236,"2026-08-07 15:19:33",f06b513c-1cd3-4025-8d7c-a0f2e2449e7b
92196,98150,3,,9236,"2026-08-07 15:19:42",67f86227-2da8-4764-9fd0-9c64e4f31911
92405,98163,1,,1288,"2026-08-10 16:11:17",11b3fda0-dffa-423e-8697-efbe17fb3089
92407,98163,3,,1288,"2026-08-10 16:12:47",0b3947c5-0c6c-4dc4-a4d4-f0b23c663a6a
93009,99158,3,,16222,"2026-08-12 19:54:59",387aab05-ba20-4ec4-adff-093d555b166a
93013,99158,1,,16222,"2026-08-12 20:05:14",ddbe3808-8aa9-4c28-aa77-ceeecb8317a4
93014,99160,3,,16222,"2026-08-12 20:07:24",76831f96-bbc9-4155-b410-bb5deda95fa5
93020,99160,1,,16222,"2026-08-12 20:27:58",52499753-516a-4f0c-9d54-e2cb4057deb4
93021,99160,3,,16222,"2026-08-12 20:28:08",fe130fe8-3e1e-470e-a3d9-02e02b9b0830
91801,97869,1,,9236,"2026-08-06 21:23:50",7761d9b6-cb4a-46a7-9af4-2728b7bcb8f2
91802,97869,3,,9236,"2026-08-06 21:24:08",2389cc1d-b3f2-4b0d-be6f-6d3ffc23c6d9
92221,98170,1,,9236,"2026-08-07 15:29:22",a667736a-7ebf-424c-aa88-b18c4250ef9a
92222,98173,1,,9236,"2026-08-07 15:30:09",5be26430-3bd2-4038-ac5b-c35eca8230af
92401,98174,1,,1288,"2026-08-10 16:09:07",28ebffb8-8e48-46bb-866c-422cad996212
92403,98174,3,,1288,"2026-08-10 16:10:02",f58a9bcf-e69f-4ddf-bbdf-bf1775dd3d37
91803,97872,1,,9236,"2026-08-06 21:25:57",27309039-01fe-4a1f-957d-9d90adbeb7a6
91804,97872,3,,9236,"2026-08-06 21:26:11",39d70365-2d27-4529-b716-da3d30c152b9
91806,97873,1,,9236,"2026-08-06 21:26:32",f2eb1e7e-2670-4493-87b4-4a928fb35161
91807,97873,3,,9236,"2026-08-06 21:26:55",0604e7d7-1777-4e86-be63-daa1c8e73702
91810,97878,1,,9236,"2026-08-06 21:30:56",93ae8968-350e-48df-99c6-b9c89fa5ac50
91811,97878,3,,9236,"2026-08-06 21:31:03",2819fcdb-3cfa-4dd4-b30d-8b1aa5a77a74
91808,97879,1,,9236,"2026-08-06 21:30:29",99362f6f-ca00-4243-b7f7-dc095e6aea8c
91809,97879,3,,9236,"2026-08-06 21:30:43",9a5fc3fe-14f2-46c5-ae94-0ef449156594
92227,98179,1,,9236,"2026-08-07 15:32:47",37e3a1bb-21d3-481b-a2a9-de4172f92353
92228,98179,3,,9236,"2026-08-07 15:32:57",4bc8c32e-fd6a-46ad-9d19-3b53ccd88cbc
92225,98176,1,,9236,"2026-08-07 15:31:36",cd9bed87-959b-4915-9ef2-682341c20006
92226,98176,3,,9236,"2026-08-07 15:31:51",40e81521-6da3-4f31-badd-ff0c5588294c
92231,98181,1,,9236,"2026-08-07 15:34:24",7829ec22-5095-4acd-9635-94fec7eef8f9
92232,98181,3,,9236,"2026-08-07 15:34:46",9b42e01b-932b-40fd-b39a-6e463eeed05d
92234,98184,1,,9236,"2026-08-07 15:35:48",a5074a25-c6cf-4def-86f5-a554dbf35bdf
92235,98184,3,,9236,"2026-08-07 15:36:06",954bcd80-7161-4775-85eb-1efffcd9d927
92229,98180,1,,9236,"2026-08-07 15:33:30",d8977019-55c7-4ba0-974c-6cc719f9042c
92230,98180,3,,9236,"2026-08-07 15:33:42",8df67bd5-9e70-4e6f-9ce7-84c69da0e609
91047,97126,1,,9236,"2026-08-06 14:36:29",0e149b3c-8f3c-4515-97e3-38dca0a2012d
94007,97126,3,,16222,"2026-08-18 15:23:28",aae0b39c-681c-4f6b-b24e-22cffd2242be
94008,97126,1,,16222,"2026-08-18 15:23:32",cb9fe119-ed48-4552-bf95-7e001bfce09e
94009,97126,3,,16222,"2026-08-18 15:23:53",2d004251-8b22-43e5-8193-b2ae7b770cf3
93997,99831,2,,15513,"2026-08-18 15:15:03",54f56264-7890-4607-88a2-a0c9403dba1b
93998,99831,3,,16222,"2026-08-18 15:15:50",60b2aee9-ead9-4c4b-8132-3a13e4e451ba
94200,99912,1,,16222,"2026-08-18 18:55:36",6855b809-0b3c-4476-9baf-65a011b72000
94201,99912,2,,16222,"2026-08-18 18:57:24",ccc3f722-b256-4741-9ce3-38f9349da1ab
94202,99912,3,,16222,"2026-08-18 18:57:28",5c157f74-4597-46e2-a330-99ceac1ed487
92217,98161,1,,9236,"2026-08-07 15:26:09",0ac2d773-bbdd-4708-83cb-79144604132f
92218,98161,3,,9236,"2026-08-07 15:26:19",c6f1da54-0e3a-444c-b6b5-ba45274bcd0d
92616,97685,1,,9236,"2026-08-10 18:09:58",b3be5919-b7f7-4c99-bb35-813b06ef0995
91853,97893,1,,9236,"2026-08-07 13:00:56",ffcb18f7-0530-46a3-b36c-9e859a74e755
91854,97893,3,,9236,"2026-08-07 13:01:08",2609b0e7-7900-4bc9-8397-5165b18c4c31
91855,97894,1,,9236,"2026-08-07 13:02:26",03fa7720-d719-4ad4-bd8f-b63f47045258
91856,97894,3,,9236,"2026-08-07 13:02:36",9792beef-3f2e-4b34-bd97-d97d402e2dc0
91857,97895,1,,9236,"2026-08-07 13:02:56",908669f9-40f9-4c95-acce-93c937c20e38
91858,97895,3,,9236,"2026-08-07 13:03:04",37a52aed-a582-42c2-9e81-80637a19c197
91863,97899,1,,9236,"2026-08-07 13:09:05",24044a8b-2ba9-4990-bc87-a2c6a421f8c4
91864,97899,3,,9236,"2026-08-07 13:09:15",ec8387e0-6b6d-4ac8-8d86-fcf8086a6016
91865,97900,1,,9236,"2026-08-07 13:09:37",6140f6d9-03cb-49a2-b5fb-f37ea2f73e3b
91866,97900,3,,9236,"2026-08-07 13:09:45",7a4d13e8-a78e-4f64-ad8d-b36e5d849f87
91867,97901,1,,9236,"2026-08-07 13:10:00",b31b0b77-d058-4892-8260-eeaad6084402
91868,97901,3,,9236,"2026-08-07 13:10:09",aaf98ed7-1782-4274-913b-77f756f1c030
91895,97923,1,,9236,"2026-08-07 13:20:57",c4c3a1ad-d7d9-4fa8-a75a-d75832739814
91896,97923,3,,9236,"2026-08-07 13:21:05",9e2c5e96-9bba-40ca-b9f9-47e041902faf
91897,97924,1,,9236,"2026-08-07 13:21:20",287a22c4-c3c4-407d-8095-214212f75d14
91898,97924,3,,9236,"2026-08-07 13:21:33",6c4fa154-aa56-472a-9983-b812010c4fd1
91899,97925,1,,9236,"2026-08-07 13:21:45",3658e1af-dd27-435e-96c4-f86f39c0c595
91900,97925,3,,9236,"2026-08-07 13:21:53",afde8819-6b63-4274-a656-8dd414f02bd4
91891,97920,1,,9236,"2026-08-07 13:19:32",6889be29-f8d8-470e-8b8b-949acb07130b
91892,97920,3,,9236,"2026-08-07 13:19:44",5adde651-5379-4f13-8721-063903d59cc0
91893,97922,1,,9236,"2026-08-07 13:19:58",63a9782d-507c-44d2-8661-57ed293c51c2
91894,97922,3,,9236,"2026-08-07 13:20:07",6ac5b547-8125-4c5a-868f-58e60132bc8f
92601,97916,1,,9236,"2026-08-10 17:47:04",2bc34038-eab6-4fbc-8a8b-4ff606d94ddc
92602,97916,3,,9236,"2026-08-10 17:47:15",762cf1f4-9dba-4aab-ad50-5592f2cadf53
92603,97919,1,,9236,"2026-08-10 17:47:35",bdf97b14-24b7-40d6-bcd8-1c8b8743f179
92604,97919,3,,9236,"2026-08-10 17:47:55",92c61219-305a-4997-a6c8-0eebf24da110
91885,97912,1,,9236,"2026-08-07 13:16:13",4bdec4eb-c655-490e-94e7-3809712ebd6e
91886,97912,3,,9236,"2026-08-07 13:16:21",688d806e-7ac5-4b8d-9d30-5b149d85c6b2
91887,97913,1,,9236,"2026-08-07 13:16:37",bc91ca84-3ad9-4fd5-bdc0-b775e247b31c
91888,97913,3,,9236,"2026-08-07 13:16:46",7d977365-cb2e-4603-ab45-a7c8730ea914
91889,97914,1,,9236,"2026-08-07 13:17:01",45cac9ea-02b5-48e4-9b90-a84dfec63ed0
91890,97914,3,,9236,"2026-08-07 13:17:11",79fae68b-fdbf-48cb-961f-47c0bf606224
91901,97926,1,,9236,"2026-08-07 13:22:55",2fda27fe-fb9e-49a5-bd21-0e0336560a9f
91902,97926,3,,9236,"2026-08-07 13:23:04",7917d6de-e7d0-4998-9ea3-5818548a20c7
91905,97928,1,,9236,"2026-08-07 13:24:15",13d08f9c-b018-4d96-9fc1-1d72a3ce8031
91906,97928,3,,9236,"2026-08-07 13:24:52",a4e619ba-833c-4726-acd3-ddd2ea2bcbb2
91907,97928,1,,9236,"2026-08-07 13:24:59",16233191-6d48-4a87-88b4-bc6f912e8982
91908,97928,3,,9236,"2026-08-07 13:25:02",5a4eefa9-1c22-4bae-9645-305a87554b64
92625,97928,1,,9236,"2026-08-10 18:45:18",06e72ea2-5a3c-4417-b2a7-fe5f03402381
92626,97928,3,,9236,"2026-08-10 18:45:52",1e9fafd8-2432-487f-b8fd-fc25c894d924
91909,97929,1,,9236,"2026-08-07 13:25:11",61d0fc00-1c62-48a6-9bde-2ad6e46e7349
91910,97929,3,,9236,"2026-08-07 13:25:23",1faf879e-43b1-4391-9176-bfe6ceaea7e4
91917,97934,1,,9236,"2026-08-07 13:28:15",a7043c01-a93b-46aa-b6e3-3c6bfe669ba2
91918,97934,3,,9236,"2026-08-07 13:28:23",06bc9f51-2ce7-42bb-8ff5-9d5aaaaa007e
91911,97930,1,,9236,"2026-08-07 13:26:30",9ecc2d25-887d-42f7-a020-ba59333d26c5
91912,97930,3,,9236,"2026-08-07 13:26:46",47155de0-1dfd-4fa5-a1b2-199b6fa2cd99
91913,97931,1,,9236,"2026-08-07 13:27:05",99df45c8-57bb-4b4d-91e4-6e4bc23cf79c
91914,97932,1,,9236,"2026-08-07 13:27:34",3ea37d4b-1cf1-4671-b98d-d3edea52fadc
91915,97932,3,,9236,"2026-08-07 13:27:42",7c8440f2-269f-44ac-97a8-d2aa17bf0022
91927,97945,1,,9236,"2026-08-07 13:34:21",75ce0a56-783b-4b96-a1b2-7a5223783829
91928,97945,3,,9236,"2026-08-07 13:34:30",84c352a9-4022-45d2-8b4f-07b1bb187de8
91919,97939,1,,9236,"2026-08-07 13:30:28",144dd962-3f16-4b17-a56e-c0376fe03bac
91920,97939,3,,9236,"2026-08-07 13:30:39",37bc8f44-8d88-41d9-b255-1f1f6ddef765
91921,97940,1,,9236,"2026-08-07 13:30:54",87daab1d-04f2-47e2-93e3-a16fdd5c3ad8
91922,97940,3,,9236,"2026-08-07 13:31:08",d4ac848f-b9fe-4437-9da0-b3c11e708630
91923,97941,1,,9236,"2026-08-07 13:31:35",096f21e9-2df7-4080-8a3d-c7045313c331
91924,97941,3,,9236,"2026-08-07 13:31:52",7cc17aae-8152-44da-900a-2d11443bfb52
91925,97942,1,,9236,"2026-08-07 13:32:42",a386e1b0-6758-4419-8479-a079a62d853b
91926,97942,3,,9236,"2026-08-07 13:32:58",df2bda9e-9cbe-4331-afea-e06a5603a4d5
92378,97935,1,,9236,"2026-08-10 14:17:04",9ad769a1-2820-45cc-9916-5b9659d03cc8
92379,97935,3,,9236,"2026-08-10 14:17:27",c36bb89b-9d98-4a61-a643-047cd5780d55
91947,97955,1,,9236,"2026-08-07 13:40:56",ec7ae81d-2107-40a4-84aa-1306d8b461bb
91948,97955,3,,9236,"2026-08-07 13:41:04",c4d16722-8b75-466b-85ea-9bafd7cbdf4d
91949,97956,1,,9236,"2026-08-07 13:41:14",29e9c1a5-04a7-4da9-b822-e24fa49ce6ff
91950,97956,3,,9236,"2026-08-07 13:41:22",9cebaa4f-cfcc-449b-b3cb-be71fbf61882
91951,97957,1,,9236,"2026-08-07 13:41:30",bd632e99-6162-4d89-9cf5-3b9b341768ca
91952,97957,3,,9236,"2026-08-07 13:41:37",b02b9525-82bf-40b2-9739-cfd2440cc1ca
91929,97946,1,,9236,"2026-08-07 13:35:08",deb6d709-fdc6-46a0-a1dd-f89e750731be
91930,97946,3,,9236,"2026-08-07 13:35:20",4f1f0f0a-1173-44a8-b1c0-70ad9e1e7a0e
91931,97948,1,,9236,"2026-08-07 13:35:34",f4596569-b0ca-44c7-a601-bc987e46ed6c
91933,97948,3,,9236,"2026-08-07 13:35:42",0400d4dc-296d-4098-83e5-1d2e262b144b
91941,97952,1,,9236,"2026-08-07 13:39:31",8ec7c237-648b-4359-8252-0dff2d1e0dfb
91942,97952,3,,9236,"2026-08-07 13:39:39",c4047d52-b928-4b97-a37f-b1ecc8d02b4b
91943,97953,1,,9236,"2026-08-07 13:39:52",d493cb87-f3fa-468b-b9af-b7c2f4abda68
91944,97953,3,,9236,"2026-08-07 13:40:03",160b4d03-8bda-4684-8321-490a6d504c99
91945,97954,1,,9236,"2026-08-07 13:40:16",bb318732-3572-4ff6-b94c-627defe23a36
91946,97954,3,,9236,"2026-08-07 13:40:24",a989e754-316c-4312-8d93-b990b7afde6e
91961,97964,1,,9236,"2026-08-07 13:44:58",a6af0790-5131-4a40-b93e-d3c8bdd4d8d1
91962,97964,3,,9236,"2026-08-07 13:45:08",c3b8eb69-bf84-458b-abbf-0468100d0ff9
91963,97965,1,,9236,"2026-08-07 13:45:28",8ea94267-c6a8-4530-a3b6-4a74c44e13e0
91964,97965,3,,9236,"2026-08-07 13:45:37",7e5a31d3-64d2-4bcb-b1e2-f96635ad872a
91965,97966,1,,9236,"2026-08-07 13:45:46",343748ef-b84b-4eaf-ad01-68fa3abb963c
91966,97966,3,,9236,"2026-08-07 13:45:55",49decdbd-96df-46ac-ae56-08372d13d88f
91959,97962,1,,9236,"2026-08-07 13:44:16",eeb82506-9694-440f-be67-bd3d00805890
91960,97962,3,,9236,"2026-08-07 13:44:24",e0cb6e63-a1c8-4a9b-a870-55f90abf0a64
91957,97963,1,,9236,"2026-08-07 13:43:46",2906b0ea-d365-4b73-a29b-6a6ebba0569c
91958,97963,3,,9236,"2026-08-07 13:44:00",3cbd8317-42b6-4b08-8dd7-9076a6fdfb2f
91935,97949,1,,9236,"2026-08-07 13:36:48",535670ae-041b-4ada-b9c2-174dab180504
91936,97949,3,,9236,"2026-08-07 13:36:58",1e6cc869-f7b8-4b83-b969-63b2f64a5ef6
91937,97950,1,,9236,"2026-08-07 13:37:15",9876ef0c-087f-4817-b374-5c687021003d
91938,97950,3,,9236,"2026-08-07 13:37:24",d37eca58-3faf-492a-a6b2-907ca77db294
91939,97951,1,,9236,"2026-08-07 13:37:39",649de82a-75b9-4df1-9a70-24e4c3ba1f24
91940,97951,3,,9236,"2026-08-07 13:37:47",886ac095-3c1f-4544-9bda-f82a5ca5cdaa
91988,97982,1,,9236,"2026-08-07 13:54:15",d98ce190-b1b5-4166-8061-957a591f408d
91989,97982,3,,9236,"2026-08-07 13:54:23",6aaed414-a281-4158-bd8b-87b04643063e
91953,97958,1,,9236,"2026-08-07 13:42:27",411595ab-7556-455f-8221-2194acfc83e3
91954,97958,3,,9236,"2026-08-07 13:42:39",b52f683b-c318-44b9-b5d5-5f9349e2b578
91955,97960,1,,9236,"2026-08-07 13:42:50",d15dd904-80db-48b1-839f-eac708444af6
91956,97960,3,,9236,"2026-08-07 13:42:58",e41dd575-61b6-4100-b531-172bef8cd76c
91967,97967,1,,9236,"2026-08-07 13:47:01",e24c01b9-1aca-45db-8c34-df2b9a144d6b
91968,97967,3,,9236,"2026-08-07 13:47:11",8e3d25e3-7d25-4388-8f2a-9048a45baa0e
91969,97968,1,,9236,"2026-08-07 13:47:23",5bf1c054-ec48-466f-ab59-345f901db036
91970,97968,3,,9236,"2026-08-07 13:47:33",db680bd6-f7d0-47c9-b63b-46e589894163
91971,97969,1,,9236,"2026-08-07 13:47:42",f35a7147-51d9-4f06-ad8b-94e57b1b08ad
91972,97969,3,,9236,"2026-08-07 13:47:51",d1a69d37-0d43-413e-bcd7-a5f4856b559f
91983,97976,1,,9236,"2026-08-07 13:51:28",bfe7c1d3-8520-4541-b948-19b2bc88a966
91984,97976,3,,9236,"2026-08-07 13:51:49",7a9030e3-a32a-4b67-960d-6484bfc2998d
91973,97970,1,,9236,"2026-08-07 13:48:24",d0a76adc-8e30-4d37-ac44-e7fe48996ea1
91974,97970,3,,9236,"2026-08-07 13:48:34",3e48bf84-723c-488c-90a2-350cddcfa012
91975,97971,1,,9236,"2026-08-07 13:48:51",6b3ac1c9-62c6-4ec9-b1c9-320ac318d36c
91976,97971,3,,9236,"2026-08-07 13:48:59",d721b7fa-0bd3-4c2a-b213-c1b01ccca0be
91977,97972,1,,9236,"2026-08-07 13:49:13",91862023-9f41-4a86-af28-2600bcbed64d
91978,97972,3,,9236,"2026-08-07 13:49:21",ea9a1301-2b26-480b-b569-95338094035c
91997,97986,1,,9236,"2026-08-07 13:56:15",d2a7439f-1898-4834-9707-7b59b38f6402
91998,97986,3,,9236,"2026-08-07 13:56:26",4149d167-f9ef-4e32-945c-988ed9177325
92002,97987,1,,9236,"2026-08-07 13:57:26",1698446c-934f-489c-a8db-7073304c2694
92003,97987,3,,9236,"2026-08-07 13:57:36",62fee995-38e2-4f75-a77a-77ea47406404
91999,97988,1,,9236,"2026-08-07 13:56:43",31e083ae-e85e-49be-bd60-dcff2a27a3de
92001,97988,3,,9236,"2026-08-07 13:56:52",a92edf0b-27da-4ada-9fae-ee443478a75c
93015,99161,3,,16222,"2026-08-12 20:26:47",5b0d1ceb-cfb7-4089-b115-cea732fbd309
93016,99161,1,,16222,"2026-08-12 20:27:00",34903460-7a7e-467b-b8b3-2e755141267f
93017,99161,3,,16222,"2026-08-12 20:27:11",bf0d2324-1945-4ba4-b7d1-70da12d33699
93018,99161,1,,16222,"2026-08-12 20:27:21",757daae0-da53-4e0f-808d-432ca28e99a0
93019,99161,3,,16222,"2026-08-12 20:27:36",229657b6-382c-41b6-8524-22776bd1bcd9
91986,97979,1,,9236,"2026-08-07 13:52:59",33e3f4b9-14b0-4a4f-94de-f974f7f76aa4
91987,97979,3,,9236,"2026-08-07 13:53:13",4ee306ee-5f44-48aa-b9fb-73d5f0718e07
91990,97983,1,,9236,"2026-08-07 13:54:54",c5577b75-7cce-4a24-a75d-2e44f03439f1
91991,97983,3,,9236,"2026-08-07 13:55:05",a6c48123-242f-44e5-803c-f2235cf1b92c
91992,97985,1,,9236,"2026-08-07 13:55:18",414ed03a-780a-44ef-af15-1f8474aaa8f7
91994,97985,3,,9236,"2026-08-07 13:55:26",443f250b-1050-4534-bd6c-67636beae448
91979,97973,1,,9236,"2026-08-07 13:50:20",e4bece15-4955-49ba-9e68-6e88e8e4d149
91980,97973,3,,9236,"2026-08-07 13:50:35",dfc6ce17-c5b4-4e46-9275-ba40b5e3c4e9
91981,97974,1,,9236,"2026-08-07 13:50:50",345f057e-e313-4ab3-b7cc-68eca3345f6e
91982,97974,3,,9236,"2026-08-07 13:50:59",f13e4e4d-2191-4522-b7f0-615396a399fd
92010,97995,1,,9236,"2026-08-07 14:01:22",53b2890f-f56a-4602-8542-7773ddf1f7f1
92011,97995,3,,9236,"2026-08-07 14:01:36",46856d58-a357-4176-b574-048136b69ca7
92012,97997,1,,9236,"2026-08-07 14:01:50",accfbe58-e3c1-43da-8b18-77f770f74efd
92013,97997,3,,9236,"2026-08-07 14:01:58",856df0a9-7158-41be-ac01-03bc250285d6
92395,98663,4,,16222,"2026-08-10 15:41:39",9801865b-13f1-40b4-ad75-33c5e6379249
92585,98010,1,,9236,"2026-08-10 17:25:20",1a72ee3c-a67b-400e-8548-d8a587142371
92586,98010,3,,9236,"2026-08-10 17:25:42",ce184b1a-7766-4042-afd5-e7e50621b38b
92372,98020,1,,9236,"2026-08-10 13:49:47",c87e4fb7-f5cc-467e-92dd-818b59db5a94
92373,98020,3,,9236,"2026-08-10 13:50:02",13eee4ee-5396-4e0a-8311-1a54316db638
92014,97998,1,,9236,"2026-08-07 14:02:29",fd60a7a7-bdb5-4f32-b79c-fea00d3938db
92015,97998,3,,9236,"2026-08-07 14:02:51",55713021-70e8-43a6-8410-3d6e7b395934
92590,97994,1,,9236,"2026-08-10 17:30:13",08ae9937-f311-43dd-974c-ea675454a831
92591,97994,3,,9236,"2026-08-10 17:30:24",312cc6e8-2000-4ac4-b831-849cc2a0fddc
92366,98017,1,,9236,"2026-08-10 13:19:11",486cf4a8-fad9-4943-81f0-944f3c936f4c
92367,98017,3,,9236,"2026-08-10 13:19:33",1049c8c0-1147-4222-b4c6-e3e3a7aa0f86
92371,98018,1,,9236,"2026-08-10 13:28:21",ce7969ec-87a2-444d-a60e-d2fe17268559
92368,98019,1,,9236,"2026-08-10 13:19:52",fef5b112-3e1c-47d0-ba04-3312607248f2
92369,98019,3,,9236,"2026-08-10 13:20:02",ff057569-7750-4df2-9dee-cf4c2a144114
92006,97990,1,,9236,"2026-08-07 13:59:09",e74de19c-3432-4a82-add2-7c625604cb1f
92007,97990,3,,9236,"2026-08-07 13:59:26",b22c790d-fb61-4d3c-bbc3-61e4dd090dfb
92008,97991,1,,9236,"2026-08-07 13:59:38",2d8b54de-0cf5-49a2-b968-a596a8845eef
92009,97991,3,,9236,"2026-08-07 13:59:47",663dd68d-e2e6-4eb1-b3d1-d8b491b26fe1
92016,97999,1,,9236,"2026-08-07 14:03:42",737051fa-5d5c-4867-bf3d-2cbc2f8506c8
92017,97999,3,,9236,"2026-08-07 14:03:52",22f2ba2d-fe11-4a83-80e6-2791a6dbed98
92018,98000,1,,9236,"2026-08-07 14:04:10",cf1ced42-e1bc-4dd4-b04b-87ac59ddab04
92019,98000,3,,9236,"2026-08-07 14:04:18",6559f8ab-efe9-4133-a147-2d63694abb91
92020,98001,1,,9236,"2026-08-07 14:04:28",e2d0e8d0-fed3-42fd-a798-56561e910288
92021,98001,3,,9236,"2026-08-07 14:04:36",2a9be4fc-e885-43ce-b635-6f467c27463b
92587,98007,1,,9236,"2026-08-10 17:28:17",11a9ef8b-2af4-4373-8c0e-cd33f71b8356
92588,98007,2,,9236,"2026-08-10 17:28:27",7a0827e6-9834-4dd5-8a39-25ad54d5438d
92589,98007,3,,9236,"2026-08-10 17:28:30",5144531f-e185-44eb-abba-fbdc8d3d4bcd
92363,98014,1,,9236,"2026-08-10 13:13:51",63f376a0-9a6b-4f23-8d59-f8860fbe5578
92364,98014,3,,9236,"2026-08-10 13:14:06",03ddde5c-d7a4-4013-8f14-b3c53b48a0f1
92365,98015,1,,9236,"2026-08-10 13:14:27",456fd294-2a9a-437d-9b04-611a6716a5eb
92029,98026,1,,9236,"2026-08-07 14:12:12",246abbe9-30f6-4ad6-902d-dbb6f1f51b03
92030,98026,3,,9236,"2026-08-07 14:12:22",9d677f99-efe3-4732-a330-62c8332a5903
92027,98027,1,,9236,"2026-08-07 14:11:23",f576433e-02a2-47c3-af16-3d6d36d18cd9
92028,98027,3,,9236,"2026-08-07 14:11:31",0819ec23-6f20-47da-a3fb-f3a4a31eb6c6
92031,98027,1,,9236,"2026-08-07 14:12:54",b99841b6-1744-4186-9e55-50c60fed3469
92032,98027,3,,9236,"2026-08-07 14:13:01",79c8ba45-fe18-4044-ae9d-aaec6014d48a
92583,98013,1,,9236,"2026-08-10 17:23:17",eade8f62-cd96-488a-bed1-c20b332b882b
92584,98013,3,,9236,"2026-08-10 17:23:36",e3185e31-8ee5-45af-9993-26b9d45587f3
92022,98002,1,,9236,"2026-08-07 14:05:27",80fd2744-99b0-41af-b2bc-2f9706e56600
92023,98002,3,,9236,"2026-08-07 14:05:39",fc62ec21-744c-4231-9acc-0c644de30ba5
92024,98004,1,,9236,"2026-08-07 14:05:51",77998120-7a0b-4e27-b627-bd6dece36e9c
92025,98004,3,,9236,"2026-08-07 14:06:00",eb4a7cab-3240-4266-993c-3d1cad9a784b
92004,97989,1,,9236,"2026-08-07 13:58:24",3afbe978-3907-4715-8689-cd933e25ef91
92005,97989,3,,9236,"2026-08-07 13:58:38",15e706b6-3197-4d7d-9387-660df69f5a1e
92033,98034,1,,9236,"2026-08-07 14:17:00",74e47217-7e36-4a4f-80e0-8c9ad55483ba
92034,98034,3,,9236,"2026-08-07 14:17:18",c19197a4-e45e-4630-9ad9-99e6f44aea2a
92475,98028,1,,1288,"2026-08-10 16:29:53",b66d74cd-692a-41da-9703-8dce9b6ac7d7
92477,98028,3,,1288,"2026-08-10 16:30:03",e1d9e239-54c5-41ce-b74c-01ddd250deef
92374,98023,1,,9236,"2026-08-10 13:55:33",cd5630c7-4f7e-4b75-ba44-7d305c0a63e2
92375,98023,3,,9236,"2026-08-10 13:55:51",18648001-a3e3-48ed-ab22-e1f7a12d06b9
92468,98032,1,,1288,"2026-08-10 16:28:55",8c89638a-50ec-4585-9d70-43c648ec9219
92469,98032,3,,1288,"2026-08-10 16:29:09",8c570ea5-72e9-4d3f-8909-f6381a43ce68
92471,98030,1,,1288,"2026-08-10 16:29:24",2540cd20-3a80-4ded-803b-683c4600bb53
92473,98030,3,,1288,"2026-08-10 16:29:38",c25bd4d6-c1dd-46bf-9637-1f488772b498
91114,98364,3,,16222,"2026-08-06 15:20:56",516ae579-5198-4fa5-b595-c10339c0113c
92046,98043,1,,9236,"2026-08-07 14:21:49",a3bdb244-3efe-4772-9bc8-01064a1dba23
92047,98043,3,,9236,"2026-08-07 14:21:57",b4f25d07-8c27-493f-9575-1365cb2d3528
92048,98044,1,,9236,"2026-08-07 14:22:11",75fbab71-46c9-492a-b494-b0e0178667c6
92049,98044,3,,9236,"2026-08-07 14:22:19",cc8d9126-a813-4e3b-bd4f-3af479db38de
92050,98045,1,,9236,"2026-08-07 14:22:34",6536e87f-ab53-48bb-b477-6870ca6fad2d
92051,98045,3,,9236,"2026-08-07 14:22:42",89cd044a-12cb-4528-bf0a-4ea27fc94afc
92064,98055,1,,9236,"2026-08-07 14:28:07",51096741-0bca-4017-8f1d-f1011d01253d
92062,98057,1,,9236,"2026-08-07 14:27:36",02832775-0f2f-4ca7-a886-46006db84c87
92063,98057,3,,9236,"2026-08-07 14:27:51",6c28294d-e9a5-40d6-bca8-38603a2cbbae
92056,98048,1,,9236,"2026-08-07 14:24:34",803c9e2f-5457-4fb0-a66e-9db4f858a5cf
92057,98048,3,,9236,"2026-08-07 14:24:44",bd57fb6f-6c16-4b88-b638-a861cd321c04
92058,98049,1,,9236,"2026-08-07 14:24:57",26126b5e-fefb-4284-a240-b51241cd3ba5
92059,98049,3,,9236,"2026-08-07 14:25:06",8623072c-beba-4747-97a1-cfd779bd3dec
92040,98040,1,,9236,"2026-08-07 14:20:23",4a6676f8-1b6e-4770-bb2e-27793a108c5f
92041,98040,3,,9236,"2026-08-07 14:20:33",f0e447f0-9220-4d6e-bd3e-776d5166fa79
92042,98041,1,,9236,"2026-08-07 14:20:48",32acbf24-6f73-4eb6-a252-e90f4b129e2f
92043,98041,3,,9236,"2026-08-07 14:20:57",f24f6449-c517-4fbf-960f-18468150abb9
92044,98042,1,,9236,"2026-08-07 14:21:10",8ff6d95e-4353-4850-ae98-b9408902d48b
92045,98042,3,,9236,"2026-08-07 14:21:20",bd3357ad-e95a-49d6-b66e-81e1eca95bab
92464,98060,1,,1288,"2026-08-10 16:28:16",8068e99a-f544-43ab-86b8-80b29db173df
92465,98060,3,,1288,"2026-08-10 16:28:27",86ac31e7-ea09-4e5c-b9cc-f63d40f4f276
92376,98050,1,,9236,"2026-08-10 14:13:17",952f97d9-ba01-4673-9303-d8d71a52714f
92377,98050,3,,9236,"2026-08-10 14:13:27",32b6012f-275e-460e-9117-ed44b89756aa
92035,98037,1,,9236,"2026-08-07 14:19:07",8091fc88-4c84-48b2-afe9-88d7e7f99223
92036,98037,3,,9236,"2026-08-07 14:19:23",b333144e-d773-4e97-9dab-a88d8386f396
92037,98038,1,,9236,"2026-08-07 14:19:37",d54fbaa7-023d-4542-99bf-42f069e674a7
92038,98038,3,,9236,"2026-08-07 14:19:44",2b62cbd8-fcfe-470d-aeb6-47eec89cd017
92060,98052,1,,9236,"2026-08-07 14:26:33",6b4d8ce8-ccaf-43a3-a75c-16f77436a17c
92061,98052,3,,9236,"2026-08-07 14:26:48",fd46a2dc-8d2f-45ce-b9ed-0b565b34775a
91587,97637,1,,9236,"2026-08-06 20:01:17",fec2abb5-8bd5-4e2c-8c2f-91bc31a46971
91588,97637,3,,9236,"2026-08-06 20:01:26",9f2dfd43-4afd-44aa-a631-adabe58bb9b6
92417,98072,1,,1288,"2026-08-10 16:16:05",7bb44f74-2059-4c89-99d2-ccce8d6606ee
92422,98072,3,,1288,"2026-08-10 16:17:45",f5ccfaec-a982-4fc7-b1cc-312e23045269
92426,98066,1,,1288,"2026-08-10 16:18:35",aa3c9d6e-8712-41ea-8d6b-ec8f384d32c3
92427,98066,3,,1288,"2026-08-10 16:18:45",cdfe6291-9a2e-4c00-8db0-4211cb89a601
92429,98063,1,,1288,"2026-08-10 16:19:01",5cfeb15e-3b55-49ae-b73a-e8a16501d719
92431,98063,3,,1288,"2026-08-10 16:19:34",67ecc9a4-8122-4701-9cd4-cc7a93356d7c
91593,97639,1,,9236,"2026-08-06 20:02:45",72b7fdfb-74a8-43ff-b83b-32210d001f82
91594,97639,3,,9236,"2026-08-06 20:02:56",b7dcca25-06d6-4563-b493-12fb65d3bfd0
92052,98046,1,,9236,"2026-08-07 14:23:18",8392aeff-791c-45a4-8707-86773e2b3c38
92053,98046,3,,9236,"2026-08-07 14:23:28",dde5e81a-0c67-4b9d-8ffa-e52ab92b5316
92054,98047,1,,9236,"2026-08-07 14:23:42",40163b19-432b-4fd7-a069-f8ca5c5a96ca
92055,98047,3,,9236,"2026-08-07 14:23:50",0210f529-8775-4cf3-95ac-42b708030c40
91595,97640,1,,9236,"2026-08-06 20:03:36",94d7de28-947b-4863-8e9e-6e25279cdcb4
91596,97640,3,,9236,"2026-08-06 20:03:45",6c1d508c-6333-418e-8e29-c188df60e8ce
91599,97642,1,,9236,"2026-08-06 20:05:01",a445ff9c-65e0-4525-a880-7a965e2c3202
91600,97642,3,,9236,"2026-08-06 20:05:14",fab2fdfd-9e55-40ce-a82b-5995d330b2bd
92605,98079,1,,9236,"2026-08-10 17:50:44",13e1e377-d36f-4a3c-9de8-b0b3fcabf71c
91601,97643,1,,9236,"2026-08-06 20:06:08",761dbb54-e5b6-48f9-8044-cc693070c205
91602,97643,3,,9236,"2026-08-06 20:06:20",8f2be4af-e8ed-4e21-9351-f02577184326
92423,98069,1,,1288,"2026-08-10 16:18:03",0c033101-3f02-437c-b40f-113e647b3cf2
92425,98069,3,,1288,"2026-08-10 16:18:18",64046e75-c75e-409e-a84c-952a50958c43
91603,97644,1,,9236,"2026-08-06 20:07:06",7e71ac1f-42d7-4b0a-b3b5-90cd44daa5ba
91604,97644,3,,9236,"2026-08-06 20:07:20",ac1d8ebe-0a24-4fba-b818-363d1c625f2c
91728,97715,1,,9236,"2026-08-06 20:51:29",51ee1362-9dca-42ba-896f-0ab9e94fcaac
91729,97715,3,,9236,"2026-08-06 20:51:40",8cd877c4-112c-4e6a-8ea0-7abca330aefe
91652,97653,1,,9236,"2026-08-06 20:14:43",db593d7c-66c0-4481-830e-c7602bb76c54
91653,97653,3,,9236,"2026-08-06 20:14:52",36cf2069-14f0-48fe-8541-94c1e23577c7
91626,97649,1,,9236,"2026-08-06 20:10:59",c7ba4bd5-dd9d-45a7-9326-100426be69e7
91628,97649,3,,9236,"2026-08-06 20:11:08",26696de9-d203-4638-a2d6-5107bbd60326
94119,99856,3,,16222,"2026-08-18 16:12:03",7fb23e1a-c36f-468c-9f85-7fc6f7efaeb4
91605,97645,1,,9236,"2026-08-06 20:07:49",5349383d-e73b-477d-9513-d378adbd5160
91607,97645,3,,9236,"2026-08-06 20:07:58",75760d5f-914f-4615-9279-5797e105e2b9
91638,97651,1,,9236,"2026-08-06 20:12:55",0878b568-aec7-4853-a952-7a76eaf1dd58
91640,97651,3,,9236,"2026-08-06 20:13:04",2632fada-8b2e-42f9-9cbd-c977665128a9
92414,98075,1,,1288,"2026-08-10 16:15:23",0ed09658-5bb0-4bc1-9643-9e55906e7cf5
92416,98075,3,,1288,"2026-08-10 16:15:36",ba40974b-be8d-46b8-92e5-0d032fa72884
91597,97641,1,,9236,"2026-08-06 20:04:11",f503ce85-f2a1-411d-9a71-b8e3bacfbfa3
91598,97641,3,,9236,"2026-08-06 20:04:20",38ad4920-2862-450d-bbe8-b95badabdfc5
91590,97638,1,,9236,"2026-08-06 20:01:55",a212a4e9-cbaf-48db-aa24-c52c02a80a0d
91591,97638,2,,9236,"2026-08-06 20:02:06",72f8b4af-4f74-4381-932e-2dadb1047894
91592,97638,3,,9236,"2026-08-06 20:02:08",de67afeb-15cc-4710-b735-b97ba48ca065
91685,97672,1,,9236,"2026-08-06 20:28:09",b5115a1d-dafe-4ef3-8853-2efade34d5b7
91686,97672,3,,9236,"2026-08-06 20:28:18",75fd0582-3b11-49ec-9fe3-76a48e384067
91614,97647,1,,9236,"2026-08-06 20:09:17",45e29337-fdf5-4f3b-8d03-0ba9ed08a262
91615,97647,3,,9236,"2026-08-06 20:09:34",b12ce883-46f7-41fe-8042-c118015ae432
91667,97664,1,,9236,"2026-08-06 20:21:06",946b6f00-25a0-4a1b-bdbb-7488a3e56488
91668,97664,3,,9236,"2026-08-06 20:21:17",a80bd17a-f18b-4dcf-8928-b0bf1925c50a
91658,97656,1,,9236,"2026-08-06 20:17:52",d124170e-d9e8-4d92-9bde-a670b89550e9
91659,97656,3,,9236,"2026-08-06 20:18:11",d5eb90a4-b1a5-464e-835e-4275e108e63b
92410,98078,1,,1288,"2026-08-10 16:14:18",ad558b21-0e1a-4b8f-b089-d76505f03755
92412,98078,3,,1288,"2026-08-10 16:15:07",6169392b-3f9a-4df2-9339-af4b803f24fe
91743,97760,1,,9236,"2026-08-06 20:58:50",4ddc20c4-e2f9-4ab7-b349-9047c67994b6
91744,97760,3,,9236,"2026-08-06 20:59:01",117806f9-7774-4bbd-ab70-cdb1b062512d
91611,97646,1,,9236,"2026-08-06 20:08:35",07503928-0940-484c-bb0e-9ab69e199ee8
91613,97646,3,,9236,"2026-08-06 20:08:44",b94a847e-ca7e-4900-9639-4947ba7e9efc
91660,97661,1,,9236,"2026-08-06 20:18:51",9b8f0e8d-a320-40cb-90e2-2ffd13cf3c0d
91661,97661,3,,9236,"2026-08-06 20:19:03",c014e3fd-b063-4738-a2c9-6e4c41d3b4e4
91647,97652,1,,9236,"2026-08-06 20:14:05",d9ac2e9a-45de-468e-b5cf-67aa901572e7
91649,97652,3,,9236,"2026-08-06 20:14:17",b845dbee-b81f-42dd-9ebb-cbf79de35065
91745,97761,1,,9236,"2026-08-06 20:59:28",ff1eae25-3454-4909-94f1-53c3edd7001e
91739,97758,1,,9236,"2026-08-06 20:57:13",a965235a-6f9e-414d-948a-80696708f8ba
91740,97758,3,,9236,"2026-08-06 20:57:33",112e2852-18e2-46db-abe5-2864ce363536
91662,97663,1,,9236,"2026-08-06 20:19:54",dfc71f36-2101-4134-994b-69b761b21468
91666,97663,3,,9236,"2026-08-06 20:20:04",e8ed4d05-b953-4f0c-aa1d-a5ae19da7582
91761,97768,1,,9236,"2026-08-06 21:05:52",db3eaa50-64c4-4682-bc1e-1d3f7412c4e5
91762,97768,3,,9236,"2026-08-06 21:06:00",d4fc69a9-2671-4197-a600-67780495d092
92067,98092,1,,9236,"2026-08-07 14:31:44",9b07bc8e-b1e8-48cc-8766-71f2a73effc8
92068,98092,3,,9236,"2026-08-07 14:31:56",fc9dea85-b069-4412-9908-d242485dab1d
92065,98091,1,,9236,"2026-08-07 14:29:09",533f3430-e796-47b2-9be3-1c2de22504d8
92066,98091,3,,9236,"2026-08-07 14:29:25",71f0e872-e23f-4667-bde5-c28dbd3a84c9
91757,97766,1,,9236,"2026-08-06 21:04:15",7827a456-ca3b-44c5-bf69-673a646ba0f3
91758,97766,3,,9236,"2026-08-06 21:04:25",242d34e6-39e0-4ca0-a1b5-0de3f021ed3f
91630,97650,1,,9236,"2026-08-06 20:11:49",8272f9ee-7cfa-4771-a534-b823d2d84d7c
91632,97650,3,,9236,"2026-08-06 20:12:00",77d46861-b739-45c4-a980-7a014be57b04
91621,97648,1,,9236,"2026-08-06 20:10:20",7980fac7-f494-4fff-a963-7caa73de6e0f
91622,97648,3,,9236,"2026-08-06 20:10:29",f1d892d6-5015-4363-9883-4371138382a1
91771,97791,1,,9236,"2026-08-06 21:09:14",f9ef073c-2285-4769-aca4-de6fd7207cce
91772,97791,3,,9236,"2026-08-06 21:09:28",b9a50f0d-8990-4664-91c1-266ffb9bcde2
91749,97763,1,,9236,"2026-08-06 21:02:23",b257a5b9-d4d0-4b18-9fd9-d4624a7c1aa7
91751,97763,3,,9236,"2026-08-06 21:02:38",0e98cead-8d99-47ab-890f-98785b0fbc91
91680,97671,1,,9236,"2026-08-06 20:27:22",06b54e32-20d2-46af-86f2-a68f1a49fc93
91681,97671,3,,9236,"2026-08-06 20:27:31",1d3ac21c-70a4-493e-a90c-b1acb5956b8e
91766,97770,1,,9236,"2026-08-06 21:07:19",fb475bc8-0480-4ff6-a376-9c983f6a6195
91767,97770,3,,9236,"2026-08-06 21:07:33",6f9b7e50-62f4-43f3-b600-c7469df193e6
91687,97673,1,,9236,"2026-08-06 20:28:44",e71cd820-b428-4f6d-94e3-2369f5c769ae
91688,97673,3,,9236,"2026-08-06 20:28:52",36a3c9ff-b706-4dcc-864d-d14bf06fe27c
91654,97654,1,,9236,"2026-08-06 20:16:29",b2cde4d1-ea45-4991-82ee-18802adf3bec
91655,97654,3,,9236,"2026-08-06 20:16:38",34cbab67-7562-448c-8db2-4431e91cc2d2
92540,97788,1,,1288,"2026-08-10 16:40:51",3a892b9e-7ba4-436c-ad0e-3a66c8465a6a
92541,97788,3,,1288,"2026-08-10 16:41:00",5ef4028a-031d-4143-899b-b1e8096ce8b8
91737,97757,1,,9236,"2026-08-06 20:56:12",e89ddffd-f725-46b8-b5a5-66c9c6bf914d
91738,97757,3,,9236,"2026-08-06 20:56:21",4c5a68ba-d40c-4492-b57e-bf853186b8ae
92522,97778,1,,9236,"2026-08-10 16:38:15",cbabe571-57da-49bf-9083-1ee1aadcbad9
92523,97778,3,,9236,"2026-08-10 16:38:22",ac4902b4-2181-4c55-9ade-1f12564836d6
91735,97756,1,,9236,"2026-08-06 20:55:18",99856c5e-9b5f-43d3-83e4-ddd49c15b61b
91736,97756,3,,9236,"2026-08-06 20:55:32",faab6199-c53b-4ed4-9db9-974b99288454
92071,98094,1,,9236,"2026-08-07 14:32:44",d94eee3b-bed7-4ff8-8672-3659f21c1367
92072,98094,3,,9236,"2026-08-07 14:32:55",794dc8d9-7ef5-450d-bf5a-0765e6eb05e0
91746,97762,1,,9236,"2026-08-06 21:00:14",31ca5c77-ed55-491e-ace6-4b709b18948b
91747,97762,3,,9236,"2026-08-06 21:00:28",6c1bcdb2-c0d4-4757-8bdc-64ce6390783b
92073,98095,1,,9236,"2026-08-07 14:33:20",9650203c-974f-4205-b4b8-3ca79849c0e7
92074,98095,3,,9236,"2026-08-07 14:33:28",89be95a3-0d39-474a-b484-b84bc27b7895
92069,98093,1,,9236,"2026-08-07 14:32:17",764e7339-672b-4ef4-a03a-c39813502134
92070,98093,3,,9236,"2026-08-07 14:32:26",9dece8de-1286-48ef-9f8a-65c2ef34d287
91656,97655,1,,9236,"2026-08-06 20:17:20",53b742fd-7afd-4fcb-9982-53d138f94c7d
91657,97655,3,,9236,"2026-08-06 20:17:28",c42775af-0eba-4576-ac3b-24d429576dd7
91669,97665,1,,9236,"2026-08-06 20:21:46",186473a6-5920-4780-8038-42128f6f0bf2
91670,97665,3,,9236,"2026-08-06 20:21:53",6814a533-7dea-41ab-9ac3-fc34bcd7601f
92514,97774,1,,9236,"2026-08-10 16:36:59",4e6b0178-a998-463f-82b4-6a4a05ce2c32
92516,97774,3,,9236,"2026-08-10 16:37:21",bb3dcb7a-c409-420b-9875-e9f91ff01fc9
91671,97666,1,,9236,"2026-08-06 20:22:31",8a1ebf66-202e-451b-9d85-50ca5727ddb2
91672,97666,3,,9236,"2026-08-06 20:22:39",d51874aa-c941-490a-8fdc-e11eba5883b6
92088,98101,1,,9236,"2026-08-07 14:45:55",fb82a46e-4880-41d0-8e32-6647d0498516
92089,98101,3,,9236,"2026-08-07 14:46:07",1973990a-ff09-49ce-b149-4814656fa7dd
92100,98106,1,,9236,"2026-08-07 14:51:30",5abb1dc3-d059-4ebb-a263-c6877038bcab
92101,98106,3,,9236,"2026-08-07 14:51:38",097ac997-81fa-40e7-bfe3-b1e77024c344
91755,97765,1,,9236,"2026-08-06 21:03:41",f5832950-64a1-4b64-b662-8476e42c8950
91756,97765,3,,9236,"2026-08-06 21:03:51",b8994649-5b4c-4731-b40a-bf9cebe266d4
92103,98107,1,,9236,"2026-08-07 14:52:00",7850058c-f75a-4910-8b24-e8d263194efa
92104,98107,3,,9236,"2026-08-07 14:52:11",7aa7260e-a420-4664-9cbe-4d9482277662
91675,97668,1,,9236,"2026-08-06 20:23:42",8c7aba6f-54d5-45a6-84c2-06c1dfd9ea8f
91678,97670,1,,9236,"2026-08-06 20:26:20",c1553851-90a9-48ef-ab31-7d469dead4de
91679,97670,3,,9236,"2026-08-06 20:26:31",3f84a01b-ca77-427b-b47b-f3d36174cf22
92077,98097,1,,9236,"2026-08-07 14:34:59",4977615b-6cde-4154-8c59-d5cdc44a175c
92078,98097,3,,9236,"2026-08-07 14:35:11",657f8d70-a3e4-46af-83fd-6e8d16ed6753
92079,98098,1,,9236,"2026-08-07 14:35:52",150ae859-39e6-4342-8c29-1c5004fe118b
92080,98098,3,,9236,"2026-08-07 14:36:02",449fbb94-7d3a-4bdd-b095-18f3a34c2fe4
91778,97794,1,,9236,"2026-08-06 21:11:44",adfd3ce0-12aa-44a1-9f37-f813f2bf0e70
91779,97794,3,,9236,"2026-08-06 21:11:52",a74a9c32-ccd2-448f-8521-cff156e74deb
91676,97669,1,,9236,"2026-08-06 20:24:34",cf6ffa46-aa39-4b94-8e72-dd18123020da
91677,97669,3,,9236,"2026-08-06 20:24:45",4279a63d-041e-428b-98af-087993ff465d
91741,97759,1,,9236,"2026-08-06 20:58:05",8ab94672-5469-4fe0-976d-462710ebc160
91742,97759,3,,9236,"2026-08-06 20:58:17",d86f3e5a-1cb6-4deb-8086-6265c9fa2a2c
92075,98096,1,,9236,"2026-08-07 14:34:04",e360a39b-6c1b-4eb5-b26d-4dc48e6961f7
92076,98096,3,,9236,"2026-08-07 14:34:20",9b97eafa-9bf4-4878-8530-49d81eecd40a
91673,97667,1,,9236,"2026-08-06 20:23:03",c7daa5bd-51eb-40b7-a695-ba01a11cae03
91674,97667,3,,9236,"2026-08-06 20:23:13",43dbc70d-5c26-44c9-94b0-a95244a6e36f
92107,98109,1,,9236,"2026-08-07 14:53:32",4fe00b01-c81b-48a0-ad2c-1db0f6d63bff
92108,98109,3,,9236,"2026-08-07 14:53:42",78f733c1-9021-4629-8bea-26bf573a5567
92537,97786,1,,9236,"2026-08-10 16:40:18",01c7cf4d-e75a-41db-a152-5a27a8c57bce
92539,97786,3,,9236,"2026-08-10 16:40:28",31edc996-eade-44c5-9e3c-81328d2dd1cd
91768,97790,1,,9236,"2026-08-06 21:08:16",9d7e7e5b-62e3-49f2-b502-8017bde4841d
91769,97790,3,,9236,"2026-08-06 21:08:32",6d89c9d7-bc19-49eb-8e30-c185f85649f8
92105,98108,1,,9236,"2026-08-07 14:52:37",e74d3e7b-bf19-45c0-808b-0de058e3599e
92106,98108,3,,9236,"2026-08-07 14:52:50",59f54722-b366-41f9-9688-0b81ce168d6e
91759,97767,1,,9236,"2026-08-06 21:05:04",0804837d-7663-467e-91eb-5345aa581e90
91760,97767,3,,9236,"2026-08-06 21:05:12",45d598ef-8a8b-4d5d-89f5-d7304b754991
91699,97677,1,,9236,"2026-08-06 20:31:56",5cf29a70-bf00-40bb-9d35-771c091ff0f7
91700,97677,3,,9236,"2026-08-06 20:32:07",1d850413-a2b8-47cb-8159-e9d397cdc54b
91701,97678,1,,9236,"2026-08-06 20:32:40",43fde545-a581-4138-a0c1-788be76cf8fd
91702,97678,3,,9236,"2026-08-06 20:32:48",9503d82c-8707-4441-b2e0-0bdf7146ded7
91696,97676,1,,9236,"2026-08-06 20:31:09",24bc85ee-d048-4897-a284-ca1e01254ab8
91697,97676,2,,9236,"2026-08-06 20:31:21",0585b118-2b2d-4c2f-a21c-4f89d59417de
91698,97676,3,,9236,"2026-08-06 20:31:24",e5786344-3130-46c0-8924-55207888a717
92109,98110,1,,9236,"2026-08-07 14:54:04",48e72398-69e0-4631-929f-b57e93276a08
92110,98110,3,,9236,"2026-08-07 14:54:12",72b4d589-98e0-4d4c-b50f-0ddbee37befa
92530,97782,1,,9236,"2026-08-10 16:39:14",ac37e29b-71e7-4b39-a231-13cc7da64245
92532,97782,3,,9236,"2026-08-10 16:39:24",59a86f3a-868c-4bcc-9469-72422f5e8ce7
92096,98104,1,,9236,"2026-08-07 14:50:03",1f1541b8-ff2d-4c57-924e-8156e068541a
92097,98104,3,,9236,"2026-08-07 14:50:11",b6427936-0723-4ef5-b50b-2c3c084b9159
91711,97683,1,,9236,"2026-08-06 20:37:28",dcf21102-4947-49f8-afd4-4114cc910230
91712,97683,3,,9236,"2026-08-06 20:37:42",8bdc9a6c-6594-42e1-b8f4-844775dbff17
90588,98246,3,,16222,"2026-08-05 18:02:36",e3a6235b-2059-4759-b63a-4d9eccc6f754
90600,98246,2,,16222,"2026-08-05 18:08:56",cbb78067-3175-4bc0-9bea-c3225df1aeb8
90602,98246,3,,16222,"2026-08-05 18:09:04",3e1b6500-5cb7-498a-9eb4-7cb290063580
92119,98115,1,,9236,"2026-08-07 14:56:45",6617aedb-2e1d-4bc0-b011-9c96e67181f8
92120,98115,3,,9236,"2026-08-07 14:56:54",efea3e3d-3479-42ea-bb67-1249baab8dc3
92117,98114,1,,9236,"2026-08-07 14:56:12",9c364c8d-566d-4022-8fee-75758109c31d
92118,98114,3,,9236,"2026-08-07 14:56:20",444fb537-144e-4cb3-b35b-a4e9cbda47f1
92510,97772,1,,9236,"2026-08-10 16:36:29",682d5f0b-1215-4dd4-8520-a61abd2c4ae5
92512,97772,3,,9236,"2026-08-10 16:36:37",2db63000-1445-461b-95e7-8a3e378faf6c
91694,97675,1,,9236,"2026-08-06 20:30:35",29720cd7-9b95-452e-a96d-1aec3f6840ef
91695,97675,3,,9236,"2026-08-06 20:30:44",7c0db9dd-11c6-479f-937c-3370489336cc
91707,97681,1,,9236,"2026-08-06 20:35:55",18db9fbc-9bce-4cb9-9994-803a4153fc41
91708,97681,3,,9236,"2026-08-06 20:36:05",ead44118-5daf-42e4-a64c-79beb75e44a9
91752,97764,1,,9236,"2026-08-06 21:03:01",bc0f0863-9ceb-457f-84f8-381c2cfff579
91753,97764,3,,9236,"2026-08-06 21:03:11",ee7c390d-687b-4669-be87-f5534671aec4
92111,98111,1,,9236,"2026-08-07 14:54:31",affef331-77de-4483-9ffb-12543be7f5a8
92112,98111,3,,9236,"2026-08-07 14:54:40",e795ce46-a015-4d35-8180-ad526a6b3355
92526,97780,1,,9236,"2026-08-10 16:38:42",f516c404-63b4-47f9-9409-fcb0eb46a938
92528,97780,3,,9236,"2026-08-10 16:38:53",352e6365-9fa1-4b36-ac38-185c50f993f3
92098,98105,1,,9236,"2026-08-07 14:50:33",43030199-368e-4428-82a1-fee126e45364
92099,98105,3,,9236,"2026-08-07 14:50:54",745a5579-1e3a-47a8-be9d-03fdeb560cd0
91705,97680,1,,9236,"2026-08-06 20:35:19",275171c8-17c2-43e1-bbb0-f8aa6f3efc67
91706,97680,3,,9236,"2026-08-06 20:35:30",633ec9f9-8ab4-494a-80e8-040f29c0ee55
92094,98103,1,,9236,"2026-08-07 14:49:08",6f3f6f6b-05bd-4d80-9267-7d427ba7b182
92095,98103,3,,9236,"2026-08-07 14:49:18",c7ea2026-8925-4302-9554-3e11eac6f699
92115,98113,1,,9236,"2026-08-07 14:55:40",8c38b9f0-b7a9-42d1-bb1d-5998b2b68793
92116,98113,3,,9236,"2026-08-07 14:55:51",aaed9f3b-7b19-42b1-a4f3-7a58b92de139
91775,97793,1,,9236,"2026-08-06 21:10:22",c6e0f336-033b-457e-9aec-080d8035131a
91776,97793,3,,9236,"2026-08-06 21:10:29",023a76b5-97b8-4ceb-883a-01ef05e195ae
91709,97682,1,,9236,"2026-08-06 20:36:29",22b04a1e-f73a-4507-aba4-9f6bf12dfb79
91710,97682,3,,9236,"2026-08-06 20:36:38",4072598f-ffdb-485c-82de-5e6906b36161
92534,97784,1,,9236,"2026-08-10 16:39:47",188e985f-3a6d-4cc4-b13a-eac2a1fb02ef
92535,97784,3,,9236,"2026-08-10 16:39:55",13e059cb-3f54-409a-ba41-0dfe36daf4ba
91773,97792,1,,9236,"2026-08-06 21:09:48",a2607715-a95a-4aef-bf1f-ea882040ea34
91774,97792,3,,9236,"2026-08-06 21:10:01",7a4f9260-dce1-4c57-96be-468f47a784c5
92092,98102,1,,9236,"2026-08-07 14:48:41",44d8bccb-1b27-448e-b237-892704f14753
92093,98102,3,,9236,"2026-08-07 14:48:50",fd5cc170-1c0e-4659-a4f2-be690db4fad0
92085,98100,1,,9236,"2026-08-07 14:44:08",4afbdf4f-7af7-4ab5-ae13-0c05ef32c151
92086,98100,3,,9236,"2026-08-07 14:44:16",e4a11d4f-2c03-417a-9ec2-765835fa07bb
92113,98112,1,,9236,"2026-08-07 14:55:03",d9dbca6f-8e75-418b-8f9c-712eabcbe795
92114,98112,3,,9236,"2026-08-07 14:55:15",fc7535f1-3051-4ae5-bcda-a53dfa2b3195
92121,98116,1,,9236,"2026-08-07 14:57:34",195b0495-ccac-49ff-a2d3-2319850902ff
92122,98116,3,,9236,"2026-08-07 14:57:43",527f60af-42e2-40b4-8f19-a301e9955886
92518,97776,1,,9236,"2026-08-10 16:37:47",434bc4aa-f6e6-4b7d-861a-99ec8d658faf
92520,97776,3,,9236,"2026-08-10 16:37:54",122ff3ff-9987-474d-9b75-c8457358402e
91763,97769,1,,9236,"2026-08-06 21:06:25",0a2d7e10-6942-4344-ba55-c009d04d2d4b
91764,97769,3,,9236,"2026-08-06 21:06:34",ece1f320-cd82-4da7-8394-241564ae5f60
91780,97795,1,,9236,"2026-08-06 21:13:33",045b7109-84bf-4e01-a501-1e8340c96a8a
91781,97795,3,,9236,"2026-08-06 21:13:39",ba64d0c2-e26d-4971-a722-86dbd4827d7a
92126,98118,1,,9236,"2026-08-07 14:58:50",fedf18f3-3b4c-47c5-a45e-9a83d71f084b
92127,98118,3,,9236,"2026-08-07 14:59:00",7484c1da-3989-4c83-9903-81620e29f918
92128,98119,1,,9236,"2026-08-07 14:59:21",88565ba9-90e9-45d7-aa9f-a8160faa4369
92129,98119,3,,9236,"2026-08-07 14:59:29",87c7b216-6616-4be1-95c8-2c675c27cd2e
92082,98099,1,,9236,"2026-08-07 14:42:12",cedffc51-c3f0-4a9b-b711-b088fe20c938
92083,98099,3,,9236,"2026-08-07 14:42:22",f0369ae0-03fb-4f63-9a4f-208d65855848
91784,97797,1,,9236,"2026-08-06 21:15:06",1cdee1d5-b70e-49d6-b361-31b57c4959db
91785,97797,3,,9236,"2026-08-06 21:15:12",e4a5630d-023f-4c7a-96ae-d8d29a337ac4
92124,98117,1,,9236,"2026-08-07 14:58:18",6a24b27e-d4e5-4cb2-9e1b-6a65e60fe59f
92125,98117,3,,9236,"2026-08-07 14:58:26",fde65e4a-cb24-4ed7-b211-4f738551fb10
91782,97796,1,,9236,"2026-08-06 21:14:09",a3def7cd-efb7-45e7-9966-9a869c3f364b
91783,97796,3,,9236,"2026-08-06 21:14:26",4fa6ac74-e82a-42fa-b4b5-f0d9c40a5e3c
91788,97803,1,,9236,"2026-08-06 21:17:01",29f9c843-f58a-4228-ac55-d9df3660e605
91789,97803,3,,9236,"2026-08-06 21:17:13",91f42f96-2074-4336-a89b-db0cb4b738fe
92149,98126,1,,9236,"2026-08-07 15:05:25",542d5af7-bb75-4a78-a417-9989adaa185e
92150,98126,3,,9236,"2026-08-07 15:05:35",60aa0642-fb4d-4eac-b75f-5ea841d5089c
92141,98123,1,,9236,"2026-08-07 15:03:07",e6944607-beb3-407c-89be-462be9691091
92142,98123,3,,9236,"2026-08-07 15:03:15",25bb6ed2-b009-420c-a3b6-0026b306e423
92138,98122,1,,9236,"2026-08-07 15:02:32",2b8ef9f4-e5e1-49ec-b2f7-085afbdbb607
92140,98122,3,,9236,"2026-08-07 15:02:44",613e2a79-7aa2-4b50-a5cc-e8a6d7fe141e
92151,98127,1,,9236,"2026-08-07 15:06:31",190e0280-23be-4d40-9fee-ed90fd09b6bf
92152,98127,3,,9236,"2026-08-07 15:06:41",ced10d56-ff93-4104-a9e1-700ef6b86be6
92147,98125,1,,9236,"2026-08-07 15:04:46",25a4404e-8325-4e2c-a3ca-92650b6bd2a3
92148,98125,3,,9236,"2026-08-07 15:04:55",418da835-9f66-4155-ba0e-cf1f4213604c
92130,98120,1,,9236,"2026-08-07 14:59:59",0531aa89-eea2-4acc-bd70-c8d3d5560c7a
92131,98120,3,,9236,"2026-08-07 15:00:08",c3836ff7-7d5e-49db-bf93-be5d41404f98
92155,98130,1,,9236,"2026-08-07 15:07:33",0427a853-47aa-42d3-9e99-ea30dc505091
92156,98130,3,,9236,"2026-08-07 15:07:42",bd076ac7-d89f-4d1a-b5e3-7349b47b5efb
92536,97804,1,,1288,"2026-08-10 16:40:11",ac1da15c-f446-425c-8d93-6532d5ab39e8
92538,97804,3,,1288,"2026-08-10 16:40:27",f2fbfe4e-c383-4777-bc61-21c71fc76298
92531,97806,1,,1288,"2026-08-10 16:39:24",a1926777-9b5f-4492-9d69-7809ea6afe95
92533,97806,3,,1288,"2026-08-10 16:39:33",52a64435-fc0e-4bc7-b49d-f6e650c351ca
92161,98133,1,,9236,"2026-08-07 15:09:09",a8c773b7-f15a-43d4-bdab-8410d7ac2b5c
92162,98133,3,,9236,"2026-08-07 15:09:36",a74d306f-f14d-49e4-82ae-40c15ebf5b77
92167,98136,1,,9236,"2026-08-07 15:10:59",1250db22-202a-431e-9529-0323d3261360
92168,98136,3,,9236,"2026-08-07 15:11:08",9696b303-975e-41d3-81a8-e8b8822df02b
92515,97814,1,,1288,"2026-08-10 16:37:14",705f8d9f-cc66-40e4-9f84-7d7389f6ddec
92517,97814,3,,1288,"2026-08-10 16:37:23",b5b7c982-add0-4fd1-8cd0-e2174fd95f28
92144,98124,1,,9236,"2026-08-07 15:04:16",4d2c3509-3099-4489-b2a0-750e7886d037
92146,98124,3,,9236,"2026-08-07 15:04:25",3dbbdbe0-ecd4-49b1-9d0e-071aaadbc2ba
91786,97798,1,,9236,"2026-08-06 21:15:55",55ac8a40-746c-4b9d-89fe-b5692943d439
91787,97798,3,,9236,"2026-08-06 21:16:08",1a07677b-a561-400e-a1bd-6726181fccee
92163,98134,1,,9236,"2026-08-07 15:09:51",0f0b69e3-681a-4d32-b972-b215640e5a95
92164,98134,3,,9236,"2026-08-07 15:10:00",03b70675-4502-44b7-88bb-1915abaaa03f
92519,97812,1,,1288,"2026-08-10 16:37:48",9312228a-f2de-48c4-8d92-df409f862d0c
92521,97812,3,,1288,"2026-08-10 16:37:57",50f53482-df00-4ba8-9fe3-2ce83a2ae1e8
92157,98131,1,,9236,"2026-08-07 15:08:02",75ed8463-a01d-4602-bf18-7edba1044c71
92158,98131,3,,9236,"2026-08-07 15:08:13",3cc1c300-2820-4d54-8012-1c730111f88a
92527,97808,1,,1288,"2026-08-10 16:38:50",c3b8d7dd-d258-40d2-b3f4-85af5b1ac77b
92529,97808,3,,1288,"2026-08-10 16:38:58",059549fe-eac4-48d8-b4b4-e2c861e7e0f0
92189,98147,1,,9236,"2026-08-07 15:17:33",d5e9c426-7f0d-451a-ab80-c8738f1a3cd8
92190,98147,3,,9236,"2026-08-07 15:17:41",d22c6c64-b3f2-4f76-ac8c-499229e42d5f
92502,97822,1,,1288,"2026-08-10 16:35:11",c6a9825a-8145-4c0f-a968-e9de4d1886bf
92503,97822,3,,1288,"2026-08-10 16:35:21",ce12fdcb-37ca-48f8-be91-567dcbf6815f
92159,98132,1,,9236,"2026-08-07 15:08:38",59d417d0-c3df-4839-b4da-39ccdfb0d2d5
92160,98132,3,,9236,"2026-08-07 15:08:47",5f317d0d-da09-4e00-b89a-c9ad06d96009
92511,97816,1,,1288,"2026-08-10 16:36:37",8c4ab77f-2ab2-4516-86c3-1dbb74ecade5
92513,97816,3,,1288,"2026-08-10 16:36:47",071e639e-b740-4f87-b78d-9f672c6cc417
92185,98145,1,,9236,"2026-08-07 15:16:25",99bad8de-ef09-48c5-a789-2cf54cb8239d
92186,98145,3,,9236,"2026-08-07 15:16:35",b874b1fb-b8a3-4920-a0e8-2bb42a038d78
92177,98141,1,,9236,"2026-08-07 15:13:57",19cdbaca-ddff-4176-a2e2-6007281d334e
92178,98141,3,,9236,"2026-08-07 15:14:05",af823811-670b-4c18-9a95-73bb40fed61f
91796,97841,1,,9236,"2026-08-06 21:20:44",9bebf904-36aa-4f4c-b67d-4e3c2e1d4446
91797,97841,3,,9236,"2026-08-06 21:20:51",61fad6e4-d167-49dc-9311-777205dc056c
92507,97819,1,,1288,"2026-08-10 16:36:00",651b9d97-8a09-4a5b-8112-9301665220d5
92509,97819,3,,1288,"2026-08-10 16:36:12",c0fb6ba4-afaf-48cc-801d-cfd2970470b0
92169,98137,1,,9236,"2026-08-07 15:11:25",b000901f-054d-4e8b-9673-fe25b2cbb0b6
92170,98137,3,,9236,"2026-08-07 15:11:35",6182aa43-fa2c-491f-a598-96c6da1d2e2e
92524,97810,1,,1288,"2026-08-10 16:38:25",4fefd5ec-fcf5-4b47-aea9-a0318324c04a
92525,97810,3,,1288,"2026-08-10 16:38:33",9af071ce-a594-4206-93ca-42c25695b4c0
92496,97825,1,,1288,"2026-08-10 16:34:07",62e6d24f-47ac-4779-80c0-7726bec48052
92497,97825,3,,1288,"2026-08-10 16:34:17",87b184a3-f905-42ce-aa03-053171fd7dff
92201,98153,1,,9236,"2026-08-07 15:21:12",69c2a63c-3314-4ae8-a347-223f2aef25f2
92202,98153,3,,9236,"2026-08-07 15:21:22",bc5db3ca-b65c-49bc-9a3b-15eafc25fd0e
92205,98155,1,,9236,"2026-08-07 15:22:22",2f133854-e47d-457a-9b78-7aeb7d982cae
92206,98155,3,,9236,"2026-08-07 15:22:33",c068d372-e28f-47c2-892d-7b5ac0f2e20d
92175,98140,1,,9236,"2026-08-07 15:13:06",9b7a1aa7-7740-45f4-a693-e08cf2503cc6
92176,98140,3,,9236,"2026-08-07 15:13:14",44436157-7027-4f86-bd88-da0356ecf92f
91794,97840,1,,9236,"2026-08-06 21:20:08",e92edfd3-af28-499e-8915-444d10161dcf
91795,97840,3,,9236,"2026-08-06 21:20:15",5af6fe98-7831-4a24-9be4-f97d30fa1669
92179,98142,1,,9236,"2026-08-07 15:14:25",953b1c6c-fb72-4919-84e2-6f6152e1b9ca
92180,98142,3,,9236,"2026-08-07 15:14:37",fa4e1dab-5de8-4ddc-a247-483ba999c94c
92595,97852,1,,9236,"2026-08-10 17:41:31",0b830d77-afb6-45e3-9a7e-44188aa8053b
92488,97828,1,,1288,"2026-08-10 16:32:32",0d834ad3-3618-4416-bbf5-f759a2b587b6
92491,97828,3,,1288,"2026-08-10 16:32:55",f61158aa-5473-4afa-b35f-61836f7cf782
92213,98159,1,,9236,"2026-08-07 15:25:08",cfb311ee-8564-4fd6-870b-9784d589aa3e
92214,98159,3,,9236,"2026-08-07 15:25:16",abf3c6fe-4f51-4a76-8260-00b8fc258176
92482,97836,1,,1288,"2026-08-10 16:31:16",5dbdd9ec-eb35-4fc1-9297-59f6475536a1
92483,97836,3,,1288,"2026-08-10 16:31:27",07d59388-9606-4917-bd36-7371df592756
92165,98135,1,,9236,"2026-08-07 15:10:21",a2cc16fe-e88d-4f1f-acfe-62f7d6693c9e
92166,98135,3,,9236,"2026-08-07 15:10:30",c649f148-e616-4034-a3c9-6e162706b25f
92209,98157,1,,9236,"2026-08-07 15:23:22",3e381348-56fb-450c-a40c-fa7aff2c9d73
92210,98157,3,,9236,"2026-08-07 15:23:32",14dc0661-9948-4e4e-bd9a-7ab864251faf
92171,98138,1,,9236,"2026-08-07 15:11:54",1de9e8ef-219e-4e21-8874-88a948867703
92172,98138,3,,9236,"2026-08-07 15:12:03",31b69e28-5587-41b6-9e75-bf1457df03f7
92134,98121,1,,9236,"2026-08-07 15:01:50",f7afb0e4-06d4-4c96-8c86-d16196a44192
92135,98121,3,,9236,"2026-08-07 15:02:02",b08cbb28-9781-466f-830f-6d50bb36d7e7
92181,98143,1,,9236,"2026-08-07 15:15:03",58f30b87-de00-46c5-a0ab-766360d80339
92182,98143,3,,9236,"2026-08-07 15:15:15",d04afd1f-ac6f-4053-b529-86d020a6f3a4
92211,98158,1,,9236,"2026-08-07 15:23:54",2f1f2da1-e327-43e9-90d6-3fbc0301036e
92212,98158,3,,9236,"2026-08-07 15:24:03",21258589-9771-4975-af22-79c33fd28db2
92153,98129,1,,9236,"2026-08-07 15:07:01",32ffb795-2d3a-4486-befe-4a6937650e83
92154,98129,3,,9236,"2026-08-07 15:07:12",94eda243-149e-402a-aa11-d98a9a2a4c3c
91790,97838,1,,9236,"2026-08-06 21:18:54",aeb57f92-3496-4cf0-ace3-caab0adbe3f4
91791,97838,3,,9236,"2026-08-06 21:19:02",e5f3fc0f-3c45-419e-a48f-7fc521152178
92203,98154,1,,9236,"2026-08-07 15:21:47",f9e43314-1648-4ef2-838c-66252977e0c4
92204,98154,3,,9236,"2026-08-07 15:21:56",cfc1d7c8-10cb-4326-a50a-152fc9aa17d5
92173,98139,1,,9236,"2026-08-07 15:12:38",cc2fbcc2-b269-4b35-b21d-74be6ddc219a
92174,98139,3,,9236,"2026-08-07 15:12:47",1e3544b2-caf8-4f2f-9c1c-5c780687f336
92193,98149,1,,9236,"2026-08-07 15:18:56",4a67e5ca-c2ef-4dda-9c27-4125ed40a6bf
92194,98149,3,,9236,"2026-08-07 15:19:04",d501ab05-3685-480a-8c74-6ca55b350c52
92197,98151,1,,9236,"2026-08-07 15:20:06",52b8850e-46de-4fbf-84d1-2220ee6ff6d2
92198,98151,3,,9236,"2026-08-07 15:20:16",f3c66bfe-d6e4-4bd0-8b3a-845410560f20
92207,98156,1,,9236,"2026-08-07 15:22:53",b32bddea-5aa3-485d-b5cf-8f94871f290d
92208,98156,3,,9236,"2026-08-07 15:23:03",9d96d769-42df-4eee-ae22-32235b2be0c4
92191,98148,1,,9236,"2026-08-07 15:18:04",00bcdb65-6e02-430a-8648-52965fde408c
92192,98148,3,,9236,"2026-08-07 15:18:13",b8a7c1c8-e9b7-47dc-80cd-41a94173c728
92183,98144,1,,9236,"2026-08-07 15:15:49",6b1a8c13-b635-4837-8a03-1c4e6a5f6137
92184,98144,3,,9236,"2026-08-07 15:15:59",61e11e14-a249-40bb-aceb-d58b11edab32
92219,98162,1,,9236,"2026-08-07 15:26:36",24544369-531f-4e92-a6c4-4901397cd521
92220,98162,3,,9236,"2026-08-07 15:26:45",8237f598-9d2b-4591-9e0e-ef00e4fe11b6
92187,98146,1,,9236,"2026-08-07 15:16:59",bf0e517b-ab83-4f4d-b37d-03931e9dbc56
92188,98146,3,,9236,"2026-08-07 15:17:08",de95a7db-4c62-49b2-8cfd-3623705054cb
92215,98160,1,,9236,"2026-08-07 15:25:36",ac6b8ce0-eb6b-49de-a1f8-1ecb12973d49
92216,98160,3,,9236,"2026-08-07 15:25:47",4d24804b-9716-4d2e-8219-58863eb3d3bf
90403,96718,1,,9236,"2026-08-05 15:03:46",6362b495-97a2-470f-aad7-8cb77f74a28a
90404,96718,3,,9236,"2026-08-05 15:03:54",f97c7c0f-c3ee-418a-9ae9-f75452a7e060
90401,96717,1,,9236,"2026-08-05 15:02:39",bf7c5074-d542-4423-b2fc-8ffa78a6548c
90402,96717,3,,9236,"2026-08-05 15:02:48",87c238fe-5f45-4668-bb08-d051bf979291
90399,96716,1,,9236,"2026-08-05 15:01:10",dd7b5118-e0f3-4a70-bc89-b5e254f3704c
90400,96716,3,,9236,"2026-08-05 15:01:24",cd83d73c-4ba6-40fc-81d9-57ccbfb85aaf
90397,96715,1,,9236,"2026-08-05 14:59:59",ac4c78fd-aeef-4371-af04-d4b0915c36b5
90398,96715,3,,9236,"2026-08-05 15:00:17",4368a643-36c7-484b-a37f-f07bea180cbf
90405,96720,1,,9236,"2026-08-05 15:05:18",95334869-e4bf-4862-b397-eda9a45c8e5e
90406,96720,3,,9236,"2026-08-05 15:05:24",31f7f86b-9421-4e5d-97aa-9bf05331031d
90438,96749,1,,9236,"2026-08-05 16:05:49",6994b94c-d976-45b5-b535-c01e19794a65
90439,96749,3,,9236,"2026-08-05 16:06:12",0666a6e8-f752-4fae-b859-cf1ed4b6b140
90434,96745,1,,9236,"2026-08-05 16:03:17",e67c63c7-c68e-4506-bfad-7afc8b1c8ffe
90435,96745,3,,9236,"2026-08-05 16:03:32",b568dcd8-77d7-4840-8452-18e837bd2766
90436,96746,1,,9236,"2026-08-05 16:03:44",1cd6e321-2df2-487f-aa07-ed97a1f8ddd5
90437,96746,3,,9236,"2026-08-05 16:04:08",aff4f4ed-580c-43d0-9b53-de728ce8cf23
90686,96889,1,,9236,"2026-08-05 19:19:01",66ac20c9-d778-4c34-ab24-c87165f7e33d
90687,96889,3,,9236,"2026-08-05 19:19:17",71a6dd91-a286-4f88-b688-8242f7fe9b43
90808,96976,1,,9236,"2026-08-05 21:34:51",b2f96db4-2cd4-4d65-844d-24ba08b3a76b
90809,96976,3,,9236,"2026-08-05 21:35:11",751bccad-8ec8-4703-bda9-d7cdceed7f1a
90810,96977,1,,9236,"2026-08-05 21:35:28",13235d5d-6761-4eb6-ba68-b0a1a056d5a5
90811,96977,3,,9236,"2026-08-05 21:36:26",98457089-cf0b-4533-9859-83a3e3c04eac
90907,97017,1,,9236,"2026-08-06 13:33:21",a993a72f-e191-4a4a-bb3e-51f217a23ade
90908,97017,3,,9236,"2026-08-06 13:33:45",703d0939-a8d9-4acd-8061-152595388671
91048,97129,1,,9236,"2026-08-06 14:37:19",7311ac69-c0c0-4bf2-9617-728a86cf14c0
92608,97129,3,,9236,"2026-08-10 18:07:14",8eb1e607-6154-4825-86c1-4efd68e8fdbf
92609,97130,1,,9236,"2026-08-10 18:07:39",c85bba35-cb6c-41e2-b543-c9b04dad0b46
92610,97130,3,,9236,"2026-08-10 18:07:47",964d1fd3-e64f-4ebb-9fd8-ca4695703091
92613,97132,1,,9236,"2026-08-10 18:08:54",23cfc2a2-adbc-439b-add4-e29d0822b1c4
92614,97132,3,,9236,"2026-08-10 18:09:01",a7c3c6f3-1a42-4f66-9197-5bdace136668
94204,99913,3,,16222,"2026-08-18 19:01:36",0156e993-d083-4948-a7ee-2497776e09f1
94206,99913,1,,16222,"2026-08-18 19:04:04",7f4f879e-3c34-43f7-9418-c132ee8b6032
94207,99913,3,,16222,"2026-08-18 19:04:11",3b1e8cd4-096f-40a8-87e1-64e46b84fb1a
91457,97459,1,,9236,"2026-08-06 18:36:50",75039cea-8a7e-4038-97ad-724750fb4c10
91458,97459,3,,9236,"2026-08-06 18:37:00",35f12e9f-c68d-4b1c-a8f0-874cb53ace48
91459,97461,1,,9236,"2026-08-06 18:37:19",9f9a3473-971d-4542-badd-7e66b3cfe62c
91460,97461,3,,9236,"2026-08-06 18:37:37",744b4a2e-ff0a-45b1-b518-c980f56f3431
91493,97483,1,,9236,"2026-08-06 18:56:12",21c62a90-6888-41cd-84bd-5a22e9713574
91494,97483,3,,9236,"2026-08-06 18:56:31",d5d3e203-1b09-49d0-9be7-9a187789f0a0
91495,97484,1,,9236,"2026-08-06 18:56:42",c05f2f77-b904-48cb-8264-c916f033d4c5
91496,97484,3,,9236,"2026-08-06 18:56:52",96838350-4ab2-49dd-9e7a-d69c5adf83a9
91467,97468,1,,9236,"2026-08-06 18:45:08",0e1f584b-7bfe-412a-bad7-365620f0185d
91468,97468,3,,9236,"2026-08-06 18:45:23",d91c7103-0cc9-4610-aaec-5c527df7b00b
91469,97469,1,,9236,"2026-08-06 18:45:36",ea714774-dc12-4215-99ad-22790afa2221
91470,97469,3,,9236,"2026-08-06 18:45:46",410a0be8-552c-46f8-89a8-4f1f8e4a9f3b
91471,97470,1,,9236,"2026-08-06 18:46:06",dc14ac19-0b6f-4df0-aab0-3755fe919aae
91472,97470,3,,9236,"2026-08-06 18:46:17",b9b4d623-1711-4c92-88fd-090d4d6d0021
91461,97462,1,,9236,"2026-08-06 18:38:20",161f267f-1890-46d0-956b-3de40c0666c5
91462,97462,3,,9236,"2026-08-06 18:38:47",b2652eaf-b3b9-4d3b-888b-1edfed598408
91498,97486,1,,9236,"2026-08-06 19:00:48",5397fdfe-51d6-4bd4-99bf-168e021741dd
91499,97486,3,,9236,"2026-08-06 19:01:07",0c785272-43da-4a42-b4c2-f5db53921c43
91500,97488,1,,9236,"2026-08-06 19:01:28",e9feb448-9173-43ee-b472-b01cb6b00a82
91501,97488,3,,9236,"2026-08-06 19:01:38",500ffbc9-1b4c-4e55-9dfe-31140b06fbfd
91463,97465,1,,9236,"2026-08-06 18:43:04",cc609ecc-40fa-4687-a6c5-07fc61bd41b3
91464,97465,3,,9236,"2026-08-06 18:43:19",0c18fba6-b18e-41b5-becf-edb6b836e88c
91465,97467,1,,9236,"2026-08-06 18:43:43",d8e3ac5f-c06a-425b-835e-fd2c674b0e16
91466,97467,3,,9236,"2026-08-06 18:43:54",7b627ab3-383a-4f10-93ba-67c0f5dc124e
91491,97481,1,,9236,"2026-08-06 18:55:00",11d3becd-36a8-489a-817a-4c06ec7a413c
91492,97481,3,,9236,"2026-08-06 18:55:13",3545d705-461d-4adb-ad7a-9d472d9ab68b
91489,97482,1,,9236,"2026-08-06 18:54:20",ce01de3f-6d36-4581-9fcb-1dc7eadc78eb
91490,97482,3,,9236,"2026-08-06 18:54:40",867b75a4-c082-40d1-b111-a5e0972634e9
91523,97504,1,,9236,"2026-08-06 19:14:31",5da2ffde-fc12-4fdc-b6b0-b7aa227d4138
91524,97504,3,,9236,"2026-08-06 19:14:41",9b1c9e67-3182-472c-b902-cccb50078763
91525,97506,1,,9236,"2026-08-06 19:14:59",2ad62d82-6ee9-44cd-9875-ebf68f824e24
91526,97506,3,,9236,"2026-08-06 19:15:10",9663d654-92fd-4aa2-98fb-37edf8757253
91527,97507,1,,9236,"2026-08-06 19:16:53",d4b9da22-d2f4-4400-8e4a-6148eb7a3fb5
91528,97507,3,,9236,"2026-08-06 19:17:06",3bc1e3bf-8217-40db-be76-e9831c2d3776
91530,97509,1,,9236,"2026-08-06 19:18:23",7cf0bb3c-6c6a-4508-84fe-4c8d7e734ff4
91531,97509,3,,9236,"2026-08-06 19:18:47",d0814c2f-930b-4958-b937-ca3ef25bbe53
91515,97498,1,,9236,"2026-08-06 19:11:18",b82b3f6e-ce35-408d-8903-f9577f59bf8e
91516,97498,3,,9236,"2026-08-06 19:11:29",42c8b992-8631-4370-9a85-c1aa029564e9
91517,97500,1,,9236,"2026-08-06 19:11:53",329558a6-2721-4e09-a549-6f73c2d6dd9a
91518,97500,3,,9236,"2026-08-06 19:12:01",f0d16873-d186-4be5-9e55-06c9a2589f59
91480,97474,1,,9236,"2026-08-06 18:50:17",653bb05f-e5b0-42ac-8041-10c3fd96f501
91481,97474,3,,9236,"2026-08-06 18:50:28",51269f31-08b6-4ae1-b7d4-1faedeee2729
91482,97475,1,,9236,"2026-08-06 18:50:43",67021fa6-ccbd-4672-8581-67995dadc869
91483,97475,4,,9236,"2026-08-06 18:50:55",9212470a-43b6-4757-8b2a-728b94090277
91484,97475,3,,9236,"2026-08-06 18:50:58",24800cdb-47ad-401f-bb8d-0f9952828b1f
91485,97476,1,,9236,"2026-08-06 18:51:09",1ac437ff-90ae-4596-9d60-e9f863fabd41
91486,97476,3,,9236,"2026-08-06 18:51:19",20f9919e-acaf-48e3-a95a-e0245082bc78
91521,97501,1,,9236,"2026-08-06 19:13:07",9a4ab1ba-add8-4410-95aa-856fbdd60354
91522,97501,3,,9236,"2026-08-06 19:13:16",2d602cd4-bfa1-4b65-a17f-e16a0bc5005b
91519,97503,1,,9236,"2026-08-06 19:12:36",9e0c4431-0871-4121-90a1-ea20f8b13412
91520,97503,3,,9236,"2026-08-06 19:12:45",881c6e46-0afa-4496-86d1-128dcb68223b
91502,97489,1,,9236,"2026-08-06 19:04:02",f8223dcb-89ce-4ec5-a370-c2ae862f427b
91503,97489,3,,9236,"2026-08-06 19:04:18",83548acb-3ea3-4d2e-85ae-9c0e9eba35a0
91504,97491,1,,9236,"2026-08-06 19:04:36",c1176b24-0484-4251-8e3a-91812891802c
91505,97491,3,,9236,"2026-08-06 19:04:53",88cd2be8-f29d-4a45-8ee9-56a7a040de3b
91487,97477,1,,9236,"2026-08-06 18:53:05",e96c2f8b-35c6-4e01-b07c-cb4ea71494b2
91488,97477,3,,9236,"2026-08-06 18:53:31",e831b313-2aaa-41fb-b277-f47d02512394
91536,97515,1,,9236,"2026-08-06 19:22:53",e18dce7e-c139-4b4e-90a3-4355ae9becc2
91537,97515,3,,9236,"2026-08-06 19:23:02",d60ce7d9-bc34-4c7a-93cb-e41cb51fd7c2
91473,97471,1,,9236,"2026-08-06 18:47:24",612eea66-859e-40bb-976a-324a63095014
91474,97471,3,,9236,"2026-08-06 18:47:34",d4f087eb-9694-4243-95c9-bc2d671e9c38
91475,97472,1,,9236,"2026-08-06 18:47:53",424527ad-2f8f-4e81-8173-a9d9c97df618
91476,97472,3,,9236,"2026-08-06 18:48:02",f569c860-b2be-4e2b-a82c-06e6940c7d77
91478,97473,1,,9236,"2026-08-06 18:48:24",6cf7d665-2081-4dad-a0d7-215c63a60a58
91479,97473,3,,9236,"2026-08-06 18:48:37",0b237a45-9e7e-45cf-8b8f-ee0bc8a78e97
94209,99917,3,,16222,"2026-08-18 19:07:52",b38767ff-bed0-4f2d-91d6-d09b4fbde0c8
94210,99918,3,,16222,"2026-08-18 19:09:26",be9f8a1a-9646-493d-982e-d0ce1148e11e
94217,99926,3,,16222,"2026-08-18 19:26:20",9a6a038b-7cab-4f47-af57-27d9e3c34979
94218,99927,3,,16222,"2026-08-18 19:30:47",28045e21-f942-4b72-b428-e392faaef01e
94229,99936,3,,16222,"2026-08-18 20:09:30",aba10507-61c9-4ce0-a29a-c22393c20b24
94230,99937,3,,16222,"2026-08-18 20:10:49",ea0e311b-88a9-4c4a-bb55-98fd0f205e4f
92413,97614,1,,9236,"2026-08-10 16:15:15",bb9770db-5b7e-4b75-b93a-960b65e6a5ed
92418,97614,3,,9236,"2026-08-10 16:16:12",8c82c757-55c8-42ab-8fc0-2e8f84d8dae1
92419,97616,1,,9236,"2026-08-10 16:16:54",c9a195d3-2843-4b71-bd2d-65fef1b1f5c1
92420,97616,3,,9236,"2026-08-10 16:17:16",55f0fb28-7b7d-4410-951d-2fa4ec568215
92421,97619,1,,9236,"2026-08-10 16:17:35",5742c27a-5263-471f-b300-6229b3964553
92424,97619,3,,9236,"2026-08-10 16:18:16",fb12ba2e-1e7b-482a-83b6-9d63cecb3fb1
92400,97608,1,,9236,"2026-08-10 16:09:05",6fab6652-e8e3-429b-9e97-e515cf435484
92402,97608,3,,9236,"2026-08-10 16:09:54",aeee97fc-4206-4556-a151-eccf8d113f5b
92406,97608,1,,9236,"2026-08-10 16:12:23",689f60d4-0ca5-4e8b-b01a-550b9c09f923
92408,97608,3,,9236,"2026-08-10 16:13:24",e9be1835-cfa1-439a-8ccf-c225195a64a2
92404,97609,1,,9236,"2026-08-10 16:10:53",11ba9f31-2e40-45f4-be11-b21e83e87601
92409,97610,1,,9236,"2026-08-10 16:14:04",eb7b6091-d838-45bd-ad76-b3c008bd38f3
92411,97610,3,,9236,"2026-08-10 16:14:28",7bb8b69f-5217-4415-9477-b750d48bd6b8
92572,97620,1,,9236,"2026-08-10 17:15:14",83c3377c-90ef-4f2d-88aa-c1e8a70fa45f
92573,97620,3,,9236,"2026-08-10 17:15:28",dfdec825-2a1f-43e5-abe5-c6217a3a9359
91553,97621,1,,9236,"2026-08-06 19:41:41",974053cb-6327-4762-a5bd-84f3f3399fe7
91554,97621,3,,9236,"2026-08-06 19:41:50",ef317221-35ef-421d-ab8d-77f7acfafd1a
91555,97622,1,,9236,"2026-08-06 19:42:38",7c4b1178-868d-4e00-a1ff-65f29d67a529
91556,97622,3,,9236,"2026-08-06 19:42:53",62a4495f-be79-433d-a7e2-9e1f526a4545
91547,97596,1,,9236,"2026-08-06 19:35:02",08329503-1ed6-45c1-947f-e61338038df0
91548,97596,3,,9236,"2026-08-06 19:35:56",93b2e42f-c492-4112-aa2a-90c1eadf3163
91551,97598,1,,9236,"2026-08-06 19:38:41",1c457f31-0546-41d0-b06f-40f77cbe72ea
91552,97598,3,,9236,"2026-08-06 19:39:11",94039027-4c16-4e86-9931-3b9568bd462f
91549,97601,1,,9236,"2026-08-06 19:36:24",d7ab4594-0931-4f6c-a996-2c93c9782642
91550,97601,3,,9236,"2026-08-06 19:36:51",5f9c89bd-f397-4b85-852c-7d04d5f4004b
93681,99537,3,,16222,"2026-08-17 15:00:24",ac4864cb-197d-495e-93a8-b69a0d25a330
93682,99538,3,,16222,"2026-08-17 15:01:00",72ad5822-e18b-4a30-8692-98aa065c0cf7
91543,97593,1,,9236,"2026-08-06 19:31:57",cab76a15-f712-4251-8ed9-f7401395746c
91544,97593,3,,9236,"2026-08-06 19:32:17",74d68567-c233-40d6-9fca-569d35baba90
91545,97593,1,,9236,"2026-08-06 19:32:41",d36edfac-45b6-4300-98c1-e3fbc1ed4698
91546,97593,3,,9236,"2026-08-06 19:32:43",e893d50a-95dc-4f2a-b630-1a91594768fc
91538,97585,1,,9236,"2026-08-06 19:27:16",3e3415ed-3301-4e3a-bb06-e626b1210fa0
91539,97585,3,,9236,"2026-08-06 19:28:31",59de51ee-a07e-4588-88ea-fcf34c0976c4
91540,97587,1,,9236,"2026-08-06 19:30:04",14aa430f-9fdd-48d8-9b95-ca6ec9ca257b
91542,97587,3,,9236,"2026-08-06 19:30:42",c6452eb0-12f8-455a-b79f-d55ebf8abbb3
91557,97623,1,,9236,"2026-08-06 19:44:15",1a505a88-3419-4909-ba9b-d3da49293c3c
91558,97623,3,,9236,"2026-08-06 19:44:23",2bd466a5-a1de-4af5-a92d-8cd5c32ed2cd
91559,97624,1,,9236,"2026-08-06 19:45:51",9523538d-da9e-417b-a929-21fddcac34f0
91560,97624,3,,9236,"2026-08-06 19:46:08",91be7872-3550-44f3-92dd-2d4a59b7bc80
91561,97625,1,,9236,"2026-08-06 19:46:24",cbd0b351-7188-45b4-95ed-af798c094251
91562,97625,3,,9236,"2026-08-06 19:46:35",51711835-b60f-4efb-8e9c-dc280dd6be2e
91566,97626,1,,9236,"2026-08-06 19:47:20",939db407-5acb-441e-979b-d73f33a59716
91567,97626,3,,9236,"2026-08-06 19:47:30",a4f7de12-260a-4ce2-8e54-8b0ac660459b
91576,97630,1,,9236,"2026-08-06 19:53:54",f268fd81-6f72-42cd-8360-a2a8efa20cd9
91577,97630,3,,9236,"2026-08-06 19:54:10",94107f14-afe7-4058-8aa6-43615a038679
91578,97632,1,,9236,"2026-08-06 19:54:25",6ed4b171-c608-464a-8032-f4b34bb06907
91579,97632,3,,9236,"2026-08-06 19:54:42",1e035b64-feb2-470d-8d62-b9de8d1387b7
91568,97627,1,,9236,"2026-08-06 19:50:05",e49446c5-a10f-4286-92c8-6953cedcc289
91569,97627,3,,9236,"2026-08-06 19:50:20",a08d367f-8323-4e59-8785-426480d15446
91570,97628,1,,9236,"2026-08-06 19:51:09",803cf4eb-9667-4a17-b1f5-dd2278014994
91571,97628,3,,9236,"2026-08-06 19:51:49",8ed94b11-3dcb-484b-9806-834688529ca4
91572,97629,1,,9236,"2026-08-06 19:52:10",2d7791a0-42bd-4f42-ac34-cf1a14acfa09
91573,97629,3,,9236,"2026-08-06 19:52:19",f57f0aed-2530-41b2-8acd-a68dca79123b
91585,97636,1,,9236,"2026-08-06 20:00:30",ecdb1200-bdef-4e6c-a421-ff7071790e35
91586,97636,3,,9236,"2026-08-06 20:00:38",fccc9b3e-df55-4152-849d-778dd25ddd63
91584,97635,1,,9236,"2026-08-06 19:59:55",99d54102-10da-40a9-90eb-4429f181dbae
91689,97674,1,,9236,"2026-08-06 20:29:13",f5a0eb83-a161-42c0-a9ac-55275da29120
91690,97674,3,,9236,"2026-08-06 20:29:23",34d21821-ab4c-4d3e-8bf5-4a3886581e76
91580,97633,1,,9236,"2026-08-06 19:58:17",0d415b33-d82c-42db-afd0-f064b098dba3
91581,97633,3,,9236,"2026-08-06 19:58:27",4bf81045-1ced-48d3-bf0a-074959384337
91582,97634,1,,9236,"2026-08-06 19:59:09",7e1d81e1-6150-4dfb-81bc-5def2b94a28e
91583,97634,3,,9236,"2026-08-06 19:59:22",e509d8b9-f2ac-49db-8b77-efae6dde52a4
91703,97679,1,,9236,"2026-08-06 20:34:33",f55f0f83-c8d9-43a9-b079-2c21c6642f09
91704,97679,3,,9236,"2026-08-06 20:34:41",ee9f02d3-59d6-4b6f-b07d-3980d9191eed
91726,97707,1,,9236,"2026-08-06 20:48:43",5128349e-70fa-46fb-8d00-5638cc36e06a
91727,97707,3,,9236,"2026-08-06 20:48:54",0e8ba7e7-a0a6-4680-8bd7-01512793136d
91732,97753,1,,9236,"2026-08-06 20:52:53",7fd6c0b0-663f-45e5-abb0-c541a450ba0b
91733,97753,3,,9236,"2026-08-06 20:53:06",1ec9be19-dba6-4a21-ae16-dcd2de69a686
92432,97698,1,,9236,"2026-08-10 16:20:01",c5e4d804-e239-4113-b97a-50a15244d583
92433,97698,3,,9236,"2026-08-10 16:20:12",435a03c8-b454-4ae4-96a7-b5a80a33a1f6
92494,97742,1,,9236,"2026-08-10 16:33:44",7d9ef404-5e86-45e8-aab6-41e63dab65fc
92495,97742,3,,9236,"2026-08-10 16:33:56",9fce6ec3-bed6-4fd9-a113-2fffa70e2fde
91812,97882,1,,9236,"2026-08-06 21:32:05",1c8945ce-52ee-4817-abe3-c54800617862
91813,97882,3,,9236,"2026-08-06 21:32:12",2f4aa04a-d57a-4093-bf19-9abf84095947
91718,97692,1,,9236,"2026-08-06 20:42:45",d6a3553c-778f-4ded-bda8-d37300bb508a
91719,97692,3,,9236,"2026-08-06 20:43:13",bf6d9ebe-a84b-4567-8bff-a5becc3b7dc4
92485,97736,1,,9236,"2026-08-10 16:31:58",7f76d61b-13dc-46b1-8d3d-5f2d9f103227
92487,97736,3,,9236,"2026-08-10 16:32:17",502e4498-d631-43f7-8b18-ae2113709d52
91826,97890,1,,9236,"2026-08-06 21:50:03",fe68b4b4-cfc6-4709-8a68-fec00a6c6402
91827,97890,3,,9236,"2026-08-06 21:50:15",495d9089-3981-4a08-be30-6648437f57e7
92480,97735,1,,9236,"2026-08-10 16:31:04",ed1032cc-3dd5-434f-a3c3-54877c0636df
92481,97735,3,,9236,"2026-08-10 16:31:15",2a8bdec6-1f14-4d8d-a8f4-fd81a287fd0b
91715,97688,1,,9236,"2026-08-06 20:39:55",2157c30b-7568-4516-a7fe-e40138cc53f0
91716,97688,3,,9236,"2026-08-06 20:40:07",b1c98a5d-2bdf-479e-8549-fd8a7159c270
92492,97740,1,,9236,"2026-08-10 16:33:15",2acc34bf-8133-41db-be7c-c7bc3fde6fe2
92493,97740,3,,9236,"2026-08-10 16:33:23",2ee29bf1-d92a-404e-bce3-927ac237a9e1
94212,99922,3,,16222,"2026-08-18 19:17:26",ee817f0a-7208-41ce-aba6-3622d867b64b
94213,99923,3,,16222,"2026-08-18 19:18:29",f0f53d32-f201-40f5-b0ce-9abdbe8f9f83
92506,97750,1,,9236,"2026-08-10 16:35:59",fdc65b8c-5126-4e13-a399-09551c898945
92508,97750,3,,9236,"2026-08-10 16:36:08",f21dc3b4-5414-4dd7-994a-0478cd2f3b7d
91722,97694,1,,9236,"2026-08-06 20:45:51",dde1d824-c4a1-4f17-8ab3-f6bd0ad080d2
91723,97694,3,,9236,"2026-08-06 20:46:02",f6fbc3db-9685-4aa6-81e0-71a9bfe1b751
92474,97730,1,,9236,"2026-08-10 16:29:52",952dd795-723e-4e70-a434-e8a4a8886667
92476,97730,3,,9236,"2026-08-10 16:30:02",5ce72b41-caad-422a-9720-9b1e5f359d6a
92455,97718,1,,9236,"2026-08-10 16:25:05",d7466735-0976-45c6-9956-ace80d1709f4
92456,97718,2,,9236,"2026-08-10 16:25:15",92e165fc-641f-44e1-bd21-5dc41e0e4dd6
92457,97718,3,,9236,"2026-08-10 16:25:17",9498ca38-aff4-4d93-88f6-0cc6922f0d2f
92434,97700,1,,9236,"2026-08-10 16:20:43",83d6f939-969e-4acb-bc89-38c8c2ee37d7
92435,97700,3,,9236,"2026-08-10 16:21:02",95052f21-1a3e-4ed2-b3ed-cc25c187eb4c
91816,97884,1,,9236,"2026-08-06 21:34:09",58dab4d5-0f9a-4618-aba0-c85b9a1d88b6
91817,97884,3,,9236,"2026-08-06 21:34:20",028000d5-3638-4275-bde1-4715fe6e635a
91873,97905,1,,9236,"2026-08-07 13:12:31",1ffd7470-47a0-46b3-a1a2-b4f4013113b1
91874,97905,3,,9236,"2026-08-07 13:12:44",eaacb917-845e-4aec-8b7d-758bd311f967
91875,97907,1,,9236,"2026-08-07 13:13:00",e68ac832-4d75-421b-bad0-24325d25a0bb
91876,97907,3,,9236,"2026-08-07 13:13:12",4bd0d0e8-3b54-4a67-bc37-bce5d587a181
92453,97716,1,,9236,"2026-08-10 16:24:19",36544e17-1551-48d2-83d5-1952808f241d
92454,97716,3,,9236,"2026-08-10 16:24:30",01867766-2e25-4288-8c3b-847830cb9670
91717,97689,1,,9236,"2026-08-06 20:40:39",90c39322-f7fe-4896-8c31-0f696bf3ef37
92592,97689,1,,9236,"2026-08-10 17:35:33",8f8cc170-8a12-4f2a-a898-3ee20b101444
92619,97690,1,,9236,"2026-08-10 18:11:34",f2cbf693-202c-4db8-99c9-09915b0882e0
92620,97690,3,,9236,"2026-08-10 18:11:46",c3bf30e7-4d95-4f45-8afa-baae4298f0a8
91730,97752,1,,9236,"2026-08-06 20:52:19",8b1934fb-3324-4794-8c9e-a7a9099fd0a5
91731,97752,3,,9236,"2026-08-06 20:52:29",f1c779e3-ed29-43e9-bcac-187f7af80eec
91903,97927,1,,9236,"2026-08-07 13:23:36",91564f89-309a-47de-a79c-a1af6b5b3c30
91904,97927,3,,9236,"2026-08-07 13:23:44",8de04acb-698e-4889-b514-d5f9f30475a5
92440,97704,1,,9236,"2026-08-10 16:22:11",41ed0718-4591-44d8-8eca-d8be836b85e3
92442,97704,3,,9236,"2026-08-10 16:22:19",e27b6208-7c41-4aa4-b54b-55f7f512bd39
92444,97704,1,,9236,"2026-08-10 16:22:33",61bc57f5-f315-4add-8bd6-f5969ace3de7
92445,97704,3,,9236,"2026-08-10 16:22:39",9b5574d1-4fc8-4e54-aa88-5b38f9e2b9c2
92498,97744,1,,9236,"2026-08-10 16:34:26",bbf030c9-a511-464a-9a99-b91ca3fb83d2
92499,97744,3,,9236,"2026-08-10 16:34:34",dd948d19-ad0d-4f8f-8346-0f101bdd56cc
91882,97911,1,,9236,"2026-08-07 13:15:32",7bce810e-487c-4d00-841f-f382c45af4b2
91883,97911,3,,9236,"2026-08-07 13:15:45",4045f555-9dd1-4f43-8a59-2a80126a7d61
92462,97724,1,,9236,"2026-08-10 16:28:05",ba2a27e8-7d00-4dc2-b6d6-9ed0b0bf4726
92463,97724,3,,9236,"2026-08-10 16:28:14",ee8237f6-75d8-4d85-99fd-0a4a83320a20
91814,97883,1,,9236,"2026-08-06 21:33:15",a7c537f7-77ea-487a-870b-32bb3e9a49a7
91815,97883,3,,9236,"2026-08-06 21:33:25",d8669d12-4a70-4f4d-955d-4dd8468a65dd
91818,97885,1,,9236,"2026-08-06 21:35:50",2b59bf80-d0f4-4ae1-a4a2-cc9afc22cb81
91819,97885,3,,9236,"2026-08-06 21:36:09",bb9fa1f8-853c-4697-a9dc-59335095c402
92223,98175,1,,9236,"2026-08-07 15:30:46",f83f432a-2273-4fe9-9b30-19bdcfb43458
92224,98175,3,,9236,"2026-08-07 15:31:01",95aa0c1a-3163-4502-9522-7bab494a6610
91506,97494,1,,9236,"2026-08-06 19:06:32",db526303-5ff6-4570-a7dd-3a8a551825f7
91507,97494,3,,9236,"2026-08-06 19:06:44",1a9c93ce-2608-49b3-937f-b55b27051638
91509,97494,1,,9236,"2026-08-06 19:08:27",260e507a-b8f5-4733-9025-5b7d1f3ea455
91510,97494,3,,9236,"2026-08-06 19:08:36",5359f801-b9f5-4cd1-b438-ad83dd296a08
91734,97754,1,,9236,"2026-08-06 20:53:43",a022cc64-ef93-4557-a18f-e58b31526028
91859,97896,1,,9236,"2026-08-07 13:05:11",aa7e4229-5c7c-45cb-ab40-e496b8cf1578
91860,97896,3,,9236,"2026-08-07 13:05:23",b5e7f848-3073-49f1-b6db-b300b99846c5
91861,97898,1,,9236,"2026-08-07 13:05:46",b92db23d-680a-43c1-bc12-d80e09e6836b
91862,97898,3,,9236,"2026-08-07 13:05:55",f3e8a116-3da0-4c8d-84e3-8bcd3170df4f
92478,97732,1,,9236,"2026-08-10 16:30:25",96bceddb-69bc-4dad-a2f2-9f6def245e96
92479,97732,3,,9236,"2026-08-10 16:30:35",02c4a6e5-a350-4170-92ca-4b91f0d6381b
92611,97131,1,,9236,"2026-08-10 18:08:26",be652a59-3025-4eeb-847e-3fbc8bf49b52
92612,97131,3,,9236,"2026-08-10 18:08:32",ecdca438-f131-4206-861d-35d95a673550
91869,97902,1,,9236,"2026-08-07 13:11:19",a54f8c2f-b250-4735-bbd7-0650fb7aca72
91870,97902,3,,9236,"2026-08-07 13:11:30",b7442006-0dbf-41e4-8eca-791cc32a49c8
91871,97904,1,,9236,"2026-08-07 13:11:42",cb01778d-8ff4-4566-ae6d-9de62dd5b72b
91872,97904,3,,9236,"2026-08-07 13:11:50",9ce49d2e-09d6-4801-9066-004f18e2bfe5
92489,97738,1,,9236,"2026-08-10 16:32:39",ff5d52a3-b10a-48b5-a778-622863b0e755
92490,97738,3,,9236,"2026-08-10 16:32:53",7e760e51-ecbd-4678-b1c5-9693c647e726
91798,97867,1,,9236,"2026-08-06 21:22:40",004af690-aeb1-44f9-9eb5-53322754a52c
91799,97867,3,,9236,"2026-08-06 21:22:50",46b30693-1e04-4761-bbea-81029619fbd5
91724,97706,1,,9236,"2026-08-06 20:47:54",6202a892-4bd1-4660-b331-8e8fc68bd4e4
91725,97706,3,,9236,"2026-08-06 20:48:10",62c6302c-11bb-4a1f-9572-56aa486ccc1f
92596,97891,1,,9236,"2026-08-10 17:43:56",46ad0462-e22b-4818-ae23-bcd6c3cbf282
92597,97891,3,,9236,"2026-08-10 17:44:04",a3f15e59-2fc7-4c0d-be30-50e629cfc422
92617,97687,1,,9236,"2026-08-10 18:10:38",8c4c95ac-0eed-4fd8-ae3a-7b3c6a822f88
92618,97687,3,,9236,"2026-08-10 18:10:48",1859936f-8464-4138-ad8c-d0ee042ff9c6
92437,97702,1,,9236,"2026-08-10 16:21:35",8f896838-c05d-4db3-be3b-e9ee6c8080e2
92438,97702,3,,9236,"2026-08-10 16:21:43",b5abccb3-cdd4-47f2-8d64-3c492079ee48
91720,97693,1,,9236,"2026-08-06 20:44:40",2e4e25ac-9a7f-45b5-a9c8-10bac86542c5
91721,97693,3,,9236,"2026-08-06 20:45:00",11373300-8796-4108-a93c-03862f9e4ab4
92428,97696,1,,9236,"2026-08-10 16:18:56",f139d08d-1d7d-4fef-87e2-a8a8337d3ced
92430,97696,3,,9236,"2026-08-10 16:19:04",829e2269-f02f-4e7d-ba73-37e8c70156c2
92500,97746,1,,9236,"2026-08-10 16:35:00",0480747a-4265-4d68-adc0-205319197082
92501,97746,3,,9236,"2026-08-10 16:35:08",1ee6f28d-c8d5-41e9-825c-8cc89322b192
91532,97510,1,,9236,"2026-08-06 19:20:07",ea071f8c-93ea-47be-bf46-795761c69079
91533,97512,1,,9236,"2026-08-06 19:21:17",f4cfa222-cc7d-45f0-a21e-6ecf96ecc898
91534,97512,3,,9236,"2026-08-06 19:21:33",1bd4ccd8-ccd2-4eb5-9ab8-ba834f104739
91825,97889,1,,9236,"2026-08-06 21:48:10",7fea30ca-a49f-432e-bf38-c699cf822f8c
91878,97908,1,,9236,"2026-08-07 13:14:13",e8fef160-5194-4696-842c-0e4a3ce96b7a
91879,97908,3,,9236,"2026-08-07 13:14:26",8954d795-564a-416f-8a0a-11f39e42b2bd
91880,97909,1,,9236,"2026-08-07 13:14:41",812bf50a-bd48-4703-a296-5b763a7206ca
91881,97909,3,,9236,"2026-08-07 13:14:52",fe2e9cdf-fee7-45cd-b08d-90e0a7c77ba7
92448,97709,1,,9236,"2026-08-10 16:23:17",b1ab876e-6bdc-44af-bb12-c85d586145fd
92450,97709,3,,9236,"2026-08-10 16:23:26",352bced2-8270-424d-93e3-0445a8d1a4d7
92460,97722,1,,9236,"2026-08-10 16:26:20",39220ec1-8f59-4a75-a4a0-e9e3fbb294ee
92461,97722,3,,9236,"2026-08-10 16:26:29",c2b29676-7258-4b62-b4f8-168f04fa1cd7
92504,97748,1,,9236,"2026-08-10 16:35:31",ae82e5cd-30b0-4aee-bd2c-16b3a09f658f
92505,97748,3,,9236,"2026-08-10 16:35:39",78306919-1bbc-46a0-b6e7-ae40053751a7
92639,98753,3,,16222,"2026-08-10 19:11:51",8d69bced-04db-4a69-9859-bc41d2775de4
91713,97684,1,,9236,"2026-08-06 20:38:28",b70e07cb-4642-4c58-9e95-d36234279d82
91714,97684,3,,9236,"2026-08-06 20:38:40",c416cdb8-4fbf-46bd-be7c-09ba07578e8f
92451,97711,1,,9236,"2026-08-10 16:23:48",0a38b7ff-1b61-45d5-a582-52d29e728fcf
92452,97711,3,,9236,"2026-08-10 16:23:57",6761c97e-fd39-42cf-b2db-c660932f88ab
92598,97892,1,,9236,"2026-08-10 17:44:51",5441f57c-62e1-4530-a780-989d325dd8d6
92600,97892,3,,9236,"2026-08-10 17:45:00",9953159d-078d-4442-b416-948912315f03
93693,99572,3,,16222,"2026-08-17 15:29:49",64bf0d5e-9186-4939-ad2e-8a860cd6d7c2
92470,97728,1,,9236,"2026-08-10 16:29:16",98bfa3b8-78be-4b4f-98cc-bfd716e63fab
92472,97728,3,,9236,"2026-08-10 16:29:25",7bf51d2f-f21f-4afd-baff-171ef19c0fde
91823,97887,1,,9236,"2026-08-06 21:38:08",6d465ed1-2cae-416b-bbeb-e20f34e02fab
91824,97887,3,,9236,"2026-08-06 21:38:25",28be65d0-b71b-4873-b960-066fc4351535
92466,97726,1,,9236,"2026-08-10 16:28:41",1ab3b01a-bc12-487a-8881-d57c9fb4d258
92467,97726,3,,9236,"2026-08-10 16:28:51",9034e796-7974-4a3d-9cab-8a7f4b12003f
94208,99914,3,,16222,"2026-08-18 19:06:20",ccb9fd90-022c-467e-b1a7-1e59d3b52ce3
92458,97720,1,,9236,"2026-08-10 16:25:42",92a22f52-35e3-45ab-9022-032caceeb1d4
92459,97720,3,,9236,"2026-08-10 16:25:51",51f21ff5-5278-4eb3-be54-4c89d2702c80
94226,99932,3,,16222,"2026-08-18 19:58:04",f90116d3-f477-4d4a-bab6-acc13ea48293
94228,99934,3,,16222,"2026-08-18 20:01:11",b94b494b-1c63-4f83-8a16-24c0905e814e
90769,96936,1,,9236,"2026-08-05 20:46:03",cc0c0804-e0cd-495f-abce-ae6507bcc83e
90771,96936,3,,9236,"2026-08-05 20:47:45",7c97db85-70fd-4e02-933a-69830e7d6a54
90766,96934,1,,9236,"2026-08-05 20:44:16",21b4c3c5-5786-479c-93c6-b78118b583a9
90768,96934,3,,9236,"2026-08-05 20:44:31",0c7395c2-e2f3-421c-8958-f399777961af
89689,96124,3,,16222,"2026-07-30 18:56:33",adb01e2b-0d3c-4842-b9f9-dfb1af8e4e4d
89690,96124,2,,16222,"2026-07-30 18:56:59",cbb4cb94-1891-4e50-8f39-135cb1bad942
89688,96127,3,,16222,"2026-07-30 18:46:40",071829eb-aef4-4b72-914e-fe5dbc643266
92728,98839,2,,15493,"2026-08-11 13:25:16",80fea7dc-24b6-4ef9-afdf-afa416367aef
93000,98839,3,,16222,"2026-08-12 19:23:30",0ed8de43-ebc4-4088-90f3-211a89d437c6
93001,98839,1,,16222,"2026-08-12 19:23:37",e1238783-4b38-4a67-9167-7d402a0407ae
92731,98864,4,,16382,"2026-08-11 13:30:40",9a30e550-b317-468c-b891-e71bdbf71074
92854,98869,2,,15692,"2026-08-12 11:19:54",488b5953-de2e-4bc4-9eeb-953c0e6647c2
92742,98880,2,,15493,"2026-08-11 14:09:06",bb089ce9-7923-494a-94f2-62d0426e7d0d
93291,99407,2,,16222,"2026-08-14 20:56:59",c8cef6d8-f4bf-4c62-96cd-8a01b1c6ddc4
93292,99407,3,,16222,"2026-08-14 21:03:12",234c5fd1-9d89-432f-82e7-b72235a1b80b
93267,99409,2,,16222,"2026-08-14 19:25:17",42b1f399-7ef1-4853-82b8-139bce4bb118
93293,99409,3,,16222,"2026-08-14 21:04:33",048da6b3-b3f2-4298-ab3f-4f158bb0289e
93296,99438,1,,16222,"2026-08-14 21:54:46",6ce540cd-4c07-4bd4-a029-663290c983cb
93311,99443,2,,15814,"2026-08-15 13:55:36",7965599c-51f3-4cd4-832f-2f2dcc2e0753
93302,99444,2,,15873,"2026-08-15 13:43:04",2832bd99-f7f7-45c3-badd-319cbc4de567
93303,99445,2,,15523,"2026-08-15 13:43:31",f0e1c259-66b5-4e66-9e1d-b062fe93b535
93306,99446,2,,15704,"2026-08-15 13:48:52",8bff6706-d75e-450c-865f-48aa8e9e8b13
93304,99447,2,,16001,"2026-08-15 13:43:40",99d351e6-75d3-4252-8554-8c5a4bebb516
93305,99448,2,,15814,"2026-08-15 13:48:35",417d4b9e-ed02-49fa-b99f-71fa83416ca8
93308,99449,2,,15709,"2026-08-15 13:51:06",bba753b2-702a-4938-ab14-1ef4ff1eb8d1
93307,99450,2,,15873,"2026-08-15 13:49:28",106db4db-0598-47bd-8081-cfbbddb603b9
93309,99452,2,,16222,"2026-08-15 13:52:14",9cf30828-0cc4-404d-9851-d6c1d34c605a
93310,99456,2,,15513,"2026-08-15 13:54:48",10546d70-18a9-4b5f-97af-6ecbea442cb7
