performedId,equipmentId,setupId,isDeleted,createdByUserId,datePerformed,hoursPerformed,odometerPerformed,workOrderId,createdTimestampUtc,note,uuid
47375,51864,34719,0,9236,2026-04-06,8538,NULL,97133,"2026-08-06 14:38:19","Added from Work Order",f89b5a88-d45d-43db-9ba7-d207ade0daf2
47376,51864,34771,0,9236,2026-04-06,8538,NULL,97133,"2026-08-06 14:38:19","Added from Work Order",d1d8535a-c374-4e5e-a1f7-f6c8ab25f3a6
47374,51864,34823,0,9236,2026-04-06,8538,NULL,97133,"2026-08-06 14:38:18","Added from Work Order",2d131fd9-6446-47ec-ab82-d27f515719e6
46946,51866,35908,0,9236,2026-01-21,NULL,NULL,96702,"2026-08-05 14:43:20","Added from Work Order",ce5ab1f3-d018-4f7b-bb3d-3a9d1ccf2ba0
46942,51867,35898,0,9236,2025-10-01,NULL,NULL,96700,"2026-08-05 14:40:34","Added from Work Order",ec2c2fa5-d5a8-40f1-af0b-4942a5b1555b
46937,51875,35895,0,9236,2025-11-04,NULL,NULL,96697,"2026-08-05 14:37:31","Added from Work Order",c76e0d91-bc35-4779-9409-b95bda5d2bfa
47385,51880,34830,0,9236,2026-02-24,6162,NULL,97142,"2026-08-06 14:41:46","Added from Work Order",682beb45-2a6b-4bce-9f6c-3f2407e1ab5e
47386,51880,34726,0,9236,2026-02-24,6162,NULL,97142,"2026-08-06 14:41:46","Added from Work Order",a8739e46-c6f0-4781-8c21-eb0aa068720a
47387,51880,34778,0,9236,2026-02-24,6162,NULL,97142,"2026-08-06 14:41:46","Added from Work Order",2623f3ba-a4c0-43d7-9816-c65a8c24e561
47380,51881,34859,0,9236,2026-08-01,9647,NULL,97139,"2026-08-06 14:40:42","Added from Work Order",8c18e6fe-1cb6-4628-a3a4-2db49fdf1d22
47381,51881,34867,0,9236,2026-08-01,9647,NULL,97139,"2026-08-06 14:40:42","Added from Work Order",c12f35d6-63a5-4796-8a5f-7d206c056aa0
47382,51881,34863,0,9236,2026-08-01,9647,NULL,97139,"2026-08-06 14:40:42","Added from Work Order",9cd0be7d-8557-4ceb-87eb-515d547f4c57
46960,51883,35917,0,9236,2026-01-21,NULL,NULL,96711,"2026-08-05 14:55:06","Added from Work Order",24aa7040-28f5-4d2e-a339-27dfc34728e7
47377,51884,34810,0,9236,2026-02-12,3572,NULL,97136,"2026-08-06 14:39:34","Added from Work Order",62a54022-ca66-4cd2-9067-ec74266b562e
47378,51884,34706,0,9236,2026-02-12,3572,NULL,97136,"2026-08-06 14:39:34","Added from Work Order",05501c86-d2f1-43c2-817d-97e5adc5feac
47379,51884,34758,0,9236,2026-02-12,3572,NULL,97136,"2026-08-06 14:39:34","Added from Work Order",1087acfe-1416-402d-ba76-08f7f9c805ad
46935,51886,35893,0,9236,2025-11-12,NULL,NULL,96695,"2026-08-05 14:29:33","Added from Work Order",0a7f879c-30b9-4b89-9c7f-3c03c6533710
46949,51888,35911,0,9236,2026-01-21,NULL,NULL,96705,"2026-08-05 14:46:19","Added from Work Order",c0ded461-d994-4419-b374-09f95e52e7bf
47391,51895,36780,0,9236,2026-06-08,5587,NULL,97147,"2026-08-06 14:43:41","Added from Work Order",68e1e101-ee80-46fb-a956-81cca69bb8b2
47388,51895,34831,0,9236,2026-06-01,5588,NULL,97145,"2026-08-06 14:43:17","Added from Work Order",f0b62ec4-48c7-4e62-b67d-6fa1dae85b5a
47389,51895,34727,0,9236,2026-06-01,5588,NULL,97145,"2026-08-06 14:43:17","Added from Work Order",7c7dba31-b439-4cd7-93ad-2166e9af905d
47390,51895,34779,0,9236,2026-06-01,5588,NULL,97145,"2026-08-06 14:43:17","Added from Work Order",654eda80-2057-433d-8737-18078c220ada
47392,51896,35316,0,9236,2026-01-10,7388,NULL,97151,"2026-08-06 14:45:33","Added from Work Order",89b2c135-3bf5-4367-a47e-38b3269df4d3
47393,51896,35386,0,9236,2026-01-10,7388,NULL,97151,"2026-08-06 14:45:33","Added from Work Order",8fa89041-eb6e-4999-a92c-084b9c9127e9
47394,51896,35351,0,9236,2025-05-10,6342,NULL,97150,"2026-08-06 14:45:59","Added from Work Order",e96427b2-ab38-44f1-8a8c-c1cc6437bef6
47416,51898,35406,0,9236,2026-02-10,2030,NULL,97164,"2026-08-06 15:08:27","Added from Work Order",7d60a2ab-5e6f-4780-b04e-4bc4bfb4cc1b
47417,51898,35336,0,9236,2026-02-10,2030,NULL,97164,"2026-08-06 15:08:27","Added from Work Order",9541bdb2-831e-4bc0-8738-c83b32a2ef8c
47418,51898,35371,0,9236,2026-02-10,2030,NULL,97164,"2026-08-06 15:08:27","Added from Work Order",2ca1e452-08a8-46f6-a9e5-6fd82bfbe2be
48837,51899,37157,0,16222,2026-08-13,NULL,NULL,NULL,"2026-08-17 16:26:22","Initial Setup",c07a90b4-576f-4349-95c7-b1b75b1da0f6
48838,51899,37157,1,16222,2026-08-17,NULL,NULL,99604,"2026-08-17 16:27:41","Added from Work Order",d9004e42-e484-4349-9197-6a497f852130
46936,51907,35894,0,9236,2025-10-08,NULL,NULL,96696,"2026-08-05 14:34:53","Added from Work Order",1f6344b4-8899-465f-bec5-3ff458b463b5
47427,51909,34652,0,9236,2025-03-15,2450,NULL,97187,"2026-08-06 15:14:34","Added from Work Order",5bc63ea6-1ad3-4af5-b66d-b5d8f14ed5dc
47425,51909,34627,0,9236,2023-10-21,1988,NULL,97185,"2026-08-06 15:13:43","Added from Work Order",f6d9803f-7a4c-42ed-aa72-512f4e7c4017
47426,51909,34638,0,9236,2023-10-21,1988,NULL,97185,"2026-08-06 15:13:43","Added from Work Order",d316ec3e-992e-4df9-9a52-4cff92b9aa58
47412,51911,35404,0,9236,2026-03-20,3498,NULL,97160,"2026-08-06 15:04:39","Added from Work Order",57b3de20-84ae-415b-9e64-eb20541ae32e
47411,51911,35369,0,9236,2025-05-05,2439,NULL,97159,"2026-08-06 15:04:11","Added from Work Order",f0f9c021-1c1d-48f5-a6dd-039913dbf83f
47410,51911,35334,0,9236,2025-05-05,2439,NULL,97159,"2026-08-06 15:04:10","Added from Work Order",e6b79d06-9e72-47f5-89fc-006fbbd27f6b
46961,51913,35899,0,9236,2025-09-24,NULL,NULL,96712,"2026-08-05 14:55:58","Added from Work Order",f175ada0-40e2-4d7c-9565-12172738d95b
47395,51916,34707,0,9236,2026-04-21,3335,NULL,97152,"2026-08-06 14:46:57","Added from Work Order",b3b2a934-585e-47b8-b83e-cb5265bba796
47396,51916,34811,0,9236,2026-04-21,3335,NULL,97152,"2026-08-06 14:46:57","Added from Work Order",7b568589-c951-416c-914a-2150c2d16026
47397,51916,34759,0,9236,2023-04-20,2032,NULL,97153,"2026-08-06 14:47:26","Added from Work Order",a1b1a7ee-6d0a-4429-b070-08c537721500
46958,51918,35915,0,9236,2026-01-21,NULL,NULL,96709,"2026-08-05 14:53:45","Added from Work Order",21b9b07c-e7fc-4515-85d1-d325dd7fde86
47131,51920,34414,0,9236,2026-02-23,5215,75432,96896,"2026-08-05 19:30:59","Added from Work Order",9a262a75-9674-415c-8ad9-a71161313960
47130,51920,34408,0,9236,2026-02-23,5215,NULL,96895,"2026-08-05 19:28:41","Added from Work Order",3fd085a7-4265-4b84-8535-7eab2a61845a
47421,51924,34804,0,9236,2026-02-09,2349,NULL,97169,"2026-08-06 15:10:12","Added from Work Order",3b63730c-7db7-4199-bf91-e0479d9e3a73
47420,51924,34752,0,9236,2025-07-16,2120,NULL,97167,"2026-08-06 15:09:49","Added from Work Order",11130f38-807a-4733-9da6-9bf0b2966adb
47419,51924,34700,0,9236,2025-07-16,2120,NULL,97167,"2026-08-06 15:09:48","Added from Work Order",5e6ee02e-f383-4584-aedc-d1aadf1ee17c
47422,51927,34712,0,9236,2025-07-10,3131,NULL,97184,"2026-08-06 15:11:21","Added from Work Order",685096eb-87d1-4a22-8e04-067a7502c36b
47423,51927,34816,0,9236,2025-07-10,3131,NULL,97184,"2026-08-06 15:11:21","Added from Work Order",fe9b203e-6b9f-4244-9c1f-9c111f8fa8f1
47424,51927,34764,0,9236,2023-09-21,2252,NULL,97183,"2026-08-06 15:11:46","Added from Work Order",2358139d-2ed4-4b57-be09-437fb2e30ed9
46938,51928,35896,0,9236,2025-11-04,NULL,NULL,96698,"2026-08-05 14:38:49","Added from Work Order",bae2c09b-6d1c-444e-aeb8-d45bfc4af05d
48443,51930,34416,0,9236,2026-06-24,5125,19344,96903,"2026-08-10 21:17:25","Added from Work Order",7f64efd7-51af-4df3-a6e3-f8f551318066
47139,51930,34416,0,9236,2026-06-24,NULL,19344,96904,"2026-08-05 19:49:52","Added from Work Order",cd7db425-4118-450a-b579-f280d3f46fe3
47138,51930,34410,0,9236,2026-06-24,5125,NULL,96903,"2026-08-05 19:49:17","Added from Work Order",062d75d2-2b8c-46a8-a907-64f47ba73a68
46948,51931,35909,0,9236,2026-01-21,NULL,NULL,96703,"2026-08-05 14:45:02","Added from Work Order",787b015b-2c60-454d-b783-b8ba8fe7f6f7
48441,51933,34415,0,9236,2024-04-02,9581,37103,96897,"2026-08-10 21:16:12","Added from Work Order",57ce9464-99d9-4609-8a27-cddb30db7a24
47133,51933,34415,0,9236,2024-04-02,NULL,37103,96898,"2026-08-05 19:34:55","Added from Work Order",ea23026c-3c41-4eff-bab5-c8a18d922f62
47132,51933,34409,0,9236,2024-04-02,9581,NULL,96897,"2026-08-05 19:34:20","Added from Work Order",f0122664-a915-467d-84e7-cf41bb9cd8cb
47409,51934,34801,0,9236,2026-03-06,4639,NULL,97157,"2026-08-06 15:01:21","Added from Work Order",3a61635c-83b6-4cca-a23e-bd3a4d1ea7e3
47407,51934,34697,0,9236,2025-10-11,4179,NULL,97155,"2026-08-06 15:00:56","Added from Work Order",a9bb86de-5b83-470d-ae45-b58ad0b08b68
47408,51934,34749,0,9236,2025-10-11,4179,NULL,97155,"2026-08-06 15:00:56","Added from Work Order",74d9478a-0967-4fca-a7cc-8cbbd75edf79
47430,51935,34765,0,9236,2026-04-09,8226,NULL,97188,"2026-08-06 15:15:25","Added from Work Order",c0466f56-8692-4a50-955c-470bf0738056
47428,51935,34817,0,9236,2026-04-09,8226,NULL,97188,"2026-08-06 15:15:24","Added from Work Order",b517b175-2a48-46bc-a665-7464d9706a0d
47429,51935,34713,0,9236,2026-04-09,8226,NULL,97188,"2026-08-06 15:15:24","Added from Work Order",ea0d61bb-b692-494e-b423-a814fbbbdc97
47434,51939,34824,0,9236,2026-03-30,5224,NULL,97196,"2026-08-06 15:18:36","Added from Work Order",e0d3bd11-3ce1-4444-9852-f41236eb25e1
47433,51939,34720,0,9236,2026-03-30,5224,NULL,97196,"2026-08-06 15:18:35","Added from Work Order",315565aa-42b2-4845-ab7f-c3afc26857ee
47435,51939,34772,0,9236,2025-07-28,4186,NULL,97195,"2026-08-06 15:18:59","Added from Work Order",5be8e7b7-0501-405c-90a9-c4920876e7ad
47134,51941,36690,0,9236,2026-03-31,9916,198085,96899,"2026-08-05 19:37:42","Added from Work Order",51ba7ad8-d984-44af-8dfe-a66954effe9d
47135,51941,36682,0,9236,2026-03-31,9916,198085,96899,"2026-08-05 19:37:42","Added from Work Order",abf62c83-d0c6-45be-b365-fff1c2eb0520
46955,51942,35912,0,9236,2026-01-21,NULL,NULL,96706,"2026-08-05 14:50:46","Added from Work Order",a487f93e-f9cc-4d9d-836b-50b93218daf0
46947,51945,35910,0,9236,2026-01-21,NULL,NULL,96704,"2026-08-05 14:44:15","Added from Work Order",4380ea2a-f8d4-473d-9903-c04cd1d8d702
47146,51948,34915,0,9236,2026-05-11,6211,NULL,96912,"2026-08-05 20:05:26","Added from Work Order",37a79717-2df6-4ea5-8178-de736ca0a124
47147,51948,34919,0,9236,2026-05-11,6211,NULL,96912,"2026-08-05 20:05:26","Added from Work Order",a64dbdf6-1878-4e92-a33a-4b7713e764f1
47145,51948,34923,0,9236,2026-05-11,6211,NULL,96912,"2026-08-05 20:05:25","Added from Work Order",045e0ec1-2227-4f57-8898-3e5c6a34ea18
47441,51949,35401,0,9236,2026-03-02,3841,NULL,97202,"2026-08-06 15:25:29","Added from Work Order",903c8726-efcf-4958-83e7-d875b34f438d
47439,51949,35331,0,9236,2025-06-21,2974,NULL,97200,"2026-08-06 15:24:41","Added from Work Order",fb83eb37-76da-4e01-98f2-1961131072da
47440,51949,35366,0,9236,2024-07-12,1991,NULL,97201,"2026-08-06 15:25:08","Added from Work Order",5e88ef1e-7d0f-440e-9716-75e96a1b54e6
47448,51950,34721,0,9236,2026-02-08,7484,NULL,97209,"2026-08-06 15:32:02","Added from Work Order",0be2979d-a794-4ecd-be02-62404af968c1
47449,51950,34773,0,9236,2026-02-07,7484,NULL,97210,"2026-08-06 15:32:40","Added from Work Order",b2678a45-1ad1-431a-ad08-80b3dc956fc0
47450,51950,34825,0,9236,2026-02-07,7484,NULL,97210,"2026-08-06 15:32:40","Added from Work Order",30b3e645-966a-43a7-a369-bf44ec6dceec
46944,51951,35907,0,9236,2026-01-21,NULL,NULL,96701,"2026-08-05 14:42:21","Added from Work Order",795e7687-adf5-4a9b-9ac5-1d035899d778
47451,51956,34729,0,9236,2026-07-10,7263,NULL,97212,"2026-08-06 15:34:56","Added from Work Order",329c1e1c-c602-40fa-af76-db5202d496ab
47452,51956,34833,0,9236,2026-07-10,7263,NULL,97212,"2026-08-06 15:34:56","Added from Work Order",d2c5ae4c-aaef-4ec7-9f07-c3407c6bac82
47453,51956,34781,0,9236,2025-12-08,6196,NULL,97213,"2026-08-06 15:35:29","Added from Work Order",fc060c7e-f959-4424-808a-252bb9bbbe72
47144,51960,34922,0,9236,2026-06-15,5885,NULL,96909,"2026-08-05 20:01:22","Added from Work Order",8415cafb-d900-430b-aa3a-f8b516877d50
47142,51960,34914,0,9236,2026-02-26,5342,NULL,96907,"2026-08-05 19:59:43","Added from Work Order",447f01a5-dcba-480f-b5a2-3d0eca4e0061
47143,51960,34918,0,9236,2025-07-27,4257,NULL,96908,"2026-08-05 20:00:56","Added from Work Order",799186a8-2739-4eef-8bc7-cea15ddb3779
46939,51961,35897,0,9236,2026-01-20,NULL,NULL,96699,"2026-08-05 14:39:39","Added from Work Order",a6367bf2-b5a8-4c0b-b122-34143991a77b
47151,51962,36694,0,9236,2026-04-15,NULL,74073,96916,"2026-08-05 20:14:42","Added from Work Order",d6198a10-7acf-4165-b922-26cecb15e68e
47150,51962,36686,0,9236,2024-06-12,NULL,58257,96915,"2026-08-05 20:14:20","Added from Work Order",df19d1bd-4d63-4964-b122-22df58caa945
47136,51963,36691,0,9236,2026-03-26,7274,156394,96901,"2026-08-05 19:43:36","Added from Work Order",c28210bc-7a0c-4a86-bf5d-f2e3caaa78ee
47137,51963,36683,0,9236,2026-03-26,7274,156394,96901,"2026-08-05 19:43:36","Added from Work Order",8fb5b654-5419-4436-96c9-407015ecf7a2
47141,51964,34417,0,9236,2025-05-05,NULL,29353,96906,"2026-08-05 19:52:51","Added from Work Order",c2310b3f-05d0-45e4-a064-90c15563f7f6
47140,51964,34411,0,9236,2025-05-05,2142,NULL,96905,"2026-08-05 19:52:22","Added from Work Order",5f395dc8-541f-4172-8f4b-0aa9b5969fb1
47444,51965,34702,0,9236,2026-06-20,5320,NULL,97208,"2026-08-06 15:29:38","Added from Work Order",0ee45261-1a68-45be-8e47-da60bac07b8b
47445,51965,34806,0,9236,2026-06-20,5320,NULL,97208,"2026-08-06 15:29:38","Added from Work Order",92438463-0eb5-4d89-b2d4-8deb325e7285
47446,51965,34754,0,9236,2025-10-04,4305,NULL,97207,"2026-08-06 15:30:02","Added from Work Order",fae6c508-119a-4544-9806-9511906907a1
47413,51966,35335,0,9236,2025-12-12,2721,NULL,97161,"2026-08-06 15:06:35","Added from Work Order",799c8f31-1ce4-40e0-8eb2-d5c4757f1d7a
47414,51966,35405,0,9236,2025-12-12,2721,NULL,97161,"2026-08-06 15:06:35","Added from Work Order",7388cf24-7bb7-4c46-87a4-0053a87e0558
47415,51966,35370,0,9236,2025-05-12,2199,NULL,97162,"2026-08-06 15:07:19","Added from Work Order",f81c3d93-1435-488c-b360-fd38a423b237
46969,51968,34592,0,9236,2023-07-20,4153,NULL,96725,"2026-08-05 15:46:04","Added from Work Order",e07f2ff5-dc33-4d6b-a6af-5aa605b9916b
46970,51968,34596,0,9236,2023-07-19,4153,NULL,96726,"2026-08-05 15:47:11","Added from Work Order",ed14a7bb-8a19-4cdd-af7d-25244ec9ead8
47149,51971,36693,0,9236,2026-04-14,NULL,87500,96914,"2026-08-05 20:07:18","Added from Work Order",d5aba9d4-52e3-4ac0-8429-5333828950ed
47148,51971,36685,0,9236,2024-06-12,NULL,77052,96913,"2026-08-05 20:06:44","Added from Work Order",9521fe1c-a8be-4506-b221-095818817f7a
46959,51974,35916,0,9236,2026-01-21,NULL,NULL,96710,"2026-08-05 14:54:19","Added from Work Order",3b3beaac-5c6b-464e-93fd-b0a443c7d73c
47436,51975,34832,0,9236,2026-03-04,5380,NULL,97197,"2026-08-06 15:23:43","Added from Work Order",00d3eda5-4e1d-42f3-9026-07df4e46eb38
47437,51975,34728,0,9236,2026-03-04,5380,NULL,97197,"2026-08-06 15:23:43","Added from Work Order",cc852f90-13dd-44ee-a646-51b43d3db9b8
47438,51975,34780,0,9236,2026-03-04,5380,NULL,97197,"2026-08-06 15:23:43","Added from Work Order",ea4a4406-9376-45e7-a549-de660bb1f2f6
46967,51976,34591,0,9236,2019-01-17,9128,NULL,96721,"2026-08-05 15:40:31","Added from Work Order",8844e1b2-a1d5-4c69-b660-2a5259440b4b
46968,51976,34595,0,9236,2018-11-20,9007,NULL,96722,"2026-08-05 15:41:13","Added from Work Order",1f7f4b74-2794-4de2-be23-cb33103cebef
47162,51977,36680,0,9236,2026-07-15,NULL,28306,96925,"2026-08-05 20:30:26","Added from Work Order",a7978a81-8220-4366-8700-73a70210a4c1
47161,51977,36678,0,9236,2026-03-05,NULL,21520,96924,"2026-08-05 20:29:59","Added from Work Order",4379585a-a332-4b37-b3a9-96c67ac9de01
46956,51978,35913,0,9236,2026-01-21,NULL,NULL,96707,"2026-08-05 14:51:27","Added from Work Order",044794e5-9847-40b9-87f8-053a005d9249
46972,51979,34602,0,9236,2021-04-07,6144,NULL,96732,"2026-08-05 15:53:39","Added from Work Order",f851d129-e1a3-468b-9112-a57d210804c8
46971,51979,34599,0,9236,2020-08-05,5675,NULL,96731,"2026-08-05 15:53:03","Added from Work Order",d5b0fdf8-ec54-42f4-8499-fe8631801564
47167,51980,34418,0,9236,2026-03-06,NULL,2648,96930,"2026-08-05 20:36:17","Added from Work Order",2227cbb7-a09f-4dde-ba6e-71c2abf966fd
47166,51980,34412,0,9236,2026-03-06,325,NULL,96929,"2026-08-05 20:35:34","Added from Work Order",38b4d5ea-aca2-4e3a-8c18-ab52cf871d91
47456,51981,35387,0,9236,2026-06-22,1806,NULL,97217,"2026-08-06 15:39:02","Added from Work Order",4d7c3a6b-373c-494d-ac2f-0532588770ed
47455,51981,35317,0,9236,2026-02-25,1260,NULL,97215,"2026-08-06 15:38:27","Added from Work Order",494fd028-233f-4c2c-8a4d-b702edce9ca7
47180,51982,35100,0,9236,2026-05-08,5438,NULL,96939,"2026-08-05 20:53:39","Added from Work Order",8ba602b3-7e89-440b-933b-34ccad4b1283
47181,51982,35073,0,9236,2026-05-08,5438,NULL,96939,"2026-08-05 20:53:39","Added from Work Order",4d21ea03-4c9c-4c85-88fd-64cfa260ac9c
47182,51982,35082,0,9236,2026-05-08,5438,NULL,96939,"2026-08-05 20:53:39","Added from Work Order",30eab9cb-02cc-4c37-9ec4-39b9a5950113
47178,51982,35091,0,9236,2023-01-12,NULL,39986,96937,"2026-08-05 20:49:55","Added from Work Order",3f1a0803-ba5f-4623-8525-bb6bc9612d2c
47165,51983,34925,0,9236,2026-05-30,3848,NULL,96928,"2026-08-05 20:32:53","Added from Work Order",6394be28-fd64-4e0c-a526-7beed7cc1afd
47163,51983,34917,0,9236,2026-02-08,3208,NULL,96926,"2026-08-05 20:31:59","Added from Work Order",989763d5-9b5f-45ca-98e7-8e44b78a0f50
47164,51983,34921,0,9236,2025-05-25,2105,NULL,96927,"2026-08-05 20:32:32","Added from Work Order",50ce569d-02c0-4495-8e3b-f947d36198e5
46989,51984,34597,0,9236,2017-05-18,8775,NULL,96730,"2026-08-05 16:21:26","Added from Work Order",0c79f370-4b7d-4d78-bfd0-005cbe1666f9
46990,51984,34593,0,9236,2017-05-18,8775,NULL,96730,"2026-08-05 16:21:26","Added from Work Order",7690f658-ba54-474c-8519-3b76369f1aeb
47457,51985,35318,0,9236,2026-06-02,3026,NULL,97222,"2026-08-06 15:40:17","Added from Work Order",e1e3dc04-2417-49bc-a456-39736a6f2148
47458,51985,35388,0,9236,2026-06-02,3026,NULL,97222,"2026-08-06 15:40:17","Added from Work Order",9908419d-f891-4d79-ab08-7ee7fa861a3f
47459,51985,35353,0,9236,2025-08-09,2040,NULL,97221,"2026-08-06 15:40:35","Added from Work Order",8b885ab6-75c7-4d18-9713-6f1299a702d0
47485,51988,34827,0,9236,2026-06-20,4207,NULL,97245,"2026-08-06 16:00:22","Added from Work Order",3df37776-c61f-46bd-b66b-68a311c805fb
47486,51988,34723,0,9236,2026-06-20,4207,NULL,97245,"2026-08-06 16:00:22","Added from Work Order",cb520dba-696a-465d-a328-edb0fb518dcb
47487,51988,34775,0,9236,2026-06-20,4207,NULL,97245,"2026-08-06 16:00:22","Added from Work Order",95f16f2a-5b02-4a00-832a-ecac2bb38636
47443,51989,34802,0,9236,2025-06-24,1675,NULL,97205,"2026-08-06 15:27:09","Added from Work Order",5e72477d-ecbe-4a9e-8d3d-1a1f4d80ce32
47442,51989,34698,0,9236,2023-10-23,1220,NULL,97203,"2026-08-06 15:26:41","Added from Work Order",4b70a5ba-7665-4dba-a524-912bad53b9d9
47160,51992,36681,0,9236,2026-07-09,NULL,67893,96923,"2026-08-05 20:27:43","Added from Work Order",b17708fb-77e8-4ad4-af80-bba07dbbc811
47159,51992,36679,0,9236,2025-09-20,NULL,51378,96922,"2026-08-05 20:27:14","Added from Work Order",cc09f62d-e1d6-4f53-8ad9-106f10d3c648
47478,51995,34796,0,9236,2026-03-12,1466,NULL,97241,"2026-08-06 15:56:49","Added from Work Order",e838c2e3-10b3-4ebe-82e2-59966a6613b0
47477,51995,34692,0,9236,2025-11-03,922,NULL,97239,"2026-08-06 15:56:10","Added from Work Order",b0ce4b69-1d8a-4684-be71-6b4fdb881095
47183,51999,35112,0,9236,2026-07-24,NULL,66000,96943,"2026-08-05 20:59:59","Added from Work Order",ba04596e-d678-45d0-8612-09e1eb5d8afc
47191,51999,35094,0,9236,2026-03-28,NULL,61425,98289,"2026-08-05 21:06:47","Added from Work Order",f6bce178-2ad4-4c09-b84e-8c2e10b508a9
47188,51999,35085,0,9236,2026-03-28,7649,NULL,96944,"2026-08-05 21:04:39","Added from Work Order",e0bdf6f1-8761-4b85-b69c-99ecbf4c8bd3
47189,51999,35103,0,9236,2026-03-28,7649,NULL,96944,"2026-08-05 21:04:39","Added from Work Order",7152f566-a6c4-43e1-adf1-6914404cfd82
47187,51999,35076,0,9236,2026-03-28,7649,NULL,96944,"2026-08-05 21:04:38","Added from Work Order",3552b744-4bfa-4997-9bea-ef7c57fbf1bd
47155,52001,34924,0,9236,2026-07-08,5210,NULL,96921,"2026-08-05 20:21:57","Added from Work Order",4aed839a-5f0b-4268-860f-a1762ea9685f
47157,52001,34916,0,9236,2026-03-13,4588,NULL,96920,"2026-08-05 20:25:19","Added from Work Order",6f173b8a-519c-4ba3-a484-521514fc4767
47158,52001,34920,0,9236,2026-03-13,4588,NULL,96920,"2026-08-05 20:25:19","Added from Work Order",e26a45f0-7b04-4f2d-811f-2e13233b0a18
47481,52003,34722,0,9236,2026-04-11,3370,NULL,97242,"2026-08-06 15:58:17","Added from Work Order",0b516e24-7bec-4ae1-a04f-9684aa223cd6
47482,52003,34826,0,9236,2026-04-11,3370,NULL,97242,"2026-08-06 15:58:17","Added from Work Order",9f4efd2b-605d-4786-ac93-243279558be2
47484,52003,34774,0,9236,2025-07-10,2179,NULL,97243,"2026-08-06 15:58:36","Added from Work Order",5bac90b7-c69d-4e43-8ff1-9d5f97715234
47462,52005,35389,0,9236,2026-06-06,3759,NULL,97225,"2026-08-06 15:42:29","Added from Work Order",cc7d243a-8d6d-42e6-b80a-6ec84c31ff25
47460,52005,35319,0,9236,2026-01-17,3243,NULL,97223,"2026-08-06 15:41:36","Added from Work Order",1e42870f-70c5-4506-9b52-c30553bc7a84
47461,52005,35354,0,9236,2025-05-10,2093,NULL,97224,"2026-08-06 15:42:05","Added from Work Order",706be763-c7ef-492f-87c5-4c6a536efeb7
47464,52006,35390,0,9236,2025-08-19,1517,NULL,97228,"2026-08-06 15:46:49","Added from Work Order",fb2cd0f9-b547-4704-9953-b3441e86dd7f
47463,52006,35320,0,9236,2025-01-08,1025,NULL,97226,"2026-08-06 15:46:19","Added from Work Order",c853279d-7292-4d1e-9d7a-6afe9199e5c8
46957,52009,35914,0,9236,2026-01-21,NULL,NULL,96708,"2026-08-05 14:52:14","Added from Work Order",45e24890-8295-4bc3-96c7-77326ecaacc0
48173,52011,35070,0,9236,2022-10-06,1,NULL,96733,"2026-08-07 19:38:43","Added from Work Order",33d895b6-22d0-4dd1-a717-503fbfc5aedb
48174,52011,35072,0,9236,2022-10-06,1,NULL,96733,"2026-08-07 19:38:43","Added from Work Order",b1e15954-bebe-4e1e-b769-a7f028441aad
47211,52012,35107,0,9236,2026-05-19,4480,NULL,96971,"2026-08-05 21:32:41","Added from Work Order",6773b002-3518-42f3-85a0-ccba450911e5
47212,52012,35080,0,9236,2026-05-19,4480,NULL,96971,"2026-08-05 21:32:41","Added from Work Order",9e606706-96c0-4de1-b3c9-c36bb4d6e09d
47213,52012,35089,0,9236,2026-05-19,4480,NULL,96971,"2026-08-05 21:32:41","Added from Work Order",ba41619f-0a9c-4a26-bab0-707c771ccf3e
47209,52012,35116,0,9236,2026-05-19,NULL,58885,96970,"2026-08-05 21:31:20","Added from Work Order",72700776-a100-4235-b099-de20b3d2f58e
47210,52012,35098,0,9236,2026-05-19,NULL,58885,96970,"2026-08-05 21:31:20","Added from Work Order",d3f356ea-ba71-41b3-b323-2dccfa8477ef
47204,52013,35110,0,9236,2024-08-31,NULL,9788,96961,"2026-08-05 21:24:52","Added from Work Order",33d8969b-d81d-4e86-bebc-f1d86e70829d
47196,52014,35095,0,9236,2026-08-01,NULL,42022,96948,"2026-08-05 21:13:34","Added from Work Order",8b384a84-0470-4bd0-8bd3-beb653bdd2c8
47197,52014,35113,0,9236,2026-08-01,NULL,42022,96948,"2026-08-05 21:13:34","Added from Work Order",a058fde6-6926-4a69-bb7d-f302f3d9d364
48803,52015,34612,0,16382,2026-08-17,12405,NULL,99549,"2026-08-17 13:38:05","Added from Work Order",a8c543b2-b582-4d14-9eee-71bb4085d76a
46987,52015,34612,0,9236,2026-04-14,11711,NULL,96727,"2026-08-05 16:19:54","Added from Work Order",15ae64f1-9fa3-4f36-8643-9c1413c182b6
46988,52015,34611,0,9236,2026-04-14,11711,NULL,96727,"2026-08-05 16:19:54","Added from Work Order",2ed978fa-e0fb-4569-9315-91be09ad468b
47491,52017,34709,0,9236,2026-06-11,3079,NULL,97251,"2026-08-06 16:02:59","Added from Work Order",4c8b2bdb-a3e5-41e7-8610-70c23dae1f87
47492,52017,34813,0,9236,2026-06-11,3079,NULL,97251,"2026-08-06 16:02:59","Added from Work Order",6fd683c9-19de-419d-aa6d-0b0b8bafe953
47493,52017,34761,0,9236,2025-08-23,2025,NULL,97252,"2026-08-06 16:03:33","Added from Work Order",f0fc80d8-b4f0-4a55-afc6-afd8b9c49366
47207,52019,35088,0,9236,2026-04-03,4238,NULL,96967,"2026-08-05 21:28:59","Added from Work Order",78bdde3a-ea99-429d-ac96-9a203d2b0319
47208,52019,35106,0,9236,2026-04-03,4238,NULL,96967,"2026-08-05 21:28:59","Added from Work Order",9109741d-85b2-48cb-b33a-22ef31235bd7
47206,52019,35079,0,9236,2026-04-03,4238,NULL,96967,"2026-08-05 21:28:21","Added from Work Order",3dc68d93-4bb5-4f5a-b168-fe5ec4ed55ae
47205,52019,35115,0,9236,2026-04-03,NULL,27237,96966,"2026-08-05 21:27:36","Added from Work Order",a2c2cd95-b515-4864-8dbf-6efbde9f5491
47475,52020,34783,0,9236,2026-06-01,2305,NULL,97238,"2026-08-06 15:54:55","Added from Work Order",ad659a85-7cef-403a-bead-e1df73da04d0
47476,52020,34835,0,9236,2026-06-01,2305,NULL,97238,"2026-08-06 15:54:55","Added from Work Order",d70a9b2b-9c2a-4b5f-a4cf-43d636aab8e9
47472,52020,34783,0,9236,2026-06-01,2305,NULL,97237,"2026-08-06 15:52:07","Added from Work Order",05f05d71-0ca1-4e8b-af59-4d090962c71d
47473,52020,34731,0,9236,2026-06-01,2305,NULL,97237,"2026-08-06 15:52:07","Added from Work Order",e11f97e2-8159-405c-bc8f-6a774506735b
47474,52020,34731,0,9236,2025-03-25,1475,NULL,97236,"2026-08-06 15:54:48","Added from Work Order",9c4b8de0-27c2-41c9-aa8e-d4d1a0fe46b0
48462,52025,34836,0,16222,2026-08-10,4570,NULL,98567,"2026-08-11 13:15:05","Added from Work Order",83f1e1b8-3189-4387-9505-fc1d37d3469d
48463,52025,34733,0,16222,2026-08-10,4570,NULL,98567,"2026-08-11 13:15:05","Added from Work Order",a4e65c98-4945-47ec-8e12-f3fc70fe07cf
48464,52025,34784,0,16222,2026-08-10,4570,NULL,98567,"2026-08-11 13:15:05","Added from Work Order",0dfa33f4-04b7-49b5-821d-cc3e6dba252f
47495,52025,34733,0,9236,2025-12-03,4055,NULL,97256,"2026-08-06 16:04:58","Added from Work Order",3b90b16b-00b9-4a05-81d9-dd364bbd2e11
47496,52025,34836,0,9236,2025-12-03,4055,NULL,97256,"2026-08-06 16:04:58","Added from Work Order",89089070-c98b-4612-bad5-5f1ba1c6fa1e
47497,52025,34784,0,9236,2024-05-20,2600,NULL,97255,"2026-08-06 16:05:25","Added from Work Order",a7d8e7a5-79aa-42f5-b970-81fe04852f79
46974,52026,34603,0,9236,2025-12-11,8498,NULL,96736,"2026-08-05 15:58:36","Added from Work Order",3dd11a94-7ed8-442b-a89f-6fd347206a1a
46973,52026,34600,0,9236,2025-06-20,7982,NULL,96735,"2026-08-05 15:57:44","Added from Work Order",46647651-2ef7-4a14-9155-3713b46a3f82
48172,52027,35067,0,9236,2010-01-01,1,NULL,96737,"2026-08-07 19:34:35","Added from Work Order",8aafc8bd-bfcd-44e2-b32a-4ef03c3666f4
48171,52027,35069,0,9236,2010-01-01,1,NULL,96737,"2026-08-07 19:34:34","Added from Work Order",9cc86c29-3769-4c25-a771-b387956c699f
47200,52028,35105,0,9236,2026-05-30,3347,NULL,96957,"2026-08-05 21:20:09","Added from Work Order",09392453-9629-476c-b618-b1f88424296b
47201,52028,35078,0,9236,2026-05-30,3347,NULL,96957,"2026-08-05 21:20:09","Added from Work Order",c143f1b4-6e53-4d27-83b8-26b9c489d938
47202,52028,35087,0,9236,2026-05-30,3347,NULL,96957,"2026-08-05 21:20:09","Added from Work Order",ba107ede-249b-4d08-a41b-cca246fedc4b
47199,52028,35114,0,9236,2026-05-30,NULL,26146,96956,"2026-08-05 21:18:42","Added from Work Order",8e317e01-88c4-4325-bfb5-ae6f2c608bea
47198,52028,35096,0,9236,2025-11-22,NULL,20320,96955,"2026-08-05 21:16:58","Added from Work Order",fb227e73-06d9-43fc-b92c-3ec66a03fad8
48524,52030,37101,0,16222,2026-05-29,5240,NULL,98939,"2026-08-11 19:04:19","Added from Work Order",1c373c61-55a4-4d74-b53c-9fd2a8ec63dc
48516,52030,34730,0,16222,2026-05-29,5240,NULL,97232,"2026-08-11 18:59:08","Added from Work Order",c3887a50-a012-4a5c-9b52-a608c3bd20c9
48517,52030,34834,0,16222,2026-05-29,5240,NULL,97232,"2026-08-11 18:59:08","Added from Work Order",8c2d41c2-c1e0-4644-83e0-91495078a3c5
47468,52030,34782,0,9236,2025-10-25,4220,NULL,97233,"2026-08-06 15:50:09","Added from Work Order",7c5e5719-0e39-4d85-96d8-7e0373092e6b
47511,52031,34807,0,9236,2026-04-23,2619,NULL,97268,"2026-08-06 16:21:07","Added from Work Order",51f885b5-9d7f-437b-85ce-69b4a7b83845
47509,52031,34703,0,9236,2026-01-09,2083,NULL,97266,"2026-08-06 16:20:43","Added from Work Order",ffe95fdf-dfd5-4985-af64-46b602346aa0
47510,52031,34755,0,9236,2026-01-09,2083,NULL,97266,"2026-08-06 16:20:43","Added from Work Order",c21df375-edb6-418f-961d-c633fd07d8fa
47153,52034,36695,0,9236,2026-01-26,5758,132907,96918,"2026-08-05 20:17:48","Added from Work Order",ee3c4d6c-d50f-4612-9e5a-6ce505a9418a
47152,52034,36687,0,9236,2024-09-07,NULL,122293,96917,"2026-08-05 20:16:57","Added from Work Order",d4b7d559-b222-4e9f-96f4-79ab8e2e909a
47506,52036,35391,0,9236,2026-05-19,2120,NULL,97263,"2026-08-06 16:18:31","Added from Work Order",626ba8f1-a982-4bca-b6d5-7e7dd3528d18
47507,52036,35321,0,9236,2026-05-19,2120,NULL,97263,"2026-08-06 16:18:31","Added from Work Order",970d2820-aa07-4d68-928b-a488af1419a2
47508,52036,35356,0,9236,2026-05-19,2120,NULL,97263,"2026-08-06 16:18:31","Added from Work Order",b4778387-3312-4592-83aa-161fc600faea
47505,52037,34837,0,9236,2026-02-12,1466,NULL,97262,"2026-08-06 16:17:52","Added from Work Order",96f96fd0-173c-45c5-a112-386f40e03849
47504,52037,34732,0,9236,2025-05-15,1048,NULL,97260,"2026-08-06 16:17:20","Added from Work Order",fe957055-136e-4834-b1d7-fa25caddcaa4
47516,52038,34647,0,9236,2026-06-06,1574,NULL,97274,"2026-08-06 16:24:33","Added from Work Order",4e482450-1190-4388-8a32-f3109fc14f77
47515,52038,34630,0,9236,2025-11-15,1076,NULL,97272,"2026-08-06 16:24:02","Added from Work Order",60e20501-4e24-4234-8f77-39d3b813680b
47467,52041,34847,0,9236,2025-11-20,1431,NULL,97231,"2026-08-06 15:48:25","Added from Work Order",82cb1129-7587-4b4a-bf5b-a29be40c31f3
47466,52041,34743,0,9236,2024-03-01,947,NULL,97229,"2026-08-06 15:47:52","Added from Work Order",90333ed3-177d-4cae-8a80-a21b82aa3e46
48284,52045,34605,0,9236,2025-05-29,6850,NULL,96741,"2026-08-10 15:19:05","Added from Work Order",00b4c259-18da-4db2-bbf6-19bf3907256f
48285,52045,34608,0,9236,2025-05-29,6850,NULL,96741,"2026-08-10 15:19:05","Added from Work Order",100d4efb-73a5-44fb-a7cc-e114fbdc2300
46976,52048,34620,0,9236,2025-03-01,14162,NULL,96740,"2026-08-05 16:01:21","Added from Work Order",66937bae-8118-450b-9d68-9b6ba1081aca
46975,52048,34618,0,9236,2022-10-28,3945,NULL,96739,"2026-08-05 16:00:43","Added from Work Order",2b92004d-07bc-4dd6-a0f3-b7da27f9728c
47503,52050,34628,0,9236,2025-12-02,1023,NULL,97259,"2026-08-06 16:15:56","Added from Work Order",3f66e339-816b-40ca-ac94-98831bc5cbc1
47502,52050,34651,0,9236,2025-12-02,1023,NULL,97259,"2026-08-06 16:15:55","Added from Work Order",faa643ba-e523-4975-b186-491d20204b90
47530,52051,34803,0,9236,2026-02-27,1616,NULL,97289,"2026-08-06 16:33:24","Added from Work Order",4feb9f3e-d556-4995-b1e2-8c3d53f27fd5
47529,52051,34699,0,9236,2025-09-20,1017,NULL,97287,"2026-08-06 16:32:55","Added from Work Order",1254c0a8-5d08-4854-99b0-9b00a9707347
47531,52052,35407,0,9236,2026-05-07,2026,NULL,97290,"2026-08-06 16:34:42","Added from Work Order",2b17efb7-7657-4089-a4a9-34ad3a6595fc
47532,52052,35337,0,9236,2026-05-07,2026,NULL,97290,"2026-08-06 16:34:42","Added from Work Order",fc59f7a9-2425-4a76-9e2c-25484e7437e2
47533,52052,35372,0,9236,2026-05-07,2026,NULL,97290,"2026-08-06 16:34:42","Added from Work Order",ec8965e2-4de2-4e84-a54b-93ba87e902cf
47512,52053,34838,0,9236,2026-07-23,4455,NULL,97269,"2026-08-06 16:22:31","Added from Work Order",9107bba9-0425-49e4-aba4-14998fe0c651
47513,52053,34734,0,9236,2026-07-23,4455,NULL,97269,"2026-08-06 16:22:31","Added from Work Order",0adc4f46-5518-4ba0-8516-7d1e5d9d4121
47514,52053,34786,0,9236,2026-07-23,4455,NULL,97269,"2026-08-06 16:22:31","Added from Work Order",b85cddb5-543d-4cc9-ae95-df728feac48d
47219,52054,35108,0,9236,2026-03-20,1170,NULL,96988,"2026-08-05 21:41:30","Added from Work Order",a8df46e9-d549-499b-8de8-2a81af10dfba
47218,52054,35081,0,9236,2026-03-20,1170,NULL,96988,"2026-08-05 21:41:29","Added from Work Order",62f7f3fa-8d03-42d1-96a7-85ad8e94ecb1
47221,52054,35108,0,9236,2010-01-01,1170,NULL,96985,"2026-08-05 21:43:22","Added from Work Order",185ebfff-3324-46f6-b54b-1d824fb1198d
47220,52054,35090,0,9236,2010-01-01,1170,NULL,96984,"2026-08-05 21:42:13","Added from Work Order",e469c31d-8f0b-458a-bfc4-1694498af67f
46981,52055,34463,0,9236,2025-01-06,9999,NULL,96751,"2026-08-05 16:08:39","Added from Work Order",7a7f4a0a-074f-4d98-b1f4-490ae593e89b
48817,52057,35973,0,16222,2026-08-17,NULL,160351,99570,"2026-08-17 15:20:29","Added from Work Order",2607aa11-7ddc-428f-ac64-f78ad0b6b2c0
47222,52057,35973,0,9236,2026-04-23,NULL,154516,96989,"2026-08-05 21:45:25","Added from Work Order",0f809f8c-dd77-45fa-a540-016521ef5892
48381,52059,34609,0,9236,2017-05-18,2473,NULL,96744,"2026-08-10 17:08:16","Added from Work Order",7117e94f-6d2b-4cd3-9166-8abfcb91ec6e
48379,52059,34606,0,9236,2017-05-10,2473,NULL,96743,"2026-08-10 17:07:32","Added from Work Order",1585b1d8-f8a8-478c-8e04-762dedfdbbef
47538,52063,34839,0,9236,2026-06-10,1558,NULL,97298,"2026-08-06 16:37:35","Added from Work Order",329b8512-9c84-463f-9ffb-88c12e432ee1
47537,52063,34735,0,9236,2025-07-01,1035,NULL,97296,"2026-08-06 16:37:10","Added from Work Order",2ea85b97-9860-4b1b-852f-7380fe88bd0d
47520,52065,34715,0,9236,2026-04-28,4510,NULL,97278,"2026-08-06 16:27:21","Added from Work Order",d63128a7-35b9-4fe8-a7a3-a55005527eaf
47521,52065,34767,0,9236,2026-04-28,4510,NULL,97278,"2026-08-06 16:27:21","Added from Work Order",f1f4379b-849a-461f-9120-ca8af4948d7a
47522,52065,34819,0,9236,2026-04-28,4510,NULL,97278,"2026-08-06 16:27:21","Added from Work Order",89ed5e8a-b4e4-4c60-8420-4e77edf8c16b
48960,52066,35424,0,16222,2026-07-08,NULL,16765,96995,"2026-08-18 14:54:07","Added from Work Order",f9f82e74-7d5a-4a40-850d-0b38c56f7ce9
47225,52066,35421,0,9236,2025-06-28,801,NULL,96992,"2026-08-05 21:51:58","Added from Work Order",bde770e2-226e-4e7c-a9ac-5021821a699e
47226,52066,35423,0,9236,2025-06-28,801,NULL,96992,"2026-08-05 21:51:58","Added from Work Order",e828aa77-9ef7-4ed1-803c-9fdbaa8e5311
47227,52066,36774,0,9236,2024-09-12,47,NULL,96994,"2026-08-05 21:53:51","Added from Work Order",2757d8bf-b04e-4650-8a9d-701aaf1ab29d
47534,52068,35392,0,9236,2026-05-18,2034,NULL,97293,"2026-08-06 16:36:13","Added from Work Order",febf7541-77bc-44a3-9b80-b5ba163b0bd7
47535,52068,35322,0,9236,2026-05-18,2034,NULL,97293,"2026-08-06 16:36:13","Added from Work Order",84e0af8c-f875-4e66-81d1-10349e2df323
47536,52068,35357,0,9236,2026-05-18,2034,NULL,97293,"2026-08-06 16:36:13","Added from Work Order",eb316c46-22c7-46e6-97a1-3f1b7d01d0bc
47551,52070,34840,0,9236,2026-05-04,2695,NULL,97310,"2026-08-06 16:46:51","Added from Work Order",0fbfbbcc-5cd0-4aa6-9d95-6076a44e2b32
47549,52070,34736,0,9236,2026-01-02,2181,NULL,97308,"2026-08-06 16:46:20","Added from Work Order",f9e74741-84cb-49df-8a90-63f737c9b34f
47550,52070,34788,0,9236,2026-01-02,2181,NULL,97308,"2026-08-06 16:46:20","Added from Work Order",df910636-5d9a-42dc-a5de-0a6c567c3553
46991,52075,34598,0,9236,2020-07-28,4112,NULL,96748,"2026-08-05 16:23:49","Added from Work Order",792892b2-a2a0-44a5-8b4c-882d0f1b6b00
46992,52075,34594,0,9236,2020-07-28,4112,NULL,96748,"2026-08-05 16:23:49","Added from Work Order",9ae1e0ab-888f-4dc5-88c2-4f361befd1db
46980,52076,34462,0,9236,2026-07-16,4385,NULL,96750,"2026-08-05 16:07:55","Added from Work Order",59941f10-5a6d-4c4f-8972-5c1804fa87fc
47223,52077,35972,0,9236,2026-07-08,NULL,138707,96990,"2026-08-05 21:48:43","Added from Work Order",1dec6a84-7054-43d8-a806-68af4c9e25a7
47544,52078,35394,0,9236,2026-06-27,1957,NULL,97304,"2026-08-06 16:41:37","Added from Work Order",dd1cc9a6-c402-4e45-8514-fd17cc92eb09
47543,52078,35324,0,9236,2025-09-25,994,NULL,97302,"2026-08-06 16:41:16","Added from Work Order",be37a1e9-a268-4fff-b607-f11460a3b503
47241,52079,35970,0,9236,2026-05-19,NULL,49129,96997,"2026-08-06 13:02:51","Added from Work Order",c8ff4b8b-03f3-4331-a77e-43f5b0758aee
46993,52081,34621,0,9236,2026-04-19,3780,NULL,96756,"2026-08-05 16:25:29","Added from Work Order",61506140-fded-4dde-821b-532a23e90722
46994,52081,34619,0,9236,2026-04-19,3780,NULL,96756,"2026-08-05 16:25:29","Added from Work Order",d680a3b0-2e51-498b-8788-6a4c394b753c
47525,52082,34814,0,9236,2026-07-02,2528,NULL,97283,"2026-08-06 16:29:20","Added from Work Order",78b6dfd1-409b-452f-a0b4-702f24bd31c3
47523,52082,34710,0,9236,2026-02-28,2043,NULL,97281,"2026-08-06 16:28:58","Added from Work Order",4e20b82b-ec80-4374-a237-23dc74ed5537
47524,52082,34762,0,9236,2026-02-28,2043,NULL,97281,"2026-08-06 16:28:58","Added from Work Order",b1258f0a-34f9-4acf-9386-7cfed5a8b293
47224,52083,35989,0,9236,2025-09-14,NULL,153134,96991,"2026-08-05 21:50:49","Added from Work Order",1dc36a4b-fd9f-4be0-9321-a7b6ffffe387
47488,52085,34812,0,9236,2026-08-01,4346,NULL,97248,"2026-08-06 16:01:51","Added from Work Order",d7ac076a-a10e-4a83-8dd4-c89724041269
47489,52085,34708,0,9236,2026-08-01,4346,NULL,97248,"2026-08-06 16:01:51","Added from Work Order",0e75e1d3-45e1-45cc-bd57-7b4dd489b401
47490,52085,34760,0,9236,2026-08-01,4346,NULL,97248,"2026-08-06 16:01:51","Added from Work Order",c804a4c9-fbab-49ca-a793-5bb98869ec9b
48802,52089,34623,0,16382,2026-08-17,13832,NULL,99547,"2026-08-17 13:36:45","Added from Work Order",0c5e8e5b-9adc-4dac-941e-eb12193239d3
46986,52089,34623,0,9236,2026-06-30,13623,NULL,96758,"2026-08-05 16:15:41","Added from Work Order",804a6df3-cdad-4753-ac7d-a2e8e3665339
46985,52089,34622,0,9236,2026-04-14,13031,NULL,96757,"2026-08-05 16:14:50","Added from Work Order",00f76ee9-49d0-4127-9a93-e4b8011aa888
47517,52090,34818,0,9236,2026-04-27,4368,NULL,97275,"2026-08-06 16:25:55","Added from Work Order",495d5ce1-4cd0-45cc-9a41-5c85795e17b1
47518,52090,34714,0,9236,2026-04-27,4368,NULL,97275,"2026-08-06 16:25:55","Added from Work Order",29e5694d-e42e-4240-bb9f-87c7b6bf5a17
47519,52090,34766,0,9236,2026-04-27,4368,NULL,97275,"2026-08-06 16:25:55","Added from Work Order",d68d95f9-12fa-4f70-8186-3e48a9c11f20
46998,52092,35240,0,9236,2026-03-04,16072,NULL,96764,"2026-08-05 16:31:29","Added from Work Order",2b92ff04-055c-4116-b3b5-58a9cc237493
48383,52092,35240,0,9236,2025-12-05,15585,NULL,96763,"2026-08-10 17:09:18","Added from Work Order",c24d058e-2c34-4acb-9268-5cfec946b29c
47398,52092,35226,0,9236,2025-12-05,15585,NULL,96763,"2026-08-06 14:52:21","Added from Work Order",89086de7-9b10-452c-ac5a-a4ce76e4f5d9
47399,52092,35233,0,9236,2025-12-05,15585,NULL,96763,"2026-08-06 14:52:21","Added from Work Order",e3d712d7-25ef-477e-a890-6ec70dc19709
47021,52097,34892,0,9236,2025-12-29,8149,NULL,96788,"2026-08-05 17:01:09","Added from Work Order",9464c846-1102-4483-9bf2-6268b31ab2e4
47022,52097,34886,0,9236,2025-12-29,8149,NULL,96788,"2026-08-05 17:01:09","Added from Work Order",70023a0d-2ce3-4032-8a5b-0c44f783be15
47023,52097,34887,0,9236,2025-12-29,8149,NULL,96788,"2026-08-05 17:01:09","Added from Work Order",64286137-4959-451f-9f3e-bb864540c36b
47560,52098,35396,0,9236,2026-07-02,2067,NULL,97321,"2026-08-06 17:06:05","Added from Work Order",617c5650-25e4-4a04-b09c-75474a8e4cf7
47561,52098,35326,0,9236,2026-07-02,2067,NULL,97321,"2026-08-06 17:06:05","Added from Work Order",ef6e77ff-5a50-4cd5-b12e-d1e126ce5f55
47562,52098,35361,0,9236,2026-07-02,2067,NULL,97321,"2026-08-06 17:06:05","Added from Work Order",3ad5c62b-ed33-4b76-aa55-4553f60e2b91
47540,52099,35358,0,9236,2026-06-16,2840,NULL,97301,"2026-08-06 16:39:49","Added from Work Order",278ac168-bbe8-4523-be4e-a1d476eaf781
47541,52099,35393,0,9236,2026-06-16,2840,NULL,97301,"2026-08-06 16:39:49","Added from Work Order",66f44a34-4913-4dcb-b3bd-ccd200ffa7a5
47539,52099,35323,0,9236,2025-12-19,1910,NULL,97299,"2026-08-06 16:39:19","Added from Work Order",d534efc3-b2e0-4dee-a377-e288c8f0d27e
46982,52100,34464,0,9236,2024-04-08,19003,NULL,96752,"2026-08-05 16:09:37","Added from Work Order",a8e9964f-489c-4fc6-b258-98a3e303be86
47242,52101,35971,0,9236,2026-02-25,NULL,11008,96998,"2026-08-06 13:03:45","Added from Work Order",6cfb313e-b9ad-427b-89e9-bf2ceee66092
47552,52102,34828,0,9236,2026-07-23,2299,NULL,97311,"2026-08-06 16:47:52","Added from Work Order",8eabe930-a279-4040-8a1b-97b9e77531fe
47553,52102,34724,0,9236,2026-07-23,2299,NULL,97311,"2026-08-06 16:47:52","Added from Work Order",59935b4b-a045-4817-b15d-531d7d268eb8
47554,52102,34776,0,9236,2026-07-23,2299,NULL,97311,"2026-08-06 16:47:52","Added from Work Order",77be9789-eb00-464c-affe-f38246930f89
47000,52104,35241,0,9236,2025-08-13,12497,NULL,96767,"2026-08-05 16:40:46","Added from Work Order",bb8a2573-774d-4e4a-85d5-f8323f83aea6
47001,52104,35227,0,9236,2025-08-13,12497,NULL,96767,"2026-08-05 16:40:46","Added from Work Order",34ff33b2-1188-419b-aa50-ad5d8141f109
47002,52104,35234,0,9236,2025-08-13,12497,NULL,96767,"2026-08-05 16:40:46","Added from Work Order",ec0a868f-f686-483d-8f4f-888489c035b9
48424,52107,35402,0,16222,2026-08-06,3761,NULL,98763,"2026-08-10 19:23:03","Added from Work Order",af81fa99-55de-4a8f-855a-18ff5cecd325
47546,52107,35332,0,9236,2026-03-19,3204,NULL,97307,"2026-08-06 16:44:02","Added from Work Order",94fc82f4-5853-4055-9c78-cbe3b9a0ae81
47547,52107,35402,0,9236,2026-03-19,3204,NULL,97307,"2026-08-06 16:44:02","Added from Work Order",130babdf-636f-438f-9831-97c4dc7db819
47548,52107,35367,0,9236,2025-08-11,2042,NULL,97306,"2026-08-06 16:44:49","Added from Work Order",743aff31-0f4e-4fe2-b392-b610818d730a
47003,52108,35242,0,9236,2026-03-11,16793,NULL,96770,"2026-08-05 16:42:59","Added from Work Order",bf2c8bc7-4f19-4d70-84d6-639177c30b61
47004,52108,35228,0,9236,2025-10-20,16289,NULL,96768,"2026-08-05 16:43:45","Added from Work Order",05c395e0-c484-4099-a104-a6e78537c1f8
47005,52108,35235,0,9236,2025-10-20,16289,NULL,96768,"2026-08-05 16:43:45","Added from Work Order",d2a52b51-5690-463b-8ce7-2250a2f977b2
47572,52111,34716,0,9236,2026-04-01,3903,NULL,97336,"2026-08-06 17:12:52","Added from Work Order",d205d5b5-83f1-4a17-803e-574a8f65efcc
47573,52111,34820,0,9236,2026-04-01,3903,NULL,97336,"2026-08-06 17:12:52","Added from Work Order",76887774-4a1f-4ba4-a367-28d927df2af0
47574,52111,34768,0,9236,2025-08-09,2838,NULL,97337,"2026-08-06 17:13:23","Added from Work Order",25f482b8-1885-4255-939a-a67d991abd2c
47559,52112,35395,0,9236,2026-06-12,1646,NULL,97320,"2026-08-06 16:52:41","Added from Work Order",3525e210-eac2-4875-a78c-dde528734b3a
47558,52112,35325,0,9236,2026-01-30,1128,NULL,97318,"2026-08-06 16:52:11","Added from Work Order",5f066dc9-bebf-4ddf-987c-9bd1198bf37b
47015,52113,34879,0,9236,2025-12-20,7515,NULL,96780,"2026-08-05 16:55:09","Added from Work Order",fc88f246-6499-46fc-b596-4cbe8dd947cf
47016,52113,34871,0,9236,2025-12-20,7515,NULL,96780,"2026-08-05 16:55:09","Added from Work Order",04b6432e-4855-41e5-89a6-2a20a8008056
47017,52113,34875,0,9236,2021-04-10,5977,NULL,96781,"2026-08-05 16:55:34","Added from Work Order",a9e38b9e-9fde-4dda-a452-a8a6aacc4161
46984,52115,34610,0,9236,2023-07-10,9130,NULL,96754,"2026-08-05 16:11:45","Added from Work Order",fecc3367-030c-489e-8877-5453886c575d
46983,52115,34607,0,9236,2023-03-24,8730,NULL,96753,"2026-08-05 16:11:14","Added from Work Order",4d954f76-829c-4ff5-b95b-500975faf031
47557,52116,34841,0,9236,2026-05-12,2605,NULL,97316,"2026-08-06 16:49:37","Added from Work Order",e242290d-3de4-4076-ab4b-28866f19e572
47555,52116,34737,0,9236,2026-01-19,2057,NULL,97314,"2026-08-06 16:49:13","Added from Work Order",65ac21bb-0bcd-447f-af12-a24061bf0590
47556,52116,34789,0,9236,2026-01-19,2057,NULL,97314,"2026-08-06 16:49:13","Added from Work Order",dcb70fff-d854-4f4b-841b-3046af4488fd
47570,52117,34688,0,9236,2026-05-16,2685,NULL,97332,"2026-08-06 17:10:36","Added from Work Order",ec8230d6-6963-4997-938e-cd0cd12d0407
47568,52117,34658,0,9236,2026-02-14,2119,NULL,97330,"2026-08-06 17:10:12","Added from Work Order",8b7c74b2-7055-4eaf-b043-829a55e97e82
47569,52117,34669,0,9236,2026-02-14,2119,NULL,97330,"2026-08-06 17:10:12","Added from Work Order",1043d38d-ab49-49be-a9ed-0b99820136cc
47581,52119,34797,0,9236,2026-03-12,1466,NULL,97347,"2026-08-06 17:17:26","Added from Work Order",5c1ed808-37d9-4e42-a2b5-4eeeef60b83e
47580,52119,34693,0,9236,2025-09-26,1109,NULL,97345,"2026-08-06 17:16:59","Added from Work Order",a0b81ab9-4672-4a07-ba69-7ab87d51f8a8
46996,52120,35239,0,9236,2025-06-20,16169,NULL,96761,"2026-08-05 16:30:07","Added from Work Order",e0cea1f2-963d-47fe-9216-3fde7bef8a92
46997,52120,35232,0,9236,2025-06-20,16169,NULL,96761,"2026-08-05 16:30:07","Added from Work Order",a501a429-9b68-4570-b39b-684a915ad020
46995,52120,35225,0,9236,2025-02-20,15633,NULL,96759,"2026-08-05 16:28:43","Added from Work Order",287b5b26-a2bc-40e1-ae04-725c45ebb1d6
47009,52123,34903,0,9236,2026-03-26,7948,NULL,96776,"2026-08-05 16:48:17","Added from Work Order",80710d42-9f3d-4c79-942b-03a50e8d306e
47011,52123,34901,0,9236,2023-06-03,6969,NULL,96775,"2026-08-05 16:49:21","Added from Work Order",85660483-f4b4-4b18-9f7a-89ef3a09ff21
47010,52123,34899,0,9236,2023-06-03,6969,NULL,96775,"2026-08-05 16:49:20","Added from Work Order",d623fef2-1d75-48c7-94bc-e53e9c40c3d7
47043,52124,34891,0,9236,2025-07-10,5075,NULL,96809,"2026-08-05 17:24:43","Added from Work Order",01cbd7c8-cf94-4edd-abda-ae1b256b8077
47400,52124,34884,0,9236,2023-11-13,4311,NULL,96808,"2026-08-06 14:54:00","Added from Work Order",d25b9e3a-899a-4e6f-b822-50f4da5c03b7
47401,52124,34888,0,9236,2023-11-13,4311,NULL,96808,"2026-08-06 14:54:00","Added from Work Order",ac70e9e4-22ff-449b-9534-7ecafe9310ae
47528,52126,34763,0,9236,2026-07-16,2076,NULL,97284,"2026-08-06 16:30:29","Added from Work Order",2d4c818d-d20b-4a43-9c4c-014d748b0def
47526,52126,34815,0,9236,2026-07-16,2076,NULL,97284,"2026-08-06 16:30:28","Added from Work Order",3d472cca-ee79-49c5-85ca-99c2aac3306c
47527,52126,34711,0,9236,2026-07-16,2076,NULL,97284,"2026-08-06 16:30:28","Added from Work Order",73cebed5-1616-4933-a7ed-6a6cbebf2e7d
47008,52127,35243,0,9236,2026-04-09,15203,NULL,96773,"2026-08-05 16:46:02","Added from Work Order",506946dc-e90f-4ccf-abee-5db108ce640d
47006,52127,35229,0,9236,2025-12-04,14683,NULL,96771,"2026-08-05 16:45:04","Added from Work Order",6acf5618-2e7e-496d-a3d0-9a0b3a01c2ca
47007,52127,35236,0,9236,2023-10-04,13636,NULL,96772,"2026-08-05 16:45:35","Added from Work Order",f4d7abad-8a90-4c0e-bee5-03d6f6db8d8e
47571,52128,34842,0,9236,2026-07-31,1242,NULL,97335,"2026-08-06 17:11:32","Added from Work Order",3ee6a4d4-f6a2-405e-8dd2-079b4a9089f9
47567,52129,34860,0,9236,2026-06-27,2667,NULL,97329,"2026-08-06 17:09:24","Added from Work Order",b587b3c8-8643-4e5b-979c-79ad8da3db85
47565,52129,34868,0,9236,2026-03-17,2121,NULL,97327,"2026-08-06 17:08:53","Added from Work Order",0a8de459-1ef3-4b2d-808e-c942d5b139af
47566,52129,34864,0,9236,2026-03-17,2121,NULL,97327,"2026-08-06 17:08:53","Added from Work Order",e6f4ec05-d7b9-4a9b-809c-19bb94aec7fe
47018,52134,34904,0,9236,2025-07-10,6345,NULL,96785,"2026-08-05 16:57:19","Added from Work Order",431e17c0-27eb-4186-aaa0-8d7f053db57b
47019,52134,34900,0,9236,2024-02-17,5800,NULL,96784,"2026-08-05 16:58:11","Added from Work Order",70e9717f-807e-479b-92f9-35e2c6991013
47020,52134,34902,0,9236,2024-02-17,5800,NULL,96784,"2026-08-05 16:58:11","Added from Work Order",b5288843-2fc2-4928-9af2-f315fe156909
47579,52135,34821,0,9236,2026-07-11,4211,NULL,97341,"2026-08-06 17:15:01","Added from Work Order",c1d28816-5354-48c4-bfbc-6b5667f08398
47576,52135,34717,0,9236,2026-03-17,3660,NULL,97339,"2026-08-06 17:14:07","Added from Work Order",10d49c54-d84c-4e65-99fe-1ae0ea55bac7
47577,52135,34769,0,9236,2025-08-13,2390,NULL,97340,"2026-08-06 17:14:32","Added from Work Order",431a7fe5-6c53-4383-886e-07be1693ccaf
47037,52136,34909,0,9236,2026-01-12,8351,NULL,96803,"2026-08-05 17:20:04","Added from Work Order",2e8a9f7d-7be7-4d42-8cc0-97980a606b3b
47038,52136,34905,0,9236,2026-01-12,8351,NULL,96803,"2026-08-05 17:20:04","Added from Work Order",8c5213dc-ccfb-4f9e-a20d-62c8befee1e1
47039,52136,34907,0,9236,2026-01-12,8351,NULL,96803,"2026-08-05 17:20:04","Added from Work Order",936b4b18-b155-4e4b-a213-0ff11b67a1c8
47050,52137,34910,0,9236,2025-10-23,6068,NULL,96818,"2026-08-05 17:34:14","Added from Work Order",b17b743a-f0c9-461b-8eb8-96e035eb2132
47051,52137,34906,0,9236,2025-10-23,6068,NULL,96818,"2026-08-05 17:34:14","Added from Work Order",25610c8e-d5c9-4c60-9a9b-4b5bb222dbad
47052,52137,34908,0,9236,2025-10-23,6068,NULL,96818,"2026-08-05 17:34:14","Added from Work Order",f0734084-7225-443d-8871-9356190594bf
47586,52141,35408,0,9236,2026-06-10,550,NULL,97353,"2026-08-06 17:20:11","Added from Work Order",1d2dcef4-8c76-46b6-b2d6-4823656c62e6
47045,52142,34890,0,9236,2026-04-03,5240,NULL,96812,"2026-08-05 17:28:48","Added from Work Order",13a0bb98-5105-4b19-a6cd-6731c8ea4c83
47046,52142,34885,0,9236,2026-04-03,5240,NULL,96812,"2026-08-05 17:28:48","Added from Work Order",cf9a4b02-2e8c-4cfb-a718-8d2cec82789d
47044,52142,34889,0,9236,2024-08-20,4181,NULL,96811,"2026-08-05 17:27:36","Added from Work Order",34e3d803-4423-427d-a949-50c0845f128b
48445,52143,34655,0,9236,2026-08-03,4212,NULL,97342,"2026-08-10 21:59:29","Added from Work Order",9f1fa660-c0a7-4a6f-bf4c-527d0a6e26f6
48446,52143,34624,0,9236,2026-08-03,4212,NULL,97342,"2026-08-10 21:59:29","Added from Work Order",947c272e-d371-4b88-8314-6e4d779806f6
48447,52143,34635,0,9236,2024-06-06,2445,NULL,97343,"2026-08-10 22:00:02","Added from Work Order",67b45d29-cc29-42ac-b2a8-38201cdc63d9
47048,52144,34893,0,9236,2026-01-16,4958,NULL,96813,"2026-08-05 17:32:10","Added from Work Order",2f5885e5-1608-4ef6-8822-69e82823b56d
47049,52144,34895,0,9236,2026-01-16,4958,NULL,96813,"2026-08-05 17:32:10","Added from Work Order",1cdf5bf4-a341-48af-b75b-d76c4c00ae3c
47047,52144,34894,0,9236,2024-04-01,4368,NULL,96814,"2026-08-05 17:31:28","Added from Work Order",cfdebc7f-3158-4345-98c6-ac5851bd7cb1
47053,52145,34470,0,9236,2026-03-27,7264,NULL,96821,"2026-08-05 17:37:15","Added from Work Order",b1416c14-32fd-4019-8edb-5e3815411f5f
47055,52145,34469,0,9236,2025-07-21,6688,NULL,96820,"2026-08-05 17:38:02","Added from Work Order",2e4ff6cf-1a9e-4d9b-8295-19ddf5156690
47054,52145,34468,0,9236,2025-07-21,6688,NULL,96820,"2026-08-05 17:38:01","Added from Work Order",fd1045d0-d0c6-4015-9470-74d9f7d9d77e
47584,52148,34798,0,9236,2026-05-19,3509,NULL,97350,"2026-08-06 17:19:14","Added from Work Order",227a99d0-4960-4a70-844e-d1cd74c925ae
47582,52148,34694,0,9236,2026-03-01,3031,NULL,97348,"2026-08-06 17:18:17","Added from Work Order",7ecec80b-4be9-45b8-9547-ec16cd2a062b
47583,52148,34746,0,9236,2026-01-21,2788,NULL,97349,"2026-08-06 17:18:56","Added from Work Order",96520408-136f-4b04-ac13-c72cc40704a0
47589,52149,35411,0,9236,2026-05-10,511,NULL,97362,"2026-08-06 17:22:08","Added from Work Order",fee3d8e5-46c3-418a-abf8-2308fcd750b1
48410,52155,35252,0,16222,2026-08-10,10202,NULL,98731,"2026-08-10 18:47:31","Added from Work Order",4ff8efe0-df7e-4246-9a3d-b8e18b0943df
48411,52155,35248,0,16222,2026-08-10,10202,NULL,98731,"2026-08-10 18:47:31","Added from Work Order",7d51183c-e48a-4c35-a34b-30033351aae6
47014,52155,35252,0,9236,2025-11-26,9478,NULL,96779,"2026-08-05 16:52:38","Added from Work Order",10437819-7309-4443-9b43-89a7641d57cc
47012,52155,35248,0,9236,2025-08-30,8960,NULL,96777,"2026-08-05 16:51:23","Added from Work Order",25040077-fd75-4b1f-8187-4b0e82fc7b82
47013,52155,35249,0,9236,2024-05-11,8389,NULL,96778,"2026-08-05 16:52:00","Added from Work Order",9f08cd9a-2090-4512-b106-c44caa03df5d
47026,52157,35244,0,9236,2026-07-20,11459,NULL,96791,"2026-08-05 17:04:08","Added from Work Order",66310feb-10c5-465f-a4fd-8dccb23dba4d
47024,52157,35230,0,9236,2025-09-26,10955,NULL,96789,"2026-08-05 17:02:44","Added from Work Order",a543da57-a1ab-402d-a322-7ae4e92340f1
47025,52157,35237,0,9236,2025-01-29,9921,NULL,96790,"2026-08-05 17:03:18","Added from Work Order",9d6ac6a2-df60-448e-b206-d79a73aac364
47587,52160,35409,0,9236,2026-07-08,1027,NULL,97354,"2026-08-06 17:21:02","Added from Work Order",96535e80-b503-4b6c-8171-d102b8b439f0
47588,52160,35339,0,9236,2026-07-08,1027,NULL,97354,"2026-08-06 17:21:02","Added from Work Order",2b9c2bb0-4493-4766-92fe-50b0a177aeb9
47035,52162,34590,0,9236,2026-01-08,1236,NULL,96800,"2026-08-05 17:17:11","Added from Work Order",c2057451-596a-4937-82ca-3450c3e40be2
47036,52162,34589,0,9236,2024-05-14,651,NULL,96799,"2026-08-05 17:17:21","Added from Work Order",db60b7ba-7c0c-4621-9856-545f7939ba4b
47034,52163,34913,0,9236,2025-06-12,7934,NULL,96798,"2026-08-05 17:13:52","Added from Work Order",29095718-d92c-4a70-aa57-bb637bb8d739
47032,52163,34911,0,9236,2023-06-26,7270,NULL,96796,"2026-08-05 17:11:57","Added from Work Order",3d2e3f44-deac-42b0-b829-380cdf0d092b
47033,52163,34912,0,9236,2021-01-06,6004,NULL,96797,"2026-08-05 17:12:53","Added from Work Order",6453c2fd-c327-46b9-a12c-36f9a128484b
47593,52164,35400,0,9236,2026-05-07,468,NULL,97374,"2026-08-06 17:25:34","Added from Work Order",ab3dc5a8-1237-4904-9415-d46346c04460
47564,52167,35397,0,9236,2026-06-10,1638,NULL,97326,"2026-08-06 17:08:01","Added from Work Order",61dfcec5-ddf7-4faa-acc2-ae15cd4157cf
47563,52167,35327,0,9236,2026-01-16,1133,NULL,97324,"2026-08-06 17:07:25","Added from Work Order",bdd6163a-00a2-485b-8d8b-c348ef0d83b6
47062,52168,35253,0,9236,2026-06-12,11645,NULL,96830,"2026-08-05 17:46:54","Added from Work Order",befb15cf-f3b9-4d9e-a564-8f072cc2719d
47060,52168,35246,0,9236,2026-01-15,11088,NULL,96828,"2026-08-05 17:45:35","Added from Work Order",0ce73a1c-b237-4302-8764-109f74644ddd
47061,52168,35250,0,9236,2025-04-07,10073,NULL,96829,"2026-08-05 17:46:10","Added from Work Order",1ac40459-8e1c-42c4-9a92-8030ceb9bd2a
47077,52169,35275,0,9236,2026-05-12,8519,NULL,96848,"2026-08-05 18:13:11","Added from Work Order",d44d63c0-8064-4d40-a7e2-f6bab022ccd4
47078,52169,35293,0,9236,2026-05-12,8519,NULL,96848,"2026-08-05 18:13:11","Added from Work Order",1a62fa19-d766-4edf-b137-481113e5b92c
47079,52169,35284,0,9236,2026-05-12,8519,NULL,96848,"2026-08-05 18:13:11","Added from Work Order",21fc29e9-7d63-4098-8950-09a1918b66f9
47592,52173,35398,0,9236,2026-05-12,568,NULL,97368,"2026-08-06 17:24:30","Added from Work Order",ece098f7-85f4-4616-bf29-267fe4cf6b5c
47594,52175,35403,0,9236,2026-04-16,465,NULL,97380,"2026-08-06 17:26:20","Added from Work Order",15bd51d1-6731-4e29-8677-84d57d4cf4e1
47081,52179,35223,0,9236,2026-06-17,2121,NULL,96851,"2026-08-05 18:15:38","Added from Work Order",cf8f4db2-1a75-496a-b211-57fb0e46c85e
47082,52179,35222,0,9236,2026-06-17,2121,NULL,96851,"2026-08-05 18:15:38","Added from Work Order",087264c7-c18c-4734-9224-71943a216fe8
47080,52179,35224,0,9236,2023-01-12,1636,NULL,96849,"2026-08-05 18:14:33","Added from Work Order",ab0d739c-65a7-45eb-a374-a074f2166566
47087,52181,35261,0,9236,2026-02-18,19469,NULL,96855,"2026-08-05 18:27:33","Added from Work Order",0c70f332-b156-4876-8fbd-b8e2d98a5ffa
47088,52181,35255,0,9236,2026-02-18,19469,NULL,96855,"2026-08-05 18:27:33","Added from Work Order",662952ff-70bc-4651-81a9-59e5c3cbc4af
47086,52181,35258,0,9236,2025-06-11,18360,NULL,96856,"2026-08-05 18:26:46","Added from Work Order",1d26295c-bce5-4224-876e-bd6d2bdc18ff
47041,52184,35291,0,9236,2026-03-31,13153,NULL,96806,"2026-08-05 17:22:58","Added from Work Order",523e5ff9-5840-4aad-95a8-8beb87880aae
47042,52184,35273,0,9236,2026-03-31,13153,NULL,96806,"2026-08-05 17:22:58","Added from Work Order",6c9a6b36-95d7-42b2-98d3-aaa38bdd1668
47040,52184,35282,0,9236,2025-03-18,12006,NULL,96805,"2026-08-05 17:22:00","Added from Work Order",0072a5a1-c9fb-45f1-bd80-c8f3761a668f
47598,52185,34648,0,9236,2026-06-13,516,NULL,97389,"2026-08-06 17:28:53","Added from Work Order",d5454414-f481-45a3-b5c5-08195d65f278
47100,52186,34553,0,9236,2025-08-27,2941,NULL,96866,"2026-08-05 18:41:30","Added from Work Order",ba17f4e3-2f8b-48a8-a631-e6b4f499637f
47102,52186,34551,0,9236,2024-01-26,2586,NULL,96865,"2026-08-05 18:42:33","Added from Work Order",df84adba-85d1-40ea-a81f-e85210fda562
47103,52186,34552,0,9236,2024-01-26,2586,NULL,96865,"2026-08-05 18:42:33","Added from Work Order",589c1821-b369-41bb-83c7-edb5918da50b
47071,52187,35292,0,9236,2026-07-13,14255,NULL,96842,"2026-08-05 18:06:05","Added from Work Order",ece33661-8b9c-436a-aa65-0216f660439b
47072,52187,35274,0,9236,2026-03-19,13581,NULL,96841,"2026-08-05 18:06:47","Added from Work Order",3170127e-f3ea-4161-ba42-1c0a8988817e
47073,52187,35283,0,9236,2026-03-19,13581,NULL,96841,"2026-08-05 18:06:47","Added from Work Order",dcad7bb9-6436-41c9-8a97-afb0e063d04c
47057,52189,34883,0,9236,2025-10-26,3677,NULL,96827,"2026-08-05 17:42:57","Added from Work Order",29699e0d-d2d9-418c-ba5e-3edb76047922
47058,52189,34874,0,9236,2025-02-08,3162,NULL,96826,"2026-08-05 17:44:17","Added from Work Order",f12e5019-3c27-4bbc-a4ea-f702b0470330
47059,52189,34878,0,9236,2025-02-08,3162,NULL,96826,"2026-08-05 17:44:17","Added from Work Order",ac69a58f-22f5-4d95-aa50-57b29ff8e0a0
47083,52191,34477,0,9236,2026-06-02,4838,NULL,96854,"2026-08-05 18:24:56","Added from Work Order",92f75e55-97d7-401a-a466-9a4f35ef7d95
47084,52191,34471,0,9236,2026-01-31,4296,NULL,96852,"2026-08-05 18:25:49","Added from Work Order",4463e253-b232-40e3-af82-ad9791b65630
47085,52191,34474,0,9236,2026-01-31,4296,NULL,96852,"2026-08-05 18:25:49","Added from Work Order",2038ac47-ddb9-4b97-a600-cd4f181a75d0
47247,52192,35152,0,9236,2026-02-27,9010,NULL,97002,"2026-08-06 13:08:26","Added from Work Order",77c1955f-14ac-4a04-b828-f01e36a42a72
47248,52192,35220,0,9236,2026-02-27,9010,NULL,97002,"2026-08-06 13:08:26","Added from Work Order",2ad9223a-991c-487b-b15f-4cf27b6c8e8f
47246,52192,35186,0,9236,2025-05-29,8127,NULL,97003,"2026-08-06 13:07:48","Added from Work Order",c840a55b-ef23-421c-911a-ba7dd7ee03a0
47599,52193,34725,0,9236,2026-05-23,1114,NULL,97395,"2026-08-06 17:29:46","Added from Work Order",e62b09fa-1074-4c0a-92a8-1467a1ca9e6d
47600,52193,34829,0,9236,2026-05-23,1114,NULL,97395,"2026-08-06 17:29:46","Added from Work Order",63a6d5f9-32b6-4355-9431-ee5f8df2305b
47760,52194,36983,0,16222,2026-07-30,1032,NULL,NULL,"2026-08-06 20:10:44",,3712e776-1ccc-4a04-b5c7-3160b83ee43e
47590,52194,35342,0,9236,2026-07-29,1032,NULL,97363,"2026-08-06 17:23:16","Added from Work Order",040eb02e-d65c-4732-8148-565d7fb471b1
47591,52194,35412,0,9236,2026-07-29,1032,NULL,97363,"2026-08-06 17:23:16","Added from Work Order",394d36de-b1da-4d2e-87a1-295c75d727d5
47840,52194,36990,1,16222,2026-07-30,1082,NULL,98442,"2026-08-06 21:22:13","Added from Work Order",50d42f5c-0268-407e-8121-9a07ca0dfd71
47596,52195,34843,0,9236,2026-06-06,1063,NULL,97386,"2026-08-06 17:28:01","Added from Work Order",e865783f-2e67-4d81-a3be-c3c30daeb978
47597,52195,34739,0,9236,2026-06-06,1063,NULL,97386,"2026-08-06 17:28:01","Added from Work Order",f48e5031-4030-4087-aade-9051dfa5c431
47595,52198,34685,0,9236,2026-05-19,907,NULL,97383,"2026-08-06 17:27:16","Added from Work Order",1408705e-7bf2-46e0-b15c-2656e154758a
47286,52202,35215,0,9236,2026-06-06,8125,NULL,97035,"2026-08-06 13:48:44","Added from Work Order",0eb11dc9-184d-4527-9382-702f95c9a216
47287,52202,35147,0,9236,2026-06-06,8125,NULL,97035,"2026-08-06 13:48:44","Added from Work Order",7553a6fd-5060-4382-8892-96a8b7b07977
47288,52202,35181,0,9236,2026-06-06,8125,NULL,97035,"2026-08-06 13:48:44","Added from Work Order",df5054c4-5722-4bbf-9532-239e373c0f7a
47113,52204,35297,0,9236,2026-05-14,2610,NULL,96878,"2026-08-05 18:59:11","Added from Work Order",61e7e0fd-c14a-4896-9acf-4421ececbac7
47114,52204,35279,0,9236,2026-02-18,2110,NULL,96877,"2026-08-05 19:00:27","Added from Work Order",c1702a70-b963-460f-92bf-b811217ca0ae
47115,52204,35288,0,9236,2026-02-18,2110,NULL,96877,"2026-08-05 19:00:27","Added from Work Order",1180b4c5-b8c6-4b9d-85b9-d9d02250f655
47119,52205,35281,0,9236,2026-03-26,2552,NULL,96882,"2026-08-05 19:07:45","Added from Work Order",55345f54-ee44-42ec-ae10-5077b54636b1
47120,52205,35299,0,9236,2026-03-26,2552,NULL,96882,"2026-08-05 19:07:45","Added from Work Order",10d9db9e-5759-435f-9e71-a4afe5d6e823
47118,52205,35290,0,9236,2025-06-18,1370,NULL,96883,"2026-08-05 19:06:13","Added from Work Order",9446c9af-2638-4b6e-b1ac-4e9a35e39381
47404,52206,35271,0,9236,2026-01-12,8546,NULL,96836,"2026-08-06 14:55:14","Added from Work Order",040b2e56-bb62-4f93-8e03-65d8aa0d6207
47405,52206,35267,0,9236,2026-01-12,8546,NULL,96836,"2026-08-06 14:55:14","Added from Work Order",b0240462-f12f-4b1d-a742-e6cf891d12f0
47406,52206,35269,0,9236,2026-01-12,8546,NULL,96836,"2026-08-06 14:55:14","Added from Work Order",6e27aa1d-04d7-4465-a070-2ccfd99204a7
47065,52207,35254,0,9236,2026-07-18,11579,NULL,96833,"2026-08-05 17:50:43","Added from Work Order",eed94a6a-e8d4-4675-8a10-af3a3b74f694
47063,52207,35247,0,9236,2025-05-20,10616,NULL,96831,"2026-08-05 17:49:33","Added from Work Order",37053d52-2928-44e7-96dd-a5b90aa90498
47064,52207,35251,0,9236,2024-08-20,9589,NULL,96832,"2026-08-05 17:50:11","Added from Work Order",3820bf88-d5d1-4797-ad9d-6bcb8812f8da
47298,52210,35213,0,9236,2026-04-08,2436,NULL,97047,"2026-08-06 13:53:45","Added from Work Order",1802c4ab-32eb-4288-8186-8d4f9c76e4be
47299,52210,35145,0,9236,2026-04-08,2436,NULL,97047,"2026-08-06 13:53:45","Added from Work Order",fc48ab7f-c51b-4503-8238-0b66c5a439f5
47300,52210,35179,0,9236,2026-04-08,2436,NULL,97047,"2026-08-06 13:53:45","Added from Work Order",4b2588d4-ec3b-4c9d-95a6-239cea103a91
47294,52211,35188,0,9236,2026-06-10,6108,NULL,97043,"2026-08-06 13:51:55","Added from Work Order",5be9f2f3-99a8-4098-9ca2-6ecf13c26890
47292,52211,35118,0,9236,2026-02-06,5547,NULL,97041,"2026-08-06 13:51:01","Added from Work Order",4903999e-5405-4d99-a0bb-5e9954109b93
47293,52211,35155,0,9236,2025-06-24,4555,NULL,97042,"2026-08-06 13:51:34","Added from Work Order",ea334917-2531-4789-91a3-8385339cfa24
47277,52215,35202,0,9236,2026-07-31,7056,NULL,97028,"2026-08-06 13:42:12","Added from Work Order",36b11212-22e8-4bcb-aa9c-b566a753a6fc
47278,52215,35134,0,9236,2026-05-01,6554,NULL,97026,"2026-08-06 13:42:48","Added from Work Order",e88d61c8-c278-4b6f-bf7f-5b9c422cfddd
47279,52215,35168,0,9236,2026-05-01,6554,NULL,97026,"2026-08-06 13:42:48","Added from Work Order",0910b989-fef3-4626-96dd-a788c6f7997c
47075,52216,35272,0,9236,2026-02-06,4213,NULL,96845,"2026-08-05 18:10:03","Added from Work Order",2105f366-11c5-4172-a733-1d23d4088e3c
47074,52216,35268,0,9236,2025-06-03,3706,NULL,96843,"2026-08-05 18:09:24","Added from Work Order",bd9f2f77-ec19-4352-9128-5f414349ee85
47076,52216,35270,0,9236,2025-01-06,3144,NULL,96844,"2026-08-05 18:10:24","Added from Work Order",967f9296-a070-46e9-b178-198c704794fa
47030,52218,36773,0,9236,2026-01-08,7237,NULL,96794,"2026-08-05 17:10:14","Added from Work Order",1502bc53-25e2-48fa-aede-e0c21acd9540
47031,52218,34881,0,9236,2026-01-08,7237,NULL,96794,"2026-08-05 17:10:14","Added from Work Order",292efca4-aa79-4cf4-8ebc-fe1354a8ec04
47028,52218,34872,0,9236,2025-06-25,6461,NULL,96792,"2026-08-05 17:07:34","Added from Work Order",3e87cabf-4d13-467f-a01b-327bad8ae8f2
47029,52218,34876,0,9236,2023-09-23,5281,NULL,96793,"2026-08-05 17:08:35","Added from Work Order",1135c196-f6da-4e76-9787-47b6d8415e3b
47283,52219,35216,0,9236,2026-06-13,5028,NULL,97032,"2026-08-06 13:46:33","Added from Work Order",5483dab2-8204-425b-b6f5-dacd6fda7bb3
47284,52219,35148,0,9236,2026-06-13,5028,NULL,97032,"2026-08-06 13:46:33","Added from Work Order",af1451ec-4abe-4b76-a00d-963280572194
47285,52219,35182,0,9236,2025-11-08,4020,NULL,97033,"2026-08-06 13:47:10","Added from Work Order",66aa2b65-a1fc-4476-99ca-601d86a64788
47110,52220,35296,0,9236,2025-10-09,12322,NULL,96875,"2026-08-05 18:56:53","Added from Work Order",fd1c84e3-df55-4f8c-a64a-984e2e37dd05
47111,52220,35278,0,9236,2025-10-09,12322,NULL,96875,"2026-08-05 18:56:53","Added from Work Order",6587cccf-5bd2-4761-9fa3-0eb720f99728
47112,52220,35287,0,9236,2025-10-09,12322,NULL,96875,"2026-08-05 18:56:53","Added from Work Order",fe15d04a-e81e-4b90-8e36-b20a4ea59c19
47280,52222,35217,0,9236,2026-07-11,7308,NULL,97029,"2026-08-06 13:44:54","Added from Work Order",871326fb-d55c-4861-875c-77d2eb53a56d
47281,52222,35149,0,9236,2026-07-11,7308,NULL,97029,"2026-08-06 13:44:54","Added from Work Order",6e26a9d6-9c8c-49a7-bc80-0d87f0dfcf17
47282,52222,35183,0,9236,2025-12-13,6284,NULL,97030,"2026-08-06 13:45:17","Added from Work Order",84e83e0f-7c39-4ccc-872a-37203740daaa
47105,52225,35277,0,9236,2026-07-17,3428,NULL,96872,"2026-08-05 18:48:46","Added from Work Order",b42a6532-7005-4f76-b99a-8f40ed494335
47106,52225,35295,0,9236,2026-07-17,3428,NULL,96872,"2026-08-05 18:48:46","Added from Work Order",37a710a2-7926-4ce8-bab2-f11bb26bbdbe
47104,52225,35286,0,9236,2025-06-24,2267,NULL,96871,"2026-08-05 18:47:56","Added from Work Order",89bc14fe-a6bb-49f4-8d06-e31665832600
47295,52226,35214,0,9236,2026-05-30,4608,NULL,97046,"2026-08-06 13:52:26","Added from Work Order",4e530f93-8649-4596-976e-5fe46e698d96
47296,52226,35180,0,9236,2026-02-07,4070,NULL,97044,"2026-08-06 13:52:52","Added from Work Order",3e4b0a8d-36b4-43fe-9ef1-7bf4deceaee3
47297,52226,35146,0,9236,2026-02-07,4070,NULL,97044,"2026-08-06 13:52:52","Added from Work Order",d9b32527-ecfd-45ae-b995-2916260ff340
47289,52228,35133,0,9236,2026-07-14,6429,NULL,97038,"2026-08-06 13:49:56","Added from Work Order",5df4329c-0ab8-4d50-b04c-bfdd1049c709
47290,52228,35167,0,9236,2026-07-14,6429,NULL,97038,"2026-08-06 13:49:56","Added from Work Order",b331e3e0-29b0-4903-9862-8b5cbf26de2f
47291,52228,35201,0,9236,2026-07-14,6429,NULL,97038,"2026-08-06 13:49:56","Added from Work Order",6a652b97-dc95-48cd-a9f8-87aa1f5e2f6b
47260,52231,35218,0,9236,2026-05-22,11442,NULL,97013,"2026-08-06 13:17:57","Added from Work Order",0612413e-892b-46d0-a0fa-177aa2377228
47258,52231,35150,0,9236,2026-02-14,10986,NULL,97011,"2026-08-06 13:17:27","Added from Work Order",d6859b9a-0235-4037-ac29-cdb22bc3a894
47259,52231,35184,0,9236,2026-02-14,10986,NULL,97011,"2026-08-06 13:17:27","Added from Work Order",e19073ac-c32e-4364-a596-1f13bdb967ff
48613,52233,35276,0,16222,2026-08-11,9600,NULL,98933,"2026-08-12 19:20:08","Added from Work Order",43a5926f-9bfa-4a5c-a101-d5fb987d6288
48614,52233,35285,0,16222,2026-08-11,9600,NULL,98933,"2026-08-12 19:20:08","Added from Work Order",5009fa12-b341-4192-9894-a43c2a68548f
48612,52233,35294,0,16222,2026-08-11,9600,NULL,98933,"2026-08-12 19:20:07","Added from Work Order",c0215cf9-7c48-4ddc-af33-99ea6f6afd06
47099,52233,35294,0,9236,2026-05-08,9124,NULL,96863,"2026-08-05 18:38:05","Added from Work Order",c0ca7aaa-5bfb-4925-82aa-4601585f6146
47097,52233,35276,0,9236,2026-02-19,8610,NULL,96861,"2026-08-05 18:37:00","Added from Work Order",b69a8471-384b-488a-bc86-8c9dae9a216a
47098,52233,35285,0,9236,2025-02-27,7405,NULL,96862,"2026-08-05 18:37:38","Added from Work Order",ccddbce5-b3d4-4ff1-a2ca-71f2e2de332d
47095,52234,34467,0,9236,2026-06-19,4030,NULL,96860,"2026-08-05 18:33:36","Added from Work Order",c8f4e9ab-de23-4eb7-a005-59b8c50187a7
47096,52234,34465,0,9236,2026-06-19,4030,NULL,96860,"2026-08-05 18:33:36","Added from Work Order",6fefe5ee-c038-40a1-b433-a0032738b529
47092,52234,34466,0,9236,2024-11-02,2555,NULL,96859,"2026-08-05 18:32:47","Added from Work Order",459e267a-ebf1-4095-a720-f1dc74f072f5
47606,52236,34861,0,9236,2026-05-30,11668,NULL,97403,"2026-08-06 17:33:31","Added from Work Order",669fa374-0e0e-468a-a0fa-136a17f5cf87
47604,52236,34869,0,9236,2025-08-13,11133,NULL,97401,"2026-08-06 17:32:53","Added from Work Order",c95df336-2900-425e-9ad0-6c89dc6b17b9
47605,52236,34865,0,9236,2025-08-13,11133,NULL,97401,"2026-08-06 17:32:53","Added from Work Order",16521576-696d-4da6-ad5a-fccb05aabc8f
48910,52237,34853,0,16222,2026-06-18,4575,NULL,96869,"2026-08-17 23:06:55","Added from Work Order",28f9c4e7-fb15-4e5b-acb2-da620f9a42cf
48911,52237,34856,0,16222,2026-06-18,4575,NULL,96869,"2026-08-17 23:06:55","Added from Work Order",bc334d55-998b-4b91-a6a4-5cb789801b36
48912,52237,34850,0,16222,2026-06-18,4575,NULL,96869,"2026-08-17 23:06:55","Added from Work Order",32c6f3b9-bdd2-4eab-8bff-2586f055a71b
48907,52237,34853,0,16222,2026-06-18,4575,NULL,99749,"2026-08-17 23:05:26","Added from Work Order",b8e90cb1-3725-49a4-ac9a-ded9c8de80ba
48908,52237,34856,0,16222,2026-06-18,4575,NULL,99749,"2026-08-17 23:05:26","Added from Work Order",e96b2b7a-1bab-4d49-8442-3aa0eb900b29
48909,52237,34850,0,16222,2026-06-18,4575,NULL,99749,"2026-08-17 23:05:26","Added from Work Order",18671863-eb4f-4d79-8ec8-603a040bf869
48413,52238,35198,0,16222,2026-08-04,8732,NULL,98738,"2026-08-10 18:53:13","Added from Work Order",b93818d2-1e65-44b9-b3ef-da27fc4c27ba
47306,52238,35130,0,9236,2026-03-13,8166,NULL,97057,"2026-08-06 14:01:42","Added from Work Order",f32aeb5f-6a99-4802-9514-f454c8436e6a
47307,52238,35198,0,9236,2026-03-13,8166,NULL,97057,"2026-08-06 14:01:42","Added from Work Order",73d7049a-a71b-4020-9437-b4d65d5255e3
47309,52238,35164,0,9236,2025-09-06,7155,NULL,97058,"2026-08-06 14:02:35","Added from Work Order",98530dd9-7839-4ab0-8506-4df5818e1640
47116,52239,35280,0,9236,2026-06-17,1424,NULL,96881,"2026-08-05 19:04:11","Added from Work Order",94f6201e-4647-4f81-8681-8d1a37bc9ad2
47117,52239,35298,0,9236,2026-06-17,1424,NULL,96881,"2026-08-05 19:04:11","Added from Work Order",bb4c328d-ca6e-4f59-9f17-3b5b694608ae
47122,52242,35312,0,9236,2026-07-22,1645,NULL,96887,"2026-08-05 19:12:29","Added from Work Order",6a12f721-981a-47d0-ad8e-d41113aea715
47121,52242,35310,0,9236,2026-04-24,1141,NULL,96885,"2026-08-05 19:10:44","Added from Work Order",0133e07c-2e11-4c55-ad6e-5c01c03d79aa
47123,52242,35313,0,9236,2025-11-13,240,NULL,96888,"2026-08-05 19:13:42","Added from Work Order",0417c720-6701-424d-aa2e-9e86a403fa26
47402,52243,34873,0,9236,2023-06-06,4217,NULL,96822,"2026-08-06 14:54:37","Added from Work Order",6287019e-23d2-4e50-8f73-7d83b7b715d1
47403,52243,34882,0,9236,2023-06-06,4217,NULL,96822,"2026-08-06 14:54:37","Added from Work Order",464668d7-13b1-435d-87ff-b51449655cf8
47056,52243,34877,0,9236,2021-09-18,3156,NULL,96823,"2026-08-05 17:40:17","Added from Work Order",cced5693-5eb8-4bf6-bc95-94fac473d86b
47070,52247,34898,0,9236,2026-07-13,4501,NULL,96839,"2026-08-05 18:04:39","Added from Work Order",b92c1ea5-fd4b-4cd2-af15-e258a9b3c293
47068,52247,34896,0,9236,2022-12-19,4188,NULL,96837,"2026-08-05 18:03:34","Added from Work Order",6b331a81-662b-4e4c-882c-342e35374238
47069,52247,34897,0,9236,2022-02-04,3090,NULL,96838,"2026-08-05 18:04:10","Added from Work Order",be32c33e-544a-4e2d-91d4-94950e5955c3
47303,52249,35200,0,9236,2026-03-05,8206,NULL,97052,"2026-08-06 13:56:54","Added from Work Order",20e24fd8-4641-4d27-978f-1d0b251c1549
47301,52249,35132,0,9236,2025-10-21,7676,NULL,97050,"2026-08-06 13:56:01","Added from Work Order",24b166f1-ddb1-4643-b176-864ed9ca5b00
47302,52249,35166,0,9236,2024-11-14,6620,NULL,97051,"2026-08-06 13:56:34","Added from Work Order",98adfbfc-9b93-422b-8d95-8b70e3b26beb
47305,52251,35199,0,9236,2026-07-18,7000,NULL,97055,"2026-08-06 14:00:38","Added from Work Order",55d5e520-4f3f-4ac0-8e8e-07c22c990ed0
47304,52251,35165,0,9236,2025-11-03,6269,NULL,97053,"2026-08-06 14:00:07","Added from Work Order",15a033bd-34e6-4d27-8bac-25f31b69397e
47263,52252,35206,0,9236,2026-07-09,10283,NULL,97016,"2026-08-06 13:29:02","Added from Work Order",155eea58-a146-47c8-b08e-3fbff2f11702
47261,52252,35138,0,9236,2026-02-25,9793,NULL,97014,"2026-08-06 13:28:07","Added from Work Order",49672290-cbc1-456e-a54e-af0a6171db43
47262,52252,35172,0,9236,2025-05-03,8759,NULL,97015,"2026-08-06 13:28:35","Added from Work Order",3f44feb2-4bbc-4d11-bf52-2eb04b0a06a6
47331,52253,35195,0,9236,2026-03-23,1491,NULL,97083,"2026-08-06 14:13:27","Added from Work Order",ba080c94-2f02-4a0c-8f54-087457ae984e
47612,52254,34809,0,9236,2026-05-14,3486,NULL,97409,"2026-08-06 17:37:20","Added from Work Order",f65d2f68-e40e-4505-9957-91202517151a
47613,52254,34705,0,9236,2025-11-22,2992,NULL,97407,"2026-08-06 17:37:46","Added from Work Order",6cf73660-c043-48f9-ac97-8a395a6d1fd9
47614,52254,34757,0,9236,2025-01-30,1998,NULL,97408,"2026-08-06 17:38:11","Added from Work Order",b9e08d92-cac0-4b58-8865-69df3e5a9b4d
47611,52255,34808,0,9236,2026-07-17,4534,NULL,97406,"2026-08-06 17:36:11","Added from Work Order",ddc2c46a-1b10-466a-90cc-f1a0807c4713
47609,52255,34704,0,9236,2025-06-17,4045,NULL,97404,"2026-08-06 17:35:46","Added from Work Order",f51c0a82-a9e2-410d-9839-4130e6f1307f
47610,52255,34756,0,9236,2025-06-17,4045,NULL,97404,"2026-08-06 17:35:46","Added from Work Order",17443f8b-be20-4360-9dbc-bf7bf15dc668
47125,52257,34478,0,9236,2026-04-21,600,NULL,96892,"2026-08-05 19:22:16","Added from Work Order",e2800ffc-a08e-4477-8f53-f4abb3cc1d6b
47249,52258,35219,0,9236,2026-03-31,6525,NULL,97007,"2026-08-06 13:11:34","Added from Work Order",fe83b858-ea31-4084-a6bc-ed2324083bcb
47250,52258,35151,0,9236,2024-08-22,5775,NULL,97005,"2026-08-06 13:12:20","Added from Work Order",1706ad45-6b1d-4938-90bb-ce82e835d9f9
47251,52258,35185,0,9236,2024-08-22,5775,NULL,97005,"2026-08-06 13:12:20","Added from Work Order",a59aaf83-5e42-43a8-9f20-8d379f1007b2
47603,52259,34650,0,9236,2025-06-06,3497,NULL,97400,"2026-08-06 17:32:14","Added from Work Order",ebc026d3-e2d3-40d6-96d1-ceb45ca69128
47601,52259,34629,0,9236,2023-05-19,3118,NULL,97398,"2026-08-06 17:31:16","Added from Work Order",a551e976-9a66-47cc-b554-aa9c2f2ca7d7
47602,52259,34640,0,9236,2021-04-10,2062,NULL,97399,"2026-08-06 17:31:51","Added from Work Order",359af3c1-3d5d-4676-bcfe-28a11947413f
47316,52261,35210,0,9236,2025-07-10,2096,NULL,97066,"2026-08-06 14:06:08","Added from Work Order",56673955-0560-42ca-b0e9-21f95a4d8b7d
47317,52261,35142,0,9236,2025-07-10,2096,NULL,97066,"2026-08-06 14:06:08","Added from Work Order",e39c4942-5bcc-41ea-bea4-f483f590683c
47318,52261,35176,0,9236,2025-07-10,2096,NULL,97066,"2026-08-06 14:06:08","Added from Work Order",0d997902-aae4-4c4e-a7dd-61b0214654e6
47623,52263,35416,0,9236,2026-06-26,5929,NULL,97419,"2026-08-06 18:04:33","Added from Work Order",3e131d45-f27d-49ea-92b8-759913d2529f
47621,52263,35346,0,9236,2025-10-09,5434,NULL,97417,"2026-08-06 18:03:40","Added from Work Order",8b31818e-7d0d-41d9-8f68-43daaf777900
47622,52263,35381,0,9236,2025-10-09,5434,NULL,97417,"2026-08-06 18:03:40","Added from Work Order",70ca7d40-aeeb-4195-8fb3-20bc751951cb
47615,52264,35414,0,9236,2025-12-18,6302,NULL,97412,"2026-08-06 17:39:21","Added from Work Order",32ef6a06-c0c7-498f-b085-cff271a78b39
47616,52264,35344,0,9236,2025-12-18,6302,NULL,97412,"2026-08-06 17:39:21","Added from Work Order",f9b8ea3f-e059-4cb8-82ca-8cb58c904c44
47617,52264,35379,0,9236,2025-12-18,6302,NULL,97412,"2026-08-06 17:39:21","Added from Work Order",491fc290-e808-42ad-8d34-a668237d52d6
47313,52266,35211,0,9236,2026-02-20,4561,NULL,97065,"2026-08-06 14:04:32","Added from Work Order",24c06b72-3ab6-47b3-90bc-3a4e9373c61e
47314,52266,35143,0,9236,2025-09-20,4045,NULL,97063,"2026-08-06 14:05:00","Added from Work Order",28313675-7534-45dc-9c3b-7af43202911f
47315,52266,35177,0,9236,2025-09-20,4045,NULL,97063,"2026-08-06 14:05:00","Added from Work Order",e91f69d7-6c8d-40ef-982f-d145b9e7d519
47328,52267,35128,0,9236,2026-03-05,3601,NULL,97078,"2026-08-06 14:11:30","Added from Work Order",7cc7ca6a-0226-4b1f-95f4-a78f2b721e74
47329,52267,35196,0,9236,2026-03-05,3601,NULL,97078,"2026-08-06 14:11:30","Added from Work Order",3b5ab54e-44f5-4acc-8a46-f8a2ce24e793
47330,52267,35162,0,9236,2025-04-16,2059,NULL,97079,"2026-08-06 14:11:54","Added from Work Order",96b6fa8f-82f6-46d0-a345-b88812bf9b33
47619,52269,35415,0,9236,2026-05-18,3848,NULL,97416,"2026-08-06 17:49:30","Added from Work Order",505c1bee-908a-46d0-aedb-af44ea30e25f
47618,52269,35345,0,9236,2024-11-15,2891,NULL,97414,"2026-08-06 17:48:41","Added from Work Order",026936aa-c8f9-4857-97e7-583c7948765a
47620,52269,35380,0,9236,2023-03-15,2109,NULL,97415,"2026-08-06 17:50:10","Added from Work Order",938be49d-0fba-477d-9459-f479ae0f3ab3
47629,52271,35383,0,9236,2025-11-17,4298,NULL,97423,"2026-08-06 18:10:59","Added from Work Order",a7b5ae11-7c44-40ec-9d12-15ef5a345a29
47627,52271,35418,0,9236,2025-11-17,4298,NULL,97423,"2026-08-06 18:10:58","Added from Work Order",9a2b2fa4-9ca8-4372-97e8-1577230374fb
47628,52271,35348,0,9236,2025-11-17,4298,NULL,97423,"2026-08-06 18:10:58","Added from Work Order",8913a2c1-1d97-451f-9ba0-91d3909fcd6f
47325,52272,35190,0,9236,2025-11-19,6110,NULL,97075,"2026-08-06 14:09:52","Added from Work Order",8f3a0805-823d-43d1-8288-f43cd76e4089
47326,52272,35120,0,9236,2025-11-19,6110,NULL,97075,"2026-08-06 14:09:52","Added from Work Order",28437b9b-c5f1-4400-bf0f-5bf777029180
47327,52272,35156,0,9236,2025-01-02,4930,NULL,97076,"2026-08-06 14:10:28","Added from Work Order",fe73e5e5-c823-4d51-b38b-86ad64a73f23
47322,52277,35197,0,9236,2026-03-06,3465,NULL,97072,"2026-08-06 14:08:31","Added from Work Order",827a0b68-6033-48e1-8fec-7208906fad27
47323,52277,35129,0,9236,2026-03-06,3465,NULL,97072,"2026-08-06 14:08:31","Added from Work Order",368396b4-ae7e-428a-83b8-64f73b93629f
47324,52277,35163,0,9236,2025-08-05,2303,NULL,97073,"2026-08-06 14:08:56","Added from Work Order",85c336f5-1931-40ec-a67a-2491332fe24e
47256,52281,35173,0,9236,2025-09-22,6982,NULL,97010,"2026-08-06 13:15:05","Added from Work Order",ff6e4e9b-40ae-4b99-83af-d95c4a19e157
47257,52281,35207,0,9236,2025-09-22,6982,NULL,97010,"2026-08-06 13:15:05","Added from Work Order",e6865ba3-4f1a-489a-8143-c32d493440d1
47252,52281,35139,0,9236,2025-03-05,6485,NULL,97008,"2026-08-06 13:13:58","Added from Work Order",68567be5-e820-4d40-9394-d6e2571c6486
47638,52282,35419,0,9236,2025-11-21,4041,NULL,97434,"2026-08-06 18:16:43","Added from Work Order",6700ec65-1c0b-49df-aa41-fddb5f35c7af
47636,52282,35349,0,9236,2025-02-17,3544,NULL,97432,"2026-08-06 18:16:15","Added from Work Order",59887cf2-3237-486e-b02a-f31d9807d224
47637,52282,35384,0,9236,2025-02-17,3544,NULL,97432,"2026-08-06 18:16:15","Added from Work Order",7fbd85bb-05d7-41cc-b445-7885c82b463a
48836,52284,37156,0,16222,2026-08-13,NULL,NULL,99599,"2026-08-17 16:23:50","Added from Work Order",13a8262e-3ccc-4937-8ce7-aa917dc9256d
48835,52284,37156,0,16222,2026-08-13,NULL,NULL,NULL,"2026-08-17 16:22:26","Initial Setup",0718ab96-0536-4eeb-a3a9-61e16ff7bd15
47626,52285,35417,0,9236,2026-06-19,4277,NULL,97422,"2026-08-06 18:08:00","Added from Work Order",23110c82-44ed-41c4-8dc3-6028c41622e4
47624,52285,35347,0,9236,2026-06-10,4271,NULL,97420,"2026-08-06 18:07:06","Added from Work Order",03467b46-a986-42a9-822f-fa5acd98ea76
47625,52285,35382,0,9236,2026-06-05,4271,NULL,97421,"2026-08-06 18:07:25","Added from Work Order",759e5c80-c760-4e2d-a53d-0f35d15515c8
47270,52286,35170,0,9236,2026-05-17,10557,NULL,97020,"2026-08-06 13:34:57","Added from Work Order",9f67c22d-39c2-45f3-b254-d976ceee115e
47271,52286,35204,0,9236,2026-05-17,10557,NULL,97020,"2026-08-06 13:34:57","Added from Work Order",0cbd491c-afbe-4525-8c1a-bf8c477ebf62
47269,52286,35136,0,9236,2026-05-17,10557,NULL,97020,"2026-08-06 13:34:56","Added from Work Order",ca8fa6b2-6e92-4a81-b420-ffca2163198f
47633,52287,34696,0,9236,2026-04-11,10066,NULL,97431,"2026-08-06 18:14:24","Added from Work Order",fed71bc9-d853-48ef-8f2a-642e7eb1a3c0
47634,52287,34800,0,9236,2026-04-11,10066,NULL,97431,"2026-08-06 18:14:24","Added from Work Order",ebcebd1a-7b3b-43c1-a655-78112c72ba4a
47635,52287,34748,0,9236,2025-05-13,9018,NULL,97430,"2026-08-06 18:14:46","Added from Work Order",c05d7f6b-54ba-4923-9bbe-38ce47678f00
47245,52288,35221,0,9236,2025-10-20,8287,NULL,96999,"2026-08-06 13:06:32","Added from Work Order",fe6c6e52-92cd-40c2-ae1f-0146e8bf3251
47243,52288,35153,0,9236,2025-10-20,8287,NULL,96999,"2026-08-06 13:06:31","Added from Work Order",6cec3ed0-30aa-4f35-ae2f-ad4fc35c26dc
47244,52288,35187,0,9236,2025-10-20,8287,NULL,96999,"2026-08-06 13:06:31","Added from Work Order",e9b8b1dd-b03e-41be-a5a9-f32756330366
47639,52289,35350,0,9236,2025-09-10,1001,NULL,97437,"2026-08-06 18:21:07","Added from Work Order",80e6d2bb-2eb2-4807-b77c-1f49ce4fc1f5
47640,52289,35420,0,9236,2025-09-10,1001,NULL,97437,"2026-08-06 18:21:07","Added from Work Order",ce48d8d5-a5af-492b-8c33-4eb3afc4247c
47321,52293,35209,0,9236,2026-07-15,3703,NULL,97071,"2026-08-06 14:07:44","Added from Work Order",87f414f2-d398-4fb2-b767-e81fc500ee2c
47319,52293,35141,0,9236,2026-04-04,3129,NULL,97069,"2026-08-06 14:07:02","Added from Work Order",a09a179f-c65c-4c4b-b358-b92f8ed28490
47320,52293,35175,0,9236,2025-10-04,2070,NULL,97070,"2026-08-06 14:07:22","Added from Work Order",1a93fed6-f80a-44a6-a8ae-71f4a138a9a5
47641,52297,34740,0,9236,2026-04-17,10710,NULL,97440,"2026-08-06 18:22:38","Added from Work Order",c3eb394a-ae64-4f84-ac5d-b6b198dc2a0b
47642,52297,34844,0,9236,2026-04-17,10710,NULL,97440,"2026-08-06 18:22:38","Added from Work Order",084df194-3e26-4502-9a11-5c80d8a9fa22
47643,52297,34792,0,9236,2025-06-21,9521,NULL,97439,"2026-08-06 18:23:10","Added from Work Order",45b9743e-bc60-486a-93ae-880d8f81692f
47312,52300,35178,0,9236,2026-06-03,7364,NULL,97060,"2026-08-06 14:03:26","Added from Work Order",83a90559-7b79-46c5-8e21-1acfd91dbb6f
47310,52300,35212,0,9236,2026-06-03,7364,NULL,97060,"2026-08-06 14:03:25","Added from Work Order",14e43040-78e4-49b9-845b-7f4fe6c13e56
47311,52300,35144,0,9236,2026-06-03,7364,NULL,97060,"2026-08-06 14:03:25","Added from Work Order",9a82f4d0-876e-4599-8f7f-998896f68bee
47632,52301,34799,0,9236,2026-07-09,7435,NULL,97428,"2026-08-06 18:12:33","Added from Work Order",dd2afcb2-b47d-4921-80bb-a13c5013a754
47630,52301,34695,0,9236,2026-02-18,6862,NULL,97426,"2026-08-06 18:12:09","Added from Work Order",caa7fa1a-a61c-48c8-8990-31b5669afc9a
47631,52301,34747,0,9236,2026-02-18,6862,NULL,97426,"2026-08-06 18:12:09","Added from Work Order",e2cfee3f-6737-420a-ad5d-13edd4e9e7fa
47274,52304,35203,0,9236,2026-06-16,9898,NULL,97025,"2026-08-06 13:40:33","Added from Work Order",b846d304-efde-4d69-a77b-b886c378a122
47276,52304,35169,0,9236,2026-01-08,9361,NULL,97023,"2026-08-06 13:41:18","Added from Work Order",65326adc-9d4c-4123-a640-7f598c27fdb6
47275,52304,35135,0,9236,2026-01-08,9361,NULL,97023,"2026-08-06 13:41:17","Added from Work Order",e0c12c80-be94-4921-a222-76e01f1cd9b3
47661,52306,34649,0,9236,2026-04-24,5538,NULL,97458,"2026-08-06 18:35:55","Added from Work Order",3adc8b56-955b-4b78-8577-7f8197e08dd1
47659,52306,34632,0,9236,2025-10-18,5050,NULL,97456,"2026-08-06 18:35:08","Added from Work Order",07146ed0-80cd-4d10-8f51-20e2a4910c7c
47660,52306,34643,0,9236,2024-06-18,4053,NULL,97457,"2026-08-06 18:35:33","Added from Work Order",4a2ec238-077a-4bf2-9c39-978235b1c92b
47335,52310,35194,0,9236,2026-06-12,3149,NULL,97087,"2026-08-06 14:15:54","Added from Work Order",b4d9018a-3409-412f-92ad-5d8f67ef1cd1
47336,52310,35126,0,9236,2026-06-12,3149,NULL,97087,"2026-08-06 14:15:54","Added from Work Order",7337b662-eec7-4e30-bf54-22481635baab
47337,52310,35160,0,9236,2025-10-30,2115,NULL,97088,"2026-08-06 14:16:16","Added from Work Order",46a9142d-77fb-49b2-8d35-449e2e543395
47649,52311,34846,0,9236,2026-07-24,11594,NULL,97446,"2026-08-06 18:26:45","Added from Work Order",549e9ebe-3c46-4f49-9bed-81671ecd61f3
47647,52311,34742,0,9236,2026-02-14,11069,NULL,97444,"2026-08-06 18:26:18","Added from Work Order",0721555d-c79f-40de-a28c-86e8214f9327
47648,52311,34794,0,9236,2026-02-14,11069,NULL,97444,"2026-08-06 18:26:18","Added from Work Order",a933e4e4-65a9-4263-b5b7-5282232230ac
47344,52316,35192,0,9236,2026-06-13,502,NULL,97098,"2026-08-06 14:20:34","Added from Work Order",ac265f97-b988-463a-aa92-72f940212da8
47646,52317,34793,0,9236,2026-07-15,10813,NULL,97441,"2026-08-06 18:24:55","Added from Work Order",34dd6e51-64ca-449b-938e-4c8232794e9b
47644,52317,34845,0,9236,2026-07-15,10813,NULL,97441,"2026-08-06 18:24:54","Added from Work Order",635c6fbe-d9e4-4a0f-aeac-11e2ec344144
47645,52317,34741,0,9236,2026-07-15,10813,NULL,97441,"2026-08-06 18:24:54","Added from Work Order",741edb94-a087-4719-9dd6-7a796e0c160e
47653,52319,34626,0,9236,2025-11-11,5109,NULL,97450,"2026-08-06 18:30:28","Added from Work Order",faa0ef4c-3c38-430a-b1e5-0833b01cc47e
47654,52319,34653,0,9236,2025-11-11,5109,NULL,97450,"2026-08-06 18:30:28","Added from Work Order",14d97b6c-6f55-46ac-afa6-63d2bad1e446
47655,52319,34637,0,9236,2024-11-02,4057,NULL,97451,"2026-08-06 18:30:50","Added from Work Order",53a098a6-9840-43a7-ab7c-5433097ea300
47332,52326,35208,0,9236,2026-07-16,2493,NULL,97084,"2026-08-06 14:14:54","Added from Work Order",7b0838e8-26a3-4bb5-aef8-c386b5da2178
47333,52326,35140,0,9236,2026-07-16,2493,NULL,97084,"2026-08-06 14:14:54","Added from Work Order",8f90080c-a6f7-4c03-b860-d0b85b28ba40
47334,52326,35174,0,9236,2026-07-16,2493,NULL,97084,"2026-08-06 14:14:54","Added from Work Order",66febada-f553-45a5-8395-92ed7fed37d4
47656,52327,34862,0,9236,2026-08-01,12281,NULL,97453,"2026-08-06 18:33:23","Added from Work Order",b91b38de-bd93-42b5-a1ff-c06087485e9b
47657,52327,34870,0,9236,2026-08-01,12281,NULL,97453,"2026-08-06 18:33:23","Added from Work Order",d1e24b4f-6e33-4d3d-95a2-fce56071bb7e
47658,52327,34866,0,9236,2026-02-13,11781,NULL,97454,"2026-08-06 18:33:56","Added from Work Order",68c6649e-a101-4075-815b-b8d3838cf80d
47345,52329,35191,0,9236,2026-06-06,2356,NULL,97099,"2026-08-06 14:21:27","Added from Work Order",33a8c8a4-b212-4297-bf33-2a56b49827ee
47346,52329,35123,0,9236,2026-06-06,2356,NULL,97099,"2026-08-06 14:21:27","Added from Work Order",9bb8e0fa-c64b-4dbb-a804-b479803ac040
47347,52329,35157,0,9236,2026-06-06,2356,NULL,97099,"2026-08-06 14:21:27","Added from Work Order",9a2d10c3-b8c0-4305-8387-dd322cf075f9
47651,52331,34654,0,9236,2025-11-01,5423,NULL,97449,"2026-08-06 18:28:07","Added from Work Order",779eaae7-0ff5-46c5-91b3-21c955809d37
47650,52331,34625,0,9236,2025-11-01,5423,NULL,97449,"2026-08-06 18:28:06","Added from Work Order",b3561b06-0b3d-4b42-8142-46b6a0d384c4
47652,52331,34636,0,9236,2024-06-21,4459,NULL,97448,"2026-08-06 18:28:35","Added from Work Order",85b76aab-3e55-49fb-ad0d-e7076002e196
48417,52339,35189,0,16222,2026-08-05,2872,NULL,98750,"2026-08-10 19:02:21","Added from Work Order",adcaed7c-4b0a-42a2-9ae6-e8191e60b409
47338,52339,35189,0,9236,2026-04-21,2367,NULL,97090,"2026-08-06 14:17:24","Added from Work Order",1e6bc2f2-2e52-4567-bbdd-dfcaf656d9bf
47339,52339,35119,0,9236,2026-04-21,2367,NULL,97090,"2026-08-06 14:17:24","Added from Work Order",c4a8f791-0c18-4280-926e-2fa91e9d977c
47340,52339,35154,0,9236,2026-04-21,2367,NULL,97090,"2026-08-06 14:17:24","Added from Work Order",6822f1ee-00e3-42fd-a4c9-6b421f33f9fe
47343,52347,35193,0,9236,2026-07-11,2666,NULL,97095,"2026-08-06 14:19:12","Added from Work Order",fee7f40a-5fdf-457f-b9a7-94d4a1775db0
47341,52347,35125,0,9236,2026-04-03,2139,NULL,97093,"2026-08-06 14:18:48","Added from Work Order",762d4b11-100c-4e78-a43f-4399fe664d6d
47342,52347,35159,0,9236,2026-04-03,2139,NULL,97093,"2026-08-06 14:18:48","Added from Work Order",bf662d0a-316e-4b7b-a0e4-eb35dd031b53
47701,52356,35872,0,9236,2025-01-29,1002,NULL,97497,"2026-08-06 19:09:52","Added from Work Order",b6c71b56-308a-4650-8f30-7e25a09a0ec7
47700,52356,34565,0,9236,2024-02-05,841,NULL,97495,"2026-08-06 19:09:11","Added from Work Order",025a8bb3-d513-487b-b30f-9e3fef196185
47348,52536,34687,0,9236,2026-07-08,10444,NULL,97102,"2026-08-06 14:22:24","Added from Work Order",36becc6f-e057-4c85-94b8-44c0840b7d03
47349,52536,34659,0,9236,2026-07-08,10444,NULL,97102,"2026-08-06 14:22:24","Added from Work Order",888805b9-1449-4814-8232-bcf4523f5f58
47350,52536,34670,0,9236,2026-07-08,10444,NULL,97102,"2026-08-06 14:22:24","Added from Work Order",e0b8ac18-a9da-4669-ba5d-016f063bbf09
48818,52541,34682,0,16222,2026-08-12,9217,NULL,98951,"2026-08-17 15:23:28","Added from Work Order",9fec5de3-4478-4a16-b343-1295ee7e85c3
48819,52541,34664,0,16222,2026-08-12,9217,NULL,98951,"2026-08-17 15:23:28","Added from Work Order",a6a22580-90cf-4f4a-b25e-c36a75cc07ec
47356,52541,34682,0,9236,2026-03-13,8711,NULL,97110,"2026-08-06 14:24:57","Added from Work Order",80b45c04-a8be-44d3-aca3-0adca3f3eab8
47354,52541,34664,0,9236,2025-11-22,8223,NULL,97108,"2026-08-06 14:24:35","Added from Work Order",34f99bd3-270d-4bc5-9238-c81a0f42bc0c
47355,52541,34675,0,9236,2025-11-22,8223,NULL,97108,"2026-08-06 14:24:35","Added from Work Order",29166d49-dd93-481b-b0d7-5a45c5c18d7a
47369,52557,34671,0,9236,2026-01-10,4738,NULL,97122,"2026-08-06 14:33:10","Added from Work Order",bcc7b7a1-8e0d-42a4-a97e-61f57553c553
47370,52557,34686,0,9236,2026-01-10,4738,NULL,97122,"2026-08-06 14:33:10","Added from Work Order",2a7340bc-d26e-41ef-857f-fc302ddad48d
47368,52557,34660,0,9236,2025-09-13,4038,NULL,97120,"2026-08-06 14:32:45","Added from Work Order",44fe4841-24e1-4a3a-9b5f-1c1fbde85c4e
47364,52566,34680,0,9236,2026-04-21,6839,NULL,97116,"2026-08-06 14:29:19","Added from Work Order",25d29934-0591-439e-80b2-b143f6b5424a
47362,52566,34666,0,9236,2025-11-08,6303,NULL,97114,"2026-08-06 14:28:53","Added from Work Order",3576e8d3-44f5-43ae-9403-0170b0dd3241
47363,52566,34677,0,9236,2025-11-08,6303,NULL,97114,"2026-08-06 14:28:53","Added from Work Order",86dd993f-bdf0-4405-9373-63675c880536
47360,52569,34683,0,9236,2026-02-14,7540,NULL,97111,"2026-08-06 14:28:00","Added from Work Order",b7b2bae9-6f33-413d-97bb-15c1927758a3
47361,52569,34663,0,9236,2026-02-14,7540,NULL,97111,"2026-08-06 14:28:00","Added from Work Order",a4272d1a-bd01-4ce2-b95a-9289f0708b31
47357,52569,34663,0,9236,2026-02-14,7540,NULL,97113,"2026-08-06 14:25:53","Added from Work Order",bca43a91-99e6-4985-a87f-365596298979
47358,52569,34674,0,9236,2026-02-14,7540,NULL,97113,"2026-08-06 14:25:53","Added from Work Order",d4193272-96a2-4ea7-80cd-85b2cf6e6cbf
47359,52569,34674,0,9236,2025-07-19,6460,NULL,97112,"2026-08-06 14:26:52","Added from Work Order",425a3950-b9c7-4696-b423-19cb1d50e83d
47365,52573,34681,0,9236,2026-05-29,5479,NULL,97119,"2026-08-06 14:30:23","Added from Work Order",aa30f637-a982-44d6-b578-77414d470de5
47366,52573,34665,0,9236,2026-05-29,5479,NULL,97119,"2026-08-06 14:30:23","Added from Work Order",dd75005f-4c16-4006-82ca-16bf8e91c34e
47367,52573,34676,0,9236,2025-09-06,4281,NULL,97118,"2026-08-06 14:30:56","Added from Work Order",13e4d0c9-e4f0-45f8-8f5e-1b9af7adc6e3
47351,52579,34679,0,9236,2026-05-08,8756,NULL,97105,"2026-08-06 14:23:33","Added from Work Order",2651d1fa-f0ee-488c-a437-74aedd847ddf
47352,52579,34667,0,9236,2026-05-08,8756,NULL,97105,"2026-08-06 14:23:33","Added from Work Order",890d7f8c-497b-480a-a2c2-ec9381e2ba5d
47353,52579,34678,0,9236,2026-05-08,8756,NULL,97105,"2026-08-06 14:23:33","Added from Work Order",b182e90c-8ea0-4855-8798-1ca3d6d8074d
48385,52580,34689,0,9236,2026-07-20,6368,NULL,97125,"2026-08-10 17:11:55","Added from Work Order",40985d2b-020d-452f-92b3-9af6808cbb24
48386,52580,34668,0,9236,2026-07-20,6368,NULL,97125,"2026-08-10 17:11:55","Added from Work Order",5255852b-8ba3-4269-b278-4eb708d7e3cf
48830,52589,37155,0,16222,2026-08-13,NULL,NULL,99590,"2026-08-17 16:17:49","Added from Work Order",5034244f-c496-404d-80a3-a7f810ca73e5
48829,52589,37155,1,16222,2026-08-17,NULL,NULL,NULL,"2026-08-17 16:14:15","Initial Setup",a8b9d974-1b9c-4a46-a305-fab0404c3856
48828,52589,37154,1,16222,2026-08-13,NULL,NULL,99588,"2026-08-17 16:12:41","Added from Work Order",394f60e4-0042-4ac9-a77c-5711ea33296f
47129,52723,35947,0,9236,2026-03-25,NULL,107727,96894,"2026-08-05 19:27:12","Added from Work Order",d1747092-5a35-48a0-8ab7-d25a233b7421
47128,52723,35958,0,9236,2025-09-14,NULL,97035,96893,"2026-08-05 19:26:29","Added from Work Order",b9ef98d7-6e7f-41bc-a395-142e441b2e8e
48114,52749,36925,0,9236,2026-07-14,NULL,NULL,98152,"2026-08-07 15:20:47","Added from Work Order",f51170b7-3769-4c9b-b897-5ae35dad2c17
48115,52749,36853,0,9236,2026-07-14,NULL,NULL,98152,"2026-08-07 15:20:47","Added from Work Order",2aefb57d-3715-4052-97e1-1fe94b081699
48623,52751,37116,0,16222,2026-08-05,NULL,NULL,99159,"2026-08-12 20:04:23","Added from Work Order",6889f27b-0654-46b5-9313-60109f5644b2
48801,52754,35466,0,16382,2026-08-17,1075,NULL,99545,"2026-08-17 13:26:18","Added from Work Order",050053aa-c083-4b7f-a32c-8bb677dbb961
48346,52754,35466,0,1288,2026-02-20,765,NULL,97831,"2026-08-10 16:31:59","Added from Work Order",f8204ae5-0efc-4831-ad69-edaa5c71ed9a
48110,52756,36923,0,9236,2026-04-09,NULL,NULL,98150,"2026-08-07 15:19:42","Added from Work Order",6a1186dc-5fdb-45aa-8070-7f1de635eba0
48111,52756,36851,0,9236,2026-04-09,NULL,NULL,98150,"2026-08-07 15:19:42","Added from Work Order",e77f461f-4678-40e9-8526-08db31cadb12
48294,52757,36587,0,1288,2025-08-11,2023,2028,98163,"2026-08-10 16:12:46","Added from Work Order",a68bc4c8-b9a7-495a-a666-c3130bff0ee0
48295,52757,36547,0,1288,2025-08-11,2023,2028,98163,"2026-08-10 16:12:46","Added from Work Order",59a3da18-38fc-49cc-9a54-d7326c931444
48296,52757,36666,0,1288,2025-08-11,2023,2028,98163,"2026-08-10 16:12:46","Added from Work Order",7ee257f0-bc47-4d36-9461-8b34484e08d9
48297,52757,36606,0,1288,2025-08-11,2023,2028,98163,"2026-08-10 16:12:46","Added from Work Order",e8f6ad19-97e4-4822-9ba5-e0029143d75c
48298,52757,36582,0,1288,2025-08-11,2023,2028,98163,"2026-08-10 16:12:46","Added from Work Order",1ed605a1-28b2-4176-84e1-353ad9eee3f7
48299,52757,36670,0,1288,2025-08-11,2023,2028,98163,"2026-08-10 16:12:46","Added from Work Order",2c94d41d-80d7-4149-a149-3c3ba2b852c7
48624,52759,37117,0,16222,2026-08-05,NULL,NULL,99160,"2026-08-12 20:07:24","Added from Work Order",e18d4d22-f2b6-43de-a836-b6fd6f2bdcb8
47842,52764,34443,0,9236,2026-02-18,862,NULL,97869,"2026-08-06 21:24:08","Added from Work Order",e5463753-11ea-4531-9a21-671f27abe5e9
48291,52775,36588,0,1288,2026-04-01,521,497,98174,"2026-08-10 16:10:02","Added from Work Order",b66cf492-8693-4e20-9680-1348afb7d1ce
48292,52775,36601,0,1288,2026-04-01,521,497,98174,"2026-08-10 16:10:02","Added from Work Order",fc367e2b-379f-4b28-8216-abc2eb0ac324
47843,52792,34435,0,9236,2026-04-15,1034,NULL,97872,"2026-08-06 21:26:11","Added from Work Order",a21e4a2a-8912-45b1-adb2-d97f19850e7f
47844,52792,34445,0,9236,2025-03-21,608,NULL,97873,"2026-08-06 21:26:55","Added from Work Order",41a38c9b-1e9c-4de2-819a-16c1ab06c4c0
47845,52800,34448,0,9236,2026-03-27,534,NULL,97879,"2026-08-06 21:30:43","Added from Work Order",e4564fde-3d47-4b24-9db3-c403723803e7
48140,52810,35266,0,9236,2026-04-20,3047,NULL,98179,"2026-08-07 15:32:57","Added from Work Order",1786e58e-68f8-4f37-9469-1e1332c0ac71
48137,52812,34854,0,9236,2026-05-25,2002,NULL,98176,"2026-08-07 15:31:50","Added from Work Order",893dfec5-a0e5-49de-ade2-d63836f88e82
48138,52812,34857,0,9236,2026-05-25,2002,NULL,98176,"2026-08-07 15:31:50","Added from Work Order",15790fb1-73f8-49f3-a3f9-dc3683aeaa9b
48139,52812,34851,0,9236,2026-05-25,2002,NULL,98176,"2026-08-07 15:31:50","Added from Work Order",cea780f4-cd3f-4c03-8151-1ff208adbacd
48142,52814,34855,0,9236,2026-06-25,9416,NULL,98181,"2026-08-07 15:34:45","Added from Work Order",d36338eb-4135-4e15-a520-da317aeee128
48143,52814,34858,0,9236,2026-06-25,9416,NULL,98181,"2026-08-07 15:34:45","Added from Work Order",fc74d117-05f7-4024-92ef-778695c1127a
48144,52814,34852,0,9236,2026-06-25,9416,NULL,98181,"2026-08-07 15:34:45","Added from Work Order",885ddf96-74b4-44aa-b78c-e14e3e6ab803
48146,52818,34432,0,9236,2026-02-16,1193,NULL,98184,"2026-08-07 15:36:06","Added from Work Order",c435a0ce-eaa4-423c-b53e-bd770dca43ad
48147,52818,34431,0,9236,2026-02-16,1193,NULL,98184,"2026-08-07 15:36:06","Added from Work Order",f7366fae-9808-4fb8-9f23-69d85d3e4e83
48141,52823,35263,0,9236,2026-05-15,8266,NULL,98180,"2026-08-07 15:33:41","Added from Work Order",25682853-1f8c-4f46-8ab2-81383acf19ba
48970,52856,34673,0,16222,2026-07-19,2498,NULL,97126,"2026-08-18 15:23:28","Added from Work Order",8496aa27-afa4-41c1-a8e1-d068ea8e89ff
48968,52856,34684,0,16222,2026-07-19,2498,NULL,97126,"2026-08-18 15:23:27","Added from Work Order",9566dffa-7e8b-4090-80ad-4b4108fc4dd8
48969,52856,34662,0,16222,2026-07-19,2498,NULL,97126,"2026-08-18 15:23:27","Added from Work Order",c6d9554c-9397-41e3-bcc5-0b59982c19f8
49042,52860,37201,0,16222,2026-06-11,NULL,NULL,99939,"2026-08-18 20:23:29","Added from Work Order",750e052f-2302-4bc5-bfab-3a0551964dea
49043,52860,37212,0,16222,2025-12-09,1492,NULL,99940,"2026-08-18 20:24:43","Added from Work Order",2babfccd-f4b5-479a-8006-9b4653d1eb9c
49018,52863,37220,0,16222,2026-08-12,98,NULL,99912,"2026-08-18 18:57:24","Added from Work Order",06b4e4f7-bfb7-44a3-9049-241fc12bf4bf
48132,52877,36934,0,9236,2026-05-29,NULL,NULL,98161,"2026-08-07 15:26:19","Added from Work Order",4ad9f14e-abf6-42aa-a060-93b1dac0a89f
48133,52877,36862,0,9236,2026-05-29,NULL,NULL,98161,"2026-08-07 15:26:19","Added from Work Order",c95fddbd-3a9b-4bf2-83a4-73fe6b953d04
47863,52895,34952,0,9236,2026-03-11,17670,NULL,97895,"2026-08-07 13:03:04","Added from Work Order",dbcbab5f-735c-443c-bc58-89e3010424de
47861,52895,34932,0,9236,2025-08-12,17173,NULL,97893,"2026-08-07 13:01:08","Added from Work Order",4a9ee4fa-37e9-4360-8eac-ba9fdbd270b2
47862,52895,34939,0,9236,2023-11-10,15210,NULL,97894,"2026-08-07 13:02:36","Added from Work Order",ca319d37-7b30-4eeb-b632-d5f76fdf02e7
47869,52907,35036,0,9236,2026-02-02,11408,NULL,97901,"2026-08-07 13:10:09","Added from Work Order",2f0235cc-5030-433c-b24e-81d5b9ca8447
47867,52907,34954,0,9236,2025-08-13,11112,NULL,97899,"2026-08-07 13:09:15","Added from Work Order",4c109f67-0bbd-4683-aa52-154ea691ed8b
47868,52907,34998,0,9236,2023-04-19,9557,NULL,97900,"2026-08-07 13:09:45","Added from Work Order",bae0337c-5341-4a5a-bb03-ee8d3ffe2d29
49045,52910,37202,0,16222,2026-09-16,NULL,NULL,99942,"2026-08-18 20:34:08","Added from Work Order",0a922093-1de5-4f68-8f86-e5366dea52dd
49044,52910,37214,0,16222,2025-09-16,1498,NULL,99941,"2026-08-18 20:32:15","Added from Work Order",c617e363-0292-41f7-a129-76f302158d9f
47888,52911,35040,0,9236,2026-03-18,10998,NULL,97925,"2026-08-07 13:21:53","Added from Work Order",fae9f779-84be-4a60-bca8-8cda9f8c7fc5
47886,52911,34958,0,9236,2025-05-17,10496,NULL,97923,"2026-08-07 13:21:05","Added from Work Order",78974a62-fbbd-4cde-ab62-236c60da9481
47887,52911,35002,0,9236,2024-02-02,9036,NULL,97924,"2026-08-07 13:21:33","Added from Work Order",c2308e81-c8c2-45a7-acb7-a9df118a74b4
47885,52912,35039,0,9236,2026-05-06,10250,NULL,97922,"2026-08-07 13:20:07","Added from Work Order",9f367fd9-d37e-4750-bd11-acfa9049eb19
47883,52912,34957,0,9236,2024-08-01,8868,NULL,97920,"2026-08-07 13:19:44","Added from Work Order",5f62cf8e-cecb-49c9-8821-33e6d1adca34
47884,52912,35001,0,9236,2024-08-01,8868,NULL,97920,"2026-08-07 13:19:44","Added from Work Order",1b6f3130-e031-46d0-8474-2318c38a0c6e
48400,52913,35038,0,9236,2025-11-08,10073,NULL,97919,"2026-08-10 17:47:55","Added from Work Order",a96e5ec2-847b-4d86-b1b4-952e2b3459b7
48398,52913,34956,0,9236,2024-03-19,9173,NULL,97916,"2026-08-10 17:47:15","Added from Work Order",a9ed147a-b839-452b-b2f6-072653da84eb
48399,52913,35000,0,9236,2024-03-19,9173,NULL,97916,"2026-08-10 17:47:15","Added from Work Order",af6f0d73-3180-4434-b263-7b6a6e29672c
47882,52914,35037,0,9236,2026-06-22,11456,NULL,97914,"2026-08-07 13:17:11","Added from Work Order",a7a9c447-3a4d-4e09-8d91-8cce49d61169
47880,52914,34955,0,9236,2025-12-21,10190,NULL,97912,"2026-08-07 13:16:21","Added from Work Order",8d8be76b-8248-414c-8039-e517b2c4de6f
47881,52914,34999,0,9236,2024-04-01,9143,NULL,97913,"2026-08-07 13:16:46","Added from Work Order",d339200c-5dcb-420e-a81e-cb4d0afb6191
47889,52916,34383,0,9236,2026-06-24,789,NULL,97926,"2026-08-07 13:23:04","Added from Work Order",ed3865bf-0390-46c9-80bd-a35d8895cd47
48409,52917,34419,0,9236,2026-06-02,13745,90914,97928,"2026-08-10 18:45:51","Added from Work Order",c403c19d-1031-42df-9bdd-501d20b23647
47892,52917,34419,0,9236,2026-06-02,NULL,90914,97929,"2026-08-07 13:25:23","Added from Work Order",604eeb89-7fff-4715-8122-6e7bbe54d34a
47891,52917,34413,0,9236,2026-06-02,13745,NULL,97928,"2026-08-07 13:24:52","Added from Work Order",e7c1ec14-6221-4cbe-aa43-f2903b2ed92d
47895,52918,34384,0,9236,2026-04-27,891,NULL,97934,"2026-08-07 13:28:23","Added from Work Order",9898cdf2-3b64-4165-8eea-ec206c8d310d
47894,52920,34691,0,9236,2026-03-31,237,NULL,97932,"2026-08-07 13:27:42","Added from Work Order",8bc3f52d-3230-4297-9466-cda602fade7e
47893,52920,36791,0,9236,2026-02-06,NULL,NULL,97930,"2026-08-07 13:26:46","Added from Work Order",572fc245-c39d-4c0b-9a15-292a1e1948dd
47902,52922,35995,0,9236,2025-11-24,1550,NULL,97945,"2026-08-07 13:34:30","Added from Work Order",b4885daf-1412-4855-8c1e-c668b5d18a19
47898,52923,35042,0,9236,2025-10-18,6562,NULL,97941,"2026-08-07 13:31:52","Added from Work Order",2d5edbd2-4ff1-4ae9-8701-fd200f1aecc7
47896,52923,34960,0,9236,2025-02-14,6038,NULL,97939,"2026-08-07 13:30:38","Added from Work Order",03d76b40-83e1-4fb0-9a5a-8ee69d2f7e86
47897,52923,35004,0,9236,2023-03-14,4632,NULL,97940,"2026-08-07 13:31:08","Added from Work Order",e98de82c-c5fb-42c7-9b05-0543c8bb0758
47899,52924,35043,0,9236,2026-07-29,6852,NULL,97942,"2026-08-07 13:32:58","Added from Work Order",8ff8bbe0-9f98-4478-82b7-d60a2a337924
47900,52924,34961,0,9236,2026-07-29,6852,NULL,97942,"2026-08-07 13:32:58","Added from Work Order",5ab9e894-86a2-4e27-88bf-96818334d693
47901,52924,35005,0,9236,2026-07-29,6852,NULL,97942,"2026-08-07 13:32:58","Added from Work Order",fad6d93b-bc82-42c9-8a0e-a6c1b02ff51f
48262,52927,35041,0,9236,2026-06-25,6757,NULL,97935,"2026-08-10 14:17:27","Added from Work Order",8fb078e0-e7fd-4aba-b3dd-9dbf98bebeb5
48263,52927,34959,0,9236,2026-06-25,6757,NULL,97935,"2026-08-10 14:17:27","Added from Work Order",12c8bb11-dc1d-4906-9302-7b27e871683e
48264,52927,35003,0,9236,2026-06-25,6757,NULL,97935,"2026-08-10 14:17:27","Added from Work Order",95e4554f-1f72-4bb9-888e-a23f86f29cc6
47914,52931,35047,0,9236,2026-05-19,6227,NULL,97957,"2026-08-07 13:41:37","Added from Work Order",aad3f315-180b-4c22-8360-fac372b310ba
47912,52931,34965,0,9236,2026-01-08,5499,NULL,97955,"2026-08-07 13:41:04","Added from Work Order",63ee1125-0f68-4dd8-9669-748c7350e1d1
47913,52931,35009,0,9236,2025-04-16,4475,NULL,97956,"2026-08-07 13:41:22","Added from Work Order",6c9f3b9a-9441-4a12-a5f5-054dcdc2ad37
47905,52932,35044,0,9236,2026-04-23,6267,NULL,97948,"2026-08-07 13:35:42","Added from Work Order",2169bb06-b393-4655-9d90-6674973ba7de
47903,52932,34962,0,9236,2025-11-22,5783,NULL,97946,"2026-08-07 13:35:20","Added from Work Order",936c3e5d-3a72-4b62-b24c-0f49f588bfbf
47904,52932,35006,0,9236,2025-11-22,5783,NULL,97946,"2026-08-07 13:35:20","Added from Work Order",63a54f6c-f457-486b-bc26-cfc109b1d1aa
47911,52934,35046,0,9236,2026-05-08,6197,NULL,97954,"2026-08-07 13:40:24","Added from Work Order",c434e9ea-8ff5-451b-8d16-16d57ee1aad5
47909,52934,34964,0,9236,2025-05-10,5712,NULL,97952,"2026-08-07 13:39:39","Added from Work Order",24ec7437-d219-4a46-a328-ad16b129adec
47910,52934,35008,0,9236,2024-01-25,4261,NULL,97953,"2026-08-07 13:40:03","Added from Work Order",160a149e-200e-4851-b99c-4372656d0f22
47923,52937,35050,0,9236,2026-07-09,5410,NULL,97966,"2026-08-07 13:45:55","Added from Work Order",ca67bebc-e2d8-4ae6-a28f-5d1172338ca3
47921,52937,34968,0,9236,2025-10-04,4907,NULL,97964,"2026-08-07 13:45:08","Added from Work Order",63165a5d-46a1-48bd-8bf3-b21eafe88814
47922,52937,35012,0,9236,2025-02-28,4414,NULL,97965,"2026-08-07 13:45:37","Added from Work Order",3c77ab1b-c695-4b42-a17c-6ad85afe0aaa
47918,52939,35049,0,9236,2026-01-31,5603,NULL,97963,"2026-08-07 13:44:00","Added from Work Order",89744557-5d43-436f-b554-43adf48ed78a
47919,52939,34967,0,9236,2026-01-31,5603,NULL,97963,"2026-08-07 13:44:00","Added from Work Order",375afefc-8b28-46a8-a812-493f5408c33b
47920,52939,35011,0,9236,2024-07-20,4603,NULL,97962,"2026-08-07 13:44:23","Added from Work Order",bcb6a483-39fe-46d6-bca2-816e47ae9b4d
47908,52940,35045,0,9236,2026-01-22,5737,NULL,97951,"2026-08-07 13:37:47","Added from Work Order",45fc5b44-d19c-4333-945a-825eb9834907
47906,52940,34963,0,9236,2024-11-23,5241,NULL,97949,"2026-08-07 13:36:58","Added from Work Order",a0365cb9-0714-4fb2-a82b-5cecd99981b5
47907,52940,35007,0,9236,2023-10-20,4187,NULL,97950,"2026-08-07 13:37:23","Added from Work Order",d3429e8c-8f08-42ee-bd3a-78eec317975b
47940,52943,36734,0,9236,2021-10-07,443,NULL,97982,"2026-08-07 13:54:23","Added from Work Order",8c778ba1-6330-4caf-8e7e-3a7cce13f5fd
47917,52944,35048,0,9236,2025-10-20,5864,NULL,97960,"2026-08-07 13:42:58","Added from Work Order",855b376d-7e50-4b95-bc86-7ab4aec058d0
47915,52944,34966,0,9236,2024-01-04,4850,NULL,97958,"2026-08-07 13:42:39","Added from Work Order",f80ccede-b670-43d2-9194-e48f04347733
47916,52944,35010,0,9236,2024-01-04,4850,NULL,97958,"2026-08-07 13:42:39","Added from Work Order",fdb84f8e-f828-4ed3-81b0-4505fa81df8c
47926,52947,35029,0,9236,2026-07-28,8483,NULL,97969,"2026-08-07 13:47:51","Added from Work Order",d4f8ccd4-0574-497b-aa61-c07bfd08d270
47924,52947,34990,0,9236,2026-01-19,7958,NULL,97967,"2026-08-07 13:47:11","Added from Work Order",e664601f-6f8b-4420-aa94-1b13a5adf24f
47925,52947,34997,0,9236,2024-12-14,6820,NULL,97968,"2026-08-07 13:47:33","Added from Work Order",ef9f6405-2ab8-43cb-90ec-46773375dba8
47934,52949,34945,0,9236,2026-05-26,2499,NULL,97976,"2026-08-07 13:51:48","Added from Work Order",27d1f3f9-e18e-4df6-b4bd-6f00fe9a5faf
47935,52949,34927,0,9236,2026-05-26,2499,NULL,97976,"2026-08-07 13:51:48","Added from Work Order",898747e1-b719-4446-a6e6-ed73e45b81c6
47936,52949,34941,0,9236,2026-05-26,2499,NULL,97976,"2026-08-07 13:51:48","Added from Work Order",38234cfa-8453-4727-ae20-8edf278cb679
47929,52950,35051,0,9236,2026-05-29,5644,NULL,97972,"2026-08-07 13:49:21","Added from Work Order",26a620c8-31c3-4056-bf2d-d5a645022e40
47927,52950,34969,0,9236,2025-12-20,5160,NULL,97970,"2026-08-07 13:48:34","Added from Work Order",79a863dd-797e-4272-a71a-7300939aa136
47928,52950,35013,0,9236,2024-08-08,4166,NULL,97971,"2026-08-07 13:48:58","Added from Work Order",684195b7-e2f5-4580-abfd-dd296be629eb
47948,52952,35016,0,9236,2026-06-16,5917,NULL,97988,"2026-08-07 13:56:52","Added from Work Order",a2d111b9-d866-42d7-b473-e04164544301
47945,52952,34972,0,9236,2026-06-16,5917,NULL,97986,"2026-08-07 13:56:26","Added from Work Order",f549d88b-4920-4f0b-b535-812bad4c5d81
47946,52952,35054,0,9236,2026-06-16,5917,NULL,97986,"2026-08-07 13:56:26","Added from Work Order",793f1707-e4fb-4126-bbd8-446c5835793d
47949,52952,35016,0,9236,2025-10-24,4760,NULL,97987,"2026-08-07 13:57:36","Added from Work Order",e0ac5ac1-24e5-4e1c-b968-c65024b1985e
47937,52956,34946,0,9236,2026-05-26,2814,NULL,97979,"2026-08-07 13:53:13","Added from Work Order",32b122ac-4322-4e72-a678-548b22386709
47938,52956,34928,0,9236,2026-05-26,2814,NULL,97979,"2026-08-07 13:53:13","Added from Work Order",8c847d6c-dc02-4520-8ae2-1b2455e1f768
47939,52956,34942,0,9236,2026-05-26,2814,NULL,97979,"2026-08-07 13:53:13","Added from Work Order",d150fbd2-04fc-4130-a6d5-3937dac2aed2
47943,52961,35053,0,9236,2026-03-17,4841,NULL,97985,"2026-08-07 13:55:26","Added from Work Order",04081ebb-0baf-4544-893c-e909fbd892a0
47941,52961,34971,0,9236,2025-10-20,4272,NULL,97983,"2026-08-07 13:55:05","Added from Work Order",d53f4e28-7fd5-4392-a5df-f7c9d7b13f7a
47942,52961,35015,0,9236,2025-10-20,4272,NULL,97983,"2026-08-07 13:55:05","Added from Work Order",486dbe13-6760-4b27-a24c-d7078057aabe
47930,52962,35052,0,9236,2025-12-04,3126,NULL,97973,"2026-08-07 13:50:35","Added from Work Order",0ca583d2-eb87-4568-8873-e5e4bbafe197
47931,52962,34970,0,9236,2025-12-04,3126,NULL,97973,"2026-08-07 13:50:35","Added from Work Order",6ebbdf33-a7de-4c53-8921-219cad75c6a0
47932,52962,35014,0,9236,2022-08-24,2221,NULL,97974,"2026-08-07 13:50:59","Added from Work Order",4dce3ca2-fd66-44dd-b419-bc7ab3c5f8a2
47956,52964,35055,0,9236,2026-01-21,2864,NULL,97997,"2026-08-07 14:01:58","Added from Work Order",80be3d97-a04a-43de-9432-0e3239a97b9b
47954,52964,34973,0,9236,2023-12-14,2191,NULL,97995,"2026-08-07 14:01:36","Added from Work Order",c5d86246-6a68-4361-9b46-bab380256301
47955,52964,35017,0,9236,2023-12-14,2191,NULL,97995,"2026-08-07 14:01:36","Added from Work Order",32df1694-dce7-4179-97f9-72fcf759dcf3
48393,52965,34543,0,9236,2025-03-20,497,NULL,98010,"2026-08-10 17:25:42","Added from Work Order",096b2e7d-6d48-4675-a02b-119a07a9b928
48248,52969,34547,0,9236,2026-03-31,1205,NULL,98020,"2026-08-10 13:50:02","Added from Work Order",8e8b0754-8d11-48d9-8b53-9f27f54b977d
48247,52969,34525,0,9236,2026-03-31,1205,NULL,98020,"2026-08-10 13:50:01","Added from Work Order",f61814da-cf61-4d3c-8b32-638ec1c37890
47957,52970,35991,0,9236,2025-07-30,737,2926,97998,"2026-08-07 14:02:51","Added from Work Order",ee8f0fa7-d798-4750-ad41-a46ec38a364b
48395,52973,35031,0,9236,2025-12-03,981,NULL,97994,"2026-08-10 17:30:24","Added from Work Order",337e8707-c53f-4906-9e86-33ecee6f404d
48215,52974,34546,0,9236,2026-02-20,1600,NULL,98019,"2026-08-10 13:20:02","Added from Work Order",a430068c-1bfd-4ff2-896a-997daf77959e
48213,52974,34524,0,9236,2025-04-10,1124,NULL,98017,"2026-08-10 13:19:33","Added from Work Order",3c9c7b98-0835-4f9d-ad47-acbecf42d87b
47951,52977,34929,0,9236,2026-05-21,7180,NULL,97990,"2026-08-07 13:59:25","Added from Work Order",66a03ae6-74dd-4a05-aa5f-e3405bf4c924
47952,52977,34951,0,9236,2026-05-21,7180,NULL,97990,"2026-08-07 13:59:25","Added from Work Order",5b40c841-7b5f-4345-8858-9a918e170867
47953,52977,34943,0,9236,2023-11-17,5867,NULL,97991,"2026-08-07 13:59:47","Added from Work Order",d4cffd7c-51c4-4804-8099-6dff40e22232
47960,52980,35056,0,9236,2026-02-21,3119,NULL,98001,"2026-08-07 14:04:36","Added from Work Order",b1bb510c-fb7c-4881-8cfe-0f4d95175cd6
47958,52980,34974,0,9236,2025-06-04,2616,NULL,97999,"2026-08-07 14:03:52","Added from Work Order",e025b6e6-ddb5-4945-9982-e80405ce3eca
47959,52980,35018,0,9236,2024-05-15,2122,NULL,98000,"2026-08-07 14:04:18","Added from Work Order",8bc0c96e-9e79-4d59-ab65-f9daaf23b903
48394,52982,34542,0,9236,2025-10-08,478,NULL,98007,"2026-08-10 17:28:27","Added from Work Order",c64109a0-5dd8-400a-95ff-fa6bc5951c50
48211,52983,34523,0,9236,2026-03-27,1193,NULL,98014,"2026-08-10 13:14:06","Added from Work Order",1dba01c8-85d5-4c08-91a5-4109b67b82ef
48212,52983,34545,0,9236,2026-03-27,1193,NULL,98014,"2026-08-10 13:14:06","Added from Work Order",b1172816-a387-47d6-8cd3-f4197df6eab3
47967,52989,35033,0,9236,2025-11-04,1039,NULL,98027,"2026-08-07 14:13:01","Added from Work Order",0bfc7d86-321e-4731-bb4d-9d91355d6dab
47965,52989,34987,0,9236,2025-11-04,1039,NULL,98027,"2026-08-07 14:11:31","Added from Work Order",d742f045-600b-474e-8101-5f9a0cdd204c
47966,52989,34987,0,9236,2024-03-07,969,NULL,98026,"2026-08-07 14:12:22","Added from Work Order",03f4f2e3-546e-4a9e-8495-12d1c3d24a37
48391,52991,34522,0,9236,2025-11-15,1010,NULL,98013,"2026-08-10 17:23:36","Added from Work Order",f5d6370d-3180-4799-9790-5602b609119f
48392,52991,34544,0,9236,2025-11-15,1010,NULL,98013,"2026-08-10 17:23:36","Added from Work Order",69e7ab89-ef2e-415a-b79c-12c1272a952a
47963,52992,35032,0,9236,2026-04-22,2400,NULL,98004,"2026-08-07 14:06:00","Added from Work Order",15b95aab-e559-4a72-8ae6-be28bec54ddb
47961,52992,34986,0,9236,2024-07-24,1946,NULL,98002,"2026-08-07 14:05:39","Added from Work Order",3967b2df-02ee-4f56-9853-e3a3d9bc014a
47962,52992,34993,0,9236,2024-07-24,1946,NULL,98002,"2026-08-07 14:05:39","Added from Work Order",36e9b653-511f-46ae-a460-c398564accdd
47950,52993,35990,0,9236,2025-11-18,910,4673,97989,"2026-08-07 13:58:38","Added from Work Order",9e73d160-1611-4f56-af00-6878f2c3f2d4
47968,52998,35057,0,9236,2025-12-11,3949,NULL,98034,"2026-08-07 14:17:18","Added from Work Order",af72ab82-c611-4309-8609-560b69254d0e
47969,52998,34975,0,9236,2025-12-11,3949,NULL,98034,"2026-08-07 14:17:18","Added from Work Order",3818c0c7-90b9-488d-abf1-39f5e9d71294
47970,52998,35019,0,9236,2025-12-11,3949,NULL,98034,"2026-08-07 14:17:18","Added from Work Order",1759f1df-4e81-48ea-a465-cc00492ac481
48342,52999,35992,0,1288,2025-10-29,162,NULL,98028,"2026-08-10 16:30:03","Added from Work Order",3c3bd886-65ae-4b18-9c14-ada40f88ca5a
48255,53000,34526,0,9236,2026-01-29,1174,NULL,98023,"2026-08-10 13:55:51","Added from Work Order",86eddd33-cab1-419b-bde2-723426f5c852
48256,53000,34548,0,9236,2026-01-29,1174,NULL,98023,"2026-08-10 13:55:51","Added from Work Order",87432fe0-22ff-4620-a55c-be66c2cd2dd6
48337,53001,35994,0,1288,2025-07-01,422,NULL,98032,"2026-08-10 16:29:09","Added from Work Order",cb3fea50-7d59-4650-9b2a-cb5de534d65f
47432,53005,35993,0,16222,2026-08-06,410,NULL,98364,"2026-08-06 15:17:33","Added from Work Order",1444dc19-1f25-4afd-ba41-b6f14fbc1ac3
48339,53005,35993,0,1288,2026-01-20,310,NULL,98030,"2026-08-10 16:29:38","Added from Work Order",b867f2f6-7f6e-4bf6-b64d-57dece0710cb
47978,53006,35022,0,9236,2026-05-30,4264,NULL,98044,"2026-08-07 14:22:19","Added from Work Order",7a86682e-82b4-4cef-9e41-e9044fb57d1e
47979,53006,35060,0,9236,2025-12-23,3985,NULL,98045,"2026-08-07 14:22:42","Added from Work Order",5c6cf150-33dc-443f-b508-7835795e5558
47977,53006,34978,0,9236,2025-01-02,3381,NULL,98043,"2026-08-07 14:21:57","Added from Work Order",38ee3e70-d36f-443f-b7fd-b993f417e13a
47987,53007,35061,0,9236,2026-06-22,555,NULL,98057,"2026-08-07 14:27:51","Added from Work Order",c37d3b7e-7444-4e8f-8c85-838d17131a2a
47983,53009,35035,0,9236,2025-12-08,1458,NULL,98049,"2026-08-07 14:25:06","Added from Work Order",9676dfcc-55ee-4a64-aef3-10f31348aae5
47982,53009,34989,0,9236,2025-02-07,983,NULL,98048,"2026-08-07 14:24:44","Added from Work Order",54245d91-a7f9-469f-a180-df9e06eb75f6
47976,53011,35059,0,9236,2026-04-22,4345,NULL,98042,"2026-08-07 14:21:19","Added from Work Order",33c633c2-4650-4bd2-b379-71913f378ee5
47974,53011,34977,0,9236,2025-11-08,3784,NULL,98040,"2026-08-07 14:20:33","Added from Work Order",f3d27e2a-d750-48f5-8330-c8cc03891c3b
47975,53011,35021,0,9236,2024-06-21,2775,NULL,98041,"2026-08-07 14:20:56","Added from Work Order",214f6cc1-44d1-4621-9dba-f45cde90e707
48335,53014,35062,0,1288,2026-07-23,638,NULL,98060,"2026-08-10 16:28:27","Added from Work Order",56dea1c8-6e2a-4727-b2bb-29f58a0d0708
48261,53018,35996,0,9236,2026-06-05,260,NULL,98050,"2026-08-10 14:13:26","Added from Work Order",65fb26df-6d52-45e1-927d-3d9468ea54f4
47971,53019,35058,0,9236,2026-01-31,5033,NULL,98037,"2026-08-07 14:19:23","Added from Work Order",0968226a-2fca-48ca-a62a-bbb22b2cf9b7
47972,53019,34976,0,9236,2026-01-31,5033,NULL,98037,"2026-08-07 14:19:23","Added from Work Order",9aaba723-6e62-45ac-aaa0-2bf194ed358b
47973,53019,35020,0,9236,2024-04-10,4046,NULL,98038,"2026-08-07 14:19:44","Added from Work Order",3dc5da92-65bf-4396-a933-76867f08b1e6
47984,53020,34947,0,9236,2026-04-22,2311,NULL,98052,"2026-08-07 14:26:48","Added from Work Order",d5a070e3-cdcc-41d6-9623-91b717547365
47985,53020,34930,0,9236,2026-04-22,2311,NULL,98052,"2026-08-07 14:26:48","Added from Work Order",28772704-f824-4973-add3-af504da0f547
47986,53020,34935,0,9236,2026-04-22,2311,NULL,98052,"2026-08-07 14:26:48","Added from Work Order",d4bb0f0a-f258-4030-bde2-30d43f826b75
47748,53021,35921,0,9236,2023-04-25,2818,NULL,97637,"2026-08-06 20:01:26","Added from Work Order",ba02e75a-d6df-4418-bbb0-6d477b393e45
48314,53023,34549,0,1288,2026-04-23,474,NULL,98072,"2026-08-10 16:17:45","Added from Work Order",ae4d9809-e015-4f81-b683-4f204869ae26
48320,53024,35064,0,1288,2026-03-06,528,NULL,98066,"2026-08-10 16:18:45","Added from Work Order",c132c238-bcb0-4430-9516-ff08270cf60d
48322,53025,35063,0,1288,2026-04-10,479,NULL,98063,"2026-08-10 16:19:34","Added from Work Order",ec5c3acd-b077-4df5-aea0-7559eaea431b
47750,53027,35923,0,9236,2024-09-30,1600,NULL,97639,"2026-08-06 20:02:56","Added from Work Order",2ee4f715-75cb-4fc4-81e2-25c972c99ceb
47981,53032,35034,0,9236,2026-02-21,1709,NULL,98047,"2026-08-07 14:23:50","Added from Work Order",a7b77b88-1dc7-4190-8494-3c62278302e2
47980,53032,34988,0,9236,2026-02-05,1135,NULL,98046,"2026-08-07 14:23:28","Added from Work Order",0983947b-ce42-4d46-8825-aea5a6065379
47751,53033,35924,0,9236,2026-01-23,2119,NULL,97640,"2026-08-06 20:03:44","Added from Work Order",7f97fd7f-1cd4-4118-9558-fb3a2cf6e79b
47753,53034,35926,0,9236,2026-02-04,3211,NULL,97642,"2026-08-06 20:05:14","Added from Work Order",1b2a2193-90e3-482b-a525-08078e2f29c7
47754,53036,36711,0,9236,2025-08-04,20439,NULL,97643,"2026-08-06 20:06:20","Added from Work Order",bb9206c7-af77-4947-aa52-4ead8f817fba
48319,53037,34948,0,1288,2026-04-16,490,NULL,98069,"2026-08-10 16:18:18","Added from Work Order",b63fc7f1-5f33-4dcd-a60a-ecf2489ed479
47755,53038,36712,0,9236,2026-06-04,23118,NULL,97644,"2026-08-06 20:07:20","Added from Work Order",4cc386b4-ced9-4755-982b-3b4064de2c4b
47806,53039,36784,0,9236,2026-01-22,4883,NULL,97715,"2026-08-06 20:51:40","Added from Work Order",b0eae905-0ed7-40b2-9b82-98d8fc95296f
47768,53041,35933,0,9236,2026-06-30,3051,NULL,97653,"2026-08-06 20:14:52","Added from Work Order",f07af2b4-7907-472a-9327-5205d9d971e1
47761,53043,35929,0,9236,2025-06-17,3743,NULL,97649,"2026-08-06 20:11:08","Added from Work Order",a291b6c4-6153-4035-9692-8929b01255b9
47756,53045,36713,0,9236,2023-10-26,7793,NULL,97645,"2026-08-06 20:07:58","Added from Work Order",dc9e4d9c-7d09-4a9f-b046-1b4550374d70
47766,53047,35931,0,9236,2025-06-19,2739,NULL,97651,"2026-08-06 20:13:04","Added from Work Order",54c96eaa-2306-452d-b025-8ad3c78bd558
48305,53049,34550,0,1288,2026-07-02,512,NULL,98075,"2026-08-10 16:15:36","Added from Work Order",8c3965e9-c4b4-4437-8fd2-f3bb9b9a061c
47752,53050,35925,0,9236,2023-08-22,1647,NULL,97641,"2026-08-06 20:04:19","Added from Work Order",271336ef-4358-49ff-b5a0-ae72ebb59147
47749,53052,35922,0,9236,2026-02-04,1403,NULL,97638,"2026-08-06 20:02:06","Added from Work Order",5855b5e6-5528-4ab4-a6e3-5d69d5a3b575
47787,53057,35939,0,9236,2026-07-09,9828,NULL,97672,"2026-08-06 20:28:18","Added from Work Order",6020d0cd-3df8-4a6c-81ac-77af6db65afa
47758,53058,35927,0,9236,2025-06-18,4237,NULL,97647,"2026-08-06 20:09:33","Added from Work Order",974bbfe5-c0b8-4d60-adc4-f4d2be0fa9d6
47777,53060,36701,0,9236,2026-03-23,8545,NULL,97664,"2026-08-06 20:21:17","Added from Work Order",cf8771f2-2a39-4c71-89ec-8cec738c50d0
47771,53062,35936,0,9236,2024-06-21,9231,NULL,97656,"2026-08-06 20:18:11","Added from Work Order",801c9028-e95e-46c5-97bf-34b33cbd44d0
48304,53063,35030,0,1288,2026-04-15,500,NULL,98078,"2026-08-10 16:15:07","Added from Work Order",b3c58b6f-36d9-45fc-88b5-ad360d930d53
47815,53064,36789,0,9236,2025-02-24,1133,NULL,97760,"2026-08-06 20:59:01","Added from Work Order",1091d37a-9c1c-48fc-aa72-63bfe5fc0991
47757,53068,36714,0,9236,2026-03-04,15736,NULL,97646,"2026-08-06 20:08:43","Added from Work Order",a7e83023-d682-445e-833c-2bd0da51d57b
47772,53069,36699,0,9236,2026-06-04,19836,NULL,97661,"2026-08-06 20:19:03","Added from Work Order",3ce3b7c2-0013-4972-b703-da2dca1b4789
47767,53070,35932,0,9236,2026-06-30,3891,NULL,97652,"2026-08-06 20:14:17","Added from Work Order",6a934337-ae7c-4aa6-9a88-aad3a7072295
47812,53073,36787,0,9236,2025-01-06,9411,NULL,97758,"2026-08-06 20:57:33","Added from Work Order",fc53de2f-b51e-48b4-9ff4-0d9feac0a169
47776,53074,36700,0,9236,2026-01-30,8193,NULL,97663,"2026-08-06 20:20:04","Added from Work Order",692e0e43-9684-407e-afec-433a5614d6bf
47823,53076,34391,0,9236,2025-11-14,NULL,NULL,97768,"2026-08-06 21:06:00","Added from Work Order",c11fe673-1180-46e5-8623-d24d0ae01cad
47990,53077,36865,0,9236,2026-02-16,NULL,NULL,98092,"2026-08-07 14:31:56","Added from Work Order",20de5ff4-e48d-48c7-93ef-f21862121a82
47991,53077,36793,0,9236,2026-02-16,NULL,NULL,98092,"2026-08-07 14:31:56","Added from Work Order",8d8b61a2-95e8-4a8c-afc5-5205e3c3c830
47988,53078,36864,0,9236,2026-02-16,NULL,NULL,98091,"2026-08-07 14:29:25","Added from Work Order",0f2f0e7a-7949-4f3f-ae1e-120d75337f62
47989,53078,36792,0,9236,2026-02-16,NULL,NULL,98091,"2026-08-07 14:29:25","Added from Work Order",92c4b06e-628b-4f21-bc95-39c7dba14e45
47821,53079,34389,0,9236,2025-11-14,NULL,NULL,97766,"2026-08-06 21:04:25","Added from Work Order",5cb77041-5fcf-4cb5-a36a-3407c384ec72
47762,53080,35930,0,9236,2025-06-19,4449,NULL,97650,"2026-08-06 20:11:59","Added from Work Order",f09783bc-71a4-4b9f-9d8c-e25fc15a1cce
47759,53081,35928,0,9236,2025-06-16,5446,NULL,97648,"2026-08-06 20:10:29","Added from Work Order",37299cc8-c8e5-41b3-8f58-aef5dd8f4364
47828,53084,34394,0,9236,2025-11-19,NULL,NULL,97791,"2026-08-06 21:09:27","Added from Work Order",51055153-4ebd-4c03-af56-a0f1018b1795
47818,53086,34386,0,9236,2025-11-14,NULL,NULL,97763,"2026-08-06 21:02:37","Added from Work Order",03de6edc-300a-413f-8eaf-351074f1f726
47785,53087,35938,0,9236,2023-04-27,5596,NULL,97671,"2026-08-06 20:27:31","Added from Work Order",8bcfa322-48b6-4edc-ae02-d0c16c1efe64
47826,53089,35445,0,9236,2026-03-16,2697,NULL,97770,"2026-08-06 21:07:33","Added from Work Order",47e9f7cd-c9d4-4f9c-8e14-13eabee305be
47788,53090,35940,0,9236,2026-07-10,9275,NULL,97673,"2026-08-06 20:28:52","Added from Work Order",50a802b3-e418-493c-935d-a6b199396f93
47769,53091,35934,0,9236,2025-10-09,6657,NULL,97654,"2026-08-06 20:16:38","Added from Work Order",5fd2f548-6882-47d3-b3ee-a3d2fb69442d
48375,53092,35454,0,1288,2026-02-17,1353,NULL,97788,"2026-08-10 16:41:00","Added from Work Order",03779e41-9932-46be-a9c2-8a66bf2ed34a
47811,53094,36786,0,9236,2025-02-10,6989,NULL,97757,"2026-08-06 20:56:21","Added from Work Order",794d3ef7-2ffb-477e-9c81-2a4967dc4cec
48365,53095,35449,0,9236,2025-09-24,907,NULL,97778,"2026-08-10 16:38:22","Added from Work Order",94d52085-5573-4d79-9d12-14763f45cec8
47810,53096,36785,0,9236,2024-08-27,9473,NULL,97756,"2026-08-06 20:55:32","Added from Work Order",59f4ca04-bb58-4441-9b0c-33f97673c41e
47994,53097,36867,0,9236,2023-04-20,NULL,NULL,98094,"2026-08-07 14:32:54","Added from Work Order",40984123-b4a7-48b5-b52b-bde6cb47e120
47995,53097,36795,0,9236,2023-04-20,NULL,NULL,98094,"2026-08-07 14:32:54","Added from Work Order",38a56fa3-ac79-4fd4-abd1-f10e6f1eac2e
47816,53098,34385,0,9236,2025-11-14,NULL,NULL,97762,"2026-08-06 21:00:28","Added from Work Order",6f454d8b-c60b-41ea-90ef-0fdfd19b776e
47996,53099,36868,0,9236,2023-04-20,NULL,NULL,98095,"2026-08-07 14:33:28","Added from Work Order",f65a8ece-81be-42ed-a041-e36340ead4c3
47997,53099,36796,0,9236,2023-04-20,NULL,NULL,98095,"2026-08-07 14:33:28","Added from Work Order",46b0ddb8-d2c4-4f1d-8119-f98339c87673
47992,53100,36866,0,9236,2026-02-16,NULL,NULL,98093,"2026-08-07 14:32:26","Added from Work Order",6caf70e6-3970-4702-99c7-d060ca81a2f2
47993,53100,36794,0,9236,2026-02-16,NULL,NULL,98093,"2026-08-07 14:32:26","Added from Work Order",9969bca6-fa7b-4a68-b311-5f5235e79c2b
47770,53101,35935,0,9236,2021-08-31,2669,NULL,97655,"2026-08-06 20:17:28","Added from Work Order",cce26d2e-229b-40d2-a3c9-0fa1b711d853
47778,53102,36715,0,9236,2025-12-11,10148,NULL,97665,"2026-08-06 20:21:53","Added from Work Order",a871571e-5c76-4dca-a04e-b32328e0f144
48361,53103,35447,0,9236,2025-07-01,1395,NULL,97774,"2026-08-10 16:37:21","Added from Work Order",81506b2b-90f4-4637-9001-d0603bd3f8e6
47779,53105,36716,0,9236,2026-05-07,10214,NULL,97666,"2026-08-06 20:22:39","Added from Work Order",57c99687-139d-4afd-a8ec-13fc838b494c
48011,53106,36874,0,9236,2026-05-29,NULL,NULL,98101,"2026-08-07 14:46:07","Added from Work Order",3bc0fab7-1a46-45d5-b94d-7d3323e1f0c8
48012,53106,36802,0,9236,2026-05-29,NULL,NULL,98101,"2026-08-07 14:46:07","Added from Work Order",a5be2551-0cef-48b7-b2d3-d797079262a7
48021,53107,36879,0,9236,2026-07-14,NULL,NULL,98106,"2026-08-07 14:51:38","Added from Work Order",770da195-e896-4df3-981c-fed997bd12f6
48022,53107,36807,0,9236,2026-07-14,NULL,NULL,98106,"2026-08-07 14:51:38","Added from Work Order",d5834895-acf2-4292-9e35-354b51bd0040
47820,53108,34388,0,9236,2025-11-14,NULL,NULL,97765,"2026-08-06 21:03:51","Added from Work Order",168dff8e-635d-414e-a619-857a29dd2e0a
48023,53109,36880,0,9236,2026-03-04,NULL,NULL,98107,"2026-08-07 14:52:10","Added from Work Order",db66a94e-2ed9-4279-82fd-65074dff30ca
48024,53109,36808,0,9236,2026-03-04,NULL,NULL,98107,"2026-08-07 14:52:10","Added from Work Order",d954c44f-e8de-4d50-9ec5-3bcde4f9f2b1
47782,53111,35937,0,9236,2026-06-04,8679,NULL,97670,"2026-08-06 20:26:31","Added from Work Order",894e4f29-b3d4-408e-81b7-941c2ef7893f
48000,53112,36870,0,9236,2024-09-30,NULL,NULL,98097,"2026-08-07 14:35:11","Added from Work Order",828744dc-ec0c-498d-974d-feb63da3a826
48001,53112,36798,0,9236,2024-09-30,NULL,NULL,98097,"2026-08-07 14:35:11","Added from Work Order",3106a123-5b5b-44cd-87f1-6579a86c2ded
48002,53113,36871,0,9236,2026-05-11,NULL,NULL,98098,"2026-08-07 14:36:02","Added from Work Order",fcad6cdc-62d0-4663-9443-bc5c3dca0726
48003,53113,36799,0,9236,2026-05-11,NULL,NULL,98098,"2026-08-07 14:36:02","Added from Work Order",e4fd17d7-ac6a-4fcb-8fd6-303532979f7a
47831,53114,34397,0,9236,2025-11-20,NULL,NULL,97794,"2026-08-06 21:11:52","Added from Work Order",fe969e0d-15dd-4930-802d-3ea7c0653efd
47781,53115,36717,0,9236,2024-03-29,8008,NULL,97669,"2026-08-06 20:24:45","Added from Work Order",970db3c9-0271-4242-a014-bea821ed296f
47814,53116,36788,0,9236,2024-11-01,7108,NULL,97759,"2026-08-06 20:58:17","Added from Work Order",4f070499-8d8b-497a-a6bb-bbd65fd85e86
47998,53117,36869,0,9236,2026-03-23,NULL,NULL,98096,"2026-08-07 14:34:20","Added from Work Order",251872d4-7753-41fc-9034-748d15f2ea48
47999,53117,36797,0,9236,2026-03-23,NULL,NULL,98096,"2026-08-07 14:34:20","Added from Work Order",7f3b607f-0327-483c-8531-d1522e6b234e
47780,53118,36702,0,9236,2025-11-18,11766,NULL,97667,"2026-08-06 20:23:13","Added from Work Order",0785dd78-e9f3-49b8-b0c4-6f25791aa1d5
48027,53119,36882,0,9236,2026-07-14,NULL,NULL,98109,"2026-08-07 14:53:41","Added from Work Order",32207bd7-6ff9-4a0c-b677-d5cb5de186c5
48028,53119,36810,0,9236,2026-07-14,NULL,NULL,98109,"2026-08-07 14:53:41","Added from Work Order",936c7dad-0712-46a6-bfca-fe3efe4936b3
48374,53120,35453,0,9236,2026-03-03,2609,NULL,97786,"2026-08-10 16:40:28","Added from Work Order",b45e0806-5891-4d1c-b42b-dba244eacb0e
47827,53121,34393,0,9236,2025-11-14,NULL,NULL,97790,"2026-08-06 21:08:32","Added from Work Order",2f088bbe-d5a7-4807-a67f-a3e9a9270049
48025,53122,36881,0,9236,2026-02-19,NULL,NULL,98108,"2026-08-07 14:52:50","Added from Work Order",24b17790-dc02-4880-85a3-dfc9afed2090
48026,53122,36809,0,9236,2026-02-19,NULL,NULL,98108,"2026-08-07 14:52:50","Added from Work Order",ae82e578-883b-45e4-b181-f4e14870710e
47822,53123,34390,0,9236,2025-11-26,NULL,NULL,97767,"2026-08-06 21:05:12","Added from Work Order",d9940344-bfc0-430c-9852-ad336827cd85
47792,53124,36705,0,9236,2026-06-04,4527,NULL,97677,"2026-08-06 20:32:06","Added from Work Order",358512cc-4527-4c1b-adf6-19d7f83d0afa
47793,53125,35941,0,9236,2023-05-22,2605,NULL,97678,"2026-08-06 20:32:47","Added from Work Order",ff6a63b7-7ca7-45fa-9a0e-8f4f7e4f2a3d
47791,53126,36704,0,9236,2026-04-02,2794,NULL,97676,"2026-08-06 20:31:21","Added from Work Order",d94f5ae8-25fb-4f22-9936-32b9caa64e98
48029,53127,36883,0,9236,2026-05-11,NULL,NULL,98110,"2026-08-07 14:54:12","Added from Work Order",b332c9b2-dc90-4752-b952-93a98062c326
48030,53127,36811,0,9236,2026-05-11,NULL,NULL,98110,"2026-08-07 14:54:12","Added from Work Order",ffbca8b5-7a38-4e80-bbb3-c837e210e667
48369,53128,35451,0,9236,2025-03-05,1200,NULL,97782,"2026-08-10 16:39:24","Added from Work Order",e13d2229-797b-494b-a2d7-648dfdd12223
48017,53129,36877,0,9236,2025-12-12,NULL,NULL,98104,"2026-08-07 14:50:11","Added from Work Order",dbd5a1ea-8c28-439b-b038-6ae4f3567415
48018,53129,36805,0,9236,2025-12-12,NULL,NULL,98104,"2026-08-07 14:50:11","Added from Work Order",67989ac6-7e79-4871-a937-2207887f48f5
47067,53130,36709,0,16222,2026-08-04,5353,NULL,98246,"2026-08-05 18:00:15","Added from Work Order",c9ea677d-ba81-4feb-a781-aabe01e84d9f
47066,53130,36709,0,16222,2026-08-04,5351,NULL,98245,"2026-08-05 17:57:49","Added from Work Order",fc3d702a-3054-4aee-94c8-16deca1ecf0c
47798,53130,36709,0,9236,2025-02-26,4560,NULL,97683,"2026-08-06 20:37:42","Added from Work Order",d2f5e437-526a-49c0-b1a1-2fcbe0cda26a
48039,53131,36888,0,9236,2026-04-06,NULL,NULL,98115,"2026-08-07 14:56:53","Added from Work Order",430ac577-002e-4d82-b584-243ed161dd37
48040,53131,36816,0,9236,2026-04-06,NULL,NULL,98115,"2026-08-07 14:56:53","Added from Work Order",425e9561-44b4-439b-a4a5-b5df2e102a92
48037,53132,36887,0,9236,2026-02-16,NULL,NULL,98114,"2026-08-07 14:56:20","Added from Work Order",4cf0ebfa-7f35-4297-950d-552558005b0a
48038,53132,36815,0,9236,2026-02-16,NULL,NULL,98114,"2026-08-07 14:56:20","Added from Work Order",941116ba-ce46-4a92-95a3-80593bb85653
48359,53133,35446,0,9236,2026-04-10,1330,NULL,97772,"2026-08-10 16:36:37","Added from Work Order",d0facd4a-a617-4c0c-b52a-d52e05d42cf1
47790,53134,36703,0,9236,2026-07-09,8019,NULL,97675,"2026-08-06 20:30:44","Added from Work Order",ed15db74-e757-4a80-a8db-c1e9653278a7
47796,53135,36707,0,9236,2026-03-02,4923,NULL,97681,"2026-08-06 20:36:05","Added from Work Order",48c96657-0ed4-4e8b-add8-fac6d775950f
47819,53136,34387,0,9236,2025-11-19,NULL,NULL,97764,"2026-08-06 21:03:11","Added from Work Order",9e7045d0-7183-4550-9fe7-447fe709d003
48031,53137,36884,0,9236,2025-11-07,NULL,NULL,98111,"2026-08-07 14:54:40","Added from Work Order",b7ad7e1b-22d4-41aa-8eb9-c896bd3249a6
48032,53137,36812,0,9236,2025-11-07,NULL,NULL,98111,"2026-08-07 14:54:40","Added from Work Order",626a8d15-1273-4e49-9cab-ed81c423b50c
48367,53138,35450,0,9236,2026-06-05,2039,NULL,97780,"2026-08-10 16:38:53","Added from Work Order",21e0bb75-f87e-488a-b6b5-08487e2b0514
48019,53139,36878,0,9236,2026-02-19,NULL,NULL,98105,"2026-08-07 14:50:54","Added from Work Order",ada7cfa9-1126-495d-8a83-4304df7d356f
48020,53139,36806,0,9236,2026-02-19,NULL,NULL,98105,"2026-08-07 14:50:54","Added from Work Order",55541ac7-b68c-4579-86c0-6040c96eaa8e
47795,53140,36706,0,9236,2025-11-21,2747,NULL,97680,"2026-08-06 20:35:30","Added from Work Order",8f0b65de-9466-49a8-ab3d-45fda64ee7b1
48015,53141,36876,0,9236,2025-09-11,NULL,NULL,98103,"2026-08-07 14:49:18","Added from Work Order",431fe931-bc99-423f-a32f-be4ec8589083
48016,53141,36804,0,9236,2025-09-11,NULL,NULL,98103,"2026-08-07 14:49:18","Added from Work Order",5dc7d6e8-ee37-44e2-afa8-13718b2a545a
48035,53142,36886,0,9236,2026-04-09,NULL,NULL,98113,"2026-08-07 14:55:51","Added from Work Order",e02c9684-41e9-4970-91ab-19281cd5d750
48036,53142,36814,0,9236,2026-04-09,NULL,NULL,98113,"2026-08-07 14:55:51","Added from Work Order",cd14cad7-fb5e-47d6-8abb-c5af164d9349
47830,53143,34396,0,9236,2025-11-14,NULL,NULL,97793,"2026-08-06 21:10:29","Added from Work Order",5a2f0821-bbd8-4747-a529-1639b8c4675e
47797,53144,36708,0,9236,2026-06-22,6650,NULL,97682,"2026-08-06 20:36:38","Added from Work Order",68ba465a-69bc-49cb-a422-e99d1e142c81
48371,53145,35452,0,9236,2025-12-09,2164,NULL,97784,"2026-08-10 16:39:55","Added from Work Order",a9ba9198-14c0-4f56-95e8-93c86c05225a
47829,53147,34395,0,9236,2025-11-26,NULL,NULL,97792,"2026-08-06 21:10:01","Added from Work Order",5dfa2e86-cf7a-4d16-8966-3fb609c234af
48013,53148,36875,0,9236,2026-07-22,NULL,NULL,98102,"2026-08-07 14:48:49","Added from Work Order",807ac241-4344-490b-b370-398996280272
48014,53148,36803,0,9236,2026-07-22,NULL,NULL,98102,"2026-08-07 14:48:49","Added from Work Order",afadcd90-52dd-4dca-9b4a-ff2b84c105e3
48008,53149,36873,0,9236,2026-05-29,NULL,NULL,98100,"2026-08-07 14:44:16","Added from Work Order",9350dd65-bcc4-46de-b01e-7e87b4d534c0
48009,53149,36801,0,9236,2026-05-29,NULL,NULL,98100,"2026-08-07 14:44:16","Added from Work Order",98c46696-e038-44cd-bc08-8c42ed6558eb
48033,53150,36885,0,9236,2026-05-04,NULL,NULL,98112,"2026-08-07 14:55:14","Added from Work Order",6c178f02-99e2-4fd2-bc0f-a905ac9691e4
48034,53150,36813,0,9236,2026-05-04,NULL,NULL,98112,"2026-08-07 14:55:14","Added from Work Order",f73cf5bf-9bac-41d4-8b34-e29f40d74c49
48041,53151,36889,0,9236,2026-06-30,NULL,NULL,98116,"2026-08-07 14:57:43","Added from Work Order",c3561565-51b4-4f4c-aaa0-0e4b29fb7bb8
48042,53151,36817,0,9236,2026-06-30,NULL,NULL,98116,"2026-08-07 14:57:43","Added from Work Order",00a20a93-0da3-44b5-8d13-8ab83f3d4193
48363,53152,35448,0,9236,2025-07-29,1062,NULL,97776,"2026-08-10 16:37:54","Added from Work Order",5c2a0230-b121-4f93-a389-ce31d644c77a
47824,53153,34392,0,9236,2025-11-14,NULL,NULL,97769,"2026-08-06 21:06:34","Added from Work Order",93acc09e-2be9-4132-98b4-134a4a4add61
47832,53156,34398,0,9236,2025-11-14,NULL,NULL,97795,"2026-08-06 21:13:39","Added from Work Order",f0d44aa2-2366-4c3a-b413-7da309431860
48045,53157,36892,0,9236,2025-12-12,NULL,NULL,98118,"2026-08-07 14:59:00","Added from Work Order",c7cc72b1-00c1-42a7-ad3e-14afaec3e1ad
48046,53157,36819,0,9236,2025-12-12,NULL,NULL,98118,"2026-08-07 14:59:00","Added from Work Order",dbb9bdcd-f662-4f69-9a0c-95ee28df2775
48047,53158,36891,0,9236,2026-05-29,NULL,NULL,98119,"2026-08-07 14:59:29","Added from Work Order",913430f5-1834-4690-a689-46c94c38e838
48048,53158,36820,0,9236,2026-05-29,NULL,NULL,98119,"2026-08-07 14:59:29","Added from Work Order",f1c0b5f5-ac0f-47c5-8a83-6d4c6a1aa749
48006,53160,36800,0,9236,2025-12-01,NULL,NULL,98099,"2026-08-07 14:42:22","Added from Work Order",d5627a5a-64d0-43d2-9398-cbf13f390cee
48005,53160,36872,0,9236,2025-12-01,NULL,NULL,98099,"2026-08-07 14:42:21","Added from Work Order",1fd63789-0014-4445-b269-13eb2a91b101
47834,53161,34400,0,9236,2025-12-23,NULL,NULL,97797,"2026-08-06 21:15:12","Added from Work Order",7075f486-da04-4d13-99f6-f517fca76e1f
48043,53162,36890,0,9236,2026-02-16,NULL,NULL,98117,"2026-08-07 14:58:26","Added from Work Order",fb8ed409-5ce0-468c-a1d6-37afc68899e4
48044,53162,36818,0,9236,2026-02-16,NULL,NULL,98117,"2026-08-07 14:58:26","Added from Work Order",d7f4a066-fb42-42a4-bc0d-af0c36e9217e
47833,53163,34399,0,9236,2025-12-09,NULL,NULL,97796,"2026-08-06 21:14:26","Added from Work Order",ba7c4f27-225f-4708-b94a-5df606a70531
47836,53164,34402,0,9236,2025-12-09,NULL,NULL,97803,"2026-08-06 21:17:13","Added from Work Order",74caf36a-b785-4ef9-90cb-3bd82ce2f1d3
48063,53165,36899,0,9236,2010-01-01,NULL,NULL,98126,"2026-08-07 15:05:35","Added from Work Order",922f689b-b5c6-41ab-b59d-766d060423e5
48064,53165,36827,0,9236,2010-01-01,NULL,NULL,98126,"2026-08-07 15:05:35","Added from Work Order",acd7e668-f066-4e73-a508-b3e70b78b001
48056,53166,36896,0,9236,2026-05-11,NULL,NULL,98123,"2026-08-07 15:03:15","Added from Work Order",b7300a15-d85d-452a-8038-0e792b3ece4c
48057,53166,36824,0,9236,2026-05-11,NULL,NULL,98123,"2026-08-07 15:03:15","Added from Work Order",d0a2b887-b36d-43cd-9b79-4074dc49d52d
48054,53167,36895,0,9236,2023-08-02,NULL,NULL,98122,"2026-08-07 15:02:44","Added from Work Order",416466ba-7654-4b1e-8725-a696d1b243b1
48055,53167,36823,0,9236,2023-08-02,NULL,NULL,98122,"2026-08-07 15:02:44","Added from Work Order",db24ba0b-97f3-4e65-8327-68bd4b5b00b4
48066,53171,36828,0,9236,2026-07-22,NULL,NULL,98127,"2026-08-07 15:06:41","Added from Work Order",5a626e2c-8486-45a9-89c7-2edd584cd58f
48065,53171,36900,0,9236,2026-07-22,NULL,NULL,98127,"2026-08-07 15:06:40","Added from Work Order",239447f9-eeae-4dfb-b2ea-eab0a81c06df
48061,53172,36898,0,9236,2010-01-01,NULL,NULL,98125,"2026-08-07 15:04:55","Added from Work Order",79c065e8-e71d-469c-a351-9e323919ad65
48062,53172,36826,0,9236,2010-01-01,NULL,NULL,98125,"2026-08-07 15:04:55","Added from Work Order",d696bbcf-b4c9-4ec8-88d4-870f2e7cf004
48049,53173,36893,0,9236,2025-10-02,NULL,NULL,98120,"2026-08-07 15:00:08","Added from Work Order",2e314043-6b07-4caa-87d7-96e72433824e
48050,53173,36821,0,9236,2025-10-02,NULL,NULL,98120,"2026-08-07 15:00:08","Added from Work Order",fa009208-c318-4ae7-a7d8-4e30611c2c9e
48069,53174,36903,0,9236,2025-06-10,NULL,NULL,98130,"2026-08-07 15:07:42","Added from Work Order",701df8ac-0b29-4213-8ac6-f51d62dc766e
48070,53174,36831,0,9236,2025-06-10,NULL,NULL,98130,"2026-08-07 15:07:42","Added from Work Order",ff977f36-051e-42bc-9de6-1abd883ae58b
48373,53176,35455,0,1288,2026-03-26,1009,NULL,97804,"2026-08-10 16:40:26","Added from Work Order",85ec0b4f-61f9-4212-a004-3e0914884f4c
48370,53177,35456,0,1288,2026-03-12,630,NULL,97806,"2026-08-10 16:39:32","Added from Work Order",fa343f16-ff14-4fb4-afc3-628187dadb8e
48075,53178,36906,0,9236,2026-07-15,NULL,NULL,98133,"2026-08-07 15:09:36","Added from Work Order",12a0e7fa-4c9e-4804-b45c-d3494c4b82ef
48076,53178,36834,0,9236,2026-07-15,NULL,NULL,98133,"2026-08-07 15:09:36","Added from Work Order",bba3e889-848a-4bb7-8c77-68654e79d314
48081,53179,36909,0,9236,2026-04-06,NULL,NULL,98136,"2026-08-07 15:11:08","Added from Work Order",498d2010-8350-4a2e-acc1-f188f0e59990
48082,53179,36837,0,9236,2026-04-06,NULL,NULL,98136,"2026-08-07 15:11:08","Added from Work Order",f90af185-492b-4245-b9ae-4bf186523fb7
48362,53181,35460,0,1288,2026-06-04,1100,NULL,97814,"2026-08-10 16:37:23","Added from Work Order",15599347-624b-4c99-8921-3ec83739cc46
48059,53182,36897,0,9236,2026-05-14,NULL,NULL,98124,"2026-08-07 15:04:25","Added from Work Order",bcf5879d-203a-435d-b437-6d2d53c61d61
48060,53182,36825,0,9236,2026-05-14,NULL,NULL,98124,"2026-08-07 15:04:25","Added from Work Order",ddb77bbb-7b37-42c9-97c5-dbf9828a1c1a
47835,53183,34401,0,9236,2026-01-12,NULL,NULL,97798,"2026-08-06 21:16:08","Added from Work Order",56571c7f-fcf5-4204-83a7-79f8d03b3650
48077,53184,36907,0,9236,2026-05-29,NULL,NULL,98134,"2026-08-07 15:10:00","Added from Work Order",2f50a20e-67fa-4bf9-a2fd-bda3e40d5bc6
48078,53184,36835,0,9236,2026-05-29,NULL,NULL,98134,"2026-08-07 15:10:00","Added from Work Order",db63103b-58e2-4a72-b7de-c6e116ee7bfa
48364,53185,35459,0,1288,2026-06-23,774,NULL,97812,"2026-08-10 16:37:57","Added from Work Order",495e6859-43d9-4c7b-910d-9f1da03f8072
48071,53186,36904,0,9236,2026-04-06,NULL,NULL,98131,"2026-08-07 15:08:13","Added from Work Order",5e6e9fa2-de91-4f47-a92b-e42a9bed827c
48072,53186,36832,0,9236,2026-04-06,NULL,NULL,98131,"2026-08-07 15:08:13","Added from Work Order",6dc70af4-5399-4163-a00e-30f7baf1321b
48368,53187,35457,0,1288,2026-02-23,1146,NULL,97808,"2026-08-10 16:38:57","Added from Work Order",832f7e5d-2e90-4e92-84c9-05f979374033
48103,53188,36920,0,9236,2026-02-16,NULL,NULL,98147,"2026-08-07 15:17:41","Added from Work Order",d7c8522e-3ef2-4acb-8058-29b0df9d98bc
48104,53188,36848,0,9236,2026-02-16,NULL,NULL,98147,"2026-08-07 15:17:41","Added from Work Order",ea812194-ac23-4835-a511-245f3886a398
48355,53189,35463,0,1288,2026-02-20,841,NULL,97822,"2026-08-10 16:35:21","Added from Work Order",a3aee2fb-cdc8-4f3f-9f39-24bd8dc237e6
48073,53191,36905,0,9236,2026-04-02,NULL,NULL,98132,"2026-08-07 15:08:46","Added from Work Order",f686b404-c8fa-4ea4-aa03-ac06b30073dc
48074,53191,36833,0,9236,2026-04-02,NULL,NULL,98132,"2026-08-07 15:08:46","Added from Work Order",a207ef52-3096-468f-991c-386f26b51ac3
48360,53192,35461,0,1288,2026-06-29,1088,NULL,97816,"2026-08-10 16:36:47","Added from Work Order",6d1e6128-095f-47ef-bacf-2aa7da2c1171
48099,53199,36918,0,9236,2026-02-16,NULL,NULL,98145,"2026-08-07 15:16:34","Added from Work Order",8c437456-2d0d-47fa-b8a4-f3e1aeb02092
48100,53199,36846,0,9236,2026-02-16,NULL,NULL,98145,"2026-08-07 15:16:34","Added from Work Order",6ae59ef6-21aa-46ae-9edf-2dd94c4a48d8
48091,53200,36914,0,9236,2026-01-20,NULL,NULL,98141,"2026-08-07 15:14:04","Added from Work Order",f8e42272-f39a-4cdc-a6e7-441ba0314751
48092,53200,36842,0,9236,2026-01-20,NULL,NULL,98141,"2026-08-07 15:14:04","Added from Work Order",d5fb1446-e338-4366-a678-406c66cfefe8
47839,53201,34405,0,9236,2026-01-08,NULL,NULL,97841,"2026-08-06 21:20:51","Added from Work Order",104b1077-17d7-47ee-a0c3-e2286305ba32
48358,53202,35462,0,1288,2026-02-03,202,NULL,97819,"2026-08-10 16:36:12","Added from Work Order",3afad439-f3be-4598-aaa1-274fb3e5d380
48083,53203,36910,0,9236,2025-12-12,NULL,NULL,98137,"2026-08-07 15:11:35","Added from Work Order",00a1dac1-387a-4f79-b30c-a0b99c6a0cf5
48084,53203,36838,0,9236,2025-12-12,NULL,NULL,98137,"2026-08-07 15:11:35","Added from Work Order",f0783963-3fa5-4376-b36c-cf14e49d363b
48366,53204,35458,0,1288,2026-05-19,1176,NULL,97810,"2026-08-10 16:38:33","Added from Work Order",260975bc-bc6e-4f17-83c8-58ca6aba2ed5
48352,53205,35464,0,1288,2026-07-22,531,NULL,97825,"2026-08-10 16:34:17","Added from Work Order",badd43f5-28e3-4c4e-8bf6-e08a83090b50
48116,53207,36926,0,9236,2026-05-11,NULL,NULL,98153,"2026-08-07 15:21:21","Added from Work Order",31ddfb3b-a388-411b-a8f8-d13e8e4bd90a
48117,53207,36854,0,9236,2026-05-11,NULL,NULL,98153,"2026-08-07 15:21:21","Added from Work Order",057d0597-3e56-4f24-823c-e0953416959a
48120,53208,36928,0,9236,2026-07-22,NULL,NULL,98155,"2026-08-07 15:22:33","Added from Work Order",464c5a92-7158-4659-ba7c-2e932c0ddf3d
48121,53208,36856,0,9236,2026-07-22,NULL,NULL,98155,"2026-08-07 15:22:33","Added from Work Order",34905674-ba2a-44de-8b98-43dddceb39d3
48089,53209,36913,0,9236,2025-12-12,NULL,NULL,98140,"2026-08-07 15:13:14","Added from Work Order",a8dee665-45f6-4e5c-974d-49accd5a8ee0
48090,53209,36841,0,9236,2025-12-12,NULL,NULL,98140,"2026-08-07 15:13:14","Added from Work Order",3694b203-f859-4fad-9b65-da9f3b17371f
47838,53210,34404,0,9236,2026-01-08,NULL,NULL,97840,"2026-08-06 21:20:15","Added from Work Order",f6a0a936-7257-4675-aad6-2f815051fc44
48093,53211,36915,0,9236,2026-04-23,NULL,NULL,98142,"2026-08-07 15:14:37","Added from Work Order",720965f5-a036-48ea-bf6b-9edb2ebdaef6
48094,53211,36843,0,9236,2026-04-23,NULL,NULL,98142,"2026-08-07 15:14:37","Added from Work Order",63e25931-1496-46b5-a5ab-fc676f03f96e
48349,53213,35465,0,1288,2026-06-04,316,NULL,97828,"2026-08-10 16:32:54","Added from Work Order",a8589103-b9e3-4fb1-9eaa-88bfa65533e6
48128,53216,36932,0,9236,2026-03-04,NULL,NULL,98159,"2026-08-07 15:25:16","Added from Work Order",ad7125a4-c51d-478e-9a7d-3b02c1653910
48129,53216,36860,0,9236,2026-03-04,NULL,NULL,98159,"2026-08-07 15:25:16","Added from Work Order",771e12fd-3119-4cbc-8768-ed4ea6745c8c
48345,53218,35468,0,1288,2026-07-16,1039,NULL,97836,"2026-08-10 16:31:26","Added from Work Order",b06ccf1a-8f80-406f-9d28-091ff1f10c51
48079,53220,36908,0,9236,2023-08-31,NULL,NULL,98135,"2026-08-07 15:10:30","Added from Work Order",0698d552-717a-44c0-b9e1-23e8a6127873
48080,53220,36836,0,9236,2023-08-31,NULL,NULL,98135,"2026-08-07 15:10:30","Added from Work Order",7576de72-bc02-4cca-a0de-2522215752c1
48124,53221,36930,0,9236,2026-05-11,NULL,NULL,98157,"2026-08-07 15:23:32","Added from Work Order",623c5350-8652-4226-96a0-d47e961894c3
48125,53221,36858,0,9236,2026-05-11,NULL,NULL,98157,"2026-08-07 15:23:32","Added from Work Order",93f0a7c9-94d6-40ba-9e09-2360b80eea7f
48085,53222,36911,0,9236,2026-07-22,NULL,NULL,98138,"2026-08-07 15:12:03","Added from Work Order",5c202a19-b84c-44f0-b070-f3e331998dec
48086,53222,36839,0,9236,2026-07-22,NULL,NULL,98138,"2026-08-07 15:12:03","Added from Work Order",3f43a877-5aa2-42c0-9a40-80530c401ce6
48051,53223,36894,0,9236,2026-01-30,NULL,NULL,98121,"2026-08-07 15:02:02","Added from Work Order",5d676ea8-4dfb-4410-89f0-d910802d04bb
48052,53223,36822,0,9236,2026-01-30,NULL,NULL,98121,"2026-08-07 15:02:02","Added from Work Order",b11b80c6-5141-4278-adeb-7072ec664ea7
48095,53226,36916,0,9236,2026-02-16,NULL,NULL,98143,"2026-08-07 15:15:15","Added from Work Order",4780f754-0b7d-4122-9012-d4dbf56a62ed
48096,53226,36844,0,9236,2026-02-16,NULL,NULL,98143,"2026-08-07 15:15:15","Added from Work Order",8c84b9d5-094e-4b56-8abb-6790da18fe5d
48126,53227,36931,0,9236,2026-03-04,NULL,NULL,98158,"2026-08-07 15:24:02","Added from Work Order",497bb826-b02a-4145-b853-7de181867459
48127,53227,36859,0,9236,2026-03-04,NULL,NULL,98158,"2026-08-07 15:24:02","Added from Work Order",5aeca456-037c-4c5b-9340-bc13bdcae8c3
48067,53228,36902,0,9236,2026-06-30,NULL,NULL,98129,"2026-08-07 15:07:12","Added from Work Order",d09232b8-e5b4-4d08-9b61-53b35005bdc3
48068,53228,36830,0,9236,2026-06-30,NULL,NULL,98129,"2026-08-07 15:07:12","Added from Work Order",87489aea-5052-4d13-9dcd-e76d1bc67d2a
47837,53229,34403,0,9236,2026-01-08,NULL,NULL,97838,"2026-08-06 21:19:02","Added from Work Order",87e91719-ead5-4b73-adae-9b9e3a413c8c
48118,53230,36927,0,9236,2025-05-30,NULL,NULL,98154,"2026-08-07 15:21:56","Added from Work Order",c55c5d81-a36f-4b8a-bfe0-eada361c6019
48119,53230,36855,0,9236,2025-05-30,NULL,NULL,98154,"2026-08-07 15:21:56","Added from Work Order",11990aa6-9423-4a54-a4cc-84c890c75c22
48087,53231,36912,0,9236,2025-12-12,NULL,NULL,98139,"2026-08-07 15:12:47","Added from Work Order",9a647492-1653-44b2-985f-b511e0cbe978
48088,53231,36840,0,9236,2025-12-12,NULL,NULL,98139,"2026-08-07 15:12:47","Added from Work Order",d5ff2d2f-5a0d-4128-81da-8c56c76e861f
48108,53232,36922,0,9236,2026-02-26,NULL,NULL,98149,"2026-08-07 15:19:04","Added from Work Order",38df12f8-3ec6-426e-a872-6482c65d0f9b
48109,53232,36850,0,9236,2026-02-26,NULL,NULL,98149,"2026-08-07 15:19:04","Added from Work Order",25eef1e3-f754-4bdf-a6f4-4dbb20d4ae5f
48112,53233,36924,0,9236,2026-07-14,NULL,NULL,98151,"2026-08-07 15:20:16","Added from Work Order",e6bca3a3-0a24-4c0b-88d4-cda63cd19912
48113,53233,36852,0,9236,2026-07-14,NULL,NULL,98151,"2026-08-07 15:20:16","Added from Work Order",2d16436b-1340-4fb8-9887-ae09901ee3f7
48122,53234,36929,0,9236,2026-05-04,NULL,NULL,98156,"2026-08-07 15:23:02","Added from Work Order",92d63a38-535f-48c3-a77e-d59a05a949fc
48123,53234,36857,0,9236,2026-05-04,NULL,NULL,98156,"2026-08-07 15:23:02","Added from Work Order",7a9c05c2-c13e-4f36-975e-5db966749023
48106,53235,36921,0,9236,2026-04-02,NULL,NULL,98148,"2026-08-07 15:18:12","Added from Work Order",ceff8cb1-76ce-4b44-8773-1eb0e344b0fb
48107,53235,36849,0,9236,2026-04-02,NULL,NULL,98148,"2026-08-07 15:18:12","Added from Work Order",e24e5f34-f38c-43ae-a19b-10421d407001
48097,53236,36917,0,9236,2026-02-16,NULL,NULL,98144,"2026-08-07 15:15:58","Added from Work Order",cf9adc31-c1e7-459b-bf5f-9c0197fd494c
48098,53236,36845,0,9236,2026-02-16,NULL,NULL,98144,"2026-08-07 15:15:58","Added from Work Order",258690ee-4451-40a0-8d3b-016eaaeb4186
48134,53237,36935,0,9236,2026-02-16,NULL,NULL,98162,"2026-08-07 15:26:45","Added from Work Order",d617a138-f478-48de-9d6a-70788dcfcc19
48135,53237,36863,0,9236,2026-02-16,NULL,NULL,98162,"2026-08-07 15:26:45","Added from Work Order",75fb038a-819e-4f03-a940-deedb4d917c5
48101,53238,36919,0,9236,2026-02-16,NULL,NULL,98146,"2026-08-07 15:17:08","Added from Work Order",5fad37e9-bb2a-4a6d-be1f-8b9e2b1ccb07
48102,53238,36847,0,9236,2026-02-16,NULL,NULL,98146,"2026-08-07 15:17:08","Added from Work Order",dfd7a964-da0b-492e-b62a-1d35c9df35fb
48130,53239,36933,0,9236,2026-04-02,NULL,NULL,98160,"2026-08-07 15:25:47","Added from Work Order",6e7bc313-8eb8-48e4-9c0e-c7d823b7d81b
48131,53239,36861,0,9236,2026-04-02,NULL,NULL,98160,"2026-08-07 15:25:47","Added from Work Order",56ffe5e5-5398-481d-b53a-0100ab4336cf
46965,53242,35904,0,9236,2025-12-24,NULL,NULL,96718,"2026-08-05 15:03:54","Added from Work Order",dbb21452-392e-4d7a-a7be-c4bc6750b1a4
46964,53243,35903,0,9236,2025-08-12,NULL,NULL,96717,"2026-08-05 15:02:48","Added from Work Order",661710e4-bfa6-43ce-acb1-45fa1a63f7b1
46963,53245,35902,0,9236,2025-10-08,NULL,NULL,96716,"2026-08-05 15:01:24","Added from Work Order",3817f833-535b-41a6-8674-369380eb81b2
46962,53246,35901,0,9236,2025-11-12,NULL,NULL,96715,"2026-08-05 15:00:17","Added from Work Order",79370c25-7997-4f06-841b-ed285add7ad3
46966,53253,35906,0,9236,2025-07-17,NULL,NULL,96720,"2026-08-05 15:05:24","Added from Work Order",3a61ffa1-3225-4c2b-bb3f-d47b546c2766
46979,53259,34461,0,9236,2025-04-09,3976,NULL,96749,"2026-08-05 16:06:12","Added from Work Order",bacdd5db-6bf1-4c01-a5cd-a98dd048ecfb
46978,53261,34604,0,9236,2025-12-05,12648,NULL,96746,"2026-08-05 16:04:08","Added from Work Order",a8538cdb-14ef-4341-83b0-8506e97259dc
46977,53261,34601,0,9236,2025-06-20,12148,NULL,96745,"2026-08-05 16:03:31","Added from Work Order",9ccd5ce4-45b2-4fd8-8b51-188c403291db
47124,53264,35309,0,9236,2026-04-24,800,NULL,96889,"2026-08-05 19:19:17","Added from Work Order",41501d76-a5ed-430b-82cf-0c5952232a4c
47215,53278,35075,0,9236,2026-06-03,6230,NULL,96977,"2026-08-05 21:36:25","Added from Work Order",4cdadc04-8abb-40b2-98a5-01964ba9c84b
47216,53278,35102,0,9236,2026-06-03,6230,NULL,96977,"2026-08-05 21:36:25","Added from Work Order",d14f44cb-b773-4f72-9a15-55ccebdd69f0
47217,53278,35084,0,9236,2026-06-03,6230,NULL,96977,"2026-08-05 21:36:25","Added from Work Order",def6a399-85d0-4979-9630-9a16dd071919
47214,53278,35111,0,9236,2026-06-03,NULL,11631,96976,"2026-08-05 21:35:11","Added from Work Order",096f5216-914f-47bd-83a9-5233f12587f5
47264,53295,35137,0,9236,2026-07-25,11471,NULL,97017,"2026-08-06 13:33:45","Added from Work Order",c8fc171e-e440-4a37-8751-9b675fc6a8c7
47265,53295,35171,0,9236,2026-07-25,11471,NULL,97017,"2026-08-06 13:33:45","Added from Work Order",0026f14a-cfdc-43bf-b024-2c7ebd5e3e92
47266,53295,35205,0,9236,2026-07-25,11471,NULL,97017,"2026-08-06 13:33:45","Added from Work Order",3374fde4-afe8-4cff-a56e-cd3e7f97f975
48401,53305,36775,0,9236,2024-05-09,NULL,NULL,97129,"2026-08-10 18:07:13","Added from Work Order",59386670-abe5-416c-9d4f-ac3a309d5ff8
48402,53306,36776,0,9236,2024-08-07,NULL,NULL,97130,"2026-08-10 18:07:47","Added from Work Order",2f2d6254-8a0e-48cb-b081-a3e931466b30
48404,53307,36778,0,9236,2025-12-29,NULL,NULL,97132,"2026-08-10 18:09:01","Added from Work Order",05527fe3-5312-47eb-9612-0cd2bdccba1a
49021,53324,37196,0,16222,2026-07-04,NULL,NULL,99913,"2026-08-18 19:04:11","Added from Work Order",0677fb79-2050-4425-855a-20aa922113dc
47663,53329,35892,0,9236,2021-10-01,1167,NULL,97461,"2026-08-06 18:37:37","Added from Work Order",daa8f671-6815-4fae-906e-70b381c1a12a
47662,53329,34585,0,9236,2017-10-18,581,NULL,97459,"2026-08-06 18:37:00","Added from Work Order",ab15e281-d4c2-4f78-9394-6543fcc9b59d
47685,53331,34561,0,9236,2023-10-19,2136,NULL,97483,"2026-08-06 18:56:31","Added from Work Order",3e7fe7a9-9434-4cb4-8f61-b722ae5fbdf5
47686,53331,35868,0,9236,2023-10-19,2136,NULL,97483,"2026-08-06 18:56:31","Added from Work Order",e2a1787d-9654-4882-91f4-4731415109a4
47687,53331,35836,0,9236,2023-03-25,2070,NULL,97484,"2026-08-06 18:56:52","Added from Work Order",b982f68f-a8ae-4ac9-a03f-0c5a4a3c83fe
47671,53332,35863,0,9236,2025-03-20,2457,NULL,97470,"2026-08-06 18:46:16","Added from Work Order",d63457ed-2dbd-45ca-9257-0454aec02533
47670,53332,35831,0,9236,2021-07-01,2305,NULL,97469,"2026-08-06 18:45:46","Added from Work Order",dc271125-7fe8-4ed5-a7b7-edcd913ff971
47669,53332,34556,0,9236,2016-03-24,1257,NULL,97468,"2026-08-06 18:45:23","Added from Work Order",06ddbb69-d04c-4650-8ba8-42aa31ae157a
47664,53333,35861,0,9236,2023-11-27,2403,NULL,97462,"2026-08-06 18:38:47","Added from Work Order",086f9fd0-e92a-4279-8566-07f347fcd354
47665,53333,34554,0,9236,2023-11-27,2403,NULL,97462,"2026-08-06 18:38:47","Added from Work Order",88d4c615-3fc0-4ba1-adb2-90e4a55a4582
47666,53333,35829,0,9236,2023-11-27,2403,NULL,97462,"2026-08-06 18:38:47","Added from Work Order",5a91eed0-1c09-4793-bcd6-8166779f456d
47689,53334,35869,0,9236,2025-03-10,1400,NULL,97488,"2026-08-06 19:01:38","Added from Work Order",9d5dcd24-cdbe-43bd-90cc-0f9dfd2f044b
47688,53334,34562,0,9236,2015-12-02,630,NULL,97486,"2026-08-06 19:01:07","Added from Work Order",d4497065-49f7-44b1-a1f8-05fd5462d048
47668,53335,35862,0,9236,2022-12-08,1538,NULL,97467,"2026-08-06 18:43:54","Added from Work Order",f1adf81d-5e0c-4311-a4fc-923c73c9bd71
47667,53335,34555,0,9236,2021-10-22,1454,NULL,97465,"2026-08-06 18:43:19","Added from Work Order",aff2a669-45c8-47c1-9848-15576d5b54ca
47682,53336,34560,0,9236,2026-04-13,2670,NULL,97482,"2026-08-06 18:54:40","Added from Work Order",fea00fd8-4452-4569-962f-3499f95b3955
47683,53336,35867,0,9236,2026-04-13,2670,NULL,97482,"2026-08-06 18:54:40","Added from Work Order",ec9f0aaa-e612-4b0e-ab08-3dfa7bda6266
47684,53336,35835,0,9236,2022-11-01,2228,NULL,97481,"2026-08-06 18:55:13","Added from Work Order",07bbb9d6-bcb8-44a9-a63a-520482043666
47707,53337,35875,0,9236,2023-05-30,1336,NULL,97506,"2026-08-06 19:15:10","Added from Work Order",ccaa4eac-ecac-422e-84c5-2c69b91d0942
47706,53337,34568,0,9236,2022-02-22,924,NULL,97504,"2026-08-06 19:14:41","Added from Work Order",00042781-e7ad-4f41-87b2-496c19f51ec7
47709,53338,35876,0,9236,2024-02-28,1223,NULL,97509,"2026-08-06 19:18:47","Added from Work Order",4bc8f0c8-2220-4240-8984-6537ae52ff43
47708,53338,34569,0,9236,2022-10-11,1156,NULL,97507,"2026-08-06 19:17:05","Added from Work Order",46eb824a-cde3-4d4d-8e3e-121e66f84256
47703,53339,35873,0,9236,2024-10-22,1467,NULL,97500,"2026-08-06 19:12:01","Added from Work Order",1bbbfcca-c4cb-4c89-8f59-b2b13ff2658c
47702,53339,34566,0,9236,2019-11-20,1058,NULL,97498,"2026-08-06 19:11:29","Added from Work Order",cfe0b6fb-f733-4bfb-921e-a9a919c3ba95
47678,53340,35865,0,9236,2025-09-17,2488,NULL,97476,"2026-08-06 18:51:19","Added from Work Order",0a43788a-60ac-4ff8-b6e9-4f7dacbc915e
47676,53340,34558,0,9236,2023-01-11,2236,NULL,97474,"2026-08-06 18:50:28","Added from Work Order",589f8593-cc79-4282-811a-14ece1ad13df
47677,53340,35833,0,9236,2022-11-10,2211,NULL,97475,"2026-08-06 18:50:58","Added from Work Order",eac33fae-ad1f-44b4-9cef-4854c726614c
47704,53341,35874,0,9236,2022-03-02,1578,NULL,97503,"2026-08-06 19:12:45","Added from Work Order",d6d36c28-bdb6-4b39-8c59-0480b9df0b27
47705,53341,34567,0,9236,2021-06-30,1275,NULL,97501,"2026-08-06 19:13:16","Added from Work Order",98ca1029-3c8e-41cd-9415-515837b572fd
47692,53342,35870,0,9236,2025-11-20,1817,NULL,97491,"2026-08-06 19:04:53","Added from Work Order",63b2310a-df41-41f1-8b8b-07095b14d7e8
47691,53342,34563,0,9236,2019-11-19,1155,NULL,97489,"2026-08-06 19:04:18","Added from Work Order",e2eb8006-5223-475a-a05b-a6184a149a5a
47681,53343,35834,0,9236,2026-06-01,2112,NULL,97477,"2026-08-06 18:53:31","Added from Work Order",87ea68b8-aced-4cde-9273-21b7f1f53d88
47679,53343,35866,0,9236,2026-06-01,2112,NULL,97477,"2026-08-06 18:53:30","Added from Work Order",69847c18-d352-4be0-b53a-1e80e10eaa71
47680,53343,34559,0,9236,2026-06-01,2112,NULL,97477,"2026-08-06 18:53:30","Added from Work Order",a4544320-acfb-479c-85ee-efb0633f6117
47711,53345,35878,0,9236,2025-05-15,706,NULL,97515,"2026-08-06 19:23:01","Added from Work Order",4d18d229-843e-4365-a9a8-a49fc3091eaf
47675,53346,35864,0,9236,2025-04-22,2507,NULL,97473,"2026-08-06 18:48:36","Added from Work Order",d5081668-988d-4083-8f1f-ceae5cfeb01e
47672,53346,34557,0,9236,2021-06-30,2074,NULL,97471,"2026-08-06 18:47:33","Added from Work Order",2396f4bc-6006-45d8-9fae-c94ae74b8bf1
47674,53346,35832,0,9236,2020-07-30,2038,NULL,97472,"2026-08-06 18:48:02","Added from Work Order",fe22a68e-eab0-42ca-a918-e397f36c0e6f
49025,53349,37205,0,16222,2026-03-02,NULL,NULL,99917,"2026-08-18 19:07:27","Added from Work Order",8fbf4a8d-030f-433d-8dd6-1f237fb439a6
49026,53349,37219,0,16222,2024-05-01,4953,NULL,99918,"2026-08-18 19:09:06","Added from Work Order",f89d792d-1e3f-4bcf-a53d-8d31e0664836
49031,53359,37199,0,16222,2025-05-07,NULL,NULL,99926,"2026-08-18 19:26:11","Added from Work Order",28bdb28f-1b9a-4ba9-ac32-b30cebf51528
49032,53359,37209,0,16222,2023-04-06,3478,NULL,99927,"2026-08-18 19:30:40","Added from Work Order",e301e520-ed7f-455c-a9b2-5a6e8e52707b
49040,53361,37200,0,16222,2026-03-12,NULL,NULL,99937,"2026-08-18 20:10:24","Added from Work Order",b8f24ed1-bb5e-477d-b73a-dea07aa37e3e
49039,53361,37211,0,16222,2025-03-19,3984,NULL,99936,"2026-08-18 20:09:17","Added from Work Order",8a401ec3-1f10-4262-b357-d1bd8e0d167c
49041,53368,37208,0,16222,2025-07-25,NULL,NULL,99938,"2026-08-18 20:14:52","Added from Work Order",bc3a4466-85e7-4988-ae12-1321dad9a060
48318,53373,36673,0,9236,2026-06-17,2338,2349,97619,"2026-08-10 16:18:16","Added from Work Order",b1e2ba57-4c1a-479a-8a46-f790d33f7ee2
48315,53373,36676,0,9236,2026-06-17,2338,2349,97619,"2026-08-10 16:18:15","Added from Work Order",bf268d22-e5bf-4e1c-8615-71526e5c97f4
48316,53373,36677,0,9236,2026-06-17,2338,2349,97619,"2026-08-10 16:18:15","Added from Work Order",62143721-c7a1-418f-be8d-5070fd5b7cf7
48317,53373,36672,0,9236,2026-06-17,2338,2349,97619,"2026-08-10 16:18:15","Added from Work Order",bf21ab3a-585d-4a88-802d-d2c62c24ab71
48306,53373,36673,0,9236,2026-06-17,2338,2349,97614,"2026-08-10 16:16:11","Added from Work Order",47d43c68-616f-4478-895d-748264cd3bf7
48307,53373,36672,0,9236,2026-06-17,2338,2349,97614,"2026-08-10 16:16:11","Added from Work Order",83d0e73b-bdbd-4183-a4fb-8aee99d42931
48308,53373,36675,0,9236,2026-06-17,2338,2349,97614,"2026-08-10 16:16:11","Added from Work Order",003289a5-efca-4987-bc80-53dc629dd199
48309,53373,36674,0,9236,2026-06-17,2338,2349,97614,"2026-08-10 16:16:11","Added from Work Order",2aa6121b-f84d-464e-ab24-dfa2b4f61a04
48310,53373,36676,0,9236,2026-06-17,2338,2349,97614,"2026-08-10 16:16:11","Added from Work Order",59edde19-4334-43c6-b2c3-1b0e080b215e
48311,53373,36677,0,9236,2026-06-17,2338,2349,97614,"2026-08-10 16:16:11","Added from Work Order",a00a8a73-a06d-4c26-9072-f037d621e89d
48312,53373,36674,0,9236,2026-01-22,1779,1734,97616,"2026-08-10 16:17:16","Added from Work Order",6e7197ba-bb1c-4721-a47e-b4fa99d4197d
48313,53373,36675,0,9236,2026-01-22,1779,1734,97616,"2026-08-10 16:17:16","Added from Work Order",e4026f56-c0f6-4e98-8710-583d4f4ac225
48300,53375,36600,0,9236,2026-06-17,3495,3475,97608,"2026-08-10 16:13:24","Added from Work Order",a6caac77-4f00-4709-b43f-d417e7b97ea9
48301,53375,36568,0,9236,2026-06-17,3495,3475,97608,"2026-08-10 16:13:24","Added from Work Order",12833485-d505-431b-bb34-0b68a1e99ab4
48293,53375,36568,0,9236,2026-06-17,NULL,3475,97609,"2026-08-10 16:12:01","Added from Work Order",b1ec3cf0-e4a5-49ac-b5bf-b2834f82c98d
48289,53375,36523,0,9236,2026-06-17,3495,NULL,97608,"2026-08-10 16:09:53","Added from Work Order",64572083-0849-49de-9162-79bc57b127c0
48290,53375,36584,0,9236,2026-06-17,3495,NULL,97608,"2026-08-10 16:09:53","Added from Work Order",35d89aca-1a84-4573-b027-e400aac4dbde
48302,53375,36669,0,9236,2026-01-22,2370,2350,97610,"2026-08-10 16:14:28","Added from Work Order",3beb31e6-ca24-4624-8943-01da9543f825
48303,53375,36662,0,9236,2026-01-22,2370,2350,97610,"2026-08-10 16:14:28","Added from Work Order",feb84223-6269-47eb-8271-e9adcdda59f7
47728,53378,36042,0,9236,2023-06-01,10576,NULL,97622,"2026-08-06 19:42:53","Added from Work Order",9728ab20-de1a-4ccd-9881-4afdfb7165e6
47727,53378,36049,0,9236,2022-10-27,9627,NULL,97621,"2026-08-06 19:41:50","Added from Work Order",871ee509-f53f-40b7-bbf9-816b950c9018
48389,53378,36121,0,9236,2010-01-01,9627,NULL,97620,"2026-08-10 17:15:27","Added from Work Order",c15e15f9-c0f0-4a0a-a4ea-763d6f9ca15a
48799,53380,36599,0,16382,2026-08-17,NULL,5195,99538,"2026-08-17 12:24:21","Added from Work Order",8047e8ca-7419-4d5e-ac56-2e1965401ff4
48798,53380,36586,0,16382,2026-08-17,5200,NULL,99537,"2026-08-17 12:22:25","Added from Work Order",ab4e352e-81f4-4d37-9bf8-0e571ed6b412
47723,53380,36586,0,9236,2026-04-15,4682,4625,97601,"2026-08-06 19:36:51","Added from Work Order",afb5c03c-14d1-4db3-8a76-6282198003ad
47724,53380,36599,0,9236,2026-04-15,4682,4625,97601,"2026-08-06 19:36:51","Added from Work Order",b2e5eba5-f945-4959-abba-1fc81f5acf8c
47721,53380,36574,0,9236,2026-01-29,4098,4143,97596,"2026-08-06 19:35:56","Added from Work Order",9256425c-096d-468e-82ee-e0974f6fe4cb
47722,53380,36526,0,9236,2026-01-29,4098,4143,97596,"2026-08-06 19:35:56","Added from Work Order",61dbb1b9-096c-4070-8c14-85e65789ae6e
47725,53380,36663,0,9236,2025-02-13,2145,1914,97598,"2026-08-06 19:39:11","Added from Work Order",ef66cc14-a70c-47b8-81a5-a6394894902e
47726,53380,36667,0,9236,2025-02-13,2145,1914,97598,"2026-08-06 19:39:11","Added from Work Order",b5b7226c-0712-4db2-89aa-04b07315c8df
47718,53381,36939,0,9236,2024-08-30,434,NULL,97593,"2026-08-06 19:32:17","Added from Work Order",3dd8c19b-7dec-4ea5-8bae-0c91c7c79639
47719,53381,36937,0,9236,2024-08-30,434,NULL,97593,"2026-08-06 19:32:17","Added from Work Order",c50296e9-5b71-42ae-90f4-95d9bec5f663
47720,53381,36938,0,9236,2024-08-30,434,NULL,97593,"2026-08-06 19:32:17","Added from Work Order",15ee641d-c1ab-430d-9c68-4a80de532046
47715,53382,36597,0,9236,2025-10-09,4835,4851,97585,"2026-08-06 19:28:31","Added from Work Order",266538c0-cc11-4612-b79a-4ce590eafbb5
47712,53382,36537,0,9236,2025-10-09,4835,4851,97585,"2026-08-06 19:28:30","Added from Work Order",c8a6bf99-c115-454b-8889-eba6edb94ccc
47713,53382,36575,0,9236,2025-10-09,4835,4851,97585,"2026-08-06 19:28:30","Added from Work Order",08b379a7-4094-4f74-8bb9-8fcbd37d8d5c
47714,53382,36585,0,9236,2025-10-09,4835,4851,97585,"2026-08-06 19:28:30","Added from Work Order",e03bfe59-94f9-44b7-9627-7751aebb4a36
47716,53382,36664,0,9236,2024-03-29,3836,3859,97587,"2026-08-06 19:30:42","Added from Work Order",5b8bceab-1a73-4d92-a7db-dcbb82345ff3
47717,53382,36668,0,9236,2024-03-29,3836,3859,97587,"2026-08-06 19:30:42","Added from Work Order",d9175d84-4407-414a-aa0d-c8a92523810a
47729,53383,36043,0,9236,2026-03-02,10166,NULL,97623,"2026-08-06 19:44:23","Added from Work Order",836eb207-32fb-4b81-b7f6-c6c2fe333465
47735,53385,36044,0,9236,2025-10-02,7238,NULL,97626,"2026-08-06 19:47:29","Added from Work Order",2df49c36-e7a3-4cde-885f-052141983e94
47734,53385,36052,0,9236,2023-04-19,6365,NULL,97625,"2026-08-06 19:46:34","Added from Work Order",ea32913f-ecd8-4680-adcd-94d3b35ea71a
47731,53385,36123,0,9236,2021-02-23,5591,NULL,97624,"2026-08-06 19:46:08","Added from Work Order",c7a09178-abcd-46a9-bf45-e44b8f2ce5a4
47744,53386,36046,0,9236,2018-04-11,2317,NULL,97632,"2026-08-06 19:54:42","Added from Work Order",6b0c689b-ec6f-481e-bd5b-aef96f7e0a24
47742,53386,36125,0,9236,2017-10-10,2060,NULL,97630,"2026-08-06 19:54:10","Added from Work Order",beffd48e-569c-48a9-918e-5f135c234322
47743,53386,36055,0,9236,2017-10-10,2060,NULL,97630,"2026-08-06 19:54:10","Added from Work Order",4cc2c539-0273-4103-9880-e9722a40d797
47740,53387,36045,0,9236,2026-01-26,3912,NULL,97629,"2026-08-06 19:52:19","Added from Work Order",401a96a1-a5de-4a78-82a5-1ec0eca569c5
47738,53387,36124,0,9236,2023-02-09,2617,NULL,97628,"2026-08-06 19:51:49","Added from Work Order",18969ecb-1d46-4069-ab7a-d9d20c600449
47739,53387,36053,0,9236,2023-02-09,2617,NULL,97628,"2026-08-06 19:51:49","Added from Work Order",24dfedae-2789-471e-a6a0-ea1ee6e36685
47736,53387,36053,0,9236,2023-02-09,2617,NULL,97627,"2026-08-06 19:50:20","Added from Work Order",611db8e6-7a74-4040-947d-161c65de3b0a
47737,53387,36045,0,9236,2023-02-09,2617,NULL,97627,"2026-08-06 19:50:20","Added from Work Order",65c8600d-6f17-4837-919e-0e14824e5b5a
47747,53390,35920,0,9236,2023-03-03,7344,NULL,97636,"2026-08-06 20:00:38","Added from Work Order",b07b0602-8db8-43fd-932c-c6b494da6e08
47789,53393,35942,0,9236,2024-01-04,3111,NULL,97674,"2026-08-06 20:29:23","Added from Work Order",93b304be-499e-4d62-8d64-46a60f924835
47745,53394,36710,0,9236,2020-06-18,4823,NULL,97633,"2026-08-06 19:58:26","Added from Work Order",a43f900e-75e9-4bb6-8673-f5e3371c7dc0
47746,53395,35918,0,9236,2026-03-19,746,NULL,97634,"2026-08-06 19:59:22","Added from Work Order",cf055802-03a3-45f5-bd1b-d30694b080a1
47794,53396,35943,0,9236,2024-01-04,5132,NULL,97679,"2026-08-06 20:34:41","Added from Work Order",ddcd8872-2082-4b5c-93f7-c6e9bc5261f0
47805,53410,34504,0,9236,2026-02-19,3685,NULL,97707,"2026-08-06 20:48:54","Added from Work Order",35f6945d-7042-4422-b2f4-a4d388191433
47808,53412,35479,0,9236,2024-01-15,605,NULL,97753,"2026-08-06 20:53:06","Added from Work Order",4ac5609a-58cd-4fd6-a391-c7378a565fe8
48323,53413,34500,0,9236,2026-06-02,3884,NULL,97698,"2026-08-10 16:20:12","Added from Work Order",b03db957-fa82-4d9f-9325-34f401c1b5c4
48351,53415,35440,0,9236,2025-07-17,4408,NULL,97742,"2026-08-10 16:33:56","Added from Work Order",1296976a-12ae-4753-b86f-41d42ead7e4a
47846,53416,34380,0,9236,2026-06-09,NULL,NULL,97882,"2026-08-06 21:32:12","Added from Work Order",70e139d8-d338-401d-a902-a109da05a71c
47801,53418,36781,0,9236,2026-01-14,9080,22129,97692,"2026-08-06 20:43:13","Added from Work Order",d9728c43-f6b2-4fca-9781-47c9508676bf
48347,53423,35437,0,9236,2026-06-23,4541,NULL,97736,"2026-08-10 16:32:17","Added from Work Order",ffaa679c-4c78-44ab-99bc-8ef8841eb9b1
47855,53429,36731,0,9236,2024-09-25,4639,NULL,97890,"2026-08-06 21:50:15","Added from Work Order",249d11df-f4a0-4850-8f45-e1f1182d7afe
48344,53432,35436,0,9236,2026-02-03,4587,NULL,97735,"2026-08-10 16:31:15","Added from Work Order",f690ea07-d140-434b-82ab-21d0ab8103fa
47800,53433,35482,0,9236,2026-04-01,4453,NULL,97688,"2026-08-06 20:40:07","Added from Work Order",37dccdf7-ae4f-4810-b3ad-57fd35a94a42
48350,53437,35439,0,9236,2026-01-07,3550,NULL,97740,"2026-08-10 16:33:23","Added from Work Order",164427fc-177a-4896-9006-9b92c1aef4d9
49030,53439,37206,0,16222,2026-07-27,NULL,NULL,99923,"2026-08-18 19:18:16","Added from Work Order",cd5f97de-2227-4f02-9de9-5ee657aa5181
49029,53439,37216,0,16222,2026-07-27,2511,NULL,99922,"2026-08-18 19:17:10","Added from Work Order",25c70b9a-fa92-4eb6-a304-b3fceb624821
48357,53441,35444,0,9236,2025-12-29,3428,NULL,97750,"2026-08-10 16:36:08","Added from Work Order",8b20154d-2b94-4ba3-99df-0d71810cc52e
47803,53446,34498,0,9236,2026-04-02,4464,NULL,97694,"2026-08-06 20:46:01","Added from Work Order",c27daf02-95ad-49b3-ba58-ef7e9d95a2bc
48341,53447,35434,0,9236,2026-07-10,3289,NULL,97730,"2026-08-10 16:30:02","Added from Work Order",5f48ddf7-e777-43cb-b19d-c3b0ddd33b29
48331,53450,34510,0,9236,2026-03-20,1965,NULL,97718,"2026-08-10 16:25:14","Added from Work Order",cf41102a-1c6e-4373-ad1c-1e10529090ff
48324,53452,34501,0,9236,2025-04-19,4169,NULL,97700,"2026-08-10 16:21:02","Added from Work Order",5e12df8f-109d-46da-b690-225db5beec13
47848,53453,34378,0,9236,2022-11-16,NULL,NULL,97884,"2026-08-06 21:34:20","Added from Work Order",e419cbdd-9dc0-487c-a993-30b8cbf63ea1
47875,53473,34949,0,9236,2024-03-11,5216,NULL,97907,"2026-08-07 13:13:12","Added from Work Order",b3166887-7ca0-479a-a6e9-de7cf5da7fef
47873,53473,34933,0,9236,2021-05-29,4527,NULL,97905,"2026-08-07 13:12:44","Added from Work Order",4e4db59c-eef8-41b2-a335-a3dc09fa14e1
47874,53473,34937,0,9236,2021-05-29,4527,NULL,97905,"2026-08-07 13:12:44","Added from Work Order",b0927df2-58c9-4b2c-8f2e-9b3fbbb79384
48330,53478,34509,0,9236,2026-03-16,422,NULL,97716,"2026-08-10 16:24:30","Added from Work Order",41f3015f-55f2-4fbb-824f-faca446bc233
48406,53497,35566,0,9236,2026-01-10,NULL,NULL,97690,"2026-08-10 18:11:45","Added from Work Order",be509e1b-b6a4-4be5-a872-41ec8555acc4
48407,53497,35506,0,9236,2026-01-10,NULL,NULL,97690,"2026-08-10 18:11:45","Added from Work Order",de98cf8e-dfdd-4650-b8cc-520a1ff39e3b
47807,53500,35478,0,9236,2025-03-12,783,NULL,97752,"2026-08-06 20:52:29","Added from Work Order",2e5e7046-dbc9-4182-a8f0-f10bdf3ad98c
47890,53503,36733,0,9236,2026-05-26,2966,NULL,97927,"2026-08-07 13:23:44","Added from Work Order",e69f73dc-9d77-49f1-ac44-a5d5513f7738
48326,53511,34503,0,9236,2025-02-19,4720,NULL,97704,"2026-08-10 16:22:39","Added from Work Order",c2198edb-e088-49f8-a824-002b97b2c766
48353,53518,35441,0,9236,2026-06-05,5032,NULL,97744,"2026-08-10 16:34:34","Added from Work Order",31338069-debc-466d-8674-ad1f3df28812
47879,53524,34452,0,9236,2026-03-26,685,NULL,97911,"2026-08-07 13:15:44","Added from Work Order",cfdd308f-c794-4398-9497-a402c146eca3
48334,53529,34513,0,9236,2025-11-20,164,NULL,97724,"2026-08-10 16:28:14","Added from Work Order",b95d8fa5-7e30-49b3-9fc6-8c1121fd7e41
47847,53530,34406,0,9236,2026-04-16,520,NULL,97883,"2026-08-06 21:33:25","Added from Work Order",bc4ed6d0-0a27-4759-97c0-0e48ef29e494
47850,53533,34450,0,9236,2024-09-03,2217,NULL,97885,"2026-08-06 21:36:09","Added from Work Order",cb36b237-2c66-45dd-b78b-a94a0f39f01e
47851,53533,34440,0,9236,2024-09-03,2217,NULL,97885,"2026-08-06 21:36:09","Added from Work Order",bbad87f0-65a9-4fb4-a1bb-2715bcb2043f
48136,53543,36936,0,9236,2026-05-26,17354,NULL,98175,"2026-08-07 15:31:00","Added from Work Order",8db7a3ab-1441-4a7d-901f-425770f067e3
47696,53548,35871,0,9236,2020-01-27,819,NULL,97494,"2026-08-06 19:06:44","Added from Work Order",bc3803e3-0562-4063-807a-725f3d09c50e
47866,53564,34517,0,9236,2025-05-28,7731,NULL,97898,"2026-08-07 13:05:54","Added from Work Order",c396d55d-e507-4ddf-91f2-bbe7a4b3f192
47864,53564,34515,0,9236,2019-07-10,6596,NULL,97896,"2026-08-07 13:05:23","Added from Work Order",d85ffe45-7cd2-46c6-a43e-63597f5851f6
47865,53564,34516,0,9236,2019-07-10,6596,NULL,97896,"2026-08-07 13:05:23","Added from Work Order",fe140665-380a-4a8d-b505-21510834be50
48343,53567,35435,0,9236,2025-09-12,4187,NULL,97732,"2026-08-10 16:30:35","Added from Work Order",569cac6d-a586-424d-abea-4f9d6a92f093
48403,53573,36777,0,9236,2026-01-08,NULL,NULL,97131,"2026-08-10 18:08:32","Added from Work Order",5feada4a-e7a6-4be8-8637-2a572900bc78
47872,53578,34944,0,9236,2024-03-03,3147,NULL,97904,"2026-08-07 13:11:50","Added from Work Order",fc914582-9857-46a8-9ecd-27df2adbcfdd
47870,53578,34926,0,9236,2017-05-11,2382,NULL,97902,"2026-08-07 13:11:30","Added from Work Order",5870782f-30de-4485-995b-e07e9b97727b
47871,53578,34940,0,9236,2017-05-11,2382,NULL,97902,"2026-08-07 13:11:30","Added from Work Order",f52d29fc-86bf-4cc5-8e2b-afe57becfc21
48348,53582,35438,0,9236,2026-06-04,4350,NULL,97738,"2026-08-10 16:32:52","Added from Work Order",8a66051a-f873-4eb8-b377-d9d2a74d5a62
47841,53583,34379,0,9236,2026-03-12,60,NULL,97867,"2026-08-06 21:22:50","Added from Work Order",42c482df-e747-43ae-b5c8-67663f3989d5
47804,53590,36783,0,9236,2024-11-04,17069,8525,97706,"2026-08-06 20:48:10","Added from Work Order",7ef4dcca-f7cb-4760-9319-e35a801eae9b
48396,53597,34407,0,9236,2026-04-16,NULL,NULL,97891,"2026-08-10 17:44:04","Added from Work Order",1575d75f-c47b-411a-ac77-a8e86f064125
48405,53609,36779,0,9236,2010-01-01,NULL,NULL,97687,"2026-08-10 18:10:48","Added from Work Order",0ab883bd-2273-478f-b272-63d598579c07
48325,53611,34502,0,9236,2026-03-18,4819,NULL,97702,"2026-08-10 16:21:43","Added from Work Order",a05cc9a7-717b-47ad-8c30-48815572863c
47802,53614,36782,0,9236,2024-11-12,18737,2741,97693,"2026-08-06 20:45:00","Added from Work Order",b11364a8-b3bd-40bf-9490-d03d12f4dc84
48321,53615,34499,0,9236,2024-10-17,3069,NULL,97696,"2026-08-10 16:19:04","Added from Work Order",894f5087-b4fb-49f8-97a1-e85f598feeb1
48354,53616,35442,0,9236,2026-06-01,3432,NULL,97746,"2026-08-10 16:35:08","Added from Work Order",3c6c5988-c582-4270-97dd-6ca39e1a7469
47710,53619,35877,0,9236,2024-07-17,879,NULL,97512,"2026-08-06 19:21:33","Added from Work Order",72d11ceb-77c6-4278-96b0-975a1e375053
47876,53628,34934,0,9236,2026-04-16,11966,NULL,97908,"2026-08-07 13:14:26","Added from Work Order",24f0fffd-9cbf-49c2-9aec-644df19454ca
47877,53628,34950,0,9236,2026-04-16,11966,NULL,97908,"2026-08-07 13:14:26","Added from Work Order",15590259-0d5a-43c1-bc20-309da16043f7
47878,53628,34938,0,9236,2020-06-22,7752,NULL,97909,"2026-08-07 13:14:52","Added from Work Order",23af1872-3eb0-4742-a3b4-2007071ee5c2
48328,53633,34505,0,9236,2025-11-21,3680,NULL,97709,"2026-08-10 16:23:25","Added from Work Order",2aefcd0f-d082-4028-83e4-32f26acc1f99
48333,53636,34512,0,9236,2026-02-03,1957,NULL,97722,"2026-08-10 16:26:29","Added from Work Order",10db50d5-d9bb-43d6-8a9c-27dcc8c3a94f
48356,53637,35443,0,9236,2023-10-27,2867,NULL,97748,"2026-08-10 16:35:39","Added from Work Order",ee3bcf01-0f3e-4cee-9d8f-5894afee39ce
47799,53648,36732,0,9236,2026-07-17,1825,NULL,97684,"2026-08-06 20:38:39","Added from Work Order",42d2afe2-91f2-419a-bec9-9902fe2d6aba
48329,53654,34506,0,9236,2026-04-16,2373,NULL,97711,"2026-08-10 16:23:57","Added from Work Order",a9cae9ec-c9f1-4e6a-a8c0-5cf82c2cd5a6
48823,53661,34382,0,16222,2026-08-14,NULL,NULL,99572,"2026-08-17 15:29:49","Added from Work Order",eca0fafd-d308-48fc-ae0a-8688123bda67
48397,53661,34382,0,9236,2022-11-16,NULL,NULL,97892,"2026-08-10 17:45:00","Added from Work Order",c394b3a0-1bd5-4d78-b0f0-fd1c038bf266
48338,53662,35433,0,9236,2023-06-13,2327,NULL,97728,"2026-08-10 16:29:25","Added from Work Order",ddb6abd5-3be6-4bb6-98e1-30c3bf1c22d1
47854,53666,34451,0,9236,2025-02-05,11,NULL,97887,"2026-08-06 21:38:24","Added from Work Order",dd89bd64-e2ee-4d57-80d1-be5fe13728e6
48336,53667,35432,0,9236,2026-04-10,4042,NULL,97726,"2026-08-10 16:28:51","Added from Work Order",20e6ff2d-cfeb-403e-839f-6aeeca31c7fa
49022,53668,37197,0,16222,2026-01-10,NULL,NULL,99914,"2026-08-18 19:06:19","Added from Work Order",a76258b8-ffa9-419e-8807-2438e523537a
48332,53674,34511,0,9236,2025-03-01,1866,NULL,97720,"2026-08-10 16:25:51","Added from Work Order",e4144af3-789e-43a9-90ab-c02050d2491f
49036,53678,37207,0,16222,2026-07-31,NULL,NULL,99932,"2026-08-18 19:57:31","Added from Work Order",d2f0ef8b-80b1-4697-83e3-79981318b466
49038,53678,37217,0,16222,2025-05-16,2752,NULL,99934,"2026-08-18 20:01:06","Added from Work Order",c7c9ee16-e67a-4497-b2e3-d5c37138acdc
47176,55175,36697,0,9236,2026-03-13,NULL,71603,96936,"2026-08-05 20:47:44","Added from Work Order",dadaa1cf-b521-45fe-9053-5710cf97ceb5
47177,55175,36689,0,9236,2026-03-13,NULL,71603,96936,"2026-08-05 20:47:44","Added from Work Order",d9305ae8-dfae-4df1-9856-44c6cbd901b9
47168,55211,36696,0,9236,2026-05-14,NULL,110122,96934,"2026-08-05 20:44:31","Added from Work Order",c10322be-ca84-4078-9074-d73e129384c5
47169,55211,36688,0,9236,2026-05-14,NULL,110122,96934,"2026-08-05 20:44:31","Added from Work Order",f8d1cf98-7df4-4a87-ae25-b76ba2b7e677
48783,55224,37088,0,15814,2026-08-15,543,650,99443,"2026-08-15 13:55:36","Added from Work Order",0006b2db-b58a-4ffb-9833-bba71ad6095a
48781,55224,37091,0,15814,2026-08-15,546,NULL,99448,"2026-08-15 13:48:35","Added from Work Order",ecaa0a44-fa4f-46e8-9adf-d03bc4951dec
48777,55224,37150,0,16222,2026-08-14,NULL,NULL,99438,"2026-08-14 21:54:15","Added from Work Order",aa028a91-8cff-491a-afbd-2254f35e8dd8
48473,55224,37100,0,16222,2026-08-11,526,NULL,98884,"2026-08-11 14:34:44","Added from Work Order",b4e4006d-b967-4369-ba12-af2994d84b70
48465,55224,37097,0,15493,2026-08-11,526,600,98839,"2026-08-11 13:25:16","Added from Work Order",18fae73e-0ad2-4d86-b004-b1cfddd1cc6f
48466,55224,37098,0,15493,2026-08-11,526,600,98839,"2026-08-11 13:25:16","Added from Work Order",12a64c29-c407-46c2-86ef-a7fde749245d
48782,55224,37091,0,15704,2026-08-08,555,NULL,99446,"2026-08-15 13:48:52","Added from Work Order",ac1d5f87-7bb5-4510-9914-866211f24761
46857,55224,35488,0,16222,2026-08-04,NULL,NULL,96523,"2026-08-04 07:04:33","Added from Work Order",0dc0cea3-1dba-4708-affe-869c4587961a
46856,55224,35488,0,16222,2026-08-04,NULL,NULL,96522,"2026-08-04 07:00:19","Added from Work Order",cb4fc9ef-be1c-4068-9d2b-b4dce0947445
46618,55224,35314,0,16222,2026-07-30,26,NULL,96124,"2026-07-30 18:56:33","Added from Work Order",2fd0d630-ee02-454c-8fd4-2274ee796205
46617,55224,35314,0,16222,2026-07-30,25,NULL,96127,"2026-07-30 18:45:48","Added from Work Order",d59c7294-0794-4b0b-9059-8207123933e7
