workOrderPmId,setupId,workOrderId,createdTimestampUtc,createdByUserId,isDeleted,deletedByUserId,isCompleted,isActive,uuid
35771,35314,96124,"2026-07-30 18:39:54",16222,0,NULL,1,0,60d50461-512a-4652-ad98-f2ca6432689c
35773,35314,96127,"2026-07-30 18:45:48",16222,0,NULL,1,0,b2380eba-eefc-449e-a4a2-e1d350ad5ac8
35993,34595,96076,"2026-08-04 06:55:39",16222,0,NULL,0,1,9022bf0c-d071-46b5-89a2-4a1ff6462015
35994,35488,96522,"2026-08-04 07:00:18",16222,0,NULL,1,0,08f0b0a4-bd4b-4d7e-8106-e6599f46e69f
35995,35488,96523,"2026-08-04 07:04:33",16222,0,NULL,1,0,8027da2e-c547-43dd-b9c8-90d594f498e5
36066,35893,96695,"2026-08-05 14:29:12",9236,0,NULL,1,0,c58559d4-287b-4a55-9bc5-84d2988caa69
36067,35894,96696,"2026-08-05 14:34:22",9236,0,NULL,1,0,277aedf8-aabc-4cea-b3f3-90d24192ca3f
36068,35895,96697,"2026-08-05 14:37:24",9236,0,NULL,1,0,9834fe33-c0ca-42ec-abc5-8afdcc4e63c1
36069,35896,96698,"2026-08-05 14:38:42",9236,0,NULL,1,0,1d0c57c8-d85e-4b86-a565-bf9deb826e3d
36070,35897,96699,"2026-08-05 14:39:34",9236,0,NULL,1,0,5fb01823-513b-4ff1-87ec-ca862bcf8d4f
36073,35898,96700,"2026-08-05 14:40:30",9236,0,NULL,1,0,0c63164a-ede7-4053-b1e4-a15462908c72
36075,35907,96701,"2026-08-05 14:42:13",9236,0,NULL,1,0,9d89d5c5-0493-4a71-9f2b-60aa84b70709
36077,35908,96702,"2026-08-05 14:43:13",9236,0,NULL,1,0,0514e24e-ea75-4e90-99ff-ed01377e2a88
36078,35910,96704,"2026-08-05 14:44:11",9236,0,NULL,1,0,6aeb83aa-9522-4a2e-806f-458707bb008e
36079,35909,96703,"2026-08-05 14:44:59",9236,0,NULL,1,0,ad565afa-0a1e-4c03-ab3a-7fa8d682d1cb
36080,35911,96705,"2026-08-05 14:46:13",9236,0,NULL,1,0,c85b73ca-b846-44d8-9a03-5afbd3df9d7e
36084,35912,96706,"2026-08-05 14:50:41",9236,0,NULL,1,0,68fca549-d012-42e8-99cb-5245aa0ef30b
36085,35913,96707,"2026-08-05 14:51:22",9236,0,NULL,1,0,2eeff0e8-9963-4c55-a79f-a0ca93fbed42
36086,35914,96708,"2026-08-05 14:52:11",9236,0,NULL,1,0,97eb5a95-0e6e-4513-8156-17fc097b996a
36087,35915,96709,"2026-08-05 14:53:37",9236,0,NULL,1,0,0178351f-db63-4510-ac69-39fbdb39f91d
36088,35916,96710,"2026-08-05 14:54:16",9236,0,NULL,1,0,a2d82729-b079-4bd9-b922-8955d89cf681
36089,35917,96711,"2026-08-05 14:55:02",9236,0,NULL,1,0,4c32575c-bf22-42c8-ac2d-0289b12a779b
36090,35899,96712,"2026-08-05 14:55:55",9236,0,NULL,1,0,8c55180d-47bf-4c9f-a35e-195138db11fb
36091,35901,96715,"2026-08-05 15:00:13",9236,0,NULL,1,0,0dab52d6-531e-4c81-b948-f269829de1c7
36092,35902,96716,"2026-08-05 15:01:18",9236,0,NULL,1,0,0eb22e8e-daf8-4032-a6b5-ad3ef3749d47
36093,35903,96717,"2026-08-05 15:02:44",9236,0,NULL,1,0,4784d8ac-d681-43fe-8a4e-f239613d920b
36094,35904,96718,"2026-08-05 15:03:51",9236,0,NULL,1,0,32cf6cbe-ba16-45d7-baa7-f43506758359
36095,35906,96720,"2026-08-05 15:05:21",9236,0,NULL,1,0,869e49b9-db10-42e0-acf1-571e07febf9d
36096,34586,96724,"2026-08-05 15:08:04",9236,0,NULL,0,1,f1887f43-b76e-4f22-88db-d11f5f53350b
36097,34587,96723,"2026-08-05 15:09:55",9236,0,NULL,0,1,f0e7d638-3ab4-4f45-b7e6-bf90c1d713fe
36098,35070,96733,"2026-08-05 15:12:55",9236,0,NULL,1,0,c8670ab2-1a0b-4800-859d-3eb2515bfb67
36099,34591,96721,"2026-08-05 15:40:26",9236,0,NULL,1,0,dddda763-dc92-4d9c-8e02-399466dfeb53
36100,34595,96722,"2026-08-05 15:41:07",9236,0,NULL,1,0,245f0ede-6217-4b55-8835-66b1f19b205c
36101,34592,96725,"2026-08-05 15:45:56",9236,0,NULL,1,0,6609c544-32a3-42eb-930e-4bfbf8090130
36102,34596,96726,"2026-08-05 15:47:07",9236,0,NULL,1,0,b43360ec-5a03-458e-ae80-1d71abaecb02
36103,34599,96731,"2026-08-05 15:52:59",9236,0,NULL,1,0,f3651e40-17f5-4c25-92fe-c4506c3f7668
36104,34602,96732,"2026-08-05 15:53:36",9236,0,NULL,1,0,146443f3-bcf0-4d7c-8873-976a00193910
36105,34600,96735,"2026-08-05 15:57:41",9236,0,NULL,1,0,41c7dea5-c471-4b5b-a7ef-3dc697b799cf
36106,34603,96736,"2026-08-05 15:58:32",9236,0,NULL,1,0,6ec7586f-0991-452c-85ca-8684cd52506d
36107,34618,96739,"2026-08-05 16:00:40",9236,0,NULL,1,0,c74a471f-d9cd-4166-8b7d-2ae8cf9bf0aa
36108,34620,96740,"2026-08-05 16:01:18",9236,0,NULL,1,0,e19c2406-b2a4-4a90-86cd-14fe778e7826
36109,34601,96745,"2026-08-05 16:03:28",9236,0,NULL,1,0,4a158526-a1f9-4cbf-af79-c6b4f8604665
36110,34604,96746,"2026-08-05 16:03:53",9236,0,NULL,1,0,330951ad-4acc-403f-9e88-6ac3cb01cadf
36111,34461,96749,"2026-08-05 16:06:07",9236,0,NULL,1,0,b5fe72a9-eea2-43b1-9186-bd1bcc3f8370
36112,34462,96750,"2026-08-05 16:07:44",9236,0,NULL,1,0,45bcc636-3cf6-4349-911a-a66ed8866c4b
36113,34463,96751,"2026-08-05 16:08:35",9236,0,NULL,1,0,49bd9131-4d5c-413d-ac94-30f79ac9af6f
36114,34464,96752,"2026-08-05 16:09:28",9236,0,NULL,1,0,ceeae3f9-1851-4904-b389-30c9307d4dcf
36115,34607,96753,"2026-08-05 16:11:11",9236,0,NULL,1,0,c565ceff-2727-411d-91c6-d6d818cb5b9f
36116,34610,96754,"2026-08-05 16:11:42",9236,0,NULL,1,0,08bec989-0468-47eb-b26b-7c01d92d8c3b
36117,34622,96757,"2026-08-05 16:14:47",9236,0,NULL,1,0,82eccba8-4a31-4480-a6e9-1eca41fe35d4
36118,34623,96758,"2026-08-05 16:15:38",9236,0,NULL,1,0,c1b8ef43-839d-467c-8a3a-3838104c7bf5
36119,34612,96727,"2026-08-05 16:19:46",9236,0,NULL,1,0,ea988102-c84b-40d1-bbd3-38a80f3c6718
36120,34611,96727,"2026-08-05 16:19:50",9236,0,NULL,1,0,aed49885-33b8-400b-9fe2-da5603715ff9
36121,34597,96730,"2026-08-05 16:21:15",9236,0,NULL,1,0,b894b137-f962-4e22-9640-229c558f8eb7
36122,34593,96730,"2026-08-05 16:21:18",9236,0,NULL,1,0,f190f59b-74cd-4122-b981-b226cc965b10
36123,34598,96748,"2026-08-05 16:23:40",9236,0,NULL,1,0,161719fc-4b6b-41c0-8362-36b2452dafb0
36124,34594,96748,"2026-08-05 16:23:44",9236,0,NULL,1,0,01322faf-87cd-4c92-8c23-4f4a1ede8713
36125,34621,96756,"2026-08-05 16:25:20",9236,0,NULL,1,0,ccdc8a76-7440-4ae8-936d-bccc866453d1
36126,34619,96756,"2026-08-05 16:25:24",9236,0,NULL,1,0,859f24ce-1925-412c-85a3-486bd9b5ad1e
36127,35225,96759,"2026-08-05 16:28:40",9236,0,NULL,1,0,73f47616-6b63-4b4c-a09e-63fb0474e2d3
36128,35239,96761,"2026-08-05 16:30:00",9236,0,NULL,1,0,341db24e-6f24-4269-9c38-ba3ff97e42fc
36129,35232,96761,"2026-08-05 16:30:04",9236,0,NULL,1,0,a7f6cdbf-a275-46df-81b0-f66897e43dc0
36130,35240,96764,"2026-08-05 16:31:26",9236,0,NULL,1,0,33e222ac-96ef-42cf-92f4-6732472887bd
36131,35226,96763,"2026-08-05 16:32:57",9236,0,NULL,1,0,28b4dd4a-6cbe-4241-a7f5-bc879ce38f96
36132,35233,96763,"2026-08-05 16:33:05",9236,0,NULL,1,0,bfe285f7-6c50-4cc5-97eb-c3698ef0da4e
36134,35241,96767,"2026-08-05 16:40:33",9236,0,NULL,1,0,1487106d-7af4-4930-9c6c-35c2107df4cb
36135,35227,96767,"2026-08-05 16:40:37",9236,0,NULL,1,0,db817e01-2c8c-442d-bb48-423a02ce5b7a
36136,35234,96767,"2026-08-05 16:40:43",9236,0,NULL,1,0,c152fd22-9948-4057-8e23-158c4b2631e1
36137,35242,96770,"2026-08-05 16:42:56",9236,0,NULL,1,0,afd2fa6c-89a8-4af9-a31c-d5e0899fcb8c
36138,35228,96768,"2026-08-05 16:43:34",9236,0,NULL,1,0,94d0e096-e61c-4cad-90ce-5d952b98deb0
36139,35235,96768,"2026-08-05 16:43:38",9236,0,NULL,1,0,25db9d63-0036-45c5-bd57-d347babb4756
36140,35229,96771,"2026-08-05 16:45:02",9236,0,NULL,1,0,d99b2081-8127-4041-9119-c5d4c0ac8b1f
36141,35236,96772,"2026-08-05 16:45:31",9236,0,NULL,1,0,14afc6fd-51b6-4c47-8a43-859d5e30e339
36142,35243,96773,"2026-08-05 16:45:59",9236,0,NULL,1,0,e7c47dc1-0814-42ab-b706-8ff22df2e69a
36143,34903,96776,"2026-08-05 16:48:15",9236,0,NULL,1,0,e2d265f3-09ed-46b0-ab91-9d93f2a66e3d
36144,34899,96775,"2026-08-05 16:49:12",9236,0,NULL,1,0,ff80be1a-2e61-4b92-b0f8-e68bb756602e
36145,34901,96775,"2026-08-05 16:49:17",9236,0,NULL,1,0,23a46094-0dcf-438c-a03e-d0bcb68bb2ea
36146,35248,96777,"2026-08-05 16:51:17",9236,0,NULL,1,0,35a71696-e49f-4996-b62c-eafc1d9b1b41
36147,35249,96778,"2026-08-05 16:51:57",9236,0,NULL,1,0,b62eae7b-33ca-4f86-b17e-383357a13f64
36148,35252,96779,"2026-08-05 16:52:35",9236,0,NULL,1,0,cbfad538-bd01-4c56-8d67-9d72ed0211ce
36149,34879,96780,"2026-08-05 16:54:58",9236,0,NULL,1,0,cb6a8279-2629-4011-bae3-f41cc93c025b
36150,34871,96780,"2026-08-05 16:55:07",9236,0,NULL,1,0,170396cc-7344-40d7-a7ca-d117f391a0fc
36151,34875,96781,"2026-08-05 16:55:29",9236,0,NULL,1,0,c7b22d69-1ec0-4b6b-b3cb-6c0ad1c9154a
36152,34904,96785,"2026-08-05 16:57:17",9236,0,NULL,1,0,48fe5a11-4fce-4e9f-91e2-e51f106d5dc6
36153,34900,96784,"2026-08-05 16:58:03",9236,0,NULL,1,0,0a568c00-76b3-4f0c-95c4-ed88beb6b442
36154,34902,96784,"2026-08-05 16:58:07",9236,0,NULL,1,0,50efaa52-b6ff-460c-9683-61023317cafb
36155,34892,96788,"2026-08-05 17:00:49",9236,0,NULL,1,0,44024ec2-ab80-4012-bafb-a758dab06490
36156,34886,96788,"2026-08-05 17:00:55",9236,0,NULL,1,0,9b76c6d3-02bf-43ea-aaaf-544604685576
36157,34887,96788,"2026-08-05 17:01:00",9236,0,NULL,1,0,db02d433-6e3c-478e-9eec-caa831c1b30e
36158,35230,96789,"2026-08-05 17:02:40",9236,0,NULL,1,0,5afa27d5-d4a5-40b8-8961-875fe0351ff4
36159,35237,96790,"2026-08-05 17:03:16",9236,0,NULL,1,0,b3ab318f-8f00-43e8-9fff-a0db3e15807d
36160,35244,96791,"2026-08-05 17:04:04",9236,0,NULL,1,0,ffde5cf2-c2ef-4423-b115-bb16848b6690
36162,34872,96792,"2026-08-05 17:07:31",9236,0,NULL,1,0,ade86fc7-03fe-4474-8247-446f9f75850d
36163,34876,96793,"2026-08-05 17:08:33",9236,0,NULL,1,0,bea465dd-3940-49bd-94ad-a3fb35c4d20c
36164,36773,96794,"2026-08-05 17:10:07",9236,0,NULL,1,0,c0c2519d-f4dd-4c34-b054-33c022addbdd
36165,34881,96794,"2026-08-05 17:10:12",9236,0,NULL,1,0,d75882ba-65ee-42e8-8f8a-981777fff819
36166,34911,96796,"2026-08-05 17:11:54",9236,0,NULL,1,0,c3af350f-68dd-44f7-96a8-c4d8e689cbed
36167,34912,96797,"2026-08-05 17:12:51",9236,0,NULL,1,0,55be1ed2-3aed-4088-a4ce-c5ccd70993fa
36168,34913,96798,"2026-08-05 17:13:48",9236,0,NULL,1,0,ee0ee01a-a1b4-45af-aacf-b4b474d07f1d
36169,34589,96799,"2026-08-05 17:16:28",9236,0,NULL,1,0,b7bba973-9610-4b21-82a5-d3ac67a475e8
36170,34590,96800,"2026-08-05 17:17:07",9236,0,NULL,1,0,2b7dc109-8b4e-4459-a7f7-d651c2d2a1cf
36171,34909,96803,"2026-08-05 17:19:52",9236,0,NULL,1,0,c0b5be7c-a276-4b16-9944-e1121a31492e
36172,34905,96803,"2026-08-05 17:19:56",9236,0,NULL,1,0,238ae2b6-aab5-420f-86ff-ff085c0b1df4
36173,34907,96803,"2026-08-05 17:20:00",9236,0,NULL,1,0,3efccbd5-a4cf-4b75-aa92-4ec5ecdbea56
36174,35282,96805,"2026-08-05 17:21:57",9236,0,NULL,1,0,42e1b6d1-9a0b-4a8d-af6d-4020cd60f41a
36175,35291,96806,"2026-08-05 17:22:51",9236,0,NULL,1,0,4289d84a-682c-4e64-9a71-2ef27a0f4ec3
36176,35273,96806,"2026-08-05 17:22:55",9236,0,NULL,1,0,6206f250-749c-4956-88a5-78d6d7f230d9
36177,34891,96809,"2026-08-05 17:24:40",9236,0,NULL,1,0,4610df18-62c6-4daf-abea-a42a98c60547
36178,34884,96808,"2026-08-05 17:25:33",9236,0,NULL,1,0,b2b65f70-b55f-47aa-97e4-f9db91e9c1fe
36179,34888,96808,"2026-08-05 17:25:37",9236,0,NULL,1,0,2493a8e4-5821-4531-b242-b678d0bad066
36180,34889,96811,"2026-08-05 17:27:34",9236,0,NULL,1,0,7700285f-e900-4399-88d3-55f21721af7e
36181,34890,96812,"2026-08-05 17:28:41",9236,0,NULL,1,0,8ea74c16-0b80-4514-983d-f59d7ce36671
36182,34885,96812,"2026-08-05 17:28:45",9236,0,NULL,1,0,983d88b2-82a0-4d33-9faa-51651bf21d8e
36183,34894,96814,"2026-08-05 17:31:26",9236,0,NULL,1,0,b3123b71-4cb9-4a7a-a51e-a6449adfa26e
36184,34893,96813,"2026-08-05 17:32:04",9236,0,NULL,1,0,2b656aa4-5eea-4551-8a99-862402195b50
36185,34895,96813,"2026-08-05 17:32:08",9236,0,NULL,1,0,c8940ba2-20d9-4418-940e-6d2ba9050b14
36186,34910,96818,"2026-08-05 17:34:02",9236,0,NULL,1,0,135bb7e7-5e6f-4339-a960-496d8175fb9f
36187,34906,96818,"2026-08-05 17:34:08",9236,0,NULL,1,0,7dc5c547-38bc-4028-a03c-2c2422359e88
36188,34908,96818,"2026-08-05 17:34:11",9236,0,NULL,1,0,57f1c2c8-e6a3-441e-b900-c46309c8537b
36189,34470,96821,"2026-08-05 17:37:12",9236,0,NULL,1,0,8c484f14-123b-488c-914d-e1cbb8621775
36190,34468,96820,"2026-08-05 17:37:55",9236,0,NULL,1,0,5a2fbeb2-7636-4e9f-851c-9cae84714856
36191,34469,96820,"2026-08-05 17:37:59",9236,0,NULL,1,0,df8b73bc-f5be-4d9a-b7d5-9dfb2297ff96
36192,34877,96823,"2026-08-05 17:40:14",9236,0,NULL,1,0,6b77a55a-ad9d-4b06-adad-fe6231d02ff9
36193,34873,96822,"2026-08-05 17:40:47",9236,0,NULL,1,0,79533221-d8a1-4fce-b8b6-2b5bb213662f
36194,34882,96822,"2026-08-05 17:40:52",9236,0,NULL,1,0,5514b0c7-9c5c-4dbe-845d-f0b5649f02aa
36195,34883,96827,"2026-08-05 17:42:53",9236,0,NULL,1,0,f2e5a78e-acd6-4507-936c-0d53b2716fe4
36196,34874,96826,"2026-08-05 17:43:55",9236,0,NULL,1,0,542a9739-0cb3-40f1-9bb5-fba8a1dbb4f8
36197,34878,96826,"2026-08-05 17:44:14",9236,0,NULL,1,0,8a78c186-e046-4d48-9f31-a5ea0855df32
36198,35246,96828,"2026-08-05 17:45:30",9236,0,NULL,1,0,795459f0-ad4b-4195-8336-c451742e900a
36199,35250,96829,"2026-08-05 17:46:08",9236,0,NULL,1,0,416288ed-1c21-4c36-aad7-7dc336a97146
36200,35253,96830,"2026-08-05 17:46:50",9236,0,NULL,1,0,157d443a-78fb-4384-b706-cc595eeee5bd
36201,35247,96831,"2026-08-05 17:49:31",9236,0,NULL,1,0,425a9b67-d642-45fd-ac06-785d26405251
36202,35251,96832,"2026-08-05 17:50:09",9236,0,NULL,1,0,ab02f9ac-7e2b-4af9-a4fc-c250e2c5208d
36203,35254,96833,"2026-08-05 17:50:40",9236,0,NULL,1,0,6f3664aa-8d24-4f24-95ec-709b47ce8e2c
36204,35271,96836,"2026-08-05 17:52:55",9236,0,NULL,1,0,8924e4d1-347e-4eed-8f7a-1f8c552643e7
36205,35267,96836,"2026-08-05 17:52:59",9236,0,NULL,1,0,1513f94a-d1b9-472f-a96c-4065c53fdcc3
36206,35269,96836,"2026-08-05 17:53:03",9236,0,NULL,1,0,e3239ad6-0868-43db-a582-2f70eb07d444
36207,36709,98245,"2026-08-05 17:57:49",16222,0,NULL,1,0,67172320-3305-4fcd-b953-1ed06ddfa225
36208,36709,98246,"2026-08-05 18:00:15",16222,0,NULL,1,0,ad9897d2-9ce6-4cfa-b97e-f35f83940e3c
36209,34896,96837,"2026-08-05 18:03:24",9236,0,NULL,1,0,e2345442-bdaa-4607-abf2-72b9d6ecc656
36210,34897,96838,"2026-08-05 18:04:05",9236,0,NULL,1,0,8f35e756-5716-4529-83e2-ba4b6e7ae28b
36211,34898,96839,"2026-08-05 18:04:36",9236,0,NULL,1,0,7da908b5-130c-44c3-8fa3-e89536ad50e4
36212,35292,96842,"2026-08-05 18:06:03",9236,0,NULL,1,0,7b4547e5-5ff8-44a8-99b3-bb7a1509f399
36213,35274,96841,"2026-08-05 18:06:38",9236,0,NULL,1,0,a96a88d3-d8cd-432c-a61e-a07e83ca41f5
36214,35283,96841,"2026-08-05 18:06:44",9236,0,NULL,1,0,9e294719-8fe7-4884-bff9-3f369c01585f
36215,35268,96843,"2026-08-05 18:09:20",9236,0,NULL,1,0,17f1f16d-da50-45f3-b4a9-639e43b5a099
36216,35272,96845,"2026-08-05 18:09:59",9236,0,NULL,1,0,5c0284f9-4d10-49ea-b880-c80a45ca8c3d
36217,35270,96844,"2026-08-05 18:10:18",9236,0,NULL,1,0,91281fc0-d8f8-40cc-a46d-fe2b2f8b41b8
36218,35275,96848,"2026-08-05 18:12:59",9236,0,NULL,1,0,99c5b71f-3598-4dfa-ba0e-add82ef84157
36219,35293,96848,"2026-08-05 18:13:03",9236,0,NULL,1,0,6bd5d13d-a999-4361-883b-f46988444bc3
36220,35284,96848,"2026-08-05 18:13:08",9236,0,NULL,1,0,15a4175e-998a-4e5d-be24-a715be894358
36221,35224,96849,"2026-08-05 18:14:31",9236,0,NULL,1,0,ade608d1-4025-497c-8908-683a85c05316
36222,35223,96851,"2026-08-05 18:15:27",9236,0,NULL,1,0,39cd8e4a-c47c-43b9-9def-f6d654726719
36223,35222,96851,"2026-08-05 18:15:33",9236,0,NULL,1,0,0b3c98e5-db4a-4675-ab60-5cd65b166ea9
36224,34477,96854,"2026-08-05 18:24:53",9236,0,NULL,1,0,d1666fd0-071f-4cf8-992a-14d545ed73d5
36225,34471,96852,"2026-08-05 18:25:42",9236,0,NULL,1,0,1980878b-1a70-4b44-ba14-2d72031beaf0
36226,34474,96852,"2026-08-05 18:25:45",9236,0,NULL,1,0,45f9e52d-1dc6-4ddc-9b1b-3b28b2c0099a
36227,35258,96856,"2026-08-05 18:26:43",9236,0,NULL,1,0,f69a4187-01e5-4487-9dc2-a1c2ad827fc5
36228,35261,96855,"2026-08-05 18:27:26",9236,0,NULL,1,0,561c1aad-1267-49a9-926d-7cf6073f6930
36229,35255,96855,"2026-08-05 18:27:30",9236,0,NULL,1,0,fd2faa1b-7b4f-4d34-84fc-cb40a7c34695
36230,34466,96859,"2026-08-05 18:32:44",9236,0,NULL,1,0,33fa9de3-622c-45f8-aa3b-4aeecb3b4ac1
36233,34467,96860,"2026-08-05 18:33:27",9236,0,NULL,1,0,249ac9b0-2b98-4674-8fef-1f1b5822d9a2
36234,34465,96860,"2026-08-05 18:33:32",9236,0,NULL,1,0,7105dce4-6665-415d-8a08-7ca75243b74d
36235,35276,96861,"2026-08-05 18:36:57",9236,0,NULL,1,0,ceaf2521-0662-4f92-97c2-da8213f8f530
36236,35285,96862,"2026-08-05 18:37:35",9236,0,NULL,1,0,466d7ae7-9a71-4c5f-93f4-f292a5bfdf87
36237,35294,96863,"2026-08-05 18:38:00",9236,0,NULL,1,0,ca380141-714a-40c4-a3a2-55a0ce3558d6
36238,34553,96866,"2026-08-05 18:41:28",9236,0,NULL,1,0,d53ac216-9a76-4de8-8609-aa56e745e871
36240,34551,96865,"2026-08-05 18:42:22",9236,0,NULL,1,0,dd4f1b55-4ec8-44d0-89cc-090888a9edf9
36241,34552,96865,"2026-08-05 18:42:26",9236,0,NULL,1,0,dbba3067-141a-47d9-881c-2726d76ceeed
36242,34853,96869,"2026-08-05 18:45:03",9236,0,NULL,1,0,8bc8146d-b374-4bf8-888f-d294491dd550
36243,34856,96869,"2026-08-05 18:45:11",9236,0,NULL,1,0,b349783e-5417-472f-b609-d7b4bb333c96
36244,34850,96869,"2026-08-05 18:45:15",9236,0,NULL,1,0,db13bd49-5cae-40fa-a418-8eea883cd9d6
36245,35286,96871,"2026-08-05 18:47:53",9236,0,NULL,1,0,e08e2a57-376b-4889-8458-1e1add6323bb
36246,35277,96872,"2026-08-05 18:48:35",9236,0,NULL,1,0,fd1251dd-a252-4fd2-9c4c-3d0f9af780c6
36247,35295,96872,"2026-08-05 18:48:41",9236,0,NULL,1,0,addc8048-a425-4591-b585-d1502cd71984
36249,35296,96875,"2026-08-05 18:56:43",9236,0,NULL,1,0,0985d915-3578-46e4-b5c8-e848ea6175c7
36250,35278,96875,"2026-08-05 18:56:47",9236,0,NULL,1,0,45590652-4467-481d-817b-2a8d4a2ef7ff
36251,35287,96875,"2026-08-05 18:56:50",9236,0,NULL,1,0,878be0be-62d5-4518-9328-f56b80a452a7
36252,35297,96878,"2026-08-05 18:59:08",9236,0,NULL,1,0,9b667861-5d60-46e8-a283-b6ca01041fe0
36253,35279,96877,"2026-08-05 19:00:19",9236,0,NULL,1,0,fa5ae14f-761d-47e4-a9c3-de3509b69e04
36254,35288,96877,"2026-08-05 19:00:22",9236,0,NULL,1,0,af3edde8-1650-40dc-bf4c-b9cef3f08552
36255,35280,96881,"2026-08-05 19:04:05",9236,0,NULL,1,0,662e96c0-ddf1-499e-b965-68d0c511b302
36256,35298,96881,"2026-08-05 19:04:09",9236,0,NULL,1,0,7ea49d5b-0cf9-45c3-909f-231e845dfdcb
36257,35290,96883,"2026-08-05 19:06:10",9236,0,NULL,1,0,16ee8bf1-42f8-4aa6-a276-2de3f7bd1348
36258,35281,96882,"2026-08-05 19:07:32",9236,0,NULL,1,0,d5af1910-54f0-4a61-a03e-090a36901bac
36259,35299,96882,"2026-08-05 19:07:36",9236,0,NULL,1,0,fd89cee7-b8e2-4846-9a11-805d5b801ffc
36260,35310,96885,"2026-08-05 19:10:41",9236,0,NULL,1,0,89829814-a684-4be2-abb0-fbbb920dec27
36261,35312,96887,"2026-08-05 19:12:27",9236,0,NULL,1,0,650222dc-f1d9-4df5-9e6b-f597a10e49e2
36262,35313,96888,"2026-08-05 19:13:37",9236,0,NULL,1,0,78be9cac-b0b4-425a-90cd-bb91d23bfb53
36263,35309,96889,"2026-08-05 19:19:09",9236,0,NULL,1,0,adabe62a-39cd-43ed-9485-92869b1aa56a
36264,34472,96890,"2026-08-05 19:21:25",9236,0,NULL,0,1,90d77fb1-418c-428d-a754-9da412f257b0
36265,34475,96890,"2026-08-05 19:21:31",9236,0,NULL,0,1,04dcafdc-2c0e-44c7-8f31-76203ae9ac71
36266,34478,96892,"2026-08-05 19:22:13",9236,0,NULL,1,0,214e8654-6da6-4602-b903-c28e2daef401
36269,35958,96893,"2026-08-05 19:26:27",9236,0,NULL,1,0,d3784024-b5d2-4b2b-9b9d-959be78e3374
36270,35947,96894,"2026-08-05 19:27:06",9236,0,NULL,1,0,e6ed5446-13ff-4f6d-91c8-795fde21c6e7
36271,34408,96895,"2026-08-05 19:28:38",9236,0,NULL,1,0,d57f996c-5ab8-4fd9-8f41-7fffda4d26b7
36272,34414,96896,"2026-08-05 19:30:47",9236,0,NULL,1,0,3fb60ca7-2f8b-43ec-83c6-9d32af80dc29
36273,34409,96897,"2026-08-05 19:34:17",9236,0,NULL,1,0,e810b4f0-89d5-454d-b8d9-d8315d50ecea
36274,34415,96898,"2026-08-05 19:34:52",9236,0,NULL,1,0,1aa85f11-5327-455e-be6d-2ab3ea5471b6
36275,36690,96899,"2026-08-05 19:37:35",9236,0,NULL,1,0,1c910264-4acd-4cdf-87cf-35e07636280a
36276,36682,96899,"2026-08-05 19:37:39",9236,0,NULL,1,0,51bda898-c094-4551-a8d9-0587bfb7d7e3
36277,36691,96901,"2026-08-05 19:43:18",9236,0,NULL,1,0,7759690f-a345-4e39-8bfa-49f0750dfd2d
36278,36683,96901,"2026-08-05 19:43:30",9236,0,NULL,1,0,98982427-c0c8-4829-9880-f53d89e5c0e9
36279,34410,96903,"2026-08-05 19:49:14",9236,0,NULL,1,0,b8a38248-76c1-4a97-a4b4-c504642d2f4f
36280,34416,96904,"2026-08-05 19:49:45",9236,0,NULL,1,0,6244e254-7e54-46d5-9f64-a033731221a4
36281,34411,96905,"2026-08-05 19:52:20",9236,0,NULL,1,0,d4f1ad03-339c-4060-8ded-b20c42f0a2a6
36282,34417,96906,"2026-08-05 19:52:44",9236,0,NULL,1,0,67e1626e-664b-479d-927f-15ca8063eedd
36283,34914,96907,"2026-08-05 19:59:31",9236,0,NULL,1,0,ea579b81-954b-4df6-bb63-fb6c00545fae
36284,34918,96908,"2026-08-05 20:00:51",9236,0,NULL,1,0,cd21bc71-bede-4172-a688-c90c5bec1b24
36285,34922,96909,"2026-08-05 20:01:19",9236,0,NULL,1,0,9a0bb1bb-c540-4b19-8a54-f8353decf19e
36286,34923,96912,"2026-08-05 20:05:08",9236,0,NULL,1,0,b3cb1c7d-3770-4e00-858e-02b2fb2227a9
36287,34915,96912,"2026-08-05 20:05:11",9236,0,NULL,1,0,d56086eb-2f4e-4506-afe1-8ad7773ac93a
36288,34919,96912,"2026-08-05 20:05:15",9236,0,NULL,1,0,f1e2f28b-48ea-4115-9b2f-76b0afbb13af
36289,36685,96913,"2026-08-05 20:06:41",9236,0,NULL,1,0,bdfcaed4-d8da-42a1-be5c-4840cb4ef8a2
36290,36693,96914,"2026-08-05 20:07:15",9236,0,NULL,1,0,74997171-73bf-4cff-96d2-c13dbc9e6a75
36291,36686,96915,"2026-08-05 20:14:15",9236,0,NULL,1,0,f58805d5-a135-4b38-8555-d34d85708f3f
36292,36694,96916,"2026-08-05 20:14:40",9236,0,NULL,1,0,aeaf9d51-b2d7-4199-a62b-fa52caaf65a2
36293,36687,96917,"2026-08-05 20:16:54",9236,0,NULL,1,0,02e99783-3cb5-4e80-9697-00ac60d700a3
36294,36695,96918,"2026-08-05 20:17:44",9236,0,NULL,1,0,41ff95ee-4153-4e3d-8fb8-2bb8f0a718d4
36296,34924,96921,"2026-08-05 20:21:54",9236,0,NULL,1,0,d8dd2830-9826-4e13-864a-aadd2759d053
36297,34916,96920,"2026-08-05 20:22:52",9236,0,NULL,1,0,c33fcd07-99b3-4035-b086-0136ecafc4f1
36298,34920,96920,"2026-08-05 20:22:55",9236,0,NULL,1,0,52ee0c06-f01a-4f00-bdee-9fa15b6b5512
36300,36679,96922,"2026-08-05 20:27:11",9236,0,NULL,1,0,83a485e2-a24e-4bd5-90ba-2365c86f033a
36301,36681,96923,"2026-08-05 20:27:41",9236,0,NULL,1,0,bc244480-6bb3-4f25-8b2c-0ab735fdd2ce
36302,36678,96924,"2026-08-05 20:29:55",9236,0,NULL,1,0,23bfd0b8-5397-4b90-bf81-8bd5ebc2ba4f
36303,36680,96925,"2026-08-05 20:30:23",9236,0,NULL,1,0,61779b5c-c2bd-4a24-b48b-7ad145b05db9
36304,34917,96926,"2026-08-05 20:31:55",9236,0,NULL,1,0,9246e0ca-1ac7-4bd8-981d-c18621a4465f
36305,34921,96927,"2026-08-05 20:32:29",9236,0,NULL,1,0,e5847f64-a42f-4977-b902-f6578a4a6170
36306,34925,96928,"2026-08-05 20:32:51",9236,0,NULL,1,0,257c2898-51ff-44ac-b05c-a760e39c5771
36307,34412,96929,"2026-08-05 20:35:31",9236,0,NULL,1,0,fa31bc87-353b-43fd-99e3-3cbf9c5896bf
36308,34418,96930,"2026-08-05 20:36:14",9236,0,NULL,1,0,5385ac6a-df5d-47ce-bc8b-271292b559ed
36309,36970,96931,"2026-08-05 20:42:26",9236,0,NULL,0,1,1272c6e5-b6f9-4cfc-a5d2-58345520b252
36310,36696,96934,"2026-08-05 20:44:23",9236,0,NULL,1,0,bd004a21-bb40-4c3e-b8fc-79101efaad53
36311,36688,96934,"2026-08-05 20:44:26",9236,0,NULL,1,0,81e7056a-750a-41f0-9d7c-e5e6ee0b0456
36312,36697,96936,"2026-08-05 20:46:17",9236,0,NULL,1,0,19ff0bfb-61ec-49c0-9a3f-42e1f1b920da
36313,36689,96936,"2026-08-05 20:46:21",9236,0,NULL,1,0,0e0969ca-9f93-463e-a95a-c883672169ea
36314,35091,96937,"2026-08-05 20:49:46",9236,0,NULL,1,0,b5d43cc7-d408-4fd9-b4a0-6c083973224f
36316,35100,96939,"2026-08-05 20:53:14",9236,0,NULL,1,0,afa494e6-1a07-4e3a-b6cd-8e9cd4cec729
36317,35073,96939,"2026-08-05 20:53:19",9236,0,NULL,1,0,2aad5597-b009-4a04-a9be-7ac107ea78ab
36318,35082,96939,"2026-08-05 20:53:31",9236,0,NULL,1,0,51829e4b-16ac-407f-ba85-bfdc791d63bf
36319,35112,96943,"2026-08-05 20:59:53",9236,0,NULL,1,0,72c78128-2a39-43cf-9ddf-192c99d55598
36323,35076,96944,"2026-08-05 21:04:22",9236,0,NULL,1,0,bc3c20c7-2a9d-438f-ba64-f9fcab09fe45
36324,35085,96944,"2026-08-05 21:04:27",9236,0,NULL,1,0,044cc8e5-bc3d-4faf-a205-fe30df952ca6
36325,35103,96944,"2026-08-05 21:04:34",9236,0,NULL,1,0,c699364f-4682-4c24-b726-7cc190a010b9
36327,35094,98289,"2026-08-05 21:06:44",9236,0,NULL,1,0,414d1dd9-62f2-4c90-b8e4-6f7adfda5cbf
36332,35095,96948,"2026-08-05 21:13:27",9236,0,NULL,1,0,b2f4acbf-05ec-4f7a-aa06-ef50bcbf2cc1
36333,35113,96948,"2026-08-05 21:13:31",9236,0,NULL,1,0,20980c38-dd20-4527-a739-2725c4ccc5aa
36334,35096,96955,"2026-08-05 21:16:55",9236,0,NULL,1,0,4a436c16-7c88-45e7-a534-c0148ed1d192
36335,35114,96956,"2026-08-05 21:18:38",9236,0,NULL,1,0,c0b463f0-0761-4d58-bc42-127afe523b6a
36336,35105,96957,"2026-08-05 21:19:53",9236,0,NULL,1,0,d057a17e-f9bb-4e97-a4aa-6d1bc9217055
36337,35078,96957,"2026-08-05 21:20:00",9236,0,NULL,1,0,3456c343-22e5-418a-a82f-5a287da11c1e
36338,35087,96957,"2026-08-05 21:20:06",9236,0,NULL,1,0,e1b20c50-ce10-40bf-a3cc-0efba67ed6f4
36340,35110,96961,"2026-08-05 21:24:49",9236,0,NULL,1,0,e0a79de9-cc29-47e3-ba63-17511cfd581d
36341,35115,96966,"2026-08-05 21:27:33",9236,0,NULL,1,0,9cd18273-1a6b-4273-ab11-7db99417efe8
36342,35079,96967,"2026-08-05 21:28:18",9236,0,NULL,1,0,510d7a4d-3123-4091-85c9-51214e9a70d2
36343,35088,96967,"2026-08-05 21:28:51",9236,0,NULL,1,0,335ea923-7c16-43b5-97a9-5552496c0417
36344,35106,96967,"2026-08-05 21:28:56",9236,0,NULL,1,0,aecdefec-7efe-42ee-9104-3da53515ff30
36345,35116,96970,"2026-08-05 21:31:13",9236,0,NULL,1,0,1eefb291-a3f8-40d6-a9c4-c946684f4ee4
36346,35098,96970,"2026-08-05 21:31:17",9236,0,NULL,1,0,8b4bd78c-e2f1-4d49-892c-082742a1c020
36347,35107,96971,"2026-08-05 21:32:29",9236,0,NULL,1,0,2d353790-ab5b-4d2c-b4c4-df00fe916f4e
36348,35080,96971,"2026-08-05 21:32:33",9236,0,NULL,1,0,e02a4d33-5fa5-4457-807b-f07ed165bd39
36349,35089,96971,"2026-08-05 21:32:38",9236,0,NULL,1,0,a8e7f11d-57eb-4ae7-9fae-1cfe12f19a0f
36350,35111,96976,"2026-08-05 21:35:08",9236,0,NULL,1,0,f1ef1c1a-f759-4363-80e2-0b0097d5ec0d
36351,35075,96977,"2026-08-05 21:36:08",9236,0,NULL,1,0,3f4fa7a2-56f3-4587-b850-ea457a9391c7
36352,35102,96977,"2026-08-05 21:36:12",9236,0,NULL,1,0,92488f97-34f4-4d00-9521-7ca601bd1843
36353,35084,96977,"2026-08-05 21:36:17",9236,0,NULL,1,0,6eea07f5-223b-4c04-b44b-77b41598edcf
36354,35977,96980,"2026-08-05 21:38:23",9236,0,NULL,0,1,3e2d6f0c-dd10-47d0-8bb4-bdeb0704f4f4
36355,35081,96988,"2026-08-05 21:41:02",9236,0,NULL,1,0,9e6b5c98-1de7-4a57-814a-aa3b1bd145ee
36356,35108,96988,"2026-08-05 21:41:07",9236,0,NULL,1,0,a18e4d71-644f-484d-a1c1-1e193cbd8bdf
36357,35090,96984,"2026-08-05 21:42:04",9236,0,NULL,1,0,200b717b-73e9-49f4-ae1a-591a07fff587
36358,35108,96985,"2026-08-05 21:43:18",9236,0,NULL,1,0,ee0a28fd-460d-4c36-b6d5-2205cdf44053
36359,35973,96989,"2026-08-05 21:45:23",9236,0,NULL,1,0,96752105-b92e-452f-afb0-d86efd819d64
36360,35972,96990,"2026-08-05 21:48:38",9236,0,NULL,1,0,b01010a5-cb41-4f07-a9e5-232716b0d296
36361,35989,96991,"2026-08-05 21:50:47",9236,0,NULL,1,0,e58338c3-e1f5-4de1-8478-40d94fde3721
36362,35421,96992,"2026-08-05 21:51:50",9236,0,NULL,1,0,220926c3-7c38-4016-a902-315e266970c7
36363,35423,96992,"2026-08-05 21:51:54",9236,0,NULL,1,0,1a847fb8-34af-44fe-a70a-1d2545207172
36364,36774,96994,"2026-08-05 21:53:48",9236,0,NULL,1,0,20838666-0028-40a1-9566-8ed788d1e4b2
36366,35424,96995,"2026-08-05 21:54:28",9236,0,NULL,1,0,a7a994a8-812f-47f5-9d12-ccca6cd813aa
36382,35970,96997,"2026-08-06 13:02:49",9236,0,NULL,1,0,f8b40c1c-bd4f-4274-bc4f-e7a9ae0f2356
36383,35971,96998,"2026-08-06 13:03:43",9236,0,NULL,1,0,d61dbaba-a890-4cd3-ac50-ea7cbc1539b2
36384,35153,96999,"2026-08-06 13:06:17",9236,0,NULL,1,0,a4c14014-04d2-4556-98eb-5ed5760be2a5
36385,35187,96999,"2026-08-06 13:06:25",9236,0,NULL,1,0,3f71fbe2-cfb8-4a82-95a2-086b07550302
36386,35221,96999,"2026-08-06 13:06:29",9236,0,NULL,1,0,7ba9e4d0-ff92-4135-8d8a-e786e730d2c0
36387,35186,97003,"2026-08-06 13:07:43",9236,0,NULL,1,0,f4dc88c6-2262-43c8-aac8-fddb9eb703a0
36388,35152,97002,"2026-08-06 13:08:19",9236,0,NULL,1,0,72f4be3d-d30b-4729-9f14-cb8ac933b279
36389,35220,97002,"2026-08-06 13:08:23",9236,0,NULL,1,0,4bb6a73b-f116-4046-80b1-2085df10e207
36391,35219,97007,"2026-08-06 13:11:31",9236,0,NULL,1,0,49e615f3-5625-45ce-8eaa-76505572d708
36392,35151,97005,"2026-08-06 13:12:00",9236,0,NULL,1,0,02ff9e3e-8f94-410c-b6b3-14e3b89b82f8
36393,35185,97005,"2026-08-06 13:12:05",9236,0,NULL,1,0,506491b3-1b92-402d-a7fe-be319c84ef1c
36394,35139,97008,"2026-08-06 13:13:54",9236,0,NULL,1,0,c896b124-a7f1-4ccf-8607-db4dfbc28fd6
36397,35173,97010,"2026-08-06 13:14:43",9236,0,NULL,1,0,04b5cfcd-b18c-4ac6-a6d6-e4eba4a60125
36398,35207,97010,"2026-08-06 13:14:47",9236,0,NULL,1,0,f6b67a3d-282f-490f-a104-a29a5621b282
36400,35150,97011,"2026-08-06 13:17:20",9236,0,NULL,1,0,d45d61f2-72ba-4bfb-bab9-33be9386f321
36401,35184,97011,"2026-08-06 13:17:24",9236,0,NULL,1,0,fdfcc284-d24c-4d16-a721-4ff89e96b74b
36402,35218,97013,"2026-08-06 13:17:53",9236,0,NULL,1,0,fb76daef-2976-40dc-8de9-2b2e51dd73ae
36403,35138,97014,"2026-08-06 13:28:05",9236,0,NULL,1,0,51749980-7218-41b1-aed7-0511f0562775
36404,35172,97015,"2026-08-06 13:28:32",9236,0,NULL,1,0,06c96cb2-c4b9-41b0-b9dc-5fb55af043bc
36405,35206,97016,"2026-08-06 13:28:59",9236,0,NULL,1,0,d1674995-ee95-4d6c-a65b-618cd3cb36fa
36406,35137,97017,"2026-08-06 13:33:30",9236,0,NULL,1,0,dfa049ba-b457-4442-abad-761bdcd2d13c
36407,35171,97017,"2026-08-06 13:33:36",9236,0,NULL,1,0,1a7a9e2e-73b2-42c9-98a7-843dbc67df98
36408,35205,97017,"2026-08-06 13:33:40",9236,0,NULL,1,0,eb98b0a5-52a4-481b-b7ef-3fc2786f1584
36411,35136,97020,"2026-08-06 13:34:47",9236,0,NULL,1,0,a6244fb2-bc2c-425f-ae60-7c106c3b5985
36412,35170,97020,"2026-08-06 13:34:51",9236,0,NULL,1,0,41a8f196-5ded-49d9-aea3-a6cca4c02427
36413,35204,97020,"2026-08-06 13:34:54",9236,0,NULL,1,0,dac1bc43-3a14-4613-ae27-5b4f1dd3698c
36416,35203,97025,"2026-08-06 13:40:30",9236,0,NULL,1,0,4301625c-5b18-41cc-9942-d97f68509a62
36417,35135,97023,"2026-08-06 13:41:10",9236,0,NULL,1,0,2bdf076a-6a1a-461b-80da-ecc2511862af
36418,35169,97023,"2026-08-06 13:41:15",9236,0,NULL,1,0,9d14a3a0-d9e4-4c81-8ca7-de366ffdad22
36419,35202,97028,"2026-08-06 13:42:09",9236,0,NULL,1,0,e6b94238-7523-4276-abc6-d1ff22f27cf8
36420,35134,97026,"2026-08-06 13:42:38",9236,0,NULL,1,0,1740269f-e5d3-41d3-a180-bf0a9fc5f105
36421,35168,97026,"2026-08-06 13:42:41",9236,0,NULL,1,0,5fc67d3f-6a12-46c0-811c-634c483013e5
36422,35217,97029,"2026-08-06 13:44:47",9236,0,NULL,1,0,68eeffd7-06ec-44c4-b451-798b7df49152
36423,35149,97029,"2026-08-06 13:44:51",9236,0,NULL,1,0,43625648-d2d6-4b40-8597-07eb9df93a76
36424,35183,97030,"2026-08-06 13:45:14",9236,0,NULL,1,0,ed7d4c33-ab04-43f5-bbff-75a828b01803
36425,35216,97032,"2026-08-06 13:46:26",9236,0,NULL,1,0,eaf14cc2-002b-4479-8d05-aef36d6bcc67
36426,35148,97032,"2026-08-06 13:46:30",9236,0,NULL,1,0,c1f0073e-db50-45b6-a606-de197679b837
36427,35182,97033,"2026-08-06 13:47:08",9236,0,NULL,1,0,a489e2b8-453c-494b-a29e-6a9ed8906e4a
36428,35215,97035,"2026-08-06 13:48:34",9236,0,NULL,1,0,865e127a-6927-40d4-a3f5-1b50f2a8ac07
36429,35147,97035,"2026-08-06 13:48:38",9236,0,NULL,1,0,c6cff2bf-0359-48b0-b35f-96a27aef1c3e
36430,35181,97035,"2026-08-06 13:48:42",9236,0,NULL,1,0,2feb5708-264b-41d3-83c4-0881af882da2
36431,35133,97038,"2026-08-06 13:49:46",9236,0,NULL,1,0,daa9934d-2be3-4c6c-b0d2-c336f50902c0
36432,35167,97038,"2026-08-06 13:49:49",9236,0,NULL,1,0,469b87fe-19d0-43bf-ae99-3c6280a25112
36433,35201,97038,"2026-08-06 13:49:53",9236,0,NULL,1,0,994c0b86-5110-4a4f-b677-5226e59b6ef4
36434,35118,97041,"2026-08-06 13:50:57",9236,0,NULL,1,0,09dd1761-21fa-4471-b375-b95a58038fef
36435,35155,97042,"2026-08-06 13:51:31",9236,0,NULL,1,0,50792ade-25ef-4bfe-a75a-b1d454c65e50
36436,35188,97043,"2026-08-06 13:51:53",9236,0,NULL,1,0,5269899c-3ee2-4cb8-a550-04351513e0df
36437,35214,97046,"2026-08-06 13:52:24",9236,0,NULL,1,0,b6afdf70-0b0c-4eb1-b13e-27547feb609c
36438,35180,97044,"2026-08-06 13:52:45",9236,0,NULL,1,0,65495e1e-7f18-44b4-96ca-8013de515f14
36439,35146,97044,"2026-08-06 13:52:49",9236,0,NULL,1,0,5dc33825-be51-4750-ab21-863ade9d226d
36440,35213,97047,"2026-08-06 13:53:36",9236,0,NULL,1,0,8e4ecb92-290e-465e-be08-4cf83aba4171
36441,35145,97047,"2026-08-06 13:53:39",9236,0,NULL,1,0,240ce133-f949-4199-8ec0-ce8d1de062f5
36442,35179,97047,"2026-08-06 13:53:43",9236,0,NULL,1,0,a572130c-a233-4c02-bae1-c38b1796320e
36443,35132,97050,"2026-08-06 13:55:59",9236,0,NULL,1,0,b21ceff8-b8c2-48aa-9f11-bff9cf6e66da
36444,35166,97051,"2026-08-06 13:56:32",9236,0,NULL,1,0,3594d6af-cfbd-45de-a583-8da471749ee7
36445,35200,97052,"2026-08-06 13:56:51",9236,0,NULL,1,0,2fe224ce-a4da-4485-9661-3442a3e20be6
36446,35165,97053,"2026-08-06 14:00:05",9236,0,NULL,1,0,1d027f21-7ae4-444e-93a3-68ba8b8378f6
36447,35199,97055,"2026-08-06 14:00:35",9236,0,NULL,1,0,a48135f3-5369-4f96-a52d-e07c0ae9d54b
36448,35130,97057,"2026-08-06 14:01:36",9236,0,NULL,1,0,3bbc516e-3df0-4999-8a6b-0dda692b64e3
36449,35198,97057,"2026-08-06 14:01:39",9236,0,NULL,1,0,d32000fe-f04e-4e24-a625-e13d447380ac
36450,35164,97058,"2026-08-06 14:02:06",9236,0,NULL,1,0,42090cc4-c196-4b86-bd11-7715e44b9be1
36451,35212,97060,"2026-08-06 14:03:17",9236,0,NULL,1,0,aeb65679-c456-402b-81e8-253d52001673
36452,35144,97060,"2026-08-06 14:03:20",9236,0,NULL,1,0,fe480b69-19ab-4fdc-b72e-c0e1bd96e429
36453,35178,97060,"2026-08-06 14:03:23",9236,0,NULL,1,0,6e2e4628-39d5-4680-98ce-040400732ab6
36454,35211,97065,"2026-08-06 14:04:29",9236,0,NULL,1,0,c8b7bb7c-54f5-462a-91f5-e1caea97f8da
36455,35143,97063,"2026-08-06 14:04:53",9236,0,NULL,1,0,65eea991-20e5-4239-8990-c01cdf708a3f
36456,35177,97063,"2026-08-06 14:04:58",9236,0,NULL,1,0,92a4df19-9eb3-4a0c-91d1-f0cc5e358b4a
36457,35210,97066,"2026-08-06 14:05:57",9236,0,NULL,1,0,50d74927-3496-4c85-8879-20a0ca4a17d2
36458,35142,97066,"2026-08-06 14:06:01",9236,0,NULL,1,0,c910e44f-4a8b-458a-8255-e05218414d62
36459,35176,97066,"2026-08-06 14:06:05",9236,0,NULL,1,0,8cdefa9f-caa0-420b-893b-646197dc5330
36460,35141,97069,"2026-08-06 14:07:00",9236,0,NULL,1,0,02b78699-20fa-4fd0-995b-433ba052c6d1
36461,35175,97070,"2026-08-06 14:07:20",9236,0,NULL,1,0,3184ed9d-6caa-4716-a39e-fa83099b622a
36462,35209,97071,"2026-08-06 14:07:41",9236,0,NULL,1,0,99241c99-2deb-43fc-8fb5-f56264a2a9f8
36463,35197,97072,"2026-08-06 14:08:25",9236,0,NULL,1,0,e372bdab-4468-402a-a2c5-cdc6c16fd079
36464,35129,97072,"2026-08-06 14:08:29",9236,0,NULL,1,0,7c001803-6bf2-4d1a-be7d-c1200803f2b8
36465,35163,97073,"2026-08-06 14:08:53",9236,0,NULL,1,0,5a296d5c-0f3f-4e5d-893c-b6c1ad9eec6d
36466,35190,97075,"2026-08-06 14:09:42",9236,0,NULL,1,0,0cc66091-e6a3-44aa-8fd1-d2f56354f11d
36467,35120,97075,"2026-08-06 14:09:45",9236,0,NULL,1,0,4dd1bc3e-d153-4616-a466-09a43e05cb2f
36468,35156,97076,"2026-08-06 14:10:18",9236,0,NULL,1,0,4d56fe04-630e-4679-9b0c-6e5db8b10b2e
36469,35128,97078,"2026-08-06 14:11:22",9236,0,NULL,1,0,5dd9e5a4-8672-4d15-8b72-1bae91a78e60
36470,35196,97078,"2026-08-06 14:11:27",9236,0,NULL,1,0,d0bcc67d-fed9-488d-93a1-36321b6e079a
36471,35162,97079,"2026-08-06 14:11:51",9236,0,NULL,1,0,8b287279-df41-49e3-92c6-d0048480e46a
36472,35195,97083,"2026-08-06 14:13:19",9236,0,NULL,1,0,7e6f409b-209f-491b-8126-97a201ee7164
36473,35208,97084,"2026-08-06 14:14:44",9236,0,NULL,1,0,20a8e9ab-16e3-4324-bb39-dac347887a38
36474,35140,97084,"2026-08-06 14:14:48",9236,0,NULL,1,0,fb956940-f3e4-4412-bd49-92aad788f1c1
36475,35174,97084,"2026-08-06 14:14:51",9236,0,NULL,1,0,edd6fb76-0262-4ad8-b589-bcc3584beeb0
36476,35194,97087,"2026-08-06 14:15:49",9236,0,NULL,1,0,f79ec64e-0ef1-4e20-9aad-0ce5c744768e
36477,35126,97087,"2026-08-06 14:15:52",9236,0,NULL,1,0,4ff167b0-df22-4d1d-a19e-ff928997c787
36478,35160,97088,"2026-08-06 14:16:13",9236,0,NULL,1,0,9cddbfc5-1bd2-4306-a031-3679ca4f0649
36479,35189,97090,"2026-08-06 14:17:15",9236,0,NULL,1,0,ff72d683-0e1a-443f-9a84-7dbab20e766b
36480,35119,97090,"2026-08-06 14:17:18",9236,0,NULL,1,0,ded6fa6c-6ec4-44cf-9a01-28a6381909df
36481,35154,97090,"2026-08-06 14:17:21",9236,0,NULL,1,0,b9ba6d2e-fdd1-478b-b1bf-6f3c606821e3
36482,35125,97093,"2026-08-06 14:18:42",9236,0,NULL,1,0,09779daa-a9d2-4a82-bdb1-32bcfb466feb
36483,35159,97093,"2026-08-06 14:18:45",9236,0,NULL,1,0,af3ff0e8-a55d-4d8a-abdf-b474945dfbad
36484,35193,97095,"2026-08-06 14:19:09",9236,0,NULL,1,0,5e19f471-ac84-4313-a91d-8e065789bba8
36485,35192,97098,"2026-08-06 14:20:31",9236,0,NULL,1,0,45ebe217-c9d2-4f0b-b36f-ef5d814cbc2a
36486,35191,97099,"2026-08-06 14:21:17",9236,0,NULL,1,0,67e68634-3827-4dcd-9108-0dec26637244
36487,35123,97099,"2026-08-06 14:21:20",9236,0,NULL,1,0,638a9e72-1c9b-4bf9-91a2-6369231088bb
36488,35157,97099,"2026-08-06 14:21:23",9236,0,NULL,1,0,23f10d94-6106-4a15-a573-fb62fc69c170
36489,34687,97102,"2026-08-06 14:22:15",9236,0,NULL,1,0,2f7038e1-39c4-407c-8930-34ad4326c8ff
36490,34659,97102,"2026-08-06 14:22:19",9236,0,NULL,1,0,9dd90614-35c7-4893-92ab-463f0394a29d
36491,34670,97102,"2026-08-06 14:22:22",9236,0,NULL,1,0,7cd66493-e8ae-47f5-bec3-edfb8712e5e3
36492,34679,97105,"2026-08-06 14:23:24",9236,0,NULL,1,0,a573c65a-030f-4def-8c7d-16ce47c39c01
36493,34667,97105,"2026-08-06 14:23:27",9236,0,NULL,1,0,aa13a507-8068-4097-a552-b9f4d40eb165
36494,34678,97105,"2026-08-06 14:23:31",9236,0,NULL,1,0,64ba6f4d-f816-4847-a44c-4a5fb5a6f9d0
36495,34664,97108,"2026-08-06 14:24:29",9236,0,NULL,1,0,a2c72a83-a5d3-405b-954d-a3246cb59b0b
36496,34675,97108,"2026-08-06 14:24:32",9236,0,NULL,1,0,e7fa0f05-1229-45bf-8c1d-de35f09402b5
36497,34682,97110,"2026-08-06 14:24:54",9236,0,NULL,1,0,239790fe-ec87-410c-9047-7c286fbeec3e
36498,34663,97113,"2026-08-06 14:25:45",9236,0,NULL,1,0,0929f4c6-d6d0-42f3-ba05-88c0291d1ce4
36499,34674,97113,"2026-08-06 14:25:49",9236,0,NULL,1,0,dad1e672-7897-41d6-a053-bf359dbef7bd
36500,34674,97112,"2026-08-06 14:26:48",9236,0,NULL,1,0,8501e1c6-aafb-412a-916c-c92650768021
36501,34683,97111,"2026-08-06 14:27:30",9236,0,NULL,1,0,6563156f-9a90-4406-a579-150182697ae7
36502,34663,97111,"2026-08-06 14:27:33",9236,0,NULL,1,0,a9535a46-9014-4241-a7a9-a08c3134a021
36503,34666,97114,"2026-08-06 14:28:46",9236,0,NULL,1,0,91ef1c35-10aa-4f4f-8403-6ba4d1e8231d
36504,34677,97114,"2026-08-06 14:28:50",9236,0,NULL,1,0,eda3fd04-33cb-40b5-8684-b7d69d082dfb
36505,34680,97116,"2026-08-06 14:29:15",9236,0,NULL,1,0,896125f5-3996-46b0-a799-6adc675c2ed1
36506,34681,97119,"2026-08-06 14:30:17",9236,0,NULL,1,0,6c6813da-241e-4877-b141-5d5f288a18b0
36507,34665,97119,"2026-08-06 14:30:20",9236,0,NULL,1,0,b0582499-796f-4b5c-bc96-5a799410fccb
36508,34676,97118,"2026-08-06 14:30:52",9236,0,NULL,1,0,55a5c36f-4205-4cc5-8f0b-c18af599425b
36509,34660,97120,"2026-08-06 14:32:43",9236,0,NULL,1,0,ad1e69a1-4754-4e04-9d73-d4084feb8f84
36510,34671,97122,"2026-08-06 14:33:03",9236,0,NULL,1,0,905b0aef-10fb-45e0-bae4-8eb3ba5c168c
36511,34686,97122,"2026-08-06 14:33:08",9236,0,NULL,1,0,ae01329f-f7d7-4dc9-a274-e3d03351044b
36513,34689,97125,"2026-08-06 14:34:40",9236,0,NULL,1,0,788cd736-cc88-43c8-a077-465f731df1f3
36514,34668,97125,"2026-08-06 14:34:44",9236,0,NULL,1,0,c14712ec-974b-4bb1-8a22-9bb41d50372b
36515,34684,97126,"2026-08-06 14:36:36",9236,0,NULL,1,0,09e11c0e-4cf1-45b8-95fc-b01e8dbb799e
36516,34662,97126,"2026-08-06 14:36:40",9236,0,NULL,1,0,5b20273f-6292-4904-adcb-13c6e01c1b54
36517,34673,97126,"2026-08-06 14:36:43",9236,0,NULL,1,0,1d5088a1-5f0f-4010-bfc6-1f52cdf81b57
36521,34823,97133,"2026-08-06 14:38:08",9236,0,NULL,1,0,b435d917-5668-4f86-a4ce-d28579af63dd
36522,34719,97133,"2026-08-06 14:38:12",9236,0,NULL,1,0,20fa59e8-bdb0-4302-8ed5-11d49dd0d3a9
36523,34771,97133,"2026-08-06 14:38:15",9236,0,NULL,1,0,d67d8324-0810-452f-9d60-33d21b25ac15
36524,34810,97136,"2026-08-06 14:39:25",9236,0,NULL,1,0,08b18b90-ad76-44cd-8496-213ef032902f
36525,34706,97136,"2026-08-06 14:39:28",9236,0,NULL,1,0,b96a8685-9bae-4656-8e13-c3d1bad0bf88
36526,34758,97136,"2026-08-06 14:39:32",9236,0,NULL,1,0,64f02789-b307-4315-acfa-93e1d75d1fa2
36527,34859,97139,"2026-08-06 14:40:34",9236,0,NULL,1,0,c77456ef-0640-4de8-ac67-7f3356ee71f1
36528,34867,97139,"2026-08-06 14:40:37",9236,0,NULL,1,0,0cdb4026-aba5-4a46-a884-ce6e7fad455a
36529,34863,97139,"2026-08-06 14:40:40",9236,0,NULL,1,0,6e8daae5-7656-4605-bd75-30c5862d53c5
36532,34830,97142,"2026-08-06 14:41:37",9236,0,NULL,1,0,128b1d12-038c-4ac6-a8b7-92f0a0f82b07
36533,34726,97142,"2026-08-06 14:41:40",9236,0,NULL,1,0,4a173a0b-a0a1-466a-bca9-c09ea2c29086
36534,34778,97142,"2026-08-06 14:41:44",9236,0,NULL,1,0,bf52f668-74b9-4e88-8588-4d351474393d
36535,34831,97145,"2026-08-06 14:43:08",9236,0,NULL,1,0,a6b32d25-421a-4e86-b987-470775ec0669
36536,34727,97145,"2026-08-06 14:43:11",9236,0,NULL,1,0,922bbb6e-3cd3-462d-b203-725fd2b0db60
36537,34779,97145,"2026-08-06 14:43:14",9236,0,NULL,1,0,05468d05-e306-4cd3-81e0-27ebb05eec45
36538,36780,97147,"2026-08-06 14:43:38",9236,0,NULL,1,0,a84e7063-6c0a-493c-909a-1e958245ce44
36539,35316,97149,"2026-08-06 14:44:55",9236,0,NULL,0,1,47f67fb0-8774-4730-9dd3-b8689baeb376
36540,35351,97149,"2026-08-06 14:44:59",9236,0,NULL,0,1,d0bd8e67-3d29-4478-b6e6-2b2907aa2639
36541,35316,97151,"2026-08-06 14:45:23",9236,0,NULL,1,0,eb8b2c1d-841f-4eaf-ac59-08e8b31e4d92
36542,35386,97151,"2026-08-06 14:45:31",9236,0,NULL,1,0,74c3df13-343e-4bc4-94f4-f398d9a3804d
36543,35351,97150,"2026-08-06 14:45:55",9236,0,NULL,1,0,a69c98ce-c7d8-4169-b270-1d481fb3a863
36544,34707,97152,"2026-08-06 14:46:51",9236,0,NULL,1,0,f5f9fc40-64f2-44d9-9b5d-05ee217cb297
36545,34811,97152,"2026-08-06 14:46:54",9236,0,NULL,1,0,4f87a515-3aae-4d1e-9bc0-975093a23efd
36546,34759,97153,"2026-08-06 14:47:23",9236,0,NULL,1,0,9b688cfa-e6e9-4eab-b460-9d1f2441581f
36547,34586,96723,"2026-08-06 14:49:30",9236,0,NULL,0,1,b5cdc2c7-2878-47ef-81ad-b6b032d75b2b
36548,34697,97155,"2026-08-06 15:00:48",9236,0,NULL,1,0,cd29bd83-3b14-441c-98f1-46970e61bb5c
36549,34749,97155,"2026-08-06 15:00:52",9236,0,NULL,1,0,a7202488-d514-44d4-8467-07fa0ceb1b78
36550,34801,97157,"2026-08-06 15:01:19",9236,0,NULL,1,0,486c0183-27f1-40cb-b444-4ddde9cd9934
36551,35334,97159,"2026-08-06 15:04:01",9236,0,NULL,1,0,894c6270-859d-4c6f-b641-dda25485e51b
36552,35369,97159,"2026-08-06 15:04:04",9236,0,NULL,1,0,669597e5-5741-47ab-a057-91f054d34fd9
36553,35404,97160,"2026-08-06 15:04:36",9236,0,NULL,1,0,c8b270f1-87af-4d09-b4c0-96fad3f494de
36554,35335,97161,"2026-08-06 15:06:19",9236,0,NULL,1,0,77b2fed2-7c14-40ff-8173-3776976e80c6
36555,35405,97161,"2026-08-06 15:06:23",9236,0,NULL,1,0,50fdcfcf-7ed9-46c1-863e-805786e072f7
36556,35370,97162,"2026-08-06 15:06:59",9236,0,NULL,1,0,0341a1a0-cd23-473c-b003-717b01939c69
36557,35406,97164,"2026-08-06 15:08:15",9236,0,NULL,1,0,caf6a8be-b25a-4276-aa7f-9fb37e5f0ac0
36558,35336,97164,"2026-08-06 15:08:18",9236,0,NULL,1,0,6386d6e2-b3a8-4fc2-a381-66b033fcdbac
36559,35371,97164,"2026-08-06 15:08:22",9236,0,NULL,1,0,8971afdd-8e6f-4fc6-916f-1a8d2ca9d6d9
36560,34700,97167,"2026-08-06 15:09:43",9236,0,NULL,1,0,44c589c5-5524-48b5-a646-3088ad6eb039
36561,34752,97167,"2026-08-06 15:09:46",9236,0,NULL,1,0,665e0e87-afe1-4148-bb91-a3ca2b310ead
36562,34804,97169,"2026-08-06 15:10:08",9236,0,NULL,1,0,36243e4e-bc92-4d95-ba21-b5678152f23f
36563,34712,97184,"2026-08-06 15:11:15",9236,0,NULL,1,0,708544a6-5b47-4449-8bb8-8f8602fee8af
36564,34816,97184,"2026-08-06 15:11:19",9236,0,NULL,1,0,b8bf68f6-9100-49b6-9b48-75fa6cd61de7
36565,34764,97183,"2026-08-06 15:11:42",9236,0,NULL,1,0,8d8a656e-e954-48e9-9ce5-411add2b0657
36566,34627,97185,"2026-08-06 15:13:36",9236,0,NULL,1,0,0c6ee7b3-42af-4962-abd6-29a99d345056
36567,34638,97185,"2026-08-06 15:13:41",9236,0,NULL,1,0,591de185-8737-41dc-a386-4034a026f240
36568,34652,97187,"2026-08-06 15:14:10",9236,0,NULL,1,0,8185d3c2-770b-4646-81c2-4b15d6efa152
36569,34817,97188,"2026-08-06 15:15:14",9236,0,NULL,1,0,cb322761-e25d-4ed4-a969-d960658d2b6e
36570,34713,97188,"2026-08-06 15:15:18",9236,0,NULL,1,0,fd3a5661-3cf2-4a6e-a8a4-b2393b5bf826
36571,34765,97188,"2026-08-06 15:15:22",9236,0,NULL,1,0,42a6e7d8-298a-45e8-add7-a140d067bd30
36572,34805,97191,"2026-08-06 15:17:22",9236,0,NULL,0,1,4c17edc8-b5c7-4e12-9e2b-0ca788d16a45
36574,34701,97191,"2026-08-06 15:17:26",9236,0,NULL,0,1,ef31f8fd-abc6-41e5-bc96-c3fbec21fc88
36575,34753,97191,"2026-08-06 15:17:29",9236,0,NULL,0,1,3f53a50e-b36a-4877-9ac4-0a5cf092c75e
36576,35993,98364,"2026-08-06 15:17:33",16222,0,NULL,1,0,2ba39942-4898-43ca-af27-2bf654e708f4
36577,34720,97196,"2026-08-06 15:18:30",9236,0,NULL,1,0,3c29df4d-6511-4f97-a519-466090d25a70
36578,34824,97196,"2026-08-06 15:18:33",9236,0,NULL,1,0,b96cd5ea-6912-49cb-bda9-6760646d7aca
36579,34772,97195,"2026-08-06 15:18:56",9236,0,NULL,1,0,d42fab80-baa3-411e-a8bd-554cd5ac4a07
36580,34832,97197,"2026-08-06 15:23:31",9236,0,NULL,1,0,abb4ffd8-28ff-4b03-af49-fcab51996180
36581,34728,97197,"2026-08-06 15:23:34",9236,0,NULL,1,0,ebe638a9-938a-411f-8d33-b3eae44fd35f
36582,34780,97197,"2026-08-06 15:23:37",9236,0,NULL,1,0,2e805ad1-1a07-4b82-adf5-6b9d7bbafbac
36583,35331,97200,"2026-08-06 15:24:39",9236,0,NULL,1,0,380c626f-b997-40a5-8f36-a4cc31d99935
36584,35366,97201,"2026-08-06 15:25:02",9236,0,NULL,1,0,2f55dbdd-32b8-4454-9743-e2a277137b37
36585,34620,98365,"2026-08-06 15:25:24",16222,0,NULL,0,1,ee44b137-31ab-46e4-8ce0-ffd71c02efee
36586,35401,97202,"2026-08-06 15:25:26",9236,0,NULL,1,0,9717ab59-609f-47e3-ad1a-9541891cc8e5
36587,34618,98365,"2026-08-06 15:25:28",16222,0,NULL,0,1,b17dd7ba-5971-483a-bab1-d92e716adfbe
36588,34698,97203,"2026-08-06 15:26:38",9236,0,NULL,1,0,efc5f8ea-85df-4301-8d71-e5d82f5f76b4
36589,34802,97205,"2026-08-06 15:27:06",9236,0,NULL,1,0,7058502d-a7cc-4126-8d09-0ebba9475999
36590,34702,97208,"2026-08-06 15:29:33",9236,0,NULL,1,0,387e03e5-fdce-4683-b277-357ee4e926dc
36591,34806,97208,"2026-08-06 15:29:36",9236,0,NULL,1,0,8a0eb777-d787-4f09-8be1-85be1fc67313
36592,34754,97207,"2026-08-06 15:29:59",9236,0,NULL,1,0,3fe903b3-079d-4a7d-86cf-1af1f3337740
36594,34721,97209,"2026-08-06 15:31:59",9236,0,NULL,1,0,bce871dc-faa9-426b-a9d2-fcd5563303ec
36595,34773,97210,"2026-08-06 15:32:29",9236,0,NULL,1,0,81967290-0177-4b54-8fdf-47cededfe8fd
36596,34825,97210,"2026-08-06 15:32:32",9236,0,NULL,1,0,871ec5f2-3911-4507-8d14-98b52763576c
36597,34729,97212,"2026-08-06 15:34:49",9236,0,NULL,1,0,4134cad5-db53-49db-a18d-0f27135b80b9
36598,34833,97212,"2026-08-06 15:34:52",9236,0,NULL,1,0,e70b51bd-64a6-4001-9a5f-f2b3d38cb0bc
36599,34781,97213,"2026-08-06 15:35:15",9236,0,NULL,1,0,28586060-3bed-41f6-a6a9-31d1543711c0
36600,35317,97215,"2026-08-06 15:38:25",9236,0,NULL,1,0,d1ae9566-5ee0-47d8-8b1a-bb19c8acbca9
36601,35387,97217,"2026-08-06 15:38:59",9236,0,NULL,1,0,e3bcd34a-b4b0-4ef3-a40c-d363981b03d9
36602,35318,97222,"2026-08-06 15:40:11",9236,0,NULL,1,0,4a9bcd77-306d-4ce8-9eba-55789caf6aab
36603,35388,97222,"2026-08-06 15:40:15",9236,0,NULL,1,0,1d41915c-1055-4eea-882a-5d4bb502140b
36604,35353,97221,"2026-08-06 15:40:33",9236,0,NULL,1,0,ff5d42af-2d89-4e4c-9289-cffe0fe77e5e
36605,35319,97223,"2026-08-06 15:41:33",9236,0,NULL,1,0,0e956526-98d7-40fd-8443-04b6cc40886c
36606,35354,97224,"2026-08-06 15:42:00",9236,0,NULL,1,0,2a11e7d9-916f-4929-869a-7ea1bd39bc2f
36607,35389,97225,"2026-08-06 15:42:26",9236,0,NULL,1,0,9989a2c4-d4d2-47bc-91ba-8a13c3aa5f7e
36608,35320,97226,"2026-08-06 15:46:16",9236,0,NULL,1,0,53f18994-cf0a-40b7-b2eb-513063a1e651
36610,35390,97228,"2026-08-06 15:46:44",9236,0,NULL,1,0,99b9ce51-b612-4b85-868f-409a6bec294b
36611,34743,97229,"2026-08-06 15:47:50",9236,0,NULL,1,0,bbd7216c-d726-4c34-8a57-cad04e4426f2
36612,34847,97231,"2026-08-06 15:48:20",9236,0,NULL,1,0,4c5c90b0-5094-4e72-81e9-f8200f918f98
36613,34730,97232,"2026-08-06 15:49:31",9236,0,NULL,1,0,ea0dc125-7756-400b-9fad-bf714dff4ff9
36614,34834,97232,"2026-08-06 15:49:37",9236,0,NULL,1,0,c6553324-ad56-49ac-9e8c-01627aaa6429
36615,34782,97233,"2026-08-06 15:50:07",9236,0,NULL,1,0,47c97f03-6d93-4c03-8df4-2681caa710f4
36619,34783,97237,"2026-08-06 15:51:56",9236,0,NULL,1,0,2cd7ee0a-e413-49d8-851e-c8fdb6b19b86
36620,34731,97237,"2026-08-06 15:52:02",9236,0,NULL,1,0,545fc9f3-33ef-4b79-b15b-26d6b1fce2a3
36621,34783,97238,"2026-08-06 15:53:42",9236,0,NULL,1,0,1020ab29-ff5b-40f7-a3cd-f5848b3ea1fa
36622,34835,97238,"2026-08-06 15:53:48",9236,0,NULL,1,0,8c38988f-4819-41e9-afaa-f01867b2e197
36623,34731,97236,"2026-08-06 15:54:46",9236,0,NULL,1,0,7484b54d-b321-4d3a-b65c-4a24daa58f48
36624,34692,97239,"2026-08-06 15:56:07",9236,0,NULL,1,0,9d0e5980-e08e-437f-8aa5-62d92ce64cb3
36625,34796,97241,"2026-08-06 15:56:46",9236,0,NULL,1,0,b5b455a3-2675-4316-8d5b-4075e6312661
36628,34722,97242,"2026-08-06 15:58:10",9236,0,NULL,1,0,9e041f11-7614-4390-b2d6-522f16ffbc3c
36629,34826,97242,"2026-08-06 15:58:14",9236,0,NULL,1,0,ac5b9da6-324e-402b-9d82-d59e45c9ecb6
36631,34774,97243,"2026-08-06 15:58:34",9236,0,NULL,1,0,51a79b43-0f26-4e3c-bced-b3a69196631a
36632,34827,97245,"2026-08-06 16:00:13",9236,0,NULL,1,0,b95e89c7-c005-4440-b839-18798629d1c2
36633,34723,97245,"2026-08-06 16:00:16",9236,0,NULL,1,0,a820b8ef-5dd9-4399-bfd5-e2af4bd0d788
36634,34775,97245,"2026-08-06 16:00:20",9236,0,NULL,1,0,542a591f-8fc6-4a07-9732-8efec861c537
36635,34812,97248,"2026-08-06 16:01:42",9236,0,NULL,1,0,7777e821-ac39-442c-a0dd-287d400a9a72
36636,34708,97248,"2026-08-06 16:01:44",9236,0,NULL,1,0,b73dba69-3cb7-47d9-8f27-b12cabf56405
36637,34760,97248,"2026-08-06 16:01:49",9236,0,NULL,1,0,914ae5db-a307-4e7b-9e68-c1e44666882d
36638,34709,97251,"2026-08-06 16:02:49",9236,0,NULL,1,0,8193b1bd-e9de-4ac6-9340-95fef65061d4
36639,34813,97251,"2026-08-06 16:02:52",9236,0,NULL,1,0,bd380456-b764-49f2-b29f-30080b94791a
36640,34761,97252,"2026-08-06 16:03:30",9236,0,NULL,1,0,fd3254fc-5341-4b40-849a-9b571fcd85ad
36642,34733,97256,"2026-08-06 16:04:52",9236,0,NULL,1,0,917b07a8-e19f-4cf1-9f7a-5fcc964871cf
36643,34836,97256,"2026-08-06 16:04:55",9236,0,NULL,1,0,3e7ac1fa-6f12-48d5-80c7-858af735bf32
36644,34784,97255,"2026-08-06 16:05:23",9236,0,NULL,1,0,6598c6ae-8cc7-4536-94c8-d41f72bb5aca
36649,34651,97259,"2026-08-06 16:15:50",9236,0,NULL,1,0,e49b61b0-5b48-4a83-a916-5cc0219627b7
36650,34628,97259,"2026-08-06 16:15:53",9236,0,NULL,1,0,978c197f-e284-42d2-9d44-694769a65050
36651,34732,97260,"2026-08-06 16:17:15",9236,0,NULL,1,0,7bd9b2a0-a6ac-4dfb-927c-9ae106c644bb
36652,34837,97262,"2026-08-06 16:17:50",9236,0,NULL,1,0,63825a54-d007-4fde-a83d-1133ae6a58b1
36653,35391,97263,"2026-08-06 16:18:21",9236,0,NULL,1,0,1e56e92f-50e3-4dce-937e-df784eac8cf6
36654,35321,97263,"2026-08-06 16:18:24",9236,0,NULL,1,0,6056682d-4d5b-4f5d-8f04-9fb4fcb707c8
36655,35356,97263,"2026-08-06 16:18:28",9236,0,NULL,1,0,555a02b0-1d7e-439b-9cfb-6ecf015dde68
36656,34703,97266,"2026-08-06 16:20:30",9236,0,NULL,1,0,ae29bb4d-d738-40af-9754-1cac45d91666
36657,34755,97266,"2026-08-06 16:20:33",9236,0,NULL,1,0,9b0b23d5-19a3-4009-b9c6-6b04349e5b92
36659,34807,97268,"2026-08-06 16:21:03",9236,0,NULL,1,0,dafe0fae-bc6b-471b-9d66-9fdb7a7397d9
36660,34838,97269,"2026-08-06 16:22:21",9236,0,NULL,1,0,344e18c0-b1a7-45d0-bd1a-ce913a51c1cc
36661,34734,97269,"2026-08-06 16:22:24",9236,0,NULL,1,0,c2f13341-acad-456f-9bb7-80b5301e585a
36662,34786,97269,"2026-08-06 16:22:28",9236,0,NULL,1,0,76607e98-b1ad-4ae8-8d06-df185a28ade1
36663,34630,97272,"2026-08-06 16:23:59",9236,0,NULL,1,0,22c6cf57-df48-4d22-bd1f-0c59f3c58cf6
36664,34647,97274,"2026-08-06 16:24:31",9236,0,NULL,1,0,7d024a3c-76d0-4570-8981-dc782202e14d
36665,34818,97275,"2026-08-06 16:25:45",9236,0,NULL,1,0,b384b5b6-1af1-4e14-8e56-dfe34265a9b4
36666,34714,97275,"2026-08-06 16:25:49",9236,0,NULL,1,0,839c8af0-48a4-4f95-ac40-9a849a9e4017
36667,34766,97275,"2026-08-06 16:25:53",9236,0,NULL,1,0,222a3045-a45b-40cf-bbca-d96af5cad791
36668,34715,97278,"2026-08-06 16:27:10",9236,0,NULL,1,0,dd2c4c54-bec5-4e80-9606-246fa0df3474
36669,34767,97278,"2026-08-06 16:27:15",9236,0,NULL,1,0,05699902-9c9f-4a75-b323-ed7512543eb1
36670,34819,97278,"2026-08-06 16:27:19",9236,0,NULL,1,0,0572842d-d263-450c-8eef-39a701090a25
36671,34710,97281,"2026-08-06 16:28:52",9236,0,NULL,1,0,93b9d5cb-d1ae-4c36-86d4-671aaf5031fe
36672,34762,97281,"2026-08-06 16:28:55",9236,0,NULL,1,0,b9835990-134c-460d-873d-d301f57af5a8
36673,34814,97283,"2026-08-06 16:29:17",9236,0,NULL,1,0,9e31fd18-9b98-453b-b1cf-555b07c7c862
36674,34815,97284,"2026-08-06 16:30:21",9236,0,NULL,1,0,453ea354-51f3-4eb8-a6c9-bcfd7133a6be
36675,34711,97284,"2026-08-06 16:30:23",9236,0,NULL,1,0,d72faec9-5b1e-46b1-8625-525673a35b20
36676,34763,97284,"2026-08-06 16:30:26",9236,0,NULL,1,0,3d272e5c-afb1-483a-84a4-04b6570087d9
36677,34699,97287,"2026-08-06 16:32:51",9236,0,NULL,1,0,bbc9decc-b2c9-4f72-9df0-51ea6b44bc99
36678,34803,97289,"2026-08-06 16:33:21",9236,0,NULL,1,0,9dc002d3-a118-472b-ab3e-24cc7327c0f9
36679,35407,97290,"2026-08-06 16:34:33",9236,0,NULL,1,0,7f3a5294-ca4d-427a-a741-ccaf78fda079
36680,35337,97290,"2026-08-06 16:34:36",9236,0,NULL,1,0,f56ef723-599c-4ab5-acda-ce3c1f828deb
36681,35372,97290,"2026-08-06 16:34:39",9236,0,NULL,1,0,8e2de0b9-80ea-4e72-b36b-74b03d83ac4f
36682,35392,97293,"2026-08-06 16:36:02",9236,0,NULL,1,0,be068ea2-d24a-4ec8-921f-46ca75ed046f
36683,35322,97293,"2026-08-06 16:36:07",9236,0,NULL,1,0,ca7152d0-989f-49e4-99cb-7cb60dbb80f4
36684,35357,97293,"2026-08-06 16:36:11",9236,0,NULL,1,0,3aee063f-38dc-49f0-a5d8-a63dc508537e
36685,34735,97296,"2026-08-06 16:37:06",9236,0,NULL,1,0,ba93ed2e-84aa-4851-a312-24a6641d0922
36686,34839,97298,"2026-08-06 16:37:33",9236,0,NULL,1,0,8c9314f5-26f2-47e8-9fa3-101e8ca1993b
36687,35323,97299,"2026-08-06 16:39:16",9236,0,NULL,1,0,978cdfdd-f803-425a-a51f-2a1975016121
36688,35358,97301,"2026-08-06 16:39:42",9236,0,NULL,1,0,6be1ea4e-77b4-4ba9-a775-c5434538ee04
36689,35393,97301,"2026-08-06 16:39:46",9236,0,NULL,1,0,cc3edd52-1b9c-41f2-932f-61a962dca037
36691,35324,97302,"2026-08-06 16:41:14",9236,0,NULL,1,0,9d59f7ae-b4e6-494d-8565-9cd12a899898
36692,35394,97304,"2026-08-06 16:41:34",9236,0,NULL,1,0,cfce0954-1cc1-48ab-9c7d-77a2c18aa1e5
36693,35332,97307,"2026-08-06 16:43:53",9236,0,NULL,1,0,1eeae0b1-9d7c-43f0-af37-46c9641d5887
36694,35402,97307,"2026-08-06 16:43:59",9236,0,NULL,1,0,79a167b6-a861-4261-afd8-8485e1bfe753
36695,35367,97306,"2026-08-06 16:44:45",9236,0,NULL,1,0,5158f865-712f-4ca0-892b-ed1be1aa9d9e
36696,34736,97308,"2026-08-06 16:46:12",9236,0,NULL,1,0,c84b682d-efbf-4a62-8fca-2569f084c3a7
36697,34788,97308,"2026-08-06 16:46:15",9236,0,NULL,1,0,402a19d2-3659-458a-ac6a-8bd4b24daa93
36698,34840,97310,"2026-08-06 16:46:49",9236,0,NULL,1,0,e90c9787-0125-4521-8edd-74089558b490
36699,34828,97311,"2026-08-06 16:47:39",9236,0,NULL,1,0,d37de133-d0f5-4d1c-b28d-4a7af4d4fa32
36700,34724,97311,"2026-08-06 16:47:42",9236,0,NULL,1,0,e53ba110-18a8-461c-b41c-d5fc6ec7b45f
36701,34776,97311,"2026-08-06 16:47:46",9236,0,NULL,1,0,490f9910-9db7-44c1-b5b7-ef105b25f898
36702,34737,97314,"2026-08-06 16:49:07",9236,0,NULL,1,0,8d4316da-63f2-45cc-a083-8c8f7ed39341
36703,34789,97314,"2026-08-06 16:49:10",9236,0,NULL,1,0,e4bcd343-2fd5-445b-bb12-129e36d2ff40
36704,34841,97316,"2026-08-06 16:49:35",9236,0,NULL,1,0,df903559-c423-40b8-9ce6-145cbc86d519
36705,35325,97318,"2026-08-06 16:52:09",9236,0,NULL,1,0,a8d23868-8c2e-4962-9eb7-77f1c7be8cb9
36706,35395,97320,"2026-08-06 16:52:35",9236,0,NULL,1,0,7636f4fc-9ab0-4239-a40c-1f5a305200bd
36707,35396,97321,"2026-08-06 17:05:55",9236,0,NULL,1,0,7f8b5c9d-b1b6-429f-a071-5ee79c0cf08f
36708,35326,97321,"2026-08-06 17:05:58",9236,0,NULL,1,0,7cbb0929-c431-43aa-825c-a1c014d57b05
36709,35361,97321,"2026-08-06 17:06:02",9236,0,NULL,1,0,e4264697-db32-4086-88c8-efab7a5c647a
36710,35327,97324,"2026-08-06 17:07:22",9236,0,NULL,1,0,3ba0fc3e-869d-498a-8240-959501796a9a
36711,35397,97326,"2026-08-06 17:07:58",9236,0,NULL,1,0,8a6c4512-23d9-4024-83af-f3465a8751ef
36712,34868,97327,"2026-08-06 17:08:47",9236,0,NULL,1,0,55f909d7-8954-4692-86a3-1fb9ea67c7ec
36713,34864,97327,"2026-08-06 17:08:51",9236,0,NULL,1,0,910da3e3-f496-4410-a657-531874373626
36714,34860,97329,"2026-08-06 17:09:21",9236,0,NULL,1,0,5e0f3755-1052-4c70-95ea-f93d351b7b60
36715,34658,97330,"2026-08-06 17:10:02",9236,0,NULL,1,0,985d021e-5246-48c3-a087-acc6fe977eb9
36716,34669,97330,"2026-08-06 17:10:06",9236,0,NULL,1,0,45b7f5f9-b52e-40d6-b5ba-1b1b208a008e
36717,34688,97332,"2026-08-06 17:10:33",9236,0,NULL,1,0,e5581ee1-1f48-4fc9-8aab-27a38029f362
36718,34842,97335,"2026-08-06 17:11:30",9236,0,NULL,1,0,aba22c82-8009-4b5f-a382-5f227ff1e3e9
36719,34716,97336,"2026-08-06 17:12:43",9236,0,NULL,1,0,e531b8b2-93a4-45f9-89c8-92378d332855
36720,34820,97336,"2026-08-06 17:12:46",9236,0,NULL,1,0,5cfdcbf1-fb43-40d7-9db8-c42c67693383
36721,34768,97337,"2026-08-06 17:13:21",9236,0,NULL,1,0,52492000-df87-4c06-9307-0eb0f1075283
36723,34717,97339,"2026-08-06 17:14:04",9236,0,NULL,1,0,00c5d0eb-14c9-4b84-b537-708a1edd28af
36724,34769,97340,"2026-08-06 17:14:26",9236,0,NULL,1,0,6eb3608b-f46f-4c48-a01e-bb162b3d01c1
36726,34821,97341,"2026-08-06 17:14:58",9236,0,NULL,1,0,1f3c9113-861d-4ada-bd8e-c38e8e3b048c
36727,34693,97345,"2026-08-06 17:16:56",9236,0,NULL,1,0,3b3eeadd-2aa5-4c72-a772-bb65c0b180b3
36728,34797,97347,"2026-08-06 17:17:23",9236,0,NULL,1,0,390da584-6001-4b42-a19a-303e68b7b985
36729,34694,97348,"2026-08-06 17:18:15",9236,0,NULL,1,0,3512583b-a179-4947-b250-9fe67e2ab8f0
36730,34746,97349,"2026-08-06 17:18:51",9236,0,NULL,1,0,f2257fd9-8fb3-4fb4-944b-033314cd0cb4
36731,34798,97350,"2026-08-06 17:19:12",9236,0,NULL,1,0,6f16b68a-be17-4620-8cea-de209531623f
36732,35408,97353,"2026-08-06 17:20:08",9236,0,NULL,1,0,3e821202-07ae-4676-8c8b-0a8d264c9346
36733,35409,97354,"2026-08-06 17:20:53",9236,0,NULL,1,0,e8d5ed0d-fd5c-46c2-b79c-89222cd77ed0
36734,35339,97354,"2026-08-06 17:20:57",9236,0,NULL,1,0,ce733450-3328-4808-a3c0-867e8589518d
36735,35411,97362,"2026-08-06 17:22:03",9236,0,NULL,1,0,50c139cc-8ffd-410b-ac5b-c7ac665d3ed3
36736,35342,97363,"2026-08-06 17:23:07",9236,0,NULL,1,0,8ccf36c4-52f3-415a-ae40-9c87ccb09a10
36737,35412,97363,"2026-08-06 17:23:12",9236,0,NULL,1,0,6b4c6fe5-d3dc-4706-aa23-f567ce7e63e9
36738,35398,97368,"2026-08-06 17:24:27",9236,0,NULL,1,0,75a47545-5766-44be-ac5c-f1e75b6df000
36739,35400,97374,"2026-08-06 17:25:26",9236,0,NULL,1,0,57a9b78f-1a63-44b3-a42f-412a041257a7
36740,35403,97380,"2026-08-06 17:26:18",9236,0,NULL,1,0,881d33af-075e-4b79-936e-f1305dfcf893
36741,34685,97383,"2026-08-06 17:27:13",9236,0,NULL,1,0,e3c76353-8445-47ce-b7c7-4a2b49738ba0
36742,34843,97386,"2026-08-06 17:27:54",9236,0,NULL,1,0,85b93a9f-52ae-4800-aab6-e043558b8228
36743,34739,97386,"2026-08-06 17:27:58",9236,0,NULL,1,0,a5ec5501-98e6-48e6-994d-6aa7b9153b87
36744,34648,97389,"2026-08-06 17:28:50",9236,0,NULL,1,0,f7ae74a0-0638-4e09-bb29-0e289114a0b1
36745,34725,97395,"2026-08-06 17:29:40",9236,0,NULL,1,0,3f2abb5c-b4ac-4049-a2b1-66de1392726a
36746,34829,97395,"2026-08-06 17:29:44",9236,0,NULL,1,0,95409a15-7226-4c69-880a-f47791bc405d
36747,34629,97398,"2026-08-06 17:31:09",9236,0,NULL,1,0,5d6ce780-5050-4cde-9416-b6302c5e441d
36748,34640,97399,"2026-08-06 17:31:49",9236,0,NULL,1,0,f0356869-e843-482b-9501-e714224386f1
36749,34650,97400,"2026-08-06 17:32:12",9236,0,NULL,1,0,a6afdcd5-6950-413e-966f-77d263763ca4
36750,34869,97401,"2026-08-06 17:32:47",9236,0,NULL,1,0,34b08a2c-cc7a-474f-bd14-eddc8d10b1a0
36751,34865,97401,"2026-08-06 17:32:50",9236,0,NULL,1,0,5a52792b-6e47-4634-bae0-ebb4f9559b27
36752,34861,97403,"2026-08-06 17:33:29",9236,0,NULL,1,0,8040e503-3b56-47e1-8560-8b028240a4b3
36753,34704,97404,"2026-08-06 17:35:39",9236,0,NULL,1,0,f2136b44-00d3-4b86-a9f6-501938610b8f
36754,34756,97404,"2026-08-06 17:35:43",9236,0,NULL,1,0,7d14b34a-4405-40ff-a174-27aa33296f09
36755,34808,97406,"2026-08-06 17:36:09",9236,0,NULL,1,0,074327da-b52d-4018-8e23-690e5083d110
36756,34809,97409,"2026-08-06 17:37:14",9236,0,NULL,1,0,200acc15-b757-4546-92f2-2c802fd8ad17
36757,34705,97407,"2026-08-06 17:37:43",9236,0,NULL,1,0,6b17ef0b-5adc-491b-817e-58ea3e289ee4
36758,34757,97408,"2026-08-06 17:38:08",9236,0,NULL,1,0,15529746-27b6-40f8-a776-9569301abd2c
36759,35414,97412,"2026-08-06 17:39:05",9236,0,NULL,1,0,57bbda33-6759-4227-8a01-e94241225d05
36760,35344,97412,"2026-08-06 17:39:09",9236,0,NULL,1,0,26f1f7ea-2c4d-4180-9bf2-2e837f85a4c6
36761,35379,97412,"2026-08-06 17:39:12",9236,0,NULL,1,0,1587b0f9-7d8b-4b63-a6da-318e7fbfa15b
36762,35345,97414,"2026-08-06 17:48:38",9236,0,NULL,1,0,42ade091-b337-420c-8ee7-cfe64619518f
36763,35415,97416,"2026-08-06 17:49:24",9236,0,NULL,1,0,ced01f6b-64b8-4872-80fe-7d53d8d8b692
36764,35380,97415,"2026-08-06 17:50:08",9236,0,NULL,1,0,f0c78f66-03b6-4ec4-938e-ed93f4ad00fe
36765,35346,97417,"2026-08-06 18:03:30",9236,0,NULL,1,0,96c4ba71-91fd-48cc-8dbc-6ce69e89a2f0
36766,35381,97417,"2026-08-06 18:03:34",9236,0,NULL,1,0,ce849fa2-bcc4-46dc-acfb-687f776e9149
36767,35416,97419,"2026-08-06 18:04:30",9236,0,NULL,1,0,6e3be97d-64fe-4c46-a534-ca62bc5ee62b
36768,35347,97420,"2026-08-06 18:07:03",9236,0,NULL,1,0,18b4554b-774f-45c4-a65a-b770c5f56227
36769,35382,97421,"2026-08-06 18:07:23",9236,0,NULL,1,0,02a4287f-aeca-4d8e-9501-cfb5510f8a19
36770,35417,97422,"2026-08-06 18:07:56",9236,0,NULL,1,0,12300f74-1a65-4982-9b96-6e6c16d70ebf
36771,35418,97423,"2026-08-06 18:10:49",9236,0,NULL,1,0,bc7dc55c-6f0b-48a5-91d0-175e98bd725c
36772,35348,97423,"2026-08-06 18:10:52",9236,0,NULL,1,0,2c64fbcf-579e-4d7f-a21d-2a596d23fb66
36773,35383,97423,"2026-08-06 18:10:56",9236,0,NULL,1,0,516c0559-a0cb-4e1d-ba27-dd156eaba4b2
36774,34695,97426,"2026-08-06 18:12:03",9236,0,NULL,1,0,6840bae4-7d36-4131-8d49-204b07865746
36775,34747,97426,"2026-08-06 18:12:07",9236,0,NULL,1,0,a9393375-0de8-4400-af23-644637cbd55d
36776,34799,97428,"2026-08-06 18:12:30",9236,0,NULL,1,0,a7c8ec7a-949b-489b-9443-10890512190c
36777,34696,97431,"2026-08-06 18:14:11",9236,0,NULL,1,0,0a2430e6-2cfd-4f6b-b9c6-d5440e605266
36778,34800,97431,"2026-08-06 18:14:14",9236,0,NULL,1,0,1d840c52-9c0b-4cbf-b1d4-98fd3639689f
36779,34748,97430,"2026-08-06 18:14:44",9236,0,NULL,1,0,8379b8cb-873a-494b-a280-8fce7a8a1bfc
36780,35349,97432,"2026-08-06 18:16:07",9236,0,NULL,1,0,34b28683-caee-4077-a262-13cd514e5a85
36781,35384,97432,"2026-08-06 18:16:13",9236,0,NULL,1,0,8cd5e9ac-3a6c-4555-98a7-f10fc78bbfee
36782,35419,97434,"2026-08-06 18:16:40",9236,0,NULL,1,0,db9d8c55-5db7-4b22-bc0b-f1394b00a69c
36783,35350,97437,"2026-08-06 18:20:59",9236,0,NULL,1,0,ff45811e-572f-4aff-ae2d-1390e3c6014e
36784,35420,97437,"2026-08-06 18:21:03",9236,0,NULL,1,0,5a210c27-563e-4786-9c8b-69a61f7f2d9d
36785,34740,97440,"2026-08-06 18:22:32",9236,0,NULL,1,0,446e972b-57d9-44aa-a898-e8889bcc6bb1
36786,34844,97440,"2026-08-06 18:22:36",9236,0,NULL,1,0,22aa2e0b-32c3-4c79-af32-b2520d2e8b74
36787,34792,97439,"2026-08-06 18:23:07",9236,0,NULL,1,0,127b3954-0484-439a-aba5-07578b80ae75
36788,34845,97441,"2026-08-06 18:24:45",9236,0,NULL,1,0,8968ca74-554d-4f11-8f47-ae004496546e
36789,34741,97441,"2026-08-06 18:24:49",9236,0,NULL,1,0,7429fc94-50b5-41a6-830e-1ae1cafa2643
36790,34793,97441,"2026-08-06 18:24:52",9236,0,NULL,1,0,79771639-d8bb-428f-b6d8-8665d91a9862
36791,34742,97444,"2026-08-06 18:26:10",9236,0,NULL,1,0,cee37711-43bd-4216-af84-0b64a8dcc0bf
36792,34794,97444,"2026-08-06 18:26:13",9236,0,NULL,1,0,b4eab401-983c-412f-827d-8758f560d0e4
36793,34846,97446,"2026-08-06 18:26:42",9236,0,NULL,1,0,d6cec41f-1515-45b0-8c2e-7a3971a6b761
36794,34625,97449,"2026-08-06 18:27:59",9236,0,NULL,1,0,8bf727d1-177d-4f37-82f4-2a93184e4536
36795,34654,97449,"2026-08-06 18:28:04",9236,0,NULL,1,0,cad7f2e0-2f49-4cfc-93c2-d084a341d33c
36796,34636,97448,"2026-08-06 18:28:31",9236,0,NULL,1,0,8b69d9de-f851-4fce-956b-407ecd7011f2
36797,34626,97450,"2026-08-06 18:30:20",9236,0,NULL,1,0,9655b3b1-ce4f-45fa-a33e-1e44d5263940
36798,34653,97450,"2026-08-06 18:30:25",9236,0,NULL,1,0,4748cf24-3ca6-4142-95a4-0c8db97256a8
36799,34637,97451,"2026-08-06 18:30:48",9236,0,NULL,1,0,99c55a92-1b15-4c3f-8a1b-c78fd694218a
36800,34862,97453,"2026-08-06 18:33:17",9236,0,NULL,1,0,b830c42b-5d35-4500-a525-5425ae3d9a45
36801,34870,97453,"2026-08-06 18:33:21",9236,0,NULL,1,0,a3114a10-136e-4a5e-b12f-2f77dd13053d
36802,34866,97454,"2026-08-06 18:33:42",9236,0,NULL,1,0,b0525618-0855-49ba-9cb3-3d5b4c5189a2
36803,34632,97456,"2026-08-06 18:35:01",9236,0,NULL,1,0,9c92dc5c-ead7-4b11-aeb7-849e2e1ad8b5
36804,34643,97457,"2026-08-06 18:35:29",9236,0,NULL,1,0,e11718bf-5d1d-40fd-8f86-e1d979a8d2df
36805,34649,97458,"2026-08-06 18:35:52",9236,0,NULL,1,0,c3ed0f1f-1b37-4d69-a6e8-9b916a403561
36806,34585,97459,"2026-08-06 18:36:57",9236,0,NULL,1,0,d2bf1123-9f0e-45ef-8cb3-d440d6cc1ca5
36807,35892,97461,"2026-08-06 18:37:29",9236,0,NULL,1,0,405bbcd7-61cf-40d8-8ef5-5097cd4bf29f
36808,35861,97462,"2026-08-06 18:38:38",9236,0,NULL,1,0,9bf95be9-2650-45d3-ac7a-3736a7feddda
36809,34554,97462,"2026-08-06 18:38:41",9236,0,NULL,1,0,6d9439b0-30f9-4cc2-a106-61be69015365
36810,35829,97462,"2026-08-06 18:38:44",9236,0,NULL,1,0,cc25d8a1-72d2-47d6-b3c9-22cd60163b8c
36811,34555,97465,"2026-08-06 18:43:16",9236,0,NULL,1,0,fa9847fc-fe40-483e-981f-0649cfa4e719
36812,35862,97467,"2026-08-06 18:43:52",9236,0,NULL,1,0,a76158f2-0494-4d9f-b417-8c32a63ce678
36813,34556,97468,"2026-08-06 18:45:20",9236,0,NULL,1,0,2dd51216-420b-4a38-86e5-03047710b593
36814,35831,97469,"2026-08-06 18:45:44",9236,0,NULL,1,0,7fce189d-b611-4f9e-9a1b-74d340bcd3a5
36815,35863,97470,"2026-08-06 18:46:14",9236,0,NULL,1,0,b435989d-2d37-42e0-afd2-586052473694
36816,34557,97471,"2026-08-06 18:47:31",9236,0,NULL,1,0,8fcf76cf-b62b-4f12-8cc6-5d5fc25bef19
36818,35832,97472,"2026-08-06 18:47:59",9236,0,NULL,1,0,6a68aed0-0280-476f-b9a3-2c55b9227f3e
36819,35864,97473,"2026-08-06 18:48:34",9236,0,NULL,1,0,87cd0a16-887a-4399-9b68-69a4dacbfdb5
36820,34558,97474,"2026-08-06 18:50:25",9236,0,NULL,1,0,3e69bc66-3310-4cea-8ebe-4b93c2afdf0e
36821,35833,97475,"2026-08-06 18:50:50",9236,0,NULL,1,0,a522f140-2e82-4129-b2f9-2e4040ad44c8
36822,35865,97476,"2026-08-06 18:51:17",9236,0,NULL,1,0,b4cab1c9-4119-4db5-83bd-6b0a21f5f687
36823,35866,97477,"2026-08-06 18:53:14",9236,0,NULL,1,0,10478e0c-436e-478c-bc04-4b2c0d9bf5d5
36824,34559,97477,"2026-08-06 18:53:19",9236,0,NULL,1,0,d5f8ef85-5a54-4291-94c2-0dc049a87df3
36825,35834,97477,"2026-08-06 18:53:23",9236,0,NULL,1,0,45023f75-4d16-4373-8fd6-9abcab769d15
36826,34560,97482,"2026-08-06 18:54:29",9236,0,NULL,1,0,f7f6e895-5aeb-4355-9049-751a7687f6d2
36827,35867,97482,"2026-08-06 18:54:34",9236,0,NULL,1,0,9708065e-0d77-48eb-9ce1-e2a5643b2541
36828,35835,97481,"2026-08-06 18:55:10",9236,0,NULL,1,0,3d3c27a9-fa0e-497b-b349-4fcdbb300130
36829,34561,97483,"2026-08-06 18:56:20",9236,0,NULL,1,0,e9ec1187-7ccb-45ff-a8cc-f02c4dbcc5ba
36830,35868,97483,"2026-08-06 18:56:23",9236,0,NULL,1,0,8d9d5f48-8a31-47e8-98fe-0128c26405c6
36831,35836,97484,"2026-08-06 18:56:49",9236,0,NULL,1,0,c8d898c0-498a-4f30-90c2-2b0d2d86cdf5
36835,34562,97486,"2026-08-06 19:01:05",9236,0,NULL,1,0,d65fa985-ed83-45f1-81bf-45e272dedb85
36836,35869,97488,"2026-08-06 19:01:35",9236,0,NULL,1,0,656490ef-bdbe-4f60-8b09-c8f9b35f1de8
36837,34563,97489,"2026-08-06 19:04:15",9236,0,NULL,1,0,2d304f3d-e2a5-4e39-81e6-550562bf756d
36838,35870,97491,"2026-08-06 19:04:45",9236,0,NULL,1,0,9869a581-5b5a-4143-a96a-00c5bb6fa2c4
36840,35871,97494,"2026-08-06 19:06:39",9236,0,NULL,1,0,b5539100-c9a3-457d-b782-108fabb63367
36841,34565,97495,"2026-08-06 19:09:08",9236,0,NULL,1,0,b6824d36-56f1-4be3-8e69-4ed9235c61cf
36842,35872,97497,"2026-08-06 19:09:47",9236,0,NULL,1,0,ed0b2062-b1bf-4f22-8ef0-fa46b07c8672
36843,34566,97498,"2026-08-06 19:11:26",9236,0,NULL,1,0,15e95e7f-4181-4730-aa7b-d4782c08fa12
36844,35873,97500,"2026-08-06 19:11:59",9236,0,NULL,1,0,1a64b032-68fc-45be-bea5-a7914e364363
36845,35874,97503,"2026-08-06 19:12:42",9236,0,NULL,1,0,0f1bf02f-2aa2-4442-93fd-c3708ac32671
36846,34567,97501,"2026-08-06 19:13:14",9236,0,NULL,1,0,ed404a65-140a-4fb0-8ac5-7c17a461f588
36847,34568,97504,"2026-08-06 19:14:38",9236,0,NULL,1,0,ccb5a021-b06b-4a59-af3e-10627e44bf15
36848,35875,97506,"2026-08-06 19:15:07",9236,0,NULL,1,0,0c8d7f9c-299d-4351-a1c1-a7f9fb3f008c
36849,34569,97507,"2026-08-06 19:17:03",9236,0,NULL,1,0,717de0f7-7d4a-4551-b87e-d6b88026c0b8
36850,35876,97509,"2026-08-06 19:18:30",9236,0,NULL,1,0,9fcb4a32-6c6e-4b0a-a08d-49429419b693
36851,35877,97512,"2026-08-06 19:21:26",9236,0,NULL,1,0,49564dee-741f-479a-996b-b0bee4d219cd
36852,35878,97515,"2026-08-06 19:22:59",9236,0,NULL,1,0,d551693f-e586-4d63-9819-2f85cd0b74d6
36853,36537,97585,"2026-08-06 19:27:55",9236,0,NULL,1,0,4e0322d6-cfd9-4cda-85f4-bd54550408da
36854,36575,97585,"2026-08-06 19:28:03",9236,0,NULL,1,0,f118885a-8a45-4d93-8d73-6e19a178bbb8
36855,36585,97585,"2026-08-06 19:28:22",9236,0,NULL,1,0,9eae8f30-63fe-416d-be95-5f47dc71625d
36856,36597,97585,"2026-08-06 19:28:27",9236,0,NULL,1,0,8ed5eb53-c3a1-412e-8450-db541fabbd07
36857,36664,97587,"2026-08-06 19:30:34",9236,0,NULL,1,0,9c772720-8058-4523-9f81-41329bd0d5c9
36858,36668,97587,"2026-08-06 19:30:38",9236,0,NULL,1,0,9fb71d15-e129-49c6-80cc-455462e3bd08
36859,36939,97593,"2026-08-06 19:32:05",9236,0,NULL,1,0,69bc7881-2e22-48f3-8725-de72ee08ed98
36860,36937,97593,"2026-08-06 19:32:09",9236,0,NULL,1,0,ad7e7388-af0b-4ebe-8099-d67d74e134d0
36861,36938,97593,"2026-08-06 19:32:12",9236,0,NULL,1,0,1e5dc12e-a113-4d31-838b-303a5c3c8b87
36862,36574,97596,"2026-08-06 19:35:41",9236,0,NULL,1,0,8825bc17-9d1d-40d9-a670-fe32422da33c
36863,36526,97596,"2026-08-06 19:35:54",9236,0,NULL,1,0,3766569b-6825-4c55-8faa-27fba53dd098
36864,36586,97601,"2026-08-06 19:36:44",9236,0,NULL,1,0,27afa7da-c1aa-4d4f-8bb3-3a00110104cf
36865,36599,97601,"2026-08-06 19:36:48",9236,0,NULL,1,0,dd765884-bb3b-4cac-b1b3-f8fb05ee3c5a
36866,36663,97598,"2026-08-06 19:39:01",9236,0,NULL,1,0,48457fea-b869-4c60-8f6e-72e2f70a6857
36867,36667,97598,"2026-08-06 19:39:08",9236,0,NULL,1,0,f3b28d97-e365-478c-8326-ff1eca629466
36868,36049,97621,"2026-08-06 19:41:48",9236,0,NULL,1,0,1853c03a-939d-48e4-8e52-dbd12d36d2a2
36869,36042,97622,"2026-08-06 19:42:43",9236,0,NULL,1,0,bb19d23d-4187-4d55-86ef-988075a94d13
36870,36043,97623,"2026-08-06 19:44:21",9236,0,NULL,1,0,2e5bd242-79eb-4e25-9d34-71e4f823b963
36871,36123,97624,"2026-08-06 19:46:02",9236,0,NULL,1,0,14963d55-c03d-45cf-8a52-caf2a5cc2751
36874,36052,97625,"2026-08-06 19:46:32",9236,0,NULL,1,0,70b56cdb-b1ac-47d7-aa4f-8f27460f0ad5
36876,36044,97626,"2026-08-06 19:47:24",9236,0,NULL,1,0,7fef6459-ffd3-4913-9b7b-1299bc6f416c
36877,36053,97627,"2026-08-06 19:50:12",9236,0,NULL,1,0,bbdac740-5cd4-47af-ab38-cd9f1168ff91
36878,36045,97627,"2026-08-06 19:50:18",9236,0,NULL,1,0,d58959c8-1c47-43bf-92f9-0725e5f46f94
36879,36124,97628,"2026-08-06 19:51:20",9236,0,NULL,1,0,aa821068-b56a-46f0-80a0-6d1faf622b40
36880,36053,97628,"2026-08-06 19:51:26",9236,0,NULL,1,0,6828de26-6eb1-4614-ae9b-6d8d6dccab3d
36881,36045,97629,"2026-08-06 19:52:17",9236,0,NULL,1,0,27780530-3e56-423d-aabe-6ecd77f8bb47
36882,36125,97630,"2026-08-06 19:54:04",9236,0,NULL,1,0,6c12540b-c907-42e9-948a-57662a3ed262
36883,36055,97630,"2026-08-06 19:54:08",9236,0,NULL,1,0,b32f00f0-5bec-4e8f-b32e-2335cd3f3a51
36884,36046,97632,"2026-08-06 19:54:34",9236,0,NULL,1,0,cf205e17-3de1-4a26-a0ea-0e6f0c3af44d
36885,36710,97633,"2026-08-06 19:58:24",9236,0,NULL,1,0,7d407612-df3b-4a0a-8954-8d45e56f7d61
36886,35918,97634,"2026-08-06 19:59:19",9236,0,NULL,1,0,39b2274b-1025-45ec-aa66-69c0b30ac70c
36887,35919,97635,"2026-08-06 20:00:06",9236,0,NULL,0,1,9914ecf1-e860-45ea-a5d4-344a49d19b1d
36888,35920,97636,"2026-08-06 20:00:36",9236,0,NULL,1,0,16c53b23-ab21-4d92-b48e-b9ba77c609a9
36889,35921,97637,"2026-08-06 20:01:24",9236,0,NULL,1,0,007dd50e-ef90-4ccd-b34b-267ff00e1cbf
36890,35922,97638,"2026-08-06 20:02:02",9236,0,NULL,1,0,4359d172-fec1-4a62-b533-ff7cc3df7f4b
36891,35923,97639,"2026-08-06 20:02:52",9236,0,NULL,1,0,23b20cb6-dda5-4cb8-9004-a6773e03dd55
36892,35924,97640,"2026-08-06 20:03:42",9236,0,NULL,1,0,3599d9df-fa18-468c-bac5-00c91f09aa65
36893,35925,97641,"2026-08-06 20:04:17",9236,0,NULL,1,0,64cc3e60-5a35-4756-a5d5-7623ac1a5265
36894,35926,97642,"2026-08-06 20:05:11",9236,0,NULL,1,0,ef3e2560-3a81-436c-9da8-c3b9e0de97f1
36895,36983,98418,"2026-08-06 20:05:19",16222,0,NULL,0,1,42de5823-ce83-42f3-99bd-b67ca54ed901
36896,36711,97643,"2026-08-06 20:06:16",9236,0,NULL,1,0,9480c6a8-7301-4f4a-8f14-74a28848f0f9
36897,36712,97644,"2026-08-06 20:07:14",9236,0,NULL,1,0,8c4d19d4-d8b7-4df8-ae65-1e7190c73440
36898,36713,97645,"2026-08-06 20:07:56",9236,0,NULL,1,0,3588e611-c467-44fb-b7a0-17e4c0cdfd75
36899,36714,97646,"2026-08-06 20:08:41",9236,0,NULL,1,0,687acf03-dd75-4a43-959d-0a48085bad1f
36900,35927,97647,"2026-08-06 20:09:29",9236,0,NULL,1,0,0de82f61-7810-4d0c-b994-cc8f56a825c2
36901,35928,97648,"2026-08-06 20:10:27",9236,0,NULL,1,0,1ae67e89-a18f-4377-867c-653ef4c67495
36902,35929,97649,"2026-08-06 20:11:06",9236,0,NULL,1,0,479cf741-cde6-4514-9f68-5152ba45d707
36903,35930,97650,"2026-08-06 20:11:57",9236,0,NULL,1,0,7bf08566-3257-440c-8021-38c97776c95f
36907,35931,97651,"2026-08-06 20:13:02",9236,0,NULL,1,0,88712aa2-084e-4ba3-8026-42f3aad33cca
36908,35932,97652,"2026-08-06 20:14:12",9236,0,NULL,1,0,2812261f-7b17-437e-98da-630e98449d97
36909,35933,97653,"2026-08-06 20:14:50",9236,0,NULL,1,0,38b7785e-711a-4efd-9efc-9a11f85afa13
36910,35934,97654,"2026-08-06 20:16:36",9236,0,NULL,1,0,217e1b37-b975-4c65-8262-e38472cb8998
36911,35935,97655,"2026-08-06 20:17:26",9236,0,NULL,1,0,8aca3ec9-d067-4593-988c-9657dd02ac84
36912,35936,97656,"2026-08-06 20:17:59",9236,0,NULL,1,0,c4e77337-bf2a-44be-b780-1c22e1226078
36913,36699,97661,"2026-08-06 20:18:59",9236,0,NULL,1,0,1987a2f3-977b-4ce5-b597-da771c093018
36917,36700,97663,"2026-08-06 20:20:00",9236,0,NULL,1,0,36954ec5-7a34-4c79-905f-f7ecac70a3cc
36918,36701,97664,"2026-08-06 20:21:13",9236,0,NULL,1,0,10abd739-b40f-4a67-a6c9-d0da9ade0cac
36919,36715,97665,"2026-08-06 20:21:51",9236,0,NULL,1,0,1d6f71f0-be8e-410c-973d-dd9be7598233
36920,36716,97666,"2026-08-06 20:22:37",9236,0,NULL,1,0,9c8c4121-612e-4d6e-b4d1-bd65caf41c63
36921,36702,97667,"2026-08-06 20:23:10",9236,0,NULL,1,0,cd3775f1-3af4-4333-9cd0-7016baf76c98
36922,36698,97668,"2026-08-06 20:23:46",9236,0,NULL,0,1,ffcee2c6-36bd-4429-b16a-3f8080759b91
36923,36717,97669,"2026-08-06 20:24:41",9236,0,NULL,1,0,f56eee1b-2a70-4e7c-8a42-974c5d67297d
36924,35937,97670,"2026-08-06 20:26:27",9236,0,NULL,1,0,d9867fb4-25a2-424c-a648-5f45c15bb93f
36926,35938,97671,"2026-08-06 20:27:28",9236,0,NULL,1,0,54a22f75-e5c8-4dc4-ad72-30cb54176500
36929,35939,97672,"2026-08-06 20:28:15",9236,0,NULL,1,0,aa4a4763-5953-41f2-8522-09e7e4b3d810
36930,35940,97673,"2026-08-06 20:28:50",9236,0,NULL,1,0,2647931e-7335-497f-95bf-0a501ed42652
36931,35942,97674,"2026-08-06 20:29:19",9236,0,NULL,1,0,7154e4fb-e0c4-47d6-bb9f-4fcff6486e6d
36932,36703,97675,"2026-08-06 20:30:42",9236,0,NULL,1,0,775a6312-929a-487a-81d5-1c0e34c953bb
36933,36704,97676,"2026-08-06 20:31:18",9236,0,NULL,1,0,1f0c81f0-d629-4498-8f2a-ecb276d18021
36934,36705,97677,"2026-08-06 20:32:03",9236,0,NULL,1,0,a7ebcdf8-de28-44dc-96b9-8a29446dff32
36935,35941,97678,"2026-08-06 20:32:45",9236,0,NULL,1,0,c0e5e6df-2d39-4b6c-af6d-81bc828f0765
36936,35943,97679,"2026-08-06 20:34:39",9236,0,NULL,1,0,212ff249-29cb-43b1-90e8-22f9d622f85f
36937,36706,97680,"2026-08-06 20:35:27",9236,0,NULL,1,0,6748a326-4013-4dcc-96cb-c752a9412e97
36938,36707,97681,"2026-08-06 20:36:01",9236,0,NULL,1,0,4042e482-3c8b-4423-a414-197f9b4fe2dc
36939,36708,97682,"2026-08-06 20:36:35",9236,0,NULL,1,0,3e84f243-f2f0-45d7-b64c-4e606d8d100a
36940,36709,97683,"2026-08-06 20:37:40",9236,0,NULL,1,0,175db8ee-e7bd-40f9-b589-342efaf78e08
36941,36732,97684,"2026-08-06 20:38:34",9236,0,NULL,1,0,f98a3c74-f6c6-4d8f-8cf3-2e2506951991
36942,35482,97688,"2026-08-06 20:40:02",9236,0,NULL,1,0,0ef8f76d-5083-459e-bec9-a3cf13cfe154
36943,35481,97689,"2026-08-06 20:40:46",9236,0,NULL,0,1,0cd84ef4-676c-4f2e-b3d3-e314111ac5fc
36944,36781,97692,"2026-08-06 20:43:10",9236,0,NULL,1,0,976a50d7-62d1-4165-967e-e871a5c4f6f2
36945,36782,97693,"2026-08-06 20:44:57",9236,0,NULL,1,0,b823663b-d299-451e-bfe0-b9f9646c4cef
36946,34498,97694,"2026-08-06 20:45:59",9236,0,NULL,1,0,8332728e-4f94-4401-9f5b-569a82dbf4ff
36947,36783,97706,"2026-08-06 20:48:06",9236,0,NULL,1,0,03d5a548-16f9-46d0-a826-d814343cfd3c
36948,34504,97707,"2026-08-06 20:48:51",9236,0,NULL,1,0,a898d276-9bb6-439d-92e5-7e9e71792ecc
36949,36784,97715,"2026-08-06 20:51:38",9236,0,NULL,1,0,a4d976e9-f036-4d43-93d2-5fdea035f066
36950,35478,97752,"2026-08-06 20:52:26",9236,0,NULL,1,0,a828c41f-2e14-4b11-92e6-bf36d57c90c9
36951,35479,97753,"2026-08-06 20:52:59",9236,0,NULL,1,0,a1faa189-7826-405f-b425-4ec0a30651c0
36952,34514,97754,"2026-08-06 20:53:50",9236,0,NULL,0,1,144b7d20-e188-419b-aad3-7c501a80cbeb
36954,36785,97756,"2026-08-06 20:55:25",9236,0,NULL,1,0,d2b06d61-0a3f-47ac-a1b8-e71a4a141028
36955,36786,97757,"2026-08-06 20:56:18",9236,0,NULL,1,0,7dbd0446-6250-4468-aa27-e0150bbbd84e
36956,36787,97758,"2026-08-06 20:57:19",9236,0,NULL,1,0,505dcdb6-117c-47f6-8bb0-9748a267e4ee
36958,36788,97759,"2026-08-06 20:58:14",9236,0,NULL,1,0,0f646b2b-b980-4d28-b556-9fa9dd6daaa8
36959,36789,97760,"2026-08-06 20:58:58",9236,0,NULL,1,0,28c0936e-32de-42e6-a8d2-3f6678e6ed88
36960,36790,97761,"2026-08-06 20:59:37",9236,0,NULL,0,1,03ad5fb8-b479-4825-aaaa-1a37ab3f58bd
36961,34385,97762,"2026-08-06 21:00:19",9236,0,NULL,1,0,3f73bead-79d5-46d5-bb56-b00087f5ce0f
36963,34386,97763,"2026-08-06 21:02:29",9236,0,NULL,1,0,62edf51d-eb2d-459c-acc3-fea30c1397c3
36964,34387,97764,"2026-08-06 21:03:08",9236,0,NULL,1,0,4f2b3cf5-c3b7-4af8-9023-21d7e8e77595
36965,34388,97765,"2026-08-06 21:03:45",9236,0,NULL,1,0,aac8e23f-58ee-45ca-ace2-c11452c253a0
36966,34389,97766,"2026-08-06 21:04:20",9236,0,NULL,1,0,84315ac0-0f67-4e2a-9570-a948e9105c2a
36967,34390,97767,"2026-08-06 21:05:09",9236,0,NULL,1,0,d8f8dd58-52da-4c04-a254-7d0440c47e93
36968,34391,97768,"2026-08-06 21:05:58",9236,0,NULL,1,0,ce64b5d7-2b26-445d-b523-f62f59e9a190
36969,34392,97769,"2026-08-06 21:06:29",9236,0,NULL,1,0,00a097ad-2236-4b58-bf8c-2a91f03fd747
36971,35445,97770,"2026-08-06 21:07:31",9236,0,NULL,1,0,bbbb9ccc-0dc4-4ee2-a05f-d28ffd2bd31f
36972,34393,97790,"2026-08-06 21:08:22",9236,0,NULL,1,0,c11d0ac6-0c8d-41d3-810a-4874a1c2e10e
36973,34394,97791,"2026-08-06 21:09:19",9236,0,NULL,1,0,78398d60-05f2-4e0f-98e6-246147349000
36974,34395,97792,"2026-08-06 21:09:52",9236,0,NULL,1,0,ac2f5e1a-1949-44a6-8d5d-36b4b13c6b23
36975,34396,97793,"2026-08-06 21:10:26",9236,0,NULL,1,0,177d7bde-c1dc-46df-8a24-711df517b5ea
36976,34397,97794,"2026-08-06 21:11:47",9236,0,NULL,1,0,a325550a-2729-4899-9508-069d37e11b55
36977,34398,97795,"2026-08-06 21:13:37",9236,0,NULL,1,0,299acdb5-a521-4992-9d45-30d8f8a2ea0e
36978,34399,97796,"2026-08-06 21:14:23",9236,0,NULL,1,0,b4dd0065-5b76-44f6-9d84-0299ecdbd4cb
36979,34400,97797,"2026-08-06 21:15:10",9236,0,NULL,1,0,bd68eb37-f44e-42cb-83f7-402e58e67465
36980,34401,97798,"2026-08-06 21:16:03",9236,0,NULL,1,0,636b31bc-d427-450d-b2f1-d56b64ca842e
36981,34402,97803,"2026-08-06 21:17:07",9236,0,NULL,1,0,381f41f8-9820-4141-81ed-7eec11ca6cd2
36982,36990,98418,"2026-08-06 21:17:40",16222,0,NULL,0,1,41d23658-da5b-4340-bc18-aa1830ccd624
36983,34403,97838,"2026-08-06 21:18:58",9236,0,NULL,1,0,fa8db8a9-a63e-4592-bf59-331666b5035b
36984,36990,98441,"2026-08-06 21:20:06",16222,0,NULL,0,1,28969d50-dda3-421a-b071-5561167432a0
36985,34404,97840,"2026-08-06 21:20:12",9236,0,NULL,1,0,3b9b5d72-61e2-4390-bed6-0526df5b228e
36986,34405,97841,"2026-08-06 21:20:48",9236,0,NULL,1,0,ea6f0157-3b57-43c4-877a-a849e3a80dd2
36987,36990,98442,"2026-08-06 21:22:13",16222,0,NULL,1,0,c258e964-e71d-480b-b677-e000db50c031
36988,34379,97867,"2026-08-06 21:22:47",9236,0,NULL,1,0,f861a2b9-6349-4f7b-91a9-4995f2c5ecde
36989,34443,97869,"2026-08-06 21:24:05",9236,0,NULL,1,0,0a56cb39-cfaa-473f-a551-e81a4a45977c
36990,34435,97872,"2026-08-06 21:26:06",9236,0,NULL,1,0,aa3db28b-8a56-49be-9f36-732a019a6608
36991,34445,97873,"2026-08-06 21:26:37",9236,0,NULL,1,0,e2a234a1-d5ce-46e4-a1d1-955456cbdebf
36992,34448,97879,"2026-08-06 21:30:34",9236,0,NULL,1,0,f824689b-f3c1-4e20-bd5a-57c41f57b573
36993,34380,97882,"2026-08-06 21:32:10",9236,0,NULL,1,0,c6d69bd5-0314-49b1-af7e-6250b5708d04
36994,34406,97883,"2026-08-06 21:33:23",9236,0,NULL,1,0,6e55dec0-36d9-431b-bc43-be4aac47b65c
36995,34378,97884,"2026-08-06 21:34:14",9236,0,NULL,1,0,19bdff14-badc-430b-b169-b7ca5977d492
36996,34450,97885,"2026-08-06 21:35:56",9236,0,NULL,1,0,bfd5324a-bbc9-4583-b024-500177d9af18
36997,34440,97885,"2026-08-06 21:36:00",9236,0,NULL,1,0,55b392ba-fa92-44a4-8246-efdc7d49086c
37001,34451,97887,"2026-08-06 21:38:22",9236,0,NULL,1,0,2459d151-5b13-410b-a581-48e28db6c476
37002,36731,97890,"2026-08-06 21:50:12",9236,0,NULL,1,0,1bdd6e11-8267-42d4-a9c0-555cb8cf89f5
37003,36991,98446,"2026-08-06 21:51:27",16222,0,NULL,0,1,08cb57eb-b655-44fa-a262-8ed6f84269ec
37006,34932,97893,"2026-08-07 13:01:05",9236,0,NULL,1,0,3d0c1065-afc2-434e-81b1-de5210bf0a26
37007,34939,97894,"2026-08-07 13:02:34",9236,0,NULL,1,0,7f9952ef-f723-4128-bb03-b6b85426b7d3
37008,34952,97895,"2026-08-07 13:03:02",9236,0,NULL,1,0,342620c0-3f14-4b99-af51-02093aa67233
37009,34515,97896,"2026-08-07 13:05:18",9236,0,NULL,1,0,cc1b088d-3784-4561-8b2e-16956ad908f2
37010,34516,97896,"2026-08-07 13:05:21",9236,0,NULL,1,0,c813945c-c081-40b0-8814-d826bd2c01dc
37011,34517,97898,"2026-08-07 13:05:52",9236,0,NULL,1,0,f1bec0db-c3d7-480e-8418-73f87ee13bf7
37012,34954,97899,"2026-08-07 13:09:12",9236,0,NULL,1,0,b1d6fc01-f60e-4823-a3f4-ec4ea2eda471
37013,34998,97900,"2026-08-07 13:09:42",9236,0,NULL,1,0,9bddb133-6cdc-4aa3-aa45-ce6c531b2947
37014,35036,97901,"2026-08-07 13:10:07",9236,0,NULL,1,0,268f4cdf-1b09-43e8-b242-5e75dd301259
37015,34926,97902,"2026-08-07 13:11:25",9236,0,NULL,1,0,ddab4025-b16e-4006-9028-077edc28f277
37016,34940,97902,"2026-08-07 13:11:28",9236,0,NULL,1,0,83d3e773-25d4-469c-8447-9e3e4c8c76c2
37017,34944,97904,"2026-08-07 13:11:48",9236,0,NULL,1,0,10f4c550-97da-4fd1-b666-0df825f1bff9
37018,34933,97905,"2026-08-07 13:12:39",9236,0,NULL,1,0,6423ea22-8bb3-44f8-8218-1875cba83a63
37019,34937,97905,"2026-08-07 13:12:42",9236,0,NULL,1,0,d4d2a358-7f48-472d-8a79-5f950a1f2b78
37020,34949,97907,"2026-08-07 13:13:07",9236,0,NULL,1,0,4606ce86-2eb9-46df-a2d0-02e93ec44f77
37021,34934,97908,"2026-08-07 13:14:19",9236,0,NULL,1,0,050951e2-c6ba-434f-9973-5d15bc3de5fc
37022,34950,97908,"2026-08-07 13:14:23",9236,0,NULL,1,0,cbab16d5-4b83-4a05-8cc6-6554e3ff2564
37023,34938,97909,"2026-08-07 13:14:50",9236,0,NULL,1,0,1b40f486-8ebb-41cd-b70a-dc669b242316
37024,34452,97911,"2026-08-07 13:15:42",9236,0,NULL,1,0,fb4cb0c5-8844-43d5-ab1e-13eacce36eb5
37025,34955,97912,"2026-08-07 13:16:18",9236,0,NULL,1,0,4a4a48d3-b3a7-45f1-bb10-d5772a67a9e9
37026,34999,97913,"2026-08-07 13:16:43",9236,0,NULL,1,0,366792b7-f1ff-4a44-9755-1b377e712e63
37027,35037,97914,"2026-08-07 13:17:08",9236,0,NULL,1,0,f8f50296-33e3-4ef8-b201-daca93044af6
37028,34957,97920,"2026-08-07 13:19:38",9236,0,NULL,1,0,d5e74896-2f23-4a1f-a21d-b370963a691c
37029,35001,97920,"2026-08-07 13:19:41",9236,0,NULL,1,0,ef7c4a24-b9e9-48e2-8dde-4f752001f4d7
37030,35039,97922,"2026-08-07 13:20:04",9236,0,NULL,1,0,f6b3962e-84f4-4a19-8d94-f088eef57bcc
37031,34958,97923,"2026-08-07 13:21:02",9236,0,NULL,1,0,c56bac65-a6cd-4418-91c2-cf503d64e849
37032,35002,97924,"2026-08-07 13:21:30",9236,0,NULL,1,0,2aba439b-3428-47fa-8c43-dcd360531d35
37033,35040,97925,"2026-08-07 13:21:50",9236,0,NULL,1,0,267b475e-95f1-4c31-bee9-c2c760fda141
37034,34383,97926,"2026-08-07 13:23:01",9236,0,NULL,1,0,53ffb7be-d015-441a-b05e-789cab7eb10f
37035,36733,97927,"2026-08-07 13:23:41",9236,0,NULL,1,0,291f8c0f-44e3-4aa5-a52a-543f21e9590b
37036,34413,97928,"2026-08-07 13:24:29",9236,0,NULL,1,0,c0c86b6c-9491-431c-beee-1afacc13dac9
37037,34419,97929,"2026-08-07 13:25:20",9236,0,NULL,1,0,78848cd3-4130-4839-a4e7-c7ac79b9daff
37038,36791,97930,"2026-08-07 13:26:39",9236,0,NULL,1,0,114fb7c3-808a-4459-a74e-8f4c6476a848
37039,34690,97931,"2026-08-07 13:27:13",9236,0,NULL,0,1,0652b54e-5d0b-435c-9296-e0803f9eebac
37040,34691,97932,"2026-08-07 13:27:40",9236,0,NULL,1,0,a5030a64-881f-408b-b3f1-d432cb24265f
37041,34384,97934,"2026-08-07 13:28:21",9236,0,NULL,1,0,9c7a93e8-a121-4eca-b94d-82a5743fa940
37042,34960,97939,"2026-08-07 13:30:36",9236,0,NULL,1,0,6118857f-e5ca-476b-8d3a-60ad73e67a5c
37043,35004,97940,"2026-08-07 13:31:03",9236,0,NULL,1,0,40e0eecd-45a3-4f30-bf3f-7550a8f66491
37044,35042,97941,"2026-08-07 13:31:50",9236,0,NULL,1,0,5c98089c-b19f-4d2a-b60f-e6829e22a573
37045,35043,97942,"2026-08-07 13:32:49",9236,0,NULL,1,0,8e86af79-986a-40f7-9de5-af00c33eb43e
37046,34961,97942,"2026-08-07 13:32:52",9236,0,NULL,1,0,8333f3a0-703d-411d-ad92-34dc1679b88f
37047,35005,97942,"2026-08-07 13:32:56",9236,0,NULL,1,0,63c8d399-5a01-4a8f-bdca-79d6d8ffbb32
37048,35995,97945,"2026-08-07 13:34:27",9236,0,NULL,1,0,42d4820a-d929-45d2-b264-0dbfecc06922
37049,34962,97946,"2026-08-07 13:35:14",9236,0,NULL,1,0,c200a8a7-5e02-4ac6-89d8-a64dd5ef9564
37050,35006,97946,"2026-08-07 13:35:17",9236,0,NULL,1,0,860248c2-94c4-45ee-bae2-4d20823528e8
37051,35044,97948,"2026-08-07 13:35:39",9236,0,NULL,1,0,22307b15-3a6b-404b-9538-fd5072a7b7bc
37053,34963,97949,"2026-08-07 13:36:56",9236,0,NULL,1,0,0b8a44c3-80a6-4b04-a14c-5cada8d6cc77
37054,35007,97950,"2026-08-07 13:37:21",9236,0,NULL,1,0,7b21c618-12f5-468c-bc22-60ff874467f5
37055,35045,97951,"2026-08-07 13:37:45",9236,0,NULL,1,0,95347a00-921b-462d-b91f-3bf54461e842
37056,34964,97952,"2026-08-07 13:39:37",9236,0,NULL,1,0,d7a97973-c233-45d9-bc69-e4e4ecafd455
37057,35008,97953,"2026-08-07 13:40:00",9236,0,NULL,1,0,7de15157-9a96-4511-94a9-1ac6e2a2d79e
37058,35046,97954,"2026-08-07 13:40:22",9236,0,NULL,1,0,64ce4ece-4d77-46e2-b660-b01d942f764a
37059,34965,97955,"2026-08-07 13:41:01",9236,0,NULL,1,0,85e75cfd-a84c-43d4-8beb-c5ed07330f7f
37060,35009,97956,"2026-08-07 13:41:20",9236,0,NULL,1,0,cfcf4761-cd10-46e7-bc8e-e11f3ab711d4
37061,35047,97957,"2026-08-07 13:41:35",9236,0,NULL,1,0,395e506f-e111-4f97-8708-8c01e66ceca8
37062,34966,97958,"2026-08-07 13:42:33",9236,0,NULL,1,0,00fd8843-2638-486f-8ea2-6d0c233ec3d4
37063,35010,97958,"2026-08-07 13:42:36",9236,0,NULL,1,0,6c900fbf-76cb-4b1f-8747-27bea487985b
37064,35048,97960,"2026-08-07 13:42:56",9236,0,NULL,1,0,5d613716-187f-4dc8-8058-1bd9e16b259d
37065,35049,97963,"2026-08-07 13:43:53",9236,0,NULL,1,0,600e94ad-a866-4471-b384-4c96ce40b956
37066,34967,97963,"2026-08-07 13:43:58",9236,0,NULL,1,0,c9ffbafd-b0c3-48eb-9d0e-63e6fb495400
37067,35011,97962,"2026-08-07 13:44:21",9236,0,NULL,1,0,86d4e8d2-be6a-4680-8ac0-9ecede29cc68
37068,34968,97964,"2026-08-07 13:45:06",9236,0,NULL,1,0,5d272096-1b8f-471d-a840-4877856293d8
37069,35012,97965,"2026-08-07 13:45:35",9236,0,NULL,1,0,03933f58-350e-470a-8e00-e306ffb95e03
37070,35050,97966,"2026-08-07 13:45:53",9236,0,NULL,1,0,c75c90e0-d660-417e-8b6d-7a820a4fdb85
37071,34990,97967,"2026-08-07 13:47:09",9236,0,NULL,1,0,fcbb9157-724b-4b38-87b3-93fb28b2eaa6
37072,34997,97968,"2026-08-07 13:47:30",9236,0,NULL,1,0,d1e23b49-5164-41cb-80fe-4ed5ff975269
37073,35029,97969,"2026-08-07 13:47:49",9236,0,NULL,1,0,234130c6-e0f1-4466-871d-a647060cd034
37074,34969,97970,"2026-08-07 13:48:32",9236,0,NULL,1,0,773957c6-66fb-4055-9748-6c09a40abaca
37075,35013,97971,"2026-08-07 13:48:56",9236,0,NULL,1,0,92754ca9-7824-4633-ae1c-35038a0f3ac3
37076,35051,97972,"2026-08-07 13:49:19",9236,0,NULL,1,0,66c5b4d4-6f23-4ec5-8b37-2a0ff35920ed
37077,35052,97973,"2026-08-07 13:50:28",9236,0,NULL,1,0,883fe527-4797-40aa-9ad7-e25525aa2b20
37078,34970,97973,"2026-08-07 13:50:32",9236,0,NULL,1,0,69ccf186-b002-4ca1-a7ff-6afe4bf2cc23
37079,35014,97974,"2026-08-07 13:50:56",9236,0,NULL,1,0,f2c0dc46-cdf9-4f18-a5c4-16cdc43d98d1
37080,34945,97976,"2026-08-07 13:51:38",9236,0,NULL,1,0,f9490003-b2bc-4738-98d9-c5286675e4a1
37081,34927,97976,"2026-08-07 13:51:42",9236,0,NULL,1,0,04d9a0cb-80fd-4f7e-8898-77a128292bd0
37083,34941,97976,"2026-08-07 13:51:45",9236,0,NULL,1,0,2704a7b0-b4e6-453b-a45c-866c47f33c63
37084,34946,97979,"2026-08-07 13:53:05",9236,0,NULL,1,0,71150dcb-0ff6-47ec-9c1e-40f32f54b55f
37085,34928,97979,"2026-08-07 13:53:08",9236,0,NULL,1,0,d3f30689-62ac-4096-96f5-372e771df5d7
37086,34942,97979,"2026-08-07 13:53:11",9236,0,NULL,1,0,6fe3feec-fab4-4cd7-a66b-493d8247744a
37087,36734,97982,"2026-08-07 13:54:21",9236,0,NULL,1,0,3ea0230a-af64-4e69-8d15-3b21a08ee54d
37088,34971,97983,"2026-08-07 13:54:59",9236,0,NULL,1,0,399332a2-9980-495b-a3d9-8253b9764a50
37089,35015,97983,"2026-08-07 13:55:03",9236,0,NULL,1,0,45071ba8-1596-4c06-bef0-3cf4b310dbd8
37090,35053,97985,"2026-08-07 13:55:24",9236,0,NULL,1,0,b6108efe-a041-4faf-982a-6c3d0f55a46a
37092,34972,97986,"2026-08-07 13:56:20",9236,0,NULL,1,0,88449cd8-ce5d-4f09-b9df-fbe542ce5034
37093,35054,97986,"2026-08-07 13:56:23",9236,0,NULL,1,0,43c1e454-0733-4439-b42e-63c53b856f0b
37095,35016,97988,"2026-08-07 13:56:49",9236,0,NULL,1,0,80a4a2f0-a6eb-4205-8370-af61adc3389e
37096,35016,97987,"2026-08-07 13:57:32",9236,0,NULL,1,0,fca331fa-9990-4c92-ae4f-1770717d5c07
37097,35990,97989,"2026-08-07 13:58:35",9236,0,NULL,1,0,29342960-c77e-4f80-93b8-253de4e0c5e5
37098,34929,97990,"2026-08-07 13:59:17",9236,0,NULL,1,0,333cf19b-a6df-4589-b9ee-b8b40f6ad7bf
37099,34951,97990,"2026-08-07 13:59:21",9236,0,NULL,1,0,ad30e9c7-edff-4166-a111-a156dd1da8c5
37100,34943,97991,"2026-08-07 13:59:44",9236,0,NULL,1,0,d019826c-f445-4137-a4ec-c2d63af29abd
37102,34973,97995,"2026-08-07 14:01:30",9236,0,NULL,1,0,cb663ab7-1773-4e83-a00d-b5fbf90621cc
37103,35017,97995,"2026-08-07 14:01:33",9236,0,NULL,1,0,18956d31-e9ca-4b46-8f02-fa8c1283bd30
37104,35055,97997,"2026-08-07 14:01:55",9236,0,NULL,1,0,ff81785a-24f5-47cf-834c-db4bf433f5c6
37105,35991,97998,"2026-08-07 14:02:49",9236,0,NULL,1,0,f9490e0b-5273-4013-ad4a-66520cf74c62
37106,34974,97999,"2026-08-07 14:03:48",9236,0,NULL,1,0,cdd71a5a-70a7-4aaa-8db7-31e3b50cc22a
37107,35018,98000,"2026-08-07 14:04:16",9236,0,NULL,1,0,8b011ff4-5f1b-43bd-840d-9406a9c3a757
37108,35056,98001,"2026-08-07 14:04:34",9236,0,NULL,1,0,a994774b-7175-41f5-a486-22e5a6b36b6a
37109,34986,98002,"2026-08-07 14:05:33",9236,0,NULL,1,0,2546bc7f-788d-490d-9e53-e5d41814ac96
37110,34993,98002,"2026-08-07 14:05:36",9236,0,NULL,1,0,a81ccdfa-86df-4c32-9b06-97b209c482b6
37111,35032,98004,"2026-08-07 14:05:57",9236,0,NULL,1,0,4a64a629-0b1c-45ef-84bf-25a6d8a23614
37112,34987,98027,"2026-08-07 14:11:29",9236,0,NULL,1,0,0d748e01-d44d-4a9f-99ef-eb3ffa662531
37113,34987,98026,"2026-08-07 14:12:20",9236,0,NULL,1,0,f35fc3bf-0c32-4e4c-bea2-b7aa9e18a5ad
37114,35033,98027,"2026-08-07 14:12:59",9236,0,NULL,1,0,633bc694-07a7-422b-b0ab-87c04d87717f
37115,35057,98034,"2026-08-07 14:17:06",9236,0,NULL,1,0,a9c11434-a7e2-4ded-802c-41f68ad3a678
37116,34975,98034,"2026-08-07 14:17:10",9236,0,NULL,1,0,e9ac2d29-56af-42eb-a36b-a2d0cb7e3f77
37117,35019,98034,"2026-08-07 14:17:15",9236,0,NULL,1,0,945ea08a-7330-4dae-854b-357c34554688
37118,35058,98037,"2026-08-07 14:19:13",9236,0,NULL,1,0,97333cdc-3871-43df-9944-336cf82b7711
37119,34976,98037,"2026-08-07 14:19:16",9236,0,NULL,1,0,c921b3eb-49e8-4fbf-ab08-63113f4f8c21
37120,35020,98038,"2026-08-07 14:19:42",9236,0,NULL,1,0,e830294e-9990-4bfb-a69b-1f80553bba7b
37121,34977,98040,"2026-08-07 14:20:30",9236,0,NULL,1,0,5e4d29de-eb3a-432c-beae-a640af4281b8
37122,35021,98041,"2026-08-07 14:20:54",9236,0,NULL,1,0,357a859f-5e4c-4a07-a66e-47751eb1bfe9
37123,35059,98042,"2026-08-07 14:21:17",9236,0,NULL,1,0,a0009171-c86d-4740-9b76-53045f4f4736
37124,34978,98043,"2026-08-07 14:21:55",9236,0,NULL,1,0,8a96c19f-8402-4dbd-8f63-4b86f6795b23
37125,35022,98044,"2026-08-07 14:22:16",9236,0,NULL,1,0,79cd844b-b9ac-4fd0-a1d3-9bf12049b4a9
37126,35060,98045,"2026-08-07 14:22:40",9236,0,NULL,1,0,a437dc9b-01ae-48cb-b86c-ab7288b68c76
37127,34988,98046,"2026-08-07 14:23:26",9236,0,NULL,1,0,6e5653d0-d14a-4386-a08c-97876c6e6072
37128,35034,98047,"2026-08-07 14:23:48",9236,0,NULL,1,0,b6e5e209-8645-4cf7-8f35-080cbac1d4b2
37129,34989,98048,"2026-08-07 14:24:41",9236,0,NULL,1,0,86350a1e-4e0a-4a1e-97a3-7550fe2fa122
37130,35035,98049,"2026-08-07 14:25:03",9236,0,NULL,1,0,175858dc-2e1e-4408-b840-b1d36f17c810
37131,34947,98052,"2026-08-07 14:26:39",9236,0,NULL,1,0,85359395-51e1-4bdd-b42b-5cd3372a9cb3
37132,34930,98052,"2026-08-07 14:26:42",9236,0,NULL,1,0,c5f32b7b-c4e3-4b95-bdf7-1b875329d939
37133,34935,98052,"2026-08-07 14:26:45",9236,0,NULL,1,0,242c458d-7b48-4556-a042-26f577857f12
37134,35061,98057,"2026-08-07 14:27:44",9236,0,NULL,1,0,2b00aaf4-fb0c-4d80-bbb8-81ebce502cba
37135,36864,98091,"2026-08-07 14:29:19",9236,0,NULL,1,0,5b1fa4bf-814b-4f0a-b81a-4fa6e1513eeb
37136,36792,98091,"2026-08-07 14:29:23",9236,0,NULL,1,0,0ac8c2bd-3511-4978-b676-f52312753fe8
37137,36865,98092,"2026-08-07 14:31:47",9236,0,NULL,1,0,0381b04c-b6d5-41d5-a0cb-b28f4dbb0a8c
37138,36793,98092,"2026-08-07 14:31:50",9236,0,NULL,1,0,5891dd2e-d183-4c80-b17b-29bca27c3500
37139,36866,98093,"2026-08-07 14:32:21",9236,0,NULL,1,0,d6db2d63-d0c7-4326-913c-748b0b3ed483
37140,36794,98093,"2026-08-07 14:32:24",9236,0,NULL,1,0,1dc68334-1e01-4ca8-8cc1-6f311f67c328
37141,36867,98094,"2026-08-07 14:32:47",9236,0,NULL,1,0,14360f36-115f-4e94-959c-1ab24ca65257
37142,36795,98094,"2026-08-07 14:32:49",9236,0,NULL,1,0,4496504e-78fd-4416-aa7d-cf2ee4c81e37
37143,36868,98095,"2026-08-07 14:33:23",9236,0,NULL,1,0,b5894738-9790-4767-b462-a480a120706a
37144,36796,98095,"2026-08-07 14:33:26",9236,0,NULL,1,0,7a240b3c-011b-4746-81e2-04fadab8276e
37145,36869,98096,"2026-08-07 14:34:07",9236,0,NULL,1,0,5ac25362-8f14-4ab3-b88b-b40ae4840b24
37146,36797,98096,"2026-08-07 14:34:10",9236,0,NULL,1,0,f665dee1-0cfc-4715-b18b-9be807bf7050
37148,36870,98097,"2026-08-07 14:35:06",9236,0,NULL,1,0,58d7daa3-f15b-4e36-9183-00b674231943
37149,36798,98097,"2026-08-07 14:35:09",9236,0,NULL,1,0,49e95db1-e682-4b9c-8152-b27540e2509d
37150,36871,98098,"2026-08-07 14:35:56",9236,0,NULL,1,0,e6e2db0a-e4e2-4dcb-b97b-3e968f06ece7
37151,36799,98098,"2026-08-07 14:36:00",9236,0,NULL,1,0,ac4b8709-09fa-414a-ae28-a186228253fd
37152,36872,98099,"2026-08-07 14:42:15",9236,0,NULL,1,0,cbee2203-b04a-46d1-9ee6-afe1fa809111
37153,36800,98099,"2026-08-07 14:42:19",9236,0,NULL,1,0,227d13b3-88b3-4f5e-b3e5-f5fb5de807bb
37154,36873,98100,"2026-08-07 14:44:11",9236,0,NULL,1,0,fea9c026-7dd5-431d-9470-d5104bbbb4a6
37155,36801,98100,"2026-08-07 14:44:14",9236,0,NULL,1,0,83edb462-071a-4256-b3e0-a1e74481b9d5
37157,36874,98101,"2026-08-07 14:45:59",9236,0,NULL,1,0,1ea798eb-86a9-4e1e-954b-dfb0edf0389b
37158,36802,98101,"2026-08-07 14:46:02",9236,0,NULL,1,0,b6e0163c-c379-4c31-9c66-30e4669e1876
37159,36875,98102,"2026-08-07 14:48:44",9236,0,NULL,1,0,506cfee0-1f62-407d-9199-09d6eb01eb8d
37160,36803,98102,"2026-08-07 14:48:47",9236,0,NULL,1,0,dbe63915-a370-441c-93a6-e00fa3779b7a
37161,36876,98103,"2026-08-07 14:49:11",9236,0,NULL,1,0,3e8317c9-9f70-4940-9b35-82ee996033f5
37162,36804,98103,"2026-08-07 14:49:16",9236,0,NULL,1,0,1950a02c-a744-4af3-bee6-649a20bf0151
37163,36877,98104,"2026-08-07 14:50:06",9236,0,NULL,1,0,5cd0d8e2-f186-4bd9-9e95-223071f5e11c
37164,36805,98104,"2026-08-07 14:50:09",9236,0,NULL,1,0,58f76c3f-5a9f-4676-a230-7dd87d755fa2
37165,36878,98105,"2026-08-07 14:50:45",9236,0,NULL,1,0,27f2e181-5ff6-4fb2-9824-6569cc782e13
37166,36806,98105,"2026-08-07 14:50:48",9236,0,NULL,1,0,ebff6758-d8bb-408c-b2e1-d8062191013d
37167,36879,98106,"2026-08-07 14:51:33",9236,0,NULL,1,0,737f5e59-bd2b-4605-ab36-f611790a0745
37168,36807,98106,"2026-08-07 14:51:35",9236,0,NULL,1,0,65229896-5dd7-4de9-9601-0a774b4b4370
37169,36880,98107,"2026-08-07 14:52:05",9236,0,NULL,1,0,bfe43111-b2cc-43cd-8cbf-fa3dc7896c73
37170,36808,98107,"2026-08-07 14:52:08",9236,0,NULL,1,0,36731944-b8b0-47f5-9f23-5c250153efb9
37171,36881,98108,"2026-08-07 14:52:43",9236,0,NULL,1,0,e2f68ecb-1ff8-452b-80c1-59ce6541711e
37172,36809,98108,"2026-08-07 14:52:47",9236,0,NULL,1,0,d0c8bd8a-26d8-4224-8556-95a6c057e434
37173,36882,98109,"2026-08-07 14:53:36",9236,0,NULL,1,0,c886b211-0a94-41cc-bfab-9531faf00877
37174,36810,98109,"2026-08-07 14:53:39",9236,0,NULL,1,0,71fcae1d-fbc6-406f-a3e8-7e0c9afc0e04
37175,36883,98110,"2026-08-07 14:54:07",9236,0,NULL,1,0,e0981329-6f52-4961-908e-515be970d009
37176,36811,98110,"2026-08-07 14:54:10",9236,0,NULL,1,0,e5d9bb04-85e4-451d-b33f-cd4b90404dfb
37177,36884,98111,"2026-08-07 14:54:34",9236,0,NULL,1,0,a5011081-ad7a-4420-af4a-e5ae64862a7a
37178,36812,98111,"2026-08-07 14:54:37",9236,0,NULL,1,0,b7de08cf-3ec9-463c-b8e7-b993798d4512
37179,36885,98112,"2026-08-07 14:55:06",9236,0,NULL,1,0,c30628e6-3f74-44ab-bad9-2cbb7ce65588
37180,36813,98112,"2026-08-07 14:55:10",9236,0,NULL,1,0,fc051a37-75da-4ac2-b00d-b8311ef38c05
37181,36886,98113,"2026-08-07 14:55:44",9236,0,NULL,1,0,d40a2a7a-7aea-464a-a105-1396f78982b6
37182,36814,98113,"2026-08-07 14:55:47",9236,0,NULL,1,0,427d163b-0d8d-487d-a526-f9c3d6db76fd
37183,36887,98114,"2026-08-07 14:56:15",9236,0,NULL,1,0,950297d2-4d69-4c10-9c21-d28a149ca490
37184,36815,98114,"2026-08-07 14:56:18",9236,0,NULL,1,0,702c97e0-1cbb-4a46-843f-024d8c0b05d8
37185,36888,98115,"2026-08-07 14:56:48",9236,0,NULL,1,0,fbcf94dd-2a75-4221-88e2-51079dcbe6fe
37186,36816,98115,"2026-08-07 14:56:51",9236,0,NULL,1,0,543ec682-b5b3-47ec-baa8-c4ab5fda44f7
37187,36889,98116,"2026-08-07 14:57:38",9236,0,NULL,1,0,99a78f17-5564-4feb-bf51-6baabb0a8b84
37188,36817,98116,"2026-08-07 14:57:41",9236,0,NULL,1,0,4e810776-0c71-4388-bdfa-652d055aa05d
37189,36890,98117,"2026-08-07 14:58:21",9236,0,NULL,1,0,55b5a2b2-3b61-41b8-bbc8-57bc6c0a2f3f
37190,36818,98117,"2026-08-07 14:58:24",9236,0,NULL,1,0,8f0524ce-6538-4167-b797-3ccbf9f3d3dd
37191,36892,98118,"2026-08-07 14:58:54",9236,0,NULL,1,0,e3711b93-5acc-48ad-b2ae-3dd9093dd0ad
37192,36819,98118,"2026-08-07 14:58:57",9236,0,NULL,1,0,374d44c4-cb71-4d4b-8b03-6b4dd84cead7
37193,36891,98119,"2026-08-07 14:59:24",9236,0,NULL,1,0,c5cc0aa3-c89f-4e11-a0ca-907d95dbd60c
37194,36820,98119,"2026-08-07 14:59:26",9236,0,NULL,1,0,d258e5f5-47fc-4f7c-8954-c08217d957c3
37195,36893,98120,"2026-08-07 15:00:02",9236,0,NULL,1,0,20de0070-d314-4777-90dc-5af94f9e92ca
37196,36821,98120,"2026-08-07 15:00:06",9236,0,NULL,1,0,cc8b2c5d-515a-450f-892c-23376cf8ff38
37198,36894,98121,"2026-08-07 15:01:56",9236,0,NULL,1,0,7b1309f8-44af-45b4-a156-d2b7b71ff9f8
37199,36822,98121,"2026-08-07 15:01:59",9236,0,NULL,1,0,bb4fc4c1-6a12-4669-8fc2-cbe104ceb1bf
37201,36895,98122,"2026-08-07 15:02:38",9236,0,NULL,1,0,3e09b731-bf03-4b8f-ab42-8f698a741959
37202,36823,98122,"2026-08-07 15:02:41",9236,0,NULL,1,0,4ef0bb69-045f-4521-b07f-8e569d37ef15
37203,36896,98123,"2026-08-07 15:03:10",9236,0,NULL,1,0,239a5cc2-5d80-40ee-92b8-fc300eded4d3
37204,36824,98123,"2026-08-07 15:03:13",9236,0,NULL,1,0,74e91eba-a73d-457a-8ac8-265b7b55754d
37205,36897,98124,"2026-08-07 15:04:19",9236,0,NULL,1,0,899dab8a-42a7-4499-9860-8b4da2bdf816
37206,36825,98124,"2026-08-07 15:04:22",9236,0,NULL,1,0,b0c5123f-922d-4b33-b92d-cfd2cfde7466
37207,36898,98125,"2026-08-07 15:04:49",9236,0,NULL,1,0,a994be40-09bd-428e-89e0-3ccbfc5d9469
37208,36826,98125,"2026-08-07 15:04:53",9236,0,NULL,1,0,4cbcf35d-9742-4de4-b96e-98224f768b2f
37209,36899,98126,"2026-08-07 15:05:28",9236,0,NULL,1,0,cfce151e-e100-4ade-86fa-777cff3fdecf
37210,36827,98126,"2026-08-07 15:05:32",9236,0,NULL,1,0,f92254f8-e8a1-4a37-a3ac-512e5e0e5bbf
37211,36900,98127,"2026-08-07 15:06:35",9236,0,NULL,1,0,f1f17085-fe6e-4623-86a4-2442e676ce35
37212,36828,98127,"2026-08-07 15:06:38",9236,0,NULL,1,0,5d05440e-92a4-405c-9de0-f76f95d0f078
37213,36902,98129,"2026-08-07 15:07:04",9236,0,NULL,1,0,ee8585c3-13ad-4e04-b786-a295c0b348e4
37214,36830,98129,"2026-08-07 15:07:07",9236,0,NULL,1,0,53e7c52f-b592-4fdd-bb96-fc8b90471187
37216,36903,98130,"2026-08-07 15:07:37",9236,0,NULL,1,0,9458d5d0-6154-4fdd-a13b-35cc2e49cbdd
37217,36831,98130,"2026-08-07 15:07:39",9236,0,NULL,1,0,ced70a13-cda6-4c46-9d92-b4b39e4e1302
37218,36904,98131,"2026-08-07 15:08:06",9236,0,NULL,1,0,92907bbf-1852-4726-a9fe-8886094ac51b
37219,36832,98131,"2026-08-07 15:08:10",9236,0,NULL,1,0,46b94d0b-b214-4f70-a5bd-a0df5fe4b694
37220,36905,98132,"2026-08-07 15:08:41",9236,0,NULL,1,0,20ec7606-1cdf-421c-8307-0f8cab0491e0
37221,36833,98132,"2026-08-07 15:08:44",9236,0,NULL,1,0,d36d97dd-f9cb-48c7-8c1b-0b87af428b84
37222,36906,98133,"2026-08-07 15:09:13",9236,0,NULL,1,0,13fc2920-2c19-47da-8c00-23f938006748
37223,36834,98133,"2026-08-07 15:09:16",9236,0,NULL,1,0,9cdbded5-031c-4770-8d21-238cd1d2d445
37224,36907,98134,"2026-08-07 15:09:55",9236,0,NULL,1,0,05da70f8-1b82-4361-91f3-02ea04167663
37225,36835,98134,"2026-08-07 15:09:58",9236,0,NULL,1,0,2d2de6cb-6e8b-4692-98f7-eb140507b551
37226,36908,98135,"2026-08-07 15:10:24",9236,0,NULL,1,0,ba96f0cd-f76f-4906-8d82-4ff205a4ee38
37227,36836,98135,"2026-08-07 15:10:28",9236,0,NULL,1,0,32651c07-1c38-47a8-b93b-38f9b3bd7420
37228,36909,98136,"2026-08-07 15:11:02",9236,0,NULL,1,0,57ae12e7-db30-4347-b593-d9065b3a41a9
37229,36837,98136,"2026-08-07 15:11:06",9236,0,NULL,1,0,fd3262c6-6b11-4bdb-ad05-57e124460986
37230,36910,98137,"2026-08-07 15:11:28",9236,0,NULL,1,0,3b55041b-207d-49ca-840a-6b6639b337d4
37231,36838,98137,"2026-08-07 15:11:32",9236,0,NULL,1,0,091f1b2f-8949-46b9-8a16-6704de2e1472
37232,36911,98138,"2026-08-07 15:11:58",9236,0,NULL,1,0,6845bad0-7b24-4de2-9d46-d598c1e0fb79
37233,36839,98138,"2026-08-07 15:12:01",9236,0,NULL,1,0,68e7b951-393b-452d-9297-b93ebf171467
37234,36912,98139,"2026-08-07 15:12:42",9236,0,NULL,1,0,10e13485-c85a-4c58-80fb-dbc24e6d68f7
37235,36840,98139,"2026-08-07 15:12:45",9236,0,NULL,1,0,ccc25f3a-1720-40b6-aa4d-ee91e7f47304
37236,36913,98140,"2026-08-07 15:13:09",9236,0,NULL,1,0,31a8f3a8-d5e3-4571-a25e-b1f34887f6fb
37237,36841,98140,"2026-08-07 15:13:12",9236,0,NULL,1,0,1ace2979-4582-4f41-a18a-6ba307a9ce20
37238,36914,98141,"2026-08-07 15:13:59",9236,0,NULL,1,0,2779971b-2f1d-46ee-8f82-01558b7078e3
37239,36842,98141,"2026-08-07 15:14:02",9236,0,NULL,1,0,6eade035-0ca8-422f-92e6-ab585880d632
37240,36915,98142,"2026-08-07 15:14:28",9236,0,NULL,1,0,eac86b2b-3b67-4d5d-97dd-f372c11a3b6e
37241,36843,98142,"2026-08-07 15:14:31",9236,0,NULL,1,0,3c0ec5dc-83bf-4478-b463-45f6c93c8361
37242,36916,98143,"2026-08-07 15:15:07",9236,0,NULL,1,0,e9868b4b-42e9-4882-a475-dee721a6b871
37243,36844,98143,"2026-08-07 15:15:10",9236,0,NULL,1,0,db28e17e-b221-4ea3-943e-56d7849d831e
37244,36917,98144,"2026-08-07 15:15:52",9236,0,NULL,1,0,b0c7611b-fde7-4867-8b51-a8fbe8b69567
37245,36845,98144,"2026-08-07 15:15:56",9236,0,NULL,1,0,58122fde-18db-4909-8666-025bc30bedb3
37246,36918,98145,"2026-08-07 15:16:29",9236,0,NULL,1,0,f7a1579f-9a59-4529-8c98-5a98cf2db9e7
37247,36846,98145,"2026-08-07 15:16:32",9236,0,NULL,1,0,7765aed7-f7f4-4c4f-bf0a-ba7a1300cd99
37248,36919,98146,"2026-08-07 15:17:02",9236,0,NULL,1,0,19ccb93e-9559-4bbd-bf41-8d8dc0f30277
37249,36847,98146,"2026-08-07 15:17:06",9236,0,NULL,1,0,b2ae8665-3a86-41d9-baa0-00f335f44f8c
37250,36920,98147,"2026-08-07 15:17:36",9236,0,NULL,1,0,27d13c70-dee7-4d2c-9195-f9eb661a9b54
37251,36848,98147,"2026-08-07 15:17:39",9236,0,NULL,1,0,ef7ee83f-0d22-49be-a47b-cc11cbb75dc9
37252,36921,98148,"2026-08-07 15:18:07",9236,0,NULL,1,0,f8c5c3cc-157f-4187-8035-61c2ac68c96b
37253,36849,98148,"2026-08-07 15:18:10",9236,0,NULL,1,0,18620ed8-d594-4989-a013-dd3a3ec48d87
37254,36922,98149,"2026-08-07 15:18:59",9236,0,NULL,1,0,f6b03c94-3601-47a3-a81c-3bcca5ff445a
37255,36850,98149,"2026-08-07 15:19:02",9236,0,NULL,1,0,6f5120a0-0579-40a2-9a01-3ee0f763dd0f
37256,36923,98150,"2026-08-07 15:19:37",9236,0,NULL,1,0,d0fa86a9-7c40-4f55-b698-ea717c7daf8f
37257,36851,98150,"2026-08-07 15:19:40",9236,0,NULL,1,0,2ee80ca8-737f-4817-abb8-7db547c6ea52
37258,36924,98151,"2026-08-07 15:20:09",9236,0,NULL,1,0,afd2e583-6fc4-408b-8496-c581162008c4
37259,36852,98151,"2026-08-07 15:20:14",9236,0,NULL,1,0,8908a2a8-ab7c-4fd6-a2e9-53d071a81228
37260,36925,98152,"2026-08-07 15:20:42",9236,0,NULL,1,0,d9bb7c22-6195-4c82-9328-ae4a92145b87
37261,36853,98152,"2026-08-07 15:20:45",9236,0,NULL,1,0,3c56e275-9c46-4999-8034-865a819ba275
37262,36926,98153,"2026-08-07 15:21:16",9236,0,NULL,1,0,6a0f59bd-e80f-43cf-960f-c60b6145b79d
37263,36854,98153,"2026-08-07 15:21:19",9236,0,NULL,1,0,49469e2e-2d0c-4f8a-b2f3-126d8f0b1acd
37264,36927,98154,"2026-08-07 15:21:50",9236,0,NULL,1,0,84b4552f-c914-4991-9ed7-c27f2463aade
37265,36855,98154,"2026-08-07 15:21:53",9236,0,NULL,1,0,9f1e8c72-6b68-400c-889f-3c6752910dee
37266,36928,98155,"2026-08-07 15:22:27",9236,0,NULL,1,0,224beecc-5a63-405f-9d2c-4b78c1a362b3
37267,36856,98155,"2026-08-07 15:22:30",9236,0,NULL,1,0,49ac90cb-d787-4278-b8ea-e886bd44805f
37268,36929,98156,"2026-08-07 15:22:57",9236,0,NULL,1,0,10148278-9c44-4907-a25e-0913dac8570b
37269,36857,98156,"2026-08-07 15:23:00",9236,0,NULL,1,0,31302599-e94c-4088-8064-e4e288a6a526
37270,36930,98157,"2026-08-07 15:23:26",9236,0,NULL,1,0,57bfe0e7-02fd-4143-90b8-6c8a61680952
37271,36858,98157,"2026-08-07 15:23:29",9236,0,NULL,1,0,c953ef5a-33df-4bb4-90de-4e60498096e1
37272,36931,98158,"2026-08-07 15:23:57",9236,0,NULL,1,0,857419c0-73e8-45cd-9e37-57ebc970e2dd
37273,36859,98158,"2026-08-07 15:24:00",9236,0,NULL,1,0,5222368f-20fb-4e4f-b1f1-c1771e4c834f
37274,36932,98159,"2026-08-07 15:25:11",9236,0,NULL,1,0,c096ee31-14e6-4326-ae06-b285a47e4b11
37275,36860,98159,"2026-08-07 15:25:14",9236,0,NULL,1,0,af4ef3c3-e3b6-4ac0-9499-c34b7812bca4
37276,36933,98160,"2026-08-07 15:25:42",9236,0,NULL,1,0,fe4ca9aa-0836-42a8-9499-950562249725
37277,36861,98160,"2026-08-07 15:25:44",9236,0,NULL,1,0,1416c8d7-7f56-482e-a4b1-53a738a7ef89
37278,36934,98161,"2026-08-07 15:26:12",9236,0,NULL,1,0,4d0570ab-b242-4851-beb4-c837891460b9
37279,36862,98161,"2026-08-07 15:26:15",9236,0,NULL,1,0,177501e6-7ac8-4f5d-9dbb-18ee2fbe1fd3
37280,36935,98162,"2026-08-07 15:26:40",9236,0,NULL,1,0,3080528e-5790-4398-85e0-b35b55c220eb
37281,36863,98162,"2026-08-07 15:26:42",9236,0,NULL,1,0,be1b9bd4-f9f4-4e55-a2be-97fdd7a19d1e
37282,36671,98170,"2026-08-07 15:29:31",9236,0,NULL,0,1,399cb328-b167-43dd-8922-6cb6c55767d2
37283,36936,98175,"2026-08-07 15:30:58",9236,0,NULL,1,0,186b850c-1399-43ed-947b-222e94fa5bdc
37284,34854,98176,"2026-08-07 15:31:42",9236,0,NULL,1,0,026b54b8-3062-4754-89f1-e57468376998
37285,34857,98176,"2026-08-07 15:31:45",9236,0,NULL,1,0,29455eb2-196a-4ba5-a422-1fd099ff5f14
37286,34851,98176,"2026-08-07 15:31:48",9236,0,NULL,1,0,04147937-f489-414d-9567-bbdbec79f4a0
37287,35266,98179,"2026-08-07 15:32:53",9236,0,NULL,1,0,dfe18e70-8a04-47cc-b758-e5dd9bafc898
37288,35263,98180,"2026-08-07 15:33:39",9236,0,NULL,1,0,19b50069-108a-4b91-a3ca-a6a8d1627589
37289,34855,98181,"2026-08-07 15:34:32",9236,0,NULL,1,0,5209c9c0-b564-406b-a7a4-41420f4a67c5
37290,34858,98181,"2026-08-07 15:34:35",9236,0,NULL,1,0,dbb434f4-21f5-48b9-b0ce-2d77dd43de04
37291,34852,98181,"2026-08-07 15:34:38",9236,0,NULL,1,0,6ea0b975-a06a-46ba-8a51-5c7b775a54e9
37292,34432,98184,"2026-08-07 15:35:59",9236,0,NULL,1,0,25be8b38-8e35-4dca-b89b-3db8f5de5a1d
37293,34431,98184,"2026-08-07 15:36:04",9236,0,NULL,1,0,3e6f8cc2-2d3f-49bf-9333-4e4aa4db57f4
37307,35069,96737,"2026-08-07 18:32:08",9236,0,NULL,1,0,fddb2efb-f5f1-45f3-8eb2-2aa277b90025
37308,35067,96737,"2026-08-07 18:32:11",9236,0,NULL,1,0,750d4c11-46b4-4d38-95ec-dc50fdab2de7
37317,35072,96733,"2026-08-07 19:38:06",9236,0,NULL,1,0,8abe5f5e-e327-4073-973f-e08e50cbf52a
37333,34836,98567,"2026-08-08 18:07:46",16222,0,NULL,1,0,e7f6c7f5-a1fd-4468-b596-28f9b7ac3330
37334,34733,98567,"2026-08-08 18:07:52",16222,0,NULL,1,0,e95797ad-67f7-4097-ad7e-583f16bb63b9
37335,34784,98567,"2026-08-08 18:07:57",16222,0,NULL,1,0,6bdb3362-27e8-4dc7-b199-173fefdb069e
37350,34523,98014,"2026-08-10 13:14:00",9236,0,NULL,1,0,403d084c-837d-4fd3-a6aa-0f06cfb33cda
37351,34545,98014,"2026-08-10 13:14:03",9236,0,NULL,1,0,2d0e20c0-b258-4538-bd1e-708644595f37
37352,34534,98015,"2026-08-10 13:14:34",9236,0,NULL,0,1,a77f2ec1-d731-4933-9948-56169b8c4da5
37353,34524,98017,"2026-08-10 13:19:30",9236,0,NULL,1,0,88905546-75ca-4b75-88d0-848cacda9a12
37354,34546,98019,"2026-08-10 13:19:59",9236,0,NULL,1,0,110edbd1-9278-4325-87c4-2bfebf5ee1af
37355,34525,98020,"2026-08-10 13:49:53",9236,0,NULL,1,0,3c307b61-cb04-4fbf-8a2a-6958228319e3
37356,34547,98020,"2026-08-10 13:49:57",9236,0,NULL,1,0,2b318438-18f3-4256-8d66-b43f45b374cb
37357,34526,98023,"2026-08-10 13:55:45",9236,0,NULL,1,0,13029e80-399c-427b-96d6-2560d31192fe
37358,34548,98023,"2026-08-10 13:55:49",9236,0,NULL,1,0,4eaacad6-5022-43a9-99fa-79a124fa948f
37359,35996,98050,"2026-08-10 14:13:24",9236,0,NULL,1,0,cdb70001-cad6-4120-9614-3b08fdd04d30
37360,35041,97935,"2026-08-10 14:17:18",9236,0,NULL,1,0,615a927e-e8c2-4d01-8db7-2f58baa23f9c
37361,34959,97935,"2026-08-10 14:17:21",9236,0,NULL,1,0,f6656cec-f1b3-46db-95ce-53b6c84fa1d2
37362,35003,97935,"2026-08-10 14:17:24",9236,0,NULL,1,0,74f843e0-0f52-4f90-998b-0b626ae8e70d
37376,34605,96741,"2026-08-10 15:18:59",9236,0,NULL,1,0,8a094c1f-f55e-4155-bbfc-41eb0eb53a9c
37377,34608,96741,"2026-08-10 15:19:02",9236,0,NULL,1,0,ac39d367-5681-49c6-b677-5d584ea40ade
37381,36588,98174,"2026-08-10 16:09:29",1288,0,NULL,1,0,6ae49c82-5e55-4c48-bdc4-dbf1af663827
37382,36523,97608,"2026-08-10 16:09:47",9236,0,NULL,1,0,e4051b1b-3f43-448c-a29c-12354b707774
37383,36584,97608,"2026-08-10 16:09:51",9236,0,NULL,1,0,7173ea8f-35a0-4588-8de5-dc17f5b8b48e
37384,36601,98174,"2026-08-10 16:09:57",1288,0,NULL,1,0,89ba06ed-40f3-47d8-bec7-e5c600d2f4c6
37385,36568,97609,"2026-08-10 16:11:39",9236,0,NULL,1,0,e2d58b9b-28f8-4986-b602-1b79135fc77b
37386,36587,98163,"2026-08-10 16:11:42",1288,0,NULL,1,0,d2fc8ffc-68e2-40f8-8485-4df3e15ca2cb
37387,36547,98163,"2026-08-10 16:11:46",1288,0,NULL,1,0,ebfb82cb-9263-44f5-9af6-e2db88f246ad
37388,36666,98163,"2026-08-10 16:11:50",1288,0,NULL,1,0,30423da6-61ed-467d-b2fe-6e6531a6a2ba
37389,36606,98163,"2026-08-10 16:11:54",1288,0,NULL,1,0,111fed01-08d9-4e79-9c21-2ba6dc761833
37390,36584,97609,"2026-08-10 16:11:58",9236,0,NULL,0,1,f86f684c-90dd-4a78-8f36-4cd8d0b6c602
37391,36582,98163,"2026-08-10 16:11:58",1288,0,NULL,1,0,ef2a53a2-b3cc-4b18-83cc-47fdfbdf5cb0
37392,36670,98163,"2026-08-10 16:12:03",1288,0,NULL,1,0,0407e198-6a72-4b03-9ddf-c7bc8ff903d4
37393,36600,97608,"2026-08-10 16:13:16",9236,0,NULL,1,0,cbc53653-a07d-467b-8217-0854878fe754
37394,36568,97608,"2026-08-10 16:13:21",9236,0,NULL,1,0,f142adc3-31f3-4a9d-bfb6-19933c6e379d
37395,36669,97610,"2026-08-10 16:14:15",9236,0,NULL,1,0,8981829c-4893-41dd-90eb-f71d23fea8e8
37396,36662,97610,"2026-08-10 16:14:26",9236,0,NULL,1,0,95abe96f-76f2-4913-9c17-b0ebf79a9e28
37397,35030,98078,"2026-08-10 16:14:29",1288,0,NULL,1,0,ca76c1ba-9e39-4eb1-8fc6-6f602c8fd7fc
37398,34550,98075,"2026-08-10 16:15:33",1288,0,NULL,1,0,8c611eb6-a11e-4dbf-9d93-49849e457143
37399,36673,97614,"2026-08-10 16:15:34",9236,0,NULL,1,0,101c823b-793e-4b0c-a8b3-fcf85d5592a0
37400,36672,97614,"2026-08-10 16:15:43",9236,0,NULL,1,0,f0e73cdd-e98a-4f2b-abc7-19194cbc80dc
37401,36675,97614,"2026-08-10 16:15:53",9236,0,NULL,1,0,3200395f-08af-486a-a0dd-8e2240924e68
37402,36674,97614,"2026-08-10 16:15:57",9236,0,NULL,1,0,ec69118f-24c7-4609-aa37-b7739114cf91
37403,36676,97614,"2026-08-10 16:16:05",9236,0,NULL,1,0,df23612b-8c09-42eb-abd3-69df3a51f1ba
37404,36677,97614,"2026-08-10 16:16:09",9236,0,NULL,1,0,f6d2564d-04b4-40b3-ab5d-63962409775f
37405,36674,97616,"2026-08-10 16:17:04",9236,0,NULL,1,0,d6833056-a29e-41c9-8f1b-79f442491fc6
37406,36675,97616,"2026-08-10 16:17:13",9236,0,NULL,1,0,e8b83c97-9939-434c-9e34-acd5d712c648
37407,34549,98072,"2026-08-10 16:17:41",1288,0,NULL,1,0,7d77414e-670d-4e33-a991-f57a534cfc6a
37408,36676,97619,"2026-08-10 16:17:47",9236,0,NULL,1,0,e04dffb5-47eb-4396-a47c-f47e2dd60dd4
37409,36677,97619,"2026-08-10 16:17:51",9236,0,NULL,1,0,08220804-e2f4-4128-a469-c8012d99e941
37410,36672,97619,"2026-08-10 16:17:54",9236,0,NULL,1,0,6d917f36-9ad8-4925-b6b0-bce3a1a7e5e3
37411,36673,97619,"2026-08-10 16:17:57",9236,0,NULL,1,0,4fbbbc60-1fa3-4bde-b521-e07b0971c945
37412,34948,98069,"2026-08-10 16:18:15",1288,0,NULL,1,0,a711719f-6cb6-4981-82d5-77bae087008e
37413,35064,98066,"2026-08-10 16:18:42",1288,0,NULL,1,0,9fdd7ad5-60c6-4895-ab8f-09a79122a555
37415,34499,97696,"2026-08-10 16:19:02",9236,0,NULL,1,0,5a0b0a65-e2c9-4613-8d09-c9e6164ae678
37416,35063,98063,"2026-08-10 16:19:07",1288,0,NULL,1,0,783bb390-b6bb-4c20-bbd0-851c1325578b
37417,34500,97698,"2026-08-10 16:20:09",9236,0,NULL,1,0,c78dc499-72de-44d6-a6a2-9cca9350d96b
37418,34501,97700,"2026-08-10 16:21:00",9236,0,NULL,1,0,505059e0-50b9-4b0b-bf42-be99bdb83e06
37419,34502,97702,"2026-08-10 16:21:41",9236,0,NULL,1,0,306e70c1-2900-40a5-9583-05d7b2dd861a
37420,34503,97704,"2026-08-10 16:22:36",9236,0,NULL,1,0,0ade5676-dd54-4489-8763-9bbff0166e00
37422,34505,97709,"2026-08-10 16:23:23",9236,0,NULL,1,0,0bd783c5-21e5-45f3-a37f-c073ef288d31
37423,34506,97711,"2026-08-10 16:23:55",9236,0,NULL,1,0,20a2d1bc-0854-489d-a1fb-4a0997112cd8
37424,34509,97716,"2026-08-10 16:24:27",9236,0,NULL,1,0,ea0e65b8-391f-43ac-b87b-0d5e87fef2fe
37425,34510,97718,"2026-08-10 16:25:11",9236,0,NULL,1,0,d7c8ec14-4a8d-4fb8-8246-6f80b8550adf
37426,34511,97720,"2026-08-10 16:25:48",9236,0,NULL,1,0,00119cb8-673b-43f8-92fe-2deea0409785
37428,34512,97722,"2026-08-10 16:26:26",9236,0,NULL,1,0,748a0e37-5880-4768-b47e-739966507929
37429,34513,97724,"2026-08-10 16:28:12",9236,0,NULL,1,0,1b2ed0d0-9404-4486-8a2a-113fdcea2e4c
37430,35062,98060,"2026-08-10 16:28:25",1288,0,NULL,1,0,b3a8012b-dcf5-4a5d-a2cd-e36722d4a590
37431,35432,97726,"2026-08-10 16:28:48",9236,0,NULL,1,0,74ae8e33-2d36-4cee-ace7-af9bb2b5ddab
37432,35994,98032,"2026-08-10 16:29:06",1288,0,NULL,1,0,5633e1e6-9960-4e3e-b1a7-ef34decd46a4
37433,35433,97728,"2026-08-10 16:29:23",9236,0,NULL,1,0,962cfa69-e15e-44f2-97ab-58a705980b09
37434,35993,98030,"2026-08-10 16:29:31",1288,0,NULL,1,0,eaf087d3-5b96-4213-ade9-6862e52139f6
37436,35434,97730,"2026-08-10 16:29:59",9236,0,NULL,1,0,d2e33582-ccb9-4072-ac7b-4c9e1a734ded
37437,35992,98028,"2026-08-10 16:30:01",1288,0,NULL,1,0,a49acdd6-1d9b-4c84-810a-d4e5350733e1
37438,35435,97732,"2026-08-10 16:30:33",9236,0,NULL,1,0,a56aed1c-bc15-445d-8422-b645a9c5d925
37440,35436,97735,"2026-08-10 16:31:12",9236,0,NULL,1,0,464b5a0e-f6ed-4010-b63e-6b50acae1ace
37441,35468,97836,"2026-08-10 16:31:24",1288,0,NULL,1,0,3c67ffd2-a4b2-4610-bb2c-721aab5f161c
37442,35466,97831,"2026-08-10 16:31:56",1288,0,NULL,1,0,d787a863-0b3a-44ca-9d75-a24853794ac8
37443,35437,97736,"2026-08-10 16:32:14",9236,0,NULL,1,0,5a4ff5bf-2f89-4964-ac8d-7029445fca68
37444,35465,97828,"2026-08-10 16:32:41",1288,0,NULL,1,0,54067c9b-acbd-40b9-a564-34b8e2f4b71f
37445,35438,97738,"2026-08-10 16:32:50",9236,0,NULL,1,0,f31d3652-760d-4762-ab4a-38465a93ebd8
37446,35439,97740,"2026-08-10 16:33:20",9236,0,NULL,1,0,48befc45-a2a1-45d8-9163-29b2bafdb892
37447,35440,97742,"2026-08-10 16:33:53",9236,0,NULL,1,0,439a453e-3385-4f86-838e-bb02df6a42eb
37448,35464,97825,"2026-08-10 16:34:14",1288,0,NULL,1,0,ffec5b0d-a262-479a-9e77-314cc35896f3
37449,35441,97744,"2026-08-10 16:34:31",9236,0,NULL,1,0,118e93ef-95af-4003-af50-b6cb6275c18f
37451,35442,97746,"2026-08-10 16:35:05",9236,0,NULL,1,0,913c86d2-a8b4-446d-8e81-862f86248c3d
37452,35463,97822,"2026-08-10 16:35:18",1288,0,NULL,1,0,f50b3460-3cd4-4a07-9fcd-a69a9a18515c
37453,35443,97748,"2026-08-10 16:35:37",9236,0,NULL,1,0,9fd6500b-948a-4688-a62b-8d5bbd69ca0b
37454,35444,97750,"2026-08-10 16:36:05",9236,0,NULL,1,0,66335422-a167-4e63-b334-cc9588e3318f
37455,35462,97819,"2026-08-10 16:36:09",1288,0,NULL,1,0,54fbf400-a5fe-4b75-98e1-ed82ad322a22
37456,35446,97772,"2026-08-10 16:36:35",9236,0,NULL,1,0,8d46823e-1e10-4f81-b7ec-175055f65bc7
37457,35461,97816,"2026-08-10 16:36:44",1288,0,NULL,1,0,6e2e1e26-4621-4ea3-bc6b-0f8f304172e8
37458,35447,97774,"2026-08-10 16:37:18",9236,0,NULL,1,0,e2a68699-66d9-4aad-8011-8a1e375567fd
37459,35460,97814,"2026-08-10 16:37:21",1288,0,NULL,1,0,76bd6bee-5cff-4cfb-8459-33f6311c1fc0
37460,35448,97776,"2026-08-10 16:37:52",9236,0,NULL,1,0,b5117a78-09c0-4a37-9dd9-c420e89b1aad
37461,35459,97812,"2026-08-10 16:37:55",1288,0,NULL,1,0,334e6eef-5375-40ac-83d7-62b0d0f4127b
37462,35449,97778,"2026-08-10 16:38:20",9236,0,NULL,1,0,9706426c-c183-46ee-bb85-87a23c6e8c01
37463,35458,97810,"2026-08-10 16:38:31",1288,0,NULL,1,0,79a5ba47-e308-4864-a81e-2472b8f9a4f2
37464,35450,97780,"2026-08-10 16:38:50",9236,0,NULL,1,0,edbf61e0-2fdf-43c4-adf7-8a8570edcb2f
37465,35457,97808,"2026-08-10 16:38:55",1288,0,NULL,1,0,68967e30-ae27-4a43-89d8-aaa45db28144
37466,35451,97782,"2026-08-10 16:39:22",9236,0,NULL,1,0,88045ec3-fb89-4677-bdde-872244c75ba0
37467,35456,97806,"2026-08-10 16:39:29",1288,0,NULL,1,0,a80a0cfa-3224-45f2-aeb4-d7d90e1f9985
37468,35452,97784,"2026-08-10 16:39:53",9236,0,NULL,1,0,8bebf941-cb8c-490e-8abb-3bd616d550b6
37470,35455,97804,"2026-08-10 16:40:21",1288,0,NULL,1,0,a36cdded-cc67-4232-8faf-09006226767e
37471,35453,97786,"2026-08-10 16:40:25",9236,0,NULL,1,0,f595b03b-d177-43f1-9d6b-c91d72cc8d49
37472,35454,97788,"2026-08-10 16:40:56",1288,0,NULL,1,0,b5348d8b-e771-479a-81de-999287988e3d
37474,34606,96743,"2026-08-10 17:07:25",9236,0,NULL,1,0,cad44026-371a-4c81-a81a-0e11f18a8d6e
37476,34609,96744,"2026-08-10 17:08:13",9236,0,NULL,1,0,f876024a-d539-450e-b939-0654e93cb326
37478,35240,96763,"2026-08-10 17:09:11",9236,0,NULL,1,0,37d4a445-3190-42b0-80c5-5f56f0540571
37481,36121,97620,"2026-08-10 17:15:20",9236,0,NULL,1,0,17768be8-8d15-4bff-8839-ba1915c9c2bd
37484,34522,98013,"2026-08-10 17:23:29",9236,0,NULL,1,0,d057dbb5-d27f-4276-a16f-1448c34c29af
37485,34544,98013,"2026-08-10 17:23:33",9236,0,NULL,1,0,c9773392-d739-4029-9522-9e9e06d922a3
37486,34543,98010,"2026-08-10 17:25:39",9236,0,NULL,1,0,2bf7bdfc-2f5e-4773-ace4-dc1a613b17ab
37487,34542,98007,"2026-08-10 17:28:25",9236,0,NULL,1,0,29f18e11-77b7-4d2d-b563-6ef66b5b7b89
37488,35031,97994,"2026-08-10 17:30:21",9236,0,NULL,1,0,bb45e08b-c2a9-4fab-ab02-72c9091d1cd5
37489,35472,97852,"2026-08-10 17:41:35",9236,0,NULL,0,1,793c808b-8ed3-43f5-923e-9035a4924b37
37490,34407,97891,"2026-08-10 17:44:00",9236,0,NULL,1,0,f8c63198-d9cd-4149-98fb-3d2bc4fbdae8
37491,34382,97892,"2026-08-10 17:44:56",9236,0,NULL,1,0,2d4f1f36-304a-4791-9139-18bd40db6f09
37492,34956,97916,"2026-08-10 17:47:10",9236,0,NULL,1,0,aaf2d8a9-1211-409b-a6d9-06b785bb5cf5
37493,35000,97916,"2026-08-10 17:47:13",9236,0,NULL,1,0,da308f6e-f706-4da4-a850-7d99c77c38da
37494,35038,97919,"2026-08-10 17:47:53",9236,0,NULL,1,0,26908776-0e9b-4bcd-a922-7af971c7e099
37495,35065,98079,"2026-08-10 17:50:47",9236,0,NULL,0,1,60eb44f8-9f89-494b-9044-e31b6867a663
37496,36775,97129,"2026-08-10 18:07:11",9236,0,NULL,1,0,789b4349-30fb-4325-b045-6cb51d078830
37497,36776,97130,"2026-08-10 18:07:44",9236,0,NULL,1,0,0632f163-e39c-434a-a94b-cefc4e326ccd
37498,36777,97131,"2026-08-10 18:08:29",9236,0,NULL,1,0,fe250f48-fa06-4d57-87a6-51dc3a7c349e
37499,36778,97132,"2026-08-10 18:08:59",9236,0,NULL,1,0,546a60e7-846d-4b35-b77e-d695256105fc
37500,35997,97685,"2026-08-10 18:10:02",9236,0,NULL,0,1,151fc115-107b-413d-b2ad-8b460ce03076
37501,35998,97685,"2026-08-10 18:10:06",9236,0,NULL,0,1,b07ce09d-e0b6-4118-9b9b-216c9ee69b66
37502,36779,97687,"2026-08-10 18:10:45",9236,0,NULL,1,0,8afdd379-1287-4705-84a2-5448c4dbc04d
37503,35566,97690,"2026-08-10 18:11:37",9236,0,NULL,1,0,86e7bbf3-17ad-409f-a9dc-f9637bd85fdf
37504,35506,97690,"2026-08-10 18:11:40",9236,0,NULL,1,0,80a0ccaa-077a-41f5-87d1-67ac36a44d77
37506,34419,97928,"2026-08-10 18:45:29",9236,0,NULL,1,0,86d5fe4b-7a47-4149-9a60-6b2678c88dc2
37507,35252,98731,"2026-08-10 18:46:48",16222,0,NULL,1,0,35ec20d5-9530-40ff-8825-8a650b0f9433
37508,35248,98731,"2026-08-10 18:46:52",16222,0,NULL,1,0,11aa483d-8997-478b-9783-3dcdd1f3571c
37509,35198,98738,"2026-08-10 18:52:50",16222,0,NULL,1,0,742db09c-8e77-44c2-9558-a02a7da76d55
37513,35189,98750,"2026-08-10 18:58:56",16222,0,NULL,1,0,109e22ce-ebbe-4577-afcf-58ac2a1e3936
37520,35402,98763,"2026-08-10 19:22:57",16222,0,NULL,1,0,40c2e015-4f2b-451d-8d1b-4cbc9ada56f1
37533,34415,96897,"2026-08-10 21:15:48",9236,0,NULL,1,0,e91c04fb-b298-427c-be6f-8f5ff477cf24
37535,34416,96903,"2026-08-10 21:17:13",9236,0,NULL,1,0,4819a539-e011-45b8-b387-4c941781bb2f
37537,34655,97342,"2026-08-10 21:59:23",9236,0,NULL,1,0,13d040ab-8bc6-46be-bfd9-01dd491e3e2c
37538,34624,97342,"2026-08-10 21:59:27",9236,0,NULL,1,0,df40eca7-ab4a-4483-a628-483346c0c3cd
37539,34635,97343,"2026-08-10 21:59:58",9236,0,NULL,1,0,022ff533-72a2-485c-8640-267dacc19d68
37544,37091,98838,"2026-08-11 10:59:28",16222,0,NULL,0,1,69602972-2977-4c78-9a31-cf1d20f891c4
37545,37092,98838,"2026-08-11 10:59:44",16222,0,NULL,0,1,c72c802e-65d4-41df-a5a5-5ca4b3d9c6f5
37546,37097,98838,"2026-08-11 11:00:03",16222,0,NULL,0,1,381cbf95-7f10-4d53-95b3-c5de01abd1f2
37547,37098,98838,"2026-08-11 11:00:32",16222,0,NULL,0,1,d434ced7-f5b5-448c-8f55-e259b6cc4a4b
37548,37097,98839,"2026-08-11 11:03:25",16222,0,NULL,1,0,f38c0544-8dcd-4a2a-84a1-0a12991e3a09
37549,37098,98839,"2026-08-11 11:03:31",16222,0,NULL,1,0,3d1b8053-f07e-485e-be19-9537e7fec0c5
37559,34595,96563,"2026-08-11 12:25:54",16222,0,NULL,0,1,010d690f-ad6d-4816-b189-e89190cf2ed8
37566,37097,98864,"2026-08-11 13:27:51",16382,0,NULL,0,1,325ca9e1-5009-470a-80b0-7c341200626a
37572,37100,98884,"2026-08-11 14:34:44",16222,0,NULL,1,0,dd31931d-00a8-41ec-a290-c069b844f2c1
37597,35294,98933,"2026-08-11 18:35:51",16222,0,NULL,1,0,70d86784-e51e-4d0b-b1f0-6bfc2bec9a27
37599,37101,98939,"2026-08-11 19:04:19",16222,0,NULL,1,0,83a8cb16-988e-45b3-879e-922a3f8c1f67
37600,37101,98942,"2026-08-11 19:08:16",16222,0,NULL,0,1,67bdb27a-81d8-453b-a37d-d5a51e4a2e9e
37604,34682,98951,"2026-08-11 19:51:34",16222,0,NULL,1,0,6030f168-bd17-4d0e-ac75-3f1de62f91cd
37605,34664,98951,"2026-08-11 19:51:41",16222,0,NULL,1,0,17630067-6702-4c2b-8f58-65c7760739c7
37686,35276,98933,"2026-08-12 19:18:56",16222,0,NULL,1,0,f623ce65-552f-49f6-bf8d-e457b7d7e221
37687,35285,98933,"2026-08-12 19:18:59",16222,0,NULL,1,0,1b993e3e-6899-4dd8-ba39-ddfaa9dc4676
37690,35476,99157,"2026-08-12 19:53:52",16222,0,NULL,0,1,70f52658-76f0-4814-9172-a4ed48f20779
37691,35475,97862,"2026-08-12 19:56:08",16222,0,NULL,0,1,76851ee0-70ca-4f09-be10-573d4a0362c1
37692,37116,99159,"2026-08-12 20:04:16",16222,0,NULL,1,0,a6fcca0a-0319-45a5-8b49-06cf5e0b749f
37693,37117,99160,"2026-08-12 20:07:15",16222,0,NULL,1,0,1dc0a641-75b4-4754-86c1-974e34d5a762
37830,37150,99438,"2026-08-14 21:54:14",16222,0,NULL,1,0,ba8b48c5-2f6f-413f-983e-64946d07e7bc
37831,37150,99439,"2026-08-14 21:58:42",16222,0,NULL,0,1,0e9733b1-47c6-474e-b118-4eaa14c1fd76
37835,37088,99443,"2026-08-15 13:45:58",16222,0,NULL,1,0,1e25b414-8f93-4e7c-80f5-7b2d01331faa
37836,37091,99448,"2026-08-15 13:46:18",15814,0,NULL,1,0,c9bc701b-0311-426d-bf23-fd42353b3d72
37837,37091,99446,"2026-08-15 13:46:34",15704,0,NULL,1,0,64d01862-c9c5-468a-8292-9319685dc5f8
37851,36586,99537,"2026-08-17 12:22:25",16382,0,NULL,1,0,a1022916-d2cf-4501-9678-9a818206746f
37852,36599,99538,"2026-08-17 12:24:21",16382,0,NULL,1,0,a4f17c63-fc47-4c6a-8def-f67d46bf0309
37862,35466,99545,"2026-08-17 13:26:18",16382,0,NULL,1,0,119523ae-5e1c-4d54-962a-a32913d6abf6
37863,34623,99547,"2026-08-17 13:36:45",16382,0,NULL,1,0,764c7a07-9040-4c93-a2a8-738859c91c33
37865,34612,99549,"2026-08-17 13:38:05",16382,0,NULL,1,0,c607c3a8-0771-44f2-a9e6-e7374dc53538
37871,35973,99570,"2026-08-17 15:16:22",16222,0,NULL,1,0,4a6b8f59-343f-4b49-bf92-4de743e695ce
37875,34382,99572,"2026-08-17 15:27:56",16222,0,NULL,1,0,2651d6d5-741f-4a2c-ade9-70f1c00856bc
37881,37154,99588,"2026-08-17 16:11:20",16222,0,NULL,1,0,9a09fbea-566a-47b2-9437-37d484a881bb
37882,37155,99588,"2026-08-17 16:15:08",16222,0,NULL,0,1,0ec7b5d8-d327-4d96-8abc-cf87649a2a4c
37887,37155,99590,"2026-08-17 16:17:15",16222,0,NULL,1,0,bf864573-16bc-43e3-a145-7acf6e1cc32d
37892,37156,99599,"2026-08-17 16:23:20",16222,0,NULL,1,0,99bb9020-f93b-475a-87a9-e6db8a6d58b4
37893,37157,99604,"2026-08-17 16:26:59",16222,0,NULL,1,0,5029e923-d045-4d3c-9212-4f709ea24660
37924,34910,99671,"2026-08-17 18:45:39",16222,0,NULL,0,1,6db76bb1-3b61-4694-a234-c8ec19487600
37952,35261,99710,"2026-08-17 19:42:28",16222,0,NULL,0,1,4cf221c9-d463-476f-901b-692efc6d1b6c
37955,35297,99716,"2026-08-17 20:03:32",16222,0,NULL,0,1,b50b3558-bd49-42ed-85b5-d3e08a14d2f0
37956,35279,99716,"2026-08-17 20:03:36",16222,0,NULL,0,1,62a8aa1a-8f89-4f86-aa4d-69299f477296
37959,35207,99732,"2026-08-17 21:00:51",16222,0,NULL,0,1,9ac66814-d652-4a09-9a15-aa4c27f25085
37960,35139,99732,"2026-08-17 21:00:56",16222,0,NULL,0,1,c8faba43-a878-4bc3-be52-a306e840808d
37961,35162,99733,"2026-08-17 21:04:57",16222,0,NULL,0,1,7ae88e58-ced6-4b6e-bb5c-2513065a4f23
37962,35128,99733,"2026-08-17 21:05:02",16222,0,NULL,0,1,265fd4cf-fdd8-433e-8a4f-321eef7454d0
37963,35196,99733,"2026-08-17 21:05:06",16222,0,NULL,0,1,24ecbf98-c4f6-4b24-9d77-a75c683c8a38
37965,35299,99741,"2026-08-17 22:06:39",16222,0,NULL,0,1,8f75184a-6084-4f13-a35d-61b84405db41
37968,34853,99749,"2026-08-17 23:04:39",16222,0,NULL,1,0,a239cfab-a4a2-4080-a0c8-f61960a13497
37969,34856,99749,"2026-08-17 23:04:43",16222,0,NULL,1,0,b397b4da-1611-45f6-af2c-cdaefbe488d8
37970,34850,99749,"2026-08-17 23:04:47",16222,0,NULL,1,0,4bbc4469-c92b-4afb-8650-1872c4ade525
37971,34853,99750,"2026-08-17 23:06:09",16222,0,NULL,0,1,29927fe5-1929-44c7-b4a6-3e877061b8a1
37978,37166,99757,"2026-08-17 23:22:00",16222,0,NULL,0,1,7b8a7280-bffe-47d8-9515-ce40ac4d76c3
37979,37165,99758,"2026-08-17 23:22:46",16222,0,NULL,0,1,2694becd-0f0e-4a9d-a062-6951d64bb57a
37980,35266,99764,"2026-08-17 23:55:19",16222,0,NULL,0,1,69ebf003-0b87-4113-83d9-cb9ed99a7f19
37981,35264,99764,"2026-08-17 23:55:23",16222,0,NULL,0,1,e49bbab0-4c9a-4d85-aac2-be72b15bef74
37982,34541,99773,"2026-08-18 05:01:40",16222,0,NULL,0,1,d428cf86-fd2e-4cca-8583-8097b58b99f1
38032,35296,99830,"2026-08-18 15:10:51",16222,0,NULL,0,1,70b2a026-e99c-4c47-a1ee-b3c703f1db9c
38036,34660,99835,"2026-08-18 15:27:16",16222,0,NULL,0,1,df47e96d-c576-45f8-9d8f-0b1c82b0e226
38037,34686,99835,"2026-08-18 15:27:21",16222,0,NULL,0,1,683c2d44-4b85-4356-84de-0567f8ea4c06
38038,36775,99836,"2026-08-18 15:29:19",16222,0,NULL,0,1,ebdaf632-8ecf-4e4c-bc8c-f3de2d9eebdc
38039,36776,99837,"2026-08-18 15:30:15",16222,0,NULL,0,1,3a79b9b6-882a-49af-b405-4416027ff9c9
38048,35410,99844,"2026-08-18 15:42:23",16222,0,NULL,0,1,14adf4ad-b6b3-4816-85cd-e9d414b24c56
38052,34822,99845,"2026-08-18 16:02:09",16222,0,NULL,0,1,c20c0936-185b-403a-b1b2-b1de0aa5d359
38053,36779,99846,"2026-08-18 16:03:52",16222,0,NULL,0,1,5b861c20-07a1-4dba-bc14-826ac634adbd
38055,34854,99847,"2026-08-18 16:06:50",16222,0,NULL,0,1,00fcef57-0b67-4c81-9c37-3cdf83cd7776
38056,35447,99851,"2026-08-18 16:08:38",16222,0,NULL,0,1,2da87825-f1ab-4174-9135-d5d3b1f2d358
38057,35452,99853,"2026-08-18 16:09:49",16222,0,NULL,0,1,a56a73c8-5015-4dbc-b052-0c43311ab7a7
38059,36715,99858,"2026-08-18 16:13:13",16222,0,NULL,0,1,e6a64fb0-2559-4ccf-83fc-6f6ea2ce244c
38061,34862,99860,"2026-08-18 16:14:14",16222,0,NULL,0,1,313b8b99-780d-488c-85f2-005c6b3cc5ac
38062,36698,99864,"2026-08-18 16:17:14",16222,0,NULL,0,1,c5a703f9-e0dc-42dc-8356-60e8842ea16f
38064,36702,99865,"2026-08-18 16:18:12",16222,0,NULL,0,1,e5b17676-d3f3-46b5-9e6d-aa8a192e90f0
38082,37220,99912,"2026-08-18 18:54:35",16222,0,NULL,1,0,adc288a0-2616-4c46-aed4-944aa75da97e
38084,37196,99913,"2026-08-18 19:04:08",16222,0,NULL,1,0,7ebc5025-6b7e-48fb-acbf-09021f774ddf
38088,37197,99914,"2026-08-18 19:06:14",16222,0,NULL,1,0,2256601d-41cc-455c-9d59-68995e3b142d
38091,37205,99917,"2026-08-18 19:07:27",16222,0,NULL,1,0,dc5e9dc2-d610-4b8f-a2a2-1aa87d04e1e9
38092,37219,99918,"2026-08-18 19:09:06",16222,0,NULL,1,0,94e5c9a5-e9b3-4e9d-8832-3e8cb94e8b55
38095,37216,99922,"2026-08-18 19:17:10",16222,0,NULL,1,0,b9a299b5-d4da-4570-af34-2e2eeb3b0fc6
38096,37206,99923,"2026-08-18 19:18:16",16222,0,NULL,1,0,7f375566-b3b1-40f3-9b12-eb8105611229
38097,37199,99926,"2026-08-18 19:26:11",16222,0,NULL,1,0,6b9a08b5-f60e-4030-b503-21a178c2cd29
38098,37209,99927,"2026-08-18 19:30:40",16222,0,NULL,1,0,3fc8d3a1-4443-4549-84b8-19c47bc8a396
38099,35048,99928,"2026-08-18 19:36:47",16222,0,NULL,0,1,8c5e6bfc-fe4c-4b29-8792-2fca039b61dd
38100,34966,99928,"2026-08-18 19:36:51",16222,0,NULL,0,1,977537d6-982c-4477-9951-b375cb32b159
38104,37207,99932,"2026-08-18 19:57:31",16222,0,NULL,1,0,f6282e53-0797-449b-b27c-8e816b48ec00
38106,37217,99934,"2026-08-18 20:01:06",16222,0,NULL,1,0,f7af9add-8028-4f1a-9175-a96dc2c69bd5
38107,37211,99936,"2026-08-18 20:09:17",16222,0,NULL,1,0,9024d2b1-e099-4ba0-8a0b-798fda83c021
38108,37200,99937,"2026-08-18 20:10:24",16222,0,NULL,1,0,07a535f6-cfa5-4038-9c3c-e910f8dfff15
38109,37208,99938,"2026-08-18 20:14:52",16222,0,NULL,1,0,f80910e2-a681-4a3c-aeef-3129834f6624
