companyEquipmentPmTemplateId,pmTypeId,pmName,intervalHours,intervalDays,intervalOdometer,fixedDate,fixedHours,fixedOdometer,partsNote,workNote,triggerDays,triggerHours,triggerOdometer,isDeleted,createdTimestampUtc,createdByUserId,applyChangesToChildren,companyId,uuid
2566,3,"1 YEAR SERVICE (BEAM LAUNCHER)",NULL,365,NULL,NULL,NULL,NULL,"SEE EQUIPMENT DETAILS - PARTS TAB OR WRITE IN PARTS USED:

","CHANGE BOLTS AND INSPECT
",7,NULL,NULL,0,"2026-07-22 01:54:54",1288,1,265,73d975b0-cc74-4a74-8b9b-5da529842dc2
2567,3,"1 YEAR SERVICE (BIDWELL)",NULL,365,NULL,NULL,NULL,NULL,"SEE EQUIPMENT DETAILS - PARTS TAB OR WRITE IN PARTS USED:

","CHANGE OIL AND FILTER
CHANGE AIR FILTER
CHANGE FUEL FILTERS
CHANGE HYD FILTERS",7,NULL,NULL,0,"2026-07-22 01:56:40",1288,1,265,76699f77-81b4-4cee-adcc-724ea9c92c05
2568,3,"1 YEAR SERVICE (FROSTFIGHTERS)",NULL,365,NULL,NULL,NULL,NULL,"SEE EQUIPMENT DETAILS - PARTS TAB OR WRITE IN PARTS USED:
","CHECK INJECTORS
CHANGE FUEL FILTER
CHECK NEEDLES/GAUGES/SWITCHES
CHECK FUEL LINE
CHECK FUEL PUMP
",7,NULL,NULL,0,"2026-07-22 01:57:25",1288,1,265,ca214751-fdf2-4d47-9920-30db190f94bc
2569,3,"1 YEAR SERVICE (HYD PUMP RR JACKING SYSTEM)",NULL,365,NULL,NULL,NULL,NULL,"SEE EQUIPMENT DETAILS - PARTS TAB OR WRITE IN PARTS USED:

","CHANGE OIL AND FILTER
CHANGE AIR FILTER
CHANGE FUEL FILTERS
CHANGE HYD FILTERS
",5,NULL,NULL,0,"2026-07-22 01:57:57",1288,1,265,7f6f7427-19f7-48ad-8663-03609649ec36
2570,1,"100 HR SERVICE (RR-KNUCKLE/GRAPPLE/BOOM/DUMP/CONCRETE TRUCK)",100,NULL,NULL,NULL,NULL,NULL,"SEE EQUIPMENT DETAILS - PARTS TAB OR WRITE IN PARTS USED:

","CHANGE ENGINE OIL & FILTER
CHANGE AIR FILTERS
REPLACE FUEL FILTERS
DRAIN WATER SEPARATOR
CHECK DEF LEVEL
CHECK COOLANT LEVEL
INSPECT BELTS
INSPECT AIR FILTER
CHECK BATTERIES
CHECK LIGHTS
CHECK BRAKES
CHECK TIRES
CHECK WHEEL TORQUE
INSPECT DRIVELINE
GREASE CHASSIS FITTINGS
CHECK ACTIVE FAULT CODES

",NULL,20,NULL,0,"2026-07-22 01:58:46",1288,1,265,35bf005a-e883-479a-8131-fe15b99b8e43
2571,1,"100 HR SERVICE (WELDER MILLER 302)",100,NULL,NULL,NULL,NULL,NULL,"SEE EQUIPMENT DETAILS - PARTS TAB OR WRITE IN PARTS USED:
","CHANGE ENGINE OIL & FILTER
REPLACE FUEL FILTER(S)
INSPECT/REPLACE AIR FILTER

CHECK ALTERNATOR OUTPUT
CHECK BATTERY CONDITION
INSPECT COOLING SYSTEM
INSPECT ENGINE MOUNTS
INSPECT EXHAUST SYSTEM
CHECK FOR OIL LEAKS
CHECK FOR FUEL LEAKS
INSPECT WELD LEADS
INSPECT ELECTRODE HOLDER
INSPECT GROUND CLAMP
CHECK AC/DC OUTPUT
VERIFY AUXILIARY POWER OUTPUT
CLEAN MACHINE INTERIOR
REMOVE DEBRIS FROM COOLING SYSTEM
OPERATIONAL TEST
",NULL,10,NULL,0,"2026-07-22 01:59:22",1288,1,265,7e048f1b-a4b8-41b0-b7de-d96faf3518ef
2572,1,"1000 HR SERVICE (6" HYD WATER PUMP)",1000,NULL,NULL,NULL,NULL,NULL,"SEE EQUIPMENT DETAILS - PARTS TAB OR WRITE IN PARTS USED:
","INCLUDES ALL 500 HR TASKS
CHECK VALVE COVER FOR LEAKS
INSPECT COOLING SYSTEM
SAMPLE COOLANT",NULL,40,NULL,0,"2026-07-22 01:59:56",1288,1,265,aeb8cdf7-d3ca-4082-8a6e-e26e21d3c7bd
2573,1,"1000 HR SERVICE (AIR COMPRESSOR)",1000,NULL,NULL,NULL,NULL,NULL,"SEE EQUIPMENT DETAILS - PARTS TAB OR WRITE IN PARTS USED:

","INCLUDES ALL 500 HR TASKS
REPLACE SEPARATOR ELEMENT
INSPECT COOLER
CHECK COMPRESSOR OUTPUT
",NULL,40,NULL,0,"2026-07-22 02:00:25",1288,1,265,113ce60e-72f9-450e-baab-05d6fb2ab247
2574,1,"1000 HR SERVICE (AMER 4250)",1000,NULL,NULL,NULL,NULL,NULL,"SEE EQUIPMENT DETAILS - PARTS TAB OR WRITE IN PARTS USED:

","COMPLETE ALL 500 HR ITEMS
MAIN & AUX HOIST GEAR CASES (DRAIN & FLUSH)
CHANGE SWING DRIVE OIL
CHANGE TRAVEL GEARBOX OIL
SAMPLE HYD FLUID
TORQUE CONVERTER - DRAIN & REFILL
TORQUE CONVERTER - CHANGE FILTER
FLUSH TORQUE COOLER
SPRAG OIL - DRAIN & REFILL
CHAIN CASE - DRAIN, INSPECT & REFILL
UPPER DECK - DRAIN & REFILL
LOWER TUBS - DRAIN & REFILL
LUBRICATE HOIST VALVES",NULL,40,NULL,0,"2026-07-22 02:01:06",1288,1,265,4cfd54eb-61e3-48f4-a6a8-feee99fbaca4
2575,1,"1000 HR SERVICE (AMER 5030-DE LOCO CRANE)",1000,NULL,NULL,NULL,NULL,NULL,"SEE EQUIPMENT DETAILS - PARTS TAB OR WRITE IN PARTS USED:

","COMPLETE 500 HR SERVICE TASKS
DRAIN/REFILL PTO GEAR BOX
DRAIN AND INSPECT SPRAG OIL AND REFILL
DRAIN CHAIN CASE AND INSPECT REFILL
DRAIN UPPER DECK AND REFILL
DRAIN LOWER TUBS AND REFILL",NULL,40,NULL,0,"2026-07-22 02:01:47",1288,1,265,b2bc5c85-6ae3-40d5-85ad-189e5658fa33
2576,1,"1000 HR SERVICE (AMER 5299)",1000,NULL,NULL,NULL,NULL,NULL,"SEE EQUIPMENT DETAILS - PARTS TAB OR WRITE IN PARTS USED:
","COMPLETE ALL 500 HR ITEMS
MAIN & AUX HOIST GEAR CASES (DRAIN & FLUSH)
CHANGE SWING DRIVE OIL
CHANGE TRAVEL GEARBOX OIL
SAMPLE HYD FLUID
TORQUE CONVERTER - DRAIN & REFILL
TORQUE CONVERTER - CHANGE FILTER
FLUSH TORQUE COOLER
SPRAG OIL - DRAIN & REFILL
CHAIN CASE - DRAIN, INSPECT & REFILL
UPPER DECK - DRAIN & REFILL
LOWER TUBS - DRAIN & REFILL
LUBRICATE HOIST VALVES",NULL,40,NULL,0,"2026-07-22 02:02:40",1288,1,265,0d5bee66-3617-4ccb-a9b4-f84abea50dcf
2577,1,"1000 HR SERVICE (AMER 7260)",1000,NULL,NULL,NULL,NULL,NULL,"SEE EQUIPMENT DETAILS - PARTS TAB OR WRITE IN PARTS USED:

","COMPLETE ALL 500 HR ITEMS
MAIN & AUX HOIST GEAR CASES (DRAIN & FLUSH)
CHANGE SWING DRIVE OIL
CHANGE TRAVEL GEARBOX OIL
SAMPLE HYD FLUID
TORQUE CONVERTER - DRAIN & REFILL
TORQUE CONVERTER - CHANGE FILTER
FLUSH TORQUE COOLER
SPRAG OIL - DRAIN & REFILL
CHAIN CASE - DRAIN, INSPECT & REFILL
UPPER DECK - DRAIN & REFILL
LOWER TUBS - DRAIN & REFILL
LUBRICATE HOIST VALVES
",NULL,40,NULL,0,"2026-07-22 02:03:16",1288,1,265,1620d720-efed-4456-8c24-f50e1da95fa4
2578,1,"1000 HR SERVICE (AMER 9270)",1000,NULL,NULL,NULL,NULL,NULL,"SEE EQUIPMENT DETAILS - PARTS TAB OR WRITE IN PARTS USED:","COMPLETE ALL 500 HR ITEMS
MAIN & AUX HOIST GEAR CASES (DRAIN & FLUSH)
CHANGE SWING DRIVE OIL
CHANGE TRAVEL GEARBOX OIL
SAMPLE HYD FLUID
TORQUE CONVERTER - DRAIN & REFILL
TORQUE CONVERTER - CHANGE FILTER
FLUSH TORQUE COOLER
SPRAG OIL - DRAIN & REFILL
CHAIN CASE - DRAIN, INSPECT & REFILL
UPPER DECK - DRAIN & REFILL
LOWER TUBS - DRAIN & REFILL
LUBRICATE HOIST VALVES
",NULL,40,NULL,0,"2026-07-22 02:03:45",1288,1,265,bb77961f-6592-4783-9e13-db35d7459ae2
2579,1,"1000 HR SERVICE (AMER 9299)",1000,NULL,NULL,NULL,NULL,NULL,"SEE EQUIPMENT DETAILS - PARTS TAB OR WRITE IN PARTS USED:

","COMPLETE ALL 500 HR ITEMS
MAIN & AUX HOIST GEAR CASES (DRAIN & FLUSH)
CHANGE SWING DRIVE OIL
CHANGE TRAVEL GEARBOX OIL
SAMPLE HYD FLUID
TORQUE CONVERTER - DRAIN & REFILL
TORQUE CONVERTER - CHANGE FILTER
FLUSH TORQUE COOLER
SPRAG OIL - DRAIN & REFILL
CHAIN CASE - DRAIN, INSPECT & REFILL
UPPER DECK - DRAIN & REFILL
LOWER TUBS - DRAIN & REFILL
LUBRICATE HOIST VALVES",NULL,40,NULL,0,"2026-07-22 02:04:11",1288,1,265,455c9f37-235b-4c94-ba8e-28e280d2706a
2580,1,"1000 HR SERVICE (AMER 9310)",1000,NULL,NULL,NULL,NULL,NULL,"SEE EQUIPMENT DETAILS - PARTS TAB OR WRITE IN PARTS USED:
","COMPLETE ALL 500 HR ITEMS
MAIN & AUX HOIST GEAR CASES (DRAIN & FLUSH)
CHANGE SWING DRIVE OIL
CHANGE TRAVEL GEARBOX OIL
SAMPLE HYD FLUID
TORQUE CONVERTER - DRAIN & REFILL
TORQUE CONVERTER - CHANGE FILTER
FLUSH TORQUE COOLER
SPRAG OIL - DRAIN & REFILL
CHAIN CASE - DRAIN, INSPECT & REFILL
UPPER DECK - DRAIN & REFILL
LOWER TUBS - DRAIN & REFILL
LUBRICATE HOIST VALVES",NULL,40,NULL,0,"2026-07-22 02:04:46",1288,1,265,cb76c0a6-95d0-4bac-999c-e2b5d277eafc
2581,1,"1000 HR SERVICE (AMER 9320)",1000,NULL,NULL,NULL,NULL,NULL,"SEE EQUIPMENT DETAILS - PARTS TAB OR WRITE IN PARTS USED:

","COMPLETE ALL 500 HR ITEMS
MAIN & AUX HOIST GEAR CASES (DRAIN & FLUSH)
CHANGE SWING DRIVE OIL
CHANGE TRAVEL GEARBOX OIL
SAMPLE HYD FLUID
TORQUE CONVERTER - DRAIN & REFILL
TORQUE CONVERTER - CHANGE FILTER
FLUSH TORQUE COOLER
SPRAG OIL - DRAIN & REFILL
CHAIN CASE - DRAIN, INSPECT & REFILL
UPPER DECK - DRAIN & REFILL
LOWER TUBS - DRAIN & REFILL
LUBRICATE HOIST VALVES
",NULL,40,NULL,0,"2026-07-22 02:05:18",1288,1,265,9b44179e-681f-461d-a253-4ccb21d4689b
2582,1,"1000 HR SERVICE (COMPACTOR/ROLLER)",1000,NULL,NULL,NULL,NULL,NULL,"SEE EQUIPMENT DETAILS - PARTS TAB OR WRITE IN PARTS USED:","COMPLETE 500 HR SERVICE
REPLACE AIR FILTERS
REPLACE HYDRAULIC FILTERS
CHECK AXLE OIL LEVELSINSPECT DRUM BEARINGS
INSPECT DRIVE SYSTEM
INSPECT VIBRATION COMPONENTS
INSPECT HYDRAULIC HOSES AND CYLINDERS
CHECK COOLING SYSTEM
INSPECT ELECTRICAL SYSTEM
",NULL,40,NULL,0,"2026-07-22 02:05:50",1288,1,265,11269bdf-8c64-4834-afa1-497a60319a4b
2583,1,"1000 HR SERVICE (DOZER)",1000,NULL,NULL,NULL,NULL,NULL,"SEE EQUIPMENT DETAILS - PARTS TAB OR WRITE IN PARTS USED:
","COMPLETE 500 HR SERVICE
REPLACE AIR FILTERS
REPLACE HYDRAULIC FILTERS
CHECK FINAL DRIVE OIL
INSPECT ROLLERS, IDLERS, AND SPROCKETS
INSPECT UNDERCARRIAGE WEAR
CHECK COOLING SYSTEM
INSPECT STEERING AND BRAKES
INSPECT ELECTRICAL SYSTEM",NULL,40,NULL,0,"2026-07-22 02:06:14",1288,1,265,481f9cf5-310d-4865-8acc-a0842964cb9f
2584,1,"1000 HR SERVICE (DYMAX CRANE TRAIN)",1000,NULL,NULL,NULL,NULL,NULL,"SEE EQUIPMENT DETAILS - PARTS TAB OR WRITE IN PARTS USED:
","COMPLETE 500 HR TASKS
SAMPLE HYD OIL
",NULL,40,NULL,0,"2026-07-22 02:06:50",1288,1,265,ac8551d1-b0ac-44cc-9fb6-c2fd2b80818b
2585,1,"1000 HR SERVICE (EXCAVATOR)",1000,NULL,NULL,NULL,1000,NULL,"SEE EQUIPMENT DETAILS - PARTS TAB OR WRITE IN PARTS USED:
","INCLUDES ALL 500 HR TASKS, PLUS:
REPLACE HYDRAULIC RETURN FILTER
REPLACE PILOT FILTER
INSPECT PUMPS
INSPECT SWING DRIVE
INSPECT ROLLERS
INSPECT IDLERS
INSPECT TRACK CHAINS
PERFORM DIAGNOSTIC SCAN
",NULL,40,NULL,0,"2026-07-22 02:07:15",1288,1,265,bbc7b5ff-69be-4b5f-93c5-b1c7c8e0531a
2586,1,"1000 HR SERVICE (MOTOR GRADER)",1000,NULL,NULL,NULL,NULL,NULL,"SEE EQUIPMENT DETAILS - PARTS TAB OR WRITE IN PARTS USED:
","COMPLETE 500 HR SERVICE
REPLACE AIR FILTERS
REPLACE HYDRAULIC FILTERS
CHECK TANDEM OIL LEVELS
INSPECT CIRCLE WEAR STRIPS
INSPECT ARTICULATION JOINT
CHECK COOLING SYSTEM
INSPECT BRAKES
INSPECT ELECTRICAL SYSTEM
",NULL,40,NULL,0,"2026-07-22 02:08:32",1288,1,265,5c401527-3fd3-4c57-b19b-c40d04313e01
2587,1,"1000 HR SERVICE (GROVE RT600)",1000,NULL,NULL,NULL,NULL,NULL,"SEE EQUIPMENT DETAILS - PARTS TAB OR WRITE IN PARTS USED:
","COMPLETE 500 HR TASKS
CHANGE PLANETARY HUB OIL & DIFFERENTIAL FLUID ON BOTH FRONT & REAR AXLES
CHANGE TRANSMISSION FLUID & FILTER
DRAIN/FILL MAIN HOIST
DRAIN/FILL AUX HOIST",NULL,40,NULL,0,"2026-07-22 02:08:54",1288,1,265,0c60d2a2-7050-4026-b469-d00012e3a8e2
2588,1,"1000 HR SERVICE (GROVE RT650)",1000,NULL,NULL,NULL,NULL,NULL,"SEE EQUIPMENT DETAILS - PARTS TAB OR WRITE IN PARTS USED:

","COMPLETE 500 HR TASKS
CHANGE PLANETARY HUB OIL & DIFFERENTIAL FLUID ON BOTH FRONT & REAR AXLES
CHANGE TRANSMISSION FLUID & FILTER
DRAIN/FILL MAIN HOIST
DRAIN/FILL AUX HOIST",NULL,40,NULL,0,"2026-07-22 02:09:22",1288,1,265,041bc138-3dab-4d39-83df-1eaa8d64f475
2589,1,"1000 HR SERVICE (GROVE GRT655)",1000,NULL,NULL,NULL,NULL,NULL,"SEE EQUIPMENT DETAILS - PARTS TAB OR WRITE IN PARTS USED:
","COMPLETE 500 HR TASKS
CHANGE PLANETARY HUB OIL & DIFFERENTIAL FLUID ON BOTH FRONT & REAR AXLES
CHANGE TRANSMISSION FLUID & FILTER
DRAIN/FILL MAIN HOIST
DRAIN/FILL AUX HOIST",NULL,40,NULL,0,"2026-07-22 02:09:45",1288,1,265,be392889-4d4c-426f-b6db-674e301e3081
2590,1,"1000 HR SERVICE (GROVE RT760)",1000,NULL,NULL,NULL,NULL,NULL,"SEE EQUIPMENT DETAILS - PARTS TAB OR WRITE IN PARTS USED:

","COMPLETE 500 HR TASKS
CHANGE PLANETARY HUB OIL & DIFFERENTIAL FLUID ON BOTH FRONT & REAR AXLES
CHANGE TRANSMISSION FLUID & FILTER
DRAIN/FILL MAIN HOIST
DRAIN/FILL AUX HOIST",NULL,40,NULL,0,"2026-07-22 02:10:17",1288,1,265,b8f4052f-95e5-4938-a2c3-de8b4221db72
2591,1,"1000 HR SERVICE (GROVE RT765)",1000,NULL,NULL,NULL,NULL,NULL,"SEE EQUIPMENT DETAILS - PARTS TAB OR WRITE IN PARTS USED:

","COMPLETE 500 HR TASKS
CHANGE PLANETARY HUB OIL & DIFFERENTIAL FLUID ON BOTH FRONT & REAR AXLES
CHANGE TRANSMISSION FLUID & FILTER
DRAIN/FILL MAIN HOIST
DRAIN/FILL AUX HOIST",NULL,40,NULL,0,"2026-07-22 02:10:40",1288,1,265,8f741d8b-42de-4901-a47f-2421f5afbb65
2592,1,"1000 HR SERVICE (GROVE RT880 & GRT880)",1000,NULL,NULL,NULL,NULL,NULL,"SEE EQUIPMENT DETAILS - PARTS TAB OR WRITE IN PARTS USED:

","COMPLETE 500 HR TASKS
CHANGE PLANETARY HUB OIL & DIFFERENTIAL FLUID ON BOTH FRONT & REAR AXLES
CHANGE TRANSMISSION FLUID & FILTER
DRAIN/FILL MAIN HOIST
DRAIN/FILL AUX HOIST",NULL,40,NULL,0,"2026-07-22 02:11:00",1288,1,265,6792affe-68f7-4520-952e-cb229def2504
2593,1,"1000 HR SERVICE (GROVE RT890)",1000,NULL,NULL,NULL,NULL,NULL,"SEE EQUIPMENT DETAILS - PARTS TAB OR WRITE IN PARTS USED:
","COMPLETE 500 HR TASKS
CHANGE PLANETARY HUB OIL & DIFFERENTIAL FLUID ON BOTH FRONT & REAR AXLES
CHANGE TRANSMISSION FLUID & FILTER
DRAIN/FILL MAIN HOIST
DRAIN/FILL AUX HOIST",NULL,40,NULL,0,"2026-07-22 02:11:24",1288,1,265,31755ce7-ad09-4760-9320-2831957f5cb4
2594,1,"1000 HR SERVICE (GROVE TMS9000-2 TRUCK CRANE)",1000,NULL,NULL,NULL,NULL,NULL,"SEE EQUIPMENT DETAILS - PARTS TAB OR WRITE IN PARTS USED:

","• COMPLETE ALL 500 HOUR ITEMS
• CHANGE SWING GEARBOX OIL
• CHANGE MAIN HOIST GEARBOX OIL
• CHANGE AUXILIARY HOIST GEARBOX OIL
• CHANGE BOOM HOIST GEARBOX OIL
• REPLACE HYDRAULIC PRESSURE FILTER(S)
• SAMPLE OR CHANGE HYDRAULIC OIL AS REQUIRED
• CHECK DRUM BRAKE ADJUSTMENTS
• INSPECT HOIST CLUTCHES AND BRAKES
• INSPECT SWING BEARING BOLT TORQUE
• INSPECT BOOM CHORDS FOR CRACKS
• INSPECT TELESCOPE CYLINDER MOUNTS
• INSPECT BOOM EXTENSION WEAR PADS
• INSPECT OUTRIGGER CYLINDERS
• CHECK BOOM ANGLE INDICATOR CALIBRATION
• CHECK LMI CALIBRATION
• INSPECT ELECTRICAL WIRING AND CONNECTORS
",NULL,40,NULL,0,"2026-07-22 02:11:44",1288,1,265,0b04b248-366a-44c4-a024-5e460a9befe3
2595,1,"1000 HR SERVICE (HAUL TRUCK)",1000,NULL,NULL,NULL,NULL,NULL,"SEE EQUIPMENT DETAILS - PARTS TAB OR WRITE IN PARTS USED:
","INCLUDES ALL 500 HR TASKS
REPLACE HYDRAULIC RETURN FILTER
REPLACE TRANSMISSION FILTER
INSPECT DRIVELINES
INSPECT AXLES
INSPECT DIFFERENTIALS
INSPECT SUSPENSION
CHECK SERVICE BRAKES
CHECK PARKING BRAKE
PERFORM DIAGNOSTIC SCAN
",NULL,40,NULL,0,"2026-07-22 02:12:12",1288,1,265,13204065-fd50-417c-a52c-dc5e0c873a7c
2596,1,"1000 HR SERVICE (HYD WINCH)",1000,NULL,NULL,NULL,NULL,NULL,"SEE EQUIPMENT DETAILS - PARTS TAB OR WRITE IN PARTS USED:
","COMPLETE ALL 500 HOUR ITEMS
CHANGE HYDRAULIC FLUID
CHANGE WINCH OILS
",NULL,40,NULL,0,"2026-07-22 02:12:46",1288,1,265,42fd6685-5767-45f0-b5ec-aaed3342762f
2597,1,"1000 HR SERVICE (INDUSTRIAL FORKLIFT)",1000,NULL,NULL,NULL,NULL,NULL,"SEE EQUIPMENT DETAILS - PARTS TAB OR WRITE IN PARTS USED:
","INCLUDES ALL 500 HR TASKS
REPLACE HYD FILTER
REPLACE FUEL FILTERS(S)
REPLACE OR INSPECT AIR FILTER
INSPECT TRANSMISSION CONDITION
CHECK WHEEL BEARINGS
",NULL,40,NULL,0,"2026-07-22 02:13:04",1288,1,265,1fedb85f-85e8-45ea-8013-b407819bd084
2598,1,"1000 HR SERVICE (LINKBELT 128DLC)",1000,NULL,NULL,NULL,NULL,NULL,"SEE EQUIPMENT DETAILS - PARTS TAB OR WRITE IN PARTS USED:
","• COMPLETE ALL 500 HOUR ITEMS
• CHANGE SWING MACHINERY OIL
• CHANGE PROPEL GEARCASE OIL
• REPLACE HYDRAULIC PRESSURE FILTER(S)
• SAMPLE OR CHANGE HYDRAULIC OIL AS REQUIRED
• INSPECT SWING BEARING BOLTS
• INSPECT STRUCTURAL WELDS
• INSPECT PUMPS AND HYDRAULIC MOTORS
• CHECK TRACK TENSION
• INSPECT CARBODY AND CRAWLER FRAMES
• INSPECT LOAD HOLDING VALVES
• CHECK ALL LIMITS AND SAFETY DEVICES

",NULL,40,NULL,0,"2026-07-22 02:13:32",1288,1,265,6f21983e-cd75-456f-af48-5acf987e0240
2599,1,"1000 HR SERVICE (LINKBELT LS338)",1000,NULL,NULL,NULL,NULL,NULL,"SEE EQUIPMENT DETAILS - PARTS TAB OR WRITE IN PARTS USED:
","• COMPLETE ALL 500 HOUR ITEMS
• CHANGE SWING MACHINERY OIL
• CHANGE MAIN HOIST GEARCASE OIL
• CHANGE AUXILIARY HOIST GEARCASE OIL
• CHANGE PROPEL MACHINERY OIL
• CHANGE TORQUE CONVERTER / TRANSMISSION OIL
• REPLACE TORQUE CONVERTER FILTER
• CLEAN TRANSMISSION SUCTION SCREEN
• CHECK TRANSMISSION PRESSURES
• INSPECT SWING BEARING BOLTS
• INSPECT BOOM STRUCTURE
• INSPECT CARBODY AND CRAWLER FRAME
• CHECK SAFETY DEVICES AND LIMIT SWITCHES",NULL,40,NULL,0,"2026-07-22 02:13:59",1288,1,265,64b7eedb-e755-413f-97e9-b15527fae71b
2600,1,"1000 HR SERVICE (LOADER)",1000,NULL,NULL,NULL,NULL,NULL,"SEE EQUIPMENT DETAILS - PARTS TAB OR WRITE IN PARTS USED:","INCLUDES ALL 500 HR TASKS
REPLACE HYDRAULIC RETURN FILTER
REPLACE CASE DRAIN FILTER
INSPECT MAIN HYDRAULIC PUMP
INSPECT AUXILIARY HYDRAULICS
CHECK HYDRAULIC PRESSURES
INSPECT CYLINDER RODS
INSPECT CYLINDER SEALS
INSPECT ENGINE MOUNTS
INSPECT FRAME WELDS
MEASURE UNDERCARRIAGE WEAR
INSPECT TRACK ALIGNMENT OR INSPECT TIRES
CHECK CHARGING SYSTEM
PERFORM DIAGNOSTIC SCAN
",NULL,40,NULL,0,"2026-07-22 02:14:26",1288,1,265,0e147f64-c3ba-4393-973d-b0aa410d7f82
2601,1,"1000 HR SERVICE (MAEDA CC1485S-1)",1000,NULL,NULL,NULL,NULL,NULL,"SEE EQUIPMENT DETAILS - PARTS TAB OR WRITE IN PARTS USED:
","PERFORM 500 HR SERVICE +
CHANGE TRANSMISSION FILTER & FLUID
",NULL,40,NULL,0,"2026-07-22 02:14:48",1288,1,265,527789ea-0f74-4ac5-a5dd-a45ebd800428
2602,1,"1000 HR SERVICE (MANITOWOC 10K CRAWLER)",1000,NULL,NULL,NULL,NULL,NULL,"SEE EQUIPMENT DETAILS - PARTS TAB OR WRITE IN PARTS USED:

","INCLUDES ALL 500 HR TASKS
TEST ENGINE COOLANT
CHANGE AIR ELEMENT
REPLACE DRAIN FILTER (CARTRIDGE)
CHANGE SWING REDUCTION OIL
CHANGE WINCH REDUCTION OIL
CHANGE OIL IN POWER DIVIDER
CHANGE OIL IN PROPEL REDUCTION UNIT
INSPECT DRUMS
INSPECT BRAKES
INSPECT SWING DRIVE
INSPECT CRAWLERS
",NULL,40,NULL,0,"2026-07-22 02:15:15",1288,1,265,9da2fef5-4bf4-4aab-b21e-b6172566e507
2603,1,"1000 HR SERVICE (MANITOWOC 11K CRAWLER)",1000,NULL,NULL,NULL,NULL,NULL,"SEE EQUIPMENT DETAILS - PARTS TAB OR WRITE IN PARTS USED:

","INCLUDES ALL 500 HR TASKS
TEST ENGINE COOLANT
CHANGE AIR ELEMENT
REPLACE DRAIN FILTER (CARTRIDGE)
CHANGE SWING REDUCTION OIL
CHANGE WINCH REDUCTION OIL
CHANGE OIL IN POWER DIVIDER
CHANGE OIL IN PROPEL REDUCTION UNIT
INSPECT DRUMS
INSPECT BRAKES
INSPECT SWING DRIVE
INSPECT CRAWLERS
",NULL,40,NULL,0,"2026-07-22 02:15:42",1288,1,265,9fbf481b-bacb-4bab-8d77-30994f7c6b39
2604,1,"1000 HR SERVICE (MANITOWOC 2250 CRAWLER)",1000,NULL,NULL,NULL,NULL,NULL,"SEE EQUIPMENT DETAILS - PARTS TAB OR WRITE IN PARTS USED:

","INCLUDES ALL 500 HR TASKS
REPLACE PILOT OIL PRESSURE FILTER ELEMENT
REPLACE HYD RETURN FILTERS (3)
INSPECT & CLEAN SUCTION STRAINER INSIDE TANK
CHANGE TRANSMISSION FILTER
SAMPLE ENGINE COOLANT
SAMPLE HYD OIL
CHANGE AIR ELEMENT
REPLACE DRAIN FILTER (CARTRIDGE)
CHANGE SWING REDUCTION OIL
CHANGE WINCH REDUCTION OIL
CHANGE OIL IN POWER DIVIDER
CHANGE OIL IN PROPEL REDUCTION UNIT
LUBE GREASE POINTS
INSPECT DRUMS
INSPECT BRAKES
INSPECT SWING DRIVE
INSPECT CRAWLERS
INSPECT PUMP DRIVE
INSPECT CRAWLER GEARBOXES
INSPECT SWING GEARBOXES
INSPECT DRUM GEARBOXES
INSPECT BOOM HOIST GEARBOX",NULL,40,NULL,0,"2026-07-22 02:16:03",1288,1,265,df0f2030-2332-42ae-adbc-ff7ef4765a6e
2605,1,"1000 HR SERVICE (MANITOWOC 999 CRAWLER)",1000,NULL,NULL,NULL,NULL,NULL,"SEE EQUIPMENT DETAILS - PARTS TAB OR WRITE IN PARTS USED:

","INCLUDES ALL 500 HR TASKS
TEST ENGINE COOLANT
CHANGE AIR ELEMENT
REPLACE DRAIN FILTER (CARTRIDGE)
CHANGE SWING REDUCTION OIL
CHANGE WINCH REDUCTION OIL
CHANGE OIL IN POWER DIVIDER
CHANGE OIL IN PROPEL REDUCTION UNIT
INSPECT DRUMS
INSPECT BRAKES
INSPECT SWING DRIVE
INSPECT CRAWLERS
",NULL,40,NULL,0,"2026-07-22 02:16:24",1288,1,265,cc31455a-466c-4e05-91de-1aaedc95e5d2
2606,1,"1000 HR SERVICE (MANITOWOC MLC100 CRAWLER)",1000,NULL,NULL,NULL,NULL,NULL,"SEE EQUIPMENT DETAILS - PARTS TAB OR WRITE IN PARTS USED:

","INCLUDES ALL 500 HR TASKS
REPLACE PILOT OIL PRESSURE FILTER ELEMENT
REPLACE HYD RETURN FILTERS (3)
INSPECT & CLEAN SUCTION STRAINER INSIDE TANK
CHANGE TRANSMISSION FILTER
SAMPLE ENGINE COOLANT
SAMPLE HYD OIL
CHANGE AIR ELEMENT
REPLACE DRAIN FILTER (CARTRIDGE)
CHANGE SWING REDUCTION OIL
CHANGE WINCH REDUCTION OIL
CHANGE OIL IN POWER DIVIDER
CHANGE OIL IN PROPEL REDUCTION UNIT
LUBE GREASE POINTS
INSPECT DRUMS
INSPECT BRAKES
INSPECT SWING DRIVE
INSPECT CRAWLERS
INSPECT PUMP DRIVE
INSPECT CRAWLER GEARBOXES
INSPECT SWING GEARBOXES
INSPECT DRUM GEARBOXES
INSPECT BOOM HOIST GEARBOX
",NULL,40,NULL,0,"2026-07-22 02:17:07",1288,1,265,d6c1371e-2b24-4f9b-9b14-3489ffbe7107
2607,1,"1000 HR SERVICE (MANITOWOC MLC165 CRAWLER)",1000,NULL,NULL,NULL,NULL,NULL,"SEE EQUIPMENT DETAILS - PARTS TAB OR WRITE IN PARTS USED:

","INCLUDES ALL 500 HR TASKS
REPLACE PILOT OIL PRESSURE FILTER ELEMENT
REPLACE HYD RETURN FILTERS (3)
INSPECT & CLEAN SUCTION STRAINER INSIDE TANK
CHANGE TRANSMISSION FILTER
SAMPLE ENGINE COOLANT
SAMPLE HYD OIL
CHANGE AIR ELEMENT
REPLACE DRAIN FILTER (CARTRIDGE)
CHANGE SWING REDUCTION OIL
CHANGE WINCH REDUCTION OIL
CHANGE OIL IN POWER DIVIDER
CHANGE OIL IN PROPEL REDUCTION UNIT
LUBE GREASE POINTS
INSPECT DRUMS
INSPECT BRAKES
INSPECT SWING DRIVE
INSPECT CRAWLERS
INSPECT PUMP DRIVE
INSPECT CRAWLER GEARBOXES
INSPECT SWING GEARBOXES
INSPECT DRUM GEARBOXES
INSPECT BOOM HOIST GEARBOX
",NULL,40,NULL,0,"2026-07-22 02:17:24",1288,1,265,7640a51f-ebbf-4eb3-b30e-82d7d50c0827
2608,1,"1000 HR SERVICE (MANITOWOC MLC300 CRAWLER)",1000,NULL,NULL,NULL,NULL,NULL,"SEE EQUIPMENT DETAILS - PARTS TAB OR WRITE IN PARTS USED:
","INCLUDES ALL 500 HR TASKS
REPLACE PILOT OIL PRESSURE FILTER ELEMENT
REPLACE HYD RETURN FILTERS (3)
INSPECT & CLEAN SUCTION STRAINER INSIDE TANK
CHANGE TRANSMISSION FILTER
SAMPLE ENGINE COOLANT
SAMPLE HYD OIL
CHANGE AIR ELEMENT
REPLACE DRAIN FILTER (CARTRIDGE)
CHANGE SWING REDUCTION OIL
CHANGE WINCH REDUCTION OIL
CHANGE OIL IN POWER DIVIDER
CHANGE OIL IN PROPEL REDUCTION UNIT
LUBE GREASE POINTS
INSPECT DRUMS
INSPECT BRAKES
INSPECT SWING DRIVE
INSPECT CRAWLERS
INSPECT PUMP DRIVE
INSPECT CRAWLER GEARBOXES
INSPECT SWING GEARBOXES
INSPECT DRUM GEARBOXES
INSPECT BOOM HOIST GEARBOX",NULL,40,NULL,0,"2026-07-22 02:17:41",1288,1,265,c9af4b08-9656-498a-8839-140c9f29789f
2609,1,"1000 HR SERVICE (MANITOWOC MLC300)",1000,NULL,NULL,NULL,NULL,NULL,"SEE EQUIPMENT DETAILS - PARTS TAB","LUBE GREASE POINTS
INSPECT CRAWLER GEARBOXES
INSPECT SWING GEARBOXES
INSPECT DRUM GEARBOXES
INSPECT BOOM HOIST GEARBOX
SAMPLE HYD OIL
INSPECT & CLEAN SUCTION STRAINER INSIDE TANK
INSPECT PUMP DRIVE
",NULL,40,NULL,1,"2026-07-22 02:18:02",1288,1,265,0088fe8a-f8e2-41bf-aa2c-8d6db78d7da1
2610,1,"1000 HR SERVICE (AMER HC80 CRAWLER CRANE)",1000,NULL,NULL,NULL,NULL,NULL,"SEE EQUIPMENT DETAILS - PARTS TAB OR WRITE IN PARTS USED:","• PERFORM ALL 500 HOUR ITEMS
• SAMPLE HYDRAULIC OIL
• REPLACE HYDRAULIC RETURN FILTER
• REPLACE HYDRAULIC SUCTION FILTER
• REPLACE HYDRAULIC RETURN FILTER

",NULL,40,NULL,0,"2026-07-22 02:18:22",1288,1,265,ae649af5-4bae-47f4-876d-c92c394795eb
2611,1,"2500 HR SERVICE (MILLENNIUM 4100 w/RINGER)",2500,NULL,NULL,NULL,NULL,NULL,"SEE EQUIPMENT DETAILS - PARTS TAB OR WRITE IN PARTS USED:
","• PERFORM ALL 250 & 2000 HOUR TASKS PLUS
• CHANGE ALL PLANETARIES* ALL PLANETARY OILS REQUIRE CHANGE AFTER INITIAL 200 OPERATING HOURS
• CHANGE ALL GEARBOXES** ALL GEAR BOX OILS REQUIRE CHANGE AFTER INITIAL 100 OPERATING HOURS",NULL,40,NULL,0,"2026-07-22 02:18:43",1288,1,265,74a27333-f008-4d23-8198-458cb2890ab7
2612,1,"1000 HR SERVICE (SHUTTLELIFT 5540F CARRY DECK)",1000,NULL,NULL,NULL,NULL,NULL,"SEE EQUIPMENT DETAILS - PARTS TAB OR WRITE IN PARTS USED:

","CHANGE TRANSMISSION FILTER & FLUID
REPLACE HYD FILTERS
CHANGE WINCH GEARBOX LUBRICANT
REPLACE AXLE WHEEL HUB LUBRICANT
",NULL,40,NULL,0,"2026-07-22 02:19:04",1288,1,265,786ba17e-6786-4cd7-adcc-5425c5a81896
2613,1,"1000 HR SERVICE (SKIDSTEER)",1000,NULL,NULL,NULL,NULL,NULL,"SEE EQUIPMENT DETAILS - PARTS TAB OR WRITE IN PARTS USED:","PERFORM ALL 500 HR TASKS
REPLACE HYDRAULIC RETURN FILTER
REPLACE CASE DRAIN FILTER
INSPECT LOADER LINKAGE
INSPECT CYLINDERS
INSPECT UNDERCARRIAGE WEAR
CHECK HYDRAULIC PRESSURES
PERFORM DIAGNOSTIC SCAN
",NULL,40,NULL,0,"2026-07-22 02:19:23",1288,1,265,9092adc5-ad55-4661-8c1f-7810f2345307
2614,1,"1000 HR SERVICE (TADANO GTC-1300 CRAWLER)",1000,NULL,NULL,NULL,NULL,NULL,"SEE EQUIPMENT DETAILS - PARTS TAB OR WRITE IN PARTS USED:","COMPLETE ALL 500 HOUR ITEMS
CHANGE HYD FILTERS
HYD SYSTEM - CHECK FAN FOR PROPER OPERATION
CHECK WINCH MOUNTING BOLTS
CANGE OIL IN WINCHES
CHANGE SWING DRIVE REDUCER OIL
CHECK STARTER
TREAT DOOR LOCKS
INSPECT A/C SYSTEM
",NULL,40,NULL,0,"2026-07-22 02:19:41",1288,1,265,865ee815-fff4-480c-94d1-706bc4e2777f
2615,1,"1000 HR SERVICE (TADANO GTC-800 CRAWLER)",1000,NULL,NULL,NULL,NULL,NULL,"SEE EQUIPMENT DETAILS - PARTS TAB OR WRITE IN PARTS USED:
","COMPLETE ALL 500 HOUR ITEMS
REPLACE PILOT OIL PRESSURE FILTER ELEMENT
CHANGE HYD RETURN FILTERS
CHANGE SWING DRIVE REDUCER OIL
GREASE SWING DRIVE REDUCER
CHANGE TRACK DRIVE REDUCER OIL
INSPECT & CLEAN ELECTRICAL SLIP RING
CHANGE WINCH OIL
INSPECT A/C & HEATING SYSTEM
TREAT DOOR LOCK & SEAL
",NULL,40,NULL,0,"2026-07-22 02:20:01",1288,1,265,351da6ce-5167-4424-8284-c787d73fa0d5
2616,1,"1000 HR SERVICE (TADANO GTC-900 CRAWLER)",1000,NULL,NULL,NULL,NULL,NULL,"SEE EQUIPMENT DETAILS - PARTS TAB OR WRITE IN PARTS USED:","COMPLETE ALL 500 HOUR ITEMS
REPLACE PILOT OIL PRESSURE FILTER ELEMENT
CHANGE HYD RETURN FILTERS
CHANGE SWING DRIVE REDUCER OIL
GREASE SWING DRIVE REDUCER
CHANGE TRACK DRIVE REDUCER OIL
INSPECT & CLEAN ELECTRICAL SLIP RING
CHANGE WINCH OIL
INSPECT A/C & HEATING SYSTEM
TREAT DOOR LOCK & SEAL",NULL,40,NULL,0,"2026-07-22 02:20:25",1288,1,265,7abe9b07-43ee-4617-a8d6-0ac2afe5e316
2617,1,"1000 HR SERVICE (TELEHANDLER FORKLIFT)",1000,NULL,NULL,NULL,NULL,NULL,"SEE EQUIPMENT DETAILS - PARTS TAB OR WRITE IN PARTS USED:
","INCLUDES ALL 500 HR TASKS
REPLACE AIR FILTERS
CHECK FLUIDS
INSPECT COOLING SYSTEM
CHECK DIFFERENTIALS & DRIVELINE
INSPECT BOOM WEAR PADS
INSPECT FORKS & CARRIAGE
CHECK BATTERY & ELECTRICAL
VERIFY LIGHTS, ALARMS & SAFETIES
",NULL,40,NULL,0,"2026-07-22 02:22:56",1288,1,265,c60dd167-e11b-4b6d-8ef7-7d52191ae48f
2618,1,"1000 HR SERVICE (VAC TRUCK)",1000,NULL,NULL,NULL,NULL,NULL,"SEE EQUIPMENT DETAILS - PARTS TAB OR WRITE IN PARTS USED:

","INCLUDE ALL 500 HR TASKS
HYD OIL CHANGE (ISO 32)
HYD OIL FILTER
HYDRO STAT CHARGE FILTER
SYSTEM PRESSURE FILTER - OIL FILTER
LIQUID RING - HYD TANK (HD ISO 68)
LIQUID RING - OIL FILTER
",NULL,40,NULL,0,"2026-07-22 02:23:23",1288,1,265,907a36de-0c0c-4711-a731-d93a9ee0e1d4
2619,1,"1000 HR SERVICE (WATER TRUCK)",1000,NULL,NULL,NULL,NULL,NULL,"SEE EQUIPMENT DETAILS - PARTS TAB OR WRITE IN PARTS USED:
","INCLUDES ALL 500 HR TASKS +
REPLACE AIR FILTER
REPLACE TRANSMISSION FILTER
CHECK AXLE OIL LEVELS
INSPECT U-JOINTS
CHECK BRAKE LININGS
CHECK SLACK ADJUSTERS
CHECK CHARGING SYSTEM
PERFORM DIAGNOSTIC SCAN
",NULL,40,NULL,0,"2026-07-22 02:23:44",1288,1,265,cb8bbc01-332a-4776-b3b4-81d83e38940e
2620,1,"1000 HR TUGBOAT (GENSET - STARBOARD) - HOUR",1000,NULL,NULL,NULL,NULL,NULL,"SEE EQUIPMENT DETAILS - PARTS TAB OR WRITE IN PARTS USED:
","• PERFORM ALL 500 HOUR TASKS PLUS
• REPLACE CRANKCASE BREATHER FILTER
• CHANGE HYDRAULIC FILTERS
• TRANSMISSION GEAR BOXES",NULL,40,NULL,0,"2026-07-22 02:24:02",1288,1,265,e4396d8f-94cc-4f4b-b723-018c1c4d5ea0
2621,1,"1000 HR TUGBOAT (MAIN - STARBOARD) - HOUR",1000,NULL,NULL,NULL,NULL,NULL,"SEE EQUIPMENT DETAILS - PARTS TAB OR WRITE IN PARTS USED:","• PERFORM ALL 500 HOUR TASKS PLUS
• REPLACE CRANKCASE BREATHER FILTER
• CHANGE HYDRAULIC FILTERS
• TRANSMISSION GEAR BOXES",NULL,40,NULL,0,"2026-07-22 02:24:27",1288,1,265,27f1e042-d9c1-4d23-8b9f-69e822bc659b
2622,1,"1000 HR TUGBOAT (SINGLE SCREW)",1000,NULL,NULL,NULL,NULL,NULL,"SEE EQUIPMENT DETAILS - PARTS TAB OR WRITE IN PARTS USED:
","• PERFORM ALL 500 HOUR TASKS PLUS
• REPLACE CRANKCASE BREATHER FILTER
• CHANGE HYDRAULIC FILTERS
• TRANSMISSION GEAR BOXES",NULL,40,NULL,0,"2026-07-22 02:25:04",1288,1,265,357ac0ff-5e4e-40d1-97a7-bec96898d131
2623,2,"1000 MI TUGBOAT (GENSET - PORT) - ODOMETER",NULL,NULL,1000,NULL,NULL,NULL,"SEE EQUIPMENT DETAILS - PARTS TAB OR WRITE IN PARTS USED:","• PERFORM ALL 500 HOUR TASKS PLUS
• REPLACE CRANKCASE BREATHER FILTER
• CHANGE HYDRAULIC FILTERS
• TRANSMISSION GEAR BOXES",NULL,NULL,40,0,"2026-07-22 02:25:25",1288,1,265,d402e984-5d47-4348-b654-ca811d66f203
2624,2,"1000 MI TUGBOAT (MAIN - PORT) - ODOMETER",NULL,NULL,1000,NULL,NULL,NULL,"SEE EQUIPMENT DETAILS - PARTS TAB OR WRITE IN PARTS USED:","• PERFORM ALL 500 HOUR TASKS PLUS
• REPLACE CRANKCASE BREATHER FILTER
• CHANGE HYDRAULIC FILTERS
• TRANSMISSION GEAR BOXES",NULL,NULL,40,0,"2026-07-22 02:25:47",1288,1,265,ef7845cc-fd05-4324-b668-e5dbaae58075
2625,2,"10000 MI SERVICE (FUEL/LUBE FREIGHTLINER)",NULL,NULL,10000,NULL,NULL,NULL,"SEE EQUIPMENT DETAILS - PARTS TAB OR WRITE IN PARTS USED:

","ENGINE & FLUIDS:
-CHANGE ENGINE OIL AND OIL FILTER
-CHECK COOLANT LEVEL AND CONDITION
-CHECK POWER STEERING FLUID
-CHECK TRANSMISSION FLUID LEVEL/FILTER
-CHECK HYDRAULIC FLUID LEVEL
-CHECK DEF LEVEL AND INSPECT DEF SYSTEM
-DRAIN WATER SEPARATOR AND INSPECT FUEL SYSTEM

AIR:
-INSPECT AIR FILTERS AND REPLACE IF NEEDED

BRAKES:
-INSPECT BRAKE LININGS/PADS
-CHECK BRAKE DRUMS/ROTORS
-INSPECT SLACK ADJUSTERS
-CHECK BRAKE CHAMBERS AND HARDWARE
-VERIFY PARKING BRAKE OPERATION

TIRES & WHEELS:
-CHECK TIRE PRESSURE
-MEASURE TREAD DEPTH
-INSPECT FOR CUTS, PUNCTURES, AND UNEVEN WEAR
-CHECK WHEEL NUTS AND RIM CONDITION

STEERING & SUSPENSION:
-INSPECT STEERING LINKAGE
-CHECK KINGPINS AND TIE-ROD ENDS
-LUBRICATE GREASE FITTINGS
-INSPECT SPRINGS, BUSHINGS, SHOCKS, AND U-BOLTS

ELECTRICAL SYSTEM:
-TEST LIGHTS AND SIGNALS
-INSPECT BATTERIES AND CONNECTIONS
-CHECK ALTERNATOR CHARGING VOLTAGE
-INSPECT WIRING FOR DAMAGE

GENERAL INSPECTION:
-CHECK MIRRORS, WINDSHIELD, AND WIPERS
-INSPECT SEAT BELTS
-CHECK HORN AND BACKUP ALARM
-INSPECT PTO OPERATION
-DOCUMENT DEFECTS AND REPAIRS
",NULL,NULL,200,0,"2026-07-22 02:26:10",1288,1,265,c912094f-1e2b-4721-9276-5d254dcb93ac
2626,2,"10000 MI SERVICE (SEMI-TRACTOR)",NULL,NULL,10000,NULL,NULL,NULL,"SEE EQUIPMENT DETAILS - PARTS TAB OR WRITE IN PARTS USED:

","ENGINE & FLUIDS:
-CHANGE ENGINE OIL AND OIL FILTER
-CHECK COOLANT LEVEL AND CONDITION
-CHECK POWER STEERING FLUID
-CHECK TRANSMISSION FLUID LEVEL/FILTER
-CHECK HYDRAULIC FLUID LEVEL
-CHECK DEF LEVEL AND INSPECT DEF SYSTEM
-DRAIN WATER SEPARATOR AND INSPECT FUEL SYSTEM

AIR:
-INSPECT AIR FILTERS AND REPLACE IF NEEDED

BRAKES:
-INSPECT BRAKE LININGS/PADS
-CHECK BRAKE DRUMS/ROTORS
-INSPECT SLACK ADJUSTERS
-CHECK BRAKE CHAMBERS AND HARDWARE
-VERIFY PARKING BRAKE OPERATION

TIRES & WHEELS:
-CHECK TIRE PRESSURE
-MEASURE TREAD DEPTH
-INSPECT FOR CUTS, PUNCTURES, AND UNEVEN WEAR
-CHECK WHEEL NUTS AND RIM CONDITION

STEERING & SUSPENSION:
-INSPECT STEERING LINKAGE
-CHECK KINGPINS AND TIE-ROD ENDS
-LUBRICATE GREASE FITTINGS
-INSPECT SPRINGS, BUSHINGS, SHOCKS, AND U-BOLTS

ELECTRICAL SYSTEM:
-TEST LIGHTS AND SIGNALS
-INSPECT BATTERIES AND CONNECTIONS
-CHECK ALTERNATOR CHARGING VOLTAGE
-INSPECT WIRING FOR DAMAGE

GENERAL INSPECTION:
-CHECK MIRRORS, WINDSHIELD, AND WIPERS
-INSPECT SEAT BELTS
-CHECK HORN AND BACKUP ALARM
-INSPECT PTO OPERATION
-DOCUMENT DEFECTS AND REPAIRS
",NULL,NULL,200,0,"2026-07-22 02:26:35",1288,1,265,470b7c36-161f-4a75-a88a-f9eadb561295
2627,1,"200 HR SERVICE (UTV)",200,NULL,NULL,NULL,NULL,NULL,"SEE EQUIPMENT DETAILS - PARTS TAB OR WRITE IN PARTS USED:

",">CHANGE ENGINE OIL & FILTER   
>REPLACE AIR FILTER 
>CHANGE FUEL FILTERS
>CHANGE TRANSMISSION FLUID
>CHANGE FRONT GEARCASE FLUID   

INSPECT BATTERY TERMINALS   
BRAKE SYSTEM - INSPECT FLUID LEVEL/BRAKE PAD WEAR   
COOLING SYSTEM - INSPECT FLUID LEVEL/PRESSURE TEST YEARLY   
DIRVE BELT - INSPECT/CLEAN/REPLACE AS NEEDED   
FUEL SYSTEM* - CYCLE KEY TO PRESSURIZE FUEL PUMP/CHECK LEAKS   
GENERAL LUBRICATION - ALL FITTINGS & GREASE   
CLEAN RADIATOR OF DEBRIS/INSPECT FOR DAMAGE   
INSPECT SHIFT CABLE/LINKAGE   
SHOCKS - INSPECT SEALS & BUSHINGS; REPLACE AS NEEDED   
SPARK PLUG - REPLACE AS NEEDED   
STEERING COMPONENTS - INSPECT TIE RODS/RACK/BOOTS   
SUSPENSION SYSTEM* INSPECT TIE RODS/WHEEL BEARINGS/BUSHINGS   
THROTTLE BODY/AIR INTAKE DUCTS/FLANGES - INSPECT FOR LEAKS   
INSPECT TIRES FOR DAMAGE/DRY ROT/TREAD   
VALVE CLEARANCE* INSPECT/ADJUST AS NEEDED
WIRING - INSPECT FOR WEAR/ROUTING/RETENTION   
CLUTCHES* INSPECT BUSHINGS, ROLLERS, WEARABLE PARTS   
SPARK ARRESTOR - INSPECT/CLEAN OUT   
",NULL,10,NULL,0,"2026-07-22 02:27:53",1288,1,265,25d71d6c-873b-41ad-9c7d-f2c5fb08ed8c
2628,1,"200 HR SERVICE (WELDER MILLER BOBCAT 225/265)",200,NULL,NULL,NULL,NULL,NULL,"SEE EQUIPMENT DETAILS - PARTS TAB OR WRITE IN PARTS USED:

","CHANGE ENGINE OIL & FILTER
REPLACE FUEL FILTER(S)
INSPECT/REPLACE AIR FILTER

CHECK ALTERNATOR OUTPUT
CHECK BATTERY CONDITION
INSPECT COOLING SYSTEM
INSPECT ENGINE MOUNTS
INSPECT EXHAUST SYSTEM
CHECK FOR OIL LEAKS
CHECK FOR FUEL LEAKS
INSPECT WELD LEADS
INSPECT ELECTRODE HOLDER
INSPECT GROUND CLAMP
CHECK AC/DC OUTPUT
VERIFY AUXILIARY POWER OUTPUT
CLEAN MACHINE INTERIOR
REMOVE DEBRIS FROM COOLING SYSTEM
OPERATIONAL TEST",NULL,30,NULL,0,"2026-07-22 02:28:17",1288,1,265,12dc1fe6-3597-4410-97e7-2946033601cc
2629,1,"2000 HR SERVICE (6" HYD WATER PUMP)",2000,NULL,NULL,NULL,NULL,NULL,"SEE EQUIPMENT DETAILS - PARTS TAB OR WRITE IN PARTS USED:
","INCLUDES ALL 1000 HR TASKS
SAMPLE/CHANGE HYDRAULIC OIL
",NULL,40,NULL,0,"2026-07-22 02:28:37",1288,1,265,0e25fe16-76d9-40cd-a24a-64037095410c
2630,1,"2000 HR SERVICE (AIR COMPRESSOR)",2000,NULL,NULL,NULL,NULL,NULL,"SEE EQUIPMENT DETAILS - PARTS TAB OR WRITE IN PARTS USED:
","INCLUDES ALL 1000 HR TASKS
SAMPLE COMPRESSOR OIL
REPLACE COOLANT

",NULL,40,NULL,0,"2026-07-22 02:28:55",1288,1,265,5173f33a-6a37-4c55-8d01-5f09d28fb80e
2631,1,"2000 HR SERVICE (COMPACTOR/ROLLER)",2000,NULL,NULL,NULL,NULL,NULL,"SEE EQUIPMENT DETAILS - PARTS TAB OR WRITE IN PARTS USED:","COMPLETE 1000 HR SERVICE
CHANGE HYDRAULIC OIL
CHANGE AXLE OILS
REPLACE COOLANT
REPLACE ALL FILTERS
INSPECT PINS AND BUSHINGS
INSPECT STRUCTURAL WELDS
INSPECT DRUM MOUNTS
PERFORM COMPLETE SAFETY INSPECTION",NULL,40,NULL,0,"2026-07-22 02:29:19",1288,1,265,a6f1bcc9-f200-49a2-8e52-cc634f163578
2632,1,"2000 HR SERVICE (DOZER)",2000,NULL,NULL,NULL,NULL,NULL,"SEE EQUIPMENT DETAILS - PARTS TAB OR WRITE IN PARTS USED:
","COMPLETE 1000 HR SERVICE
SAMPLE HYDRAULIC OIL
CHANGE FINAL DRIVE OIL
REPLACE COOLANT
REPLACE ALL FILTERS
INSPECT PUSH ARMS
INSPECT PINS AND BUSHINGS
INSPECT FRAME AND WELDS
COMPLETE SAFETY INSPECTION",NULL,40,NULL,0,"2026-07-22 02:29:40",1288,1,265,797ecaeb-860a-4343-ab76-d9c08f1b365c
2633,1,"2000 HR SERVICE (EXCAVATOR)",2000,NULL,NULL,NULL,NULL,NULL,"SEE EQUIPMENT DETAILS - PARTS TAB OR WRITE IN PARTS USED:
","INCLUDES ALL 1000 HR TASKS
SAMPLE HYDRAULIC OIL
REPLACE COOLANT
INSPECT MAIN PUMPS
INSPECT SWING GEARBOX
INSPECT TRAVEL GEARBOXES
HYDRAULIC PERFORMANCE TEST
",NULL,40,NULL,0,"2026-07-22 02:30:01",1288,1,265,837a61c9-7f5e-4f71-90de-a1da57f551b4
2634,1,"2000 HR SERVICE (MOTOR GRADER)",2000,NULL,NULL,NULL,NULL,NULL,"SEE EQUIPMENT DETAILS - PARTS TAB OR WRITE IN PARTS USED:
","COMPLETE 1000 HR SERVICE
SAMPLE HYDRAULIC OIL
CHANGE TANDEM OILS
REPLACE COOLANT
REPLACE ALL FILTERS
INSPECT CIRCLE DRIVE COMPONENTS
INSPECT PINS AND BUSHINGS
INSPECT FRAME AND STRUCTURAL COMPONENTS
COMPLETE SAFETY INSPECTION
",NULL,40,NULL,0,"2026-07-22 02:30:22",1288,1,265,f38cdbda-0fc9-4dc1-8ec7-eb355c241a4e
2635,1,"2000 HR SERVICE (GROVE RT600)",2000,NULL,NULL,NULL,NULL,NULL,"SEE EQUIPMENT DETAILS - PARTS TAB OR WRITE IN PARTS USED:
","COMPLETE 1000 HR TASKS
CHANGE HYD RETURN FILTER & BREATHER
SAMPLE HYD FLUID 
INSPECT/SAMPLE COOLANT
CHECK/REPLACE COOLANT STRAINER",NULL,40,NULL,0,"2026-07-22 02:30:45",1288,1,265,b428d352-9b90-49da-8766-4d03ea513a8c
2636,1,"2000 HR SERVICE (GROVE RT650)",2000,NULL,NULL,NULL,NULL,NULL,"SEE EQUIPMENT DETAILS - PARTS TAB OR WRITE IN PARTS USED:
","COMPLETE 1000 HR TASKS
CHANGE HYD RETURN FILTER & BREATHER
SAMPLE HYD FLUID 
INSPECT/SAMPLE COOLANT
CHECK/REPLACE COOLANT STRAINER",NULL,40,NULL,0,"2026-07-22 02:31:07",1288,1,265,bf5dbcac-2e98-4517-9784-812d7fed60cb
2637,1,"2000 HR SERVICE (GROVE GRT655)",2000,NULL,NULL,NULL,NULL,NULL,"SEE EQUIPMENT DETAILS - PARTS TAB OR WRITE IN PARTS USED:
","COMPLETE 1000 HR TASKS
CHANGE HYD RETURN FILTER & BREATHER
SAMPLE HYD FLUID 
INSPECT/SAMPLE COOLANT
CHECK/REPLACE COOLANT STRAINER

",NULL,40,NULL,0,"2026-07-22 02:31:30",1288,1,265,2e559352-b89b-4fe8-9e05-3a4a327b210b
2638,1,"2000 HR SERVICE (GROVE RT760)",2000,NULL,NULL,NULL,NULL,NULL,"SEE EQUIPMENT DETAILS - PARTS TAB OR WRITE IN PARTS USED:

","COMPLETE 1000 HR TASKS
CHANGE HYD RETURN FILTER & BREATHER
SAMPLE HYD FLUID 
INSPECT/SAMPLE COOLANT
CHECK/REPLACE COOLANT STRAINER
",NULL,40,NULL,0,"2026-07-22 02:31:52",1288,1,265,6c80b51c-a18e-4a3f-90ed-5cab7b5fc064
2639,1,"2000 HR SERVICE (GROVE RT765)",2000,NULL,NULL,NULL,NULL,NULL,"SEE EQUIPMENT DETAILS - PARTS TAB OR WRITE IN PARTS USED:
","COMPLETE 1000 HR TASKS
CHANGE HYD RETURN FILTER & BREATHER
SAMPLE HYD FLUID 
INSPECT/SAMPLE COOLANT
CHECK/REPLACE COOLANT STRAINER",NULL,40,NULL,0,"2026-07-22 02:32:16",1288,1,265,37f9d23d-56b5-414c-b7fe-0266a9f3657a
2640,1,"2000 HR SERVICE  (GROVE RT880 & GRT880)",2000,NULL,NULL,NULL,NULL,NULL,"SEE EQUIPMENT DETAILS - PARTS TAB OR WRITE IN PARTS USED:

","COMPLETE 1000 HR TASKS
CHANGE HYD RETURN FILTER & BREATHER
SAMPLE HYD FLUID 
INSPECT/SAMPLE COOLANT
CHECK/REPLACE COOLANT STRAINER",NULL,40,NULL,0,"2026-07-22 02:32:45",1288,1,265,7674f403-a7c8-4d74-afb5-a103d68561d0
2641,1,"2000 HR SERVICE (GROVE RT890)",2000,NULL,NULL,NULL,NULL,NULL,"SEE EQUIPMENT DETAILS - PARTS TAB OR WRITE IN PARTS USED:

","COMPLETE 1000 HR TASKS
CHANGE HYD RETURN FILTER & BREATHER
SAMPLE HYD FLUID 
INSPECT/SAMPLE COOLANT
CHECK/REPLACE COOLANT STRAINER",NULL,40,NULL,0,"2026-07-22 02:33:03",1288,1,265,237f8270-fb47-4e0c-99f8-2039e31af9c8
2642,1,"2000 HR SERVICE (GROVE TMS9000-2 TRUCK CRANE)",2000,NULL,NULL,NULL,NULL,NULL,"SEE EQUIPMENT DETAILS - PARTS TAB OR WRITE IN PARTS USED:
","• COMPLETE ALL 1000 HOUR ITEMS
• SAMPLE HYDRAULIC OIL
• REPLACE ALL HYDRAULIC FILTERS
• INSPECT HYDRAULIC PUMPS
• INSPECT HYDRAULIC MOTORS
• INSPECT SWING BEARING INTERNAL CLEARANCE
• INSPECT SWING PINION AND RING GEAR WEAR
• INSPECT BOOM SECTIONS FOR STRUCTURAL CRACKS
• INSPECT DRUMS, SHAFTS AND BEARINGS
• INSPECT ALL LOAD PINS
• INSPECT OUTRIGGER BEAMS FOR CRACKS
• INSPECT OUTRIGGER FLOAT ATTACHMENTS
• PERFORM COMPLETE CRANE FUNCTION TEST
• PERFORM STRUCTURAL INSPECTION OF UPPER FRAME
• VERIFY ALL SAFETY SYSTEM FUNCTIONS
",NULL,40,NULL,0,"2026-07-22 02:33:27",1288,1,265,8902191b-cb66-44d5-973b-8798940c2b99
2643,1,"2000 HR SERVICE (HAUL TRUCK)",2000,NULL,NULL,NULL,NULL,NULL,"SEE EQUIPMENT DETAILS - PARTS TAB OR WRITE IN PARTS USED:
","INCLUDES ALL 1000 HR TASKS
SAMPLE HYDRAULIC OIL
REPLACE COOLANT
INSPECT TRANSMISSION
INSPECT DIFFERENTIALS
INSPECT FINAL DRIVES
INSPECT TURBOCHARGER
ENGINE PERFORMANCE TEST
HYDRAULIC PERFORMANCE TEST
BRAKE PERFORMANCE TEST
",NULL,40,NULL,0,"2026-07-22 02:33:47",1288,1,265,6c05bfb3-dd2e-4604-8893-a19e865de32b
2644,1,"2000 HR SERVICE (INDUSTRIAL FORKLIFT)",2000,NULL,NULL,NULL,NULL,NULL,"SEE EQUIPMENT DETAILS - PARTS TAB OR WRITE IN PARTS USED:
","INCLUDES ALL 1000 HR TASKS
SAMPLE HYDRAULIC OIL
FLUSH/REPLACE COOLANT AS NEEDED
CHANGE TRANSMISSION OIL
CHANGE DIFFERENTIAL/DRIVE AXLE OIL",NULL,40,NULL,0,"2026-07-22 02:34:09",1288,1,265,35342092-c87b-49c8-ae48-b7a0ca479b03
2645,1,"2000 HR SERVICE (LOADER)",2000,NULL,NULL,NULL,NULL,NULL,"SEE EQUIPMENT DETAILS - PARTS TAB OR WRITE IN PARTS USED:","INCLUDES ALL 1000 HR TASKS
SAMPLE HYDRAULIC OIL
REPLACE COOLANT
INSPECT HYDRAULIC PUMPS
INSPECT DRIVE MOTORS
INSPECT FINAL DRIVES
INSPECT TURBOCHARGER
INSPECT INJECTORS
INSPECT AFTERTREATMENT COMPONENTS
INSPECT STRUCTURAL WELDS
HYDRAULIC PERFORMANCE TEST

REVIEW ACTIVE FAULT CODES
",NULL,40,NULL,0,"2026-07-22 02:34:29",1288,1,265,8825942d-b09e-45d0-8ebb-70066aed20e3
2646,1,"2000 HR SERVICE (MAEDA CC1485S-1)",2000,NULL,NULL,NULL,NULL,NULL,"SEE EQUIPMENT DETAILS - PARTS TAB OR WRITE IN PARTS USED:
","PERFORM 1000 HR SERVICE +
SAMPLE HYD OIL
CHANGE HYD RETURN FILTER & BREATHER
SAMPLE COOLANT
CHANGE COOLANT STRAINER",NULL,40,NULL,0,"2026-07-22 02:34:52",1288,1,265,e9665fca-1e38-4d33-900b-9cd8f9d09990
2647,1,"2000 HR SERVICE (MANITOWOC 10K CRAWLER)",2000,NULL,NULL,NULL,NULL,NULL,"SEE EQUIPMENT DETAILS - PARTS TAB OR WRITE IN PARTS USED:
","INCLUDES ALL 1000 HR TASKS
SAMPLE HYDRAULIC OIL
REPLACE COOLANT
INSPECT PLANETARIES
INSPECT GEARBOXES
",NULL,40,NULL,0,"2026-07-22 02:35:21",1288,1,265,ce320ad4-6263-459e-bf69-6bca816b3290
2648,1,"2000 HR SERVICE (MANITOWOC 11K CRAWLER)",2000,NULL,NULL,NULL,NULL,NULL,"SEE EQUIPMENT DETAILS - PARTS TAB OR WRITE IN PARTS USED:

","INCLUDES ALL 1000 HR TASKS
SAMPLE HYDRAULIC OIL
REPLACE COOLANT
INSPECT PLANETARIES
INSPECT GEARBOXES
",NULL,40,NULL,0,"2026-07-22 02:35:42",1288,1,265,120c31f4-470e-4533-b8a5-af4450336d8f
2649,1,"2000 HR SERVICE (MANITOWOC 2250 CRAWLER)",2000,NULL,NULL,NULL,NULL,NULL,"SEE EQUIPMENT DETAILS - PARTS TAB OR WRITE IN PARTS USED:

","INCLUDES ALL 1000 HR TASKS
SAMPLE HYDRAULIC OIL
SAMPLE COOLANT/ CHANGE FILTERS
INSPECT PLANETARIES
INSPECT GEARBOXES/CHANGE OIL
CHANGE FINAL DRIVE OIL IN LEFT & RIGHT CRAWLER TRACK FINAL DRIVES",NULL,40,NULL,0,"2026-07-22 02:35:59",1288,1,265,ce9636d8-fd88-4db4-884d-c9025fa42316
2650,1,"2000 HR SERVICE (MANITOWOC 999 CRAWLER)",2000,NULL,NULL,NULL,NULL,NULL,"SEE EQUIPMENT DETAILS - PARTS TAB OR WRITE IN PARTS USED:
","INCLUDES ALL 1000 HR TASKS
SAMPLE HYDRAULIC OIL
REPLACE COOLANT
INSPECT PLANETARIES
INSPECT GEARBOXES
",NULL,40,NULL,0,"2026-07-22 02:36:27",1288,1,265,b83e8fb4-2a91-4e49-a03f-2a7b78109a37
2651,1,"2000 HR SERVICE (MANITOWOC MLC100 CRAWLER)",2000,NULL,NULL,NULL,NULL,NULL,"SEE EQUIPMENT DETAILS - PARTS TAB OR WRITE IN PARTS USED:
","INCLUDES ALL 1000 HR TASKS
SAMPLE HYDRAULIC OIL
SAMPLE COOLANT/ CHANGE FILTERS
INSPECT PLANETARIES
INSPECT GEARBOXES/CHANGE OIL
CHANGE FINAL DRIVE OIL IN LEFT & RIGHT CRAWLER TRACK FINAL DRIVES",NULL,40,NULL,0,"2026-07-22 02:36:48",1288,1,265,31eaae47-d174-4f7e-8282-fbe7e042acd1
2652,1,"2000 HR SERVICE (MANITOWOC MLC165 CRAWLER)",2000,NULL,NULL,NULL,NULL,NULL,"SEE EQUIPMENT DETAILS - PARTS TAB OR WRITE IN PARTS USED:

","INCLUDES ALL 1000 HR TASKS
SAMPLE HYDRAULIC OIL
SAMPLE COOLANT/ CHANGE FILTERS
INSPECT PLANETARIES
INSPECT GEARBOXES/CHANGE OIL
CHANGE FINAL DRIVE OIL IN LEFT & RIGHT CRAWLER TRACK FINAL DRIVES
",NULL,40,NULL,0,"2026-07-22 02:37:06",1288,1,265,512eb43a-3a41-4c93-803a-dc8a381f7282
2653,1,"2000 HR SERVICE (MANITOWOC MLC300 CRAWLER)",2000,NULL,NULL,NULL,NULL,NULL,"SEE EQUIPMENT DETAILS - PARTS TAB OR WRITE IN PARTS USED:
","INCLUDES ALL 1000 HR TASKS
SAMPLE HYDRAULIC OIL
SAMPLE COOLANT/ CHANGE FILTERS
INSPECT PLANETARIES
INSPECT GEARBOXES/CHANGE OIL
CHANGE FINAL DRIVE OIL IN LEFT & RIGHT CRAWLER TRACK FINAL DRIVES
",NULL,40,NULL,0,"2026-07-22 02:37:26",1288,1,265,8bba1d83-ff7c-4087-a164-b3988f97dac8
2654,1,"2000 HR SERVICE (LINKBELT LS338)",2000,NULL,NULL,NULL,NULL,NULL,"SEE EQUIPMENT DETAILS - PARTS TAB OR WRITE IN PARTS USED:
","• COMPLETE ALL 1000 HOUR ITEMS
• DRAIN, FLUSH AND REPLACE COOLANT
• CHANGE ALL GEARCASE OILS
• CHANGE TORQUE CONVERTER / TRANSMISSION OIL
• REPLACE TORQUE CONVERTER FILTER
• REMOVE AND CLEAN SUCTION SCREEN
• INSPECT TORQUE CONVERTER DRIVE COMPONENTS
• INSPECT TRANSMISSION PUMP OUTPUT
• INSPECT SWING BEARING CONDITION
• INSPECT DRUMS, SHAFTS AND BEARINGS
• INSPECT SHEAVES FOR WEAR
• INSPECT HOOK BLOCKS
• PERFORM STRUCTURAL INSPECTION
• PERFORM FULL FUNCTION TEST
",NULL,40,NULL,0,"2026-07-22 02:37:45",1288,1,265,905cd8f4-17c5-470d-a1d4-401b7a6612a8
2655,1,"2000 HR SERVICE (MILLENNIUM 4100 w/RINGER)",2000,NULL,NULL,NULL,NULL,NULL,"SEE EQUIPMENT DETAILS - PARTS TAB OR WRITE IN PARTS USED:
","• PERFORM ALL 250 HOUR TASKS PLUS
• SAMPLE HYDRAULIC OIL (CHANGE AS NEEDED)
• SAMPLE COOLANT (CHANGE AS NEEDED)",NULL,40,NULL,0,"2026-07-22 02:38:07",1288,1,265,2211cf6a-679c-4a93-9eaa-f1358e65335e
2656,1,"2000 HR SERVICE (SHUTTLELIFT 5540F CARRY DECK)",2000,NULL,NULL,NULL,NULL,NULL,"SEE EQUIPMENT DETAILS - PARTS TAB OR WRITE IN PARTS USED:

","CHANGE ENGINE COOLANT
INSPECT SWING MECHANISM
SAMPLE HYD OIL",NULL,40,NULL,0,"2026-07-22 02:38:30",1288,1,265,8ef3b2cf-36e5-4473-a63d-02cd63a42012
2657,1,"2000 HR SERVICE (SKIDSTEER)",2000,NULL,NULL,NULL,NULL,NULL,"SEE EQUIPMENT DETAILS - PARTS TAB OR WRITE IN PARTS USED:","PERFORM ALL 1000 HR TASKS
SAMPLE HYDRAULIC OIL
REPLACE COOLANT
INSPECT HYDRAULIC PUMPS
INSPECT FINAL DRIVES
INSPECT TURBOCHARGER
",NULL,40,NULL,0,"2026-07-22 02:38:55",1288,1,265,ba594ec8-3e51-47e4-8a38-b8f32453afde
2658,1,"2000 HR SERVICE (TADANO GTC-1300 CRAWLER)",2000,NULL,NULL,NULL,NULL,NULL,"SEE EQUIPMENT DETAILS - PARTS TAB OR WRITE IN PARTS USED:","COMPLETE ALL 1000 HOUR ITEMS
SAMPLE HYD OIL
SAMPLE COOLANT
CHANGE SWING BRAKE OIL BASED ON WINCH OPERATION HOURS
INSPECT SWING BRAKE
ENGINE - INSPECT VALVE CLEARANCE
",NULL,40,NULL,0,"2026-07-22 02:39:12",1288,1,265,956ac5b4-a682-46fd-9338-853c82806067
2659,1,"2000 HR SERVICE (TADANO GTC-800 CRAWLER)",2000,NULL,NULL,NULL,NULL,NULL,"SEE EQUIPMENT DETAILS - PARTS TAB OR WRITE IN PARTS USED:
","COMPLETE ALL 1000 HOUR ITEMS
SAMPLE ENGINE COOLANT/REPLACE FILTER
SAMPLE HYD OIL
REPLACE ALL HYDRAULIC FILTERS
CLEAN HYDRAULIC TANK BREATHER
CHANGE HOIST GEARBOX OIL
CHECK SWING BEARING CLEARANCE
CHANGE SWING DRIVE OIL
INSPECT SWING MECHANISM
BLEED SWING DRIVE BRAKE
INSPECT SWING DRIVE BRAKE
CHANGE FINAL DRIVE OIL IN LEFT & RIGHT CRAWLER TRACK FINAL DRIVES",NULL,40,NULL,0,"2026-07-22 02:39:31",1288,1,265,2f0f8a66-e693-454a-aa95-5f36b9d9534b
2660,1,"2000 HR SERVICE (TADANO GTC-900 CRAWLER)",2000,NULL,NULL,NULL,NULL,NULL,"SEE EQUIPMENT DETAILS - PARTS TAB OR WRITE IN PARTS USED:","COMPLETE ALL 1000 HOUR ITEMS
SAMPLE ENGINE COOLANT/REPLACE FILTER
SAMPLE HYD OIL
REPLACE ALL HYDRAULIC FILTERS
CLEAN HYDRAULIC TANK BREATHER
CHANGE HOIST GEARBOX OIL
CHECK SWING BEARING CLEARANCE
CHANGE SWING DRIVE OIL
INSPECT SWING MECHANISM
BLEED SWING DRIVE BRAKE
INSPECT SWING DRIVE BRAKE
CHANGE FINAL DRIVE OIL IN LEFT & RIGHT CRAWLER TRACK FINAL DRIVES",NULL,40,NULL,0,"2026-07-22 02:39:49",1288,1,265,eb2f08d2-b1a4-43cd-90cf-6cb84ceff907
2661,1,"2000 HR SERVICE (TELEHANDLER FORKLIFT)",2000,NULL,NULL,NULL,NULL,NULL,"SEE EQUIPMENT DETAILS - PARTS TAB OR WRITE IN PARTS USED:
","INCLUDES ALL 1000 HR TASKS
SAMPLE HYDRAULIC OIL
SAMPLE TRANSMISSION OIL
CHANGE AXLES OILS
REPLACE COOLANT
REPLACE ALL FILTERS
INSPECT BOOM STRUCTURE
INSPECT PINS & BUSHINGS
INSPECT DRIVESHAFTS
CHECK SAFETY FUNCTIONS",NULL,40,NULL,0,"2026-07-22 02:40:06",1288,1,265,5748a351-a908-4b70-b20e-8f5c01bd6d31
2662,1,"2000 HR SERVICE (VAC TRUCK)",2000,NULL,NULL,NULL,NULL,NULL,"SEE EQUIPMENT DETAILS - PARTS TAB OR WRITE IN PARTS USED:
","INCLUDE ALL 1000 HR TASKS
WATERPUMP - SEALS
WATERPUMP - VALVES
",NULL,40,NULL,0,"2026-07-22 02:40:29",1288,1,265,546f724d-9ce0-499f-beb0-5364549957f9
2663,1,"2000 HR SERVICE (WATER TRUCK)",2000,NULL,NULL,NULL,NULL,NULL,"SEE EQUIPMENT DETAILS - PARTS TAB OR WRITE IN PARTS USED:
","INCLUDES ALL 1000 HR TASKS
SAMPLE HYDRAULIC OIL
REPLACE COOLANT
INSPECT DIFFERENTIALS
INSPECT TRANSMISSION
INSPECT TURBOCHARGER
INSPECT ENGINE MOUNTS
ENGINE PERFORMANCE TEST
",NULL,40,NULL,0,"2026-07-22 02:40:45",1288,1,265,c57c6f0b-8854-41ea-8e70-231875e5f6a7
2664,1,"2000 HR TUGBOAT (GENSET - STARBOARD) - HOUR",2000,NULL,NULL,NULL,NULL,NULL,"SEE EQUIPMENT DETAILS - PARTS TAB OR WRITE IN PARTS USED:","• PERFORM ALL 1000 HOUR TASKS PLUS
• SAMPLE HYD OIL/CHANGE AS NEEDED
• SAMPLE COOLANT/CHANGE AS NEEDED",NULL,40,NULL,0,"2026-07-22 02:41:02",1288,1,265,8a28ef03-bc9d-432a-8a1f-a7cca303e95c
2665,1,"2000 HR TUGBOAT (MAIN - STARBOARD) - HOUR",2000,NULL,NULL,NULL,NULL,NULL,"SEE EQUIPMENT DETAILS - PARTS TAB OR WRITE IN PARTS USED:
","• PERFORM ALL 1000 HOUR TASKS PLUS
• SAMPLE HYD OIL/CHANGE AS NEEDED
• SAMPLE COOLANT/CHANGE AS NEEDED",NULL,40,NULL,0,"2026-07-22 02:41:21",1288,1,265,cffa5c13-8750-4f0f-8730-6c8d3c2e4f2a
2666,1,"2000 HR TUGBOAT (SINGLE SCREW)",2000,NULL,NULL,NULL,NULL,NULL,"SEE EQUIPMENT DETAILS - PARTS TAB OR WRITE IN PARTS USED:
","• PERFORM ALL 1000 HOUR TASKS PLUS
• SAMPLE HYD OIL/CHANGE AS NEEDED
• SAMPLE COOLANT/CHANGE AS NEEDED
",NULL,40,NULL,0,"2026-07-22 02:41:39",1288,1,265,8b648ca4-30a4-4905-8548-de8fb5cd267a
2667,2,"2000 MI TUGBOAT (GENSET - PORT) - ODOMETER",NULL,NULL,2000,NULL,NULL,NULL,"SEE EQUIPMENT DETAILS - PARTS TAB OR WRITE IN PARTS USED:","• PERFORM ALL 1000 HOUR TASKS PLUS
• SAMPLE HYD OIL/CHANGE AS NEEDED
• SAMPLE COOLANT/CHANGE AS NEEDED",NULL,NULL,40,0,"2026-07-22 02:42:40",1288,1,265,36fd4da6-3ba9-428d-9f47-ed0f6b148d9f
2668,2,"2000 MI TUGBOAT (MAIN - PORT) - ODOMETER",2000,NULL,2000,NULL,NULL,NULL,"SEE EQUIPMENT DETAILS - PARTS TAB OR WRITE IN PARTS USED:","• PERFORM ALL 1000 HOUR TASKS PLUS
• SAMPLE HYD OIL/CHANGE AS NEEDED
• SAMPLE COOLANT/CHANGE AS NEEDED",NULL,40,40,0,"2026-07-22 02:43:03",1288,1,265,976a03ae-9113-42ad-887e-d5159e83dabf
2669,2,"20000 MI SERVICE (DUMP TRUCK)",20000,NULL,20000,NULL,NULL,NULL,"SEE EQUIPMENT DETAILS - PARTS TAB OR WRITE IN PARTS USED:

","INCLUDES ALL 6,000 MI SERVICE ITEMS, PLUS:

ENGINE MAINTENANCE:
- CHANGE ENGINE OIL AND FILTER
-REPLACE FUEL FILTERS (PRIMARY AND SECONDARY IF REQUIRED)
-INSPECT SERPENTINE BELTS AND TENSIONERS
-INSPECT COOLING SYSTEM HOSES AND CLAMPS
-CHECK ENGINE MOUNTS

AIR INTAKE SYSTEM:
-INSPECT AIR CLEANER RESTRICTION INDICATOR
-INSPECT AIR FILTER AND REPLACE IF NEEDED
-CHECK TURBOCHARGER CONNECTIONS

DRIVELINE:
-INSPECT DRIVESHAFT
-LUBRICATE U-JOINTS
-INSPECT CARRIER BEARINGS
-CHECK DIFFERENTIAL FLUID LEVELS

TRANSMISSION:
-INSPECT TRANSMISSION FOR LEAKS
-CHECK TRANSMISSION FLUID CONDITION
-INSPECT PTO AND PTO MOUNTS

AXLES & HUBS:
-CHECK AXLE OIL LEVELS
-INSPECT WHEEL SEALS FOR LEAKS
-CHECK HUB OIL LEVELS

BRAKE SYSTEM:
-MEASURE BRAKE LINING THICKNESS
-INSPECT ABS SENSORS AND WIRING
-CHECK BRAKE ADJUSTMENT
-INSPECT FOUNDATION BRAKE COMPONENTS

SUSPENSION:
-TORQUE-CHECK SUSPENSION COMPONENTS
-INSPECT SPRING HANGERS
-CHECK TORQUE RODS AND BUSHINGS
-INSPECT AIR BAGS (IF EQUIPPED)

HYDRAULIC SYSTEM:
-CHECK HYDRAULIC TANK BREATHER
-INSPECT HYDRAULIC FILTER CONDITION
-VERIFY HYDRAULIC PRESSURE AND OPERATION

FRAME & BODY:
-INSPECT FRAME RAILS FOR CRACKS
-CHECK CROSS MEMBERS
-INSPECT DUMP BODY HINGES AND PINS
-CHECK TAILGATE OPERATION AND HARDWARE

SAFETY INSPECTION:
-VERIFY REFLECTIVE TAPE CONDITION
-TEST BACKUP CAMERA (IF EQUIPPED)
",NULL,200,200,0,"2026-07-22 02:43:34",1288,1,265,6d916c6f-0df1-41b2-9b44-3a6ddf8fb534
2670,2,"20000 MI SERVICE (FLATBED TRUCK)",NULL,NULL,20000,NULL,NULL,NULL,"SEE EQUIPMENT DETAILS - PARTS TAB OR WRITE IN PARTS USED:

","INCLUDES ALL 6,000 MI SERVICE ITEMS, PLUS:

ENGINE MAINTENANCE:
-CHANGE ENGINE OIL AND FILTER
-REPLACE FUEL FILTERS (PRIMARY AND SECONDARY IF REQUIRED)
-INSPECT SERPENTINE BELTS AND TENSIONERS
-INSPECT COOLING SYSTEM HOSES AND CLAMPS
-CHECK ENGINE MOUNTS

AIR INTAKE SYSTEM:
-INSPECT AIR CLEANER RESTRICTION INDICATOR
-INSPECT AIR FILTER AND REPLACE IF NEEDED
-CHECK TURBOCHARGER CONNECTIONS

DRIVELINE:
-INSPECT DRIVESHAFT
-LUBRICATE U-JOINTS
-INSPECT CARRIER BEARINGS
-CHECK DIFFERENTIAL FLUID LEVELS

TRANSMISSION:
-INSPECT TRANSMISSION FOR LEAKS
-CHECK TRANSMISSION FLUID CONDITION/CHANGE FILTER
-INSPECT PTO AND PTO MOUNTS

AXLES & HUBS:
-CHECK AXLE OIL LEVELS
-INSPECT WHEEL SEALS FOR LEAKS
-CHECK HUB OIL LEVELS

BRAKE SYSTEM:
-MEASURE BRAKE LINING THICKNESS
-INSPECT ABS SENSORS AND WIRING
-CHECK BRAKE ADJUSTMENT
-INSPECT FOUNDATION BRAKE COMPONENTS

SUSPENSION:
-TORQUE-CHECK SUSPENSION COMPONENTS
-INSPECT SPRING HANGERS
-CHECK TORQUE RODS AND BUSHINGS
-INSPECT AIR BAGS (IF EQUIPPED)

HYDRAULIC SYSTEM:
-CHECK HYDRAULIC TANK BREATHER
-INSPECT HYDRAULIC FILTER CONDITION/SAMPLE FLUID
-VERIFY HYDRAULIC PRESSURE AND OPERATION

FRAME & BODY:
-INSPECT FRAME RAILS FOR CRACKS
-CHECK CROSS MEMBERS
-CHECK TAILGATE OPERATION AND HARDWARE

SAFETY INSPECTION:
-VERIFY REFLECTIVE TAPE CONDITION
-TEST BACKUP CAMERA (IF EQUIPPED)
",NULL,NULL,200,0,"2026-07-22 02:43:55",1288,1,265,a518c1e2-81dc-496d-a046-bc2c1ac4c566
2671,2,"20000 MI SERVICE (GROVE TMS9000-2 TRUCK CRANE)",NULL,NULL,20000,NULL,NULL,NULL,"SEE EQUIPMENT DETAILS - PARTS TAB OR WRITE IN PARTS USED:
","• REPLACE ENGINE OIL & FILTER(S)
• REPLACE PRIMARY FUEL FILTER
• REPLACE SECONDARY FUEL FILTER
• CHECK FUEL/WATER SEPARATOR
• INSPECT AIR FILTER RESTRICTION INDICATOR
• REPLACE AIR FILTER(S) IF REQUIRED
• CHECK COOLANT LEVEL AND FREEZE PROTECTION
• INSPECT RADIATOR AND CHARGE AIR COOLER
• INSPECT COOLING FAN AND FAN DRIVE
• CHECK BELT CONDITION AND TENSION
• INSPECT ALL ENGINE HOSES
• INSPECT EXHAUST SYSTEM
• CHECK BATTERY CONDITION
• CLEAN AND TIGHTEN BATTERY CONNECTIONS
• TEST CHARGING SYSTEM
• CHECK STARTER OPERATION
• CHECK FOR ENGINE OIL LEAKS
• CHECK FOR FUEL LEAKS
• CHECK FOR COOLANT LEAKS
• CHECK ENGINE MOUNTS
• INSPECT TURBOCHARGER FOR LEAKS OR EXCESSIVE PLAY
• CHECK ENGINE BREATHER SYSTEM
• INSPECT CAC BOOTS AND CLAMPS
• CHECK ECM FOR ACTIVE FAULT CODES
• RECORD ENGINE HOURS AND MILEAGE
",NULL,NULL,200,0,"2026-07-22 02:44:17",1288,1,265,974c4728-c391-4b04-9d89-7be3433dec22
2672,2,"20000 MI SERVICE (MECHANIC)",NULL,NULL,20000,NULL,NULL,NULL,"SEE EQUIPMENT DETAILS - PARTS TAB OR WRITE IN PARTS USED:

","INCLUDES ALL 6,000 MI SERVICE ITEMS, PLUS:

ENGINE MAINTENANCE:
-CHANGE ENGINE OIL AND FILTER
-REPLACE FUEL FILTERS (PRIMARY AND SECONDARY IF REQUIRED)
-INSPECT SERPENTINE BELTS AND TENSIONERS
-INSPECT COOLING SYSTEM HOSES AND CLAMPS
-CHECK ENGINE MOUNTS

AIR INTAKE SYSTEM:
-INSPECT AIR CLEANER RESTRICTION INDICATOR
-INSPECT AIR FILTER AND REPLACE IF NEEDED
-CHECK TURBOCHARGER CONNECTIONS

DRIVELINE:
-INSPECT DRIVESHAFT
-LUBRICATE U-JOINTS
-INSPECT CARRIER BEARINGS
-CHECK DIFFERENTIAL FLUID LEVELS

TRANSMISSION:
-INSPECT TRANSMISSION FOR LEAKS
-CHECK TRANSMISSION FLUID CONDITION/CHANGE FILTER
-INSPECT PTO AND PTO MOUNTS

AXLES & HUBS:
-CHECK AXLE OIL LEVELS
-INSPECT WHEEL SEALS FOR LEAKS
-CHECK HUB OIL LEVELS

BRAKE SYSTEM:
-MEASURE BRAKE LINING THICKNESS
-INSPECT ABS SENSORS AND WIRING
-CHECK BRAKE ADJUSTMENT
-INSPECT FOUNDATION BRAKE COMPONENTS

SUSPENSION:
-TORQUE-CHECK SUSPENSION COMPONENTS
-INSPECT SPRING HANGERS
-CHECK TORQUE RODS AND BUSHINGS
-INSPECT AIR BAGS (IF EQUIPPED)

HYDRAULIC SYSTEM:
-CHECK HYDRAULIC TANK BREATHER
-INSPECT HYDRAULIC FILTER CONDITION/SAMPLE FLUID
-VERIFY HYDRAULIC PRESSURE AND OPERATION

FRAME & BODY:
-INSPECT FRAME RAILS FOR CRACKS
-CHECK CROSS MEMBERS
-CHECK TAILGATE OPERATION AND HARDWARE

SAFETY INSPECTION:
-VERIFY REFLECTIVE TAPE CONDITION
-TEST BACKUP CAMERA (IF EQUIPPED)
",NULL,NULL,200,0,"2026-07-22 02:44:34",1288,1,265,f4c3eb76-ca82-481c-b771-c8f97d761e42
2673,2,"20000 MI SERVICE (WATER TRUCK)",NULL,NULL,20000,NULL,NULL,NULL,"SEE EQUIPMENT DETAILS - PARTS TAB OR WRITE IN PARTS USED:
","INCLUDES ALL 6,000 MI SERVICE ITEMS, PLUS:

ENGINE MAINTENANCE:
- CHANGE ENGINE OIL AND FILTER
-REPLACE FUEL FILTERS (PRIMARY AND SECONDARY IF REQUIRED)
-INSPECT SERPENTINE BELTS AND TENSIONERS
-INSPECT COOLING SYSTEM HOSES AND CLAMPS
-CHECK ENGINE MOUNTS

AIR INTAKE SYSTEM:
-INSPECT AIR CLEANER RESTRICTION INDICATOR
-INSPECT AIR FILTER AND REPLACE IF NEEDED
-CHECK TURBOCHARGER CONNECTIONS

DRIVELINE:
-INSPECT DRIVESHAFT
-LUBRICATE U-JOINTS
-INSPECT CARRIER BEARINGS
-CHECK DIFFERENTIAL FLUID LEVELS

TRANSMISSION:
-INSPECT TRANSMISSION FOR LEAKS
-CHECK TRANSMISSION FLUID CONDITION
-INSPECT PTO AND PTO MOUNTS

AXLES & HUBS:
-CHECK AXLE OIL LEVELS
-INSPECT WHEEL SEALS FOR LEAKS
-CHECK HUB OIL LEVELS

BRAKE SYSTEM:
-MEASURE BRAKE LINING THICKNESS
-INSPECT ABS SENSORS AND WIRING
-CHECK BRAKE ADJUSTMENT
-INSPECT FOUNDATION BRAKE COMPONENTS

SUSPENSION:
-TORQUE-CHECK SUSPENSION COMPONENTS
-INSPECT SPRING HANGERS
-CHECK TORQUE RODS AND BUSHINGS
-INSPECT AIR BAGS (IF EQUIPPED)

HYDRAULIC SYSTEM:
-CHECK HYDRAULIC TANK BREATHER
-INSPECT HYDRAULIC FILTER CONDITION
-VERIFY HYDRAULIC PRESSURE AND OPERATION

FRAME & BODY:
-INSPECT FRAME RAILS FOR CRACKS
-CHECK CROSS MEMBERS
-INSPECT DUMP BODY HINGES AND PINS
-CHECK TAILGATE OPERATION AND HARDWARE

SAFETY INSPECTION:
-VERIFY REFLECTIVE TAPE CONDITION
-TEST BACKUP CAMERA (IF EQUIPPED)
",NULL,NULL,200,0,"2026-07-22 02:44:52",1288,1,265,1a1f4b4a-5f77-45f0-a272-479e35fa730a
2674,1,"250 HR SERVICE (APU* - MANITOWOC MLC300 CRAWLER)",250,NULL,NULL,NULL,NULL,NULL,"SEE EQUIPMENT DETAILS - PARTS TAB OR WRITE IN PARTS USED:
","250 HOUR AUX POWER UNIT SERVICE",NULL,30,NULL,0,"2026-07-22 02:45:17",1288,1,265,2958763f-4bf8-4b4b-bc76-7643d324eb26
2675,1,"250 HR SERVICE (BIO FUEL)",250,NULL,NULL,NULL,NULL,NULL,"SEE EQUIPMENT DETAILS - PARTS TAB OR WRITE IN PARTS USED:

","CHANGE FUEL FILTERS EVERY 250 HR
SAMPLE BIO FUEL",NULL,40,NULL,0,"2026-07-22 02:45:40",1288,1,265,a194f59c-540d-4ba8-984f-6eb59fad71e0
2676,1,"250 HR SERVICE (DIESEL PUMP)",250,NULL,NULL,NULL,NULL,NULL,"SEE EQUIPMENT DETAILS - PARTS TAB","CHANGE ENGINE OIL & FILTER
CHANGE FUEL FILTERS
CHANGE AIR FILTERS",NULL,30,NULL,0,"2026-07-22 02:45:59",1288,1,265,1d009ece-2cdc-421b-bf6f-35c74e31c935
2677,1,"250 HR SERVICE (HOT TAR SUPER SHOT)",250,NULL,NULL,NULL,NULL,NULL,"SEE EQUIPMENT DETAILS - PARTS TAB OR WRITE IN PARTS USED:

","CHANGE HYD FILTER EVERY 250 HRS OF OPERATION",NULL,40,NULL,0,"2026-07-22 02:46:30",1288,1,265,bed4cf96-f4c7-46f3-a3ab-dd46ea50c992
2678,1,"250 HR SERVICE (WELDER MILLER 400)",250,NULL,NULL,NULL,NULL,NULL,"SEE EQUIPMENT DETAILS - PARTS TAB OR WRITE IN PARTS USED:

","CHANGE ENGINE OIL & FILTER
REPLACE FUEL FILTER(S)
INSPECT/REPLACE AIR FILTER

CHECK ALTERNATOR OUTPUT
CHECK BATTERY CONDITION
INSPECT COOLING SYSTEM
INSPECT ENGINE MOUNTS
INSPECT EXHAUST SYSTEM
CHECK FOR OIL LEAKS
CHECK FOR FUEL LEAKS
INSPECT WELD LEADS
INSPECT ELECTRODE HOLDER
INSPECT GROUND CLAMP
CHECK AC/DC OUTPUT
VERIFY AUXILIARY POWER OUTPUT
CLEAN MACHINE INTERIOR
REMOVE DEBRIS FROM COOLING SYSTEM
OPERATIONAL TEST
",NULL,30,NULL,0,"2026-07-22 02:46:49",1288,1,265,5690be9d-e589-4d1c-be70-85bd76a19280
2679,3,"3 MONTH SERVICE (EXCITER OIL CHANGE)",NULL,90,NULL,NULL,NULL,NULL,"SEE EQUIPMENT DETAILS - PARTS TAB OR WRITE IN PARTS USED:
","INSPECT/CHANGE EXCITER OIL EVERY 50 EXCITER (DRIVE) HRS - SERVICE SET TO 3 MONTHS TO CHECK. RECORDED AS MILEAGE.",5,NULL,NULL,0,"2026-07-22 02:47:08",1288,1,265,2bceaf77-e56c-4834-9688-611e3350ac7d
2680,1,"500 HR SERVICE (6" HYD WATER PUMP)",500,NULL,NULL,NULL,NULL,NULL,"SEE EQUIPMENT DETAILS - PARTS TAB OR WRITE IN PARTS USED:
","CHANGE ENGINE OIL & FILTER
CHANGE FUEL FILTER
CHANGE AIR FILTER
CHANGE HYD RETURN FILTER
INSPECT BELTS",NULL,40,NULL,0,"2026-07-22 02:47:33",1288,1,265,6d43e886-468f-4687-8652-223291116130
2681,1,"500 HR SERVICE (AIR COMPRESSOR)",500,NULL,NULL,NULL,NULL,NULL,"SEE EQUIPMENT DETAILS - PARTS TAB OR WRITE IN PARTS USED:
","CHANGE ENGINE OIL & FILTER
CHANGE AIR FILTER
CHANGE FUEL FILTER
CHECK HOSES
CHECK SAFETY VALVE
",NULL,40,NULL,0,"2026-07-22 02:47:52",1288,1,265,60829531-b9a3-42c2-8e74-663d169f7a4f
2682,1,"500 HR SERVICE (AMER 4250)",500,NULL,NULL,NULL,NULL,NULL,"SEE EQUIPMENT DETAILS - PARTS TAB OR WRITE IN PARTS USED:

","CHANGE ENGINE OIL & FILTER
CHANGE FUEL FILTERS
CHANGE AIR FILTERS
SAMPLE GEARBOX OIL
REPLACE TORQUE CONVERTER / TRANS FILTER
CHECK TORQUE CONVERTER OIL LEVEL
CHECK FAN BELTS
CHECK COOLANT LEVEL
GREASE ALL CRANE LUBRICATION POINTS
CHECK MAIN HOIST GEARCASE OIL LEVEL
CHECK AUX HOIST GEARCASE OIL LEVEL
CHECK PROPEL DRIVE OIL LEVELS
CHECK BATTERIES AND CABLES
INSPECT BRAKES & CLUTCHES",NULL,40,NULL,0,"2026-07-22 02:48:11",1288,1,265,1b0b93d8-04af-440c-aecf-55345f7249b1
2683,1,"500 HR SERVICE (AMER 5030-DE LOCO CRANE)",500,NULL,NULL,NULL,NULL,NULL,"SEE EQUIPMENT DETAILS - PARTS TAB OR WRITE IN PARTS USED:

","CHANGE ENGINE OIL & FILTER
CHANGE FUEL FILTER
CHANGE AIR FILTER

",NULL,40,NULL,0,"2026-07-22 02:51:45",1288,1,265,93bddae1-ea20-41da-a1fa-6ddce4159b75
2684,1,"500 HR SERVICE (AMER 5299)",500,NULL,NULL,NULL,NULL,NULL,"SEE EQUIPMENT DETAILS - PARTS TAB OR WRITE IN PARTS USED:
","CHANGE ENGINE OIL & FILTER
CHANGE FUEL FILTERS
CHANGE AIR FILTERS
SAMPLE GEARBOX OIL
REPLACE TORQUE CONVERTER / TRANS FILTER
CHECK TORQUE CONVERTER OIL LEVEL
CHECK FAN BELTS
CHECK COOLANT LEVEL
GREASE ALL CRANE LUBRICATION POINTS
CHECK MAIN HOIST GEARCASE OIL LEVEL
CHECK AUX HOIST GEARCASE OIL LEVEL
CHECK PROPEL DRIVE OIL LEVELS
CHECK BATTERIES AND CABLES
INSPECT BRAKES & CLUTCHES",NULL,40,NULL,0,"2026-07-22 02:52:05",1288,1,265,7fd16cdb-a63e-4a88-965c-4097cfc1c8cd
2685,1,"500 HR SERVICE (AMER 7260)",500,NULL,NULL,NULL,NULL,NULL,"SEE EQUIPMENT DETAILS - PARTS TAB OR WRITE IN PARTS USED:

","CHANGE ENGINE OIL & FILTER
CHANGE FUEL FILTERS
CHANGE AIR FILTERS
SAMPLE GEARBOX OIL
REPLACE TORQUE CONVERTER / TRANS FILTER
CHECK TORQUE CONVERTER OIL LEVEL
CHECK FAN BELTS
CHECK COOLANT LEVEL
GREASE ALL CRANE LUBRICATION POINTS
CHECK MAIN HOIST GEARCASE OIL LEVEL
CHECK AUX HOIST GEARCASE OIL LEVEL
CHECK PROPEL DRIVE OIL LEVELS
CHECK BATTERIES AND CABLES
INSPECT BRAKES & CLUTCHES",NULL,40,NULL,0,"2026-07-22 02:52:24",1288,1,265,ee597609-f9b1-4830-a0a1-2849df61fd3f
2686,1,"500 HR SERVICE (AMER 9270)",500,NULL,NULL,NULL,NULL,NULL,"SEE EQUIPMENT DETAILS - PARTS TAB OR WRITE IN PARTS USED:
","CHANGE ENGINE OIL & FILTER
CHANGE FUEL FILTERS
CHANGE AIR FILTERS
SAMPLE GEARBOX OIL
REPLACE TORQUE CONVERTER / TRANS FILTER
CHECK TORQUE CONVERTER OIL LEVEL
CHECK FAN BELTS
CHECK COOLANT LEVEL
GREASE ALL CRANE LUBRICATION POINTS
CHECK MAIN HOIST GEARCASE OIL LEVEL
CHECK AUX HOIST GEARCASE OIL LEVEL
CHECK PROPEL DRIVE OIL LEVELS
CHECK BATTERIES AND CABLES
INSPECT BRAKES & CLUTCHES",NULL,40,NULL,0,"2026-07-22 02:52:46",1288,1,265,45f1d4a7-b7f8-4b0d-9451-ce1fd3733f03
2687,1,"500 HR SERVICE (AMER 9299)",500,NULL,NULL,NULL,NULL,NULL,"SEE EQUIPMENT DETAILS - PARTS TAB OR WRITE IN PARTS USED:
","CHANGE ENGINE OIL & FILTER
CHANGE FUEL FILTERS
CHANGE AIR FILTERS
SAMPLE GEARBOX OIL
REPLACE TORQUE CONVERTER / TRANS FILTER
CHECK TORQUE CONVERTER OIL LEVEL
CHECK FAN BELTS
CHECK COOLANT LEVEL
GREASE ALL CRANE LUBRICATION POINTS
CHECK MAIN HOIST GEARCASE OIL LEVEL
CHECK AUX HOIST GEARCASE OIL LEVEL
CHECK PROPEL DRIVE OIL LEVELS
CHECK BATTERIES AND CABLES
INSPECT BRAKES & CLUTCHES",NULL,40,NULL,0,"2026-07-22 02:53:22",1288,1,265,4baac7f8-7755-4f26-a29a-56ce4cb7e534
2688,1,"500 HR SERVICE (AMER 9310)",500,NULL,NULL,NULL,NULL,NULL,"SEE EQUIPMENT DETAILS - PARTS TAB OR WRITE IN PARTS USED:
","CHANGE ENGINE OIL & FILTER
CHANGE FUEL FILTERS
CHANGE AIR FILTERS
SAMPLE GEARBOX OIL
REPLACE TORQUE CONVERTER / TRANS FILTER
CHECK TORQUE CONVERTER OIL LEVEL
CHECK FAN BELTS
CHECK COOLANT LEVEL
GREASE ALL CRANE LUBRICATION POINTS
CHECK MAIN HOIST GEARCASE OIL LEVEL
CHECK AUX HOIST GEARCASE OIL LEVEL
CHECK PROPEL DRIVE OIL LEVELS
CHECK BATTERIES AND CABLES
INSPECT BRAKES & CLUTCHES",NULL,40,NULL,0,"2026-07-22 02:53:42",1288,1,265,2af30c73-fd95-4d51-b9b8-8ec377657129
2689,1,"500 HR SERVICE (AMER 9320)",500,NULL,NULL,NULL,NULL,NULL,"SEE EQUIPMENT DETAILS - PARTS TAB OR WRITE IN PARTS USED:


","CHANGE ENGINE OIL & FILTER
CHANGE FUEL FILTERS
CHANGE AIR FILTERS
SAMPLE GEARBOX OIL
REPLACE TORQUE CONVERTER / TRANS FILTER
CHECK TORQUE CONVERTER OIL LEVEL
CHECK FAN BELTS
CHECK COOLANT LEVEL
GREASE ALL CRANE LUBRICATION POINTS
CHECK MAIN HOIST GEARCASE OIL LEVEL
CHECK AUX HOIST GEARCASE OIL LEVEL
CHECK PROPEL DRIVE OIL LEVELS
CHECK BATTERIES AND CABLES
INSPECT BRAKES & CLUTCHES",NULL,40,NULL,0,"2026-07-22 02:54:05",1288,1,265,c0d3d821-b606-49f8-bce3-669258d928b9
2690,1,"500 HR SERVICE (AMER HC80 CRAWLER CRANE)",500,NULL,NULL,NULL,NULL,NULL,"SEE EQUIPMENT DETAILS - PARTS TAB OR WRITE IN PARTS USED:","• CHANGE ENGINE OIL & FILTERS 
• CHANGE FUEL FILTERS (W/S) & SECONDARY
• CHANGE AIR FILTERS
• CHECK FAN BELTS
• CHECK BATTERY CONDITION
• CHECK HYDRAULIC LEVELS
• CHANGE FINAL DRIVE LEVELS
• SAMPLE GEARBOX OIL
",NULL,40,NULL,0,"2026-07-22 02:54:23",1288,1,265,1bd10e22-d3dc-45ea-ae5b-91078cf577e1
2691,1,"500 HR SERVICE (COMPACTOR/ROLLER)",500,NULL,NULL,NULL,NULL,NULL,"SEE EQUIPMENT DETAILS - PARTS TAB OR WRITE IN PARTS USED:","CHANGE ENGINE OIL & FILTER
REPLACE FUEL FILTER(S)
INSPECT AIR FILTER
CHECK HYDRAULIC OIL LEVEL
GREASE ALL FITTINGS
INSPECT DRUM VIBRATION SYSTEM
CHECK SCRAPER BARS
INSPECT DRUM AND FRAME
CHECK BATTERY AND CABLES
INSPECT BELTS AND HOSES
CHECK BRAKES AND STEERING
TEST LIGHTS, ALARMS, AND SAFETY DEVICES",NULL,40,NULL,0,"2026-07-22 02:54:40",1288,1,265,893b1a3a-fc13-4c4a-b587-978fae9506f3
2692,1,"500 HR SERVICE (DOZER)",500,NULL,NULL,NULL,NULL,NULL,"SEE EQUIPMENT DETAILS - PARTS TAB OR WRITE IN PARTS USED:
","CHANGE ENGINE OIL & FILTER
REPLACE FUEL FILTER(S)
INSPECT AIR FILTER
CHECK HYDRAULIC OIL LEVEL
GREASE ALL FITTINGS
INSPECT TRACKS AND PADS
CHECK TRACK TENSION
INSPECT CUTTING EDGE
INSPECT HOSES AND CYLINDERS
CHECK BATTERY
TEST LIGHTS AND SAFETY DEVICES
",NULL,40,NULL,0,"2026-07-22 02:54:58",1288,1,265,6f5a88c0-120a-424c-8c57-6bbd9294ae74
2693,1,"500 HR SERVICE (DYMAX CRANE TRAIN)",500,NULL,NULL,NULL,NULL,NULL,"SEE EQUIPMENT DETAILS - PARTS TAB OR WRITE IN PARTS USED:

","CHANGE ENGINE OIL & FILTER
INSPECT/CHANGE AIR FILTERS
CHANGE FUEL FILTERS
CHANGE HYD FILTERS
",NULL,40,NULL,0,"2026-07-22 02:55:15",1288,1,265,63125f73-b77b-4db9-b2b7-1346a066cc77
2694,1,"500 HR SERVICE (EXCAVATOR)",500,NULL,NULL,NULL,NULL,NULL,"SEE EQUIPMENT DETAILS - PARTS TAB OR WRITE IN PARTS USED:
","CHANGE ENGINE OIL
REPLACE ENGINE OIL FILTER
REPLACE FUEL FILTERS
REPLACE AIR FILTERS
CHECK ALL FLUIDS
GREASE BOOM PINS & BUSHINGS
GREASE STICK PINS
GREASE BUCKET PINS
GREASE SWING BEARING
INSPECT TIRES/TRACKS
INSPECT CYLINDERS
INSPECT UNDERCARRIAGE
INSPECT/CHANGE FINAL DRIVES
CHECK FAULT CODES
RESET SERVICE METER
",NULL,40,NULL,0,"2026-07-22 02:55:35",1288,1,265,06a5dc38-f628-462a-8eae-c8400a8db0f4
2695,1,"500 HR SERVICE (GENERATOR)",500,NULL,NULL,NULL,NULL,NULL,"SEE EQUIPMENT DETAILS - PARTS TAB OR WRITE IN PARTS USED:
","CHANGE ENGINE OIL & FILTER
CHANGE FUEL FILTERS
CHANGE AIR FILTERS",NULL,40,NULL,0,"2026-07-22 02:55:52",1288,1,265,b00bea3e-8fbe-4396-9d12-51762dcbd63a
2696,1,"500 HR SERVICE (MOTOR GRADER)",500,NULL,NULL,NULL,NULL,NULL,"SEE EQUIPMENT DETAILS - PARTS TAB OR WRITE IN PARTS USED:
","CHANGE ENGINE OIL & FILTER
REPLACE FUEL FILTER(S)
INSPECT AIR FILTER
CHECK HYDRAULIC OIL LEVEL
GREASE ALL FITTINGS
INSPECT MOLDBOARD
INSPECT CIRCLE DRIVE
CHECK CUTTING EDGE WEAR
CHECK TIRES
INSPECT STEERING COMPONENTS
TEST LIGHTS AND SAFETY DEVICES
",NULL,40,NULL,0,"2026-07-22 02:56:09",1288,1,265,771e5221-7f83-4f3a-8e14-e87c97e8a0c8
2697,1,"500 HR SERVICE (GROUND HEATER)",500,NULL,NULL,NULL,NULL,NULL,"SEE EQUIPMENT DETAILS - PARTS TAB OR WRITE IN PARTS USED:
","CHANGE ENGINE OIL & FILTER
CHANGE AIR FILTER
CHANGE FUEL FILTER

*HOUR METER = GENSET & OIL
**ODOMETER METER = BURNER & PUMPS (WRITE IN NOTES)",NULL,40,NULL,0,"2026-07-22 02:57:14",1288,1,265,5530186e-00e5-4908-9bfe-bdc702e6f5ff
2698,1,"500 HR SERVICE (GROVE RT600)",500,NULL,NULL,NULL,NULL,NULL,"SEE EQUIPMENT DETAILS - PARTS TAB OR WRITE IN PARTS USED:

","CHANGE OIL & FILTER
CHANGE FUEL FILTERS
CHANGE AIR FILTERS
REPLACE TRANSMISSION FILTER
CHECK FLUID LEVEL IN AXLES
CHECK FLUID LEVEL IN PLANETARY HUBS
",NULL,40,NULL,0,"2026-07-22 02:57:30",1288,1,265,eb493e9d-bce8-4ff7-8502-32a20250654a
2699,1,"500 HR SERVICE (GROVE RT650)",500,NULL,NULL,NULL,NULL,NULL,"SEE EQUIPMENT DETAILS - PARTS TAB OR WRITE IN PARTS USED:

","CHANGE OIL & FILTER
CHANGE FUEL FILTERS
CHANGE AIR FILTERS
REPLACE TRANSMISSION FILTER
CHECK FLUID LEVEL IN AXLES
CHECK FLUID LEVEL IN PLANETARY HUBS
",NULL,40,NULL,0,"2026-07-22 02:57:47",1288,1,265,b1be047b-bb22-41bb-8e15-958c145481ed
2700,1,"500 HR SERVICE (GROVE GRT655)",500,NULL,NULL,NULL,NULL,NULL,"SEE EQUIPMENT DETAILS - PARTS TAB OR WRITE IN PARTS USED:
","CHANGE OIL & FILTER
CHANGE FUEL FILTERS
CHANGE AIR FILTERS
REPLACE TRANSMISSION FILTER
CHECK FLUID LEVEL IN AXLES
CHECK FLUID LEVEL IN PLANETARY HUBS",NULL,40,NULL,0,"2026-07-22 02:58:03",1288,1,265,495aea4b-9560-43ca-aaa1-5512c085689b
2701,1,"500 HR SERVICE (GROVE RT760)",500,NULL,NULL,NULL,NULL,NULL,"SEE EQUIPMENT DETAILS - PARTS TAB OR WRITE IN PARTS USED:

","CHANGE OIL & FILTER
CHANGE FUEL FILTERS
CHANGE AIR FILTERS
REPLACE TRANSMISSION FILTER
CHECK FLUID LEVEL IN AXLES
CHECK FLUID LEVEL IN PLANETARY HUBS
",NULL,40,NULL,0,"2026-07-22 02:58:20",1288,1,265,5be431a6-8a6f-499e-81ce-0cb7dde7b6ee
2702,1,"500 HR SERVICE (GROVE RT765)",500,NULL,NULL,NULL,NULL,NULL,"SEE EQUIPMENT DETAILS - PARTS TAB OR WRITE IN PARTS USED:

","CHANGE OIL & FILTER
CHANGE FUEL FILTERS
CHANGE AIR FILTERS
REPLACE TRANSMISSION FILTER
CHECK FLUID LEVEL IN AXLES
CHECK FLUID LEVEL IN PLANETARY HUBS
",NULL,40,NULL,0,"2026-07-22 02:58:42",1288,1,265,5ffb1cc4-21f7-4a81-9fba-24485454d4e7
2703,1,"500 HR SERVICE (GROVE RT880 & GRT880)",500,NULL,NULL,NULL,NULL,NULL,"SEE EQUIPMENT DETAILS - PARTS TAB OR WRITE IN PARTS USED:

","CHANGE OIL & FILTER
CHANGE FUEL FILTERS
CHANGE AIR FILTERS
REPLACE TRANSMISSION FILTER
CHECK FLUID LEVEL IN AXLES
CHECK FLUID LEVEL IN PLANETARY HUBS",NULL,40,NULL,0,"2026-07-22 02:59:05",1288,1,265,f87e0745-c240-4c8e-929f-f2afd2c4f73f
2704,1,"500 HR SERVICE (GROVE RT890)",500,NULL,NULL,NULL,NULL,NULL,"SEE EQUIPMENT DETAILS - PARTS TAB OR WRITE IN PARTS USED:

","CHANGE OIL & FILTER
CHANGE FUEL FILTERS
CHANGE AIR FILTERS
REPLACE TRANSMISSION FILTER
CHECK FLUID LEVEL IN AXLES
CHECK FLUID LEVEL IN PLANETARY HUBS",NULL,40,NULL,0,"2026-07-22 02:59:22",1288,1,265,89c14c90-21f2-4b68-8007-68932b7ab24a
2705,1,"500 HR SERVICE (GROVE TMS9000-2 TRUCK CRANE)",500,NULL,NULL,NULL,NULL,NULL,"SEE EQUIPMENT DETAILS - PARTS TAB OR WRITE IN PARTS USED:

","• REPLACE ENGINE OIL & FILTER(S)
• REPLACE PRIMARY FUEL FILTER
• REPLACE SECONDARY FUEL FILTER
• INSPECT AIR CLEANER ELEMENT
• CHECK COOLANT LEVEL
• CHECK BELTS AND HOSES
• GREASE ALL BOOM, SWING AND LUBE POINTS
• CHECK SWING GEARBOX OIL LEVEL
• CHECK MAIN HOIST GEARBOX OIL LEVEL
• CHECK AUXILIARY HOIST GEARBOX OIL LEVEL
• CHECK BOOM HOIST GEARBOX OIL LEVEL
• CHECK HYDRAULIC OIL LEVEL
• REPLACE HYDRAULIC RETURN FILTER(S)
• INSPECT HYDRAULIC HOSES AND FITTINGS
• INSPECT WIRE ROPE CONDITION
• INSPECT HOOK BLOCKS AND SAFETY LATCHES
• INSPECT SHEAVES FOR WEAR
• INSPECT BOOM PINS AND RETAINERS
• INSPECT SWING BRAKE OPERATION
• INSPECT ANTI-TWO-BLOCK SYSTEM
• CHECK LOAD MOMENT INDICATOR (LMI) OPERATION
• CHECK ALL LIMIT SWITCHES
• INSPECT SWING BEARING GREASE CONDITION
",NULL,40,NULL,0,"2026-07-22 02:59:40",1288,1,265,13652daa-f021-46c0-8dad-262ce49b49a7
2706,1,"500 HR SERVICE (HAUL TRUCK)",500,NULL,NULL,NULL,NULL,NULL,"SEE EQUIPMENT DETAILS - PARTS TAB OR WRITE IN PARTS USED:","CHANGE ENGINE OIL
REPLACE ENGINE OIL FILTER
REPLACE FUEL FILTERS
DRAIN WATER SEPARATOR
INSPECT AIR FILTER
CHECK COOLANT LEVEL
CHECK BATTERY
INSPECT FRAME
INSPECT BODY PINS
INSPECT HOIST CYLINDERS
INSPECT STEERING CYLINDERS
INSPECT HYDRAULIC HOSES
CHECK TIRE CONDITION
CHECK TIRE PRESSURES
GREASE CHASSIS FITTINGS
CHECK FAULT CODES
OPERATIONAL TEST
",NULL,40,NULL,0,"2026-07-22 02:59:55",1288,1,265,3601e92d-902a-4c80-b5c5-987c644c84e6
2707,1,"500 HR SERVICE (HOT TAR SUPER SHOT)",500,NULL,NULL,NULL,NULL,NULL,"SEE EQUIPMENT DETAILS - PARTS TAB OR WRITE IN PARTS USED:

","PERFORM 250 HR SERVICE PLUS:
CHANGE HYD FLUID EVERY 500 HRS OF OPERATION
CHANGE HEAT TRANSFER OIL EVERY 500 HRS",NULL,40,NULL,0,"2026-07-22 03:00:43",1288,1,265,aa727d63-a90e-4b97-97ec-2ca21c40fb5e
2708,1,"500 HR SERVICE (HYD WINCH)",500,NULL,NULL,NULL,NULL,NULL,"SEE EQUIPMENT DETAILS - PARTS TAB OR WRITE IN PARTS USED:
","CHANGE OIL & FILTER
CHANGE FUEL FILTERS
CHANGE AIR FILTERS
",NULL,40,NULL,0,"2026-07-22 03:01:02",1288,1,265,4befe561-4901-41f6-83d8-7d6628505815
2709,1,"500 HR SERVICE (INDUSTRIAL FORKLIFT)",500,NULL,NULL,NULL,NULL,NULL,"SEE EQUIPMENT DETAILS - PARTS TAB OR WRITE IN PARTS USED:
","CHANGE ENGINE OIL & FILTER
CHANGE FUEL FILTERS
CHANGE AIR FILTERS
CHECK HYDRAULIC OIL
CHECK BRAKE FLUID
TEST HORN, LIGHTS, BACKUP ALARM, AND SAFETY DEVICES
CLEAN BATTERY TERMINALS
INSPECT BELTS, HOSES, AND CLAMPS
LUBRICATE MAST RAILS AND ROLLERS
INSPECT FORKS
INSPECT CARRIAGE
CHECK BRAKES
GREASE

",NULL,40,NULL,0,"2026-07-22 03:01:15",1288,1,265,01a955a8-3410-4e63-b42a-1b930d4873f4
2710,1,"500 HR SERVICE (LINKBELT 128DLC)",500,NULL,NULL,NULL,NULL,NULL,"SEE EQUIPMENT DETAILS - PARTS TAB OR WRITE IN PARTS USED:

","• CHANGE ENGINE OIL & FILTER(S)
• REPLACE PRIMARY FUEL FILTER
• REPLACE SECONDARY FUEL FILTER
• INSPECT AIR FILTER RESTRICTION INDICATOR
• CHECK COOLANT LEVEL
• CHECK BELTS AND HOSES
• GREASE ALL LUBRICATION POINTS
• CHECK HYDRAULIC OIL LEVEL
• REPLACE HYDRAULIC RETURN FILTER(S)
• CHECK SWING MACHINERY OIL LEVEL
• CHECK PROPEL GEARCASE OIL LEVELS
• INSPECT WIRE ROPES
• INSPECT BOOM AND GANTRY PINS
• INSPECT HOOK BLOCKS
• INSPECT BRAKES
• INSPECT TRACKS, ROLLERS AND IDLERS
• CHECK BATTERIES AND CABLES
• INSPECT HYDRAULIC HOSES FOR LEAKS
",NULL,40,NULL,0,"2026-07-22 03:01:52",1288,1,265,9f1bab40-9a86-4606-a03e-6f3c627ff048
2711,1,"500 HR SERVICE (LINKBELT LS338)",500,NULL,NULL,NULL,NULL,NULL,"SEE EQUIPMENT DETAILS - PARTS TAB OR WRITE IN PARTS USED:

","• CHANGE ENGINE OIL & FILTER(S)
• REPLACE PRIMARY FUEL FILTER
• REPLACE SECONDARY FUEL FILTER
• INSPECT AIR FILTER RESTRICTION INDICATOR
• CHECK COOLANT LEVEL
• CHECK BELTS AND HOSES
• GREASE ALL LUBRICATION POINTS
• CHECK HYDRAULIC OIL LEVEL
• REPLACE HYDRAULIC RETURN FILTER(S)
• CHECK SWING MACHINERY OIL LEVEL
• CHECK PROPEL GEARCASE OIL LEVELS
• INSPECT WIRE ROPES
• INSPECT BOOM AND GANTRY PINS
• INSPECT HOOK BLOCKS
• INSPECT BRAKES
• INSPECT TRACKS, ROLLERS AND IDLERS
• CHECK BATTERIES AND CABLES
• INSPECT HYDRAULIC HOSES FOR LEAKS
",NULL,40,NULL,0,"2026-07-22 03:02:09",1288,1,265,116d26e7-f3d8-4837-9de7-8a96f5fe4192
2712,1,"500 HR SERVICE (LOADER)",500,NULL,NULL,NULL,NULL,NULL,"SEE EQUIPMENT DETAILS - PARTS TAB OR WRITE IN PARTS USED:","CHANGE ENGINE OIL
REPLACE ENGINE OIL FILTER
REPLACE PRIMARY FUEL FILTER
REPLACE SECONDARY FUEL FILTER
DRAIN WATER SEPARATOR
CHECK COOLANT LEVEL
INSPECT AIR FILTER
INSPECT INTAKE HOSES
INSPECT BELTS
INSPECT BATTERY
CHECK CHARGING SYSTEM

INSPECT HYDRAULIC HOSES
INSPECT HYDRAULIC COUPLERS
INSPECT QUICK ATTACH
INSPECT LIFT ARMS
INSPECT LOADER LINKAGE
INSPECT LIFT CYLINDERS
INSPECT TILT CYLINDERS

INSPECT TRACKS, TRACK TENSION, SPROCKETS, IDLERS / OR TIRES
INSPECT DRIVE MOTORS

GREASE ALL FITTINGS

CHECK LIGHTS
CHECK BACKUP ALARM
CHECK ACTIVE FAULT CODES
",NULL,40,NULL,0,"2026-07-22 03:02:28",1288,1,265,8c43b8ab-38ca-4c36-8c99-86f0e3b80291
2713,1,"500 HR SERVICE (MAEDA CC1485S-1)",500,NULL,NULL,NULL,NULL,NULL,"SEE EQUIPMENT DETAILS - PARTS TAB OR WRITE IN PARTS USED:
","CHANGE OIL & FILTER
CHANGE FUEL FILTERS
CHANGE AIR FILTERS
CHECK FLUID LEVEL IN AXLES
CHECK FLUID LEVEL IN PLANETARY HUBS
",NULL,40,NULL,0,"2026-07-22 03:02:46",1288,1,265,e6d232b7-7c0c-4343-bd72-362171037108
2714,1,"500 HR SERVICE (MANITOWOC 10K CRAWLER)",500,NULL,NULL,NULL,NULL,NULL,"SEE EQUIPMENT DETAILS - PARTS TAB OR WRITE IN PARTS USED:
","CHANGE ENGINE OIL & FILTERS
CHANGE AIR FILTERS
CHANGE FUEL FILTERS
CHANGE HYD FILTERS
CHECK FLUID LEVEL IN PLANETARY HUBS & AXLES
TEST TANK FUEL
INSPECT BOOM
INSPECT PENDANTS
INSPECT WIRE ROPE
CHECK SWING BEARING
GREASE ROTATION POINTS
CHECK LIMIT SWITCHES
",NULL,40,NULL,0,"2026-07-22 03:03:03",1288,1,265,e333371c-d5e5-420e-9d88-fc6871c2eb92
2715,1,"500 HR SERVICE (MANITOWOC 11K CRAWLER)",500,NULL,NULL,NULL,NULL,NULL,"SEE EQUIPMENT DETAILS - PARTS TAB OR WRITE IN PARTS USED:
","CHANGE ENGINE OIL & FILTERS
CHANGE AIR FILTERS
CHANGE FUEL FILTERS
CHANGE HYD FILTERS
CHECK FLUID LEVEL IN PLANETARY HUBS & AXLES
TEST TANK FUEL
INSPECT BOOM
INSPECT PENDANTS
INSPECT WIRE ROPE
CHECK SWING BEARING
GREASE ROTATION POINTS
CHECK LIMIT SWITCHES
",NULL,40,NULL,0,"2026-07-22 03:03:33",1288,1,265,292909be-5e9e-4b50-b338-ecd4c81575ea
2716,1,"500 HR SERVICE (MANITOWOC 2250 CRAWLER)",500,NULL,NULL,NULL,NULL,NULL,"SEE EQUIPMENT DETAILS - PARTS TAB OR WRITE IN PARTS USED:

","CHANGE ENGINE OIL & FILTERS
CHANGE AIR FILTERS
CHANGE FUEL FILTERS
CHANGE HYD FILTERS
CHECK FLUID LEVEL IN PLANETARY HUBS & AXLES
TEST TANK FUEL
INSPECT BOOM
INSPECT PENDANTS
INSPECT WIRE ROPE
CHECK SWING BEARING
GREASE ROTATION POINTS
CHECK LIMIT SWITCHES
",NULL,40,NULL,0,"2026-07-22 03:03:54",1288,1,265,609b7cec-2a25-4a86-8c15-080a7b1ad79a
2717,1,"500 HR SERVICE (MANITOWOC 999 CRAWLER)",500,NULL,NULL,NULL,NULL,NULL,"SEE EQUIPMENT DETAILS - PARTS TAB OR WRITE IN PARTS USED:

","CHANGE ENGINE OIL & FILTERS
CHANGE AIR FILTERS
CHANGE FUEL FILTERS
CHANGE HYD FILTERS
CHECK FLUID LEVEL IN PLANETARY HUBS & AXLES
TEST TANK FUEL
INSPECT BOOM
INSPECT PENDANTS
INSPECT WIRE ROPE
CHECK SWING BEARING
GREASE ROTATION POINTS
CHECK LIMIT SWITCHES
",NULL,40,NULL,0,"2026-07-22 03:05:50",1288,1,265,1925926c-07b8-4aa5-b537-3d4d80f9e009
2718,1,"500 HR SERVICE (MANITOWOC MLC100 CRAWLER)",500,NULL,NULL,NULL,NULL,NULL,"SEE EQUIPMENT DETAILS - PARTS TAB OR WRITE IN PARTS USED:

","CHANGE ENGINE OIL & FILTERS
CHANGE AIR FILTERS
CHANGE FUEL FILTERS
CHANGE HYD FILTERS
CHECK FLUID LEVEL IN PLANETARY HUBS & AXLES
TEST TANK FUEL
INSPECT BOOM
INSPECT PENDANTS
INSPECT WIRE ROPE
CHECK SWING BEARING
GREASE ROTATION POINTS
CHECK LIMIT SWITCHES",NULL,40,NULL,0,"2026-07-22 03:06:12",1288,1,265,154d583a-4064-4d49-9222-7577f0e8bdd4
2719,1,"500 HR SERVICE (MANITOWOC MLC165 CRAWLER)",500,NULL,NULL,NULL,NULL,NULL,"SEE EQUIPMENT DETAILS - PARTS TAB OR WRITE IN PARTS USED:

","CHANGE ENGINE OIL & FILTERS
CHANGE AIR FILTERS
CHANGE FUEL FILTERS
CHANGE HYD FILTERS
CHECK FLUID LEVEL IN PLANETARY HUBS & AXLES
TEST TANK FUEL
INSPECT BOOM
INSPECT PENDANTS
INSPECT WIRE ROPE
CHECK SWING BEARING
GREASE ROTATION POINTS
CHECK LIMIT SWITCHES
",NULL,40,NULL,0,"2026-07-22 03:06:29",1288,1,265,05eb872b-124d-4ee3-b4f3-684824fdfb0b
2720,1,"500 HR SERVICE (MANITOWOC MLC300 CRAWLER)",500,NULL,NULL,NULL,NULL,NULL,"SEE EQUIPMENT DETAILS - PARTS TAB OR WRITE IN PARTS USED:
","CHANGE ENGINE OIL & FILTERS
CHANGE AIR FILTERS
CHANGE FUEL FILTERS
CHANGE HYD FILTERS
CHECK FLUID LEVEL IN PLANETARY HUBS & AXLES
TEST TANK FUEL
INSPECT BOOM
INSPECT PENDANTS
INSPECT WIRE ROPE
CHECK SWING BEARING
GREASE ROTATION POINTS
CHECK LIMIT SWITCHES",NULL,40,NULL,0,"2026-07-22 03:06:48",1288,1,265,aff7078c-2829-40c8-ab71-f5f41857879b
2721,1,"2000 HR SERVICE (AMER HC80 CRAWLER CRANE)",2000,NULL,NULL,NULL,NULL,NULL,"SEE EQUIPMENT DETAILS - PARTS TAB OR WRITE IN PARTS USED:
","• PERFORM ALL 1000 HOUR ITEMS
• SAMPLE HYDRAULIC OIL/CHANGE AS NEEDED
• REPLACE COOLANT
• CHANGE SWING OIL
• CHANGE HOIST GEARBOX OIL
• CHANGE DRUM REDUCER OIL",NULL,40,NULL,0,"2026-07-22 03:07:04",1288,1,265,c7e96157-a85b-431c-aba6-d25f48e420e0
2722,1,"250 HR SERVICE (MILLENNIUM 4100 w/RINGER)",250,NULL,NULL,NULL,NULL,NULL,"SEE EQUIPMENT DETAILS - PARTS TAB OR WRITE IN PARTS USED:
","• CHANGE ENGINE OIL & FILTER
• REPLACE PRIMARY AIR FILTER
• REPLACE SECONDARY AIR FILTER
• CHANGE ENGINE COOLANT FILTER
• CHECK COOLANT LEVEL
• REPLACE PRIMARY FUEL FILTER
• REPLACE SECONDARY FUEL FILTER
• CHECK/REPLACE PRIMARY AIR FILTER (AS INDICATED BY RESTRICTION MONITOR)
• CHECK/REPLACE SECONDARY AIR FILTER (AS INDICATED BY RESTRICTION MONITOR)
• CHANGE HYDRAULIC OIL TANK FILTER
• CHANGE BOOM HOIST OIL FILTER
• CHANGE CASE DRAIN FILTER
• LUBE GREASE POINTS",NULL,40,NULL,0,"2026-07-22 03:07:24",1288,1,265,6fe9fb9b-41de-4960-b858-38554232b0a5
2723,1,"500 HR SERVICE (PRESSURE WASHER)",500,NULL,NULL,NULL,NULL,NULL,"SEE EQUIPMENT DETAILS - PARTS TAB OR WRITE IN PARTS USED:
","CHANGE ENGINE OIL & FILTER
REPLACE AIR FILTER
REPLACE FUEL FILTER
SPARK PLUG CLEANING & REPLACEMENT
INSPECT & CLEAN MUFFLER (AND SPARK ARRESTOR IF EQUIPPED)",NULL,40,NULL,0,"2026-07-22 03:07:52",1288,1,265,1dce658b-0214-46b3-88ed-53d96b517e98
2724,1,"500 HR SERVICE (SHUTTLELIFT 5540F CARRY DECK)",500,NULL,NULL,NULL,NULL,NULL,"SEE EQUIPMENT DETAILS - PARTS TAB OR WRITE IN PARTS USED:

","CHANGE ENGINE OIL & FILTER
CHANGE FUEL FILTERS
CHANGE AIR FILTER
CHANGE HYD FILTERS
REPLACE ENGINE CRANKCASE OIL
",NULL,40,NULL,0,"2026-07-22 03:08:11",1288,1,265,6f08d2b1-c931-4e76-a338-cbed736e30ce
2725,1,"500 HR SERVICE (SKIDSTEER)",500,NULL,NULL,NULL,NULL,NULL,"SEE EQUIPMENT DETAILS - PARTS TAB OR WRITE IN FILTERS USED:","CHANGE ENGINE OIL
REPLACE ENGINE OIL FILTER
REPLACE FUEL FILTERS
DRAIN WATER SEPARATOR
CHECK TRACK TENSION
INSPECT SPROCKETS
INSPECT IDLERS
INSPECT DRIVE MOTORS
INSPECT HYDRAULIC HOSES
GREASE ALL PIVOTS
CHECK FAULT CODES

",NULL,40,NULL,0,"2026-07-22 03:08:26",1288,1,265,d3695882-de77-428c-96a8-2eaaa7e4a61a
2726,1,"500 HR SERVICE (SMALL EQUIPMENT)",500,NULL,NULL,NULL,NULL,NULL,"SEE EQUIPMENT DETAILS - PARTS TAB OR WRITE IN PARTS USED:

","CHANGE ENGINE OIL & FILTER
CHANGE AIR FILTER(S)
CHANGE FUEL FILTER(S)
",NULL,40,NULL,0,"2026-07-22 03:08:47",1288,1,265,53e1b633-c120-490d-ab67-3de416431d22
2727,1,"500 HR SERVICE (TADANO GTC-1300 CRAWLER)",500,NULL,NULL,NULL,NULL,NULL,"SEE EQUIPMENT DETAILS - PARTS TAB OR WRITE IN PARTS USED:","CHANGE ENGINE OIL & FILTER
CHECK/CLEAN/INSPECT AIR FILTERS
CHECK OIL LEVEL IN WINCHES
INSPECT WINCH DRUM
CHECK FASTENERS ON SLEW RING & SWING DRIVE FOR TIGHTNESS
CHECK SWING DRIVE REDUCER OIL LEVEL
INSPECT UNDERCARRIAGE
FUEL SYSTEM - CLEAN FUEL INLET AND SCREEN
FUEL SYSTEM - DRAIN WATER/SEDIMENT
CLEAN COOLING FINS ON RADIATOR AS NEEDED
CHANGE OIL IN FINAL DRIVES",NULL,40,NULL,0,"2026-07-22 03:09:12",1288,1,265,9afb50db-7128-4456-96ea-d00a7458147f
2728,1,"500 HR SERVICE (TADANO GTC-800 CRAWLER)",500,NULL,NULL,NULL,NULL,NULL,"SEE EQUIPMENT DETAILS - PARTS TAB OR WRITE IN PARTS USED:
","CHANGE OIL & FILTER
CHANGE FUEL FILTERS
CHANGE AIR FILTERS
INSPECT WINCH OIL LEVEL
INSPECT WINCH DRUM
INSPECT AML RADTED CAPACITY INDICATOR
CHECK FLUID IN PLANETARY HUBS



",NULL,40,NULL,0,"2026-07-22 03:09:38",1288,1,265,233d6852-fcd3-4092-aaf8-2fe16f5cb2e0
2729,1,"500 HR SERVICE (TADANO GTC-900 CRAWLER)",500,NULL,NULL,NULL,NULL,NULL,"SEE EQUIPMENT DETAILS - PARTS TAB OR WRITE IN PARTS USED:","CHANGE OIL & FILTER
CHANGE FUEL FILTERS
CHANGE AIR FILTERS
INSPECT WINCH OIL LEVEL
INSPECT WINCH DRUM
INSPECT AML RADTED CAPACITY INDICATOR
CHECK FLUID IN PLANETARY HUBS",NULL,40,NULL,0,"2026-07-22 03:10:02",1288,1,265,a88e9c75-72e3-4631-8e31-6df07ca782d5
2730,1,"500 HR SERVICE (TELEHANDLER FORKLIFT)",500,NULL,NULL,NULL,NULL,NULL,"SEE EQUIPMENT DETAILS - PARTS TAB OR WRITE IN PARTS USED:
","CHANGE ENGINE OIL & FILTER
REPLACE FUEL FILTER
REPLACE AIR FILTERS
REPLACE HYD RETURN FILTER
GREASE MACHINE
CHECK AXLE OILS
INSPECT BRAKES
INSPECT STEERING
CHECK BOOM PADS & CHANGES
INSPECT HOSES & CYLINDERS
FUNCTION & SAFETY CHECK (HORN, BACKUP ALARM, LIGHTS)
",NULL,40,NULL,0,"2026-07-22 03:10:18",1288,1,265,0bc9576b-4e99-4ab3-809f-88964e1c4e9a
2731,1,"500 HR SERVICE (UNDERBRIDGE PLATFORM)",500,NULL,NULL,NULL,NULL,NULL,"SEE EQUIPMENT DETAILS - PARTS TAB OR WRITE IN PARTS USED:

","CHANGE OIL AND FILTER
CHANGE FUEL FILTER
CHANGE AIR FILTER",NULL,40,NULL,0,"2026-07-22 03:10:36",1288,1,265,23832a43-fc31-46cc-9963-ac8b15413385
2732,1,"500 HR SERVICE (UTILITY-LAYMOR/TOOLCAT)",500,NULL,NULL,NULL,NULL,NULL,"SEE EQUIPMENT DETAILS - PARTS TAB OR WRITE IN PARTS USED:","CHANGE ENGINE OIL & FILTER
CHANGE AIR FILTER(S)
CHANGE FUEL FILTER(S)
",NULL,40,NULL,0,"2026-07-22 03:10:58",1288,1,265,9c41f70a-0d2d-4a40-8b22-d84f5af6531c
2733,1,"500 HR SERVICE (VAC TRUCK)",500,NULL,NULL,NULL,NULL,NULL,"SEE EQUIPMENT DETAILS - PARTS TAB OR WRITE IN PARTS USED:
","EPPS BOILER - FUEL FILTER
EPPS BOILER - WATER SCREEN
TRANSFER CASE - OIL (SYN 75W90)
BLOWER - OIL (ISO 220)
WATERPUMP - OIL (ISO 68)
AIR COMPRESSOR - OIL (VANGUARD PREMIUM SYN OIL)
AIR COMPRESSOR - OIL FILTER
AIR COMPRESSOR - AIR FILTER (CLEAN OR REPLACE)
BLOWER - FILTER (CLEAN OR REPLACE)
GREASE HYDRO-VAC BODY - BOOM
GREASE HYDRO-VAC BODY - DUMP DOOR & LOCK BAR
GREASE HYDRO-VAC BODY - DRIVE TRAIN
GREASE HYDRO-VAC BODY - CHASSIS
GREASE HYDRO-VAC BODY - AIR PTO SHAFT
LIQUID RING - OIL (SYN 75W90)
",NULL,40,NULL,0,"2026-07-22 03:11:14",1288,1,265,6cdbd348-31ec-4af4-b6f6-0532d2a66d24
2734,1,"500 HR SERVICE (VIBRO DRIVER/EXTRACTOR - POWER UNIT)",500,NULL,NULL,NULL,NULL,NULL,"SEE EQUIPMENT DETAILS - PARTS TAB OR WRITE IN PARTS USED:
","CHANGE ENGINE OIL & FILTER
CHANGE AIR FILTER
CHANGE FUEL FILTER
CHANGE HYD FILTERS
SAMPLE HYDRAULIC FLUID

HOUR METER IS FOR POWER UNIT HOURS.",NULL,40,NULL,0,"2026-07-22 03:11:33",1288,1,265,7627c0d2-e0f2-4ccf-9d90-e0e67dbb9680
2735,1,"500 HR SERVICE (WATER TRUCK)",500,NULL,NULL,NULL,NULL,NULL,"SEE EQUIPMENT DETAILS - PARTS TAB OR WRITE IN PARTS USED:
","CHANGE ENGINE OIL & FILTER
CHANGE AIR FILTERS
REPLACE FUEL FILTERS
DRAIN WATER SEPARATOR
CHECK DEF LEVEL
CHECK COOLANT LEVEL
INSPECT BELTS
INSPECT AIR FILTER
CHECK BATTERIES
CHECK LIGHTS
CHECK BRAKES
CHECK TIRES
CHECK WHEEL TORQUE
INSPECT DRIVELINE
GREASE CHASSIS FITTINGS
CHECK ACTIVE FAULT CODES
",NULL,40,NULL,0,"2026-07-22 03:11:48",1288,1,265,a17ee95b-8488-46ef-869c-1eadb9c55afc
2736,1,"500 HR SERVICE (WELDER STUD)",500,NULL,NULL,NULL,NULL,NULL,"SEE EQUIPMENT DETAILS - PARTS TAB OR WRITE IN PARTS USED:
","CHANGE ENGINE OIL & FILTER
CHANGE AIR FILTER
CHANGE FUEL FILTER
INSPECT WELD CABLES
CLEAN COLLET/CHUCK & ELECTRODE TIP
INSPECT GROUND CLAMP
INSPECT AIR LINES
CLEAN AND LUBRICATE
INSPECT GUN SPRINGS
*VERIFY STUDS WELDED* CONFIRM IN NOTES.
",NULL,40,NULL,0,"2026-07-22 03:12:04",1288,1,265,2c3d1eb6-cb08-4e40-9010-47d5b454ddfb
2737,1,"500 HR TUGBOAT (GENSET - STARBOARD) - HOUR",500,NULL,NULL,NULL,NULL,NULL,"SEE EQUIPMENT DETAILS - PARTS TAB OR WRITE IN PARTS USED:","• CHANGE ENGINE OIL & FILTER(S)
• REPLACE PRIMARY FUEL FILTER(S)
• REPLACE SECONDARY FUEL FILTER(S)
• DRAIN FUEL/WATER SEPARATORS
• CHECK/REPLACE AIR FILTERS
• CHECK COOLANT LEVEL
• INSPECT COOLING SYSTEM
• INSPECT TURBOCHARGERS
• INSPECT BELTS",NULL,40,NULL,0,"2026-07-22 03:12:27",1288,1,265,ba339f20-4fec-4345-9688-8e21ec6456cc
2738,1,"500 HR TUGBOAT (MAIN - STARBOARD) - HOUR",500,NULL,NULL,NULL,NULL,NULL,"SEE EQUIPMENT DETAILS - PARTS TAB OR WRITE IN PARTS USED:","• CHANGE ENGINE OIL & FILTER(S)
• REPLACE PRIMARY FUEL FILTER(S)
• REPLACE SECONDARY FUEL FILTER(S)
• DRAIN FUEL/WATER SEPARATORS
• CHECK/REPLACE AIR FILTERS
• CHECK COOLANT LEVEL
• INSPECT COOLING SYSTEM
• INSPECT TURBOCHARGERS
• INSPECT BELTS
",NULL,40,NULL,0,"2026-07-22 03:12:47",1288,1,265,069e5bfc-1a18-4e56-bd62-4534d3a2ceee
2739,1,"500 HR TUGBOAT (SINGLE SCREW)",500,NULL,NULL,NULL,NULL,NULL,"SEE EQUIPMENT DETAILS - PARTS TAB OR WRITE IN PARTS USED:","• CHANGE ENGINE OIL & FILTER(S)
• REPLACE PRIMARY FUEL FILTER(S)
• REPLACE SECONDARY FUEL FILTER(S)
• DRAIN FUEL/WATER SEPARATORS
• CHECK/REPLACE AIR FILTERS
• CHECK COOLANT LEVEL
• INSPECT COOLING SYSTEM
• INSPECT TURBOCHARGERS
• INSPECT BELTS",NULL,40,NULL,0,"2026-07-22 03:13:04",1288,1,265,de23b5b4-5ef1-4bad-990e-f549c31a323a
2740,2,"500 MI TUGBOAT (GENSET - PORT) - ODOMETER",NULL,NULL,500,NULL,NULL,NULL,"SEE EQUIPMENT DETAILS - PARTS TAB OR WRITE IN PARTS USED:","• CHANGE ENGINE OIL & FILTER(S)
• REPLACE PRIMARY FUEL FILTER(S)
• REPLACE SECONDARY FUEL FILTER(S)
• DRAIN FUEL/WATER SEPARATORS
• CHECK/REPLACE AIR FILTERS
• CHECK COOLANT LEVEL
• INSPECT COOLING SYSTEM
• INSPECT TURBOCHARGERS
• INSPECT BELTS",NULL,NULL,40,0,"2026-07-22 03:13:21",1288,1,265,bbb7005c-0eb2-4494-b237-7c921c85e9e9
2741,2,"500 MI TUGBOAT (MAIN - PORT) - ODOMETER",NULL,NULL,500,NULL,NULL,NULL,"SEE EQUIPMENT DETAILS - PARTS TAB OR WRITE IN PARTS USED:","• CHANGE ENGINE OIL & FILTER(S)
• REPLACE PRIMARY FUEL FILTER(S)
• REPLACE SECONDARY FUEL FILTER(S)
• DRAIN FUEL/WATER SEPARATORS
• CHECK/REPLACE AIR FILTERS
• CHECK COOLANT LEVEL
• INSPECT COOLING SYSTEM
• INSPECT TURBOCHARGERS
• INSPECT BELTS




",NULL,NULL,40,0,"2026-07-22 03:13:38",1288,1,265,7f0fa305-23ef-4549-8bcf-8c33ff2d898c
2742,2,"6000 MI SERVICE (DUMP TRUCK)",NULL,NULL,6000,NULL,NULL,NULL,"SEE EQUIPMENT DETAILS - PARTS TAB OR WRITE IN PARTS USED:
","ENGINE & FLUIDS:
-CHECK ENGINE OIL LEVEL AND CONDITION
-CHANGE ENGINE OIL AND OIL FILTER
-CHECK COOLANT LEVEL AND CONDITION
-CHECK POWER STEERING FLUID
-CHECK TRANSMISSION FLUID LEVEL
-CHECK HYDRAULIC FLUID LEVEL
-CHECK DEF LEVEL AND INSPECT DEF SYSTEM
-DRAIN WATER SEPARATOR AND INSPECT FUEL SYSTEM

BRAKES:
-INSPECT BRAKE LININGS/PADS
-CHECK BRAKE DRUMS/ROTORS
-INSPECT SLACK ADJUSTERS
-CHECK BRAKE CHAMBERS AND HARDWARE
-VERIFY PARKING BRAKE OPERATION

TIRES & WHEELS:
-CHECK TIRE PRESSURE
-MEASURE TREAD DEPTH
-INSPECT FOR CUTS, PUNCTURES, AND UNEVEN WEAR
-CHECK WHEEL NUTS AND RIM CONDITION

STEERING & SUSPENSION:
-INSPECT STEERING LINKAGE
-CHECK KINGPINS AND TIE-ROD ENDS
-LUBRICATE GREASE FITTINGS
-INSPECT SPRINGS, BUSHINGS, SHOCKS, AND U-BOLTS

HYDRAULIC DUMP SYSTEM:
-INSPECT HYDRAULIC CYLINDER FOR LEAKS
-CHECK HOSES AND FITTINGS
-VERIFY DUMP BODY OPERATION
-INSPECT HOIST PIVOTS AND GREASE AS REQUIRED

ELECTRICAL SYSTEM:
-TEST LIGHTS AND SIGNALS
-INSPECT BATTERIES AND CONNECTIONS
-CHECK ALTERNATOR CHARGING VOLTAGE
-INSPECT WIRING FOR DAMAGE

GENERAL INSPECTION:
-CHECK MIRRORS, WINDSHIELD, AND WIPERS
-INSPECT SEAT BELTS
-CHECK HORN AND BACKUP ALARM
-INSPECT PTO OPERATION
-DOCUMENT DEFECTS AND REPAIRS
",NULL,NULL,200,0,"2026-07-22 03:13:57",1288,1,265,cddc0692-7e06-4283-80ab-3782f6abc8d4
2743,2,"6000 MI SERVICE (FLATBED TRUCK)",NULL,NULL,6000,NULL,NULL,NULL,"SEE EQUIPMENT DETAILS - PARTS TAB OR WRITE IN PARTS USED:

","ENGINE & FLUIDS:
-CHANGE ENGINE OIL AND OIL FILTER
-CHECK COOLANT LEVEL AND CONDITION
-CHECK POWER STEERING FLUID
-CHECK TRANSMISSION FLUID LEVEL/FILTER
-CHECK HYDRAULIC FLUID LEVEL
-CHECK DEF LEVEL AND INSPECT DEF SYSTEM
-DRAIN WATER SEPARATOR AND INSPECT FUEL SYSTEM

AIR:
-INSPECT AIR FILTERS AND REPLACE IF NEEDED

BRAKES:
-INSPECT BRAKE LININGS/PADS
-CHECK BRAKE DRUMS/ROTORS
-INSPECT SLACK ADJUSTERS
-CHECK BRAKE CHAMBERS AND HARDWARE
-VERIFY PARKING BRAKE OPERATION

TIRES & WHEELS:
-CHECK TIRE PRESSURE
-MEASURE TREAD DEPTH
-INSPECT FOR CUTS, PUNCTURES, AND UNEVEN WEAR
-CHECK WHEEL NUTS AND RIM CONDITION

STEERING & SUSPENSION:
-INSPECT STEERING LINKAGE
-CHECK KINGPINS AND TIE-ROD ENDS
-LUBRICATE GREASE FITTINGS
-INSPECT SPRINGS, BUSHINGS, SHOCKS, AND U-BOLTS

ELECTRICAL SYSTEM:
-TEST LIGHTS AND SIGNALS
-INSPECT BATTERIES AND CONNECTIONS
-CHECK ALTERNATOR CHARGING VOLTAGE
-INSPECT WIRING FOR DAMAGE

GENERAL INSPECTION:
-CHECK MIRRORS, WINDSHIELD, AND WIPERS
-INSPECT SEAT BELTS
-CHECK HORN AND BACKUP ALARM
-INSPECT PTO OPERATION
-DOCUMENT DEFECTS AND REPAIRS
",NULL,NULL,200,0,"2026-07-22 03:14:16",1288,1,265,34cf8094-1654-44ce-881b-bf551c95dd47
2744,1,"2000 HR SERVICE (LINKBELT 128DLC)",2000,NULL,5000,NULL,NULL,NULL,"SEE EQUIPMENT DETAILS - PARTS TAB OR WRITE IN PARTS USED:","• COMPLETE ALL 1000 HOUR ITEMS
• SAMPLE HYDRAULIC OIL
• REPLACE ALL HYDRAULIC FILTERS
• CHANGE SWING MACHINERY OIL
• CHANGE PROPEL GEARCASE OIL
• INSPECT SWING BEARING CLEARANCE
• INSPECT SWING GEAR TEETH
• INSPECT BOOM SECTIONS FOR CRACKS
• INSPECT DRUM SHAFTS AND BEARINGS
• INSPECT HYDRAULIC PUMPS
• INSPECT TRAVEL MOTORS
• PERFORM COMPLETE STRUCTURAL INSPECTION
• PERFORM OPERATIONAL FUNCTION TEST
",NULL,40,200,0,"2026-07-22 03:14:37",1288,1,265,4b6a192a-212c-4a69-80ee-cc7ceb308e41
2745,2,"6000 MI SERVICE (MECHANIC)",NULL,NULL,6000,NULL,NULL,NULL,"SEE EQUIPMENT DETAILS - PARTS TAB OR WRITE IN PARTS USED:

","ENGINE & FLUIDS:
-CHANGE ENGINE OIL AND OIL FILTER
-CHECK COOLANT LEVEL AND CONDITION
-CHECK POWER STEERING FLUID
-CHECK TRANSMISSION FLUID LEVEL/FILTER
-CHECK HYDRAULIC FLUID LEVEL
-CHECK DEF LEVEL AND INSPECT DEF SYSTEM
-DRAIN WATER SEPARATOR AND INSPECT FUEL SYSTEM

AIR:
-INSPECT AIR FILTERS AND REPLACE IF NEEDED

BRAKES:
-INSPECT BRAKE LININGS/PADS
-CHECK BRAKE DRUMS/ROTORS
-INSPECT SLACK ADJUSTERS
-CHECK BRAKE CHAMBERS AND HARDWARE
-VERIFY PARKING BRAKE OPERATION

TIRES & WHEELS:
-CHECK TIRE PRESSURE
-MEASURE TREAD DEPTH
-INSPECT FOR CUTS, PUNCTURES, AND UNEVEN WEAR
-CHECK WHEEL NUTS AND RIM CONDITION

STEERING & SUSPENSION:
-INSPECT STEERING LINKAGE
-CHECK KINGPINS AND TIE-ROD ENDS
-LUBRICATE GREASE FITTINGS
-INSPECT SPRINGS, BUSHINGS, SHOCKS, AND U-BOLTS

ELECTRICAL SYSTEM:
-TEST LIGHTS AND SIGNALS
-INSPECT BATTERIES AND CONNECTIONS
-CHECK ALTERNATOR CHARGING VOLTAGE
-INSPECT WIRING FOR DAMAGE

GENERAL INSPECTION:
-CHECK MIRRORS, WINDSHIELD, AND WIPERS
-INSPECT SEAT BELTS
-CHECK HORN AND BACKUP ALARM
-INSPECT PTO OPERATION
-DOCUMENT DEFECTS AND REPAIRS
",NULL,NULL,200,0,"2026-07-22 03:14:50",1288,1,265,e818bb4c-8255-41da-8599-4d2aec2c01d1
2746,2,"6000 MI SERVICE (VAC TRUCK - ENGINE/CHASSIS)",NULL,NULL,6000,NULL,NULL,NULL,"SEE EQUIPMENT DETAILS - PARTS TAB OR WRITE IN PARTS USED:

","CHANGE ENGINE OIL & FILTER
CHANGE FUEL FILTERS
CHANGE AIR FILTERS
GREASE UNIT
CHECK AIR SYSTEM",NULL,NULL,200,0,"2026-07-22 03:15:09",1288,1,265,ca385f4c-09c2-489c-b3f9-b43d811a5220
2747,2,"6000 MI SERVICE (WATER TRUCK)",NULL,NULL,6000,NULL,NULL,NULL,"SEE EQUIPMENT DETAILS - PARTS TAB OR WRITE IN PARTS USED:","ENGINE & FLUIDS:
-CHECK ENGINE OIL LEVEL AND CONDITION
-CHANGE ENGINE OIL AND OIL FILTER
-CHECK COOLANT LEVEL AND CONDITION
-CHECK POWER STEERING FLUID
-CHECK TRANSMISSION FLUID LEVEL
-CHECK HYDRAULIC FLUID LEVEL
-CHECK DEF LEVEL AND INSPECT DEF SYSTEM
-DRAIN WATER SEPARATOR AND INSPECT FUEL SYSTEM

BRAKES:
-INSPECT BRAKE LININGS/PADS
-CHECK BRAKE DRUMS/ROTORS
-INSPECT SLACK ADJUSTERS
-CHECK BRAKE CHAMBERS AND HARDWARE
-VERIFY PARKING BRAKE OPERATION

TIRES & WHEELS:
-CHECK TIRE PRESSURE
-MEASURE TREAD DEPTH
-INSPECT FOR CUTS, PUNCTURES, AND UNEVEN WEAR
-CHECK WHEEL NUTS AND RIM CONDITION

STEERING & SUSPENSION:
-INSPECT STEERING LINKAGE
-CHECK KINGPINS AND TIE-ROD ENDS
-LUBRICATE GREASE FITTINGS
-INSPECT SPRINGS, BUSHINGS, SHOCKS, AND U-BOLTS

HYDRAULIC DUMP SYSTEM:
-INSPECT HYDRAULIC CYLINDER FOR LEAKS
-CHECK HOSES AND FITTINGS
-VERIFY DUMP BODY OPERATION
-INSPECT HOIST PIVOTS AND GREASE AS REQUIRED

ELECTRICAL SYSTEM:
-TEST LIGHTS AND SIGNALS
-INSPECT BATTERIES AND CONNECTIONS
-CHECK ALTERNATOR CHARGING VOLTAGE
-INSPECT WIRING FOR DAMAGE

GENERAL INSPECTION:
-CHECK MIRRORS, WINDSHIELD, AND WIPERS
-INSPECT SEAT BELTS
-CHECK HORN AND BACKUP ALARM
-INSPECT PTO OPERATION
-DOCUMENT DEFECTS AND REPAIRS
",NULL,NULL,200,0,"2026-07-22 03:15:28",1288,1,265,a337ae98-9343-4696-9be5-e4777f457c57
2748,2,"6000 MI SERVICE (FUEL/LUBE F-750, T370)",NULL,NULL,6000,NULL,NULL,NULL,"SEE EQUIPMENT DETAILS - PARTS TAB OR WRITE IN PARTS USED:

","ENGINE & FLUIDS:
-CHANGE ENGINE OIL AND OIL FILTER
-CHECK COOLANT LEVEL AND CONDITION
-CHECK POWER STEERING FLUID
-CHECK TRANSMISSION FLUID LEVEL/FILTER
-CHECK HYDRAULIC FLUID LEVEL
-CHECK DEF LEVEL AND INSPECT DEF SYSTEM
-DRAIN WATER SEPARATOR AND INSPECT FUEL SYSTEM

AIR:
-INSPECT AIR FILTERS AND REPLACE IF NEEDED

BRAKES:
-INSPECT BRAKE LININGS/PADS
-CHECK BRAKE DRUMS/ROTORS
-INSPECT SLACK ADJUSTERS
-CHECK BRAKE CHAMBERS AND HARDWARE
-VERIFY PARKING BRAKE OPERATION

TIRES & WHEELS:
-CHECK TIRE PRESSURE
-MEASURE TREAD DEPTH
-INSPECT FOR CUTS, PUNCTURES, AND UNEVEN WEAR
-CHECK WHEEL NUTS AND RIM CONDITION

STEERING & SUSPENSION:
-INSPECT STEERING LINKAGE
-CHECK KINGPINS AND TIE-ROD ENDS
-LUBRICATE GREASE FITTINGS
-INSPECT SPRINGS, BUSHINGS, SHOCKS, AND U-BOLTS

ELECTRICAL SYSTEM:
-TEST LIGHTS AND SIGNALS
-INSPECT BATTERIES AND CONNECTIONS
-CHECK ALTERNATOR CHARGING VOLTAGE
-INSPECT WIRING FOR DAMAGE

GENERAL INSPECTION:
-CHECK MIRRORS, WINDSHIELD, AND WIPERS
-INSPECT SEAT BELTS
-CHECK HORN AND BACKUP ALARM
-INSPECT PTO OPERATION
-DOCUMENT DEFECTS AND REPAIRS
",NULL,NULL,200,0,"2026-07-22 03:15:48",1288,1,265,ccada9cf-ca80-493b-bbbe-0be844f49598
2749,2,"6000 MI SERVICE (RR-KNUCKLE/GRAPPLE/BOOM/DUMP/CONCRETE TRUCK",NULL,NULL,6000,NULL,NULL,NULL,"SEE EQUIPMENT DETAILS - PARTS TAB OR WRITE IN PARTS USED:

","ENGINE & FLUIDS:
-CHECK ENGINE OIL LEVEL AND CONDITION
-CHANGE ENGINE OIL AND OIL FILTER
-CHECK COOLANT LEVEL AND CONDITION
-CHECK POWER STEERING FLUID
-CHECK TRANSMISSION FLUID LEVEL
-CHECK HYDRAULIC FLUID LEVEL
-CHECK DEF LEVEL AND INSPECT DEF SYSTEM
-DRAIN WATER SEPARATOR AND INSPECT FUEL SYSTEM

BRAKES:
-INSPECT BRAKE LININGS/PADS
-CHECK BRAKE DRUMS/ROTORS
-INSPECT SLACK ADJUSTERS
-CHECK BRAKE CHAMBERS AND HARDWARE
-VERIFY PARKING BRAKE OPERATION

TIRES & WHEELS:
-CHECK TIRE PRESSURE
-MEASURE TREAD DEPTH
-INSPECT FOR CUTS, PUNCTURES, AND UNEVEN WEAR
-CHECK WHEEL NUTS AND RIM CONDITION

STEERING & SUSPENSION:
-INSPECT STEERING LINKAGE
-CHECK KINGPINS AND TIE-ROD ENDS
-LUBRICATE GREASE FITTINGS
-INSPECT SPRINGS, BUSHINGS, SHOCKS, AND U-BOLTS

HYDRAULIC DUMP SYSTEM:
-INSPECT HYDRAULIC CYLINDER FOR LEAKS
-CHECK HOSES AND FITTINGS
-VERIFY DUMP BODY OPERATION
-INSPECT HOIST PIVOTS AND GREASE AS REQUIRED

ELECTRICAL SYSTEM:
-TEST LIGHTS AND SIGNALS
-INSPECT BATTERIES AND CONNECTIONS
-CHECK ALTERNATOR CHARGING VOLTAGE
-INSPECT WIRING FOR DAMAGE

GENERAL INSPECTION:
-CHECK MIRRORS, WINDSHIELD, AND WIPERS
-INSPECT SEAT BELTS
-CHECK HORN AND BACKUP ALARM
-INSPECT PTO OPERATION
-DOCUMENT DEFECTS AND REPAIRS",NULL,NULL,200,0,"2026-07-22 03:16:05",1288,1,265,031ff01f-cb7a-40ee-ad4d-26dee339a176
2750,1,"750 HR SERVICE (LIGHT PLANT/TOWER)",750,NULL,NULL,NULL,NULL,NULL,"SEE EQUIPMENT DETAILS - PARTS TAB OR WRITE IN PARTS USED:
","CHANGE ENGINE OIL & FILTER 
CHANGE AIR FILTER 
CHANGE FUEL FILTER 
BELT & BELT TENSION - INSPECT/ADJUST/REPLACE 
INSPECT BATTERY CONDITION 
RESET MAINTENANCE ALARM (REFERENCE PAGE 41 IN OPS MANUAL FOR CODE) FOR MLT65MD LIIGHT TOWERS 
",NULL,40,NULL,0,"2026-07-22 03:16:26",1288,1,265,d8f50628-2a2b-4eac-8df5-bff06ef8c898
2751,3,"ANNUAL - H-INSPECTION",NULL,365,NULL,NULL,NULL,NULL,,"HI-RAIL INSPECTION. 3RD PARTY PAPERWORK REQUIRED FOR CLOSE OUT.",30,NULL,NULL,0,"2026-07-22 03:16:45",1288,1,265,d1ed01ab-724d-40ea-bbbe-edc155d775c0
2752,3,"CALIBRATION - (FLUKE METER) - 365 DAY",NULL,365,NULL,NULL,NULL,NULL,"
","365 DAY INTERVAL. SUBMIT WEVR PAPERWORK. WORK ORDER WILL NOT CLOSE UNLESS PAPERWORK IS CORRECT & SUBMITTED.",7,NULL,NULL,0,"2026-07-22 03:17:04",1288,1,265,c3089e2e-6e1f-4ee2-94e0-e723dea2fb0b
2753,3,"CALIBRATION - (MASTER TAPE)  - 1825 DAY - REPLACE",NULL,1825,NULL,NULL,NULL,NULL,,"*NOTICE TO REPLACE MASTER TAPES AFTER 5-YEAR TO AVOID CALIBRATION PAPERWORK. ",7,NULL,NULL,0,"2026-07-22 03:17:47",1288,1,265,2c0e57d8-d1bc-4429-b795-537a99e8866a
2754,3,"CALIBRATION - (MILLER LOAD BANK - N/A)",NULL,0,NULL,NULL,NULL,NULL,,"NO CALIBRATION REQUIRED FOR MILLER LOAD BANK",0,NULL,NULL,0,"2026-07-22 03:18:14",1288,1,265,c7d4ffbd-56da-42ca-a91d-800041f03b45
2755,3,"CALIBRATION - (WELDER) - 365 DAY",NULL,365,NULL,NULL,NULL,NULL,,"SUBMIT WEVR PAPERWORK. WORK ORDER WILL NOT CLOSE UNLESS PAPERWORK IS CORRECT & SUBMITTED.",7,NULL,NULL,0,"2026-07-22 03:18:30",1288,1,265,c146bf0e-0f1f-4247-995f-195ad15c0437
2756,3,"CALIBRATION - (WELDER) - 90 DAY",NULL,90,NULL,NULL,NULL,NULL,,"SUBMIT WEVR PAPERWORK. WORK ORDER WILL NOT CLOSE UNLESS PAPERWORK IS CORRECT & SUBMITTED.",7,NULL,NULL,0,"2026-07-22 03:18:46",1288,1,265,c30eb0e1-7684-478d-84be-51de926b4165
2757,4,"INITIAL 100 HR BREAK-IN SERVICE",NULL,NULL,NULL,NULL,100,NULL,"SEE EQUIPMENT DETAILS - PARTS TAB OR WRITE IN PARTS USED:

","INITIAL 100-HR BREAK-IN (OIL CHANGE) SERVICE",NULL,30,NULL,0,"2026-07-22 03:19:17",1288,1,265,920bdf71-58af-4ac6-ac22-c5bb37746768
2758,4,"INITIAL 200 HR BREAK-IN SERVICE (MANITOWOC MLC300)",NULL,NULL,NULL,NULL,200,NULL,"SEE EQUIPMENT DETAILS - PARTS TAB OR WRITE IN PARTS USED:
","INITIAL 200-HR BREAK-IN (OIL CHANGE) SERVICE
CHECK TORQUE/TENSION CRAWLER TRACK SHOW BOLTS
CHECK SWING DRIVER GEAR OIL
LUBE SWING GUIDE ROLLER HOUSINGS (4) 2 FITTINGS EACH
LUBE SWING DRIVE PIVOT PIN HOUSINGS (4) - 3 FITTINGS EACH
CHECK VPC WEAR PLATES  - TORQUE/TENSION
GEAR BOXES (INITIAL CHANGE) PUMP DRIVES, DRUMS, SWING, CRAWL
LUBE DRUM 1 ROLLER PILLOW BLOCK BEARINGS
LUBE DRUM 4 & 5 PAWL PIN (1)
CHECK HYD HOSES AND TUBES
LUBE ENGINE CLUTCH LEVER & BEARINGS (2 ENGINES)
CHECK CLUTCH DISCS
SERVICE DIESEL GENERATOR
CHECK ELECTRIC CABLES & HARNESSES
CHECK CAN NODES AND JUNCTION BOXES
CHECK VPC ROTATING BED RAILS",NULL,30,NULL,0,"2026-07-22 03:19:42",1288,1,265,9f1109d2-17e4-4b2e-976f-193e1ef71bd4
2759,4,"INITIAL 25 HR BREAK-IN SERVICE (UTV)",NULL,NULL,NULL,NULL,25,NULL,"SEE EQUIPMENT DETAILS - PARTS TAB OR WRITE IN PARTS USED:
","CHANGE ENGINE OIL & FILTER
CHANGE FRONT/REAR GEARCASE FLUID
CHECK TRANSMISSION FLUID LEVEL/CHECK FOR LEAKS",NULL,5,NULL,0,"2026-07-22 03:19:58",1288,1,265,452d6607-8bbc-41a3-b117-8474f28fcb0d
2760,4,"INITIAL 250 HR BREAK-IN SERVICE",NULL,NULL,NULL,NULL,250,NULL,"SEE EQUIPMENT DETAILS - PARTS TAB OR WRITE IN PARTS USED:

","INITIAL 250-HR BREAK-IN (OIL CHANGE) SERVICE",NULL,30,NULL,0,"2026-07-22 03:20:22",1288,1,265,88ebbeb4-754e-4339-9930-690104dfa22d
2761,4,"INITIAL 40 HR BREAK-IN SERVICE (PRESSURE WASHER)",NULL,NULL,NULL,NULL,40,NULL,"SEE EQUIPMENT DETAILS - PARTS TAB OR WRITE IN PARTS USED:
","CHANGE PUMP OIL AFTER INITIAL 40 HOURS OF USE",NULL,5,NULL,0,"2026-07-22 03:20:42",1288,1,265,7e155949-506b-4180-be0a-915a6ce92bde
2762,4,"INITIAL 50 HR BREAK-IN SERVICE",NULL,NULL,NULL,NULL,50,NULL,"SEE EQUIPMENT DETAILS - PARTS TAB OR WRITE IN PARTS USED:
","INITIAL 50-HR BREAK-IN (OIL CHANGE) SERVICE",NULL,5,NULL,0,"2026-07-22 03:21:01",1288,1,265,251d5d0d-35ef-4384-903e-933d5f7c7750
2763,4,"INITIAL 50 HR BREAK-IN SERVICE (TUGBOAT STARBOARD)",NULL,NULL,NULL,NULL,50,NULL,"SEE EQUIPMENT DETAILS - PARTS TAB OR WRITE IN PARTS USED:
","CHANGE ENGINE OIL & FILTER
CHANGE AIR FILTERS
CHANGE FUEL FILTERS",NULL,5,NULL,0,"2026-07-22 03:21:21",1288,1,265,6750b26e-ca5b-4a42-a607-c8fcd15fdfc5
2764,4,"INITIAL 50 HR BREAK-IN SERVICE (UTV)",NULL,NULL,NULL,NULL,50,NULL,"SEE EQUIPMENT DETAILS - PARTS TAB OR WRITE IN PARTS USED:

","CHANGE ENGINE OIL & FILTER
CHANGE FRONT/REAR GEARCASE FLUID
CHECK TRANSMISSION FLUID LEVEL/CHECK FOR LEAKS",NULL,7,NULL,0,"2026-07-22 03:21:51",1288,1,265,a9787f47-7281-4b5a-a127-5b9cfa67ec77
2765,4,"INITIAL 50 MI BREAK-IN SERVICE (TUGBOAT PORT)",NULL,NULL,NULL,NULL,50,NULL,"SEE EQUIPMENT DETAILS - PARTS TAB OR WRITE IN PARTS USED:
","*STARBOARD = HOUR METER READING
*PORT = ODOMETER METER READING

CHANGE ENGINE OIL & FILTER
CHANGE AIR FILTERS
CHANGE FUEL FILTERS",NULL,5,NULL,0,"2026-07-22 03:22:07",1288,1,265,461e975c-a252-4bfa-8385-9dedf5fcf2a7
2771,1,"1000 HR SERVICE (AERIAL BOOM LIFT)",1000,NULL,NULL,NULL,NULL,NULL,"SEE EQUIPMENT DETAILS - PARTS TAB OR WRITE IN PARTS USED:
","INCLUDES ALL 500 HR TASKS
CHECK BASKET CONTROLS/PERFORM FUNCTION TEST
INSPECT CYLINDERS
INSPECT BOOM STRUCTURE",NULL,40,NULL,0,"2026-07-27 01:25:08",16222,1,265,259e7b70-11d3-454b-9869-47d1f27bb54b
2772,1,"500 HR SERVICE (AERIAL BOOM LIFT)",500,NULL,NULL,NULL,NULL,NULL,"SEE EQUIPMENT DETAILS - PARTS TAB OR WRITE IN PARTS USED:
","CHANGE ENGINE OIL & FILTER
CHANGE FUEL FILTERS
CHANGE AIR FILTERS
CHANGE HYD FILTERS
CHECK BOOM FUNCTIONS
INSPECT PLATFORM CONTROLS
INSPECT SAFETY DEVICES",NULL,40,NULL,0,"2026-07-27 01:25:59",16222,1,265,4d6bef69-bfb6-44c0-a118-8bc2a96e768c
2773,1,"2000 HR SERVICE (AERIAL BOOM LIFT)",2000,NULL,NULL,NULL,NULL,NULL,"SEE EQUIPMENT DETAILS - PARTS TAB OR WRITE IN PARTS USED:
","INCLUDES ALL 1000 HR TASKS
SAMPLE HYDRAULIC OIL
REPLACE COOLANT
",NULL,40,NULL,0,"2026-07-27 01:26:21",16222,1,265,46381ad0-1556-49de-b715-3a39b6f710b2
2774,1,"250 HR SERVICE (WELDER MILLER 500D WELDER - CO SHOP)",250,NULL,NULL,NULL,NULL,NULL,"SEE EQUIPMENT DETAILS - PARTS TAB OR WRITE IN PARTS USED:","CHANGE ENGINE OIL & FILTER
REPLACE FUEL FILTER(S)
INSPECT/REPLACE AIR FILTER

CHECK ALTERNATOR OUTPUT
CHECK BATTERY CONDITION
INSPECT COOLING SYSTEM
INSPECT ENGINE MOUNTS
INSPECT EXHAUST SYSTEM
CHECK FOR OIL LEAKS
CHECK FOR FUEL LEAKS
INSPECT WELD LEADS
INSPECT ELECTRODE HOLDER
INSPECT GROUND CLAMP
CHECK AC/DC OUTPUT
VERIFY AUXILIARY POWER OUTPUT
CLEAN MACHINE INTERIOR
REMOVE DEBRIS FROM COOLING SYSTEM
OPERATIONAL TEST
",NULL,40,NULL,0,"2026-07-30 19:32:42",16222,1,265,591994f5-f24c-4ddf-8a34-ef77e6cc213a
2775,2,"200 HR SERVICE (WELDER BOBCAT 250 KUBOTA DIESEL)",NULL,NULL,200,NULL,NULL,NULL,"SEE EQUIPMENT DETAILS - PARTS TAB OR WRITE IN PARTS USED:","CHANGE ENGINE OIL & FILTER
REPLACE FUEL FILTER(S)
INSPECT/REPLACE AIR FILTER

CHECK ALTERNATOR OUTPUT
CHECK BATTERY CONDITION
INSPECT COOLING SYSTEM
INSPECT ENGINE MOUNTS
INSPECT EXHAUST SYSTEM
CHECK FOR OIL LEAKS
CHECK FOR FUEL LEAKS
INSPECT WELD LEADS
INSPECT ELECTRODE HOLDER
INSPECT GROUND CLAMP
CHECK AC/DC OUTPUT
VERIFY AUXILIARY POWER OUTPUT
CLEAN MACHINE INTERIOR
REMOVE DEBRIS FROM COOLING SYSTEM
OPERATIONAL TEST
",NULL,NULL,30,0,"2026-07-30 19:40:30",16222,1,265,7ddca393-436f-4b4d-aa11-bf7300358b3d
2781,3,"CALIBRATION - (WIRE FEED) - 365 DAY",NULL,365,NULL,NULL,NULL,NULL,,"SUBMIT WEVR PAPERWORK. WORK ORDER WILL NOT CLOSE UNLESS PAPERWORK IS CORRECT & SUBMITTED.",7,NULL,NULL,0,"2026-08-04 06:03:02",16222,1,265,40a88123-dab2-4590-b2ca-a76c03ab8b52
2782,3,"CALIBRATION - (WIRE FEED) - 90 DAY",NULL,90,NULL,NULL,NULL,NULL,,"SUBMIT WEVR PAPERWORK. WORK ORDER WILL NOT CLOSE UNLESS PAPERWORK IS CORRECT & SUBMITTED.",7,NULL,NULL,0,"2026-08-04 06:03:51",16222,1,265,9c32e8ec-4b51-4ab0-ae1c-133926ed161c
2783,1,"500 HR SERVICE (RENTAL CRANE)",500,NULL,NULL,NULL,NULL,NULL,,"PERFORM 500 HR SERVICE
- CHANGE OIL & FILTER
- CHANGE AIR FILTERS
- CHANGE FUEL FILTERS",NULL,40,NULL,0,"2026-08-04 06:15:03",16222,1,265,80dbc6cf-38ec-4145-8840-5fd857a18982
2784,1,"500 HR SERVICE (T-714 WORK BOAT)",500,NULL,NULL,NULL,NULL,NULL,"SEE EQUIPMENT DETAILS - PARTS TAB OR WRITE IN PARTS USED:","CHANGE ENGINE OIL & FILTER
CHANGE AIR FILTER(S)
CHANGE FUEL FILTER(S)
",NULL,40,NULL,0,"2026-08-04 06:24:37",16222,1,265,71157b5b-d3ad-49ad-9265-5645e282d00c
2785,1,"1000 HR SERVICE (T-714 WORK BOAT)",1000,NULL,NULL,NULL,NULL,NULL,"SEE EQUIPMENT DETAILS - PARTS TAB OR WRITE IN PARTS USED:","PERFORM 500 HR SERVICE
CHANGE HYDRAULIC FILTERS",NULL,40,NULL,0,"2026-08-04 06:26:31",16222,1,265,6c5a1cee-b528-4fd0-b854-187d0773addb
2786,1,"2000 HR SERVICE (T-714 WORK BOAT)",2000,NULL,NULL,NULL,NULL,NULL,"SEE EQUIPMENT DETAILS - PARTS TAB OR WRITE IN PARTS USED:","PERFORM 1000 HR SERVICE
CHANGE HYDRAULIC OIL",NULL,40,NULL,0,"2026-08-04 06:27:15",16222,1,265,91c671f7-319f-4cc3-8006-186d492f57c7
2788,4,DELETE,250,NULL,NULL,NULL,3000,NULL,,"SOS - ENGINE - MC - 07/30/26 @ 1032 HRS -  RESULTS TO RESAMPLE IN 250 HRS",NULL,40,NULL,1,"2026-08-06 19:57:52",16222,1,265,5143d196-2ed6-4298-b801-5793acdf75f4
2794,3,"TEST TEMPLATE",NULL,365,NULL,NULL,NULL,NULL,,,30,NULL,NULL,0,"2026-08-14 21:47:17",16222,1,265,d33be267-78ee-4bfc-830d-885365029d6c
2795,3,"TEST TEMPLATE - WEVR TEMPLATE",NULL,365,NULL,NULL,NULL,NULL,,,30,NULL,NULL,0,"2026-08-14 21:48:45",16222,1,265,2620555b-afbd-4b7f-92a2-8f3c156771a6
2796,3,"DOT - ANNUAL",NULL,365,NULL,NULL,NULL,NULL,,"ATTACH DOT ANNUAL PAPERWORK. PLEASE VERIFY VIN OR SERIAL NUMBER PRIOR TO ATTACHING!",30,NULL,NULL,0,"2026-08-17 16:35:30",16222,1,265,73b646c7-0190-4d26-a4da-c58f6c516951
2798,1,"500 HR SERVICE (RENTAL UNIT)",500,NULL,NULL,NULL,NULL,NULL,,"RENTAL UNIT SERVICE REQUEST",NULL,40,NULL,0,"2026-08-18 21:17:42",16222,1,265,6084b101-8f19-4274-ada5-f67a16721054
2799,1,"1000 HR SERVICE (RENTAL UNIT) - NOT IN USE",1000,NULL,NULL,NULL,NULL,NULL,,"RENTAL 1000 HR SERVICE REQUEST",NULL,40,NULL,0,"2026-08-18 21:20:00",16222,1,265,bb79f04b-9ecd-42d9-bae6-8f2c4450931c
