workOrderId,equipmentId,datePerformed,hourMeterId,odometerId,note,createdTimestampUtc,createdByUserId,isDeleted,isActive,isPmPerformed,workOrderStatus,updatedTimestampUtc,sortOrder,lastUpdatedByUserId,substatusId,uuid,externalCompanyCode,externalWorkOrderNumber,externalWorkOrderType,externalJobNumber,externalCustomerNumber,externalServiceStore,estimatedArrivalDate,completionDate,scheduledStart,requestedDate
97133,51864,2026-04-06,9801843,NULL,"Imported by IVO Systems on 2026.08.05.","2026-08-05 14:16:51",45,0,1,1,3,"2026-08-18 20:38:08",0,9236,NULL,65b3c4b7-8ae4-458f-8e40-643424ab5169,NULL,NULL,J,NULL,NULL,NULL,NULL,"2026-08-06 14:38:19",NULL,NULL
97134,51864,2026-04-06,NULL,NULL,"Imported by IVO Systems on 2026.08.05.","2026-08-05 14:16:51",45,1,0,0,3,"2026-08-18 20:38:08",0,9236,NULL,9c6459d7-0ef2-422a-9c6a-e82232e0e356,NULL,NULL,J,NULL,NULL,NULL,NULL,NULL,NULL,NULL
97135,51864,2026-04-06,NULL,NULL,"Imported by IVO Systems on 2026.08.05.","2026-08-05 14:16:51",45,1,0,0,3,"2026-08-18 20:38:08",0,9236,NULL,2d4e47dd-3170-4585-a5d1-bfedd5e950e2,NULL,NULL,J,NULL,NULL,NULL,NULL,NULL,NULL,NULL
96702,51866,2026-01-21,NULL,NULL,"Imported by IVO Systems on 2026.08.05.","2026-08-05 14:15:12",45,0,1,1,3,"2026-08-18 20:38:08",0,9236,NULL,56630f02-746f-4e33-8525-ade388b23f9c,NULL,NULL,J,NULL,NULL,NULL,NULL,"2026-08-05 14:43:20",NULL,NULL
96700,51867,2025-10-01,NULL,NULL,"Imported by IVO Systems on 2026.08.05.","2026-08-05 14:15:12",45,0,1,1,3,"2026-08-18 20:38:08",0,9236,NULL,40343d9c-3274-40d4-9e80-844d2eb6d22a,NULL,NULL,J,NULL,NULL,NULL,NULL,"2026-08-05 14:41:20",NULL,NULL
96713,51869,2026-02-16,NULL,NULL,"Imported by IVO Systems on 2026.08.05.","2026-08-05 14:15:12",45,0,1,0,1,"2026-08-18 20:38:08",0,9236,NULL,1ff63cf2-a6fd-4de1-968b-fc0209ac1acb,NULL,NULL,J,NULL,NULL,NULL,NULL,"2026-08-10 18:04:57",NULL,NULL
96697,51875,2025-11-04,NULL,NULL,"Imported by IVO Systems on 2026.08.05.","2026-08-05 14:15:12",45,0,1,1,3,"2026-08-18 20:38:08",0,9236,NULL,e4be8048-0dd3-4240-a589-b05f26fd1f85,NULL,NULL,J,NULL,NULL,NULL,NULL,"2026-08-05 14:37:31",NULL,NULL
97142,51880,2026-02-24,9801853,NULL,"Imported by IVO Systems on 2026.08.05.","2026-08-05 14:16:53",45,0,1,1,3,"2026-08-18 20:38:08",0,9236,NULL,4bf19164-c705-4600-8374-1a8da2afb185,NULL,NULL,J,NULL,NULL,NULL,NULL,"2026-08-06 14:41:46",NULL,NULL
97143,51880,2026-02-24,NULL,NULL,"Imported by IVO Systems on 2026.08.05.","2026-08-05 14:16:53",45,1,0,0,3,"2026-08-18 20:38:08",0,9236,NULL,14344626-2a95-4a4b-989e-5d3641bbea31,NULL,NULL,J,NULL,NULL,NULL,NULL,NULL,NULL,NULL
97144,51880,2026-02-24,NULL,NULL,"Imported by IVO Systems on 2026.08.05.","2026-08-05 14:16:54",45,1,0,0,3,"2026-08-18 20:38:08",0,9236,NULL,2731acc9-3602-455b-a7a3-bc3e0246e7dd,NULL,NULL,J,NULL,NULL,NULL,NULL,NULL,NULL,NULL
97139,51881,2026-08-01,9801849,NULL,"Imported by IVO Systems on 2026.08.05.","2026-08-05 14:16:52",45,0,1,1,3,"2026-08-18 20:38:08",0,9236,NULL,68f906a1-c94d-4ded-8c41-bddf48c3b075,NULL,NULL,J,NULL,NULL,NULL,NULL,"2026-08-06 14:40:43",NULL,NULL
97140,51881,2026-08-01,NULL,NULL,"Imported by IVO Systems on 2026.08.05.","2026-08-05 14:16:53",45,1,0,0,3,"2026-08-18 20:38:08",0,9236,NULL,3bbd2320-1e64-4afc-827c-ede3e416171b,NULL,NULL,J,NULL,NULL,NULL,NULL,NULL,NULL,NULL
97141,51881,2026-08-01,NULL,NULL,"Imported by IVO Systems on 2026.08.05.","2026-08-05 14:16:53",45,1,0,0,3,"2026-08-18 20:38:08",0,9236,NULL,0a3293d7-f265-4f58-bfe6-ae0305a54f1d,NULL,NULL,J,NULL,NULL,NULL,NULL,NULL,NULL,NULL
96711,51883,2026-01-21,NULL,NULL,"Imported by IVO Systems on 2026.08.05.","2026-08-05 14:15:12",45,0,1,1,3,"2026-08-18 20:38:08",0,9236,NULL,8f8d53fd-5843-4b70-ad1d-26729e6667cd,NULL,NULL,J,NULL,NULL,NULL,NULL,"2026-08-05 14:55:06",NULL,NULL
97136,51884,2026-02-12,9801846,NULL,"Imported by IVO Systems on 2026.08.05.","2026-08-05 14:16:52",45,0,1,1,3,"2026-08-18 20:38:08",0,9236,NULL,5062dca2-2a5c-4466-9517-18cb6211e776,NULL,NULL,J,NULL,NULL,NULL,NULL,"2026-08-06 14:39:34",NULL,NULL
97137,51884,2026-02-12,NULL,NULL,"Imported by IVO Systems on 2026.08.05.","2026-08-05 14:16:52",45,1,0,0,3,"2026-08-18 20:38:08",0,9236,NULL,4125b5eb-8495-43c4-8962-1f2c6353f3d9,NULL,NULL,J,NULL,NULL,NULL,NULL,NULL,NULL,NULL
97138,51884,2026-02-12,NULL,NULL,"Imported by IVO Systems on 2026.08.05.","2026-08-05 14:16:52",45,1,0,0,3,"2026-08-18 20:38:08",0,9236,NULL,f00f6df9-a475-4901-afcb-e447954e311f,NULL,NULL,J,NULL,NULL,NULL,NULL,NULL,NULL,NULL
96695,51886,2025-11-12,NULL,NULL,"Imported by IVO Systems on 2026.08.05.","2026-08-05 14:15:12",45,0,1,1,3,"2026-08-18 20:38:08",0,9236,NULL,d09eb73e-9af3-4ade-a63a-9d45bdff2360,NULL,NULL,J,NULL,NULL,NULL,NULL,"2026-08-05 14:29:33",NULL,NULL
96705,51888,2026-01-21,NULL,NULL,"Imported by IVO Systems on 2026.08.05.","2026-08-05 14:15:12",45,0,1,1,3,"2026-08-18 20:38:08",0,9236,NULL,5f0d4e87-203a-4654-a2a5-36c67825ffd0,NULL,NULL,J,NULL,NULL,NULL,NULL,"2026-08-05 14:59:03",NULL,NULL
97145,51895,2026-06-01,9801857,NULL,"Imported by IVO Systems on 2026.08.05.","2026-08-05 14:16:54",45,0,1,1,3,"2026-08-18 20:38:08",0,9236,NULL,860c972a-ab3c-4873-b0da-2e7ad7aa8492,NULL,NULL,J,NULL,NULL,NULL,NULL,"2026-08-06 14:43:18",NULL,NULL
97146,51895,2026-06-01,NULL,NULL,"Imported by IVO Systems on 2026.08.05.","2026-08-05 14:16:54",45,1,0,0,3,"2026-08-18 20:38:08",0,9236,NULL,7821841c-ca6e-47ef-8dfc-6cc9a53b7dfe,NULL,NULL,J,NULL,NULL,NULL,NULL,NULL,NULL,NULL
97147,51895,2026-06-08,9801859,NULL,"Imported by IVO Systems on 2026.08.05.","2026-08-05 14:16:54",45,0,1,1,3,"2026-08-18 20:38:08",0,9236,NULL,0f0a7613-c7cb-433f-a993-e690f035f2a8,NULL,NULL,J,NULL,NULL,NULL,NULL,"2026-08-06 14:43:41",NULL,NULL
97148,51895,2026-06-01,NULL,NULL,"Imported by IVO Systems on 2026.08.05.","2026-08-05 14:16:55",45,1,0,0,3,"2026-08-18 20:38:08",0,9236,NULL,acf75297-e509-4c65-a4f2-6a3bdc017a2b,NULL,NULL,J,NULL,NULL,NULL,NULL,NULL,NULL,NULL
97149,51896,2026-01-10,9801861,NULL,"Imported by IVO Systems on 2026.08.05.","2026-08-05 14:16:55",45,1,0,1,1,"2026-08-18 20:38:08",0,9236,NULL,86d2169b-e77e-4328-adf1-8cf5e6d4a9fe,NULL,NULL,J,NULL,NULL,NULL,NULL,NULL,NULL,NULL
97150,51896,2025-05-10,9801862,NULL,"Imported by IVO Systems on 2026.08.05.","2026-08-05 14:16:55",45,0,1,1,3,"2026-08-18 20:38:08",0,9236,NULL,9214ab88-7330-4e2a-90a5-22bd52d12cc0,NULL,NULL,J,NULL,NULL,NULL,NULL,"2026-08-06 14:45:59",NULL,NULL
97151,51896,2026-01-10,9801861,NULL,"Imported by IVO Systems on 2026.08.05.","2026-08-05 14:16:55",45,0,1,1,3,"2026-08-18 20:38:08",0,9236,NULL,cf6778b5-55e0-4089-ab34-767e044d6b24,NULL,NULL,J,NULL,NULL,NULL,NULL,"2026-08-06 14:45:33",NULL,NULL
97164,51898,2026-02-10,9801876,NULL,"Imported by IVO Systems on 2026.08.05.","2026-08-05 14:16:58",45,0,1,1,3,"2026-08-18 20:38:08",0,9236,NULL,c5c0454c-5b5e-4191-b101-7d9de7d643bf,NULL,NULL,J,NULL,NULL,NULL,NULL,"2026-08-06 15:08:27",NULL,NULL
97165,51898,2026-02-10,NULL,NULL,"Imported by IVO Systems on 2026.08.05.","2026-08-05 14:16:58",45,1,0,0,3,"2026-08-18 20:38:08",0,9236,NULL,d0eaf68a-fc81-42ef-a91e-5fba29adb43b,NULL,NULL,J,NULL,NULL,NULL,NULL,NULL,NULL,NULL
97166,51898,2026-02-10,NULL,NULL,"Imported by IVO Systems on 2026.08.05.","2026-08-05 14:16:58",45,1,0,0,3,"2026-08-18 20:38:08",0,9236,NULL,e2d5308e-c91d-4905-9bd3-66123762d831,NULL,NULL,J,NULL,NULL,NULL,NULL,NULL,NULL,NULL
99604,51899,2026-08-13,NULL,NULL,"AP COMPLETED 08/13/26","2026-08-17 16:26:50",16222,0,1,1,3,"2026-08-17 16:27:55",0,16222,122,1c5c81b9-9acc-41d1-934b-4246ce16b8f0,NULL,NULL,P,NULL,NULL,NULL,NULL,"2026-08-17 16:27:55",NULL,NULL
96696,51907,2025-10-08,NULL,NULL,"Imported by IVO Systems on 2026.08.05.","2026-08-05 14:15:12",45,0,1,1,3,"2026-08-18 20:38:08",0,9236,NULL,2c984b80-2e33-40f1-9ecd-78332ab65764,NULL,NULL,J,NULL,NULL,NULL,NULL,"2026-08-05 14:34:53",NULL,NULL
97185,51909,2023-10-21,9802078,NULL,"Imported by IVO Systems on 2026.08.05.","2026-08-05 14:37:12",45,0,1,1,3,"2026-08-18 20:38:08",0,9236,NULL,095aa302-0771-4caf-9d0f-c98cb5274e0e,NULL,NULL,J,NULL,NULL,NULL,NULL,"2026-08-06 15:13:43",NULL,NULL
97186,51909,2023-10-21,NULL,NULL,"Imported by IVO Systems on 2026.08.05.","2026-08-05 14:37:12",45,1,0,0,3,"2026-08-18 20:38:08",0,9236,NULL,ba05f703-f575-48bc-b306-6a5115b0e161,NULL,NULL,J,NULL,NULL,NULL,NULL,NULL,NULL,NULL
97187,51909,2025-03-15,9802080,NULL,"Imported by IVO Systems on 2026.08.05.","2026-08-05 14:37:12",45,0,1,1,3,"2026-08-18 20:38:08",0,9236,NULL,42da714a-b1e9-4044-9f85-c8c4b72418df,NULL,NULL,J,NULL,NULL,NULL,NULL,"2026-08-06 15:14:34",NULL,NULL
97158,51911,2025-05-05,NULL,NULL,"Imported by IVO Systems on 2026.08.05.","2026-08-05 14:16:57",45,1,0,0,3,"2026-08-18 20:38:08",0,9236,NULL,93ff0f53-518f-4b23-a792-1f8202cde357,NULL,NULL,J,NULL,NULL,NULL,NULL,NULL,NULL,NULL
97159,51911,2025-05-05,9801870,NULL,"Imported by IVO Systems on 2026.08.05.","2026-08-05 14:16:57",45,0,1,1,3,"2026-08-18 20:38:08",0,9236,NULL,b07baf58-2233-4bba-8876-52f3adcb7e80,NULL,NULL,J,NULL,NULL,NULL,NULL,"2026-08-06 15:04:11",NULL,NULL
97160,51911,2026-03-20,9801872,NULL,"Imported by IVO Systems on 2026.08.05.","2026-08-05 14:16:57",45,0,1,1,3,"2026-08-18 20:38:08",0,9236,NULL,b1a35f7a-aecb-4969-8e8c-ae488d51e5e1,NULL,NULL,J,NULL,NULL,NULL,NULL,"2026-08-06 15:04:39",NULL,NULL
96712,51913,2025-09-24,NULL,NULL,"Imported by IVO Systems on 2026.08.05.","2026-08-05 14:15:12",45,0,1,1,3,"2026-08-18 20:38:08",0,9236,NULL,560b7544-e4b7-46e0-b07e-a59de3adce5b,NULL,NULL,J,NULL,NULL,NULL,NULL,"2026-08-05 14:55:58",NULL,NULL
97152,51916,2026-04-21,9801864,NULL,"Imported by IVO Systems on 2026.08.05.","2026-08-05 14:16:55",45,0,1,1,3,"2026-08-18 20:38:08",0,9236,NULL,4670f1b4-3617-4b68-974b-4de68ad6a385,NULL,NULL,J,NULL,NULL,NULL,NULL,"2026-08-06 14:46:57",NULL,NULL
97153,51916,2023-04-20,9801865,NULL,"Imported by IVO Systems on 2026.08.05.","2026-08-05 14:16:56",45,0,1,1,3,"2026-08-18 20:38:08",0,9236,NULL,44a87c6a-cac2-4f13-9575-a6dced526e2d,NULL,NULL,J,NULL,NULL,NULL,NULL,"2026-08-06 14:47:26",NULL,NULL
97154,51916,2026-04-21,NULL,NULL,"Imported by IVO Systems on 2026.08.05.","2026-08-05 14:16:56",45,1,0,0,3,"2026-08-18 20:38:08",0,9236,NULL,b57bfcea-30d6-4455-b105-8bca8e7f9cda,NULL,NULL,J,NULL,NULL,NULL,NULL,NULL,NULL,NULL
97191,51917,2026-02-17,9802084,NULL,"Imported by IVO Systems on 2026.08.05.","2026-08-05 14:37:13",45,0,1,1,1,"2026-08-18 20:38:08",0,9236,NULL,7136dfb0-33a1-403b-83b9-bf977b162a33,NULL,NULL,J,NULL,NULL,NULL,NULL,NULL,NULL,NULL
97192,51917,2026-02-17,NULL,NULL,"Imported by IVO Systems on 2026.08.05.","2026-08-05 14:37:14",45,1,0,0,3,"2026-08-18 20:38:08",0,9236,NULL,7fb1dbc7-52f3-4083-9bcf-fb432fe0bb8f,NULL,NULL,J,NULL,NULL,NULL,NULL,NULL,NULL,NULL
97193,51917,2026-02-17,NULL,NULL,"Imported by IVO Systems on 2026.08.05.","2026-08-05 14:37:14",45,1,0,0,3,"2026-08-18 20:38:08",0,9236,NULL,285a599b-8e9c-4d35-b6e1-a459e4412bf7,NULL,NULL,J,NULL,NULL,NULL,NULL,NULL,NULL,NULL
96709,51918,2026-01-21,NULL,NULL,"Imported by IVO Systems on 2026.08.05.","2026-08-05 14:15:12",45,0,1,1,3,"2026-08-18 20:38:08",0,9236,NULL,fda69ca7-ee72-470f-b8d8-d9f9670cfdf8,NULL,NULL,J,NULL,NULL,NULL,NULL,"2026-08-05 14:53:46",NULL,NULL
96895,51920,2026-02-23,9801645,NULL,"Imported by IVO Systems on 2026.08.05.","2026-08-05 14:16:01",45,0,1,1,3,"2026-08-18 20:38:08",0,9236,NULL,d00d40d9-cc4e-4ce0-8431-0202801d27bf,NULL,NULL,J,NULL,NULL,NULL,NULL,"2026-08-05 19:28:41",NULL,NULL
96896,51920,2026-02-23,9801645,5141211,"Imported by IVO Systems on 2026.08.05.","2026-08-05 14:16:02",45,0,1,1,3,"2026-08-18 20:38:08",0,9236,NULL,d78a88d6-e4dc-4346-b795-92124dc48ba3,NULL,NULL,J,NULL,NULL,NULL,NULL,"2026-08-05 19:30:59",NULL,NULL
99904,51920,2026-08-18,NULL,NULL,"- REMOVE OLD GATEWAY DEVICE "GJKC-773-35A" AND CABLE - RETURN TO STEF.
- INSTALL VG55 SAMSARA DEVICE: "GUWD-M4S-TJA" WITH CJ1939 CABLE.
- CALL/TEXT STEF WHEN INSTALLED.

HANDED BEN DEVICE 08/18/26 TO DISPATCH MECHANIC.
","2026-08-18 18:09:54",16222,0,1,0,1,"2026-08-18 18:10:22",0,16222,45,2c2b2c98-f39a-4f24-beb6-a2915183bf7b,NULL,NULL,P,NULL,NULL,NULL,NULL,NULL,NULL,NULL
97167,51924,2025-07-16,9801879,NULL,"Imported by IVO Systems on 2026.08.05.","2026-08-05 14:16:59",45,0,1,1,3,"2026-08-18 20:38:08",0,9236,NULL,b5a33f1f-a27b-49c6-be3e-756b5771a235,NULL,NULL,J,NULL,NULL,NULL,NULL,"2026-08-06 15:09:49",NULL,NULL
97168,51924,2025-07-16,NULL,NULL,"Imported by IVO Systems on 2026.08.05.","2026-08-05 14:16:59",45,1,0,0,3,"2026-08-18 20:38:08",0,9236,NULL,c8c5cb63-6c4e-4f55-b76c-6882070a3d73,NULL,NULL,J,NULL,NULL,NULL,NULL,NULL,NULL,NULL
97169,51924,2026-02-09,9801881,NULL,"Imported by IVO Systems on 2026.08.05.","2026-08-05 14:16:59",45,0,1,1,3,"2026-08-18 20:38:08",0,9236,NULL,dc7ebb7c-2aa7-4e02-8757-d36388d2502e,NULL,NULL,J,NULL,NULL,NULL,NULL,"2026-08-06 15:10:12",NULL,NULL
97182,51927,2025-07-10,NULL,NULL,"Imported by IVO Systems on 2026.08.05.","2026-08-05 14:37:11",45,1,0,0,3,"2026-08-18 20:38:08",0,9236,NULL,47f1c39e-9c6f-4d37-9bf3-99bde127ab16,NULL,NULL,J,NULL,NULL,NULL,NULL,NULL,NULL,NULL
97183,51927,2023-09-21,9802076,NULL,"Imported by IVO Systems on 2026.08.05.","2026-08-05 14:37:12",45,0,1,1,3,"2026-08-18 20:38:08",0,9236,NULL,b440bab1-93b9-4afd-8ab7-b6fa689cc0f3,NULL,NULL,J,NULL,NULL,NULL,NULL,"2026-08-06 15:11:46",NULL,NULL
97184,51927,2025-07-10,9802075,NULL,"Imported by IVO Systems on 2026.08.05.","2026-08-05 14:37:12",45,0,1,1,3,"2026-08-18 20:38:08",0,9236,NULL,dfe3d7b9-cf8e-4469-ad23-050b2e34462c,NULL,NULL,J,NULL,NULL,NULL,NULL,"2026-08-06 15:11:21",NULL,NULL
99824,51927,2026-08-18,NULL,NULL,"NO HYD IN SIGHT GLASS","2026-08-18 14:41:01",16222,0,1,0,1,"2026-08-18 14:42:06",0,16222,82,6f4b04e8-5731-43cb-af53-bbd794a37480,NULL,NULL,P,NULL,NULL,NULL,NULL,NULL,NULL,NULL
96698,51928,2025-11-04,NULL,NULL,"Imported by IVO Systems on 2026.08.05.","2026-08-05 14:15:12",45,0,1,1,3,"2026-08-18 20:38:08",0,9236,NULL,97699a2a-902d-4a47-bb69-bf566fdcf471,NULL,NULL,J,NULL,NULL,NULL,NULL,"2026-08-05 14:38:49",NULL,NULL
96903,51930,2026-06-24,9801655,5141217,"Imported by IVO Systems on 2026.08.05.","2026-08-05 14:16:04",45,0,1,1,3,"2026-08-18 20:38:08",0,9236,NULL,ba34cc33-bbca-4baf-9325-4d96eb4cf6b7,NULL,NULL,J,NULL,NULL,NULL,NULL,"2026-08-10 21:17:54",NULL,NULL
96904,51930,2026-06-24,NULL,5141217,"Imported by IVO Systems on 2026.08.05.","2026-08-05 14:16:05",45,1,0,1,3,"2026-08-18 20:38:08",0,9236,NULL,f0829b26-3571-44d3-ac5b-fcb5254f7397,NULL,NULL,J,NULL,NULL,NULL,NULL,"2026-08-05 19:49:52",NULL,NULL
96703,51931,2026-01-21,NULL,NULL,"Imported by IVO Systems on 2026.08.05.","2026-08-05 14:15:12",45,0,1,1,3,"2026-08-18 20:38:08",0,9236,NULL,33e33a4a-8442-4f6b-b502-0f55319a2186,NULL,NULL,J,NULL,NULL,NULL,NULL,"2026-08-05 14:45:02",NULL,NULL
96714,51932,2023-09-29,NULL,NULL,"Imported by IVO Systems on 2026.08.05.","2026-08-05 14:15:12",45,0,1,0,1,"2026-08-18 20:38:08",0,9236,NULL,e831481e-5474-4b72-b2d0-c513ffd95626,NULL,NULL,J,NULL,NULL,NULL,NULL,NULL,NULL,NULL
96897,51933,2024-04-02,9801647,5141212,"Imported by IVO Systems on 2026.08.05.","2026-08-05 14:16:02",45,0,1,1,3,"2026-08-18 20:38:08",0,9236,NULL,585f2820-a790-4541-ad64-11419aabef27,NULL,NULL,J,NULL,NULL,NULL,NULL,"2026-08-10 21:16:12",NULL,NULL
96898,51933,2024-04-02,NULL,5141212,"Imported by IVO Systems on 2026.08.05.","2026-08-05 14:16:02",45,1,0,1,3,"2026-08-18 20:38:08",0,9236,NULL,d2ca133b-5b99-4e1b-9e13-9bd491743645,NULL,NULL,J,NULL,NULL,NULL,NULL,"2026-08-05 19:34:55",NULL,NULL
97155,51934,2025-10-11,9801867,NULL,"Imported by IVO Systems on 2026.08.05.","2026-08-05 14:16:56",45,0,1,1,3,"2026-08-18 20:38:08",0,9236,NULL,476f6853-9e56-4858-ab3f-923d794cc4ed,NULL,NULL,J,NULL,NULL,NULL,NULL,"2026-08-06 15:00:56",NULL,NULL
97156,51934,2025-10-11,NULL,NULL,"Imported by IVO Systems on 2026.08.05.","2026-08-05 14:16:56",45,1,0,0,3,"2026-08-18 20:38:08",0,9236,NULL,c30af986-b50a-4eb2-87d4-eb6c850163e1,NULL,NULL,J,NULL,NULL,NULL,NULL,NULL,NULL,NULL
97157,51934,2026-03-06,9801869,NULL,"Imported by IVO Systems on 2026.08.05.","2026-08-05 14:16:56",45,0,1,1,3,"2026-08-18 20:38:08",0,9236,NULL,e543f724-3c1e-42f3-a77a-5fe1b6c5d5a2,NULL,NULL,J,NULL,NULL,NULL,NULL,"2026-08-06 15:01:22",NULL,NULL
97188,51935,2026-04-09,9802081,NULL,"Imported by IVO Systems on 2026.08.05.","2026-08-05 14:37:13",45,0,1,1,3,"2026-08-18 20:38:08",0,9236,NULL,96a483fc-6edc-47af-b3be-1ce920d8a819,NULL,NULL,J,NULL,NULL,NULL,NULL,"2026-08-06 15:15:25",NULL,NULL
97189,51935,2026-04-09,NULL,NULL,"Imported by IVO Systems on 2026.08.05.","2026-08-05 14:37:13",45,1,0,0,3,"2026-08-18 20:38:08",0,9236,NULL,0d076628-d887-49a3-b115-fdc42c7f1dc0,NULL,NULL,J,NULL,NULL,NULL,NULL,NULL,NULL,NULL
97190,51935,2026-04-09,NULL,NULL,"Imported by IVO Systems on 2026.08.05.","2026-08-05 14:37:13",45,1,0,0,3,"2026-08-18 20:38:08",0,9236,NULL,307b7d55-2c5d-4f09-a4dd-5c337dab061d,NULL,NULL,J,NULL,NULL,NULL,NULL,NULL,NULL,NULL
97194,51939,2026-03-30,NULL,NULL,"Imported by IVO Systems on 2026.08.05.","2026-08-05 14:37:14",45,1,0,0,3,"2026-08-18 20:38:08",0,9236,NULL,4d11584a-f8c8-4276-9024-6e3dbae978e6,NULL,NULL,J,NULL,NULL,NULL,NULL,NULL,NULL,NULL
97195,51939,2025-07-28,9802088,NULL,"Imported by IVO Systems on 2026.08.05.","2026-08-05 14:37:14",45,0,1,1,3,"2026-08-18 20:38:08",0,9236,NULL,12d759c6-4a03-4b5f-bdf3-b54ca9c442f8,NULL,NULL,J,NULL,NULL,NULL,NULL,"2026-08-06 15:19:00",NULL,NULL
97196,51939,2026-03-30,9802087,NULL,"Imported by IVO Systems on 2026.08.05.","2026-08-05 14:37:14",45,0,1,1,3,"2026-08-18 20:38:08",0,9236,NULL,93d69142-a930-4de8-8536-7e4e6a1a1f40,NULL,NULL,J,NULL,NULL,NULL,NULL,"2026-08-06 15:18:36",NULL,NULL
98944,51939,2026-08-11,NULL,NULL,"FRONT PANEL IS ALL BALLED UP & OTHER PANELS DAMAGED (062502)","2026-08-11 19:20:41",16222,0,1,0,4,"2026-08-11 19:20:45",0,16222,47,bb6a8c2d-60b4-43aa-953e-b2c65f47a010,NULL,NULL,P,NULL,NULL,NULL,NULL,NULL,NULL,NULL
99770,51939,2026-08-12,NULL,NULL,"(WAGNER) ISSUES WITH THUMB.



WAGNER UPDATE 08/12/26 - WO#0M00579
ISSUE:      ISSUES WITH THUMB
UPDATE:  TECH ASSIGNED, PART ORDERED.

WAGNER UPDATE 08/12/26 - WO#--- 
ISSUE:      ISSUES WITH THUMB
UPDATE:  PENDING TECH.","2026-08-18 04:45:08",16222,0,1,0,1,"2026-08-18 04:46:26",0,16222,58,6e1248f5-bc13-4e4c-933a-b414d9dd3f48,NULL,NULL,P,NULL,NULL,NULL,NULL,NULL,NULL,NULL
99872,51939,2026-08-18,10016648,NULL,"Replaced bucket teeth","2026-08-18 16:48:47",15481,0,1,0,2,"2026-08-18 16:50:37",0,15481,90,4c2b4019-5396-4954-ad4c-7a6da9034d41,NULL,NULL,P,NULL,NULL,NULL,NULL,"2026-08-18 16:50:37",NULL,NULL
96899,51941,2026-03-31,9801649,5141213,"Imported by IVO Systems on 2026.08.05.","2026-08-05 14:16:03",45,0,1,1,3,"2026-08-18 20:38:08",0,9236,NULL,71f588ba-d407-4fab-804d-348aee129a58,NULL,NULL,J,NULL,NULL,NULL,NULL,"2026-08-05 19:37:42",NULL,NULL
96900,51941,2026-03-31,NULL,NULL,"Imported by IVO Systems on 2026.08.05.","2026-08-05 14:16:03",45,1,0,0,3,"2026-08-18 20:38:08",0,9236,NULL,ba3796b3-67ff-4d4b-a707-f703ccf86bbc,NULL,NULL,J,NULL,NULL,NULL,NULL,NULL,NULL,NULL
96706,51942,2026-01-21,NULL,NULL,"Imported by IVO Systems on 2026.08.05.","2026-08-05 14:15:12",45,0,1,1,3,"2026-08-18 20:38:08",0,9236,NULL,2fd007a2-45a6-4b6c-9c2a-2821dafb550c,NULL,NULL,J,NULL,NULL,NULL,NULL,"2026-08-05 14:50:46",NULL,NULL
96704,51945,2026-01-21,NULL,NULL,"Imported by IVO Systems on 2026.08.05.","2026-08-05 14:15:12",45,0,1,1,3,"2026-08-18 20:38:08",0,9236,NULL,8421cc2a-b0dd-4f63-8c13-4ef1a87e9c1b,NULL,NULL,J,NULL,NULL,NULL,NULL,"2026-08-05 14:44:15",NULL,NULL
96910,51948,2026-05-11,NULL,NULL,"Imported by IVO Systems on 2026.08.05.","2026-08-05 14:16:06",45,1,0,0,3,"2026-08-18 20:38:08",0,9236,NULL,8e1999c3-b96f-4519-90de-1ff65f36a694,NULL,NULL,J,NULL,NULL,NULL,NULL,NULL,NULL,NULL
96911,51948,2026-05-11,NULL,NULL,"Imported by IVO Systems on 2026.08.05.","2026-08-05 14:16:06",45,1,0,0,3,"2026-08-18 20:38:08",0,9236,NULL,bf46a0e8-e59b-4f5a-b0e4-8c6290fcab37,NULL,NULL,J,NULL,NULL,NULL,NULL,NULL,NULL,NULL
96912,51948,2026-05-11,9801662,NULL,"Imported by IVO Systems on 2026.08.05.","2026-08-05 14:16:06",45,0,1,1,3,"2026-08-18 20:38:08",0,9236,NULL,d856ce2c-37eb-4b4a-953f-b1b49d178533,NULL,NULL,J,NULL,NULL,NULL,NULL,"2026-08-05 20:05:26",NULL,NULL
97200,51949,2025-06-21,9802093,NULL,"Imported by IVO Systems on 2026.08.05.","2026-08-05 14:37:15",45,0,1,1,3,"2026-08-18 20:38:08",0,9236,NULL,f3030e34-2fe2-47f4-a725-e4f11e6a3197,NULL,NULL,J,NULL,NULL,NULL,NULL,"2026-08-06 15:24:41",NULL,NULL
97201,51949,2024-07-12,9802094,NULL,"Imported by IVO Systems on 2026.08.05.","2026-08-05 14:37:16",45,0,1,1,3,"2026-08-18 20:38:08",0,9236,NULL,4634aadb-a53b-4c8e-9d9d-6e9625939ec7,NULL,NULL,J,NULL,NULL,NULL,NULL,"2026-08-06 15:25:08",NULL,NULL
97202,51949,2026-03-02,9802095,NULL,"Imported by IVO Systems on 2026.08.05.","2026-08-05 14:37:16",45,0,1,1,3,"2026-08-18 20:38:08",0,9236,NULL,d65acf3c-7035-4004-935c-326108168877,NULL,NULL,J,NULL,NULL,NULL,NULL,"2026-08-06 15:25:29",NULL,NULL
99772,51949,2026-08-05,NULL,NULL,"(WAGNER) NO START.

WAGNER UPDATE 08/12/26 - WO#0L99951 - SPOKE WITH DUKE AND MAIN SHOP REGARDING QUOTE, PENDING UPDATE FROM DUKE ON WHICH DIRECTION ARE GOING.

WAGNER UPDATE 08/11/26 - WO#0L99951 - TURBINE HAS EXCESSIVE RESISTANCE AND WON'T SPIN WITHOUT A LOT OF FORCE. STARTED ENGINE AND CONFIRMED TURBINE WASN'T SPINNING WITH ENGINE RUNNING. TURBO HAS FAILED CAUSING A LOW BOOST SCENARIO, IN TURN CAUSING THE ENGINE TO OVER-FUEL AND THE DPF TO PLUG UP. PULLED AN ENGINE OIL SAMPLE. THEN CREATED A QUOTE TO REPLACE THE TURBO AND REMOVE THE ENGINE TO SEND THE AFTERTREATMENT OFF TO GET CLEANED.

WAGNER UPDATE 08/06/26 - WO#0L99951 - TECH ASSIGNED - HOOKED MACHINE UP TO ET, NO CODES FOUND. CRANKED OVER ENGINE AND WATCHED THE FUEL PRESSURE, PUMP IS MAKING PRESSURE, REMOVED THE INTAKE THROTTLE VALVE, MACHINE ACTED LIKE IT WANTED TO START. RPM'S WERE MAKING UP TO ALMOST 1000 BUT IT WOULD IMMEDIATELY DIE. REMOVED THE AIR FILTER AND FOUND THE TUBE FOR THE EGR SUPPLY OFF THE MANIFOLD, LOOSENED BOLTS SO THE TUBE COULD MOVE TRIED STARTING THE MACHINE AND IT FIRED RIGHT UP. THERE IS A BLOCKAGE SOMEWHERE IN THE EXHAUSE CATALYSTS. INFORMED CUSTOMER AND TRANSPORTED MACHINE TO WAGNER MAIN SHOP IN AURORA FOR FURTHER DIAGNOSIS. 


WAGNER UPDATE 08/05/26 - WO#0L99951 - TECH ASSIGNED - CORWIN TO LOOK AT MACHINE TODAY 08/05/26 - MACHINE BROUGHT INTO MAIN SHOP.

WAGNER UPDATE 08/04/26 - WO#--- PENDING TECH","2026-08-18 04:57:09",16222,0,1,0,1,"2026-08-18 04:57:19",0,16222,58,79870e3d-12c4-4b0c-b84a-90e029cfa273,NULL,NULL,P,NULL,NULL,NULL,NULL,NULL,NULL,NULL
97209,51950,2026-02-08,9802101,NULL,"Imported by IVO Systems on 2026.08.05.","2026-08-05 14:37:17",45,0,1,1,3,"2026-08-18 20:38:08",0,9236,NULL,90d71ccd-14ae-4d3e-90e5-671832f4e3bb,NULL,NULL,J,NULL,NULL,NULL,NULL,"2026-08-06 15:32:03",NULL,NULL
97210,51950,2026-02-07,9802102,NULL,"Imported by IVO Systems on 2026.08.05.","2026-08-05 14:37:17",45,0,1,1,3,"2026-08-18 20:38:08",0,9236,NULL,1903644a-60dd-4437-bece-caa2fc24e070,NULL,NULL,J,NULL,NULL,NULL,NULL,"2026-08-06 15:32:40",NULL,NULL
97211,51950,2026-02-07,NULL,NULL,"Imported by IVO Systems on 2026.08.05.","2026-08-05 14:37:18",45,1,0,0,3,"2026-08-18 20:38:08",0,9236,NULL,d837a29c-4e36-4102-8d89-5ccf2f80cb6b,NULL,NULL,J,NULL,NULL,NULL,NULL,NULL,NULL,NULL
96701,51951,2026-01-21,NULL,NULL,"Imported by IVO Systems on 2026.08.05.","2026-08-05 14:15:12",45,0,1,1,3,"2026-08-18 20:38:08",0,9236,NULL,0f62e908-f139-4ef2-9218-300ab2803c39,NULL,NULL,J,NULL,NULL,NULL,NULL,"2026-08-05 14:42:21",NULL,NULL
97212,51956,2026-07-10,9802104,NULL,"Imported by IVO Systems on 2026.08.05.","2026-08-05 14:37:18",45,0,1,1,3,"2026-08-18 20:38:08",0,9236,NULL,d8f797c6-f6aa-4848-8bce-afb76e116bce,NULL,NULL,J,NULL,NULL,NULL,NULL,"2026-08-06 15:34:56",NULL,NULL
97213,51956,2025-12-08,9802105,NULL,"Imported by IVO Systems on 2026.08.05.","2026-08-05 14:37:18",45,0,1,1,3,"2026-08-18 20:38:08",0,9236,NULL,4ea8d573-9fa2-4b37-9746-31d9b62eb21d,NULL,NULL,J,NULL,NULL,NULL,NULL,"2026-08-06 15:35:29",NULL,NULL
97214,51956,2026-07-10,NULL,NULL,"Imported by IVO Systems on 2026.08.05.","2026-08-05 14:37:18",45,1,0,0,3,"2026-08-18 20:38:08",0,9236,NULL,fc3c26ba-1ce1-4fef-9987-b0f356eabd85,NULL,NULL,J,NULL,NULL,NULL,NULL,NULL,NULL,NULL
96907,51960,2026-02-26,9801659,NULL,"Imported by IVO Systems on 2026.08.05.","2026-08-05 14:16:05",45,0,1,1,3,"2026-08-18 20:38:08",0,9236,NULL,0e4aba59-70b9-4a1b-8b35-3a64a1414dba,NULL,NULL,J,NULL,NULL,NULL,NULL,"2026-08-05 19:59:43",NULL,NULL
96908,51960,2025-07-27,9801660,NULL,"Imported by IVO Systems on 2026.08.05.","2026-08-05 14:16:06",45,0,1,1,3,"2026-08-18 20:38:08",0,9236,NULL,eeffcccc-2088-441e-81de-2f34008713a7,NULL,NULL,J,NULL,NULL,NULL,NULL,"2026-08-05 20:00:56",NULL,NULL
96909,51960,2026-06-15,9801661,NULL,"Imported by IVO Systems on 2026.08.05.","2026-08-05 14:16:06",45,0,1,1,3,"2026-08-18 20:38:08",0,9236,NULL,16229973-f31e-4e24-a5bd-f6b20a5beb44,NULL,NULL,J,NULL,NULL,NULL,NULL,"2026-08-05 20:01:22",NULL,NULL
96699,51961,2026-01-20,NULL,NULL,"Imported by IVO Systems on 2026.08.05.","2026-08-05 14:15:12",45,0,1,1,3,"2026-08-18 20:38:08",0,9236,NULL,f071b881-917d-4c00-8928-d0b19bcb12d6,NULL,NULL,J,NULL,NULL,NULL,NULL,"2026-08-05 14:39:39",NULL,NULL
96915,51962,2024-06-12,NULL,5141221,"Imported by IVO Systems on 2026.08.05.","2026-08-05 14:16:07",45,0,1,1,3,"2026-08-18 20:38:08",0,9236,NULL,648a3d25-8057-4161-b95d-a9d6461fc642,NULL,NULL,J,NULL,NULL,NULL,NULL,"2026-08-05 20:14:20",NULL,NULL
96916,51962,2026-04-15,NULL,5141222,"Imported by IVO Systems on 2026.08.05.","2026-08-05 14:16:07",45,0,1,1,3,"2026-08-18 20:38:08",0,9236,NULL,a4d73ce9-8986-48b0-8d75-6c038b1c5dfc,NULL,NULL,J,NULL,NULL,NULL,NULL,"2026-08-05 20:14:42",NULL,NULL
96901,51963,2026-03-26,9801652,5141216,"Imported by IVO Systems on 2026.08.05.","2026-08-05 14:16:04",45,0,1,1,3,"2026-08-18 20:38:08",0,9236,NULL,ee8c4b08-57d0-4ae7-9d61-a415f72bea0b,NULL,NULL,J,NULL,NULL,NULL,NULL,"2026-08-05 19:43:36",NULL,NULL
96902,51963,2026-03-26,NULL,NULL,"Imported by IVO Systems on 2026.08.05.","2026-08-05 14:16:04",45,1,0,0,3,"2026-08-18 20:38:08",0,9236,NULL,671cc08b-9541-45d6-a9e3-439dfd5ad506,NULL,NULL,J,NULL,NULL,NULL,NULL,NULL,NULL,NULL
96905,51964,2025-05-05,9801657,NULL,"Imported by IVO Systems on 2026.08.05.","2026-08-05 14:16:05",45,0,1,1,3,"2026-08-18 20:38:08",0,9236,NULL,d65d75a3-18aa-4334-bf8d-d568f8a80217,NULL,NULL,J,NULL,NULL,NULL,NULL,"2026-08-05 19:52:22",NULL,NULL
96906,51964,2025-05-05,NULL,5141218,"Imported by IVO Systems on 2026.08.05.","2026-08-05 14:16:05",45,0,1,1,3,"2026-08-18 20:38:08",0,9236,NULL,4e1e343a-a44c-4253-bde4-b6da69530866,NULL,NULL,J,NULL,NULL,NULL,NULL,"2026-08-05 19:52:51",NULL,NULL
97206,51965,2026-06-20,NULL,NULL,"Imported by IVO Systems on 2026.08.05.","2026-08-05 14:37:16",45,1,0,0,3,"2026-08-18 20:38:08",0,9236,NULL,d723b130-3036-40eb-a899-270fd79f4a62,NULL,NULL,J,NULL,NULL,NULL,NULL,NULL,NULL,NULL
97207,51965,2025-10-04,9802099,NULL,"Imported by IVO Systems on 2026.08.05.","2026-08-05 14:37:17",45,0,1,1,3,"2026-08-18 20:38:08",0,9236,NULL,e1117909-ffc6-4f6c-81bd-668b72bb96a8,NULL,NULL,J,NULL,NULL,NULL,NULL,"2026-08-06 15:30:02",NULL,NULL
97208,51965,2026-06-20,9802098,NULL,"Imported by IVO Systems on 2026.08.05.","2026-08-05 14:37:17",45,0,1,1,3,"2026-08-18 20:38:08",0,9236,NULL,541b5498-ff52-4386-9278-fed871e7db08,NULL,NULL,J,NULL,NULL,NULL,NULL,"2026-08-06 15:29:39",NULL,NULL
98810,51965,2026-08-10,NULL,NULL,"INSPECT CAB DAMAGE ON ROOF (062414)","2026-08-10 21:31:39",16222,0,1,0,1,"2026-08-10 21:32:00",0,16222,47,516712c0-310b-4ab2-8eca-3b5d610a5165,NULL,NULL,P,NULL,NULL,NULL,NULL,NULL,NULL,NULL
97161,51966,2025-12-12,9801873,NULL,"Imported by IVO Systems on 2026.08.05.","2026-08-05 14:16:57",45,0,1,1,3,"2026-08-18 20:38:08",0,9236,NULL,70232972-7711-4c3c-9b78-b40eeec6a4f8,NULL,NULL,J,NULL,NULL,NULL,NULL,"2026-08-06 15:06:36",NULL,NULL
97162,51966,2025-05-12,9801874,NULL,"Imported by IVO Systems on 2026.08.05.","2026-08-05 14:16:57",45,0,1,1,3,"2026-08-18 20:38:08",0,9236,NULL,bbb70616-cf94-4813-b78a-95cdef0e764c,NULL,NULL,J,NULL,NULL,NULL,NULL,"2026-08-06 15:07:19",NULL,NULL
97163,51966,2025-12-12,NULL,NULL,"Imported by IVO Systems on 2026.08.05.","2026-08-05 14:16:58",45,1,0,0,3,"2026-08-18 20:38:08",0,9236,NULL,2b6fbfbb-f78a-4843-a070-93165595adc3,NULL,NULL,J,NULL,NULL,NULL,NULL,NULL,NULL,NULL
96725,51968,2023-07-20,9801423,NULL,"Imported by IVO Systems on 2026.08.05.","2026-08-05 14:15:13",45,0,1,1,3,"2026-08-18 20:38:08",0,9236,NULL,07022e04-b22f-4ed7-ab22-cb9b390ce545,NULL,NULL,J,NULL,NULL,NULL,NULL,"2026-08-05 15:46:04",NULL,NULL
96726,51968,2023-07-19,9801425,NULL,"Imported by IVO Systems on 2026.08.05.","2026-08-05 14:15:13",45,0,1,1,3,"2026-08-18 20:38:08",0,9236,NULL,7765c97c-1e78-4b84-9603-5941839b2397,NULL,NULL,J,NULL,NULL,NULL,NULL,"2026-08-05 15:47:11",NULL,NULL
96913,51971,2024-06-12,NULL,5141219,"Imported by IVO Systems on 2026.08.05.","2026-08-05 14:16:07",45,0,1,1,3,"2026-08-18 20:38:08",0,9236,NULL,748787a1-1824-4b72-a934-694dd39b1cce,NULL,NULL,J,NULL,NULL,NULL,NULL,"2026-08-05 20:06:44",NULL,NULL
96914,51971,2026-04-14,NULL,5141220,"Imported by IVO Systems on 2026.08.05.","2026-08-05 14:16:07",45,0,1,1,3,"2026-08-18 20:38:08",0,9236,NULL,2eacf00c-c847-461b-8f2f-a943412e9546,NULL,NULL,J,NULL,NULL,NULL,NULL,"2026-08-05 20:07:18",NULL,NULL
96710,51974,2026-01-21,NULL,NULL,"Imported by IVO Systems on 2026.08.05.","2026-08-05 14:15:12",45,0,1,1,3,"2026-08-18 20:38:08",0,9236,NULL,c1a0ee3a-5ae7-49cd-8121-05752d8fa469,NULL,NULL,J,NULL,NULL,NULL,NULL,"2026-08-05 14:54:19",NULL,NULL
97197,51975,2026-03-04,9802090,NULL,"Imported by IVO Systems on 2026.08.05.","2026-08-05 14:37:15",45,0,1,1,3,"2026-08-18 20:38:08",0,9236,NULL,0dfd07df-5efb-4693-82c0-8038b3f5101b,NULL,NULL,J,NULL,NULL,NULL,NULL,"2026-08-06 15:23:43",NULL,NULL
97198,51975,2026-03-04,NULL,NULL,"Imported by IVO Systems on 2026.08.05.","2026-08-05 14:37:15",45,1,0,0,3,"2026-08-18 20:38:08",0,9236,NULL,10ded967-9eb8-4c23-9a54-8eccb9a4f8ab,NULL,NULL,J,NULL,NULL,NULL,NULL,NULL,NULL,NULL
97199,51975,2026-03-04,NULL,NULL,"Imported by IVO Systems on 2026.08.05.","2026-08-05 14:37:15",45,1,0,0,3,"2026-08-18 20:38:08",0,9236,NULL,93bbd022-f13a-4ab1-8d9a-6cd20bccb319,NULL,NULL,J,NULL,NULL,NULL,NULL,NULL,NULL,NULL
99744,51975,2026-08-17,NULL,NULL,"REPLACE CABIN AIR FILTERS","2026-08-17 22:24:48",16222,0,1,0,1,"2026-08-17 22:24:59",0,16222,115,d3a8d2cc-122b-409b-b98c-7e02493778e5,NULL,NULL,P,NULL,NULL,NULL,NULL,NULL,NULL,NULL
96076,51976,2026-07-30,NULL,NULL,"(TEST) LMI is not working correctly

There was a loose connection, repaired, now working.","2026-07-30 15:05:59",16222,1,0,1,1,"2026-08-17 14:38:06",0,16222,79,c9246fd9-18ae-4497-8f16-9507dd0cf9c7,NULL,NULL,P,340,NULL,NULL,NULL,NULL,NULL,NULL
96563,51976,2026-08-04,9900760,NULL,"(TEST) boom is damaged

Picked piling but swung and hit lacing.
Created a work order and attached the form.
i fixed the boom we bought a new one. 08/24/26 
","2026-08-04 13:55:14",16222,1,0,1,1,"2026-08-17 14:37:50",0,16222,47,44f1e602-556c-4c6b-be16-271510c92751,NULL,NULL,P,NULL,NULL,NULL,NULL,NULL,NULL,NULL
96721,51976,2019-01-17,9801420,NULL,"Imported by IVO Systems on 2026.08.05.","2026-08-05 14:15:13",45,0,1,1,3,"2026-08-18 20:38:08",0,9236,NULL,783dac46-278b-4534-bb21-594e398a198d,NULL,NULL,J,NULL,NULL,NULL,NULL,"2026-08-05 15:40:31",NULL,NULL
96722,51976,2018-11-20,9801422,NULL,"Imported by IVO Systems on 2026.08.05.","2026-08-05 14:15:13",45,0,1,1,3,"2026-08-18 20:38:08",0,9236,NULL,d7c4c2ea-1cf1-494c-b32d-0324a9977646,NULL,NULL,J,NULL,NULL,NULL,NULL,"2026-08-05 15:41:13",NULL,NULL
98360,51976,2026-08-06,NULL,NULL,"TEST 1","2026-08-06 14:58:37",16222,1,0,0,1,"2026-08-06 14:59:12",0,16222,46,378fba50-e1a7-477b-a279-28bcbea3f409,NULL,NULL,P,NULL,NULL,NULL,NULL,NULL,NULL,NULL
98369,51976,2026-08-06,NULL,NULL,"NO SKID
CRACKED WINDSHIELD","2026-08-06 15:49:11",16222,1,0,0,1,"2026-08-06 16:40:15",0,16222,NULL,723ab0a2-2a52-45b5-a2c9-dd33c848a07c,NULL,NULL,P,NULL,NULL,NULL,NULL,NULL,NULL,NULL
98373,51976,2026-08-06,NULL,NULL," Hydraulic outriggers
BROKEN HYD
Belts, hoses, intake and exhaust, filters
NEED BELT
Created a work order and attached the form. —  View Work Order (Open)
Handled by Stefany Delifer on 08/06/2026 10:49 AM
 Hydraulic oil level and filter indicator
NEED HYD FLUID","2026-08-06 15:52:34",16222,1,0,0,1,"2026-08-06 16:40:00",0,16222,48,d2688c1c-e555-47da-b608-80f48892d509,NULL,NULL,P,NULL,NULL,NULL,NULL,NULL,NULL,NULL
96924,51977,2026-03-05,NULL,5141227,"Imported by IVO Systems on 2026.08.05.","2026-08-05 14:16:09",45,0,1,1,3,"2026-08-18 20:38:08",0,9236,NULL,205c4dec-ef96-410e-bfb9-fe26013d21e6,NULL,NULL,J,NULL,NULL,NULL,NULL,"2026-08-05 20:29:59",NULL,NULL
96925,51977,2026-07-15,NULL,5141228,"Imported by IVO Systems on 2026.08.05.","2026-08-05 14:16:09",45,0,1,1,3,"2026-08-18 20:38:08",0,9236,NULL,42deedb8-58ca-466e-a0f9-8f47a16ca16d,NULL,NULL,J,NULL,NULL,NULL,NULL,"2026-08-05 20:30:26",NULL,NULL
96707,51978,2026-01-21,NULL,NULL,"Imported by IVO Systems on 2026.08.05.","2026-08-05 14:15:12",45,0,1,1,3,"2026-08-18 20:38:08",0,9236,NULL,f6c6240c-539b-4b71-a2a3-05596c075aa5,NULL,NULL,J,NULL,NULL,NULL,NULL,"2026-08-05 14:51:27",NULL,NULL
96731,51979,2020-08-05,9801432,NULL,"Imported by IVO Systems on 2026.08.05.","2026-08-05 14:15:15",45,0,1,1,3,"2026-08-18 20:38:08",0,9236,NULL,e4a2c641-6057-475a-bdc8-d16a05f76dd6,NULL,NULL,J,NULL,NULL,NULL,NULL,"2026-08-05 15:53:03",NULL,NULL
96732,51979,2021-04-07,9801434,NULL,"Imported by IVO Systems on 2026.08.05.","2026-08-05 14:15:15",45,0,1,1,3,"2026-08-18 20:38:08",0,9236,NULL,671439cc-502f-4ea9-9a77-9085ffa5fc5a,NULL,NULL,J,NULL,NULL,NULL,NULL,"2026-08-05 15:53:40",NULL,NULL
96929,51980,2026-03-06,9801673,NULL,"Imported by IVO Systems on 2026.08.05.","2026-08-05 14:16:10",45,0,1,1,3,"2026-08-18 20:38:08",0,9236,NULL,c834b0ba-4704-4449-99fa-b5baac2db24d,NULL,NULL,J,NULL,NULL,NULL,NULL,"2026-08-05 20:35:34",NULL,NULL
96930,51980,2026-03-06,NULL,5141229,"Imported by IVO Systems on 2026.08.05.","2026-08-05 14:16:11",45,0,1,1,3,"2026-08-18 20:38:08",0,9236,NULL,f0f73ed8-240d-4fec-a1e8-c8b490eb18cf,NULL,NULL,J,NULL,NULL,NULL,NULL,"2026-08-05 20:36:17",NULL,NULL
97215,51981,2026-02-25,9802107,NULL,"Imported by IVO Systems on 2026.08.05.","2026-08-05 14:37:19",45,0,1,1,3,"2026-08-18 20:38:08",0,9236,NULL,7bafc055-90ad-47d2-bb32-15775da5519d,NULL,NULL,J,NULL,NULL,NULL,NULL,"2026-08-06 15:38:28",NULL,NULL
97216,51981,2010-01-01,NULL,NULL,"Imported by IVO Systems on 2026.08.05.","2026-08-05 14:37:19",45,0,1,0,3,"2026-08-18 20:38:08",0,NULL,NULL,d9827b00-046d-43ed-b58d-9753a5dc01f1,NULL,NULL,J,NULL,NULL,NULL,NULL,NULL,NULL,NULL
97217,51981,2026-06-22,9802109,NULL,"Imported by IVO Systems on 2026.08.05.","2026-08-05 14:37:19",45,0,1,1,3,"2026-08-18 20:38:08",0,9236,NULL,a15e1aff-c01f-400a-b2cd-26c410b2dc9f,NULL,NULL,J,NULL,NULL,NULL,NULL,"2026-08-06 15:39:02",NULL,NULL
97218,51981,2025-11-18,NULL,NULL,"Imported by IVO Systems on 2026.08.05.","2026-08-05 14:37:19",45,0,1,0,3,"2026-08-18 20:38:08",0,NULL,NULL,adac0bab-7957-4a64-a5e5-d95e171ce6bf,NULL,NULL,J,NULL,NULL,NULL,NULL,NULL,NULL,NULL
97219,51981,2025-03-03,NULL,NULL,"Imported by IVO Systems on 2026.08.05.","2026-08-05 14:37:20",45,0,1,0,3,"2026-08-18 20:38:08",0,NULL,NULL,d6838b91-a076-4793-b2ea-39d4c4bfb40c,NULL,NULL,J,NULL,NULL,NULL,NULL,NULL,NULL,NULL
99731,51981,2026-08-10,NULL,NULL,"FABICK TO FIX CAT TELEMATICS.","2026-08-17 20:58:41",16222,0,1,0,1,"2026-08-17 20:58:45",0,16222,125,f1e2c12c-ad73-444e-9acd-58af4add8311,NULL,NULL,P,NULL,NULL,NULL,NULL,NULL,NULL,NULL
96937,51982,2023-01-12,NULL,5141234,"Imported by IVO Systems on 2026.08.05.","2026-08-05 14:16:11",45,0,1,1,3,"2026-08-18 20:38:08",0,9236,NULL,03af00fe-5106-4581-9603-ff03028be290,NULL,NULL,J,NULL,NULL,NULL,NULL,"2026-08-05 20:49:55",NULL,NULL
96938,51982,2026-05-08,NULL,5141235,"Imported by IVO Systems on 2026.08.05.","2026-08-05 14:16:11",45,1,0,0,1,"2026-08-18 20:38:08",0,9236,NULL,eed373b8-cdaa-45fd-b959-96663d4b5a51,NULL,NULL,J,NULL,NULL,NULL,NULL,NULL,NULL,NULL
96939,51982,2026-05-08,9801675,NULL,"Imported by IVO Systems on 2026.08.05.","2026-08-05 14:16:12",45,0,1,1,3,"2026-08-18 20:38:08",0,9236,NULL,5d57fc84-4afe-4806-a0c8-839017d6f690,NULL,NULL,J,NULL,NULL,NULL,NULL,"2026-08-05 20:53:39",NULL,NULL
96940,51982,2026-05-08,NULL,NULL,"Imported by IVO Systems on 2026.08.05.","2026-08-05 14:16:12",45,1,0,0,3,"2026-08-18 20:38:08",0,9236,NULL,7ec35abd-3eb2-4783-8c8a-679462ac85f4,NULL,NULL,J,NULL,NULL,NULL,NULL,NULL,NULL,NULL
96941,51982,2026-05-08,NULL,NULL,"Imported by IVO Systems on 2026.08.05.","2026-08-05 14:16:12",45,1,0,0,3,"2026-08-18 20:38:08",0,9236,NULL,9f13828f-b229-4c7e-b12b-22ccbfbe4741,NULL,NULL,J,NULL,NULL,NULL,NULL,NULL,NULL,NULL
99021,51982,2026-08-12,NULL,NULL,"SEAT BELT BROKEN","2026-08-12 12:17:05",16222,0,1,0,1,"2026-08-12 12:17:49",0,16222,82,88f8fb2a-b591-4fb1-be89-7b0fd1551bf0,NULL,NULL,P,NULL,NULL,NULL,NULL,NULL,NULL,NULL
96926,51983,2026-02-08,9801670,NULL,"Imported by IVO Systems on 2026.08.05.","2026-08-05 14:16:09",45,0,1,1,3,"2026-08-18 20:38:08",0,9236,NULL,9f180fcd-1a36-48cd-b3f4-54e40bd9265d,NULL,NULL,J,NULL,NULL,NULL,NULL,"2026-08-05 20:32:00",NULL,NULL
96927,51983,2025-05-25,9801671,NULL,"Imported by IVO Systems on 2026.08.05.","2026-08-05 14:16:10",45,0,1,1,3,"2026-08-18 20:38:08",0,9236,NULL,eb461aba-7f79-4588-be30-65c6dd8b1ec7,NULL,NULL,J,NULL,NULL,NULL,NULL,"2026-08-05 20:32:32",NULL,NULL
96928,51983,2026-05-30,9801672,NULL,"Imported by IVO Systems on 2026.08.05.","2026-08-05 14:16:10",45,0,1,1,3,"2026-08-18 20:38:08",0,9236,NULL,de510657-548c-4aec-ae22-17ae39347c0a,NULL,NULL,J,NULL,NULL,NULL,NULL,"2026-08-05 20:32:53",NULL,NULL
96729,51984,2017-05-18,NULL,NULL,"Imported by IVO Systems on 2026.08.05.","2026-08-05 14:15:14",45,1,0,0,3,"2026-08-18 20:38:08",0,9236,NULL,568d808b-e10a-4a0b-98c8-eef2c88a5feb,NULL,NULL,J,NULL,NULL,NULL,NULL,NULL,NULL,NULL
96730,51984,2017-05-18,9801429,NULL,"Imported by IVO Systems on 2026.08.05.","2026-08-05 14:15:15",45,0,1,1,3,"2026-08-18 20:38:08",0,9236,NULL,05ac530e-67e3-4c0a-86bd-c334b7908907,NULL,NULL,J,NULL,NULL,NULL,NULL,"2026-08-05 16:21:26",NULL,NULL
97220,51985,2026-06-02,NULL,NULL,"Imported by IVO Systems on 2026.08.05.","2026-08-05 14:37:20",45,1,0,0,3,"2026-08-18 20:38:08",0,9236,NULL,70e1304a-dc02-4372-9ae0-f54bd6e6e63c,NULL,NULL,J,NULL,NULL,NULL,NULL,NULL,NULL,NULL
97221,51985,2025-08-09,9802114,NULL,"Imported by IVO Systems on 2026.08.05.","2026-08-05 14:37:20",45,0,1,1,3,"2026-08-18 20:38:08",0,9236,NULL,71b54b39-b283-4ff8-a1fd-e376774c6155,NULL,NULL,J,NULL,NULL,NULL,NULL,"2026-08-06 15:40:36",NULL,NULL
97222,51985,2026-06-02,9802112,NULL,"Imported by IVO Systems on 2026.08.05.","2026-08-05 14:37:20",45,0,1,1,3,"2026-08-18 20:38:08",0,9236,NULL,c10065c2-8fb5-436f-9a56-2e5d453d0a2e,NULL,NULL,J,NULL,NULL,NULL,NULL,"2026-08-06 15:40:17",NULL,NULL
97245,51988,2026-06-20,9802135,NULL,"Imported by IVO Systems on 2026.08.05.","2026-08-05 14:37:25",45,0,1,1,3,"2026-08-18 20:38:08",0,9236,NULL,dc19266e-0700-4f1a-ad4b-a89b6fab8942,NULL,NULL,J,NULL,NULL,NULL,NULL,"2026-08-06 16:00:22",NULL,NULL
97246,51988,2026-06-20,NULL,NULL,"Imported by IVO Systems on 2026.08.05.","2026-08-05 14:37:25",45,1,0,0,3,"2026-08-18 20:38:08",0,9236,NULL,16637d53-2b06-4471-bb9d-7313cc4d5316,NULL,NULL,J,NULL,NULL,NULL,NULL,NULL,NULL,NULL
97247,51988,2026-06-20,NULL,NULL,"Imported by IVO Systems on 2026.08.05.","2026-08-05 14:37:25",45,1,0,0,3,"2026-08-18 20:38:08",0,9236,NULL,76dbf9f9-77d6-4571-875d-aa295bbca27b,NULL,NULL,J,NULL,NULL,NULL,NULL,NULL,NULL,NULL
97203,51989,2023-10-23,9802096,NULL,"Imported by IVO Systems on 2026.08.05.","2026-08-05 14:37:16",45,0,1,1,3,"2026-08-18 20:38:08",0,9236,NULL,9e2dca30-435b-45b0-9232-93d9f0ec0625,NULL,NULL,J,NULL,NULL,NULL,NULL,"2026-08-06 15:26:41",NULL,NULL
97204,51989,2010-01-01,NULL,NULL,"Imported by IVO Systems on 2026.08.05.","2026-08-05 14:37:16",45,0,1,0,1,"2026-08-18 20:38:08",0,9236,NULL,f3008dd1-2419-410b-bcce-71335d5a720d,NULL,NULL,J,NULL,NULL,NULL,NULL,NULL,NULL,NULL
97205,51989,2025-06-24,9802097,NULL,"Imported by IVO Systems on 2026.08.05.","2026-08-05 14:37:16",45,0,1,1,3,"2026-08-18 20:38:08",0,9236,NULL,ad4f2342-3281-4742-8efe-35d2f945f187,NULL,NULL,J,NULL,NULL,NULL,NULL,"2026-08-06 15:27:09",NULL,NULL
96723,51991,2022-10-07,NULL,NULL,"Imported by IVO Systems on 2026.08.05.","2026-08-05 14:15:13",45,0,1,1,1,"2026-08-18 20:38:08",0,9236,NULL,f1bac057-2659-4cbd-bcb3-e6d9b6d6cdfc,NULL,NULL,J,NULL,NULL,NULL,NULL,NULL,NULL,NULL
96724,51991,2022-10-07,NULL,NULL,"Imported by IVO Systems on 2026.08.05.","2026-08-05 14:15:13",45,0,1,1,1,"2026-08-18 20:38:08",0,9236,NULL,e4b80cf5-ef4d-4972-9443-6d16c0f1f56e,NULL,NULL,J,NULL,NULL,NULL,NULL,NULL,NULL,NULL
96922,51992,2025-09-20,NULL,5141225,"Imported by IVO Systems on 2026.08.05.","2026-08-05 14:16:08",45,0,1,1,3,"2026-08-18 20:38:08",0,9236,NULL,5c918533-3269-49df-9d52-7dabb90bbf8a,NULL,NULL,J,NULL,NULL,NULL,NULL,"2026-08-05 20:27:14",NULL,NULL
96923,51992,2026-07-09,NULL,5141226,"Imported by IVO Systems on 2026.08.05.","2026-08-05 14:16:09",45,0,1,1,3,"2026-08-18 20:38:08",0,9236,NULL,2c7217c3-1482-4c43-bf42-fd1b8c500815,NULL,NULL,J,NULL,NULL,NULL,NULL,"2026-08-05 20:27:43",NULL,NULL
97239,51995,2025-11-03,9802130,NULL,"Imported by IVO Systems on 2026.08.05.","2026-08-05 14:37:24",45,0,1,1,3,"2026-08-18 20:38:08",0,9236,NULL,854997b8-3cf0-439e-b91c-d89f7733bdd5,NULL,NULL,J,NULL,NULL,NULL,NULL,"2026-08-06 15:56:10",NULL,NULL
97240,51995,2010-01-01,NULL,NULL,"Imported by IVO Systems on 2026.08.05.","2026-08-05 14:37:24",45,0,1,0,3,"2026-08-18 20:38:08",0,NULL,NULL,bd935186-0ed2-45e3-be73-20b61712081f,NULL,NULL,J,NULL,NULL,NULL,NULL,NULL,NULL,NULL
97241,51995,2026-03-12,9802131,NULL,"Imported by IVO Systems on 2026.08.05.","2026-08-05 14:37:24",45,0,1,1,3,"2026-08-18 20:38:08",0,9236,NULL,d23db695-a56b-4de2-b29c-eb90eb743d30,NULL,NULL,J,NULL,NULL,NULL,NULL,"2026-08-06 15:56:49",NULL,NULL
96947,51996,2010-01-01,NULL,NULL,"Imported by IVO Systems on 2026.08.05.","2026-08-05 14:16:13",45,0,1,0,3,"2026-08-18 20:38:08",0,NULL,NULL,18986a9d-f67f-4e82-8a29-f61d917e0113,NULL,NULL,J,NULL,NULL,NULL,NULL,NULL,NULL,NULL
96931,51998,2010-01-01,NULL,NULL,"100 HR METER SERVICE.

Imported by IVO Systems on 2026.08.05.","2026-08-05 14:16:11",45,0,1,1,1,"2026-08-18 20:38:08",0,16222,70,93b73576-99a2-4380-90e8-acd2dfb9188a,NULL,NULL,J,NULL,NULL,NULL,NULL,NULL,NULL,NULL
96932,51998,2010-01-01,NULL,NULL,"Imported by IVO Systems on 2026.08.05.","2026-08-05 14:16:11",45,0,1,0,3,"2026-08-18 20:38:08",0,NULL,NULL,db257f6a-73ad-4111-8722-1822b0d226fe,NULL,NULL,J,NULL,NULL,NULL,NULL,NULL,NULL,NULL
96942,51999,2026-03-28,NULL,NULL,"Imported by IVO Systems on 2026.08.05.","2026-08-05 14:16:12",45,1,0,0,3,"2026-08-18 20:38:08",0,9236,NULL,e8a2c59f-1fe0-49ad-8d50-51f78a938dbc,NULL,NULL,J,NULL,NULL,NULL,NULL,NULL,NULL,NULL
96943,51999,2026-07-24,NULL,5141237,"Imported by IVO Systems on 2026.08.05.","2026-08-05 14:16:13",45,0,1,1,3,"2026-08-18 20:38:08",0,9236,NULL,f32e36ce-411b-4a79-aa3f-000d98d3e62f,NULL,NULL,J,NULL,NULL,NULL,NULL,"2026-08-05 20:59:59",NULL,NULL
96944,51999,2026-03-28,9801679,NULL,"Imported by IVO Systems on 2026.08.05.","2026-08-05 14:16:13",45,0,1,1,3,"2026-08-18 20:38:08",0,9236,NULL,2b356488-eaaf-431c-b6a2-3a3697829073,NULL,NULL,J,NULL,NULL,NULL,NULL,"2026-08-05 21:04:39",NULL,NULL
96945,51999,2026-03-28,NULL,NULL,"Imported by IVO Systems on 2026.08.05.","2026-08-05 14:16:13",45,1,0,0,3,"2026-08-18 20:38:08",0,9236,NULL,4de801b6-81b9-46d2-a120-3e614972b26f,NULL,NULL,J,NULL,NULL,NULL,NULL,NULL,NULL,NULL
96946,51999,2026-03-28,NULL,NULL,"Imported by IVO Systems on 2026.08.05.","2026-08-05 14:16:13",45,1,0,0,3,"2026-08-18 20:38:08",0,9236,NULL,c41acebe-5b58-4383-b18a-8cdb9490f88e,NULL,NULL,J,NULL,NULL,NULL,NULL,NULL,NULL,NULL
98289,51999,2026-03-28,NULL,5141236,"Imported by IVO Systems on 2026.08.05.","2026-08-05 21:05:38",9236,0,1,1,3,"2026-08-05 21:08:09",0,9236,NULL,14f9ecea-f801-46f6-9fe9-2bb3d7395fda,NULL,NULL,P,NULL,NULL,NULL,NULL,"2026-08-05 21:08:09",NULL,NULL
96919,52001,2026-03-13,NULL,NULL,"Imported by IVO Systems on 2026.08.05.","2026-08-05 14:16:08",45,1,0,0,3,"2026-08-18 20:38:08",0,9236,NULL,05b5dfb7-e0a2-4c01-9d1a-43256c0184a3,NULL,NULL,J,NULL,NULL,NULL,NULL,NULL,NULL,NULL
96920,52001,2026-03-13,9801667,NULL,"Imported by IVO Systems on 2026.08.05.","2026-08-05 14:16:08",45,0,1,1,3,"2026-08-18 20:38:08",0,9236,NULL,168bae12-5d42-4c36-a0c0-7db4b3aa470f,NULL,NULL,J,NULL,NULL,NULL,NULL,"2026-08-05 20:25:19",NULL,NULL
96921,52001,2026-07-08,9801669,NULL,"Imported by IVO Systems on 2026.08.05.","2026-08-05 14:16:08",45,0,1,1,3,"2026-08-18 20:38:08",0,9236,NULL,2fe15a4f-581a-4b1d-81d4-d054159bad6d,NULL,NULL,J,NULL,NULL,NULL,NULL,"2026-08-05 20:21:57",NULL,NULL
97242,52003,2026-04-11,9802132,NULL,"Imported by IVO Systems on 2026.08.05.","2026-08-05 14:37:24",45,0,1,1,3,"2026-08-18 20:38:08",0,9236,NULL,496f7dca-ee8f-4e27-8d7f-cee655a35aaa,NULL,NULL,J,NULL,NULL,NULL,NULL,"2026-08-06 15:58:17",NULL,NULL
97243,52003,2025-07-10,9802133,NULL,"Imported by IVO Systems on 2026.08.05.","2026-08-05 14:37:24",45,0,1,1,3,"2026-08-18 20:38:08",0,9236,NULL,1e06c15f-7a6b-4985-8d81-1a95fdaf6ef8,NULL,NULL,J,NULL,NULL,NULL,NULL,"2026-08-06 15:58:36",NULL,NULL
97244,52003,2026-04-11,NULL,NULL,"Imported by IVO Systems on 2026.08.05.","2026-08-05 14:37:25",45,1,0,0,3,"2026-08-18 20:38:08",0,9236,NULL,d3dad2a9-ae25-4405-84e0-f15d517450fe,NULL,NULL,J,NULL,NULL,NULL,NULL,NULL,NULL,NULL
97223,52005,2026-01-17,9802116,NULL,"Imported by IVO Systems on 2026.08.05.","2026-08-05 14:37:21",45,0,1,1,3,"2026-08-18 20:38:08",0,9236,NULL,f1611129-6cfb-4136-a320-a0b50cf28803,NULL,NULL,J,NULL,NULL,NULL,NULL,"2026-08-06 15:41:36",NULL,NULL
97224,52005,2025-05-10,9802117,NULL,"Imported by IVO Systems on 2026.08.05.","2026-08-05 14:37:21",45,0,1,1,3,"2026-08-18 20:38:08",0,9236,NULL,67289c16-d19d-48d6-8435-b14219736f20,NULL,NULL,J,NULL,NULL,NULL,NULL,"2026-08-06 15:42:05",NULL,NULL
97225,52005,2026-06-06,9802118,NULL,"Imported by IVO Systems on 2026.08.05.","2026-08-05 14:37:21",45,0,1,1,3,"2026-08-18 20:38:08",0,9236,NULL,9fcfd9e4-eea0-4718-8f3e-d9bafb0e8b81,NULL,NULL,J,NULL,NULL,NULL,NULL,"2026-08-06 15:42:29",NULL,NULL
99766,52005,2026-08-12,NULL,NULL,"BUCKET IS BENT & STUCK ON QUICK ATTACH IS BENT","2026-08-18 02:53:42",16222,0,1,0,1,"2026-08-18 02:54:49",0,16222,100,067ec288-e5d4-448b-8761-07a1bce417c4,NULL,NULL,P,NULL,NULL,NULL,NULL,NULL,NULL,NULL
97226,52006,2025-01-08,9802119,NULL,"Imported by IVO Systems on 2026.08.05.","2026-08-05 14:37:21",45,0,1,1,3,"2026-08-18 20:38:08",0,9236,NULL,6080d7a4-b329-400d-83bc-65897a68bb1b,NULL,NULL,J,NULL,NULL,NULL,NULL,"2026-08-06 15:46:19",NULL,NULL
97227,52006,2010-01-01,NULL,NULL,"Imported by IVO Systems on 2026.08.05.","2026-08-05 14:37:21",45,0,1,0,3,"2026-08-18 20:38:08",0,NULL,NULL,92d53df8-59c6-4bf6-8c42-6bd7c590a229,NULL,NULL,J,NULL,NULL,NULL,NULL,NULL,NULL,NULL
97228,52006,2025-08-19,9802120,NULL,"Imported by IVO Systems on 2026.08.05.","2026-08-05 14:37:22",45,0,1,1,3,"2026-08-18 20:38:08",0,9236,NULL,634df58e-eb67-4b74-ac0f-27b21424b363,NULL,NULL,J,NULL,NULL,NULL,NULL,"2026-08-06 15:46:49",NULL,NULL
96708,52009,2026-01-21,NULL,NULL,"Imported by IVO Systems on 2026.08.05.","2026-08-05 14:15:12",45,0,1,1,3,"2026-08-18 20:38:08",0,9236,NULL,bbf84acc-7614-42da-96e5-35f568082bf3,NULL,NULL,J,NULL,NULL,NULL,NULL,"2026-08-05 14:52:14",NULL,NULL
96733,52011,2022-10-06,9844765,NULL,"Imported by IVO Systems on 2026.08.05.","2026-08-05 14:15:15",45,0,1,1,3,"2026-08-18 20:38:08",0,9236,NULL,c30afb9f-e9a4-4f51-885c-86eb5bfd9672,NULL,NULL,J,NULL,NULL,NULL,NULL,"2026-08-07 19:38:43",NULL,NULL
96734,52011,2022-10-06,NULL,NULL,"Imported by IVO Systems on 2026.08.05.","2026-08-05 14:15:15",45,0,1,0,3,"2026-08-18 20:38:08",0,NULL,NULL,e9efe190-144b-4f93-beed-330ae9048488,NULL,NULL,J,NULL,NULL,NULL,NULL,NULL,NULL,NULL
96970,52012,2026-05-19,NULL,5141244,"Imported by IVO Systems on 2026.08.05.","2026-08-05 14:16:16",45,0,1,1,3,"2026-08-18 20:38:08",0,9236,NULL,7bf99743-8e51-4af3-be51-2510d76dd2c8,NULL,NULL,J,NULL,NULL,NULL,NULL,"2026-08-05 21:31:20",NULL,NULL
96971,52012,2026-05-19,9801691,NULL,"Imported by IVO Systems on 2026.08.05.","2026-08-05 14:16:17",45,0,1,1,3,"2026-08-18 20:38:08",0,9236,NULL,07100960-7864-4a06-8c1d-9ae2f904b54c,NULL,NULL,J,NULL,NULL,NULL,NULL,"2026-08-05 21:32:41",NULL,NULL
96972,52012,2026-05-19,NULL,NULL,"Imported by IVO Systems on 2026.08.05.","2026-08-05 14:16:17",45,1,0,0,3,"2026-08-18 20:38:08",0,9236,NULL,6c5caddb-31d6-41db-9eca-6460bff5c6bb,NULL,NULL,J,NULL,NULL,NULL,NULL,NULL,NULL,NULL
96973,52012,2026-05-19,NULL,NULL,"Imported by IVO Systems on 2026.08.05.","2026-08-05 14:16:17",45,1,0,0,3,"2026-08-18 20:38:08",0,9236,NULL,59314e64-07ef-4701-bb0f-7b2d013022f8,NULL,NULL,J,NULL,NULL,NULL,NULL,NULL,NULL,NULL
96974,52012,2026-05-19,NULL,NULL,"Imported by IVO Systems on 2026.08.05.","2026-08-05 14:16:17",45,1,0,0,3,"2026-08-18 20:38:08",0,9236,NULL,303751c8-4178-48ea-8815-5b47c0b2d7e0,NULL,NULL,J,NULL,NULL,NULL,NULL,NULL,NULL,NULL
99144,52012,2026-08-12,NULL,NULL,"• VALVE LEAKS & VALVE BROKE
","2026-08-12 19:00:55",16222,0,1,0,1,"2026-08-12 19:01:14",0,16222,79,6c93afe5-16e8-4d8d-a580-56781fab61aa,NULL,NULL,P,NULL,NULL,NULL,NULL,NULL,NULL,NULL
99147,52012,2026-08-12,NULL,NULL,"• VALVE BROKEN - NEEDS WELD ON BACK BUMPER
","2026-08-12 19:04:08",16222,0,1,0,1,"2026-08-12 19:04:31",0,16222,101,0d81e679-4b65-4b18-ae0b-ff12dbb8d2c8,NULL,NULL,P,NULL,NULL,NULL,NULL,NULL,NULL,NULL
99871,52012,2026-08-18,NULL,NULL,"Right outside dual forward axle sidewall cut","2026-08-18 16:43:54",16222,0,1,0,3,"2026-08-18 16:44:32",0,16222,50,3b5f733f-1a87-4d0a-9dfe-e477bc09b1b0,NULL,NULL,P,NULL,NULL,NULL,NULL,"2026-08-18 16:44:32",NULL,NULL
96960,52013,2010-01-01,NULL,NULL,"Imported by IVO Systems on 2026.08.05.","2026-08-05 14:16:15",45,0,1,0,3,"2026-08-18 20:38:08",0,NULL,NULL,2938ffc2-c6f6-4aa2-b481-c488e76fcb2e,NULL,NULL,J,NULL,NULL,NULL,NULL,NULL,NULL,NULL
96961,52013,2024-08-31,NULL,5141242,"Imported by IVO Systems on 2026.08.05.","2026-08-05 14:16:15",45,0,1,1,3,"2026-08-18 20:38:08",0,9236,NULL,f991b0bc-6aa9-4ef9-b7e0-d50cb65ece27,NULL,NULL,J,NULL,NULL,NULL,NULL,"2026-08-05 21:24:52",NULL,NULL
96962,52013,2010-01-01,NULL,NULL,"Imported by IVO Systems on 2026.08.05.","2026-08-05 14:16:15",45,0,1,0,3,"2026-08-18 20:38:08",0,NULL,NULL,9b044b7b-612b-4634-a385-1860261680e1,NULL,NULL,J,NULL,NULL,NULL,NULL,NULL,NULL,NULL
96963,52013,2010-01-01,NULL,NULL,"Imported by IVO Systems on 2026.08.05.","2026-08-05 14:16:15",45,0,1,0,3,"2026-08-18 20:38:08",0,NULL,NULL,9d6207f0-f64f-432f-909d-35c18e93819f,NULL,NULL,J,NULL,NULL,NULL,NULL,NULL,NULL,NULL
96964,52013,2010-01-01,NULL,NULL,"Imported by IVO Systems on 2026.08.05.","2026-08-05 14:16:15",45,0,1,0,3,"2026-08-18 20:38:08",0,NULL,NULL,ffd7a4db-3765-44bc-86ea-28e01ba26738,NULL,NULL,J,NULL,NULL,NULL,NULL,NULL,NULL,NULL
98791,52013,2026-08-10,NULL,NULL,"ADJUST BRAKES/ABS LIGHT ON","2026-08-10 21:02:14",16222,0,1,0,1,"2026-08-10 21:02:18",0,16222,91,ce65e290-4c76-4e68-a03e-ec2b957c1ea0,NULL,NULL,P,NULL,NULL,NULL,NULL,NULL,NULL,NULL
98792,52013,2026-08-10,NULL,NULL,"REPLACE RIGHT PASSENGER WIPER BLADE","2026-08-10 21:02:48",16222,0,1,0,1,"2026-08-10 21:05:49",0,16222,82,d00eaba0-8b32-47a4-84d8-8433b66365f3,NULL,NULL,P,NULL,NULL,NULL,NULL,NULL,NULL,NULL
96948,52014,2026-08-01,NULL,5141238,"Imported by IVO Systems on 2026.08.05.","2026-08-05 14:16:14",45,0,1,1,3,"2026-08-18 20:38:08",0,9236,NULL,b178e43b-9a4f-4402-88ac-4682d558016a,NULL,NULL,J,NULL,NULL,NULL,NULL,"2026-08-05 21:13:35",NULL,NULL
96949,52014,2026-08-01,NULL,NULL,"Imported by IVO Systems on 2026.08.05.","2026-08-05 14:16:14",45,1,0,0,3,"2026-08-18 20:38:08",0,9236,NULL,a11cfa0f-9dde-4b32-b9c6-ccad05afea37,NULL,NULL,J,NULL,NULL,NULL,NULL,NULL,NULL,NULL
96950,52014,2010-01-01,NULL,NULL,"Imported by IVO Systems on 2026.08.05.","2026-08-05 14:16:14",45,0,1,0,3,"2026-08-18 20:38:08",0,NULL,NULL,d0923fa7-6f00-4e67-8bc0-cbed7919e676,NULL,NULL,J,NULL,NULL,NULL,NULL,NULL,NULL,NULL
96951,52014,2010-01-01,NULL,NULL,"Imported by IVO Systems on 2026.08.05.","2026-08-05 14:16:14",45,0,1,0,3,"2026-08-18 20:38:08",0,NULL,NULL,6442f947-e3c1-4a05-b252-e92fc825ac69,NULL,NULL,J,NULL,NULL,NULL,NULL,NULL,NULL,NULL
96952,52014,2010-01-01,NULL,NULL,"Imported by IVO Systems on 2026.08.05.","2026-08-05 14:16:14",45,0,1,0,3,"2026-08-18 20:38:08",0,NULL,NULL,a6cbd321-173e-4323-8cb1-a73070eb700c,NULL,NULL,J,NULL,NULL,NULL,NULL,NULL,NULL,NULL
96727,52015,2026-04-14,9801426,NULL,"Imported by IVO Systems on 2026.08.05.","2026-08-05 14:15:14",45,0,1,1,3,"2026-08-18 20:38:08",0,9236,NULL,bbb68465-1e67-44e2-a249-c892ea167324,NULL,NULL,J,NULL,NULL,NULL,NULL,"2026-08-05 16:19:55",NULL,NULL
96728,52015,2026-04-14,NULL,NULL,"Imported by IVO Systems on 2026.08.05.","2026-08-05 14:15:14",45,1,0,0,3,"2026-08-18 20:38:08",0,9236,NULL,b30d6e5e-0e82-4a01-bd34-49bbc45ed31b,NULL,NULL,J,NULL,NULL,NULL,NULL,NULL,NULL,NULL
99549,52015,2026-08-13,10003464,NULL,"500 HR - Glen serviced on 8-13-26","2026-08-17 13:38:05",16382,0,1,1,3,"2026-08-17 15:03:52",0,16222,70,943a5a1e-0b84-4d40-b404-6c2bf50e2f72,NULL,NULL,P,NULL,NULL,NULL,NULL,"2026-08-17 15:03:52",NULL,NULL
99760,52015,0202-10-05,NULL,NULL,"1) CHAIN CASE SLOW LEAK / TAIL SHAFT LEAK TEMP SEALED WITH SILICONE (10/05/25)
2) SWING BRAKE STICKER RIPPED (232401) - (03/28/26)","2026-08-17 23:39:01",16222,1,0,0,1,"2026-08-17 23:41:40",0,16222,53,aaea3ccf-ca64-4761-9b6b-c16878878170,NULL,NULL,P,NULL,NULL,NULL,NULL,NULL,NULL,NULL
99761,52015,2026-08-03,NULL,NULL,"BOOM UP AIR LEAK IN LEVER (FROM 08/03/26 INSPECTION)","2026-08-17 23:39:39",16222,0,1,0,1,"2026-08-17 23:40:39",0,16222,124,94fe3fb4-b6a4-4c90-b732-7abd018d06fa,NULL,NULL,P,NULL,NULL,NULL,NULL,NULL,NULL,NULL
99762,52015,2025-10-05,NULL,NULL,"1) CHAIN CASE SLOW LEAK / TAIL SHAFT LEAK TEMP SEALED WITH SILICONE (10/05/25)
2) SWING BRAKE STICKER RIPPED (232401) - (03/28/26)","2026-08-17 23:42:15",16222,0,1,0,1,"2026-08-17 23:42:21",0,16222,53,6f485678-c2fd-43b5-b62a-9704653ec38d,NULL,NULL,P,NULL,NULL,NULL,NULL,NULL,NULL,NULL
97251,52017,2026-06-11,9802142,NULL,"Imported by IVO Systems on 2026.08.05.","2026-08-05 14:37:26",45,0,1,1,3,"2026-08-18 20:38:08",0,9236,NULL,8e6c8b56-b108-4913-b57b-173726e2be73,NULL,NULL,J,NULL,NULL,NULL,NULL,"2026-08-06 16:02:59",NULL,NULL
97252,52017,2025-08-23,9802143,NULL,"Imported by IVO Systems on 2026.08.05.","2026-08-05 14:37:27",45,0,1,1,3,"2026-08-18 20:38:08",0,9236,NULL,14e62ecf-9c29-4cfe-a54b-f0fd3f3c4b3d,NULL,NULL,J,NULL,NULL,NULL,NULL,"2026-08-06 16:03:33",NULL,NULL
97253,52017,2026-06-11,NULL,NULL,"Imported by IVO Systems on 2026.08.05.","2026-08-05 14:37:27",45,1,0,0,3,"2026-08-18 20:38:08",0,9236,NULL,60fcd0f3-1ee8-40b5-a304-2ebcf43e4482,NULL,NULL,J,NULL,NULL,NULL,NULL,NULL,NULL,NULL
96980,52018,2010-01-01,NULL,NULL,"Imported by IVO Systems on 2026.08.05.","2026-08-05 14:16:19",45,0,1,1,1,"2026-08-18 20:38:08",0,9236,NULL,66d5d16e-d380-42b9-97a6-e5a4e0391cc6,NULL,NULL,J,NULL,NULL,NULL,NULL,NULL,NULL,NULL
96981,52018,2010-01-01,NULL,NULL,"Imported by IVO Systems on 2026.08.05.","2026-08-05 14:16:19",45,0,1,0,3,"2026-08-18 20:38:08",0,NULL,NULL,342664ba-6f3f-42f3-94cf-2d4ad3ec0b44,NULL,NULL,J,NULL,NULL,NULL,NULL,NULL,NULL,NULL
96965,52019,2010-01-01,NULL,NULL,"Imported by IVO Systems on 2026.08.05.","2026-08-05 14:16:15",45,1,0,0,3,"2026-08-18 20:38:08",0,9236,NULL,47c7e7e7-61d0-4a27-b3bf-a80e5de072da,NULL,NULL,J,NULL,NULL,NULL,NULL,NULL,NULL,NULL
96966,52019,2026-04-03,NULL,5141243,"Imported by IVO Systems on 2026.08.05.","2026-08-05 14:16:15",45,0,1,1,3,"2026-08-18 20:38:08",0,9236,NULL,29bb5cdf-95cb-4682-836f-9de7d57c3070,NULL,NULL,J,NULL,NULL,NULL,NULL,"2026-08-05 21:27:36",NULL,NULL
96967,52019,2026-04-03,9801687,NULL,"Imported by IVO Systems on 2026.08.05.","2026-08-05 14:16:16",45,0,1,1,3,"2026-08-18 20:38:08",0,9236,NULL,8dfe4725-a67d-4d07-a259-03890f30fd3a,NULL,NULL,J,NULL,NULL,NULL,NULL,"2026-08-05 21:28:59",NULL,NULL
96968,52019,2026-04-03,NULL,NULL,"Imported by IVO Systems on 2026.08.05.","2026-08-05 14:16:16",45,1,0,0,3,"2026-08-18 20:38:08",0,9236,NULL,8eb541c2-c1ac-4511-9b82-5a89364c03be,NULL,NULL,J,NULL,NULL,NULL,NULL,NULL,NULL,NULL
96969,52019,2026-04-03,NULL,NULL,"Imported by IVO Systems on 2026.08.05.","2026-08-05 14:16:16",45,1,0,0,3,"2026-08-18 20:38:08",0,9236,NULL,52b64634-77a7-41e7-b5ca-a0c0ab2b2647,NULL,NULL,J,NULL,NULL,NULL,NULL,NULL,NULL,NULL
97236,52020,2025-03-25,9802127,NULL,"Imported by IVO Systems on 2026.08.05.","2026-08-05 14:37:23",45,0,1,1,3,"2026-08-18 20:38:08",0,9236,NULL,9028b9f4-b285-42d8-ac95-386953680832,NULL,NULL,J,NULL,NULL,NULL,NULL,"2026-08-06 15:54:49",NULL,NULL
97237,52020,2026-06-01,9802128,NULL,"Imported by IVO Systems on 2026.08.05.","2026-08-05 14:37:23",45,1,0,1,3,"2026-08-18 20:38:08",0,9236,NULL,1cae4f23-b258-4d6b-b8cd-9db8dd90dec1,NULL,NULL,J,NULL,NULL,NULL,NULL,"2026-08-06 15:52:07",NULL,NULL
97238,52020,2026-06-01,9802128,NULL,"Imported by IVO Systems on 2026.08.05.","2026-08-05 14:37:23",45,0,1,1,3,"2026-08-18 20:38:08",0,9236,NULL,03bc1464-d3c9-430f-bac4-a500d4de4a84,NULL,NULL,J,NULL,NULL,NULL,NULL,"2026-08-06 15:54:59",NULL,NULL
99717,52020,2026-08-17,NULL,NULL,"A/C FAULT 5763-2","2026-08-17 20:05:43",16222,0,1,0,1,"2026-08-17 20:05:46",0,16222,74,6521f24e-03c8-43a7-8fae-097528669256,NULL,NULL,P,NULL,NULL,NULL,NULL,NULL,NULL,NULL
96953,52022,2010-01-01,NULL,NULL,"Imported by IVO Systems on 2026.08.05.","2026-08-05 14:16:14",45,0,1,0,3,"2026-08-18 20:38:08",0,NULL,NULL,f4946eff-276b-462a-b1db-02f5e6eb5331,NULL,NULL,J,NULL,NULL,NULL,NULL,NULL,NULL,NULL
96954,52022,2010-01-01,NULL,NULL,"Imported by IVO Systems on 2026.08.05.","2026-08-05 14:16:14",45,0,1,0,3,"2026-08-18 20:38:08",0,NULL,NULL,872eb4e9-afd7-4e84-adb2-87454e5cd665,NULL,NULL,J,NULL,NULL,NULL,NULL,NULL,NULL,NULL
97254,52025,2025-12-03,NULL,NULL,"Imported by IVO Systems on 2026.08.05.","2026-08-05 14:37:27",45,1,0,0,3,"2026-08-18 20:38:08",0,9236,NULL,06f94a4e-4e97-4881-b82d-aba946ba656c,NULL,NULL,J,NULL,NULL,NULL,NULL,NULL,NULL,NULL
97255,52025,2024-05-20,9802146,NULL,"Imported by IVO Systems on 2026.08.05.","2026-08-05 14:37:27",45,0,1,1,3,"2026-08-18 20:38:08",0,9236,NULL,91018b53-e3cd-4156-a622-0017b6a65007,NULL,NULL,J,NULL,NULL,NULL,NULL,"2026-08-06 16:05:25",NULL,NULL
97256,52025,2025-12-03,9802145,NULL,"Imported by IVO Systems on 2026.08.05.","2026-08-05 14:37:27",45,0,1,1,3,"2026-08-18 20:38:08",0,9236,NULL,85a89721-9200-4ebc-8e04-fbf3cb28bed2,NULL,NULL,J,NULL,NULL,NULL,NULL,"2026-08-06 16:04:58",NULL,NULL
98565,52025,2026-08-08,NULL,NULL,"*REPLACE TEETH

Kenny Swanson installed New Teeth on 8-11-26","2026-08-08 18:02:48",16222,0,1,0,3,"2026-08-12 12:37:29",0,16222,83,ecd1138f-5dd8-4eec-8fbe-2827fcd2a4c1,NULL,NULL,P,NULL,NULL,NULL,NULL,"2026-08-12 12:37:29",NULL,NULL
98567,52025,2026-08-10,9851138,NULL,"2000 HR SERVICE

DL COMPLETED.","2026-08-08 18:07:32",16222,0,1,1,3,"2026-08-17 21:07:46",0,16222,70,836eb3f3-5120-4ba3-a6a8-361f141f993b,NULL,NULL,P,NULL,NULL,NULL,NULL,"2026-08-17 21:07:46",NULL,NULL
96735,52026,2025-06-20,9801435,NULL,"Imported by IVO Systems on 2026.08.05.","2026-08-05 14:15:16",45,0,1,1,3,"2026-08-18 20:38:08",0,9236,NULL,b01edd74-d341-41fc-9d9b-30438be0451f,NULL,NULL,J,NULL,NULL,NULL,NULL,"2026-08-05 15:57:44",NULL,NULL
96736,52026,2025-12-11,9801437,NULL,"Imported by IVO Systems on 2026.08.05.","2026-08-05 14:15:16",45,0,1,1,3,"2026-08-18 20:38:08",0,9236,NULL,b6c8cf0c-4fe8-4c20-b559-a80c84024f01,NULL,NULL,J,NULL,NULL,NULL,NULL,"2026-08-05 15:58:36",NULL,NULL
98570,52026,2026-08-08,NULL,NULL,"ANNUAL DEFICIENCIES:
· ANNUAL - LUBE & ADJUST CRAWLER DRIVE CHAINS - X-66 - ANNUAL 02/24/26>
· ANNUAL - REPLACE AUX HOIST WIRE ROPE - X-168 - ANNUAL 02/24/26>
· ANNUAL - ADD MISSING CAPACITY& WT MARKINGS TO CROSBY OH BALL - X-169/170 - ANNUAL 02/24/26>

RECOMMENDED / MONITOR:
· ANNUAL - LUBE & ADJUST CRAWLER DRIVE CHAINS - R-58 - ANNUAL 02/24/26>
· ANNUAL - ADJUST LOOSE CRAWLER TRACKS - R-60 - ANNUAL 02/24/26>
· ANNUAL - REPLACE MULTIPLE WORN/LOOSE TRACK ROLLERS - R-63 - ANNUAL 02/24/26>
· ANNUAL - TORQUE CONVERTER COOLER SEEP/LEAK - M-130 - ANNUAL 02/24/26>
· ANNUAL - LUBE BOOM STOPS - R-140 - ANNUAL 02/24/26>
· ANNUAL - MAIN HOIST WIRE ROPE BROKEN WIRES/DEFORMATION**WEAR TO BOOM HOIST WIRE ROPE - NEARING 5% WEAR FROM NOMINAL DIAMETER. - M-168 - ANNUAL 02/24/26>*WEAR TO BOOM HOIST WIRE ROPE - NEARING 5% WEAR FROM NOMINAL DIAMETER.
· ANNUAL - REPLACE WORN/MISSING CROSBY OH BALL CENTER PIN BUSHINGS - R-181 - ANNUAL 02/24/26> 
· ANNUAL - REPLACE WORN CROSBY OVERHAUL BALL LOAD HOOK MOUNTING PIN WEAR SPOOL. R-181 - ANNUAL 02/24/26>

","2026-08-08 19:43:48",16222,0,1,0,1,"2026-08-08 19:43:53",0,16222,57,6802a145-0830-451d-a374-7206e9427a91,NULL,NULL,P,NULL,NULL,NULL,NULL,NULL,NULL,NULL
96737,52027,2010-01-01,9844751,NULL,"Imported by IVO Systems on 2026.08.05.","2026-08-05 14:15:16",45,0,1,1,3,"2026-08-18 20:38:08",0,9236,NULL,10f6ba26-c7e6-41f7-9b0d-d5eef2a097c0,NULL,NULL,J,NULL,NULL,NULL,NULL,"2026-08-07 19:34:35",NULL,NULL
96738,52027,2010-01-01,NULL,NULL,"Imported by IVO Systems on 2026.08.05.","2026-08-05 14:15:16",45,1,0,0,3,"2026-08-18 20:38:08",0,9236,NULL,617631b8-a7ca-420a-95e7-bf945245914b,NULL,NULL,J,NULL,NULL,NULL,NULL,NULL,NULL,NULL
96955,52028,2025-11-22,NULL,5141240,"Imported by IVO Systems on 2026.08.05.","2026-08-05 14:16:14",45,0,1,1,3,"2026-08-18 20:38:08",0,9236,NULL,4b1b8337-652f-43c8-8556-e49e32bfa713,NULL,NULL,J,NULL,NULL,NULL,NULL,"2026-08-05 21:16:58",NULL,NULL
96956,52028,2026-05-30,NULL,5141241,"Imported by IVO Systems on 2026.08.05.","2026-08-05 14:16:14",45,0,1,1,3,"2026-08-18 20:38:08",0,9236,NULL,78f01f93-9064-478d-a8fc-d7415e7e9ca2,NULL,NULL,J,NULL,NULL,NULL,NULL,"2026-08-05 21:18:42",NULL,NULL
96957,52028,2026-05-30,9801683,NULL,"Imported by IVO Systems on 2026.08.05.","2026-08-05 14:16:14",45,0,1,1,3,"2026-08-18 20:38:08",0,9236,NULL,a9719b28-43b3-415d-9e1c-f6eee3f7cdc2,NULL,NULL,J,NULL,NULL,NULL,NULL,"2026-08-05 21:20:09",NULL,NULL
96958,52028,2026-05-30,NULL,NULL,"Imported by IVO Systems on 2026.08.05.","2026-08-05 14:16:15",45,1,0,0,3,"2026-08-18 20:38:08",0,9236,NULL,5e440977-119f-4ad0-9416-ff076ad7473e,NULL,NULL,J,NULL,NULL,NULL,NULL,NULL,NULL,NULL
96959,52028,2026-05-30,NULL,NULL,"Imported by IVO Systems on 2026.08.05.","2026-08-05 14:16:15",45,1,0,0,3,"2026-08-18 20:38:08",0,9236,NULL,d1144d61-ea1c-4a06-ba95-30fc1d185e24,NULL,NULL,J,NULL,NULL,NULL,NULL,NULL,NULL,NULL
97232,52030,2026-05-29,9802123,NULL,"Imported by IVO Systems on 2026.08.05.","2026-08-05 14:37:22",45,0,1,1,3,"2026-08-18 20:38:08",0,16222,70,e8776eff-c8d6-46fc-afae-789ed727484c,NULL,NULL,J,NULL,NULL,NULL,NULL,"2026-08-11 18:59:08",NULL,NULL
97233,52030,2025-10-25,9802124,NULL,"Imported by IVO Systems on 2026.08.05.","2026-08-05 14:37:22",45,0,1,1,3,"2026-08-18 20:38:08",0,16222,70,b5ea344f-a65a-4adc-ac56-fe93e372d152,NULL,NULL,J,NULL,NULL,NULL,NULL,"2026-08-06 15:50:09",NULL,NULL
97234,52030,2026-05-29,NULL,NULL,"Imported by IVO Systems on 2026.08.05.","2026-08-05 14:37:23",45,1,0,0,3,"2026-08-18 20:38:08",0,9236,NULL,1ee6a5af-1520-41be-81de-760ede45ad26,NULL,NULL,J,NULL,NULL,NULL,NULL,NULL,NULL,NULL
97235,52030,2026-05-29,NULL,NULL,"Imported by IVO Systems on 2026.08.05.","2026-08-05 14:37:23",45,1,0,0,3,"2026-08-18 20:38:08",0,9236,NULL,98da9ca7-7f0a-4b7e-8bcd-28b66d0b227e,NULL,NULL,J,NULL,NULL,NULL,NULL,NULL,NULL,NULL
98939,52030,2026-05-29,9907118,NULL,"250 HR (BIO FUEL) SERVICE","2026-08-11 19:04:19",16222,0,1,1,3,"2026-08-11 19:08:56",0,16222,70,3167c597-088a-4983-82bb-c8b5d7a74f0c,NULL,NULL,P,NULL,NULL,NULL,NULL,"2026-08-11 19:08:56",NULL,NULL
98941,52030,2026-08-11,NULL,NULL,"RESWAP OR REPLACE WITH NEW TEETH","2026-08-11 19:06:25",16222,0,1,0,1,"2026-08-11 19:06:29",0,16222,83,d6358a88-a423-4afb-ba9d-ef0e3233343f,NULL,NULL,P,NULL,NULL,NULL,NULL,NULL,NULL,NULL
98942,52030,2026-08-11,NULL,NULL,"PERFORM 250 HR (BIO FUEL) SERVICE","2026-08-11 19:08:09",16222,0,1,1,1,"2026-08-11 19:08:16",0,16222,70,2e26c70d-5346-4b2a-a0d8-ca65e4158da8,NULL,NULL,P,NULL,NULL,NULL,NULL,NULL,NULL,NULL
97266,52031,2026-01-09,9802155,NULL,"Imported by IVO Systems on 2026.08.05.","2026-08-05 14:37:30",45,0,1,1,3,"2026-08-18 20:38:08",0,9236,NULL,773fa913-76f5-4174-8a39-7e39664ca022,NULL,NULL,J,NULL,NULL,NULL,NULL,"2026-08-06 16:20:43",NULL,NULL
97267,52031,2026-01-09,NULL,NULL,"Imported by IVO Systems on 2026.08.05.","2026-08-05 14:37:30",45,1,0,0,3,"2026-08-18 20:38:08",0,9236,NULL,788f5e40-9432-4418-a2c5-ba43aceaca30,NULL,NULL,J,NULL,NULL,NULL,NULL,NULL,NULL,NULL
97268,52031,2026-04-23,9802157,NULL,"Imported by IVO Systems on 2026.08.05.","2026-08-05 14:37:30",45,0,1,1,3,"2026-08-18 20:38:08",0,9236,NULL,5c177731-918c-446d-ae27-58dadf7bd992,NULL,NULL,J,NULL,NULL,NULL,NULL,"2026-08-06 16:21:07",NULL,NULL
96917,52034,2024-09-07,NULL,5141223,"Imported by IVO Systems on 2026.08.05.","2026-08-05 14:16:07",45,0,1,1,3,"2026-08-18 20:38:08",0,9236,NULL,a42c69c1-c8dd-4981-ac7d-01ab350ec52c,NULL,NULL,J,NULL,NULL,NULL,NULL,"2026-08-05 20:16:57",NULL,NULL
96918,52034,2026-01-26,9801665,5141224,"Imported by IVO Systems on 2026.08.05.","2026-08-05 14:16:08",45,0,1,1,3,"2026-08-18 20:38:08",0,9236,NULL,56e151eb-406c-494e-8525-c3f2f26117c6,NULL,NULL,J,NULL,NULL,NULL,NULL,"2026-08-05 20:17:48",NULL,NULL
97263,52036,2026-05-19,9802152,NULL,"Imported by IVO Systems on 2026.08.05.","2026-08-05 14:37:29",45,0,1,1,3,"2026-08-18 20:38:08",0,9236,NULL,f132885c-421d-4b2a-8019-b556d977ed11,NULL,NULL,J,NULL,NULL,NULL,NULL,"2026-08-06 16:18:32",NULL,NULL
97264,52036,2026-05-19,NULL,NULL,"Imported by IVO Systems on 2026.08.05.","2026-08-05 14:37:29",45,1,0,0,3,"2026-08-18 20:38:08",0,9236,NULL,e83c083f-24f9-40e9-a755-fe6a68d3b1b2,NULL,NULL,J,NULL,NULL,NULL,NULL,NULL,NULL,NULL
97265,52036,2026-05-19,NULL,NULL,"Imported by IVO Systems on 2026.08.05.","2026-08-05 14:37:29",45,1,0,0,3,"2026-08-18 20:38:08",0,9236,NULL,9a6fe2ba-3a53-41b4-bdf5-d58032103402,NULL,NULL,J,NULL,NULL,NULL,NULL,NULL,NULL,NULL
98568,52036,2026-08-08,NULL,NULL,"*RESEAL WEATHER SEAL AROUND DOOR. FALLING OFF.","2026-08-08 18:11:26",16222,0,1,0,1,"2026-08-08 18:11:33",0,16222,82,46e2e02f-b991-4c99-a0d7-61a14e4baed1,NULL,NULL,P,NULL,NULL,NULL,NULL,NULL,NULL,NULL
98673,52036,2026-08-03,NULL,NULL,"*INSPECT TRACKS FOR REPLACEMENT. TRACKS ARE SHOT, WIRE IS EXPOSED.","2026-08-10 16:18:15",16222,0,1,0,1,"2026-08-17 21:14:35",0,16222,77,166dbb90-fd34-4ed2-a0ab-5de208e0409a,NULL,NULL,P,NULL,NULL,NULL,NULL,NULL,NULL,NULL
97260,52037,2025-05-15,9802150,NULL,"Imported by IVO Systems on 2026.08.05.","2026-08-05 14:37:28",45,0,1,1,3,"2026-08-18 20:38:08",0,9236,NULL,9cf99bb4-23ce-4103-b760-67eb94534c63,NULL,NULL,J,NULL,NULL,NULL,NULL,"2026-08-06 16:17:21",NULL,NULL
97261,52037,2010-01-01,NULL,NULL,"Imported by IVO Systems on 2026.08.05.","2026-08-05 14:37:28",45,0,1,0,3,"2026-08-18 20:38:08",0,NULL,NULL,063690b3-5ef4-4e53-a6a0-863e0af33441,NULL,NULL,J,NULL,NULL,NULL,NULL,NULL,NULL,NULL
97262,52037,2026-02-12,9802151,NULL,"Imported by IVO Systems on 2026.08.05.","2026-08-05 14:37:28",45,0,1,1,3,"2026-08-18 20:38:08",0,9236,NULL,f946cec6-022f-4c96-90ab-38ad47cc9b5b,NULL,NULL,J,NULL,NULL,NULL,NULL,"2026-08-06 16:17:53",NULL,NULL
99739,52037,2026-06-09,NULL,NULL,"DAMAGE REPORT - CRACKED MIRROR & HINGE COVER (JOB 242504)","2026-08-17 21:43:56",16222,0,1,0,1,"2026-08-17 21:44:25",0,16222,47,863420e5-1983-45cc-8d73-947d2e97f59d,NULL,NULL,P,NULL,NULL,NULL,NULL,NULL,NULL,NULL
97272,52038,2025-11-15,9802161,NULL,"Imported by IVO Systems on 2026.08.05.","2026-08-05 14:37:31",45,0,1,1,3,"2026-08-18 20:38:08",0,9236,NULL,878ff08b-7823-404a-a47b-dbd679f8f64f,NULL,NULL,J,NULL,NULL,NULL,NULL,"2026-08-06 16:24:02",NULL,NULL
97273,52038,2010-01-01,NULL,NULL,"Imported by IVO Systems on 2026.08.05.","2026-08-05 14:37:31",45,0,1,0,3,"2026-08-18 20:38:08",0,NULL,NULL,b6dba2ee-156d-47d2-8288-8da338491989,NULL,NULL,J,NULL,NULL,NULL,NULL,NULL,NULL,NULL
97274,52038,2026-06-06,9802162,NULL,"Imported by IVO Systems on 2026.08.05.","2026-08-05 14:37:32",45,0,1,1,3,"2026-08-18 20:38:08",0,9236,NULL,35e46c9b-0dc2-4a38-8ac4-f7140e50c323,NULL,NULL,J,NULL,NULL,NULL,NULL,"2026-08-06 16:24:33",NULL,NULL
97229,52041,2024-03-01,9802121,NULL,"Imported by IVO Systems on 2026.08.05.","2026-08-05 14:37:22",45,0,1,1,3,"2026-08-18 20:38:08",0,9236,NULL,a8aac7df-7588-4f1d-88a8-6dfdcf64cdcb,NULL,NULL,J,NULL,NULL,NULL,NULL,"2026-08-06 15:47:53",NULL,NULL
97230,52041,2010-01-01,NULL,NULL,"Imported by IVO Systems on 2026.08.05.","2026-08-05 14:37:22",45,0,1,0,3,"2026-08-18 20:38:08",0,NULL,NULL,872d94e7-7a4f-4792-9d24-a5460a67ac3b,NULL,NULL,J,NULL,NULL,NULL,NULL,NULL,NULL,NULL
97231,52041,2025-11-20,9802122,NULL,"Imported by IVO Systems on 2026.08.05.","2026-08-05 14:37:22",45,0,1,1,3,"2026-08-18 20:38:08",0,9236,NULL,2c1ec50d-cdd4-4956-b13b-10de3b01c064,NULL,NULL,J,NULL,NULL,NULL,NULL,"2026-08-06 15:48:25",NULL,NULL
96741,52045,2025-05-29,9801441,NULL,"Imported by IVO Systems on 2026.08.05.","2026-08-05 14:15:17",45,0,1,1,3,"2026-08-18 20:38:08",0,9236,NULL,26cc8695-9982-43bb-9f04-845396993835,NULL,NULL,J,NULL,NULL,NULL,NULL,"2026-08-10 15:19:05",NULL,NULL
96742,52045,2025-05-29,NULL,NULL,"Imported by IVO Systems on 2026.08.05.","2026-08-05 14:15:17",45,1,0,0,3,"2026-08-18 20:38:08",0,9236,NULL,51af392b-de70-46a1-a2aa-d9df0e11185e,NULL,NULL,J,NULL,NULL,NULL,NULL,NULL,NULL,NULL
96739,52048,2022-10-28,9801438,NULL,"Imported by IVO Systems on 2026.08.05.","2026-08-05 14:15:17",45,0,1,1,3,"2026-08-18 20:38:08",0,9236,NULL,f4fd9fee-aa79-4079-9d53-eb419bc2beb5,NULL,NULL,J,NULL,NULL,NULL,NULL,"2026-08-05 16:00:44",NULL,NULL
96740,52048,2025-03-01,9801440,NULL,"Imported by IVO Systems on 2026.08.05.","2026-08-05 14:15:17",45,0,1,1,3,"2026-08-18 20:38:08",0,9236,NULL,8dc13175-3bbe-4c2b-9ae0-bbadb4839cfa,NULL,NULL,J,NULL,NULL,NULL,NULL,"2026-08-05 16:01:21",NULL,NULL
98365,52048,2026-08-06,NULL,NULL,TEST,"2026-08-06 15:25:19",16222,1,0,1,1,"2026-08-06 15:29:21",0,16222,70,e5d603b3-371e-4992-850d-e73452a49b19,NULL,NULL,P,NULL,NULL,NULL,NULL,NULL,NULL,NULL
96982,52049,2010-01-01,NULL,NULL,"Imported by IVO Systems on 2026.08.05.","2026-08-05 14:16:19",45,0,1,0,3,"2026-08-18 20:38:08",0,NULL,NULL,55362635-75d4-4553-a91c-869720aa51b0,NULL,NULL,J,NULL,NULL,NULL,NULL,NULL,NULL,NULL
96983,52049,2010-01-01,NULL,NULL,"Imported by IVO Systems on 2026.08.05.","2026-08-05 14:16:19",45,0,1,0,3,"2026-08-18 20:38:08",0,NULL,NULL,f221edf0-cb80-47f8-95a5-201d7f133c66,NULL,NULL,J,NULL,NULL,NULL,NULL,NULL,NULL,NULL
97257,52050,2025-12-02,NULL,NULL,"Imported by IVO Systems on 2026.08.05.","2026-08-05 14:37:28",45,1,0,0,3,"2026-08-18 20:38:08",0,9236,NULL,aee7c626-0235-4377-8ad5-afa3be10a426,NULL,NULL,J,NULL,NULL,NULL,NULL,NULL,NULL,NULL
97258,52050,2010-01-01,NULL,NULL,"Imported by IVO Systems on 2026.08.05.","2026-08-05 14:37:28",45,0,1,0,3,"2026-08-18 20:38:08",0,NULL,NULL,c1a6578b-0c1d-438d-ad10-37bdfe928298,NULL,NULL,J,NULL,NULL,NULL,NULL,NULL,NULL,NULL
97259,52050,2025-12-02,9802148,NULL,"Imported by IVO Systems on 2026.08.05.","2026-08-05 14:37:28",45,0,1,1,3,"2026-08-18 20:38:08",0,9236,NULL,84e20170-71f2-45e6-809d-40704cddc873,NULL,NULL,J,NULL,NULL,NULL,NULL,"2026-08-06 16:15:56",NULL,NULL
97287,52051,2025-09-20,9802175,NULL,"Imported by IVO Systems on 2026.08.05.","2026-08-05 14:37:35",45,0,1,1,3,"2026-08-18 20:38:08",0,9236,NULL,264741de-156c-4056-b35e-818f08572b12,NULL,NULL,J,NULL,NULL,NULL,NULL,"2026-08-06 16:32:55",NULL,NULL
97288,52051,2010-01-01,NULL,NULL,"Imported by IVO Systems on 2026.08.05.","2026-08-05 14:37:35",45,0,1,0,3,"2026-08-18 20:38:08",0,NULL,NULL,e1fe3dc1-af16-4a8b-b0fc-6f5de56ffa84,NULL,NULL,J,NULL,NULL,NULL,NULL,NULL,NULL,NULL
97289,52051,2026-02-27,9802176,NULL,"Imported by IVO Systems on 2026.08.05.","2026-08-05 14:37:35",45,0,1,1,3,"2026-08-18 20:38:08",0,9236,NULL,c4a3cf48-9346-464b-8c54-8b0a2b5f42a4,NULL,NULL,J,NULL,NULL,NULL,NULL,"2026-08-06 16:33:24",NULL,NULL
97290,52052,2026-05-07,9802177,NULL,"Imported by IVO Systems on 2026.08.05.","2026-08-05 14:37:35",45,0,1,1,3,"2026-08-18 20:38:08",0,9236,NULL,ee866748-8dd1-4532-912c-7855c9640326,NULL,NULL,J,NULL,NULL,NULL,NULL,"2026-08-06 16:34:42",NULL,NULL
97291,52052,2026-05-07,NULL,NULL,"Imported by IVO Systems on 2026.08.05.","2026-08-05 14:37:35",45,1,0,0,3,"2026-08-18 20:38:08",0,9236,NULL,fd11effc-a238-43bf-9b91-13f8e43bf4d7,NULL,NULL,J,NULL,NULL,NULL,NULL,NULL,NULL,NULL
97292,52052,2026-05-07,NULL,NULL,"Imported by IVO Systems on 2026.08.05.","2026-08-05 14:37:36",45,1,0,0,3,"2026-08-18 20:38:08",0,9236,NULL,f0583009-1c73-45b3-93ed-459bdf33f2ea,NULL,NULL,J,NULL,NULL,NULL,NULL,NULL,NULL,NULL
97269,52053,2026-07-23,9802158,NULL,"Imported by IVO Systems on 2026.08.05.","2026-08-05 14:37:30",45,0,1,1,3,"2026-08-18 20:38:08",0,9236,NULL,f3dbc7f7-a598-42fd-8b89-a7e06f230992,NULL,NULL,J,NULL,NULL,NULL,NULL,"2026-08-06 16:22:31",NULL,NULL
97270,52053,2026-07-23,NULL,NULL,"Imported by IVO Systems on 2026.08.05.","2026-08-05 14:37:31",45,1,0,0,3,"2026-08-18 20:38:08",0,9236,NULL,1f5ac571-8f6f-4975-8d62-7b33c32590b4,NULL,NULL,J,NULL,NULL,NULL,NULL,NULL,NULL,NULL
97271,52053,2026-07-23,NULL,NULL,"Imported by IVO Systems on 2026.08.05.","2026-08-05 14:37:31",45,1,0,0,3,"2026-08-18 20:38:08",0,9236,NULL,3fdbc8ed-45f7-4e73-9e3f-dce9a01f9a72,NULL,NULL,J,NULL,NULL,NULL,NULL,NULL,NULL,NULL
96984,52054,2010-01-01,9801701,NULL,"Imported by IVO Systems on 2026.08.05.","2026-08-05 14:16:19",45,0,1,1,3,"2026-08-18 20:38:08",0,9236,NULL,23763078-b557-4d6c-a44c-24c350113b2a,NULL,NULL,J,NULL,NULL,NULL,NULL,"2026-08-05 21:42:13",NULL,NULL
96985,52054,2010-01-01,9801701,NULL,"Imported by IVO Systems on 2026.08.05.","2026-08-05 14:16:19",45,0,1,1,3,"2026-08-18 20:38:08",0,9236,NULL,8b70cd64-46b9-4a5c-9903-e5cef7e93096,NULL,NULL,J,NULL,NULL,NULL,NULL,"2026-08-05 21:43:22",NULL,NULL
96986,52054,2026-03-20,NULL,NULL,"Imported by IVO Systems on 2026.08.05.","2026-08-05 14:16:19",45,0,1,0,3,"2026-08-18 20:38:08",0,NULL,NULL,9fe6e079-ee6b-403d-893e-4c9affe2deff,NULL,NULL,J,NULL,NULL,NULL,NULL,NULL,NULL,NULL
96987,52054,2010-01-01,NULL,NULL,"Imported by IVO Systems on 2026.08.05.","2026-08-05 14:16:19",45,0,1,0,3,"2026-08-18 20:38:08",0,NULL,NULL,bd1087ee-be8c-43d8-b35a-7676ccb9ccbb,NULL,NULL,J,NULL,NULL,NULL,NULL,NULL,NULL,NULL
96988,52054,2026-03-20,9801699,NULL,"Imported by IVO Systems on 2026.08.05.","2026-08-05 14:16:20",45,0,1,1,3,"2026-08-18 20:38:08",0,9236,NULL,d8f2b1a4-8b2d-4e20-9151-50d74c1ffb0d,NULL,NULL,J,NULL,NULL,NULL,NULL,"2026-08-05 21:41:30",NULL,NULL
96751,52055,2025-01-06,9801457,NULL,"Imported by IVO Systems on 2026.08.05.","2026-08-05 14:15:21",45,0,1,1,3,"2026-08-18 20:38:08",0,9236,NULL,4804d5ad-0f6f-4a87-bf90-28c1c9f6a838,NULL,NULL,J,NULL,NULL,NULL,NULL,"2026-08-05 16:08:39",NULL,NULL
96989,52057,2026-04-23,NULL,5141247,"Imported by IVO Systems on 2026.08.05.","2026-08-05 14:16:20",45,0,1,1,3,"2026-08-18 20:38:08",0,9236,NULL,e4c71551-5ffe-4392-8a0c-acce594fdeb4,NULL,NULL,J,NULL,NULL,NULL,NULL,"2026-08-05 21:45:25",NULL,NULL
99570,52057,2026-08-17,NULL,5263848,"20000 MILE PM COMPLETED 08/10/26 @ 160357 MI","2026-08-17 15:15:57",16222,0,1,1,3,"2026-08-17 15:20:29",0,16222,70,2315632a-fc14-45e4-a0f3-34bba1ef372e,NULL,NULL,P,NULL,NULL,NULL,NULL,"2026-08-17 15:20:29",NULL,NULL
96743,52059,2017-05-10,9801444,NULL,"Imported by IVO Systems on 2026.08.05.","2026-08-05 14:15:18",45,0,1,1,3,"2026-08-18 20:38:08",0,9236,NULL,fc66f522-33b4-4f35-8061-6f0c20721382,NULL,NULL,J,NULL,NULL,NULL,NULL,"2026-08-10 17:07:32",NULL,NULL
96744,52059,2017-05-18,9801446,NULL,"Imported by IVO Systems on 2026.08.05.","2026-08-05 14:15:18",45,0,1,1,3,"2026-08-18 20:38:08",0,9236,NULL,1f102484-9835-4c50-a47d-a99d61dcd690,NULL,NULL,J,NULL,NULL,NULL,NULL,"2026-08-10 17:08:16",NULL,NULL
97296,52063,2025-07-01,9802183,NULL,"Imported by IVO Systems on 2026.08.05.","2026-08-05 14:37:37",45,0,1,1,3,"2026-08-18 20:38:08",0,9236,NULL,2027c536-a5b1-4f35-8d53-9691167f3553,NULL,NULL,J,NULL,NULL,NULL,NULL,"2026-08-06 16:37:10",NULL,NULL
97297,52063,2010-01-01,NULL,NULL,"Imported by IVO Systems on 2026.08.05.","2026-08-05 14:37:37",45,0,1,0,3,"2026-08-18 20:38:08",0,NULL,NULL,9a5ffcd5-ede6-4157-afeb-8b1b5d219079,NULL,NULL,J,NULL,NULL,NULL,NULL,NULL,NULL,NULL
97298,52063,2026-06-10,9802185,NULL,"Imported by IVO Systems on 2026.08.05.","2026-08-05 14:37:37",45,0,1,1,3,"2026-08-18 20:38:08",0,9236,NULL,252c9ba9-0dad-404c-a349-9faf795c3d9b,NULL,NULL,J,NULL,NULL,NULL,NULL,"2026-08-06 16:37:36",NULL,NULL
98878,52063,2026-08-11,9918401,NULL,"THUMB ISSUE
WENT TO JOB TO REPLACE THUMB CYLINDER. FOUND NOW PRESSURE FOR THUMB UP BUT HAD CORRECT PRESSURE FOR THUMB DOWN. CLOSE VALVES AND TRIED AGAIN. HAD SAME PRESSURES SO DETERMINED THE THUMB CYLINDER WAS GOOD. BEGAN TROUBLESHOOTING. WENT TO THE SOLENOID/RELIEF VALVE FOR THE AUX CIRCUIT. HAD POWER. REMOVED AND FOUND A PIECE OF GRAVEL STUCK IN THE RELIEF AND WAS CAUSING PRESSURE. ONLY WAY FOR GRAVEL TO GET TO THAT POING IT FROM REMOVING/INSTALLING HAMMER AND NOT PROPERLY CLEANING OR PUTTING HOSES BACK CORRECTLY. REMOVED THE GRAVEL AND INSTALLED SOLENOID. CHECKED PRESSURES AND CORRECT OPERATION OF THUMB

1,811 HOURS","2026-08-11 14:00:39",15692,0,1,0,3,"2026-08-12 11:44:58",0,16222,78,f9d4fc0b-f1ea-4d60-896f-a126b9b72e8c,NULL,NULL,P,NULL,NULL,NULL,NULL,"2026-08-12 11:44:58",NULL,NULL
97278,52065,2026-04-28,9802166,NULL,"Imported by IVO Systems on 2026.08.05.","2026-08-05 14:37:33",45,0,1,1,3,"2026-08-18 20:38:08",0,9236,NULL,5617f69a-592f-405e-a2e3-a3afeedafc64,NULL,NULL,J,NULL,NULL,NULL,NULL,"2026-08-06 16:27:21",NULL,NULL
97279,52065,2026-04-28,NULL,NULL,"Imported by IVO Systems on 2026.08.05.","2026-08-05 14:37:33",45,1,0,0,3,"2026-08-18 20:38:08",0,9236,NULL,79c43714-f5a3-460b-8de2-390a84796efe,NULL,NULL,J,NULL,NULL,NULL,NULL,NULL,NULL,NULL
97280,52065,2026-04-28,NULL,NULL,"Imported by IVO Systems on 2026.08.05.","2026-08-05 14:37:33",45,1,0,0,3,"2026-08-18 20:38:08",0,9236,NULL,7dcb2b8c-4094-4740-866a-733879ccda91,NULL,NULL,J,NULL,NULL,NULL,NULL,NULL,NULL,NULL
96992,52066,2025-06-28,9801703,NULL,"Imported by IVO Systems on 2026.08.05.","2026-08-05 14:16:20",45,0,1,1,3,"2026-08-18 20:38:08",0,9236,NULL,8ad0b708-5583-4781-92d6-9b140a9c1873,NULL,NULL,J,NULL,NULL,NULL,NULL,"2026-08-05 21:51:58",NULL,NULL
96993,52066,2010-01-01,NULL,NULL,"Imported by IVO Systems on 2026.08.05.","2026-08-05 14:16:20",45,0,1,0,3,"2026-08-18 20:38:08",0,NULL,NULL,b292cba9-f446-4b35-a6cf-6612420b3707,NULL,NULL,J,NULL,NULL,NULL,NULL,NULL,NULL,NULL
96994,52066,2024-09-12,9801705,NULL,"Imported by IVO Systems on 2026.08.05.","2026-08-05 14:16:21",45,0,1,1,3,"2026-08-18 20:38:08",0,9236,NULL,7d85e2fc-e202-497b-8c32-f39b4451f391,NULL,NULL,J,NULL,NULL,NULL,NULL,"2026-08-05 21:53:51",NULL,NULL
96995,52066,2026-07-08,NULL,5141250,"Imported by IVO Systems on 2026.08.05.","2026-08-05 14:16:21",45,0,1,1,3,"2026-08-18 20:38:08",0,16222,70,07693e6b-e5b0-4c80-823e-f76be3144d15,NULL,NULL,J,NULL,NULL,NULL,NULL,"2026-08-18 14:54:08",NULL,NULL
96996,52066,2025-06-28,NULL,NULL,"Imported by IVO Systems on 2026.08.05.","2026-08-05 14:16:21",45,0,1,0,3,"2026-08-18 20:38:08",0,NULL,NULL,2864ae6a-4786-4df7-bb7d-24ce7d7dd87e,NULL,NULL,J,NULL,NULL,NULL,NULL,NULL,NULL,NULL
97293,52068,2026-05-18,9802180,NULL,"Imported by IVO Systems on 2026.08.05.","2026-08-05 14:37:36",45,0,1,1,3,"2026-08-18 20:38:08",0,9236,NULL,d608689e-29b2-4e3d-aa40-70bfd5f2e190,NULL,NULL,J,NULL,NULL,NULL,NULL,"2026-08-06 16:36:14",NULL,NULL
97294,52068,2026-05-18,NULL,NULL,"Imported by IVO Systems on 2026.08.05.","2026-08-05 14:37:36",45,1,0,0,3,"2026-08-18 20:38:08",0,9236,NULL,5f82c309-b7f9-4086-9e86-cf5a546b2ada,NULL,NULL,J,NULL,NULL,NULL,NULL,NULL,NULL,NULL
97295,52068,2026-05-18,NULL,NULL,"Imported by IVO Systems on 2026.08.05.","2026-08-05 14:37:36",45,1,0,0,3,"2026-08-18 20:38:08",0,9236,NULL,d71ef60f-a1ed-4c23-a74c-f6a729af2972,NULL,NULL,J,NULL,NULL,NULL,NULL,NULL,NULL,NULL
98779,52068,2026-08-10,NULL,NULL,"FLIP CUTTING EDGE; GREASE QUICK RELEASE.

Replaced cutting edge and greased coupler ","2026-08-10 20:32:34",16222,0,1,0,3,"2026-08-18 14:13:01",0,16222,83,20eb2554-c4e7-429b-8dcd-5b509ad8728a,NULL,NULL,P,NULL,NULL,NULL,NULL,"2026-08-18 14:13:01",NULL,NULL
97308,52070,2026-01-02,9802195,NULL,"Imported by IVO Systems on 2026.08.05.","2026-08-05 14:37:40",45,0,1,1,3,"2026-08-18 20:38:08",0,9236,NULL,03eb5973-c2aa-4ad9-99d1-1a08166bc29f,NULL,NULL,J,NULL,NULL,NULL,NULL,"2026-08-06 16:46:20",NULL,NULL
97309,52070,2026-01-02,NULL,NULL,"Imported by IVO Systems on 2026.08.05.","2026-08-05 14:37:40",45,1,0,0,3,"2026-08-18 20:38:08",0,9236,NULL,12b69f69-738c-4357-b889-9372ac83d60a,NULL,NULL,J,NULL,NULL,NULL,NULL,NULL,NULL,NULL
97310,52070,2026-05-04,9802198,NULL,"Imported by IVO Systems on 2026.08.05.","2026-08-05 14:37:41",45,0,1,1,3,"2026-08-18 20:38:08",0,9236,NULL,ed422925-4639-4c70-9179-dcd2e357a332,NULL,NULL,J,NULL,NULL,NULL,NULL,"2026-08-06 16:46:51",NULL,NULL
96747,52075,2020-07-28,NULL,NULL,"Imported by IVO Systems on 2026.08.05.","2026-08-05 14:15:19",45,1,0,0,3,"2026-08-18 20:38:08",0,9236,NULL,acd52755-6956-441d-a90b-9074629ae530,NULL,NULL,J,NULL,NULL,NULL,NULL,NULL,NULL,NULL
96748,52075,2020-07-28,9801450,NULL,"Imported by IVO Systems on 2026.08.05.","2026-08-05 14:15:19",45,0,1,1,3,"2026-08-18 20:38:08",0,9236,NULL,fdefc97c-b589-466b-afc0-b8b88d3f0893,NULL,NULL,J,NULL,NULL,NULL,NULL,"2026-08-05 16:23:49",NULL,NULL
96750,52076,2026-07-16,9801455,NULL,"Imported by IVO Systems on 2026.08.05.","2026-08-05 14:15:20",45,0,1,1,3,"2026-08-18 20:38:08",0,9236,NULL,70ad0d20-71af-463c-b8af-a60e86599929,NULL,NULL,J,NULL,NULL,NULL,NULL,"2026-08-05 16:07:56",NULL,NULL
99720,52076,2026-06-01,NULL,NULL,"ANNUAL DEFICIENCIES FROM 05/29/26 ANNUAL:

1) LEFT REAR UPPER TRACK ROLLER MOUNTING BOLT BROKE/MISSING. (X-59)
2) LEFT REAR UPPER TRACK ROLLER MOUNT BROKE. (X-59)
3) LOAD WEIGHT INDICATOR READING INACCURATE. (X-96)
4) REPAIR MAIN HOIST WIRE ROPE SPOOLING. (X-117)


MONITOR/RECOMMENDED:
1) ADJUST LOOSE LEFT TRACK. (R-60)
2) ADD WASHER TO LOWER COUNTERWIGHT MOUNTING BOLT-IN RIGHT SIDE CABINET. (R-135)
3) LUBE BOOM STOPS. (R-140)
4) MONITOR STRAND DEFORMATION IN MAIN HOIST WIRE ROPE. (M-168)
5) MONITOR STRAND DEFORMATION IN BOOM HOIST WIRE ROPE-ON DRUM IN NORMAL OPERATION. (M-168)
6) MONITOR STRAND CRUSHING/DOG LEG/BROKEN WIRE IN JIB BACKSTAY PENDANT. (M-168)
7) CARBODY AXLE SHIMS CRACKING. (M-58)
","2026-08-17 20:20:42",16222,0,1,0,1,"2026-08-17 20:44:21",0,16222,57,2ab01535-5907-45a7-a592-66a5c4ffb06e,NULL,NULL,P,NULL,NULL,NULL,NULL,NULL,NULL,NULL
99726,52076,2026-06-12,NULL,NULL,"A/C INOP

SOURCE: 502401 DAILY REC'D 07/27/26; 07/17/26; 07/10/26; 06/29/26; 06/22/26; 06/12/26>","2026-08-17 20:46:52",16222,0,1,0,1,"2026-08-17 20:47:08",0,16222,80,533461ab-6433-44f8-8b1c-1725eb0d1552,NULL,NULL,P,NULL,NULL,NULL,NULL,NULL,NULL,NULL
96990,52077,2026-07-08,NULL,5141248,"Imported by IVO Systems on 2026.08.05.","2026-08-05 14:16:20",45,0,1,1,3,"2026-08-18 20:38:08",0,9236,NULL,363fe186-89e9-4595-8a5e-4c2529310a8d,NULL,NULL,J,NULL,NULL,NULL,NULL,"2026-08-05 21:48:43",NULL,NULL
97302,52078,2025-09-25,9802190,NULL,"Imported by IVO Systems on 2026.08.05.","2026-08-05 14:37:38",45,0,1,1,3,"2026-08-18 20:38:08",0,9236,NULL,ebff6fa5-fe52-413e-9e0f-57bd1d2832d6,NULL,NULL,J,NULL,NULL,NULL,NULL,"2026-08-06 16:41:16",NULL,NULL
97303,52078,2010-01-01,NULL,NULL,"Imported by IVO Systems on 2026.08.05.","2026-08-05 14:37:38",45,0,1,0,3,"2026-08-18 20:38:08",0,NULL,NULL,e06c5402-5d5d-4f41-803c-d11acd11c1d5,NULL,NULL,J,NULL,NULL,NULL,NULL,NULL,NULL,NULL
97304,52078,2026-06-27,9802191,NULL,"Imported by IVO Systems on 2026.08.05.","2026-08-05 14:37:39",45,0,1,1,3,"2026-08-18 20:38:08",0,9236,NULL,a2dfdaef-bafd-4bd1-8bd1-9c8364915616,NULL,NULL,J,NULL,NULL,NULL,NULL,"2026-08-06 16:41:37",NULL,NULL
96997,52079,2026-05-19,NULL,5141251,"Imported by IVO Systems on 2026.08.05.","2026-08-05 14:16:21",45,0,1,1,3,"2026-08-18 20:38:08",0,9236,NULL,a8f0cc3f-e502-4ade-a269-02c3e12b61f3,NULL,NULL,J,NULL,NULL,NULL,NULL,"2026-08-06 13:02:52",NULL,NULL
96755,52081,2026-04-19,NULL,NULL,"Imported by IVO Systems on 2026.08.05.","2026-08-05 14:15:22",45,1,0,0,3,"2026-08-18 20:38:08",0,9236,NULL,c45c9f9e-6638-47ad-aa74-09d08c91f789,NULL,NULL,J,NULL,NULL,NULL,NULL,NULL,NULL,NULL
96756,52081,2026-04-19,9801464,NULL,"Imported by IVO Systems on 2026.08.05.","2026-08-05 14:15:22",45,0,1,1,3,"2026-08-18 20:38:08",0,9236,NULL,03d7eebd-883b-4118-9e66-9d6ba554086f,NULL,NULL,J,NULL,NULL,NULL,NULL,"2026-08-05 16:25:29",NULL,NULL
97281,52082,2026-02-28,9802169,NULL,"Imported by IVO Systems on 2026.08.05.","2026-08-05 14:37:33",45,0,1,1,3,"2026-08-18 20:38:08",0,9236,NULL,f37f1ec8-30eb-422d-8e85-f2c03f5feb99,NULL,NULL,J,NULL,NULL,NULL,NULL,"2026-08-06 16:28:58",NULL,NULL
97282,52082,2026-02-28,NULL,NULL,"Imported by IVO Systems on 2026.08.05.","2026-08-05 14:37:34",45,1,0,0,3,"2026-08-18 20:38:08",0,9236,NULL,ef64a5f5-e77f-4496-83d7-0ef30ab2e8e7,NULL,NULL,J,NULL,NULL,NULL,NULL,NULL,NULL,NULL
97283,52082,2026-07-02,9802171,NULL,"Imported by IVO Systems on 2026.08.05.","2026-08-05 14:37:34",45,0,1,1,3,"2026-08-18 20:38:08",0,9236,NULL,ab908753-0208-49c3-8531-2e1c1f5cb5e3,NULL,NULL,J,NULL,NULL,NULL,NULL,"2026-08-06 16:29:20",NULL,NULL
98778,52082,2026-08-10,NULL,NULL,"MACHINE FAULT 3687-13(1)

Code is for heading sensor out of calibration, inspected and machine is not set up with a heading sensor for the grade control. Disabled the heading sensor in the machine service settings ","2026-08-10 20:27:02",16222,0,1,0,3,"2026-08-18 14:12:57",0,16222,74,b75026a6-10fb-446a-bf06-0d054297cfef,NULL,NULL,P,NULL,NULL,NULL,NULL,"2026-08-18 14:12:57",NULL,NULL
96991,52083,2025-09-14,NULL,5141249,"Imported by IVO Systems on 2026.08.05.","2026-08-05 14:16:20",45,0,1,1,3,"2026-08-18 20:38:08",0,9236,NULL,e94a35d0-42b6-460b-a1c5-0a5d4ee83b7b,NULL,NULL,J,NULL,NULL,NULL,NULL,"2026-08-05 21:50:49",NULL,NULL
97248,52085,2026-08-01,9802139,NULL,"Imported by IVO Systems on 2026.08.05.","2026-08-05 14:37:26",45,0,1,1,3,"2026-08-18 20:38:08",0,9236,NULL,f11a5d9a-0192-4904-9e32-fc343335a2e5,NULL,NULL,J,NULL,NULL,NULL,NULL,"2026-08-06 16:01:52",NULL,NULL
97249,52085,2026-08-01,NULL,NULL,"Imported by IVO Systems on 2026.08.05.","2026-08-05 14:37:26",45,1,0,0,3,"2026-08-18 20:38:08",0,9236,NULL,2af321aa-f20f-458e-9627-599551d88080,NULL,NULL,J,NULL,NULL,NULL,NULL,NULL,NULL,NULL
97250,52085,2026-08-01,NULL,NULL,"Imported by IVO Systems on 2026.08.05.","2026-08-05 14:37:26",45,1,0,0,3,"2026-08-18 20:38:08",0,9236,NULL,9841e193-a553-4d2e-a019-8a7b466f98b7,NULL,NULL,J,NULL,NULL,NULL,NULL,NULL,NULL,NULL
96757,52089,2026-04-14,9801467,NULL,"Imported by IVO Systems on 2026.08.05.","2026-08-05 14:15:23",45,0,1,1,3,"2026-08-18 20:38:08",0,9236,NULL,48116d7e-c7cf-4dd5-ad72-b62a65ab7b89,NULL,NULL,J,NULL,NULL,NULL,NULL,"2026-08-05 16:14:50",NULL,NULL
96758,52089,2026-06-30,9801469,NULL,"Imported by IVO Systems on 2026.08.05.","2026-08-05 14:15:23",45,0,1,1,3,"2026-08-18 20:38:08",0,9236,NULL,35245e45-fe43-456e-a725-295266826fdd,NULL,NULL,J,NULL,NULL,NULL,NULL,"2026-08-05 16:15:41",NULL,NULL
99547,52089,2026-08-12,10003462,NULL,"500 HR - Glen Bauer serviced on 8-12-26","2026-08-17 13:36:44",16382,0,1,1,3,"2026-08-17 15:03:08",0,16222,70,43591925-71ff-4915-87aa-7a80a3220975,NULL,NULL,P,NULL,NULL,NULL,NULL,"2026-08-17 15:03:08",NULL,NULL
99763,52089,2025-01-08,NULL,NULL,"1) LEAK BETWEEN TORQUE & CHAIN CASE (ENGINE OIL LEAK) - REPAIR @ SHOP
2)  SIDE WINDOW IS BROKEN, LITTLE WINDOW ON THE FRONT IS BROKEN AND THE BOTTOM FRONT GLASS IS BROKEN. (JOB CHARGE 232401)","2026-08-17 23:44:24",16222,0,1,0,1,"2026-08-17 23:44:30",0,16222,52,c72339f3-29ff-485b-90f2-302c4ba25bff,NULL,NULL,P,NULL,NULL,NULL,NULL,NULL,NULL,NULL
97275,52090,2026-04-27,9802163,NULL,"Imported by IVO Systems on 2026.08.05.","2026-08-05 14:37:32",45,0,1,1,3,"2026-08-18 20:38:08",0,9236,NULL,30f934c5-e885-418f-a8f3-5262f549568f,NULL,NULL,J,NULL,NULL,NULL,NULL,"2026-08-06 16:25:55",NULL,NULL
97276,52090,2026-04-27,NULL,NULL,"Imported by IVO Systems on 2026.08.05.","2026-08-05 14:37:32",45,1,0,0,3,"2026-08-18 20:38:08",0,9236,NULL,1626270d-fee4-498e-b4c8-3840f86f4849,NULL,NULL,J,NULL,NULL,NULL,NULL,NULL,NULL,NULL
97277,52090,2026-04-27,NULL,NULL,"Imported by IVO Systems on 2026.08.05.","2026-08-05 14:37:32",45,1,0,0,3,"2026-08-18 20:38:08",0,9236,NULL,bd10b91e-a632-4941-ab87-326ebc1b070d,NULL,NULL,J,NULL,NULL,NULL,NULL,NULL,NULL,NULL
98961,52090,2026-08-11,10027990,NULL,"HORN INOP INTERMITTENT
Replaced worn out horn button on 08/18/2026","2026-08-11 20:08:38",16222,0,1,0,2,"2026-08-18 19:22:15",0,15481,74,04a808e0-aabb-4694-b107-90cdb58d8325,NULL,NULL,P,NULL,NULL,NULL,NULL,"2026-08-18 19:22:15",NULL,NULL
98962,52090,2026-08-11,NULL,NULL,"BUCKET DOESN'T RELEASE/COME OFF","2026-08-11 20:09:51",16222,0,1,0,1,"2026-08-11 20:10:15",0,16222,100,19ee8d86-0e4f-48e2-bb91-c0c6ef8081a8,NULL,NULL,P,NULL,NULL,NULL,NULL,NULL,NULL,NULL
96762,52092,2025-12-05,NULL,NULL,"Imported by IVO Systems on 2026.08.05.","2026-08-05 14:15:24",45,1,0,0,3,"2026-08-18 20:38:08",0,9236,NULL,2646f857-384e-496e-a1d1-edfc05561caa,NULL,NULL,J,NULL,NULL,NULL,NULL,NULL,NULL,NULL
96763,52092,2025-12-05,9801475,NULL,"Imported by IVO Systems on 2026.08.05.","2026-08-05 14:15:25",45,0,1,1,3,"2026-08-18 20:38:08",0,9236,NULL,5e9ab27c-6326-422b-9549-4c01abf6df3d,NULL,NULL,J,NULL,NULL,NULL,NULL,"2026-08-10 17:09:18",NULL,NULL
96764,52092,2026-03-04,9801478,NULL,"Imported by IVO Systems on 2026.08.05.","2026-08-05 14:15:25",45,1,0,1,3,"2026-08-18 20:38:08",0,9236,NULL,4bd543db-9cc6-4781-8b5b-c71b46afa967,NULL,NULL,J,NULL,NULL,NULL,NULL,"2026-08-05 16:31:29",NULL,NULL
99727,52092,2026-07-10,NULL,NULL,"A/C INOP. 


SOURCE: 502401 DAILY REC'D 07/27/26; 07/10/26>","2026-08-17 20:51:20",16222,0,1,0,1,"2026-08-17 20:51:37",0,16222,80,7f3fd178-fb75-486f-a2db-d054685e4514,NULL,NULL,P,NULL,NULL,NULL,NULL,NULL,NULL,NULL
96786,52097,2025-12-29,NULL,NULL,"Imported by IVO Systems on 2026.08.05.","2026-08-05 14:15:31",45,1,0,0,3,"2026-08-18 20:38:08",0,9236,NULL,4585d799-b1c5-4efd-b835-457c731e8549,NULL,NULL,J,NULL,NULL,NULL,NULL,NULL,NULL,NULL
96787,52097,2025-12-29,NULL,NULL,"Imported by IVO Systems on 2026.08.05.","2026-08-05 14:15:32",45,1,0,0,3,"2026-08-18 20:38:08",0,9236,NULL,8d8ed6b1-3c2e-4fc2-a755-cfa3a560528c,NULL,NULL,J,NULL,NULL,NULL,NULL,NULL,NULL,NULL
96788,52097,2025-12-29,9801507,NULL,"Imported by IVO Systems on 2026.08.05.","2026-08-05 14:15:32",45,0,1,1,3,"2026-08-18 20:38:08",0,9236,NULL,ff49601a-d5c7-410b-a333-4519649e3b5c,NULL,NULL,J,NULL,NULL,NULL,NULL,"2026-08-05 17:01:09",NULL,NULL
99139,52097,2026-08-12,NULL,NULL,"ANNUAL DEFICIENCIES FROM 02/23/26 ANNUAL (ATTACHED):

· ANNUAL - REPLACE CRACKED/INOP FRONT LEFT HEADLIGHT (X- ITEM 15)
· ANNUAL - FIRE EXTINGUISHER DUE FOR ANNUAL SERVICE*JOB (X- ITEM 25/58)
· ANNUAL - FILL TIRES TO 80 PSI (X- ITEM 34) - TIRES VERY WEATHER CHECKED.

MONITOR/RECOMMEND:
· ANNUAL - FRONT L&R REAR SEEPAGE FROM BRAKE CALIPERS - (M- ITEM14)
· ANNUAL - REPAIR HYD FITTING LEAK ON DUAL ACCUMULATOR CHARGE VALVE IN TURRET. (R-14)
· ANNUAL - REPAIR BENT DICA PAD STOWAGE BRACKET - (R-41)
· ANNUAL - SECTIONS ON LMI SCREEN BEG TO FADE - (M-65)
· ANNUAL - ADD MISSING AUX HOIST LEVER THUMPER COVER - (R-82)
· ANNUAL - REPLACE FRONT DRUM OIL SEALS - SEEP/LEAK - (R-101)
· ANNUAL - AUX HOIST/BOOM SWING LEVERS SEEP - (M-102)
· ANNUAL - REFINISH SECTIONS OF CORROSION ON LATTICE BOOM EXT - (R-137)","2026-08-12 18:35:17",16222,0,1,0,1,"2026-08-12 18:41:58",0,16222,57,6bc39bc2-318b-4092-a3ee-3d31a19d6da7,NULL,NULL,P,NULL,NULL,NULL,NULL,NULL,NULL,NULL
99140,52097,2026-08-12,NULL,NULL,"07/13/26 BS CONVO - UNIT COMING TO PLAIN FOR REPAIRS (PARTS ON B/O FOR 6 WEEKS). LMI PART ORDERED.

· ANTI-FREEZE LEAK (RADIATOR)
· REPLACE ENGINE AIR FILTERS
· A/C INOP (CONDENSOR FAN) - [HEAT NOT WORKING WELL & AC CONDENSER FAN BEHIND CAB INOP]
· LOAD RADIUS OFF 1.5-2FT
· REAR STOWAGE POINT FOR JIB ARRIVED ON SITE (BENT)
· LMI KICKING FUNCTION OUT WHILE TELESCOPE, BOOM [TELESCOPE FUNCTION RANDOMLY STOPS WORKING - 2 FUNCTION COILS LOW VOLTAGE]","2026-08-12 18:46:35",16222,0,1,0,1,"2026-08-12 18:46:46",0,16222,52,eb1f2360-f7bf-44f8-8f21-b96c05d75b35,NULL,NULL,P,NULL,NULL,NULL,NULL,NULL,NULL,NULL
97321,52098,2026-07-02,9802209,NULL,"Imported by IVO Systems on 2026.08.05.","2026-08-05 14:37:44",45,0,1,1,3,"2026-08-18 20:38:08",0,9236,NULL,d46e5772-7c3a-44b8-abae-481802b98392,NULL,NULL,J,NULL,NULL,NULL,NULL,"2026-08-06 17:06:05",NULL,NULL
97322,52098,2026-07-02,NULL,NULL,"Imported by IVO Systems on 2026.08.05.","2026-08-05 14:37:45",45,1,0,0,3,"2026-08-18 20:38:08",0,9236,NULL,7875eb3e-dd5f-4b6a-bb3f-a2aef2007e48,NULL,NULL,J,NULL,NULL,NULL,NULL,NULL,NULL,NULL
97323,52098,2026-07-02,NULL,NULL,"Imported by IVO Systems on 2026.08.05.","2026-08-05 14:37:45",45,1,0,0,3,"2026-08-18 20:38:08",0,9236,NULL,35b1ddb3-61e2-4494-94ce-c536fd0165c9,NULL,NULL,J,NULL,NULL,NULL,NULL,NULL,NULL,NULL
97299,52099,2025-12-19,9802186,NULL,"Imported by IVO Systems on 2026.08.05.","2026-08-05 14:37:38",45,0,1,1,3,"2026-08-18 20:38:08",0,9236,NULL,de2cb26a-d264-48f4-9f4f-3b1505a8ecad,NULL,NULL,J,NULL,NULL,NULL,NULL,"2026-08-06 16:39:19",NULL,NULL
97300,52099,2026-06-16,NULL,NULL,"Imported by IVO Systems on 2026.08.05.","2026-08-05 14:37:38",45,1,0,0,3,"2026-08-18 20:38:08",0,9236,NULL,5890c326-2551-413f-a7c2-f0eccc8bccdd,NULL,NULL,J,NULL,NULL,NULL,NULL,NULL,NULL,NULL
97301,52099,2026-06-16,9802188,NULL,"Imported by IVO Systems on 2026.08.05.","2026-08-05 14:37:38",45,0,1,1,3,"2026-08-18 20:38:08",0,9236,NULL,e6e1928d-50bf-472c-8186-03355a67ad57,NULL,NULL,J,NULL,NULL,NULL,NULL,"2026-08-06 16:39:49",NULL,NULL
99753,52099,2026-08-17,NULL,NULL,"WIPER & DOOR ARE BROKEN","2026-08-17 23:10:13",16222,0,1,0,1,"2026-08-17 23:10:16",0,16222,82,0223d0b5-3205-41ba-9bdc-12c158f86629,NULL,NULL,P,NULL,NULL,NULL,NULL,NULL,NULL,NULL
96752,52100,2024-04-08,9801459,NULL,"Imported by IVO Systems on 2026.08.05.","2026-08-05 14:15:21",45,0,1,1,3,"2026-08-18 20:38:08",0,9236,NULL,6ee7e4cd-7aa6-44e8-a463-e67954abad04,NULL,NULL,J,NULL,NULL,NULL,NULL,"2026-08-05 16:09:37",NULL,NULL
96998,52101,2026-02-25,NULL,5141252,"Imported by IVO Systems on 2026.08.05.","2026-08-05 14:16:21",45,0,1,1,3,"2026-08-18 20:38:08",0,9236,NULL,47c45c53-294d-451c-b60e-5242254ce299,NULL,NULL,J,NULL,NULL,NULL,NULL,"2026-08-06 13:03:45",NULL,NULL
97311,52102,2026-07-23,9802199,NULL,"Imported by IVO Systems on 2026.08.05.","2026-08-05 14:37:41",45,0,1,1,3,"2026-08-18 20:38:08",0,9236,NULL,9a872a7d-2e12-4f97-92cf-f7d5abf5273a,NULL,NULL,J,NULL,NULL,NULL,NULL,"2026-08-06 16:47:52",NULL,NULL
97312,52102,2026-07-23,NULL,NULL,"Imported by IVO Systems on 2026.08.05.","2026-08-05 14:37:42",45,1,0,0,3,"2026-08-18 20:38:08",0,9236,NULL,22381ca8-5f65-4ddc-bbf9-711278f81c05,NULL,NULL,J,NULL,NULL,NULL,NULL,NULL,NULL,NULL
97313,52102,2026-07-23,NULL,NULL,"Imported by IVO Systems on 2026.08.05.","2026-08-05 14:37:42",45,1,0,0,3,"2026-08-18 20:38:08",0,9236,NULL,51786473-aa98-4168-9389-de0ddb0e918f,NULL,NULL,J,NULL,NULL,NULL,NULL,NULL,NULL,NULL
99622,52102,2026-08-14,NULL,NULL,"SEAT BELT BROKEN COMPLAINT 07/27/26 - (INSPECTED, CURRENT OPERATOR HAD NO COMPLAINTS).

HE COMPLETED 08/14/26 @ 2369 HRS - VP WORK ORDER","2026-08-17 16:44:11",16222,0,1,0,3,"2026-08-17 16:44:27",0,16222,82,44d04dfe-ebce-4ed1-bb47-f0d4a73bbf03,NULL,NULL,P,NULL,NULL,NULL,NULL,"2026-08-17 16:44:27",NULL,NULL
96765,52104,2025-08-13,NULL,NULL,"Imported by IVO Systems on 2026.08.05.","2026-08-05 14:15:25",45,1,0,0,3,"2026-08-18 20:38:08",0,9236,NULL,b8998789-fd53-44d0-8194-b4d67ed77f1d,NULL,NULL,J,NULL,NULL,NULL,NULL,NULL,NULL,NULL
96766,52104,2025-08-13,NULL,NULL,"Imported by IVO Systems on 2026.08.05.","2026-08-05 14:15:26",45,1,0,0,3,"2026-08-18 20:38:08",0,9236,NULL,f9b85f75-b326-4e82-b9c6-62ba32a5597a,NULL,NULL,J,NULL,NULL,NULL,NULL,NULL,NULL,NULL
96767,52104,2025-08-13,9801479,NULL,"Imported by IVO Systems on 2026.08.05.","2026-08-05 14:15:26",45,0,1,1,3,"2026-08-18 20:38:08",0,9236,NULL,d2448e67-c5cd-4c4d-a318-71948367d0b6,NULL,NULL,J,NULL,NULL,NULL,NULL,"2026-08-05 16:40:46",NULL,NULL
99665,52104,2026-08-17,NULL,NULL,"NO TAG ON HEADACHE BALL. (162401 EUR COMMENTS 08/17/26)","2026-08-17 18:32:00",16222,0,1,0,1,"2026-08-17 18:33:19",0,16222,123,06d7169c-939e-40a2-a5a1-aba5650e833e,NULL,NULL,P,NULL,NULL,NULL,NULL,NULL,NULL,NULL
97305,52107,2026-03-19,NULL,NULL,"Imported by IVO Systems on 2026.08.05.","2026-08-05 14:37:39",45,1,0,0,3,"2026-08-18 20:38:08",0,9236,NULL,8ca1b1a8-a10c-4137-b2db-fc52bbf3d11b,NULL,NULL,J,NULL,NULL,NULL,NULL,NULL,NULL,NULL
97306,52107,2025-08-11,9802193,NULL,"Imported by IVO Systems on 2026.08.05.","2026-08-05 14:37:39",45,0,1,1,3,"2026-08-18 20:38:08",0,9236,NULL,3c698e2b-3ec7-40e2-9c51-4f633d9d9ca1,NULL,NULL,J,NULL,NULL,NULL,NULL,"2026-08-06 16:44:49",NULL,NULL
97307,52107,2026-03-19,9802192,NULL,"Imported by IVO Systems on 2026.08.05.","2026-08-05 14:37:40",45,0,1,1,3,"2026-08-18 20:38:08",0,9236,NULL,9e2ff692-a114-403b-b239-bce839b11516,NULL,NULL,J,NULL,NULL,NULL,NULL,"2026-08-06 16:44:02",NULL,NULL
98763,52107,2026-08-06,9889198,NULL,"500 HR COMPLETED 08/06/26 @ 3764 HRS - SA. USED ADJUSTED METER","2026-08-10 19:20:57",16222,0,1,1,3,"2026-08-10 19:23:03",0,16222,70,1eff55df-e9f0-4db2-9ad0-7d218185f06b,NULL,NULL,P,NULL,NULL,NULL,NULL,"2026-08-10 19:23:03",NULL,NULL
96768,52108,2025-10-20,9801483,NULL,"Imported by IVO Systems on 2026.08.05.","2026-08-05 14:15:26",45,0,1,1,3,"2026-08-18 20:38:08",0,9236,NULL,bc713960-f58e-4422-9f90-f2d5e1ddf8cf,NULL,NULL,J,NULL,NULL,NULL,NULL,"2026-08-05 16:43:48",NULL,NULL
96769,52108,2025-10-20,NULL,NULL,"Imported by IVO Systems on 2026.08.05.","2026-08-05 14:15:27",45,1,0,0,3,"2026-08-18 20:38:08",0,9236,NULL,d198bcbd-28e6-4d56-b01b-15c3e675f71d,NULL,NULL,J,NULL,NULL,NULL,NULL,NULL,NULL,NULL
96770,52108,2026-03-11,9801486,NULL,"Imported by IVO Systems on 2026.08.05.","2026-08-05 14:15:27",45,0,1,1,3,"2026-08-18 20:38:08",0,9236,NULL,4d40f135-653f-4f22-939d-05cd22c6633b,NULL,NULL,J,NULL,NULL,NULL,NULL,"2026-08-05 16:42:59",NULL,NULL
97336,52111,2026-04-01,9802222,NULL,"Imported by IVO Systems on 2026.08.05.","2026-08-05 14:37:49",45,0,1,1,3,"2026-08-18 20:38:08",0,9236,NULL,0d6357c2-114d-4001-ab17-647e8cd257cb,NULL,NULL,J,NULL,NULL,NULL,NULL,"2026-08-06 17:12:52",NULL,NULL
97337,52111,2025-08-09,9802223,NULL,"Imported by IVO Systems on 2026.08.05.","2026-08-05 14:37:49",45,0,1,1,3,"2026-08-18 20:38:08",0,9236,NULL,0bf8a885-56ce-466f-bbcd-7d59d63ab10d,NULL,NULL,J,NULL,NULL,NULL,NULL,"2026-08-06 17:13:23",NULL,NULL
97338,52111,2026-04-01,NULL,NULL,"Imported by IVO Systems on 2026.08.05.","2026-08-05 14:37:49",45,1,0,0,3,"2026-08-18 20:38:08",0,9236,NULL,8e80a755-d3b5-4e5f-9644-f4693f8f33de,NULL,NULL,J,NULL,NULL,NULL,NULL,NULL,NULL,NULL
97318,52112,2026-01-30,9802207,NULL,"Imported by IVO Systems on 2026.08.05.","2026-08-05 14:37:44",45,0,1,1,3,"2026-08-18 20:38:08",0,9236,NULL,a5834bea-3520-456c-a41b-d8f89d95426a,NULL,NULL,J,NULL,NULL,NULL,NULL,"2026-08-06 16:52:12",NULL,NULL
97319,52112,2010-01-01,NULL,NULL,"Imported by IVO Systems on 2026.08.05.","2026-08-05 14:37:44",45,0,1,0,3,"2026-08-18 20:38:08",0,NULL,NULL,3d5452a4-5493-4565-8c76-740cb07ca4da,NULL,NULL,J,NULL,NULL,NULL,NULL,NULL,NULL,NULL
97320,52112,2026-06-12,9802208,NULL,"Imported by IVO Systems on 2026.08.05.","2026-08-05 14:37:44",45,0,1,1,3,"2026-08-18 20:38:08",0,9236,NULL,5b4232a5-00ef-42ea-aa36-0aa0ec6e26dc,NULL,NULL,J,NULL,NULL,NULL,NULL,"2026-08-06 16:52:42",NULL,NULL
98781,52112,2026-08-10,NULL,NULL,"INSPECT TRACKS FOR REPLACEMENT

Inspected tracks and attached photos, duke said not to worry ","2026-08-10 20:36:42",16222,0,1,0,1,"2026-08-18 18:45:10",0,15873,77,5f99e429-aaa5-4126-96ef-384caa8e91a3,NULL,NULL,P,NULL,NULL,NULL,NULL,NULL,NULL,NULL
96780,52113,2025-12-20,9801499,NULL,"Imported by IVO Systems on 2026.08.05.","2026-08-05 14:15:30",45,0,1,1,3,"2026-08-18 20:38:08",0,9236,NULL,fdac3ea1-5780-4cda-8e72-e0fdf81d037f,NULL,NULL,J,NULL,NULL,NULL,NULL,"2026-08-05 16:55:09",NULL,NULL
96781,52113,2021-04-10,9801501,NULL,"Imported by IVO Systems on 2026.08.05.","2026-08-05 14:15:30",45,0,1,1,3,"2026-08-18 20:38:08",0,9236,NULL,d253236c-c4d6-463d-aa2e-342c2e7952fc,NULL,NULL,J,NULL,NULL,NULL,NULL,"2026-08-05 16:55:34",NULL,NULL
96782,52113,2025-12-20,NULL,NULL,"Imported by IVO Systems on 2026.08.05.","2026-08-05 14:15:30",45,1,0,0,3,"2026-08-18 20:38:08",0,9236,NULL,c2d2b8a9-662c-447a-aa27-a1978c16273f,NULL,NULL,J,NULL,NULL,NULL,NULL,NULL,NULL,NULL
96753,52115,2023-03-24,9801461,NULL,"Imported by IVO Systems on 2026.08.05.","2026-08-05 14:15:22",45,0,1,1,3,"2026-08-18 20:38:08",0,9236,NULL,4cf13d80-14eb-4147-833a-bafd59644c31,NULL,NULL,J,NULL,NULL,NULL,NULL,"2026-08-05 16:11:14",NULL,NULL
96754,52115,2023-07-10,9801463,NULL,"Imported by IVO Systems on 2026.08.05.","2026-08-05 14:15:22",45,0,1,1,3,"2026-08-18 20:38:08",0,9236,NULL,51961ec5-f3d4-4048-ab51-616444ec674d,NULL,NULL,J,NULL,NULL,NULL,NULL,"2026-08-05 16:11:45",NULL,NULL
97314,52116,2026-01-19,9802203,NULL,"Imported by IVO Systems on 2026.08.05.","2026-08-05 14:37:43",45,0,1,1,3,"2026-08-18 20:38:08",0,9236,NULL,eb52d920-34fc-47e9-8653-37a3802c843e,NULL,NULL,J,NULL,NULL,NULL,NULL,"2026-08-06 16:49:13",NULL,NULL
97315,52116,2026-01-19,NULL,NULL,"Imported by IVO Systems on 2026.08.05.","2026-08-05 14:37:43",45,1,0,0,3,"2026-08-18 20:38:08",0,9236,NULL,4a227283-e4de-49df-9faf-97256116a362,NULL,NULL,J,NULL,NULL,NULL,NULL,NULL,NULL,NULL
97316,52116,2026-05-12,9802205,NULL,"Imported by IVO Systems on 2026.08.05.","2026-08-05 14:37:43",45,0,1,1,3,"2026-08-18 20:38:08",0,9236,NULL,f447cf27-5825-4c24-9fab-b43fc1d9f701,NULL,NULL,J,NULL,NULL,NULL,NULL,"2026-08-06 16:49:37",NULL,NULL
97317,52116,2026-07-28,NULL,NULL,"Imported by IVO Systems on 2026.08.05.","2026-08-05 14:37:44",45,0,1,0,3,"2026-08-18 20:38:08",0,NULL,NULL,0268579d-9b95-4441-b747-038f923547f6,NULL,NULL,J,NULL,NULL,NULL,NULL,NULL,NULL,NULL
99873,52116,2026-08-18,10025773,NULL,"Horn Button needs replaced.
Replaced horn button in joystick due to button being worn out.08/18/2026","2026-08-18 16:51:43",15481,0,1,0,2,"2026-08-18 16:53:33",0,15481,74,003178a8-4c0b-4c9e-8360-3b64e8603d55,NULL,NULL,P,NULL,NULL,NULL,NULL,"2026-08-18 16:53:33",NULL,NULL
97330,52117,2026-02-14,9802217,NULL,"Imported by IVO Systems on 2026.08.05.","2026-08-05 14:37:47",45,0,1,1,3,"2026-08-18 20:38:08",0,9236,NULL,3d40113e-b1ac-4538-a2cd-65062c791b97,NULL,NULL,J,NULL,NULL,NULL,NULL,"2026-08-06 17:10:12",NULL,NULL
97331,52117,2026-02-14,NULL,NULL,"Imported by IVO Systems on 2026.08.05.","2026-08-05 14:37:48",45,1,0,0,3,"2026-08-18 20:38:08",0,9236,NULL,7e04811e-f8c1-40cb-9cc5-bd618f33a190,NULL,NULL,J,NULL,NULL,NULL,NULL,NULL,NULL,NULL
97332,52117,2026-05-16,9802220,NULL,"Imported by IVO Systems on 2026.08.05.","2026-08-05 14:37:48",45,0,1,1,3,"2026-08-18 20:38:08",0,9236,NULL,fce0e0e1-07a4-4254-88b1-e60b20007226,NULL,NULL,J,NULL,NULL,NULL,NULL,"2026-08-06 17:10:36",NULL,NULL
97345,52119,2025-09-26,9802231,NULL,"Imported by IVO Systems on 2026.08.05.","2026-08-05 14:37:52",45,0,1,1,3,"2026-08-18 20:38:08",0,9236,NULL,e0904426-b372-4046-ace5-d4128d9013bd,NULL,NULL,J,NULL,NULL,NULL,NULL,"2026-08-06 17:16:59",NULL,NULL
97346,52119,2010-01-01,NULL,NULL,"Imported by IVO Systems on 2026.08.05.","2026-08-05 14:37:52",45,0,1,0,3,"2026-08-18 20:38:08",0,NULL,NULL,5b7f8335-5cfb-4da9-b3ce-665fb90981c4,NULL,NULL,J,NULL,NULL,NULL,NULL,NULL,NULL,NULL
97347,52119,2026-03-12,9802233,NULL,"Imported by IVO Systems on 2026.08.05.","2026-08-05 14:37:52",45,0,1,1,3,"2026-08-18 20:38:08",0,9236,NULL,1b196597-84ca-412b-bac9-b900115622e8,NULL,NULL,J,NULL,NULL,NULL,NULL,"2026-08-06 17:17:26",NULL,NULL
96759,52120,2025-02-20,9801470,NULL,"Imported by IVO Systems on 2026.08.05.","2026-08-05 14:15:23",45,0,1,1,3,"2026-08-18 20:38:08",0,9236,NULL,b24110f3-58c9-4832-a621-1f1c478aeace,NULL,NULL,J,NULL,NULL,NULL,NULL,"2026-08-05 16:28:43",NULL,NULL
96760,52120,2025-06-20,NULL,NULL,"Imported by IVO Systems on 2026.08.05.","2026-08-05 14:15:24",45,1,0,0,3,"2026-08-18 20:38:08",0,9236,NULL,2c4fc417-2fba-4643-91eb-426764ed6098,NULL,NULL,J,NULL,NULL,NULL,NULL,NULL,NULL,NULL
96761,52120,2025-06-20,9801473,NULL,"Imported by IVO Systems on 2026.08.05.","2026-08-05 14:15:24",45,0,1,1,3,"2026-08-18 20:38:08",0,9236,NULL,5b1e73e5-f0a2-44c6-a840-79d2bcbf65cb,NULL,NULL,J,NULL,NULL,NULL,NULL,"2026-08-05 16:30:07",NULL,NULL
96774,52123,2023-06-03,NULL,NULL,"Imported by IVO Systems on 2026.08.05.","2026-08-05 14:15:28",45,1,0,0,3,"2026-08-18 20:38:08",0,9236,NULL,a33ae20b-1dae-4077-9b0a-4f58ee7be02a,NULL,NULL,J,NULL,NULL,NULL,NULL,NULL,NULL,NULL
96775,52123,2023-06-03,9801491,NULL,"Imported by IVO Systems on 2026.08.05.","2026-08-05 14:15:28",45,0,1,1,3,"2026-08-18 20:38:08",0,9236,NULL,e685a8a9-607a-499b-8b2b-f8de37fd1880,NULL,NULL,J,NULL,NULL,NULL,NULL,"2026-08-05 16:49:21",NULL,NULL
96776,52123,2026-03-26,9801494,NULL,"Imported by IVO Systems on 2026.08.05.","2026-08-05 14:15:28",45,0,1,1,3,"2026-08-18 20:38:08",0,9236,NULL,7af0163a-f0e4-4b3c-9ca8-5f798d56b230,NULL,NULL,J,NULL,NULL,NULL,NULL,"2026-08-05 16:48:17",NULL,NULL
96807,52124,2023-11-13,NULL,NULL,"Imported by IVO Systems on 2026.08.05.","2026-08-05 14:15:37",45,1,0,0,3,"2026-08-18 20:38:08",0,9236,NULL,b0d65ddf-195f-4333-8854-9ccd6bd8048d,NULL,NULL,J,NULL,NULL,NULL,NULL,NULL,NULL,NULL
96808,52124,2023-11-13,9801535,NULL,"Imported by IVO Systems on 2026.08.05.","2026-08-05 14:15:38",45,0,1,1,3,"2026-08-18 20:38:08",0,9236,NULL,e92d6e57-32d3-4a97-bf39-061e38b4d71f,NULL,NULL,J,NULL,NULL,NULL,NULL,"2026-08-06 14:54:00",NULL,NULL
96809,52124,2025-07-10,9801538,NULL,"Imported by IVO Systems on 2026.08.05.","2026-08-05 14:15:38",45,0,1,1,3,"2026-08-18 20:38:08",0,9236,NULL,d6a4fff4-f700-439b-94d4-5696a499f8cc,NULL,NULL,J,NULL,NULL,NULL,NULL,"2026-08-05 17:24:43",NULL,NULL
97284,52126,2026-07-16,9802172,NULL,"Imported by IVO Systems on 2026.08.05.","2026-08-05 14:37:34",45,0,1,1,3,"2026-08-18 20:38:08",0,9236,NULL,7ea9775e-a072-40b4-b783-3691c3311b6b,NULL,NULL,J,NULL,NULL,NULL,NULL,"2026-08-06 16:30:29",NULL,NULL
97285,52126,2026-07-16,NULL,NULL,"Imported by IVO Systems on 2026.08.05.","2026-08-05 14:37:34",45,1,0,0,3,"2026-08-18 20:38:08",0,9236,NULL,8b2cf949-4973-4da9-b7ea-00825dc45753,NULL,NULL,J,NULL,NULL,NULL,NULL,NULL,NULL,NULL
97286,52126,2026-07-16,NULL,NULL,"Imported by IVO Systems on 2026.08.05.","2026-08-05 14:37:34",45,1,0,0,3,"2026-08-18 20:38:08",0,9236,NULL,195120ad-f049-431e-8f0e-71267d71e7cf,NULL,NULL,J,NULL,NULL,NULL,NULL,NULL,NULL,NULL
96771,52127,2025-12-04,9801487,NULL,"Imported by IVO Systems on 2026.08.05.","2026-08-05 14:15:27",45,0,1,1,3,"2026-08-18 20:38:08",0,9236,NULL,3da8b41f-5dc7-4e5f-9ef3-2c21b4c15671,NULL,NULL,J,NULL,NULL,NULL,NULL,"2026-08-05 16:45:04",NULL,NULL
96772,52127,2023-10-04,9801489,NULL,"Imported by IVO Systems on 2026.08.05.","2026-08-05 14:15:27",45,0,1,1,3,"2026-08-18 20:38:08",0,9236,NULL,2e127c67-f2d4-4f39-aa22-5c072f61c339,NULL,NULL,J,NULL,NULL,NULL,NULL,"2026-08-05 16:45:35",NULL,NULL
96773,52127,2026-04-09,9801490,NULL,"Imported by IVO Systems on 2026.08.05.","2026-08-05 14:15:28",45,0,1,1,3,"2026-08-18 20:38:08",0,9236,NULL,5e706af1-9b3f-4ce4-8db7-aea37ba94f07,NULL,NULL,J,NULL,NULL,NULL,NULL,"2026-08-05 16:46:02",NULL,NULL
97333,52128,2010-01-01,NULL,NULL,"Imported by IVO Systems on 2026.08.05.","2026-08-05 14:37:48",45,0,1,0,3,"2026-08-18 20:38:08",0,NULL,NULL,f5b767c6-6f84-4bc3-ac13-6c0756a20042,NULL,NULL,J,NULL,NULL,NULL,NULL,NULL,NULL,NULL
97334,52128,2010-01-01,NULL,NULL,"Imported by IVO Systems on 2026.08.05.","2026-08-05 14:37:48",45,0,1,0,3,"2026-08-18 20:38:08",0,NULL,NULL,970d5232-a707-49b7-b563-2c5a5aa4d3fd,NULL,NULL,J,NULL,NULL,NULL,NULL,NULL,NULL,NULL
97335,52128,2026-07-31,9802221,NULL,"Imported by IVO Systems on 2026.08.05.","2026-08-05 14:37:48",45,0,1,1,3,"2026-08-18 20:38:08",0,9236,NULL,0bc17154-cff9-45cd-bb96-a00c362daa92,NULL,NULL,J,NULL,NULL,NULL,NULL,"2026-08-06 17:11:32",NULL,NULL
98413,52128,2026-07-29,NULL,NULL,"SOS - HYD SYSTEM - NAR - 07/29/26 @ 1242 HRS","2026-08-06 19:44:52",16222,0,1,0,3,"2026-08-06 19:45:04",0,16222,44,f0310405-19d4-478c-9cac-ae0816b9d048,NULL,NULL,P,NULL,NULL,NULL,NULL,NULL,NULL,NULL
98417,52128,2026-07-29,NULL,NULL,"SOS - ENGINE - NAR - 07/29/26 @ 1242 HRS","2026-08-06 19:47:21",16222,0,1,0,3,"2026-08-06 19:47:26",0,16222,44,b6937389-0bde-4205-b88e-9d725df21eac,NULL,NULL,P,NULL,NULL,NULL,NULL,NULL,NULL,NULL
97327,52129,2026-03-17,9802214,NULL,"Imported by IVO Systems on 2026.08.05.","2026-08-05 14:37:46",45,0,1,1,3,"2026-08-18 20:38:08",0,9236,NULL,9f2cd38f-2ccd-4a85-be8a-8110e1b45472,NULL,NULL,J,NULL,NULL,NULL,NULL,"2026-08-06 17:08:54",NULL,NULL
97328,52129,2026-03-17,NULL,NULL,"Imported by IVO Systems on 2026.08.05.","2026-08-05 14:37:46",45,1,0,0,3,"2026-08-18 20:38:08",0,9236,NULL,664afd85-c54c-4d74-9d6e-65f1c8a2a322,NULL,NULL,J,NULL,NULL,NULL,NULL,NULL,NULL,NULL
97329,52129,2026-06-27,9802216,NULL,"Imported by IVO Systems on 2026.08.05.","2026-08-05 14:37:47",45,0,1,1,3,"2026-08-18 20:38:08",0,9236,NULL,62fceecc-2e64-41e8-adf0-427adcd6c44e,NULL,NULL,J,NULL,NULL,NULL,NULL,"2026-08-06 17:09:24",NULL,NULL
96783,52134,2024-02-17,NULL,NULL,"Imported by IVO Systems on 2026.08.05.","2026-08-05 14:15:31",45,1,0,0,3,"2026-08-18 20:38:08",0,9236,NULL,dbce0a00-54a8-4b34-99dd-923148380000,NULL,NULL,J,NULL,NULL,NULL,NULL,NULL,NULL,NULL
96784,52134,2024-02-17,9801503,NULL,"Imported by IVO Systems on 2026.08.05.","2026-08-05 14:15:31",45,0,1,1,3,"2026-08-18 20:38:08",0,9236,NULL,7dca4004-09d9-4d76-96fb-f4c9cecd13e3,NULL,NULL,J,NULL,NULL,NULL,NULL,"2026-08-05 16:58:11",NULL,NULL
96785,52134,2025-07-10,9801506,NULL,"Imported by IVO Systems on 2026.08.05.","2026-08-05 14:15:31",45,0,1,1,3,"2026-08-18 20:38:08",0,9236,NULL,5a88fac7-c719-4edc-920e-9b09663ee743,NULL,NULL,J,NULL,NULL,NULL,NULL,"2026-08-05 16:57:19",NULL,NULL
97339,52135,2026-03-17,9802225,NULL,"Imported by IVO Systems on 2026.08.05.","2026-08-05 14:37:50",45,0,1,1,3,"2026-08-18 20:38:08",0,9236,NULL,54ab2655-df78-4b73-8eb6-f0ef04ebc18e,NULL,NULL,J,NULL,NULL,NULL,NULL,"2026-08-06 17:14:07",NULL,NULL
97340,52135,2025-08-13,9802226,NULL,"Imported by IVO Systems on 2026.08.05.","2026-08-05 14:37:50",45,0,1,1,1,"2026-08-18 20:38:08",0,9236,NULL,d716b8c6-5996-40a9-998a-400d09d06a32,NULL,NULL,J,NULL,NULL,NULL,NULL,"2026-08-06 17:14:32",NULL,NULL
97341,52135,2026-07-11,9802227,NULL,"Imported by IVO Systems on 2026.08.05.","2026-08-05 14:37:50",45,0,1,1,3,"2026-08-18 20:38:08",0,9236,NULL,3bddeed3-83f7-44af-8867-ce2c72a884f4,NULL,NULL,J,NULL,NULL,NULL,NULL,"2026-08-06 17:15:46",NULL,NULL
96801,52136,2026-01-12,NULL,NULL,"Imported by IVO Systems on 2026.08.05.","2026-08-05 14:15:36",45,1,0,0,3,"2026-08-18 20:38:08",0,9236,NULL,f0e4507b-c1f3-4dd7-bc3e-232833fe597e,NULL,NULL,J,NULL,NULL,NULL,NULL,NULL,NULL,NULL
96802,52136,2026-01-12,NULL,NULL,"Imported by IVO Systems on 2026.08.05.","2026-08-05 14:15:36",45,1,0,0,3,"2026-08-18 20:38:08",0,9236,NULL,4a6b24e8-ef1e-454e-be14-114df0f2005d,NULL,NULL,J,NULL,NULL,NULL,NULL,NULL,NULL,NULL
96803,52136,2026-01-12,9801527,NULL,"Imported by IVO Systems on 2026.08.05.","2026-08-05 14:15:36",45,0,1,1,3,"2026-08-18 20:38:08",0,9236,NULL,1d9d607d-3894-49c2-96d3-fd8f29e6cabe,NULL,NULL,J,NULL,NULL,NULL,NULL,"2026-08-05 17:20:04",NULL,NULL
99740,52136,2026-08-17,NULL,NULL,"OUTRIGGER ERROR IN LMI","2026-08-17 21:49:21",16222,0,1,0,1,"2026-08-17 21:49:25",0,16222,99,cfeda39b-96e5-441b-bda8-9cec654bc434,NULL,NULL,P,NULL,NULL,NULL,NULL,NULL,NULL,NULL
96816,52137,2025-10-23,NULL,NULL,"Imported by IVO Systems on 2026.08.05.","2026-08-05 14:15:40",45,1,0,0,3,"2026-08-18 20:38:08",0,9236,NULL,293b1f6d-a0df-4def-9d74-87a14997eb63,NULL,NULL,J,NULL,NULL,NULL,NULL,NULL,NULL,NULL
96817,52137,2025-10-23,NULL,NULL,"Imported by IVO Systems on 2026.08.05.","2026-08-05 14:15:40",45,1,0,0,3,"2026-08-18 20:38:08",0,9236,NULL,133e1b4c-7975-4778-96e2-7359c503f04e,NULL,NULL,J,NULL,NULL,NULL,NULL,NULL,NULL,NULL
96818,52137,2025-10-23,9801547,NULL,"Imported by IVO Systems on 2026.08.05.","2026-08-05 14:15:40",45,0,1,1,3,"2026-08-18 20:38:08",0,9236,NULL,dd36dd4a-7819-4262-bc42-f64f25d15ab5,NULL,NULL,J,NULL,NULL,NULL,NULL,"2026-08-05 17:34:14",NULL,NULL
99667,52137,2026-02-18,NULL,NULL,"ANNUAL DEFICIENCIES FROM 02/18/26 ANNUAL:
1)  REPLACE REAR DRUM WIRE ROPE - BIRDCAGE ON 2ND LAYER OF WIRE ROPE (X-144)

MONITOR/RECOMMENDED:
1) RIGHT REAR BRAKE CALIPER SEEP (M-14)
2) HYDRAULIC HOSE FITTING NEAR TRANSMISSION DIPSTICK TUBE SEEP/LEAK (M-36)
3) MONITOR SECTIONS IN LMI SCREEN BEGINNING TO FADE (M-65)
4) FRONT HOIST SEEP/LEAK (M-101)
5) LUBE CREAKING BOOM LIFT CYLINDER MOUNTING PINS/BOOM HINGE PIN (R-112)
6) LUBE DRY BOOM WEAR PADS (R-117)","2026-08-17 18:36:19",16222,0,1,0,1,"2026-08-17 18:39:23",0,16222,57,3de3ac1e-3e78-4c5f-a4ad-450a9d1eeb69,NULL,NULL,P,NULL,NULL,NULL,NULL,NULL,NULL,NULL
99669,52137,2025-09-23,NULL,NULL,"AC STILL INOP - LEAK IN SWIVEL / CAB FAN INOP/DEFROST


SUBMITTED BY: 502401 MOBE OUT 07/23/26 - (REC'D 07/23/26) @ 6524 HRS - KEN SWANSON
502401 DAILY REC'D 03/09/26; 11/24/25; 10/27/25; 09/23/25 -","2026-08-17 18:40:37",16222,0,1,0,1,"2026-08-17 18:40:41",0,16222,80,d9067c71-2316-413d-bf72-2a9431f2bbbe,NULL,NULL,P,NULL,NULL,NULL,NULL,NULL,NULL,NULL
99670,52137,2026-08-01,NULL,NULL,"A2B BLOCK ON BLOCK WORKS, NOT ON WHIPLINE

SUBMITTED BY: 162401 DAILY REC'D 08/03/26>","2026-08-17 18:41:24",16222,0,1,0,1,"2026-08-17 18:42:05",0,16222,124,f84426e6-80f3-47fe-a2d7-e80ca728e038,NULL,NULL,P,NULL,NULL,NULL,NULL,NULL,NULL,NULL
99671,52137,2026-08-17,NULL,NULL,"500 HR PM DUE","2026-08-17 18:45:31",16222,0,1,1,1,"2026-08-17 18:45:39",0,16222,70,de524015-599c-49ee-a047-24b568c6c120,NULL,NULL,P,NULL,NULL,NULL,NULL,NULL,NULL,NULL
97351,52141,2010-01-01,NULL,NULL,"Imported by IVO Systems on 2026.08.05.","2026-08-05 14:37:54",45,0,1,0,3,"2026-08-18 20:38:08",0,NULL,NULL,d51af0ef-8275-477b-9121-742b32282925,NULL,NULL,J,NULL,NULL,NULL,NULL,NULL,NULL,NULL
97352,52141,2010-01-01,NULL,NULL,"Imported by IVO Systems on 2026.08.05.","2026-08-05 14:37:54",45,0,1,0,3,"2026-08-18 20:38:08",0,NULL,NULL,3a4457e4-a4b9-4346-9896-dabc99308024,NULL,NULL,J,NULL,NULL,NULL,NULL,NULL,NULL,NULL
97353,52141,2026-06-10,9802237,NULL,"Imported by IVO Systems on 2026.08.05.","2026-08-05 14:37:54",45,0,1,1,3,"2026-08-18 20:38:08",0,9236,NULL,e3651733-c33c-4c7c-b8a5-8736519ad7ae,NULL,NULL,J,NULL,NULL,NULL,NULL,"2026-08-06 17:20:11",NULL,NULL
96810,52142,2026-04-03,NULL,NULL,"Imported by IVO Systems on 2026.08.05.","2026-08-05 14:15:38",45,1,0,0,3,"2026-08-18 20:38:08",0,9236,NULL,22b1787c-64f4-4713-a17b-9fd646830f43,NULL,NULL,J,NULL,NULL,NULL,NULL,NULL,NULL,NULL
96811,52142,2024-08-20,9801541,NULL,"Imported by IVO Systems on 2026.08.05.","2026-08-05 14:15:38",45,0,1,1,3,"2026-08-18 20:38:08",0,9236,NULL,63a13360-411b-4011-b892-c7c712933739,NULL,NULL,J,NULL,NULL,NULL,NULL,"2026-08-05 17:27:37",NULL,NULL
96812,52142,2026-04-03,9801539,NULL,"Imported by IVO Systems on 2026.08.05.","2026-08-05 14:15:39",45,0,1,1,3,"2026-08-18 20:38:08",0,9236,NULL,bb03ef0c-547e-46af-af71-0a792bdc85b7,NULL,NULL,J,NULL,NULL,NULL,NULL,"2026-08-05 17:28:48",NULL,NULL
98660,52142,2026-06-29,NULL,NULL,"HYDRO LEAK MAIN DRUM R SIDE SEAL - PARTS ORDERED 

(INFO FROM 242516 DAILY REC'D 06/29/26> RH CONVO 07/10/26 - PARTS HAVE BEEN ORDERED).","2026-08-10 15:33:17",16222,0,1,0,1,"2026-08-10 15:34:31",0,16222,86,4db4907b-fb6e-476c-a059-bd94e00ec1de,NULL,NULL,P,NULL,NULL,NULL,NULL,NULL,NULL,NULL
97342,52143,2026-08-03,9802228,NULL,"Imported by IVO Systems on 2026.08.05.","2026-08-05 14:37:51",45,0,1,1,3,"2026-08-18 20:38:08",0,9236,NULL,6a9ea342-e981-4120-885d-3300f6b1df16,NULL,NULL,J,NULL,NULL,NULL,NULL,"2026-08-10 21:59:30",NULL,NULL
97343,52143,2024-06-06,9802229,NULL,"Imported by IVO Systems on 2026.08.05.","2026-08-05 14:37:51",45,0,1,1,3,"2026-08-18 20:38:08",0,9236,NULL,59d77c2d-b6ea-43de-b007-44dfc61879fe,NULL,NULL,J,NULL,NULL,NULL,NULL,"2026-08-10 22:00:02",NULL,NULL
97344,52143,2026-08-03,NULL,NULL,"Imported by IVO Systems on 2026.08.05.","2026-08-05 14:37:51",45,1,0,0,3,"2026-08-18 20:38:08",0,9236,NULL,1f7f7eb1-eb33-49da-a9b9-e1cec82af2be,NULL,NULL,J,NULL,NULL,NULL,NULL,NULL,NULL,NULL
96813,52144,2026-01-16,9801543,NULL,"Imported by IVO Systems on 2026.08.05.","2026-08-05 14:15:39",45,0,1,1,3,"2026-08-18 20:38:08",0,9236,NULL,114609f9-d045-4ae6-a208-d82a1f9e0b15,NULL,NULL,J,NULL,NULL,NULL,NULL,"2026-08-05 17:32:10",NULL,NULL
96814,52144,2024-04-01,9801545,NULL,"Imported by IVO Systems on 2026.08.05.","2026-08-05 14:15:39",45,0,1,1,3,"2026-08-18 20:38:08",0,9236,NULL,af9d0dc9-4a6b-4899-bb32-f27b7e7250ba,NULL,NULL,J,NULL,NULL,NULL,NULL,"2026-08-05 17:31:28",NULL,NULL
96815,52144,2026-01-16,NULL,NULL,"Imported by IVO Systems on 2026.08.05.","2026-08-05 14:15:40",45,1,0,0,3,"2026-08-18 20:38:08",0,9236,NULL,0c623850-1838-4a4b-be33-ce94b27e44e3,NULL,NULL,J,NULL,NULL,NULL,NULL,NULL,NULL,NULL
96819,52145,2025-07-21,NULL,NULL,"Imported by IVO Systems on 2026.08.05.","2026-08-05 14:15:41",45,1,0,0,3,"2026-08-18 20:38:08",0,9236,NULL,a8fdb903-a3ec-4625-aa88-e475cd4f74c3,NULL,NULL,J,NULL,NULL,NULL,NULL,NULL,NULL,NULL
96820,52145,2025-07-21,9801551,NULL,"Imported by IVO Systems on 2026.08.05.","2026-08-05 14:15:41",45,0,1,1,3,"2026-08-18 20:38:08",0,9236,NULL,30f7661f-a58d-4bdc-8cbb-f0217c1180ab,NULL,NULL,J,NULL,NULL,NULL,NULL,"2026-08-05 17:38:02",NULL,NULL
96821,52145,2026-03-27,9801554,NULL,"Imported by IVO Systems on 2026.08.05.","2026-08-05 14:15:41",45,0,1,1,3,"2026-08-18 20:38:08",0,9236,NULL,98bf238e-310a-4fb3-b0e4-2311e524f43d,NULL,NULL,J,NULL,NULL,NULL,NULL,"2026-08-05 17:37:15",NULL,NULL
99569,52145,2026-08-17,NULL,NULL,"SHEAVE DAMAGE - SAFETY DAMAGE REPORT & PICS ATTACHED. JOB 062502.
Replaced aux boom head at 7740","2026-08-17 15:09:12",16222,0,1,0,3,"2026-08-17 21:09:47",0,16222,121,c5c7db6b-9c2a-4bd6-9aa8-a1a48e1106f5,NULL,NULL,P,NULL,NULL,NULL,NULL,"2026-08-17 21:09:47",NULL,NULL
97348,52148,2026-03-01,9802234,NULL,"Imported by IVO Systems on 2026.08.05.","2026-08-05 14:37:53",45,0,1,1,3,"2026-08-18 20:38:08",0,9236,NULL,bb0bcd16-e2da-425b-b028-ec6b179741fa,NULL,NULL,J,NULL,NULL,NULL,NULL,"2026-08-06 17:18:17",NULL,NULL
97349,52148,2026-01-21,9802235,NULL,"Imported by IVO Systems on 2026.08.05.","2026-08-05 14:37:53",45,0,1,1,3,"2026-08-18 20:38:08",0,9236,NULL,1d4538d9-5853-4bdd-bd84-65407a4978ae,NULL,NULL,J,NULL,NULL,NULL,NULL,"2026-08-06 17:18:56",NULL,NULL
97350,52148,2026-05-19,9802236,NULL,"Imported by IVO Systems on 2026.08.05.","2026-08-05 14:37:53",45,0,1,1,3,"2026-08-18 20:38:08",0,9236,NULL,adc694de-384e-46f4-9c40-09d70157603b,NULL,NULL,J,NULL,NULL,NULL,NULL,"2026-08-06 17:19:14",NULL,NULL
98822,52148,2026-08-10,NULL,NULL,"ENGINE HOOD LATCH DOES NOT LOCK. JOB DAMAGE (062316) - END OF JOB REPAIR.","2026-08-11 00:40:18",16222,0,1,0,1,"2026-08-11 00:40:27",0,16222,53,dc6098f4-3e23-467f-8ba2-1c9ac7c590af,NULL,NULL,P,NULL,NULL,NULL,NULL,NULL,NULL,NULL
97360,52149,2010-01-01,NULL,NULL,"Imported by IVO Systems on 2026.08.05.","2026-08-05 14:37:54",45,0,1,0,3,"2026-08-18 20:38:08",0,NULL,NULL,61faeb2c-49cc-474c-81af-c1b9aedb98c5,NULL,NULL,J,NULL,NULL,NULL,NULL,NULL,NULL,NULL
97361,52149,2010-01-01,NULL,NULL,"Imported by IVO Systems on 2026.08.05.","2026-08-05 14:37:55",45,0,1,0,3,"2026-08-18 20:38:08",0,NULL,NULL,07bbbd26-773e-418b-99fd-f3fa3e9b5fe6,NULL,NULL,J,NULL,NULL,NULL,NULL,NULL,NULL,NULL
97362,52149,2026-05-10,9802240,NULL,"Imported by IVO Systems on 2026.08.05.","2026-08-05 14:37:55",45,0,1,1,3,"2026-08-18 20:38:08",0,9236,NULL,4e834b16-17df-4c63-9aeb-ab17bc749417,NULL,NULL,J,NULL,NULL,NULL,NULL,"2026-08-06 17:22:08",NULL,NULL
96777,52155,2025-08-30,9801495,NULL,"Imported by IVO Systems on 2026.08.05.","2026-08-05 14:15:29",45,0,1,1,3,"2026-08-18 20:38:08",0,9236,NULL,5a59b071-9549-4598-9275-445acb7dec47,NULL,NULL,J,NULL,NULL,NULL,NULL,"2026-08-05 16:51:23",NULL,NULL
96778,52155,2024-05-11,9801497,NULL,"Imported by IVO Systems on 2026.08.05.","2026-08-05 14:15:29",45,0,1,1,3,"2026-08-18 20:38:08",0,9236,NULL,40b9d2fc-b355-4b41-b9e7-b1e739653e62,NULL,NULL,J,NULL,NULL,NULL,NULL,"2026-08-05 16:52:00",NULL,NULL
96779,52155,2025-11-26,9801498,NULL,"Imported by IVO Systems on 2026.08.05.","2026-08-05 14:15:29",45,0,1,1,3,"2026-08-18 20:38:08",0,9236,NULL,229ed68d-96af-4ddf-8bb4-ddba1bdacf04,NULL,NULL,J,NULL,NULL,NULL,NULL,"2026-08-05 16:52:38",NULL,NULL
98731,52155,2026-07-31,9888409,NULL,"1000 HR COMPLETED 07/31/26 @ 10202 HRS","2026-08-10 18:46:39",16222,0,1,1,3,"2026-08-10 18:49:17",0,16222,70,4b93d8be-8641-4c65-98fc-bd559e2a386b,NULL,NULL,P,NULL,NULL,NULL,NULL,"2026-08-10 18:49:17",NULL,NULL
96789,52157,2025-09-26,9801511,NULL,"Imported by IVO Systems on 2026.08.05.","2026-08-05 14:15:32",45,0,1,1,3,"2026-08-18 20:38:08",0,9236,NULL,6255c744-b5cd-4226-bf1e-2487461018d0,NULL,NULL,J,NULL,NULL,NULL,NULL,"2026-08-05 17:02:44",NULL,NULL
96790,52157,2025-01-29,9801513,NULL,"Imported by IVO Systems on 2026.08.05.","2026-08-05 14:15:33",45,0,1,1,3,"2026-08-18 20:38:08",0,9236,NULL,c8f5de31-a30b-49e8-a3a9-f6bcc410b113,NULL,NULL,J,NULL,NULL,NULL,NULL,"2026-08-05 17:03:18",NULL,NULL
96791,52157,2026-07-20,9801514,NULL,"Imported by IVO Systems on 2026.08.05.","2026-08-05 14:15:33",45,0,1,1,3,"2026-08-18 20:38:08",0,9236,NULL,1ead4cbe-47d4-4f42-83d8-9159eb671633,NULL,NULL,J,NULL,NULL,NULL,NULL,"2026-08-05 17:04:08",NULL,NULL
97357,52159,2010-01-01,NULL,NULL,"Imported by IVO Systems on 2026.08.05.","2026-08-05 14:37:54",45,0,1,0,1,"2026-08-18 20:38:08",0,9236,NULL,a9c5b2f0-0025-49cc-b1e4-b978b5461970,NULL,NULL,J,NULL,NULL,NULL,NULL,NULL,NULL,NULL
97358,52159,2010-01-01,NULL,NULL,"Imported by IVO Systems on 2026.08.05.","2026-08-05 14:37:54",45,0,1,0,1,"2026-08-18 20:38:08",0,9236,NULL,3a7e432b-4767-48a6-a420-2339bd61757b,NULL,NULL,J,NULL,NULL,NULL,NULL,NULL,NULL,NULL
97359,52159,2010-01-01,NULL,NULL,"Imported by IVO Systems on 2026.08.05.","2026-08-05 14:37:54",45,0,1,0,3,"2026-08-18 20:38:08",0,NULL,NULL,69938ba4-1187-474a-8564-feeeb77a1040,NULL,NULL,J,NULL,NULL,NULL,NULL,NULL,NULL,NULL
99844,52159,2026-08-18,NULL,NULL,"500 HR SERVICE DUE","2026-08-18 15:42:15",16222,0,1,1,1,"2026-08-18 15:42:23",0,16222,70,633785a9-b2fe-409c-9e2d-b5ff14868030,NULL,NULL,P,NULL,NULL,NULL,NULL,NULL,NULL,NULL
97354,52160,2026-07-08,9802238,NULL,"Imported by IVO Systems on 2026.08.05.","2026-08-05 14:37:54",45,0,1,1,3,"2026-08-18 20:38:08",0,9236,NULL,b7982585-1593-45ea-9607-d4cf9e8546ed,NULL,NULL,J,NULL,NULL,NULL,NULL,"2026-08-06 17:21:02",NULL,NULL
97355,52160,2010-01-01,NULL,NULL,"Imported by IVO Systems on 2026.08.05.","2026-08-05 14:37:54",45,0,1,0,3,"2026-08-18 20:38:08",0,NULL,NULL,557b3d26-b9d0-461c-a1a4-570a77da184f,NULL,NULL,J,NULL,NULL,NULL,NULL,NULL,NULL,NULL
97356,52160,2026-07-08,NULL,NULL,"Imported by IVO Systems on 2026.08.05.","2026-08-05 14:37:54",45,0,1,0,3,"2026-08-18 20:38:08",0,NULL,NULL,68170924-b44b-4fca-88f8-24a6b0527615,NULL,NULL,J,NULL,NULL,NULL,NULL,NULL,NULL,NULL
96799,52162,2024-05-14,9801524,NULL,"Imported by IVO Systems on 2026.08.05.","2026-08-05 14:15:35",45,0,1,1,3,"2026-08-18 20:38:08",0,9236,NULL,786bb4c0-82b1-427d-81ed-0c98ff40c154,NULL,NULL,J,NULL,NULL,NULL,NULL,"2026-08-05 17:17:21",NULL,NULL
96800,52162,2026-01-08,9801526,NULL,"Imported by IVO Systems on 2026.08.05.","2026-08-05 14:15:35",45,0,1,1,3,"2026-08-18 20:38:08",0,9236,NULL,3f52e192-7666-4ce5-8420-ca0668d8c2b8,NULL,NULL,J,NULL,NULL,NULL,NULL,"2026-08-05 17:17:11",NULL,NULL
96796,52163,2023-06-26,9801520,NULL,"Imported by IVO Systems on 2026.08.05.","2026-08-05 14:15:34",45,0,1,1,3,"2026-08-18 20:38:08",0,9236,NULL,a499d1eb-d7e1-4e52-9936-fa9b7e20c237,NULL,NULL,J,NULL,NULL,NULL,NULL,"2026-08-05 17:11:57",NULL,NULL
96797,52163,2021-01-06,9801522,NULL,"Imported by IVO Systems on 2026.08.05.","2026-08-05 14:15:34",45,0,1,1,3,"2026-08-18 20:38:08",0,9236,NULL,b10f06af-9692-4fff-bf2a-5843f3add307,NULL,NULL,J,NULL,NULL,NULL,NULL,"2026-08-05 17:12:54",NULL,NULL
96798,52163,2025-06-12,9801523,NULL,"Imported by IVO Systems on 2026.08.05.","2026-08-05 14:15:35",45,0,1,1,3,"2026-08-18 20:38:08",0,9236,NULL,71712fca-b652-43cf-87f8-34b63069cc21,NULL,NULL,J,NULL,NULL,NULL,NULL,"2026-08-05 17:13:53",NULL,NULL
99162,52163,2026-08-06,NULL,NULL,"INSTALL JIB PIN - (GB WO LOG 08/06/26)","2026-08-12 20:29:53",16222,0,1,0,3,"2026-08-12 20:30:21",0,16222,106,5aabb6e6-86be-4c83-ab9b-a6e50a79b2f1,NULL,NULL,P,NULL,NULL,NULL,NULL,"2026-08-12 20:30:21",NULL,NULL
97372,52164,2010-01-01,NULL,NULL,"Imported by IVO Systems on 2026.08.05.","2026-08-05 14:37:56",45,0,1,0,3,"2026-08-18 20:38:08",0,NULL,NULL,cd9176a2-e447-46b4-9f7d-71321bf474c6,NULL,NULL,J,NULL,NULL,NULL,NULL,NULL,NULL,NULL
97373,52164,2010-01-01,NULL,NULL,"Imported by IVO Systems on 2026.08.05.","2026-08-05 14:37:56",45,0,1,0,3,"2026-08-18 20:38:08",0,NULL,NULL,5ab4cd79-45b4-473e-9b35-560899f78a0d,NULL,NULL,J,NULL,NULL,NULL,NULL,NULL,NULL,NULL
97374,52164,2026-05-07,9802244,NULL,"Imported by IVO Systems on 2026.08.05.","2026-08-05 14:37:57",45,0,1,1,3,"2026-08-18 20:38:08",0,9236,NULL,8e7125a4-522b-491c-bfd8-1c3e0210cf9b,NULL,NULL,J,NULL,NULL,NULL,NULL,"2026-08-06 17:25:34",NULL,NULL
97369,52165,2010-01-01,NULL,NULL,"Imported by IVO Systems on 2026.08.05.","2026-08-05 14:37:56",45,0,1,0,3,"2026-08-18 20:38:08",0,NULL,NULL,a040cef4-4418-45f2-a47c-d696d94c2bbe,NULL,NULL,J,NULL,NULL,NULL,NULL,NULL,NULL,NULL
97370,52165,2010-01-01,NULL,NULL,"Imported by IVO Systems on 2026.08.05.","2026-08-05 14:37:56",45,0,1,0,3,"2026-08-18 20:38:08",0,NULL,NULL,ef9fb160-e117-4c71-bcc9-a7c48e9f0fcf,NULL,NULL,J,NULL,NULL,NULL,NULL,NULL,NULL,NULL
97371,52165,2010-01-01,NULL,NULL,"Imported by IVO Systems on 2026.08.05.","2026-08-05 14:37:56",45,0,1,0,3,"2026-08-18 20:38:08",0,NULL,NULL,a4239452-7857-4140-b2d6-23c123507be0,NULL,NULL,J,NULL,NULL,NULL,NULL,NULL,NULL,NULL
97324,52167,2026-01-16,9802212,NULL,"Imported by IVO Systems on 2026.08.05.","2026-08-05 14:37:45",45,0,1,1,3,"2026-08-18 20:38:08",0,9236,NULL,5e40203f-be4b-4d29-92d8-e992ff1b9d55,NULL,NULL,J,NULL,NULL,NULL,NULL,"2026-08-06 17:07:25",NULL,NULL
97325,52167,2010-01-01,NULL,NULL,"Imported by IVO Systems on 2026.08.05.","2026-08-05 14:37:46",45,0,1,0,3,"2026-08-18 20:38:08",0,NULL,NULL,8ff62180-86f6-4fa6-9e62-9e544a807f21,NULL,NULL,J,NULL,NULL,NULL,NULL,NULL,NULL,NULL
97326,52167,2026-06-10,9802213,NULL,"Imported by IVO Systems on 2026.08.05.","2026-08-05 14:37:46",45,0,1,1,3,"2026-08-18 20:38:08",0,9236,NULL,b9cdd187-568e-41b2-a90e-5bb9610c15c8,NULL,NULL,J,NULL,NULL,NULL,NULL,"2026-08-06 17:08:01",NULL,NULL
96828,52168,2026-01-15,9801562,NULL,"Imported by IVO Systems on 2026.08.05.","2026-08-05 14:15:43",45,0,1,1,3,"2026-08-18 20:38:08",0,9236,NULL,7c2cc327-6706-4c88-8739-2f05196c9872,NULL,NULL,J,NULL,NULL,NULL,NULL,"2026-08-05 17:45:35",NULL,NULL
96829,52168,2025-04-07,9801564,NULL,"Imported by IVO Systems on 2026.08.05.","2026-08-05 14:15:43",45,0,1,1,3,"2026-08-18 20:38:08",0,9236,NULL,6b4d9bd3-c7c5-4dbb-a98b-0531f1ce2243,NULL,NULL,J,NULL,NULL,NULL,NULL,"2026-08-05 17:46:11",NULL,NULL
96830,52168,2026-06-12,9801565,NULL,"Imported by IVO Systems on 2026.08.05.","2026-08-05 14:15:44",45,0,1,1,3,"2026-08-18 20:38:08",0,9236,NULL,5d6f3e2c-66a5-40d5-95ec-c2f2ee39c9cb,NULL,NULL,J,NULL,NULL,NULL,NULL,"2026-08-05 17:46:54",NULL,NULL
96846,52169,2026-05-12,NULL,NULL,"Imported by IVO Systems on 2026.08.05.","2026-08-05 14:15:48",45,1,0,0,3,"2026-08-18 20:38:08",0,9236,NULL,50e45f30-2cd7-4f08-bf06-e2a5e3302a09,NULL,NULL,J,NULL,NULL,NULL,NULL,NULL,NULL,NULL
96847,52169,2026-05-12,NULL,NULL,"Imported by IVO Systems on 2026.08.05.","2026-08-05 14:15:49",45,1,0,0,3,"2026-08-18 20:38:08",0,9236,NULL,4c08c0ea-4fff-4097-9dff-b822dedef41c,NULL,NULL,J,NULL,NULL,NULL,NULL,NULL,NULL,NULL
96848,52169,2026-05-12,9801586,NULL,"Imported by IVO Systems on 2026.08.05.","2026-08-05 14:15:49",45,0,1,1,3,"2026-08-18 20:38:08",0,9236,NULL,af47affd-13a7-4906-b857-58785c2498fa,NULL,NULL,J,NULL,NULL,NULL,NULL,"2026-08-05 18:13:11",NULL,NULL
99686,52169,2026-08-17,NULL,NULL,"1) INSPECT BATTERY:
ACTED LIKE BATTERY WAS DEAD THEN CRANKED SLOWLY BUT STARTED, 08/11 STARTED; 08/12 - CLICKED TWICE LIKE DEAD BATTERY BUT THEN CRANKED SLOWLY AND STARTED FINE. BATTERY VOLTAGE READS 26 VOLTS EVERYTIME, MASTER WAS OFF OVERNIGHTS.

2) FUEL GAUGE STILL INTERMITTENT. SHOWS 10% INSTEAD OF ACTUAL. 
","2026-08-17 19:03:12",16222,0,1,0,1,"2026-08-17 19:04:12",0,16222,74,5c3d5d6b-4932-45c7-ad6e-0d3ce68ce725,NULL,NULL,P,NULL,NULL,NULL,NULL,NULL,NULL,NULL
99695,52169,2026-02-16,NULL,NULL,"ANNUAL DEFICIENCIES FROM 02/16/26 ANNUAL:

1) FIRE EXTINGUISHER DUE FOR ANNUAL SERVICE. (X-69)
2) REPLACE DRUM 1 WIRE ROPE-BROKEN WIRES/HIGH STRAND 115-FT FROM ROPE SOCKET. (X-168)
3) ADD WEIGHT MARKINGS TO JOHNSON 19-TON OVERHAUL BALL. (X-183)

MONITOR/RECOMMENDED:
1) CRAWLER DRIVE MOTOR HYDRAULIC HOSE QUICK CONNECT FITTINGS SEEP/LEAK. (M-63)
2) COOLANT SEEP/LEAK ON TURBO CHARGER. (M-108)
3) HOIST 1 & 2 SEEP/LEAK. (M-138)
","2026-08-17 19:12:15",16222,0,1,0,1,"2026-08-17 19:12:20",0,16222,57,5634617b-6be8-4bc6-bb63-cc77485e3e79,NULL,NULL,P,NULL,NULL,NULL,NULL,NULL,NULL,NULL
99700,52169,2025-06-17,NULL,NULL,"REMOVED HEADACHE BALL FROM SERVICE (DAMAGE FROM VIBRO) JOB 162406. [162406 DAILY REC'D 06/23/25]","2026-08-17 19:14:25",16222,0,1,0,1,"2026-08-17 19:14:29",0,16222,123,b2cdd4ee-f326-41c4-9bde-8c74e27972f8,NULL,NULL,P,NULL,NULL,NULL,NULL,NULL,NULL,NULL
99911,52170,2026-08-10,NULL,NULL,"REPLACE SAMSARA DEVICE

Will Z has already looked at the device on Pickup Truck #2897 (Tom Mosby). The old device #GDUK-RMU-8WX will need removal (tag for warranty) and replacement of new device. 

Please mark the old device as warranty return and set it aside for the next time you ship me a package.

Please have mechanic contact me with information when the new device is installed.
","2026-08-18 18:36:42",16222,0,1,0,1,"2026-08-18 18:37:24",0,16222,45,c0cb503f-a57e-4072-9d52-c82862365689,NULL,NULL,P,NULL,NULL,NULL,NULL,NULL,NULL,NULL
97366,52173,2010-01-01,NULL,NULL,"Imported by IVO Systems on 2026.08.05.","2026-08-05 14:37:56",45,0,1,0,3,"2026-08-18 20:38:08",0,NULL,NULL,1102df7e-9867-4274-bb25-718813789f29,NULL,NULL,J,NULL,NULL,NULL,NULL,NULL,NULL,NULL
97367,52173,2010-01-01,NULL,NULL,"Imported by IVO Systems on 2026.08.05.","2026-08-05 14:37:56",45,0,1,0,3,"2026-08-18 20:38:08",0,NULL,NULL,34e62a25-23f8-4e87-aab7-a9c6711d5335,NULL,NULL,J,NULL,NULL,NULL,NULL,NULL,NULL,NULL
97368,52173,2026-05-12,9802243,NULL,"Imported by IVO Systems on 2026.08.05.","2026-08-05 14:37:56",45,0,1,1,3,"2026-08-18 20:38:08",0,9236,NULL,ed65c8af-2c48-4b53-b12c-043168f17f3a,NULL,NULL,J,NULL,NULL,NULL,NULL,"2026-08-06 17:24:30",NULL,NULL
97378,52175,2010-01-01,NULL,NULL,"Imported by IVO Systems on 2026.08.05.","2026-08-05 14:37:57",45,0,1,0,3,"2026-08-18 20:38:08",0,NULL,NULL,6f594621-783e-4597-b2f9-17ea7de32ab1,NULL,NULL,J,NULL,NULL,NULL,NULL,NULL,NULL,NULL
97379,52175,2010-01-01,NULL,NULL,"Imported by IVO Systems on 2026.08.05.","2026-08-05 14:37:57",45,0,1,0,3,"2026-08-18 20:38:08",0,NULL,NULL,9c6937f6-e212-406e-9543-ed7f973508fd,NULL,NULL,J,NULL,NULL,NULL,NULL,NULL,NULL,NULL
97380,52175,2026-04-16,9802246,NULL,"Imported by IVO Systems on 2026.08.05.","2026-08-05 14:37:57",45,0,1,1,3,"2026-08-18 20:38:08",0,9236,NULL,ce96abf3-792d-4b1b-840d-6bd71afd5d3f,NULL,NULL,J,NULL,NULL,NULL,NULL,"2026-08-06 17:26:20",NULL,NULL
97375,52178,2010-01-01,NULL,NULL,"Imported by IVO Systems on 2026.08.05.","2026-08-05 14:37:57",45,0,1,0,3,"2026-08-18 20:38:08",0,NULL,NULL,e6e005e8-158c-49ac-be0d-d4ebeecaa81a,NULL,NULL,J,NULL,NULL,NULL,NULL,NULL,NULL,NULL
97376,52178,2010-01-01,NULL,NULL,"Imported by IVO Systems on 2026.08.05.","2026-08-05 14:37:57",45,0,1,0,3,"2026-08-18 20:38:08",0,NULL,NULL,a0838afb-cd6e-4716-bc20-252526ce88c1,NULL,NULL,J,NULL,NULL,NULL,NULL,NULL,NULL,NULL
97377,52178,2010-01-01,NULL,NULL,"Imported by IVO Systems on 2026.08.05.","2026-08-05 14:37:57",45,0,1,0,3,"2026-08-18 20:38:08",0,NULL,NULL,e7d144d8-ac2f-4990-bf1b-09a6d072cbe6,NULL,NULL,J,NULL,NULL,NULL,NULL,NULL,NULL,NULL
96849,52179,2023-01-12,9801590,NULL,"Imported by IVO Systems on 2026.08.05.","2026-08-05 14:15:49",45,0,1,1,3,"2026-08-18 20:38:08",0,9236,NULL,d0b98c62-e7a4-458d-b10b-eb0b2802f815,NULL,NULL,J,NULL,NULL,NULL,NULL,"2026-08-05 18:14:33",NULL,NULL
96850,52179,2026-06-17,NULL,NULL,"Imported by IVO Systems on 2026.08.05.","2026-08-05 14:15:49",45,1,0,0,3,"2026-08-18 20:38:08",0,9236,NULL,dfac8e99-2771-42da-82d7-e25be4c2b4a3,NULL,NULL,J,NULL,NULL,NULL,NULL,NULL,NULL,NULL
96851,52179,2026-06-17,9801592,NULL,"Imported by IVO Systems on 2026.08.05.","2026-08-05 14:15:50",45,0,1,1,3,"2026-08-18 20:38:08",0,9236,NULL,e37279db-7cbf-4be0-8a60-4e61bc18a52a,NULL,NULL,J,NULL,NULL,NULL,NULL,"2026-08-05 18:15:38",NULL,NULL
96855,52181,2026-02-18,9801598,NULL,"Imported by IVO Systems on 2026.08.05.","2026-08-05 14:15:51",45,0,1,1,3,"2026-08-18 20:38:08",0,9236,NULL,507e45cb-d289-4a35-b050-d7e0b0eec24c,NULL,NULL,J,NULL,NULL,NULL,NULL,"2026-08-05 18:27:33",NULL,NULL
96856,52181,2025-06-11,9801600,NULL,"Imported by IVO Systems on 2026.08.05.","2026-08-05 14:15:51",45,0,1,1,3,"2026-08-18 20:38:08",0,9236,NULL,8f9945a7-47e5-4656-a180-d9262b86ade6,NULL,NULL,J,NULL,NULL,NULL,NULL,"2026-08-05 18:26:47",NULL,NULL
96857,52181,2026-02-18,NULL,NULL,"Imported by IVO Systems on 2026.08.05.","2026-08-05 14:15:51",45,1,0,0,3,"2026-08-18 20:38:08",0,9236,NULL,a589d10a-bfc4-40a7-87d9-7db7dee24dba,NULL,NULL,J,NULL,NULL,NULL,NULL,NULL,NULL,NULL
99706,52181,2026-06-08,NULL,NULL,"(KIRBY SMITH) - OUTSIDE SERVICE:
1) TIGHTEN TRACKS
2) TIGHTEN LOOSE TRACK PADS
3) AIR-LEAK
4) BATTERY & ALTERNATOR
5) HYDRAULIC LEAK
6) TRACK DRIVE LEAK

","2026-08-17 19:23:49",16222,0,1,0,1,"2026-08-17 19:26:35",0,16222,55,39a288dd-cfce-4103-877e-8817039f3562,NULL,NULL,P,NULL,NULL,NULL,NULL,NULL,NULL,NULL
99710,52181,2026-07-22,NULL,NULL,"(KIRBY SMITH) - ORDERED SERVICE 07/22/26 - NEED CONFIRMATION OF SERVICE DATE AND HOURS","2026-08-17 19:42:17",16222,0,1,1,1,"2026-08-17 19:42:28",0,16222,54,510197c4-6f9f-4ed0-ad56-7a5992508fec,NULL,NULL,P,NULL,NULL,NULL,NULL,NULL,NULL,NULL
96804,52184,2026-03-31,NULL,NULL,"Imported by IVO Systems on 2026.08.05.","2026-08-05 14:15:37",45,1,0,0,3,"2026-08-18 20:38:08",0,9236,NULL,caccbda6-44e3-43d2-bdcf-21e3a2353bb4,NULL,NULL,J,NULL,NULL,NULL,NULL,NULL,NULL,NULL
96805,52184,2025-03-18,9801533,NULL,"Imported by IVO Systems on 2026.08.05.","2026-08-05 14:15:37",45,0,1,1,3,"2026-08-18 20:38:08",0,9236,NULL,4cd92792-789d-404d-8c27-541b250dd9c8,NULL,NULL,J,NULL,NULL,NULL,NULL,"2026-08-05 17:22:00",NULL,NULL
96806,52184,2026-03-31,9801531,NULL,"Imported by IVO Systems on 2026.08.05.","2026-08-05 14:15:37",45,0,1,1,3,"2026-08-18 20:38:08",0,9236,NULL,5922b4ec-4b36-4be6-9319-1da11d3291b3,NULL,NULL,J,NULL,NULL,NULL,NULL,"2026-08-05 17:22:58",NULL,NULL
97387,52185,2010-01-01,NULL,NULL,"Imported by IVO Systems on 2026.08.05.","2026-08-05 14:37:58",45,0,1,0,3,"2026-08-18 20:38:08",0,NULL,NULL,85628734-6465-46e8-b42a-7f8386d19b8f,NULL,NULL,J,NULL,NULL,NULL,NULL,NULL,NULL,NULL
97388,52185,2010-01-01,NULL,NULL,"Imported by IVO Systems on 2026.08.05.","2026-08-05 14:37:58",45,0,1,0,3,"2026-08-18 20:38:08",0,NULL,NULL,915c8961-9a66-46e9-b6b2-42953ebdc20d,NULL,NULL,J,NULL,NULL,NULL,NULL,NULL,NULL,NULL
97389,52185,2026-06-13,9802251,NULL,"Imported by IVO Systems on 2026.08.05.","2026-08-05 14:37:59",45,0,1,1,3,"2026-08-18 20:38:08",0,9236,NULL,abcd1a29-0133-4cd7-88a5-1df4a11fb5c2,NULL,NULL,J,NULL,NULL,NULL,NULL,"2026-08-06 17:28:53",NULL,NULL
96864,52186,2024-01-26,NULL,NULL,"Imported by IVO Systems on 2026.08.05.","2026-08-05 14:15:53",45,1,0,0,3,"2026-08-18 20:38:08",0,9236,NULL,fa6f4e05-9a3d-4ad4-8978-f1d32efe5dce,NULL,NULL,J,NULL,NULL,NULL,NULL,NULL,NULL,NULL
96865,52186,2024-01-26,9801610,NULL,"Imported by IVO Systems on 2026.08.05.","2026-08-05 14:15:54",45,0,1,1,3,"2026-08-18 20:38:08",0,9236,NULL,a7715683-9502-4977-9e93-09b4407e46a6,NULL,NULL,J,NULL,NULL,NULL,NULL,"2026-08-05 18:42:33",NULL,NULL
96866,52186,2025-08-27,9801613,NULL,"Imported by IVO Systems on 2026.08.05.","2026-08-05 14:15:54",45,0,1,1,3,"2026-08-18 20:38:08",0,9236,NULL,f62eb0a8-94ad-4e67-8b67-9478cd2ef254,NULL,NULL,J,NULL,NULL,NULL,NULL,"2026-08-05 18:41:31",NULL,NULL
96840,52187,2026-03-19,NULL,NULL,"Imported by IVO Systems on 2026.08.05.","2026-08-05 14:15:47",45,1,0,0,3,"2026-08-18 20:38:08",0,9236,NULL,5d78840c-174f-4d79-b65d-4911b09218c5,NULL,NULL,J,NULL,NULL,NULL,NULL,NULL,NULL,NULL
96841,52187,2026-03-19,9801578,NULL,"Imported by IVO Systems on 2026.08.05.","2026-08-05 14:15:47",45,0,1,1,3,"2026-08-18 20:38:08",0,9236,NULL,df8f7f7a-909c-49c2-aa99-d4f09365c588,NULL,NULL,J,NULL,NULL,NULL,NULL,"2026-08-05 18:06:47",NULL,NULL
96842,52187,2026-07-13,9801581,NULL,"Imported by IVO Systems on 2026.08.05.","2026-08-05 14:15:47",45,0,1,1,3,"2026-08-18 20:38:08",0,9236,NULL,25005ec5-f0bc-4345-9f0d-5c331842fcf2,NULL,NULL,J,NULL,NULL,NULL,NULL,"2026-08-05 18:06:05",NULL,NULL
98974,52187,2026-06-22,NULL,NULL,"*ENGINE OIL LEAK
*COOLANT LEAK UNDER CAB


MECH OPENED & JOB INSPECTIONS 062502 DAILY REC'D 06/30/26; 06/22/26>","2026-08-11 21:37:49",16222,0,1,0,1,"2026-08-11 21:38:38",0,16222,80,3e90c010-b339-4a4f-a2d1-ae6a171e870a,NULL,NULL,P,NULL,NULL,NULL,NULL,NULL,NULL,NULL
98976,52187,2026-08-11,NULL,NULL,"ROTATION INDICATION FOR BOOM INTERMITTENTLY INOP","2026-08-11 21:39:37",16222,0,1,0,1,"2026-08-11 21:40:03",0,16222,79,1ffb1a3c-2375-4b19-b7c6-c46dd6166dd8,NULL,NULL,P,NULL,NULL,NULL,NULL,NULL,NULL,NULL
98977,52187,2025-09-08,NULL,NULL,"1) TRACK DRIVE COUPLERS STUCK OPEN. (COUPLERS ON-HAND) - TO CHANGE WHEN CRANE IS DISASSEMBLED.
2) BOOM CATWALK DAMAGED (8 SECTIONS) - (JOB 062502) - TO CHANGE WHEN CRANE BOOMED DOWN.","2026-08-11 21:42:07",16222,0,1,0,1,"2026-08-11 21:42:39",0,16222,53,ffcc9946-424c-42a5-a828-c16839bce7c4,NULL,NULL,P,NULL,NULL,NULL,NULL,NULL,NULL,NULL
96825,52189,2025-02-08,NULL,NULL,"Imported by IVO Systems on 2026.08.05.","2026-08-05 14:15:42",45,1,0,0,3,"2026-08-18 20:38:08",0,9236,NULL,3155975e-017c-459a-9a24-464edae71536,NULL,NULL,J,NULL,NULL,NULL,NULL,NULL,NULL,NULL
96826,52189,2025-02-08,9801559,NULL,"Imported by IVO Systems on 2026.08.05.","2026-08-05 14:15:43",45,0,1,1,3,"2026-08-18 20:38:08",0,9236,NULL,a060fac3-6851-448e-b315-28424cd0c7e2,NULL,NULL,J,NULL,NULL,NULL,NULL,"2026-08-05 17:44:17",NULL,NULL
96827,52189,2025-10-26,9801561,NULL,"Imported by IVO Systems on 2026.08.05.","2026-08-05 14:15:43",45,0,1,1,3,"2026-08-18 20:38:08",0,9236,NULL,9e286b4a-9da4-473c-b324-97ea5c4bc125,NULL,NULL,J,NULL,NULL,NULL,NULL,"2026-08-05 17:42:57",NULL,NULL
96852,52191,2026-01-31,9801594,NULL,"Imported by IVO Systems on 2026.08.05.","2026-08-05 14:15:50",45,0,1,1,3,"2026-08-18 20:38:08",0,9236,NULL,4886eae1-0286-4440-87f1-ba1f484e723c,NULL,NULL,J,NULL,NULL,NULL,NULL,"2026-08-05 18:25:49",NULL,NULL
96853,52191,2026-01-31,NULL,NULL,"Imported by IVO Systems on 2026.08.05.","2026-08-05 14:15:50",45,1,0,0,3,"2026-08-18 20:38:08",0,9236,NULL,fdb468d8-4ad2-4876-8546-ad05cfb05874,NULL,NULL,J,NULL,NULL,NULL,NULL,NULL,NULL,NULL
96854,52191,2026-06-02,9801597,NULL,"Imported by IVO Systems on 2026.08.05.","2026-08-05 14:15:51",45,0,1,1,3,"2026-08-18 20:38:08",0,9236,NULL,a6ff1c6d-de06-4cc6-ab40-f8014f30e363,NULL,NULL,J,NULL,NULL,NULL,NULL,"2026-08-05 18:24:56",NULL,NULL
98979,52191,2026-05-27,NULL,NULL,"REPLACE STEPS ON TRACK FRAM (JOB DAMAGE 062502) - MECHANIC STRAIGHTENED LOWER SIDE OF FRAME STEPS  - REPLACEMENT AT END OF JOB IS RECOMMENDED.","2026-08-11 21:45:40",16222,0,1,0,1,"2026-08-11 21:47:15",0,16222,53,0c1b23e6-ece3-4ef7-8b51-91dd879eff43,NULL,NULL,P,NULL,NULL,NULL,NULL,NULL,NULL,NULL
98980,52191,2026-03-19,NULL,NULL,"1) AUX BOOM HEAD DAMAGED. OPERATOR OVERRODE THE A2B AND DAMAGED AUX BOOM HEAD FRAME. ROPE WILL NEED TO BE SHORTENED AS WELL.

2) HOUSE LOCK SENSOR READING INCORRECTLY.  SENSOR HAD BEEN ADJUSTED, BUT STILL WON'T READ CORRECTLY.","2026-08-11 21:49:00",16222,0,1,0,1,"2026-08-11 21:49:21",0,16222,47,5d04a9b1-bfea-48ff-b071-c8ccc3c764db,NULL,NULL,P,NULL,NULL,NULL,NULL,NULL,NULL,NULL
97002,52192,2026-02-27,9801710,NULL,"Imported by IVO Systems on 2026.08.05.","2026-08-05 14:16:22",45,0,1,1,3,"2026-08-18 20:38:08",0,9236,NULL,2622f64c-3d60-4aeb-8654-573bc4480afe,NULL,NULL,J,NULL,NULL,NULL,NULL,"2026-08-06 13:08:26",NULL,NULL
97003,52192,2025-05-29,9801712,NULL,"Imported by IVO Systems on 2026.08.05.","2026-08-05 14:16:22",45,0,1,1,3,"2026-08-18 20:38:08",0,9236,NULL,00271f1c-3c69-4bce-b471-16c13e310dec,NULL,NULL,J,NULL,NULL,NULL,NULL,"2026-08-06 13:07:48",NULL,NULL
97004,52192,2026-02-27,NULL,NULL,"Imported by IVO Systems on 2026.08.05.","2026-08-05 14:16:23",45,1,0,0,3,"2026-08-18 20:38:08",0,9236,NULL,2d4f974d-01d8-475c-9d9b-549768b50340,NULL,NULL,J,NULL,NULL,NULL,NULL,NULL,NULL,NULL
98571,52192,2026-08-08,NULL,NULL,"FUEL SYSTEM FAULT CODE RETURNED 07/21/26","2026-08-08 20:16:37",16222,0,1,0,1,"2026-08-10 14:58:24",0,16222,85,e2d07d31-9abe-495d-90e8-36349ebf1878,NULL,NULL,P,NULL,NULL,NULL,NULL,NULL,NULL,NULL
99910,52192,2026-08-10,NULL,NULL,"Unit 5232 CAT 938M J3R4561 is not reporting in VisionLink because the telematics device was never upgraded from 3G to 4G.
There is a service letter active right now for this update:

PS48682
PRODUCT SUPPORT PROGRAM FOR REPLACING PRODUCT LINK PL641 RADIOS TO PL641V2 ON CERTAIN CATERPILLAR PRODUCTS (UEBE7926-05)
","2026-08-18 18:34:51",16222,0,1,0,1,"2026-08-18 18:34:59",0,16222,125,e7803946-197e-4d63-831e-5eee2a5aa17b,NULL,NULL,P,NULL,NULL,NULL,NULL,NULL,NULL,NULL
97393,52193,2026-05-23,NULL,NULL,"Imported by IVO Systems on 2026.08.05.","2026-08-05 14:37:59",45,1,0,0,3,"2026-08-18 20:38:08",0,9236,NULL,8812ccc8-50eb-440e-9913-e6aa70ee96f9,NULL,NULL,J,NULL,NULL,NULL,NULL,NULL,NULL,NULL
97394,52193,2010-01-01,NULL,NULL,"Imported by IVO Systems on 2026.08.05.","2026-08-05 14:37:59",45,0,1,0,3,"2026-08-18 20:38:08",0,NULL,NULL,ed7fc85d-0460-4d6d-8b31-207bccbdff9f,NULL,NULL,J,NULL,NULL,NULL,NULL,NULL,NULL,NULL
97395,52193,2026-05-23,9802252,NULL,"Imported by IVO Systems on 2026.08.05.","2026-08-05 14:38:00",45,0,1,1,3,"2026-08-18 20:38:08",0,9236,NULL,e1cd9d17-88a0-4143-8f8b-3b17d3ea9074,NULL,NULL,J,NULL,NULL,NULL,NULL,"2026-08-06 17:29:46",NULL,NULL
97363,52194,2026-07-29,9802241,NULL,"Imported by IVO Systems on 2026.08.05.","2026-08-05 14:37:55",45,0,1,1,3,"2026-08-18 20:38:08",0,9236,NULL,729c401b-4709-411a-90ff-c03e81912799,NULL,NULL,J,NULL,NULL,NULL,NULL,"2026-08-06 17:23:16",NULL,NULL
97364,52194,2010-01-01,NULL,NULL,"Imported by IVO Systems on 2026.08.05.","2026-08-05 14:37:55",45,0,1,0,3,"2026-08-18 20:38:08",0,NULL,NULL,7daaf1fb-6b84-4fb1-b347-99a1510e4568,NULL,NULL,J,NULL,NULL,NULL,NULL,NULL,NULL,NULL
97365,52194,2026-07-29,NULL,NULL,"Imported by IVO Systems on 2026.08.05.","2026-08-05 14:37:56",45,1,0,0,3,"2026-08-18 20:38:08",0,9236,NULL,8dd086de-6cb9-448a-ae83-860fc04abdd3,NULL,NULL,J,NULL,NULL,NULL,NULL,NULL,NULL,NULL
98418,52194,2026-07-30,NULL,NULL,"SOS - ENGINE - MC - 07/30/26 @ 1032 HRS - RESULTS:
IRON HAS DECREASED BUT REMAINS ELEVATED, THIS MAY BE DUE TO CARRY-OVER FROM THE PREVIOUS OIL. AS A PRECAUTION, CHECK FOR ABNORMAL NOISE/PERFORMANCE AND REPAIR AS NEEDED. OIL & FILTER(S) CHANGED ATTHIS TIME. RESAMPLE IN 250 HOURS @ 1282 HRS.","2026-08-06 19:49:31",16222,1,0,1,1,"2026-08-06 21:18:17",0,16222,72,66112191-08ba-48cc-b61f-c4e24aa66e1b,NULL,NULL,P,NULL,NULL,NULL,NULL,NULL,NULL,NULL
98441,52194,2026-07-30,NULL,NULL,"RESAMPLE IN 250 HOURS @ 1282 HRS.

SOS - ENGINE - MC - 07/30/26 @ 1032 HRS - RESULTS:
IRON HAS DECREASED BUT REMAINS ELEVATED, THIS MAY BE DUE TO CARRY-OVER FROM THE PREVIOUS OIL. AS A PRECAUTION, CHECK FOR ABNORMAL NOISE/PERFORMANCE AND REPAIR AS NEEDED. OIL & FILTER(S) CHANGED ATTHIS TIME. RESAMPLE IN 250 HOURS @ 1282 HRS.","2026-08-06 21:19:18",16222,1,0,1,1,"2026-08-06 21:36:32",0,16222,72,00056467-12dc-4ecc-a7d5-3c686d6713e1,NULL,NULL,P,NULL,NULL,NULL,NULL,NULL,NULL,NULL
98442,52194,2026-07-30,9821373,NULL,,"2026-08-06 21:22:13",16222,1,0,1,2,"2026-08-06 21:22:41",0,16222,NULL,47f9b059-4ef9-44cc-9cb5-e2e33104c4fd,NULL,NULL,P,NULL,NULL,NULL,NULL,"2026-08-06 21:22:14",NULL,NULL
98446,52194,2026-08-06,NULL,NULL,"SOS – RESAMPLE IN 250 HRS (#5681) @ 1282 HRS","2026-08-06 21:51:06",16222,0,1,1,4,"2026-08-06 22:24:43",0,16222,72,f396b484-914d-4cf1-a624-4eebf3109f00,NULL,NULL,P,NULL,NULL,NULL,NULL,NULL,NULL,NULL
97384,52195,2026-06-06,NULL,NULL,"Imported by IVO Systems on 2026.08.05.","2026-08-05 14:37:58",45,1,0,0,3,"2026-08-18 20:38:08",0,9236,NULL,eca30d07-8fb7-43f8-9fb2-6989c62ab969,NULL,NULL,J,NULL,NULL,NULL,NULL,NULL,NULL,NULL
97385,52195,2010-01-01,NULL,NULL,"Imported by IVO Systems on 2026.08.05.","2026-08-05 14:37:58",45,0,1,0,3,"2026-08-18 20:38:08",0,NULL,NULL,22d15395-04cb-44f1-82cf-de678aadee72,NULL,NULL,J,NULL,NULL,NULL,NULL,NULL,NULL,NULL
97386,52195,2026-06-06,9802249,NULL,"Imported by IVO Systems on 2026.08.05.","2026-08-05 14:37:58",45,0,1,1,3,"2026-08-18 20:38:08",0,9236,NULL,a5024147-ff67-4066-9bd6-7f9522d5ba19,NULL,NULL,J,NULL,NULL,NULL,NULL,"2026-08-06 17:28:01",NULL,NULL
97381,52198,2010-01-01,NULL,NULL,"Imported by IVO Systems on 2026.08.05.","2026-08-05 14:37:57",45,0,1,0,3,"2026-08-18 20:38:08",0,NULL,NULL,7a1cda56-3f01-42d3-ab25-28c9d8177ab9,NULL,NULL,J,NULL,NULL,NULL,NULL,NULL,NULL,NULL
97382,52198,2010-01-01,NULL,NULL,"Imported by IVO Systems on 2026.08.05.","2026-08-05 14:37:57",45,0,1,0,3,"2026-08-18 20:38:08",0,NULL,NULL,543c96e2-baa0-477f-96d5-cb57f603240b,NULL,NULL,J,NULL,NULL,NULL,NULL,NULL,NULL,NULL
97383,52198,2026-05-19,9802247,NULL,"Imported by IVO Systems on 2026.08.05.","2026-08-05 14:37:58",45,0,1,1,3,"2026-08-18 20:38:08",0,9236,NULL,76bdff80-94f1-421e-963c-e751ba106861,NULL,NULL,J,NULL,NULL,NULL,NULL,"2026-08-06 17:27:16",NULL,NULL
97390,52200,2010-01-01,NULL,NULL,"Imported by IVO Systems on 2026.08.05.","2026-08-05 14:37:59",45,0,1,0,3,"2026-08-18 20:38:08",0,NULL,NULL,23b1eb67-d8ec-482a-a87c-5338952860db,NULL,NULL,J,NULL,NULL,NULL,NULL,NULL,NULL,NULL
97391,52200,2010-01-01,NULL,NULL,"Imported by IVO Systems on 2026.08.05.","2026-08-05 14:37:59",45,0,1,0,3,"2026-08-18 20:38:08",0,NULL,NULL,e2e07bee-4924-4c88-9d11-801e0d83fc03,NULL,NULL,J,NULL,NULL,NULL,NULL,NULL,NULL,NULL
97392,52200,2010-01-01,NULL,NULL,"Imported by IVO Systems on 2026.08.05.","2026-08-05 14:37:59",45,0,1,0,3,"2026-08-18 20:38:08",0,NULL,NULL,769a4779-56ee-4975-891c-a3968dcda3be,NULL,NULL,J,NULL,NULL,NULL,NULL,NULL,NULL,NULL
99845,52200,2026-08-18,NULL,NULL,"500 HR SERVICE DUE","2026-08-18 16:02:02",16222,0,1,1,1,"2026-08-18 16:02:09",0,16222,70,6e442882-34b0-4d0c-88e8-224ff6662de8,NULL,NULL,P,NULL,NULL,NULL,NULL,NULL,NULL,NULL
97035,52202,2026-06-06,9801746,NULL,"Imported by IVO Systems on 2026.08.05.","2026-08-05 14:16:30",45,0,1,1,3,"2026-08-18 20:38:08",0,9236,NULL,6bf74b19-300b-4ef3-ac80-6eb3aa852a4d,NULL,NULL,J,NULL,NULL,NULL,NULL,"2026-08-06 13:48:44",NULL,NULL
97036,52202,2026-06-06,NULL,NULL,"Imported by IVO Systems on 2026.08.05.","2026-08-05 14:16:30",45,1,0,0,3,"2026-08-18 20:38:08",0,9236,NULL,ea7a8e81-dfb1-406c-a572-b9123a49651f,NULL,NULL,J,NULL,NULL,NULL,NULL,NULL,NULL,NULL
97037,52202,2026-06-06,NULL,NULL,"Imported by IVO Systems on 2026.08.05.","2026-08-05 14:16:30",45,1,0,0,3,"2026-08-18 20:38:08",0,9236,NULL,85242524-31d0-4ece-971e-09efbb525df7,NULL,NULL,J,NULL,NULL,NULL,NULL,NULL,NULL,NULL
98805,52202,2026-08-10,NULL,NULL,"TIGHTEN WIPER BLADE","2026-08-10 21:28:23",16222,0,1,0,1,"2026-08-10 21:28:30",0,16222,82,8f0fbf28-52cc-4cab-9c99-c3ff7a8df961,NULL,NULL,P,NULL,NULL,NULL,NULL,NULL,NULL,NULL
96876,52204,2026-02-18,NULL,NULL,"Imported by IVO Systems on 2026.08.05.","2026-08-05 14:15:57",45,1,0,0,3,"2026-08-18 20:38:08",0,9236,NULL,28a3fe96-d068-4b6f-8591-7ef86310603a,NULL,NULL,J,NULL,NULL,NULL,NULL,NULL,NULL,NULL
96877,52204,2026-02-18,9801626,NULL,"Imported by IVO Systems on 2026.08.05.","2026-08-05 14:15:57",45,0,1,1,3,"2026-08-18 20:38:08",0,9236,NULL,34e1300b-acb9-45f7-9536-7bf9c879f35f,NULL,NULL,J,NULL,NULL,NULL,NULL,"2026-08-05 19:00:27",NULL,NULL
96878,52204,2026-05-14,9801629,NULL,"Imported by IVO Systems on 2026.08.05.","2026-08-05 14:15:57",45,0,1,1,3,"2026-08-18 20:38:08",0,9236,NULL,2d8158ed-c0e9-4acd-88ad-9506f67cf632,NULL,NULL,J,NULL,NULL,NULL,NULL,"2026-08-05 18:59:11",NULL,NULL
99715,52204,2026-06-29,NULL,NULL,"1) AUDIBLE & VISUAL ALARM WHEN BOOMING UP
2) MAST ANGLE SENSOR BAD (PER MECH RH) - (OP COMMENTS: OP COMMENTS: 4-5 DEGREE DISCREPANCY IN BOOM ANGLE FROM MECHANICAL INDICATOR & ELECTRONIC SENSOR).","2026-08-17 20:00:45",16222,0,1,0,1,"2026-08-17 20:00:56",0,16222,124,b26d7098-3b34-4c59-b729-4eb798ad7fd9,NULL,NULL,P,NULL,NULL,NULL,NULL,NULL,NULL,NULL
99716,52204,2026-08-17,NULL,NULL,"1000 HR PM DUE","2026-08-17 20:03:24",16222,0,1,1,1,"2026-08-17 20:03:32",0,16222,70,78f3d647-6cbf-4b67-be72-19b6c7098d44,NULL,NULL,P,NULL,NULL,NULL,NULL,NULL,NULL,NULL
96882,52205,2026-03-26,9801633,NULL,"Imported by IVO Systems on 2026.08.05.","2026-08-05 14:15:58",45,0,1,1,3,"2026-08-18 20:38:08",0,9236,NULL,f7179ccd-4be9-4250-b03b-bef4aca6e428,NULL,NULL,J,NULL,NULL,NULL,NULL,"2026-08-05 19:07:45",NULL,NULL
96883,52205,2025-06-18,9801635,NULL,"Imported by IVO Systems on 2026.08.05.","2026-08-05 14:15:59",45,0,1,1,3,"2026-08-18 20:38:08",0,9236,NULL,9ac3bee4-4467-4a1b-9f98-61340bed3695,NULL,NULL,J,NULL,NULL,NULL,NULL,"2026-08-05 19:06:13",NULL,NULL
96884,52205,2026-03-26,NULL,NULL,"Imported by IVO Systems on 2026.08.05.","2026-08-05 14:15:59",45,1,0,0,3,"2026-08-18 20:38:08",0,9236,NULL,b3054003-0e18-4a32-a1db-cb89e17a25e7,NULL,NULL,J,NULL,NULL,NULL,NULL,NULL,NULL,NULL
99741,52205,2026-08-17,NULL,NULL,"500 HR DUE","2026-08-17 22:06:31",16222,0,1,1,1,"2026-08-17 22:06:39",0,16222,70,ed294a13-ad7b-4def-9e48-54f675729788,NULL,NULL,P,NULL,NULL,NULL,NULL,NULL,NULL,NULL
96834,52206,2026-01-12,NULL,NULL,"Imported by IVO Systems on 2026.08.05.","2026-08-05 14:15:45",45,1,0,0,3,"2026-08-18 20:38:08",0,9236,NULL,d06f9d39-4451-451e-a364-ca28ed0d05f1,NULL,NULL,J,NULL,NULL,NULL,NULL,NULL,NULL,NULL
96835,52206,2026-01-12,NULL,NULL,"Imported by IVO Systems on 2026.08.05.","2026-08-05 14:15:45",45,1,0,0,3,"2026-08-18 20:38:08",0,9236,NULL,ddbb95f5-7f11-4a95-b5bd-a22e7e64e9d7,NULL,NULL,J,NULL,NULL,NULL,NULL,NULL,NULL,NULL
96836,52206,2026-01-12,9801570,NULL,"Imported by IVO Systems on 2026.08.05.","2026-08-05 14:15:45",45,0,1,1,3,"2026-08-18 20:38:08",0,9236,NULL,dd6b06f2-ebb9-48c9-859f-3bf037a8229b,NULL,NULL,J,NULL,NULL,NULL,NULL,"2026-08-06 14:55:14",NULL,NULL
99652,52206,2026-06-11,NULL,NULL,"ANNUAL DEFICIENCIES FROM ANNUAL 06/11/26:
1) ANNUAL-FIRE EXTINGUISHER DUE FOR ANNUAL SERVICE (X-69)
2) ANNUAL-REPAIR AUX HOIST WIRE ROPE SPOOLING (X-120)
3) ANNUAL-BENT LATTICE MEMBER ON INNER 40' SECTION BOTTOM MARKED (X-157)
4) ANNUAL-ADD MISSING SET SCREW TO MAIN HOIST BUTTON SPELTER SOCKET. (X-168)

MONITOR/RECOMMENDED:
1) ANNUAL-LUBE BOOM STOPS (R-140)
2) ANNUAL-STRAIGHTEN OVERHAUL BALL HOOK SAFETY LATCH (R-184)","2026-08-17 18:14:30",16222,0,1,0,1,"2026-08-17 18:20:01",0,16222,57,943ca694-093e-40d2-9aa4-5287edf6ae7d,NULL,NULL,P,NULL,NULL,NULL,NULL,NULL,NULL,NULL
99655,52206,2026-05-01,NULL,NULL,"LEAKS COOLANT OUT OF RADIATOR CAP.

SUBMITTED FROM 242509 DAILY INSPECTIONS FROM VP.","2026-08-17 18:21:49",16222,0,1,0,1,"2026-08-17 18:21:53",0,16222,82,684613ca-6411-43cd-b14c-41d2a437acbc,NULL,NULL,P,NULL,NULL,NULL,NULL,NULL,NULL,NULL
96831,52207,2025-05-20,9801566,NULL,"Imported by IVO Systems on 2026.08.05.","2026-08-05 14:15:44",45,0,1,1,3,"2026-08-18 20:38:08",0,9236,NULL,abd8455f-80ef-4f3b-bb10-bc44f72c597e,NULL,NULL,J,NULL,NULL,NULL,NULL,"2026-08-05 17:49:33",NULL,NULL
96832,52207,2024-08-20,9801568,NULL,"Imported by IVO Systems on 2026.08.05.","2026-08-05 14:15:44",45,0,1,1,3,"2026-08-18 20:38:08",0,9236,NULL,38efd0e3-8453-4678-bf72-9dcad29e1f9e,NULL,NULL,J,NULL,NULL,NULL,NULL,"2026-08-05 17:50:11",NULL,NULL
96833,52207,2026-07-18,9801569,NULL,"Imported by IVO Systems on 2026.08.05.","2026-08-05 14:15:45",45,0,1,1,3,"2026-08-18 20:38:08",0,9236,NULL,4ea0e0f9-825e-4c5c-aa47-b45bad9248bd,NULL,NULL,J,NULL,NULL,NULL,NULL,"2026-08-05 17:50:43",NULL,NULL
97047,52210,2026-04-08,9801758,NULL,"Imported by IVO Systems on 2026.08.05.","2026-08-05 14:16:33",45,0,1,1,3,"2026-08-18 20:38:08",0,9236,NULL,05f3ce1e-d898-449f-b261-913c8a749631,NULL,NULL,J,NULL,NULL,NULL,NULL,"2026-08-06 13:53:45",NULL,NULL
97048,52210,2026-04-08,NULL,NULL,"Imported by IVO Systems on 2026.08.05.","2026-08-05 14:16:33",45,1,0,0,3,"2026-08-18 20:38:08",0,9236,NULL,e6a42315-2008-4445-b6c0-ccacdde99d15,NULL,NULL,J,NULL,NULL,NULL,NULL,NULL,NULL,NULL
97049,52210,2026-04-08,NULL,NULL,"Imported by IVO Systems on 2026.08.05.","2026-08-05 14:16:33",45,1,0,0,3,"2026-08-18 20:38:08",0,9236,NULL,f203e5a1-8968-4feb-8515-541e22d40871,NULL,NULL,J,NULL,NULL,NULL,NULL,NULL,NULL,NULL
97041,52211,2026-02-06,9801752,NULL,"Imported by IVO Systems on 2026.08.05.","2026-08-05 14:16:31",45,0,1,1,3,"2026-08-18 20:38:08",0,9236,NULL,15649912-4f53-480f-9606-593cc9efd32e,NULL,NULL,J,NULL,NULL,NULL,NULL,"2026-08-06 13:51:01",NULL,NULL
97042,52211,2025-06-24,9801753,NULL,"Imported by IVO Systems on 2026.08.05.","2026-08-05 14:16:32",45,0,1,1,3,"2026-08-18 20:38:08",0,9236,NULL,36cc3336-f4d5-4f20-8b34-a72df9953110,NULL,NULL,J,NULL,NULL,NULL,NULL,"2026-08-06 13:51:34",NULL,NULL
97043,52211,2026-06-10,9801754,NULL,"Imported by IVO Systems on 2026.08.05.","2026-08-05 14:16:32",45,0,1,1,3,"2026-08-18 20:38:08",0,9236,NULL,a3eb77a5-d759-4b97-bfa4-a280dc1def97,NULL,NULL,J,NULL,NULL,NULL,NULL,"2026-08-06 13:51:55",NULL,NULL
98954,52211,2026-08-11,NULL,NULL,"HYD LEAK VALVE BLOCK IN FRONT OF UNIT.

062502 DAILY REC'D 08/08/26; 08/04/26; 07/28/26; 07/21/26; 07/14/26; 07/07/26>","2026-08-11 19:57:32",16222,0,1,0,1,"2026-08-11 19:58:10",0,16222,78,0bf84c31-a69a-49ee-b736-1e3b57749e33,NULL,NULL,P,NULL,NULL,NULL,NULL,NULL,NULL,NULL
98955,52211,2026-08-11,NULL,NULL,"NEEDS NEW CABIN FILTERS
Replaced cabin air filters","2026-08-11 19:59:54",16222,0,1,0,3,"2026-08-15 14:26:44",0,16222,115,109f64d2-3c14-4363-b32b-0aee380f4525,NULL,NULL,P,NULL,NULL,NULL,NULL,"2026-08-15 14:26:44",NULL,NULL
97026,52215,2026-05-01,9801737,NULL,"Imported by IVO Systems on 2026.08.05.","2026-08-05 14:16:28",45,0,1,1,3,"2026-08-18 20:38:08",0,9236,NULL,3e085bcb-d05d-4157-8b7a-49efa986e6cf,NULL,NULL,J,NULL,NULL,NULL,NULL,"2026-08-06 13:42:49",NULL,NULL
97027,52215,2026-05-01,NULL,NULL,"Imported by IVO Systems on 2026.08.05.","2026-08-05 14:16:28",45,1,0,0,3,"2026-08-18 20:38:08",0,9236,NULL,f54bbc33-dfad-4aa1-aada-497ac7df4cd1,NULL,NULL,J,NULL,NULL,NULL,NULL,NULL,NULL,NULL
97028,52215,2026-07-31,9801739,NULL,"Imported by IVO Systems on 2026.08.05.","2026-08-05 14:16:28",45,0,1,1,3,"2026-08-18 20:38:08",0,9236,NULL,306a3784-b5e8-4ee0-8a9a-a588a5f59a2f,NULL,NULL,J,NULL,NULL,NULL,NULL,"2026-08-06 13:42:12",NULL,NULL
96843,52216,2025-06-03,9801582,NULL,"Imported by IVO Systems on 2026.08.05.","2026-08-05 14:15:48",45,0,1,1,3,"2026-08-18 20:38:08",0,9236,NULL,5a5307fe-c1d6-46d2-b994-e5cc7146e408,NULL,NULL,J,NULL,NULL,NULL,NULL,"2026-08-05 18:09:24",NULL,NULL
96844,52216,2025-01-06,9801584,NULL,"Imported by IVO Systems on 2026.08.05.","2026-08-05 14:15:48",45,0,1,1,3,"2026-08-18 20:38:08",0,9236,NULL,dadfce8e-b1b4-4f9b-ac7d-e26609da1338,NULL,NULL,J,NULL,NULL,NULL,NULL,"2026-08-05 18:10:25",NULL,NULL
96845,52216,2026-02-06,9801585,NULL,"Imported by IVO Systems on 2026.08.05.","2026-08-05 14:15:48",45,0,1,1,3,"2026-08-18 20:38:08",0,9236,NULL,c88bb4a5-2301-41a0-b99c-103d3f614f54,NULL,NULL,J,NULL,NULL,NULL,NULL,"2026-08-05 18:10:03",NULL,NULL
96792,52218,2025-06-25,9801515,NULL,"Imported by IVO Systems on 2026.08.05.","2026-08-05 14:15:33",45,0,1,1,3,"2026-08-18 20:38:08",0,9236,NULL,a1e0be4f-8fb9-4954-aa70-c53afaf2541f,NULL,NULL,J,NULL,NULL,NULL,NULL,"2026-08-05 17:07:34",NULL,NULL
96793,52218,2023-09-23,9801517,NULL,"Imported by IVO Systems on 2026.08.05.","2026-08-05 14:15:33",45,0,1,1,3,"2026-08-18 20:38:08",0,9236,NULL,8727f154-9eaf-4e5a-856b-22d6f2ef49b2,NULL,NULL,J,NULL,NULL,NULL,NULL,"2026-08-05 17:08:35",NULL,NULL
96794,52218,2026-01-08,9801518,NULL,"Imported by IVO Systems on 2026.08.05.","2026-08-05 14:15:34",45,0,1,1,3,"2026-08-18 20:38:08",0,9236,NULL,cb5eb754-10f9-46de-a182-86825aac1c18,NULL,NULL,J,NULL,NULL,NULL,NULL,"2026-08-05 17:10:14",NULL,NULL
96795,52218,2026-01-08,NULL,NULL,"Imported by IVO Systems on 2026.08.05.","2026-08-05 14:15:34",45,1,0,0,3,"2026-08-18 20:38:08",0,9236,NULL,61395677-aaa9-4703-a299-c33fb30f76b5,NULL,NULL,J,NULL,NULL,NULL,NULL,NULL,NULL,NULL
98664,52218,2026-08-10,NULL,NULL,"OUTSIDE SERVICE REPAIR

- A/C INOP
- DOES NOT SHIFT INTO 3RD GEAR
- NEEDS NEW ROOF WIPER

- [482401 DAILY REC'D 08/03/26> SPOKE TO KP 08/04/26 - WAIT FOR AVAILABILITY]

","2026-08-10 15:46:09",16222,0,1,0,1,"2026-08-10 15:50:55",0,16222,56,5a3d910b-ff55-4a42-9435-00cecec40c00,NULL,NULL,P,NULL,NULL,NULL,NULL,NULL,NULL,NULL
97032,52219,2026-06-13,9801743,NULL,"Imported by IVO Systems on 2026.08.05.","2026-08-05 14:16:29",45,0,1,1,3,"2026-08-18 20:38:08",0,9236,NULL,367b570d-f361-41be-8c1f-a8268d044e9f,NULL,NULL,J,NULL,NULL,NULL,NULL,"2026-08-06 13:46:33",NULL,NULL
97033,52219,2025-11-08,9801744,NULL,"Imported by IVO Systems on 2026.08.05.","2026-08-05 14:16:30",45,0,1,1,3,"2026-08-18 20:38:08",0,9236,NULL,313182ec-1a74-49ac-813d-2e9c680e5d3a,NULL,NULL,J,NULL,NULL,NULL,NULL,"2026-08-06 13:47:10",NULL,NULL
97034,52219,2026-06-13,NULL,NULL,"Imported by IVO Systems on 2026.08.05.","2026-08-05 14:16:30",45,1,0,0,3,"2026-08-18 20:38:08",0,9236,NULL,499537bf-8665-4e46-a3b8-a348f7289a10,NULL,NULL,J,NULL,NULL,NULL,NULL,NULL,NULL,NULL
96873,52220,2025-10-09,NULL,NULL,"Imported by IVO Systems on 2026.08.05.","2026-08-05 14:15:56",45,1,0,0,3,"2026-08-18 20:38:08",0,9236,NULL,84f21ef4-c984-4e5a-9dc8-9d733fbeda49,NULL,NULL,J,NULL,NULL,NULL,NULL,NULL,NULL,NULL
96874,52220,2025-10-09,NULL,NULL,"Imported by IVO Systems on 2026.08.05.","2026-08-05 14:15:56",45,1,0,0,3,"2026-08-18 20:38:08",0,9236,NULL,f5ec3f7d-0a3b-47e1-863c-3d61c33f8837,NULL,NULL,J,NULL,NULL,NULL,NULL,NULL,NULL,NULL
96875,52220,2025-10-09,9801622,NULL,"Imported by IVO Systems on 2026.08.05.","2026-08-05 14:15:56",45,0,1,1,3,"2026-08-18 20:38:08",0,9236,NULL,1f4f75cd-ae88-443c-9047-aff9b056614e,NULL,NULL,J,NULL,NULL,NULL,NULL,"2026-08-05 18:56:54",NULL,NULL
99830,52220,2026-08-18,NULL,NULL,"500 HR SERVICE DUE","2026-08-18 15:10:44",16222,0,1,1,1,"2026-08-18 15:10:51",0,16222,70,455b4588-8855-41ce-8dfc-70591ff9c5a9,NULL,NULL,P,NULL,NULL,NULL,NULL,NULL,NULL,NULL
97029,52222,2026-07-11,9801740,NULL,"Imported by IVO Systems on 2026.08.05.","2026-08-05 14:16:29",45,0,1,1,3,"2026-08-18 20:38:08",0,9236,NULL,a6963118-ea34-44f1-b052-3de34bfbfb0b,NULL,NULL,J,NULL,NULL,NULL,NULL,"2026-08-06 13:44:54",NULL,NULL
97030,52222,2025-12-13,9801741,NULL,"Imported by IVO Systems on 2026.08.05.","2026-08-05 14:16:29",45,0,1,1,3,"2026-08-18 20:38:08",0,9236,NULL,ff61b823-5f26-48b4-9cb3-c1d058327052,NULL,NULL,J,NULL,NULL,NULL,NULL,"2026-08-06 13:45:17",NULL,NULL
97031,52222,2026-07-11,NULL,NULL,"Imported by IVO Systems on 2026.08.05.","2026-08-05 14:16:29",45,1,0,0,3,"2026-08-18 20:38:08",0,9236,NULL,4e8e354e-d8a6-4041-bac2-e38c2d4ce56a,NULL,NULL,J,NULL,NULL,NULL,NULL,NULL,NULL,NULL
98793,52222,2026-08-10,NULL,NULL,"1 - UPPER PIN ON BUCKET LINKAGE NEEDS REPLACED;
2 - GREASE ZERK FITTING ON BUCKET TILT ARM IS BROKEN. (062506 DAILY REC'D 08/03/26)

Ordered parts for grease zerk 

Inspected pin and didn’t find issues for replacement ","2026-08-10 21:09:55",16222,0,1,0,1,"2026-08-18 14:24:08",0,15873,83,78e73fc9-c9e8-4984-8df3-3009ee70bdb7,NULL,NULL,P,NULL,NULL,NULL,NULL,NULL,NULL,NULL
98794,52222,2026-08-10,NULL,NULL,"RIGHT UPPER WORK LIGHT OUT (FRONT)

Replaced bulb","2026-08-10 21:10:43",16222,0,1,0,3,"2026-08-18 14:12:48",0,16222,74,f4824772-25ba-4fc0-9deb-baf10b2d2989,NULL,NULL,P,NULL,NULL,NULL,NULL,"2026-08-18 14:12:48",NULL,NULL
98795,52222,2026-07-20,NULL,NULL,"INSPECT TIRES FOR REPLACEMENT (062414 DAILY REC'D 07/20/26)

Uploaded photos of tires and informed duke","2026-08-10 21:12:43",16222,0,1,0,1,"2026-08-18 14:25:23",0,15873,75,06a902e7-d29e-46ec-adc2-943af827c464,NULL,NULL,P,NULL,NULL,NULL,NULL,NULL,NULL,NULL
99585,52222,2026-08-14,NULL,NULL,"REAR WIPER WASHER DOESN'T SPRAY WINDOW.
MOBE FORM ATTACHED.

Reinstalled washer line ","2026-08-17 16:04:09",16222,0,1,0,3,"2026-08-18 14:11:57",0,16222,82,21269617-1d97-4a07-9b4b-6ef55f0ab1b1,NULL,NULL,P,NULL,NULL,NULL,NULL,"2026-08-18 14:11:57",NULL,NULL
96870,52225,2026-07-17,NULL,NULL,"Imported by IVO Systems on 2026.08.05.","2026-08-05 14:15:55",45,1,0,0,3,"2026-08-18 20:38:08",0,9236,NULL,33afb546-600f-4729-9b97-d31c0644a0ca,NULL,NULL,J,NULL,NULL,NULL,NULL,NULL,NULL,NULL
96871,52225,2025-06-24,9801620,NULL,"Imported by IVO Systems on 2026.08.05.","2026-08-05 14:15:55",45,0,1,1,3,"2026-08-18 20:38:08",0,9236,NULL,227a83d9-8c84-429a-8c29-9c5e96432b45,NULL,NULL,J,NULL,NULL,NULL,NULL,"2026-08-05 18:47:56",NULL,NULL
96872,52225,2026-07-17,9801618,NULL,"Imported by IVO Systems on 2026.08.05.","2026-08-05 14:15:56",45,0,1,1,3,"2026-08-18 20:38:08",0,9236,NULL,59427eca-2d9e-47ef-a7b3-a272874cf132,NULL,NULL,J,NULL,NULL,NULL,NULL,"2026-08-05 18:48:46",NULL,NULL
97044,52226,2026-02-07,9801755,NULL,"Imported by IVO Systems on 2026.08.05.","2026-08-05 14:16:32",45,0,1,1,3,"2026-08-18 20:38:08",0,9236,NULL,d6ef80ef-1f5c-4ee3-93ff-392a8a65ea56,NULL,NULL,J,NULL,NULL,NULL,NULL,"2026-08-06 13:52:52",NULL,NULL
97045,52226,2026-02-07,NULL,NULL,"Imported by IVO Systems on 2026.08.05.","2026-08-05 14:16:32",45,1,0,0,3,"2026-08-18 20:38:08",0,9236,NULL,86cfb5cd-3d77-4143-b101-fa3ded8db454,NULL,NULL,J,NULL,NULL,NULL,NULL,NULL,NULL,NULL
97046,52226,2026-05-30,9801757,NULL,"Imported by IVO Systems on 2026.08.05.","2026-08-05 14:16:32",45,0,1,1,3,"2026-08-18 20:38:08",0,9236,NULL,e217eba0-f079-4d6c-81e9-f3d8d6485ec9,NULL,NULL,J,NULL,NULL,NULL,NULL,"2026-08-06 13:52:26",NULL,NULL
97038,52228,2026-07-14,9801749,NULL,"Imported by IVO Systems on 2026.08.05.","2026-08-05 14:16:31",45,0,1,1,3,"2026-08-18 20:38:08",0,9236,NULL,472356be-cdd0-4ab3-bc6d-a2b6eb2cb430,NULL,NULL,J,NULL,NULL,NULL,NULL,"2026-08-06 13:49:56",NULL,NULL
97039,52228,2026-07-14,NULL,NULL,"Imported by IVO Systems on 2026.08.05.","2026-08-05 14:16:31",45,1,0,0,3,"2026-08-18 20:38:08",0,9236,NULL,90ff0403-6bb4-448b-a313-d9526527dcfd,NULL,NULL,J,NULL,NULL,NULL,NULL,NULL,NULL,NULL
97040,52228,2026-07-14,NULL,NULL,"Imported by IVO Systems on 2026.08.05.","2026-08-05 14:16:31",45,1,0,0,3,"2026-08-18 20:38:08",0,9236,NULL,04b1a3e3-2c7c-4235-9e78-4628e6436533,NULL,NULL,J,NULL,NULL,NULL,NULL,NULL,NULL,NULL
97011,52231,2026-02-14,9801722,NULL,"Imported by IVO Systems on 2026.08.05.","2026-08-05 14:16:25",45,0,1,1,3,"2026-08-18 20:38:08",0,9236,NULL,e82272d5-6899-49dc-8e99-e7b753575876,NULL,NULL,J,NULL,NULL,NULL,NULL,"2026-08-06 13:17:27",NULL,NULL
97012,52231,2026-02-14,NULL,NULL,"Imported by IVO Systems on 2026.08.05.","2026-08-05 14:16:25",45,1,0,0,3,"2026-08-18 20:38:08",0,9236,NULL,f053ef93-b652-4046-a883-c0209c67099c,NULL,NULL,J,NULL,NULL,NULL,NULL,NULL,NULL,NULL
97013,52231,2026-05-22,9801724,NULL,"Imported by IVO Systems on 2026.08.05.","2026-08-05 14:16:25",45,0,1,1,3,"2026-08-18 20:38:08",0,9236,NULL,01c113de-a9de-4514-aa7b-2ed4cbd585e4,NULL,NULL,J,NULL,NULL,NULL,NULL,"2026-08-06 13:17:57",NULL,NULL
96861,52233,2026-02-19,9801606,NULL,"Imported by IVO Systems on 2026.08.05.","2026-08-05 14:15:53",45,0,1,1,3,"2026-08-18 20:38:08",0,9236,NULL,eda915fb-5b83-4c22-b1a0-29059531dbef,NULL,NULL,J,NULL,NULL,NULL,NULL,"2026-08-05 18:37:00",NULL,NULL
96862,52233,2025-02-27,9801608,NULL,"Imported by IVO Systems on 2026.08.05.","2026-08-05 14:15:53",45,0,1,1,3,"2026-08-18 20:38:08",0,9236,NULL,17beed63-bb13-46dd-a518-064aac85b36a,NULL,NULL,J,NULL,NULL,NULL,NULL,"2026-08-05 18:37:38",NULL,NULL
96863,52233,2026-05-08,9801609,NULL,"Imported by IVO Systems on 2026.08.05.","2026-08-05 14:15:53",45,0,1,1,3,"2026-08-18 20:38:08",0,9236,NULL,c689c082-e0e3-497c-8d76-bc01fe3cae18,NULL,NULL,J,NULL,NULL,NULL,NULL,"2026-08-05 18:38:05",NULL,NULL
98933,52233,2026-08-11,9925992,NULL,"2000 HR PM / SERVICED HYD OIL (GLEN)","2026-08-11 18:35:13",16222,0,1,1,3,"2026-08-12 19:20:08",0,16222,70,0eb00e09-0d8f-420f-8e67-1bdade8e56db,NULL,NULL,P,NULL,NULL,NULL,NULL,"2026-08-12 19:20:08",NULL,NULL
99148,52233,2026-08-12,NULL,NULL,"ANNUAL DEFICIENCY RECOMMENDATION: (REPAIR WHEN CRANE IS MOVED NEXT TIME. REBUILD TRACKS AT SHOP).

REPLACE TOP WEAR BAR ON TRACK FRAME WORN THROUGH ON SIDE FRAME.  (R-58) - MECHANIC VERIFIED NOTES: (WEAR BARS BOTH TRACKS)","2026-08-12 19:15:30",16222,0,1,0,1,"2026-08-12 19:17:39",0,16222,116,6a420b61-e725-47d3-afad-472deb38fa0a,NULL,NULL,P,NULL,NULL,NULL,NULL,NULL,NULL,NULL
96858,52234,2026-06-19,NULL,NULL,"Imported by IVO Systems on 2026.08.05.","2026-08-05 14:15:52",45,1,0,0,3,"2026-08-18 20:38:08",0,9236,NULL,9ff5a86c-c540-44a5-895b-03c4d61b69db,NULL,NULL,J,NULL,NULL,NULL,NULL,NULL,NULL,NULL
96859,52234,2024-11-02,9801604,NULL,"Imported by IVO Systems on 2026.08.05.","2026-08-05 14:15:52",45,0,1,1,3,"2026-08-18 20:38:08",0,9236,NULL,e27f8e92-e652-47ea-8f29-49f67f9c318b,NULL,NULL,J,NULL,NULL,NULL,NULL,"2026-08-05 18:32:47",NULL,NULL
96860,52234,2026-06-19,9801602,NULL,"Imported by IVO Systems on 2026.08.05.","2026-08-05 14:15:52",45,0,1,1,3,"2026-08-18 20:38:08",0,9236,NULL,b5f088a5-9c37-422e-b7fb-f947b74ca8ea,NULL,NULL,J,NULL,NULL,NULL,NULL,"2026-08-05 18:33:36",NULL,NULL
98950,52234,2026-08-11,NULL,NULL,"DEF LEVEL SENSOR INTERMITTENTLY READING INCORRECTLY. DEF CODE BELOW NORMAL (MOST SEVERE) SPN 3364","2026-08-11 19:43:57",16222,0,1,0,1,"2026-08-11 19:45:34",0,16222,80,d05c3666-bfd3-4698-a00c-0342f2b5190a,NULL,NULL,P,NULL,NULL,NULL,NULL,NULL,NULL,NULL
97401,52236,2025-08-13,9802258,NULL,"Imported by IVO Systems on 2026.08.05.","2026-08-05 14:38:01",45,0,1,1,3,"2026-08-18 20:38:08",0,9236,NULL,f783ccfe-9b14-40d2-b030-5170d53121c9,NULL,NULL,J,NULL,NULL,NULL,NULL,"2026-08-06 17:32:53",NULL,NULL
97402,52236,2025-08-13,NULL,NULL,"Imported by IVO Systems on 2026.08.05.","2026-08-05 14:38:02",45,1,0,0,3,"2026-08-18 20:38:08",0,9236,NULL,0be2e733-69e1-4045-be6b-7dc44be6e673,NULL,NULL,J,NULL,NULL,NULL,NULL,NULL,NULL,NULL
97403,52236,2026-05-30,9802261,NULL,"Imported by IVO Systems on 2026.08.05.","2026-08-05 14:38:02",45,0,1,1,3,"2026-08-18 20:38:08",0,9236,NULL,3f6bb5ab-b16b-4df0-abc4-34140c0c57b1,NULL,NULL,J,NULL,NULL,NULL,NULL,"2026-08-06 17:33:31",NULL,NULL
96867,52237,2026-06-18,NULL,NULL,"Imported by IVO Systems on 2026.08.05.","2026-08-05 14:15:54",45,1,0,0,3,"2026-08-18 20:38:08",0,9236,NULL,d9f0c177-4321-4602-89d1-74f54b9bdef5,NULL,NULL,J,NULL,NULL,NULL,NULL,NULL,NULL,NULL
96868,52237,2026-06-18,NULL,NULL,"Imported by IVO Systems on 2026.08.05.","2026-08-05 14:15:55",45,1,0,0,3,"2026-08-18 20:38:08",0,9236,NULL,9ba6d8e1-112e-4e37-8c34-b9b3e8a7d54b,NULL,NULL,J,NULL,NULL,NULL,NULL,NULL,NULL,NULL
96869,52237,2026-06-18,9801614,NULL,"Imported by IVO Systems on 2026.08.05.","2026-08-05 14:15:55",45,0,1,1,3,"2026-08-18 20:38:08",0,16222,70,99cb0642-1cd8-46dd-aa29-8e3fdc50206c,NULL,NULL,J,NULL,NULL,NULL,NULL,"2026-08-17 23:06:55",NULL,NULL
98930,52237,2026-08-07,9906588,NULL,"GASKET ON MUFFLER IS LEAKING (BOLTS ARE LOOSE) ALLOWING WATER INTO MOTOR. [FIXED 08/07/26 @ 4834 HRS]","2026-08-11 18:30:22",16222,0,1,0,3,"2026-08-11 18:32:48",0,16222,78,bea51456-f30d-4f73-99f4-9ab2929d87d3,NULL,NULL,P,NULL,NULL,NULL,NULL,"2026-08-11 18:32:48",NULL,NULL
99749,52237,2026-06-18,10012436,NULL,"2000 HR PERFORMED BY GLEN 06/18/26 @ 4575 HRS","2026-08-17 23:04:30",16222,0,1,1,3,"2026-08-17 23:05:26",0,16222,70,4a3fa738-aeee-486d-9b4c-bc5045538d46,NULL,NULL,P,NULL,NULL,NULL,NULL,"2026-08-17 23:05:26",NULL,NULL
99750,52237,2026-08-17,NULL,NULL,"250 HR PM DUE","2026-08-17 23:06:02",16222,0,1,1,1,"2026-08-17 23:06:09",0,16222,70,44fecd04-409d-4957-87b6-62e54022f42c,NULL,NULL,P,NULL,NULL,NULL,NULL,NULL,NULL,NULL
97057,52238,2026-03-13,9801768,NULL,"Imported by IVO Systems on 2026.08.05.","2026-08-05 14:16:35",45,0,1,1,3,"2026-08-18 20:38:08",0,9236,NULL,c282feaa-e4f2-4e0c-b629-638cd73f39db,NULL,NULL,J,NULL,NULL,NULL,NULL,"2026-08-06 14:01:42",NULL,NULL
97058,52238,2025-09-06,9801769,NULL,"Imported by IVO Systems on 2026.08.05.","2026-08-05 14:16:35",45,0,1,1,3,"2026-08-18 20:38:08",0,9236,NULL,0b0d6c8e-5377-4e0b-8d20-c3e206cc582a,NULL,NULL,J,NULL,NULL,NULL,NULL,"2026-08-06 14:02:35",NULL,NULL
97059,52238,2026-03-13,NULL,NULL,"Imported by IVO Systems on 2026.08.05.","2026-08-05 14:16:35",45,1,0,0,3,"2026-08-18 20:38:08",0,9236,NULL,d9c23d7f-7c8b-4db5-a6ee-07ae7c19dc18,NULL,NULL,J,NULL,NULL,NULL,NULL,NULL,NULL,NULL
98738,52238,2026-08-04,9888734,NULL,"500 HR COMPLETED 08/04/26 @ 3732 HRS","2026-08-10 18:51:45",16222,0,1,1,3,"2026-08-10 18:53:14",0,16222,70,9ecdbc7c-64e0-47a2-8cd9-599758b9f995,NULL,NULL,P,NULL,NULL,NULL,NULL,"2026-08-10 18:53:14",NULL,NULL
99746,52238,2026-08-17,NULL,NULL,"1) RIGHT SIDE CORNER CUTTING EDGE IS LOOSE & WOBBLY
","2026-08-17 22:38:58",16222,0,1,0,1,"2026-08-17 22:39:04",0,16222,83,76c50bc8-17f4-424f-bbde-b6673d2e309b,NULL,NULL,P,NULL,NULL,NULL,NULL,NULL,NULL,NULL
99747,52238,2026-08-17,NULL,NULL,"1) MISSING BOTTOM STEPS BOTH SIDES OF MACHINE. (DAMAGE 062402 ON 06/15/26 - RIGHT STEP BROKEN). (AWAITING PARTS).","2026-08-17 22:39:51",16222,0,1,0,1,"2026-08-17 22:39:56",0,16222,82,34ba8d17-84d2-4b86-800c-5c8eba3c16b1,NULL,NULL,P,NULL,NULL,NULL,NULL,NULL,NULL,NULL
96879,52239,2026-06-17,NULL,NULL,"Imported by IVO Systems on 2026.08.05.","2026-08-05 14:15:58",45,1,0,0,3,"2026-08-18 20:38:08",0,9236,NULL,3520c755-0f52-4d6a-b493-64a3f4c3c685,NULL,NULL,J,NULL,NULL,NULL,NULL,NULL,NULL,NULL
96880,52239,2010-01-01,NULL,NULL,"Imported by IVO Systems on 2026.08.05.","2026-08-05 14:15:58",45,0,1,0,3,"2026-08-18 20:38:08",0,NULL,NULL,7f04401a-2a52-42b1-91c1-346919899e29,NULL,NULL,J,NULL,NULL,NULL,NULL,NULL,NULL,NULL
96881,52239,2026-06-17,9801630,NULL,"Imported by IVO Systems on 2026.08.05.","2026-08-05 14:15:58",45,0,1,1,3,"2026-08-18 20:38:08",0,9236,NULL,dda201f5-ea3a-4dd3-a7ce-85765b07a6e3,NULL,NULL,J,NULL,NULL,NULL,NULL,"2026-08-05 19:04:11",NULL,NULL
96885,52242,2026-04-24,9801637,NULL,"Imported by IVO Systems on 2026.08.05.","2026-08-05 14:15:59",45,0,1,1,3,"2026-08-18 20:38:08",0,9236,NULL,4df4002f-8336-4b05-bbb2-72a7ceba4c84,NULL,NULL,J,NULL,NULL,NULL,NULL,"2026-08-05 19:10:44",NULL,NULL
96886,52242,2010-01-01,NULL,NULL,"Imported by IVO Systems on 2026.08.05.","2026-08-05 14:15:59",45,0,1,0,1,"2026-08-18 20:38:08",0,9236,NULL,42c7fec1-f11e-4b42-8ada-122860218064,NULL,NULL,J,NULL,NULL,NULL,NULL,NULL,NULL,NULL
96887,52242,2026-07-22,9801639,NULL,"Imported by IVO Systems on 2026.08.05.","2026-08-05 14:15:59",45,0,1,1,3,"2026-08-18 20:38:08",0,9236,NULL,b094b773-e6f8-4c7f-ba8f-4ed82eaf70ef,NULL,NULL,J,NULL,NULL,NULL,NULL,"2026-08-05 19:12:29",NULL,NULL
96888,52242,2025-11-13,9801640,NULL,"Imported by IVO Systems on 2026.08.05.","2026-08-05 14:16:00",45,0,1,1,3,"2026-08-18 20:38:08",0,9236,NULL,3f39f46b-43d2-4197-9bf4-5023e376cdf7,NULL,NULL,J,NULL,NULL,NULL,NULL,"2026-08-05 19:13:43",NULL,NULL
99168,52242,2026-08-12,NULL,NULL,"ANNUAL 08/04/26:

(M-158) - BOTTOM PICTURE FRAME LACING HAS PAINT RUBBED OFF FROM CABLE OF TIED BACK LOAD BLOCK. PAINT TO PROTECT.
(R-172) - DRUM 1 HOIST ROPE IS DRY AND CAUSING BLOCK TWIST, LUBE CABLE TO PREVENT WIRE ROPE DAMAGE.

ROPE BLOCK - S/N: R039137, 200 TON, 6000 LBS, FOUR 1K CHEEKS
TWO 500LBS CHEEK WEIGHTS","2026-08-12 21:18:20",16222,0,1,0,1,"2026-08-12 21:18:25",0,16222,57,2017283c-ce0c-4340-b0ab-a99a08a203dc,NULL,NULL,P,NULL,NULL,NULL,NULL,NULL,NULL,NULL
99651,52242,2026-06-18,NULL,NULL,"[H-M] OUTIDE REPAIR:
1) DEF LOW WARNING GOING OFF - DEF @ 80%  (WARRANTY)
2) DRUM 6  - CHATTER/SURGING WHEN STORING BLOCK
3) 45T BLOCK LINE 6 LEAKING GREASE FROM SEALED BEARING

NOTES FROM VP","2026-08-17 18:08:25",16222,0,1,0,1,"2026-08-17 18:08:30",0,16222,55,f9553be2-f95f-4060-9064-75cfbe7ec27f,NULL,NULL,P,NULL,NULL,NULL,NULL,NULL,NULL,NULL
96822,52243,2023-06-06,9801555,NULL,"Imported by IVO Systems on 2026.08.05.","2026-08-05 14:15:42",45,0,1,1,3,"2026-08-18 20:38:08",0,9236,NULL,cb4fc6bd-9fac-46f0-ba7e-5bfeab0c6738,NULL,NULL,J,NULL,NULL,NULL,NULL,"2026-08-06 14:54:37",NULL,NULL
96823,52243,2021-09-18,9801557,NULL,"Imported by IVO Systems on 2026.08.05.","2026-08-05 14:15:42",45,0,1,1,3,"2026-08-18 20:38:08",0,9236,NULL,631fce33-9aab-4e67-94c2-7262d91d48cd,NULL,NULL,J,NULL,NULL,NULL,NULL,"2026-08-05 17:40:17",NULL,NULL
96824,52243,2023-06-06,NULL,NULL,"Imported by IVO Systems on 2026.08.05.","2026-08-05 14:15:42",45,1,0,0,3,"2026-08-18 20:38:08",0,9236,NULL,0d7ac78e-af57-4669-b11e-c737a57e2258,NULL,NULL,J,NULL,NULL,NULL,NULL,NULL,NULL,NULL
96837,52247,2022-12-19,9801574,NULL,"Imported by IVO Systems on 2026.08.05.","2026-08-05 14:15:46",45,0,1,1,3,"2026-08-18 20:38:08",0,9236,NULL,c5ff33ef-210f-4a4f-9879-e589e574e344,NULL,NULL,J,NULL,NULL,NULL,NULL,"2026-08-05 18:03:34",NULL,NULL
96838,52247,2022-02-04,9801576,NULL,"Imported by IVO Systems on 2026.08.05.","2026-08-05 14:15:46",45,0,1,1,3,"2026-08-18 20:38:08",0,9236,NULL,64bc3dd2-b765-414f-a286-465588c00830,NULL,NULL,J,NULL,NULL,NULL,NULL,"2026-08-05 18:04:10",NULL,NULL
96839,52247,2026-07-13,9801577,NULL,"Imported by IVO Systems on 2026.08.05.","2026-08-05 14:15:46",45,0,1,1,3,"2026-08-18 20:38:08",0,9236,NULL,0739a391-4a69-4464-aa92-7ddc11b78263,NULL,NULL,J,NULL,NULL,NULL,NULL,"2026-08-05 18:04:40",NULL,NULL
97050,52249,2025-10-21,9801761,NULL,"Imported by IVO Systems on 2026.08.05.","2026-08-05 14:16:33",45,0,1,1,3,"2026-08-18 20:38:08",0,9236,NULL,849e1b98-a907-46cf-88d2-1955d2df47ae,NULL,NULL,J,NULL,NULL,NULL,NULL,"2026-08-06 13:56:02",NULL,NULL
97051,52249,2024-11-14,9801762,NULL,"Imported by IVO Systems on 2026.08.05.","2026-08-05 14:16:34",45,0,1,1,3,"2026-08-18 20:38:08",0,9236,NULL,e3ebb4ca-ef32-468f-b31a-2144254281ea,NULL,NULL,J,NULL,NULL,NULL,NULL,"2026-08-06 13:56:34",NULL,NULL
97052,52249,2026-03-05,9801763,NULL,"Imported by IVO Systems on 2026.08.05.","2026-08-05 14:16:34",45,0,1,1,3,"2026-08-18 20:38:08",0,9236,NULL,4cbb6f7f-6f61-40dd-9cc9-23236a461840,NULL,NULL,J,NULL,NULL,NULL,NULL,"2026-08-06 13:56:54",NULL,NULL
97053,52251,2025-11-03,9801764,NULL,"Imported by IVO Systems on 2026.08.05.","2026-08-05 14:16:34",45,0,1,1,3,"2026-08-18 20:38:08",0,9236,NULL,7c1491d6-34f3-4726-8678-292c1c33092a,NULL,NULL,J,NULL,NULL,NULL,NULL,"2026-08-06 14:00:07",NULL,NULL
97054,52251,2025-11-03,NULL,NULL,"Imported by IVO Systems on 2026.08.05.","2026-08-05 14:16:34",45,0,1,0,3,"2026-08-18 20:38:08",0,NULL,NULL,8f75aebf-78a8-4dc2-8984-e7e883e2cbbf,NULL,NULL,J,NULL,NULL,NULL,NULL,NULL,NULL,NULL
97055,52251,2026-07-18,9801766,NULL,"Imported by IVO Systems on 2026.08.05.","2026-08-05 14:16:34",45,0,1,1,3,"2026-08-18 20:38:08",0,9236,NULL,80d99443-d249-408c-a592-824ca1fd0ae8,NULL,NULL,J,NULL,NULL,NULL,NULL,"2026-08-06 14:00:38",NULL,NULL
97056,52251,2026-04-30,NULL,NULL,"Imported by IVO Systems on 2026.08.05.","2026-08-05 14:16:35",45,0,1,0,3,"2026-08-18 20:38:08",0,NULL,NULL,57f7dcc6-bafd-4c96-abab-7658d0c79971,NULL,NULL,J,NULL,NULL,NULL,NULL,NULL,NULL,NULL
98800,52251,2026-08-10,NULL,NULL,"SEAT AIR BAG LEAKS","2026-08-10 21:24:24",16222,0,1,0,1,"2026-08-10 21:24:42",0,16222,82,8921dc43-efb9-4dcc-aeb2-e0760745e996,NULL,NULL,P,NULL,NULL,NULL,NULL,NULL,NULL,NULL
97014,52252,2026-02-25,9801725,NULL,"Imported by IVO Systems on 2026.08.05.","2026-08-05 14:16:25",45,0,1,1,3,"2026-08-18 20:38:08",0,9236,NULL,2388c2b5-e4a5-44bb-aea4-519ac28e1329,NULL,NULL,J,NULL,NULL,NULL,NULL,"2026-08-06 13:28:07",NULL,NULL
97015,52252,2025-05-03,9801726,NULL,"Imported by IVO Systems on 2026.08.05.","2026-08-05 14:16:26",45,0,1,1,3,"2026-08-18 20:38:08",0,9236,NULL,82e44921-6117-40e6-a05b-4a59caeb25d9,NULL,NULL,J,NULL,NULL,NULL,NULL,"2026-08-06 13:28:35",NULL,NULL
97016,52252,2026-07-09,9801727,NULL,"Imported by IVO Systems on 2026.08.05.","2026-08-05 14:16:26",45,0,1,1,3,"2026-08-18 20:38:08",0,9236,NULL,fb534304-8091-4c19-b0d0-ab7a5d442351,NULL,NULL,J,NULL,NULL,NULL,NULL,"2026-08-06 13:29:02",NULL,NULL
97081,52253,2010-01-01,NULL,NULL,"Imported by IVO Systems on 2026.08.05.","2026-08-05 14:16:40",45,0,1,0,3,"2026-08-18 20:38:08",0,NULL,NULL,a654a456-f86e-48fe-8ef0-95d470234e41,NULL,NULL,J,NULL,NULL,NULL,NULL,NULL,NULL,NULL
97082,52253,2010-01-01,NULL,NULL,"Imported by IVO Systems on 2026.08.05.","2026-08-05 14:16:40",45,0,1,0,3,"2026-08-18 20:38:08",0,NULL,NULL,a8500da8-980b-444e-9a25-25446a62d472,NULL,NULL,J,NULL,NULL,NULL,NULL,NULL,NULL,NULL
97083,52253,2026-03-23,9801794,NULL,"Imported by IVO Systems on 2026.08.05.","2026-08-05 14:16:41",45,0,1,1,3,"2026-08-18 20:38:08",0,9236,NULL,4ed0905a-f9b6-4342-9085-1234c0fe6e25,NULL,NULL,J,NULL,NULL,NULL,NULL,"2026-08-06 14:13:27",NULL,NULL
99742,52253,2025-08-15,NULL,NULL,"SMALL REAR LEFT SIDE WINDOW CRACKED (162402) - REPAIR END OF JOB","2026-08-17 22:08:50",16222,0,1,0,1,"2026-08-17 22:08:56",0,16222,53,3d108464-fc50-4ff0-a1a4-a20a7dff81b6,NULL,NULL,P,NULL,NULL,NULL,NULL,NULL,NULL,NULL
97407,52254,2025-11-22,9802265,NULL,"Imported by IVO Systems on 2026.08.05.","2026-08-05 14:38:03",45,0,1,1,3,"2026-08-18 20:38:08",0,9236,NULL,d4dc5a5a-e68d-4228-826d-ec7df5b5e7f2,NULL,NULL,J,NULL,NULL,NULL,NULL,"2026-08-06 17:37:46",NULL,NULL
97408,52254,2025-01-30,9802266,NULL,"Imported by IVO Systems on 2026.08.05.","2026-08-05 14:38:03",45,0,1,1,3,"2026-08-18 20:38:08",0,9236,NULL,01621c1a-cefd-4b45-aa85-8f4d522a3a39,NULL,NULL,J,NULL,NULL,NULL,NULL,"2026-08-06 17:38:11",NULL,NULL
97409,52254,2026-05-14,9802267,NULL,"Imported by IVO Systems on 2026.08.05.","2026-08-05 14:38:04",45,0,1,1,3,"2026-08-18 20:38:08",0,9236,NULL,b5386d5c-b934-4509-b06f-e56f89f6c3af,NULL,NULL,J,NULL,NULL,NULL,NULL,"2026-08-06 17:37:20",NULL,NULL
97404,52255,2025-06-17,9802262,NULL,"Imported by IVO Systems on 2026.08.05.","2026-08-05 14:38:02",45,0,1,1,3,"2026-08-18 20:38:08",0,9236,NULL,5892cb14-7a1b-4ffc-b20b-2397a90d55fb,NULL,NULL,J,NULL,NULL,NULL,NULL,"2026-08-06 17:35:46",NULL,NULL
97405,52255,2025-06-17,NULL,NULL,"Imported by IVO Systems on 2026.08.05.","2026-08-05 14:38:02",45,1,0,0,3,"2026-08-18 20:38:08",0,9236,NULL,ba771f13-3604-4102-9d4f-1c5bccd83975,NULL,NULL,J,NULL,NULL,NULL,NULL,NULL,NULL,NULL
97406,52255,2026-07-17,9802264,NULL,"Imported by IVO Systems on 2026.08.05.","2026-08-05 14:38:03",45,0,1,1,3,"2026-08-18 20:38:08",0,9236,NULL,a59d6ff5-7c2f-4089-a9aa-86a02aceb161,NULL,NULL,J,NULL,NULL,NULL,NULL,"2026-08-06 17:36:11",NULL,NULL
96890,52257,2010-01-01,NULL,NULL,"Imported by IVO Systems on 2026.08.05.","2026-08-05 14:16:00",45,0,1,1,1,"2026-08-18 20:38:08",0,9236,NULL,ae1e3c00-5827-4c56-a6e9-2abf601c484e,NULL,NULL,J,NULL,NULL,NULL,NULL,NULL,NULL,NULL
96891,52257,2010-01-01,NULL,NULL,"Imported by IVO Systems on 2026.08.05.","2026-08-05 14:16:00",45,1,0,0,3,"2026-08-18 20:38:08",0,9236,NULL,ae202fc3-e109-42a5-8b63-3be059119beb,NULL,NULL,J,NULL,NULL,NULL,NULL,NULL,NULL,NULL
96892,52257,2026-04-21,9801643,NULL,"Imported by IVO Systems on 2026.08.05.","2026-08-05 14:16:01",45,0,1,1,3,"2026-08-18 20:38:08",0,9236,NULL,79ed5d39-23d7-4831-a894-c883a24e93ac,NULL,NULL,J,NULL,NULL,NULL,NULL,"2026-08-05 19:22:16",NULL,NULL
97005,52258,2024-08-22,9801714,NULL,"Imported by IVO Systems on 2026.08.05.","2026-08-05 14:16:23",45,0,1,1,3,"2026-08-18 20:38:08",0,9236,NULL,a8458b88-0476-4ce5-8816-6ff46ea56916,NULL,NULL,J,NULL,NULL,NULL,NULL,"2026-08-06 13:12:20",NULL,NULL
97006,52258,2024-08-22,NULL,NULL,"Imported by IVO Systems on 2026.08.05.","2026-08-05 14:16:23",45,1,0,0,3,"2026-08-18 20:38:08",0,9236,NULL,0b09d74d-4ae3-412b-b8d3-31cd12887737,NULL,NULL,J,NULL,NULL,NULL,NULL,NULL,NULL,NULL
97007,52258,2026-03-31,9801717,NULL,"Imported by IVO Systems on 2026.08.05.","2026-08-05 14:16:24",45,0,1,1,3,"2026-08-18 20:38:08",0,9236,NULL,7be43dbd-7e0f-4bbe-ae71-724a9a82d948,NULL,NULL,J,NULL,NULL,NULL,NULL,"2026-08-06 13:11:34",NULL,NULL
99359,52258,2026-08-14,9958835,NULL,"AC not working. Found the AC not working and checked system. Found system to have pressure but not working correctly. Went through troubleshooting procedures and ended up replacing the compressor and installing new receiver/drier. Charger system to 4.2 lbs and checked. System working correctly ","2026-08-14 14:20:14",15692,0,1,0,3,"2026-08-14 15:03:35",0,16222,80,0e36431c-5c83-43af-8bd5-a2a521772f10,NULL,NULL,P,NULL,NULL,NULL,NULL,"2026-08-14 15:03:35",NULL,NULL
97398,52259,2023-05-19,9802255,NULL,"Imported by IVO Systems on 2026.08.05.","2026-08-05 14:38:00",45,0,1,1,3,"2026-08-18 20:38:08",0,9236,NULL,b32a90be-b590-4a29-a10d-c0de54a75d46,NULL,NULL,J,NULL,NULL,NULL,NULL,"2026-08-06 17:31:16",NULL,NULL
97399,52259,2021-04-10,9802256,NULL,"Imported by IVO Systems on 2026.08.05.","2026-08-05 14:38:00",45,0,1,1,3,"2026-08-18 20:38:08",0,9236,NULL,b7fad78e-1e30-4b40-b816-46f6b2367636,NULL,NULL,J,NULL,NULL,NULL,NULL,"2026-08-06 17:31:51",NULL,NULL
97400,52259,2025-06-06,9802257,NULL,"Imported by IVO Systems on 2026.08.05.","2026-08-05 14:38:01",45,0,1,1,3,"2026-08-18 20:38:08",0,9236,NULL,aeda0723-8c77-4406-a933-e10841248196,NULL,NULL,J,NULL,NULL,NULL,NULL,"2026-08-06 17:32:14",NULL,NULL
97066,52261,2025-07-10,9801777,NULL,"Imported by IVO Systems on 2026.08.05.","2026-08-05 14:16:37",45,0,1,1,3,"2026-08-18 20:38:08",0,9236,NULL,e5412772-b76d-4ea3-a964-afe3f3cd0620,NULL,NULL,J,NULL,NULL,NULL,NULL,"2026-08-06 14:06:08",NULL,NULL
97067,52261,2025-07-10,NULL,NULL,"Imported by IVO Systems on 2026.08.05.","2026-08-05 14:16:37",45,1,0,0,3,"2026-08-18 20:38:08",0,9236,NULL,65e9a38c-ee25-44c6-a368-24c957da971c,NULL,NULL,J,NULL,NULL,NULL,NULL,NULL,NULL,NULL
97068,52261,2025-07-10,NULL,NULL,"Imported by IVO Systems on 2026.08.05.","2026-08-05 14:16:37",45,1,0,0,3,"2026-08-18 20:38:08",0,9236,NULL,c276887e-5457-4bbb-a84c-1d54159a1736,NULL,NULL,J,NULL,NULL,NULL,NULL,NULL,NULL,NULL
97417,52263,2025-10-09,9802275,NULL,"Imported by IVO Systems on 2026.08.05.","2026-08-05 14:38:06",45,0,1,1,3,"2026-08-18 20:38:08",0,9236,NULL,4f4bebbb-afbe-45b7-88b9-2b77db2e0459,NULL,NULL,J,NULL,NULL,NULL,NULL,"2026-08-06 18:03:41",NULL,NULL
97418,52263,2025-10-09,NULL,NULL,"Imported by IVO Systems on 2026.08.05.","2026-08-05 14:38:06",45,1,0,0,3,"2026-08-18 20:38:08",0,9236,NULL,f7909dcc-4f29-425c-9194-a9b9c74808e1,NULL,NULL,J,NULL,NULL,NULL,NULL,NULL,NULL,NULL
97419,52263,2026-06-26,9802277,NULL,"Imported by IVO Systems on 2026.08.05.","2026-08-05 14:38:07",45,0,1,1,3,"2026-08-18 20:38:08",0,9236,NULL,db0de3c2-bc8c-4480-9cb7-0d363c3d086d,NULL,NULL,J,NULL,NULL,NULL,NULL,"2026-08-06 18:04:33",NULL,NULL
98400,52263,2026-06-05,NULL,NULL,,"2026-08-06 18:05:35",9236,1,0,0,1,"2026-08-06 18:06:19",0,9236,NULL,134d2ecd-bc7a-47dc-9d2b-6589a87345eb,NULL,NULL,P,NULL,NULL,NULL,NULL,NULL,NULL,NULL
99883,52263,2026-08-18,NULL,NULL,"- Hydraulic lines leak:

- Needs 500 hour service - CHECK THIS, WE SHOW LAST SERVICED AT 5929 HRS","2026-08-18 17:06:14",16222,0,1,0,2,"2026-08-18 20:37:20",0,15709,78,b463b5af-07ab-44c2-a91c-b1cc5c829b81,NULL,NULL,P,NULL,NULL,NULL,NULL,"2026-08-18 20:37:20",NULL,NULL
99884,52263,2026-08-18,NULL,NULL,"- Idlers worn:","2026-08-18 17:07:49",16222,0,1,0,1,"2026-08-18 17:07:53",0,16222,77,92f6f543-5218-46ed-92b8-a7df756e4e59,NULL,NULL,P,NULL,NULL,NULL,NULL,NULL,NULL,NULL
99885,52263,2026-08-18,NULL,NULL,"- A/C blows warm air:
","2026-08-18 17:08:24",16222,0,1,0,1,"2026-08-18 17:08:27",0,16222,80,dc31405f-2f37-42c4-b69a-da49ed0f27e4,NULL,NULL,P,NULL,NULL,NULL,NULL,NULL,NULL,NULL
99886,52263,2026-08-18,NULL,NULL,"- Fire extinguisher expired: JOBSITE CONSUMABLE - NOTIFY FOREMAN TO REPLACE.","2026-08-18 17:09:05",16222,0,1,0,1,"2026-08-18 17:09:10",0,16222,48,b96972fb-1cc1-4500-a33e-2ced883a6183,NULL,NULL,P,NULL,NULL,NULL,NULL,NULL,NULL,NULL
97410,52264,2025-12-18,NULL,NULL,"Imported by IVO Systems on 2026.08.05.","2026-08-05 14:38:04",45,1,0,0,3,"2026-08-18 20:38:08",0,9236,NULL,7fe8baf3-eee4-4da6-9c96-a54cfdd26a4a,NULL,NULL,J,NULL,NULL,NULL,NULL,NULL,NULL,NULL
97411,52264,2025-12-18,NULL,NULL,"Imported by IVO Systems on 2026.08.05.","2026-08-05 14:38:04",45,1,0,0,3,"2026-08-18 20:38:08",0,9236,NULL,15cefba4-e024-41a4-b5a9-fcb3df40e16e,NULL,NULL,J,NULL,NULL,NULL,NULL,NULL,NULL,NULL
97412,52264,2025-12-18,9802268,NULL,"Imported by IVO Systems on 2026.08.05.","2026-08-05 14:38:04",45,0,1,1,3,"2026-08-18 20:38:08",0,9236,NULL,eb0869ee-3b37-4d8d-a215-6a06ddc4cc50,NULL,NULL,J,NULL,NULL,NULL,NULL,"2026-08-06 17:39:21",NULL,NULL
97413,52264,2026-07-15,NULL,NULL,"Imported by IVO Systems on 2026.08.05.","2026-08-05 14:38:05",45,0,1,0,3,"2026-08-18 20:38:08",0,NULL,NULL,a3810c03-29d0-4fdb-82bd-05ba4bfd64ed,NULL,NULL,J,NULL,NULL,NULL,NULL,NULL,NULL,NULL
97063,52266,2025-09-20,9801774,NULL,"Imported by IVO Systems on 2026.08.05.","2026-08-05 14:16:36",45,0,1,1,3,"2026-08-18 20:38:08",0,9236,NULL,2742ff4d-3088-497a-992f-0c43fb8dd8dd,NULL,NULL,J,NULL,NULL,NULL,NULL,"2026-08-06 14:05:00",NULL,NULL
97064,52266,2025-09-20,NULL,NULL,"Imported by IVO Systems on 2026.08.05.","2026-08-05 14:16:36",45,1,0,0,3,"2026-08-18 20:38:08",0,9236,NULL,c6af74ca-7721-467e-acbc-5c5c193f44fb,NULL,NULL,J,NULL,NULL,NULL,NULL,NULL,NULL,NULL
97065,52266,2026-02-20,9801776,NULL,"Imported by IVO Systems on 2026.08.05.","2026-08-05 14:16:37",45,0,1,1,3,"2026-08-18 20:38:08",0,9236,NULL,cf88f118-9726-4ad4-a232-756b149f9f84,NULL,NULL,J,NULL,NULL,NULL,NULL,"2026-08-06 14:04:32",NULL,NULL
98776,52266,2026-08-10,NULL,NULL,"BUCKET BLEEDS OFF WITH WEIGHT","2026-08-10 20:19:57",16222,0,1,0,1,"2026-08-10 20:20:04",0,16222,78,39fa27b0-f08f-46cf-8efd-13fbffb70eb4,NULL,NULL,P,NULL,NULL,NULL,NULL,NULL,NULL,NULL
97078,52267,2026-03-05,9801790,NULL,"Imported by IVO Systems on 2026.08.05.","2026-08-05 14:16:40",45,0,1,1,3,"2026-08-18 20:38:08",0,9236,NULL,2e593b3c-1629-45c6-8b8e-7a8b99b18eed,NULL,NULL,J,NULL,NULL,NULL,NULL,"2026-08-06 14:11:30",NULL,NULL
97079,52267,2025-04-16,9801792,NULL,"Imported by IVO Systems on 2026.08.05.","2026-08-05 14:16:40",45,0,1,1,3,"2026-08-18 20:38:08",0,9236,NULL,172abcc8-7f1d-4014-8a87-d9ac341015fd,NULL,NULL,J,NULL,NULL,NULL,NULL,"2026-08-06 14:11:54",NULL,NULL
97080,52267,2026-03-05,NULL,NULL,"Imported by IVO Systems on 2026.08.05.","2026-08-05 14:16:40",45,1,0,0,3,"2026-08-18 20:38:08",0,9236,NULL,a789ddc0-c07a-4947-a224-033ba5e9bd74,NULL,NULL,J,NULL,NULL,NULL,NULL,NULL,NULL,NULL
98564,52267,2026-08-08,NULL,NULL,"*CHIPPED WINDSHIELD
*BENT FENDERS
*DAMAGE TO FENDER/RIGHT SIDE LADDER (502401 NIGHT SHIFT) 07/28/25","2026-08-08 18:00:08",16222,0,1,0,1,"2026-08-17 21:02:30",0,16222,53,cd8bc3c9-6154-45e3-9b2d-7a12cf9855bd,NULL,NULL,P,NULL,NULL,NULL,NULL,NULL,NULL,NULL
99733,52267,2026-08-17,NULL,NULL,"2000 HR PM DUE","2026-08-17 21:04:49",16222,0,1,1,1,"2026-08-17 21:04:57",0,16222,70,4cda50f2-9fa4-4610-8af0-b5a6944c27a7,NULL,NULL,P,NULL,NULL,NULL,NULL,NULL,NULL,NULL
97414,52269,2024-11-15,9802272,NULL,"Imported by IVO Systems on 2026.08.05.","2026-08-05 14:38:05",45,0,1,1,3,"2026-08-18 20:38:08",0,9236,NULL,cdeded65-f581-4665-af21-719271380bf8,NULL,NULL,J,NULL,NULL,NULL,NULL,"2026-08-06 17:48:41",NULL,NULL
97415,52269,2023-03-15,9802273,NULL,"Imported by IVO Systems on 2026.08.05.","2026-08-05 14:38:05",45,0,1,1,3,"2026-08-18 20:38:08",0,9236,NULL,a038af89-c176-4320-bad4-8356460b2f0f,NULL,NULL,J,NULL,NULL,NULL,NULL,"2026-08-06 17:50:10",NULL,NULL
97416,52269,2026-05-18,9802274,NULL,"Imported by IVO Systems on 2026.08.05.","2026-08-05 14:38:06",45,0,1,1,3,"2026-08-18 20:38:08",0,9236,NULL,3f792503-20eb-46e9-8833-ec805999cb47,NULL,NULL,J,NULL,NULL,NULL,NULL,"2026-08-06 17:49:30",NULL,NULL
97423,52271,2025-11-17,9802282,NULL,"Imported by IVO Systems on 2026.08.05.","2026-08-05 14:38:08",45,0,1,1,3,"2026-08-18 20:38:08",0,9236,NULL,65c24ade-6e83-47f9-97d0-3b07bc9d02d8,NULL,NULL,J,NULL,NULL,NULL,NULL,"2026-08-06 18:10:59",NULL,NULL
97424,52271,2025-11-17,NULL,NULL,"Imported by IVO Systems on 2026.08.05.","2026-08-05 14:38:09",45,1,0,0,3,"2026-08-18 20:38:08",0,9236,NULL,b4fed413-0bb8-4127-b641-da4223f73523,NULL,NULL,J,NULL,NULL,NULL,NULL,NULL,NULL,NULL
97425,52271,2025-11-17,NULL,NULL,"Imported by IVO Systems on 2026.08.05.","2026-08-05 14:38:09",45,1,0,0,3,"2026-08-18 20:38:08",0,9236,NULL,242a996e-d860-43d7-bbf0-eb9dbe41e004,NULL,NULL,J,NULL,NULL,NULL,NULL,NULL,NULL,NULL
98669,52271,2026-08-10,NULL,NULL,"EXPIRED FIRE EXTINGUISHER. WORK ORDER FOR JOBSITE.","2026-08-10 16:06:41",16222,0,1,0,1,"2026-08-10 16:07:10",0,16222,48,1cf1ab5a-5e5d-4d7c-b77e-e9f833ebcda5,NULL,NULL,P,NULL,NULL,NULL,NULL,NULL,NULL,NULL
99073,52271,2026-08-12,9923145,NULL,"Replaced hydraulic hose for the brake left side.

Current Hours - 4737.4 as of 8-12-26 @ 10:56 am ","2026-08-12 15:12:46",15668,0,1,0,3,"2026-08-12 16:23:26",0,16222,78,74d7282f-b89d-4483-9f90-5423e769c952,NULL,NULL,P,NULL,NULL,NULL,NULL,"2026-08-12 16:23:26",NULL,NULL
97075,52272,2025-11-19,9801786,NULL,"Imported by IVO Systems on 2026.08.05.","2026-08-05 14:16:39",45,0,1,1,3,"2026-08-18 20:38:08",0,9236,NULL,5797241b-ae44-4d87-aabb-f203d64eea8b,NULL,NULL,J,NULL,NULL,NULL,NULL,"2026-08-06 14:09:52",NULL,NULL
97076,52272,2025-01-02,9801788,NULL,"Imported by IVO Systems on 2026.08.05.","2026-08-05 14:16:39",45,0,1,1,3,"2026-08-18 20:38:08",0,9236,NULL,0cec799f-9950-4427-a87b-359fd3b86fc4,NULL,NULL,J,NULL,NULL,NULL,NULL,"2026-08-06 14:10:28",NULL,NULL
97077,52272,2025-11-19,NULL,NULL,"Imported by IVO Systems on 2026.08.05.","2026-08-05 14:16:39",45,1,0,0,3,"2026-08-18 20:38:08",0,9236,NULL,42f7a545-4da3-478d-9030-1420d460a9bd,NULL,NULL,J,NULL,NULL,NULL,NULL,NULL,NULL,NULL
97072,52277,2026-03-06,9801783,NULL,"Imported by IVO Systems on 2026.08.05.","2026-08-05 14:16:38",45,0,1,1,3,"2026-08-18 20:38:08",0,9236,NULL,66457701-3114-41a6-912f-0b3bf8e2e463,NULL,NULL,J,NULL,NULL,NULL,NULL,"2026-08-06 14:08:32",NULL,NULL
97073,52277,2025-08-05,9801784,NULL,"Imported by IVO Systems on 2026.08.05.","2026-08-05 14:16:38",45,0,1,1,3,"2026-08-18 20:38:08",0,9236,NULL,90673fbb-2751-488e-8ae0-816dcf715929,NULL,NULL,J,NULL,NULL,NULL,NULL,"2026-08-06 14:08:56",NULL,NULL
97074,52277,2026-03-06,NULL,NULL,"Imported by IVO Systems on 2026.08.05.","2026-08-05 14:16:38",45,1,0,0,3,"2026-08-18 20:38:08",0,9236,NULL,d157a901-60e5-404c-a2fb-2d7a9be6aed5,NULL,NULL,J,NULL,NULL,NULL,NULL,NULL,NULL,NULL
97008,52281,2025-03-05,9801718,NULL,"Imported by IVO Systems on 2026.08.05.","2026-08-05 14:16:24",45,0,1,1,3,"2026-08-18 20:38:08",0,9236,NULL,5ea80a0f-3a08-41f6-bf72-891ff0633f27,NULL,NULL,J,NULL,NULL,NULL,NULL,"2026-08-06 13:13:58",NULL,NULL
97009,52281,2025-09-22,NULL,NULL,"Imported by IVO Systems on 2026.08.05.","2026-08-05 14:16:24",45,1,0,0,3,"2026-08-18 20:38:08",0,9236,NULL,af410097-5b9a-43f0-bbe9-baf4fc7d5116,NULL,NULL,J,NULL,NULL,NULL,NULL,NULL,NULL,NULL
97010,52281,2025-09-22,9801720,NULL,"Imported by IVO Systems on 2026.08.05.","2026-08-05 14:16:24",45,0,1,1,3,"2026-08-18 20:38:08",0,9236,NULL,96f0c8dd-ca73-4eb1-9ef8-e64d63151400,NULL,NULL,J,NULL,NULL,NULL,NULL,"2026-08-06 13:15:05",NULL,NULL
98562,52281,2026-08-08,NULL,NULL,"*BACK-UP CAMERA INOP","2026-08-08 17:46:35",16222,0,1,0,1,"2026-08-08 17:53:15",0,16222,74,74b624f7-6e29-4f65-982f-8f4fb4014522,NULL,NULL,P,NULL,NULL,NULL,NULL,NULL,NULL,NULL
98563,52281,2026-08-08,NULL,NULL,"*FRONT WINSHIELD WASHER SPRAYER INOP","2026-08-08 17:53:57",16222,0,1,0,1,"2026-08-08 17:54:12",0,16222,82,f51cf755-5b8d-4b2d-a3d4-5747c95cfcf0,NULL,NULL,P,NULL,NULL,NULL,NULL,NULL,NULL,NULL
99728,52281,2026-08-10,NULL,NULL,"FABICK TO FIX CAT TELEMATICS.","2026-08-17 20:56:46",16222,0,1,0,1,"2026-08-17 20:56:50",0,16222,125,9b732ae8-361f-4101-9bce-88e2ef5f5f64,NULL,NULL,P,NULL,NULL,NULL,NULL,NULL,NULL,NULL
99732,52281,2026-08-17,NULL,NULL,"1000 HR DUE","2026-08-17 21:00:44",16222,0,1,1,1,"2026-08-17 21:00:51",0,16222,70,aa687aff-43a2-4da0-b9b4-b3e2fa4d468c,NULL,NULL,P,NULL,NULL,NULL,NULL,NULL,NULL,NULL
97432,52282,2025-02-17,9802292,NULL,"Imported by IVO Systems on 2026.08.05.","2026-08-05 14:38:11",45,0,1,1,3,"2026-08-18 20:38:08",0,9236,NULL,1c3e47df-143f-45b1-88be-72019c50cd82,NULL,NULL,J,NULL,NULL,NULL,NULL,"2026-08-06 18:16:16",NULL,NULL
97433,52282,2025-02-17,NULL,NULL,"Imported by IVO Systems on 2026.08.05.","2026-08-05 14:38:11",45,1,0,0,3,"2026-08-18 20:38:08",0,9236,NULL,da2a87d0-b04f-4e72-ae06-ddb55037e19b,NULL,NULL,J,NULL,NULL,NULL,NULL,NULL,NULL,NULL
97434,52282,2025-11-21,9802295,NULL,"Imported by IVO Systems on 2026.08.05.","2026-08-05 14:38:11",45,0,1,1,3,"2026-08-18 20:38:08",0,9236,NULL,a8eddcbc-f859-41b5-87a2-19255a450c40,NULL,NULL,J,NULL,NULL,NULL,NULL,"2026-08-06 18:16:43",NULL,NULL
99730,52282,2026-08-10,NULL,NULL,"FABICK TO FIX CAT TELEMATICS.","2026-08-17 20:58:10",16222,0,1,0,1,"2026-08-17 20:58:15",0,16222,125,fae5f766-1e3d-4108-b895-0e1681d6773a,NULL,NULL,P,NULL,NULL,NULL,NULL,NULL,NULL,NULL
99599,52284,2026-08-13,NULL,NULL,"AP COMPLETED 08/13/26","2026-08-17 16:23:04",16222,0,1,1,3,"2026-08-17 16:23:50",0,16222,122,a7d58a9c-b290-4c08-b92f-e526219efb21,NULL,NULL,P,NULL,NULL,NULL,NULL,"2026-08-17 16:23:50",NULL,NULL
97420,52285,2026-06-10,9802278,NULL,"Imported by IVO Systems on 2026.08.05.","2026-08-05 14:38:07",45,0,1,1,3,"2026-08-18 20:38:08",0,9236,NULL,6b18a998-c682-4b13-8a4a-1508abb1f654,NULL,NULL,J,NULL,NULL,NULL,NULL,"2026-08-06 18:07:06",NULL,NULL
97421,52285,2026-06-05,9802280,NULL,"Imported by IVO Systems on 2026.08.05.","2026-08-05 14:38:07",45,0,1,1,3,"2026-08-18 20:38:08",0,9236,NULL,3b805593-27e7-4fcd-a7c8-795d2881a263,NULL,NULL,J,NULL,NULL,NULL,NULL,"2026-08-06 18:07:25",NULL,NULL
97422,52285,2026-06-19,9802281,NULL,"Imported by IVO Systems on 2026.08.05.","2026-08-05 14:38:08",45,0,1,1,3,"2026-08-18 20:38:08",0,9236,NULL,bee23e19-f955-4f5f-aeaf-60a043f424cc,NULL,NULL,J,NULL,NULL,NULL,NULL,"2026-08-06 18:08:01",NULL,NULL
99729,52285,2026-08-10,NULL,NULL,"FABICK TO FIX CAT TELEMATICS.","2026-08-17 20:57:32",16222,0,1,0,1,"2026-08-17 20:57:37",0,16222,125,9598986f-8eed-410c-b6fd-9e5d3fe0ece6,NULL,NULL,P,NULL,NULL,NULL,NULL,NULL,NULL,NULL
97020,52286,2026-05-17,9801731,NULL,"Imported by IVO Systems on 2026.08.05.","2026-08-05 14:16:27",45,0,1,1,3,"2026-08-18 20:38:08",0,9236,NULL,bbba249c-2970-4d29-b7fe-825149adaaad,NULL,NULL,J,NULL,NULL,NULL,NULL,"2026-08-06 13:34:57",NULL,NULL
97021,52286,2026-05-17,NULL,NULL,"Imported by IVO Systems on 2026.08.05.","2026-08-05 14:16:27",45,1,0,0,3,"2026-08-18 20:38:08",0,9236,NULL,76c9c3f8-1f82-4930-913a-a2c59d4f07cf,NULL,NULL,J,NULL,NULL,NULL,NULL,NULL,NULL,NULL
97022,52286,2026-05-17,NULL,NULL,"Imported by IVO Systems on 2026.08.05.","2026-08-05 14:16:27",45,1,0,0,3,"2026-08-18 20:38:08",0,9236,NULL,767cf169-4f3d-40ed-8772-e2888619c80c,NULL,NULL,J,NULL,NULL,NULL,NULL,NULL,NULL,NULL
98959,52286,2026-05-05,NULL,NULL,"*CRACKED REAR WINDOW (062502) 
*DAMAGED STEPS (062502)


062502 DAILY REC'D 08/08/26; 08/04/26; 05/27/26; 05/19/26; 05/13/26; 05/05/26>
","2026-08-11 20:04:32",16222,0,1,0,1,"2026-08-11 20:04:39",0,16222,53,60f6a2da-65e5-4ca7-92f2-04368da66563,NULL,NULL,P,NULL,NULL,NULL,NULL,NULL,NULL,NULL
98960,52286,2026-08-06,NULL,NULL,"(WAGNER)  - T/S RIDE CONTROL, T/S ENGINE, REPAIR CUTTING EDGE

WAGNER UDPATE 08/06/26 - WO#0M00263 - TECH ASSIGNED.

RIDE CONTROL INOP - 062502 DAILY REC'D 08/04/26>","2026-08-11 20:07:03",16222,0,1,0,1,"2026-08-18 04:43:17",0,16222,58,81c597a4-f503-48bc-ba6b-2d0fd66995dd,NULL,NULL,P,NULL,NULL,NULL,NULL,NULL,NULL,NULL
97429,52287,2026-04-11,NULL,NULL,"Imported by IVO Systems on 2026.08.05.","2026-08-05 14:38:10",45,1,0,0,3,"2026-08-18 20:38:08",0,9236,NULL,9ac32da9-1871-462e-ad77-30924b7825ff,NULL,NULL,J,NULL,NULL,NULL,NULL,NULL,NULL,NULL
97430,52287,2025-05-13,9802290,NULL,"Imported by IVO Systems on 2026.08.05.","2026-08-05 14:38:10",45,0,1,1,3,"2026-08-18 20:38:08",0,9236,NULL,aa043756-39c0-4359-9fcf-0e52a0a1d6d2,NULL,NULL,J,NULL,NULL,NULL,NULL,"2026-08-06 18:14:47",NULL,NULL
97431,52287,2026-04-11,9802289,NULL,"Imported by IVO Systems on 2026.08.05.","2026-08-05 14:38:10",45,0,1,1,3,"2026-08-18 20:38:08",0,9236,NULL,938083b2-8d62-42cc-9dbb-cfae9a0a95c8,NULL,NULL,J,NULL,NULL,NULL,NULL,"2026-08-06 18:14:24",NULL,NULL
96999,52288,2025-10-20,9801707,NULL,"Imported by IVO Systems on 2026.08.05.","2026-08-05 14:16:21",45,0,1,1,3,"2026-08-18 20:38:08",0,9236,NULL,813c0b06-b85c-4ed1-b2a2-1811bf2a4e37,NULL,NULL,J,NULL,NULL,NULL,NULL,"2026-08-06 13:06:32",NULL,NULL
97000,52288,2025-10-20,NULL,NULL,"Imported by IVO Systems on 2026.08.05.","2026-08-05 14:16:22",45,1,0,0,3,"2026-08-18 20:38:08",0,9236,NULL,00a05c3f-db72-4961-99ba-1108d5509003,NULL,NULL,J,NULL,NULL,NULL,NULL,NULL,NULL,NULL
97001,52288,2025-10-20,NULL,NULL,"Imported by IVO Systems on 2026.08.05.","2026-08-05 14:16:22",45,1,0,0,3,"2026-08-18 20:38:08",0,9236,NULL,3a2dfa35-aae3-4c17-a6f9-0333f047b9a2,NULL,NULL,J,NULL,NULL,NULL,NULL,NULL,NULL,NULL
97435,52289,2025-09-10,NULL,NULL,"Imported by IVO Systems on 2026.08.05.","2026-08-05 14:38:11",45,0,1,0,3,"2026-08-18 20:38:08",0,NULL,NULL,06077c6e-8d98-4fee-9e4f-d805ce27e78d,NULL,NULL,J,NULL,NULL,NULL,NULL,NULL,NULL,NULL
97436,52289,2010-01-01,NULL,NULL,"Imported by IVO Systems on 2026.08.05.","2026-08-05 14:38:11",45,0,1,0,3,"2026-08-18 20:38:08",0,NULL,NULL,c7d31b5a-58d8-40c3-97b9-5c9f628eb1e4,NULL,NULL,J,NULL,NULL,NULL,NULL,NULL,NULL,NULL
97437,52289,2025-09-10,9802296,NULL,"Imported by IVO Systems on 2026.08.05.","2026-08-05 14:38:12",45,0,1,1,3,"2026-08-18 20:38:08",0,9236,NULL,5f973827-41d8-45f8-9eb1-b71e2e43b14b,NULL,NULL,J,NULL,NULL,NULL,NULL,"2026-08-06 18:21:07",NULL,NULL
97069,52293,2026-04-04,9801780,NULL,"Imported by IVO Systems on 2026.08.05.","2026-08-05 14:16:37",45,0,1,1,3,"2026-08-18 20:38:08",0,9236,NULL,61b90a2b-0a9a-46bd-8186-ea978758ca97,NULL,NULL,J,NULL,NULL,NULL,NULL,"2026-08-06 14:07:02",NULL,NULL
97070,52293,2025-10-04,9801781,NULL,"Imported by IVO Systems on 2026.08.05.","2026-08-05 14:16:38",45,0,1,1,3,"2026-08-18 20:38:08",0,9236,NULL,e39aae93-1a7d-4571-9180-5fc82834c1b7,NULL,NULL,J,NULL,NULL,NULL,NULL,"2026-08-06 14:07:22",NULL,NULL
97071,52293,2026-07-15,9801782,NULL,"Imported by IVO Systems on 2026.08.05.","2026-08-05 14:16:38",45,0,1,1,3,"2026-08-18 20:38:08",0,9236,NULL,df4d11bd-1ffe-42a2-9c4f-29c0f16705a1,NULL,NULL,J,NULL,NULL,NULL,NULL,"2026-08-06 14:07:44",NULL,NULL
98797,52293,2026-08-10,NULL,NULL,"EMISSIONS FAULT CODE E1389 - E960","2026-08-10 21:17:27",16222,0,1,0,1,"2026-08-10 21:17:32",0,16222,74,8522cf57-3426-43a1-a1c1-5e53e3358d12,NULL,NULL,P,NULL,NULL,NULL,NULL,NULL,NULL,NULL
97438,52297,2026-04-17,NULL,NULL,"Imported by IVO Systems on 2026.08.05.","2026-08-05 14:38:12",45,1,0,0,3,"2026-08-18 20:38:08",0,9236,NULL,e04ba89d-8691-447b-b9a3-6638c1beeec4,NULL,NULL,J,NULL,NULL,NULL,NULL,NULL,NULL,NULL
97439,52297,2025-06-21,9802299,NULL,"Imported by IVO Systems on 2026.08.05.","2026-08-05 14:38:12",45,0,1,1,3,"2026-08-18 20:38:08",0,9236,NULL,23b90a54-e4ba-49ad-b033-a06c492604f1,NULL,NULL,J,NULL,NULL,NULL,NULL,"2026-08-06 18:23:10",NULL,NULL
97440,52297,2026-04-17,9802298,NULL,"Imported by IVO Systems on 2026.08.05.","2026-08-05 14:38:12",45,0,1,1,3,"2026-08-18 20:38:08",0,9236,NULL,612ccbee-662d-43be-9cfd-307b27bab601,NULL,NULL,J,NULL,NULL,NULL,NULL,"2026-08-06 18:22:39",NULL,NULL
97060,52300,2026-06-03,9801771,NULL,"Imported by IVO Systems on 2026.08.05.","2026-08-05 14:16:35",45,0,1,1,3,"2026-08-18 20:38:08",0,9236,NULL,f7021119-6899-4cbc-809f-3055608d933c,NULL,NULL,J,NULL,NULL,NULL,NULL,"2026-08-06 14:03:26",NULL,NULL
97061,52300,2026-06-03,NULL,NULL,"Imported by IVO Systems on 2026.08.05.","2026-08-05 14:16:36",45,1,0,0,3,"2026-08-18 20:38:08",0,9236,NULL,335e9a33-3495-4b8f-95ca-7b3a35ef7167,NULL,NULL,J,NULL,NULL,NULL,NULL,NULL,NULL,NULL
97062,52300,2026-06-03,NULL,NULL,"Imported by IVO Systems on 2026.08.05.","2026-08-05 14:16:36",45,1,0,0,3,"2026-08-18 20:38:08",0,9236,NULL,2390ebe8-c347-4c49-98b7-1b9b558d8499,NULL,NULL,J,NULL,NULL,NULL,NULL,NULL,NULL,NULL
98686,52300,2026-08-16,NULL,NULL,"REPLACE WEAR PLATES. EXCESSIVELY WORN.
On 08/16/26 Friday 
I replace wear plates (NB).","2026-08-10 17:10:50",16222,0,1,0,3,"2026-08-18 15:17:27",0,16222,83,3361c5b7-b05e-4433-987e-e8699b8f9593,NULL,NULL,P,NULL,NULL,NULL,NULL,"2026-08-18 15:17:27",NULL,NULL
97426,52301,2026-02-18,9802286,NULL,"Imported by IVO Systems on 2026.08.05.","2026-08-05 14:38:09",45,0,1,1,3,"2026-08-18 20:38:08",0,9236,NULL,88be7338-554b-4384-8842-7ba0a79bd373,NULL,NULL,J,NULL,NULL,NULL,NULL,"2026-08-06 18:12:10",NULL,NULL
97427,52301,2026-02-18,NULL,NULL,"Imported by IVO Systems on 2026.08.05.","2026-08-05 14:38:09",45,1,0,0,3,"2026-08-18 20:38:08",0,9236,NULL,0df2bffe-6254-4714-b442-deb95f888e22,NULL,NULL,J,NULL,NULL,NULL,NULL,NULL,NULL,NULL
97428,52301,2026-07-09,9802288,NULL,"Imported by IVO Systems on 2026.08.05.","2026-08-05 14:38:10",45,0,1,1,3,"2026-08-18 20:38:08",0,9236,NULL,ca85115c-6b7e-49fa-bed5-30d1172b4958,NULL,NULL,J,NULL,NULL,NULL,NULL,"2026-08-06 18:12:33",NULL,NULL
97023,52304,2026-01-08,9801734,NULL,"Imported by IVO Systems on 2026.08.05.","2026-08-05 14:16:27",45,0,1,1,3,"2026-08-18 20:38:08",0,9236,NULL,3f74caa6-fdf2-48d5-a19f-3a86871d7062,NULL,NULL,J,NULL,NULL,NULL,NULL,"2026-08-06 13:41:18",NULL,NULL
97024,52304,2026-01-08,NULL,NULL,"Imported by IVO Systems on 2026.08.05.","2026-08-05 14:16:28",45,1,0,0,3,"2026-08-18 20:38:08",0,9236,NULL,f05a9dde-1090-4cb3-bcba-403e577b8bda,NULL,NULL,J,NULL,NULL,NULL,NULL,NULL,NULL,NULL
97025,52304,2026-06-16,9801736,NULL,"Imported by IVO Systems on 2026.08.05.","2026-08-05 14:16:28",45,0,1,1,3,"2026-08-18 20:38:08",0,9236,NULL,c0130ef8-9ce4-4dba-a23e-5baf64922de8,NULL,NULL,J,NULL,NULL,NULL,NULL,"2026-08-06 13:40:33",NULL,NULL
97456,52306,2025-10-18,9802316,NULL,"Imported by IVO Systems on 2026.08.05.","2026-08-05 14:38:16",45,0,1,1,3,"2026-08-18 20:38:08",0,9236,NULL,96fd462f-1772-471b-a6f1-8ba27ed8841c,NULL,NULL,J,NULL,NULL,NULL,NULL,"2026-08-06 18:35:08",NULL,NULL
97457,52306,2024-06-18,9802317,NULL,"Imported by IVO Systems on 2026.08.05.","2026-08-05 14:38:16",45,0,1,1,3,"2026-08-18 20:38:08",0,9236,NULL,ecc46923-ded0-470f-be8a-27465090d6d8,NULL,NULL,J,NULL,NULL,NULL,NULL,"2026-08-06 18:35:34",NULL,NULL
97458,52306,2026-04-24,9802318,NULL,"Imported by IVO Systems on 2026.08.05.","2026-08-05 14:38:16",45,0,1,1,3,"2026-08-18 20:38:08",0,9236,NULL,bc0ea987-0316-41e3-8319-96eafb671277,NULL,NULL,J,NULL,NULL,NULL,NULL,"2026-08-06 18:35:55",NULL,NULL
97087,52310,2026-06-12,9801800,NULL,"Imported by IVO Systems on 2026.08.05.","2026-08-05 14:16:42",45,0,1,1,3,"2026-08-18 20:38:08",0,9236,NULL,0f28fffa-c62a-4329-86de-94b32243dd20,NULL,NULL,J,NULL,NULL,NULL,NULL,"2026-08-06 14:15:54",NULL,NULL
97088,52310,2025-10-30,9801802,NULL,"Imported by IVO Systems on 2026.08.05.","2026-08-05 14:16:42",45,0,1,1,3,"2026-08-18 20:38:08",0,9236,NULL,3ab62f93-cb97-4109-8a90-fb9e5cb94544,NULL,NULL,J,NULL,NULL,NULL,NULL,"2026-08-06 14:16:16",NULL,NULL
97089,52310,2026-06-12,NULL,NULL,"Imported by IVO Systems on 2026.08.05.","2026-08-05 14:16:42",45,1,0,0,3,"2026-08-18 20:38:08",0,9236,NULL,dfeaf4c0-6ed5-400b-8b9e-a7dfe501183b,NULL,NULL,J,NULL,NULL,NULL,NULL,NULL,NULL,NULL
99024,52310,2026-08-12,NULL,NULL,"SUN VISOR INOP

Replaced visor ","2026-08-12 12:20:55",16222,0,1,0,2,"2026-08-18 18:46:40",0,15873,82,ddcb2222-d202-46f2-83e1-1d8ab376ebbb,NULL,NULL,P,NULL,NULL,NULL,NULL,"2026-08-18 18:46:40",NULL,NULL
97444,52311,2026-02-14,9802304,NULL,"Imported by IVO Systems on 2026.08.05.","2026-08-05 14:38:13",45,0,1,1,3,"2026-08-18 20:38:08",0,9236,NULL,592b2b4b-4a38-4340-bda5-f8f990113657,NULL,NULL,J,NULL,NULL,NULL,NULL,"2026-08-06 18:26:18",NULL,NULL
97445,52311,2026-02-14,NULL,NULL,"Imported by IVO Systems on 2026.08.05.","2026-08-05 14:38:13",45,1,0,0,3,"2026-08-18 20:38:08",0,9236,NULL,57e084f2-56dd-4207-a2d4-036968d822e5,NULL,NULL,J,NULL,NULL,NULL,NULL,NULL,NULL,NULL
97446,52311,2026-07-24,9802306,NULL,"Imported by IVO Systems on 2026.08.05.","2026-08-05 14:38:13",45,0,1,1,3,"2026-08-18 20:38:08",0,9236,NULL,781e71e0-c51e-4292-95f4-f04072e660f4,NULL,NULL,J,NULL,NULL,NULL,NULL,"2026-08-06 18:26:45",NULL,NULL
97096,52316,2010-01-01,NULL,NULL,"Imported by IVO Systems on 2026.08.05.","2026-08-05 14:16:44",45,0,1,0,3,"2026-08-18 20:38:08",0,NULL,NULL,fee50716-1eb8-4335-a45a-3782b342debb,NULL,NULL,J,NULL,NULL,NULL,NULL,NULL,NULL,NULL
97097,52316,2010-01-01,NULL,NULL,"Imported by IVO Systems on 2026.08.05.","2026-08-05 14:16:44",45,0,1,0,3,"2026-08-18 20:38:08",0,NULL,NULL,681d8d3b-cc4c-4ddb-8680-0ec9e3047bf4,NULL,NULL,J,NULL,NULL,NULL,NULL,NULL,NULL,NULL
97098,52316,2026-06-13,9801810,NULL,"Imported by IVO Systems on 2026.08.05.","2026-08-05 14:16:44",45,0,1,1,3,"2026-08-18 20:38:08",0,9236,NULL,69f8fdf4-14a3-4729-8d5f-558cb542c0d9,NULL,NULL,J,NULL,NULL,NULL,NULL,"2026-08-06 14:20:34",NULL,NULL
97441,52317,2026-07-15,9802301,NULL,"Imported by IVO Systems on 2026.08.05.","2026-08-05 14:38:12",45,0,1,1,3,"2026-08-18 20:38:08",0,9236,NULL,3b4cbaf1-c00a-456a-90d4-e979f02624e8,NULL,NULL,J,NULL,NULL,NULL,NULL,"2026-08-06 18:24:55",NULL,NULL
97442,52317,2026-07-15,NULL,NULL,"Imported by IVO Systems on 2026.08.05.","2026-08-05 14:38:13",45,1,0,0,3,"2026-08-18 20:38:08",0,9236,NULL,bd87e9c3-7f89-4690-a119-e013b262cdd8,NULL,NULL,J,NULL,NULL,NULL,NULL,NULL,NULL,NULL
97443,52317,2026-07-15,NULL,NULL,"Imported by IVO Systems on 2026.08.05.","2026-08-05 14:38:13",45,1,0,0,3,"2026-08-18 20:38:08",0,9236,NULL,bf6fc61a-077b-4ca3-b9f5-eb0031ae1ae8,NULL,NULL,J,NULL,NULL,NULL,NULL,NULL,NULL,NULL
98973,52317,2026-08-11,NULL,NULL,"FAULT CODE - 2426 (9) 2 ","2026-08-11 21:34:46",16222,0,1,0,1,"2026-08-11 21:34:51",0,16222,74,b73714d1-d939-4bba-a0fd-4def4b35f4ed,NULL,NULL,P,NULL,NULL,NULL,NULL,NULL,NULL,NULL
97450,52319,2025-11-11,9802310,NULL,"Imported by IVO Systems on 2026.08.05.","2026-08-05 14:38:14",45,0,1,1,3,"2026-08-18 20:38:08",0,9236,NULL,acc509b5-fd3a-4a9f-b6c6-8c2cf0620d74,NULL,NULL,J,NULL,NULL,NULL,NULL,"2026-08-06 18:30:28",NULL,NULL
97451,52319,2024-11-02,9802311,NULL,"Imported by IVO Systems on 2026.08.05.","2026-08-05 14:38:15",45,0,1,1,3,"2026-08-18 20:38:08",0,9236,NULL,df7a87ae-e75f-42ba-95fa-a81886de1c47,NULL,NULL,J,NULL,NULL,NULL,NULL,"2026-08-06 18:30:51",NULL,NULL
97452,52319,2025-11-11,NULL,NULL,"Imported by IVO Systems on 2026.08.05.","2026-08-05 14:38:15",45,1,0,0,3,"2026-08-18 20:38:08",0,9236,NULL,0f338853-7b19-4ce4-bfab-4164820c869f,NULL,NULL,J,NULL,NULL,NULL,NULL,NULL,NULL,NULL
97084,52326,2026-07-16,9801796,NULL,"Imported by IVO Systems on 2026.08.05.","2026-08-05 14:16:41",45,0,1,1,3,"2026-08-18 20:38:08",0,9236,NULL,94a90ed6-9a51-4184-b37c-2d72f7111f3f,NULL,NULL,J,NULL,NULL,NULL,NULL,"2026-08-06 14:14:54",NULL,NULL
97085,52326,2026-07-16,NULL,NULL,"Imported by IVO Systems on 2026.08.05.","2026-08-05 14:16:41",45,1,0,0,3,"2026-08-18 20:38:08",0,9236,NULL,c1013056-8719-4cb6-a202-4cb69545c1db,NULL,NULL,J,NULL,NULL,NULL,NULL,NULL,NULL,NULL
97086,52326,2026-07-16,NULL,NULL,"Imported by IVO Systems on 2026.08.05.","2026-08-05 14:16:41",45,1,0,0,3,"2026-08-18 20:38:08",0,9236,NULL,92de0634-6c54-409d-acbc-7e6e64e95036,NULL,NULL,J,NULL,NULL,NULL,NULL,NULL,NULL,NULL
99765,52326,2026-08-17,NULL,NULL,"RIGHT FRONT TURN SIGNAL OUT.","2026-08-18 02:51:23",16222,0,1,0,1,"2026-08-18 02:51:37",0,16222,74,47bda266-9468-4dce-9fda-a32e5415d8c0,NULL,NULL,P,NULL,NULL,NULL,NULL,NULL,NULL,NULL
97453,52327,2026-08-01,9802313,NULL,"Imported by IVO Systems on 2026.08.05.","2026-08-05 14:38:15",45,0,1,1,3,"2026-08-18 20:38:08",0,9236,NULL,63e012ce-4710-4bc7-aec0-19b1244cbcb7,NULL,NULL,J,NULL,NULL,NULL,NULL,"2026-08-06 18:33:24",NULL,NULL
97454,52327,2026-02-13,9802314,NULL,"Imported by IVO Systems on 2026.08.05.","2026-08-05 14:38:15",45,0,1,1,3,"2026-08-18 20:38:08",0,9236,NULL,884822f4-b88e-494e-a174-e3ab86465679,NULL,NULL,J,NULL,NULL,NULL,NULL,"2026-08-06 18:33:56",NULL,NULL
97455,52327,2026-08-01,NULL,NULL,"Imported by IVO Systems on 2026.08.05.","2026-08-05 14:38:15",45,1,0,0,3,"2026-08-18 20:38:08",0,9236,NULL,4e04c7ad-6fcb-4786-8eed-cda4b05d4293,NULL,NULL,J,NULL,NULL,NULL,NULL,NULL,NULL,NULL
99860,52327,2026-08-18,NULL,NULL,"500 HR SERVICE DUE","2026-08-18 16:14:05",16222,0,1,1,1,"2026-08-18 16:14:14",0,16222,70,914e52f8-851d-4317-8ba4-50ead53b9f1a,NULL,NULL,P,NULL,NULL,NULL,NULL,NULL,NULL,NULL
97099,52329,2026-06-06,9801811,NULL,"Imported by IVO Systems on 2026.08.05.","2026-08-05 14:16:44",45,0,1,1,3,"2026-08-18 20:38:08",0,9236,NULL,012ccb84-5567-4378-9032-2541ed3ad6a7,NULL,NULL,J,NULL,NULL,NULL,NULL,"2026-08-06 14:21:27",NULL,NULL
97100,52329,2026-06-06,NULL,NULL,"Imported by IVO Systems on 2026.08.05.","2026-08-05 14:16:44",45,1,0,0,3,"2026-08-18 20:38:08",0,9236,NULL,df9a791e-4071-4368-8dda-7f8d040c7eb6,NULL,NULL,J,NULL,NULL,NULL,NULL,NULL,NULL,NULL
97101,52329,2026-06-06,NULL,NULL,"Imported by IVO Systems on 2026.08.05.","2026-08-05 14:16:45",45,1,0,0,3,"2026-08-18 20:38:08",0,9236,NULL,8963d77a-df49-400d-b002-a75ef29d8bf9,NULL,NULL,J,NULL,NULL,NULL,NULL,NULL,NULL,NULL
97447,52331,2025-11-01,NULL,NULL,"Imported by IVO Systems on 2026.08.05.","2026-08-05 14:38:14",45,1,0,0,3,"2026-08-18 20:38:08",0,9236,NULL,26682eb1-b831-4078-82b4-b3b5a7c24bce,NULL,NULL,J,NULL,NULL,NULL,NULL,NULL,NULL,NULL
97448,52331,2024-06-21,9802308,NULL,"Imported by IVO Systems on 2026.08.05.","2026-08-05 14:38:14",45,0,1,1,3,"2026-08-18 20:38:08",0,9236,NULL,52cab54e-2776-46b5-83fe-4362683eddc8,NULL,NULL,J,NULL,NULL,NULL,NULL,"2026-08-06 18:28:35",NULL,NULL
97449,52331,2025-11-01,9802307,NULL,"Imported by IVO Systems on 2026.08.05.","2026-08-05 14:38:14",45,0,1,1,3,"2026-08-18 20:38:08",0,9236,NULL,38f252d1-90dd-4d19-93df-62e78d84fc72,NULL,NULL,J,NULL,NULL,NULL,NULL,"2026-08-06 18:28:07",NULL,NULL
97090,52339,2026-04-21,9801804,NULL,"Imported by IVO Systems on 2026.08.05.","2026-08-05 14:16:42",45,0,1,1,3,"2026-08-18 20:38:08",0,9236,NULL,ddea1aec-250f-4aff-97fe-606598415f53,NULL,NULL,J,NULL,NULL,NULL,NULL,"2026-08-06 14:17:25",NULL,NULL
97091,52339,2026-04-21,NULL,NULL,"Imported by IVO Systems on 2026.08.05.","2026-08-05 14:16:43",45,1,0,0,3,"2026-08-18 20:38:08",0,9236,NULL,35e5e059-51fd-4140-9e36-0a1f4201ecce,NULL,NULL,J,NULL,NULL,NULL,NULL,NULL,NULL,NULL
97092,52339,2026-04-21,NULL,NULL,"Imported by IVO Systems on 2026.08.05.","2026-08-05 14:16:43",45,1,0,0,3,"2026-08-18 20:38:08",0,9236,NULL,8525dab5-9a8e-4af2-bc29-9724c40043e0,NULL,NULL,J,NULL,NULL,NULL,NULL,NULL,NULL,NULL
98750,52339,2026-08-05,9888966,NULL,"500 HR COMPLETED 08/05/26 @ 2875 HRS, USED ADJUSTED HOURS OF 2872.","2026-08-10 18:58:44",16222,0,1,1,3,"2026-08-10 19:02:21",0,16222,70,81bb886e-c738-4a84-bc6e-08fbbb321e61,NULL,NULL,P,NULL,NULL,NULL,NULL,"2026-08-10 19:02:21",NULL,NULL
97093,52347,2026-04-03,9801807,NULL,"Imported by IVO Systems on 2026.08.05.","2026-08-05 14:16:43",45,0,1,1,3,"2026-08-18 20:38:08",0,9236,NULL,4f54e053-8e20-45d7-881f-4ecea85c9e57,NULL,NULL,J,NULL,NULL,NULL,NULL,"2026-08-06 14:18:48",NULL,NULL
97094,52347,2026-04-03,NULL,NULL,"Imported by IVO Systems on 2026.08.05.","2026-08-05 14:16:43",45,1,0,0,3,"2026-08-18 20:38:08",0,9236,NULL,421d31e1-e930-4b3c-b485-fe85454d1d10,NULL,NULL,J,NULL,NULL,NULL,NULL,NULL,NULL,NULL
97095,52347,2026-07-11,9801809,NULL,"Imported by IVO Systems on 2026.08.05.","2026-08-05 14:16:44",45,0,1,1,3,"2026-08-18 20:38:08",0,9236,NULL,71c75cb9-df0f-494f-8d11-f90328acf157,NULL,NULL,J,NULL,NULL,NULL,NULL,"2026-08-06 14:19:12",NULL,NULL
98821,52347,2026-08-10,NULL,NULL,"REPLACE FRONT WIPER & SPRAYERS.
REPLACE STEERING BUMPERS.","2026-08-11 00:24:53",16222,0,1,0,1,"2026-08-11 00:25:02",0,16222,82,98de5092-2b8e-49bf-ab63-6a52b485c2da,NULL,NULL,P,NULL,NULL,NULL,NULL,NULL,NULL,NULL
97495,52356,2024-02-05,9802361,NULL,"Imported by IVO Systems on 2026.08.05.","2026-08-05 14:38:26",45,0,1,1,3,"2026-08-18 20:38:08",0,9236,NULL,37d03386-57b8-43f2-9c49-d4593f74bff4,NULL,NULL,J,NULL,NULL,NULL,NULL,"2026-08-06 19:09:11",NULL,NULL
97496,52356,2010-01-01,NULL,NULL,"Imported by IVO Systems on 2026.08.05.","2026-08-05 14:38:26",45,0,1,0,3,"2026-08-18 20:38:08",0,NULL,NULL,c320e5cb-5929-45e8-ac9d-60992d37ccfd,NULL,NULL,J,NULL,NULL,NULL,NULL,NULL,NULL,NULL
97497,52356,2025-01-29,9802363,NULL,"Imported by IVO Systems on 2026.08.05.","2026-08-05 14:38:26",45,0,1,1,3,"2026-08-18 20:38:08",0,9236,NULL,8d578afa-0983-40c2-94c0-853edbd53fff,NULL,NULL,J,NULL,NULL,NULL,NULL,"2026-08-06 19:09:52",NULL,NULL
97525,52360,2010-01-01,NULL,NULL,"Imported by IVO Systems on 2026.08.05.","2026-08-05 14:38:30",45,0,1,0,3,"2026-08-18 20:38:08",0,NULL,NULL,ab4b6b58-8282-41de-9d57-168abcb782ad,NULL,NULL,J,NULL,NULL,NULL,NULL,NULL,NULL,NULL
97526,52360,2010-01-01,NULL,NULL,"Imported by IVO Systems on 2026.08.05.","2026-08-05 14:38:30",45,0,1,0,3,"2026-08-18 20:38:08",0,NULL,NULL,693f6fde-f0f8-41a4-b866-d39cd9af0cb4,NULL,NULL,J,NULL,NULL,NULL,NULL,NULL,NULL,NULL
97527,52360,2010-01-01,NULL,NULL,"Imported by IVO Systems on 2026.08.05.","2026-08-05 14:38:30",45,0,1,0,3,"2026-08-18 20:38:08",0,NULL,NULL,adc9f12a-36d1-4492-a3d4-2beb29dc88b8,NULL,NULL,J,NULL,NULL,NULL,NULL,NULL,NULL,NULL
97522,52384,2010-01-01,NULL,NULL,"Imported by IVO Systems on 2026.08.05.","2026-08-05 14:38:30",45,0,1,0,3,"2026-08-18 20:38:08",0,NULL,NULL,e628a430-ceb0-4753-b024-b81c6b6d5456,NULL,NULL,J,NULL,NULL,NULL,NULL,NULL,NULL,NULL
97523,52384,2010-01-01,NULL,NULL,"Imported by IVO Systems on 2026.08.05.","2026-08-05 14:38:30",45,0,1,0,3,"2026-08-18 20:38:08",0,NULL,NULL,3ce24315-c3f3-4f98-b217-a5c861e3b0c4,NULL,NULL,J,NULL,NULL,NULL,NULL,NULL,NULL,NULL
97524,52384,2010-01-01,NULL,NULL,"Imported by IVO Systems on 2026.08.05.","2026-08-05 14:38:30",45,0,1,0,3,"2026-08-18 20:38:08",0,NULL,NULL,538520ad-d5a4-406b-9bbc-923c870f3c76,NULL,NULL,J,NULL,NULL,NULL,NULL,NULL,NULL,NULL
99142,52391,2026-08-12,NULL,NULL,"• DRIVER SIDE TIRES HAVE SLOW LEAK
• BELT SQUEAL ON START UP FOR 10 MIN
• INSPECT BRAKES/SQUEALING
• EXHAUST LEAK (BOTTOM OF MUFFLER)
• BACK UP ALARM INTERMITTENT
• TRANSFER TANK LEAKS IF OVER HALF FULL","2026-08-12 18:55:34",16222,0,1,0,1,"2026-08-18 17:54:44",0,16222,56,ffbb15e5-59ed-49c7-b5e5-9f66acc08c32,NULL,NULL,P,NULL,NULL,NULL,NULL,NULL,NULL,NULL
97519,52400,2010-01-01,NULL,NULL,"Imported by IVO Systems on 2026.08.05.","2026-08-05 14:38:30",45,0,1,0,3,"2026-08-18 20:38:08",0,NULL,NULL,a55c8c61-4c09-4873-af70-b4aea1dbda55,NULL,NULL,J,NULL,NULL,NULL,NULL,NULL,NULL,NULL
97520,52400,2010-01-01,NULL,NULL,"Imported by IVO Systems on 2026.08.05.","2026-08-05 14:38:30",45,0,1,0,3,"2026-08-18 20:38:08",0,NULL,NULL,dbcb9a93-11cb-4c31-b059-60666567256b,NULL,NULL,J,NULL,NULL,NULL,NULL,NULL,NULL,NULL
97521,52400,2010-01-01,NULL,NULL,"Imported by IVO Systems on 2026.08.05.","2026-08-05 14:38:30",45,0,1,0,3,"2026-08-18 20:38:08",0,NULL,NULL,50dbeb89-392a-41b4-96ca-faecab84fcbd,NULL,NULL,J,NULL,NULL,NULL,NULL,NULL,NULL,NULL
97528,52413,2010-01-01,NULL,NULL,"Imported by IVO Systems on 2026.08.05.","2026-08-05 14:38:30",45,0,1,0,3,"2026-08-18 20:38:08",0,NULL,NULL,ae583a49-6450-484e-af1c-ca229946aad7,NULL,NULL,J,NULL,NULL,NULL,NULL,NULL,NULL,NULL
97529,52413,2010-01-01,NULL,NULL,"Imported by IVO Systems on 2026.08.05.","2026-08-05 14:38:30",45,0,1,0,3,"2026-08-18 20:38:08",0,NULL,NULL,219f5c68-95fd-4fa0-a96f-38b48f83a7bc,NULL,NULL,J,NULL,NULL,NULL,NULL,NULL,NULL,NULL
97530,52413,2010-01-01,NULL,NULL,"Imported by IVO Systems on 2026.08.05.","2026-08-05 14:38:30",45,0,1,0,3,"2026-08-18 20:38:08",0,NULL,NULL,80738fea-6540-4489-b88f-c8ecb39ba041,NULL,NULL,J,NULL,NULL,NULL,NULL,NULL,NULL,NULL
97516,52431,2010-01-01,NULL,NULL,"Imported by IVO Systems on 2026.08.05.","2026-08-05 14:38:30",45,0,1,0,3,"2026-08-18 20:38:08",0,NULL,NULL,6ec30d8b-da83-4875-a8e8-c9c23b65d0b7,NULL,NULL,J,NULL,NULL,NULL,NULL,NULL,NULL,NULL
97517,52431,2010-01-01,NULL,NULL,"Imported by IVO Systems on 2026.08.05.","2026-08-05 14:38:30",45,0,1,0,3,"2026-08-18 20:38:08",0,NULL,NULL,b54afab0-0fed-4753-902e-782ea0b7233b,NULL,NULL,J,NULL,NULL,NULL,NULL,NULL,NULL,NULL
97518,52431,2010-01-01,NULL,NULL,"Imported by IVO Systems on 2026.08.05.","2026-08-05 14:38:30",45,0,1,0,3,"2026-08-18 20:38:08",0,NULL,NULL,4c1b30dc-b621-474c-9929-bef922b6bce3,NULL,NULL,J,NULL,NULL,NULL,NULL,NULL,NULL,NULL
97102,52536,2026-07-08,9801815,NULL,"Imported by IVO Systems on 2026.08.05.","2026-08-05 14:16:45",45,0,1,1,3,"2026-08-18 20:38:08",0,9236,NULL,145b20fe-1365-45b5-abd8-2ce51689ea63,NULL,NULL,J,NULL,NULL,NULL,NULL,"2026-08-06 14:22:25",NULL,NULL
97103,52536,2026-07-08,NULL,NULL,"Imported by IVO Systems on 2026.08.05.","2026-08-05 14:16:45",45,1,0,0,3,"2026-08-18 20:38:08",0,9236,NULL,43e77073-dffb-4f38-bc47-38b3d2f332b5,NULL,NULL,J,NULL,NULL,NULL,NULL,NULL,NULL,NULL
97104,52536,2026-07-08,NULL,NULL,"Imported by IVO Systems on 2026.08.05.","2026-08-05 14:16:45",45,1,0,0,3,"2026-08-18 20:38:08",0,9236,NULL,cc66997a-ef0e-4f48-9195-a59a3721af89,NULL,NULL,J,NULL,NULL,NULL,NULL,NULL,NULL,NULL
97108,52541,2025-11-22,9801821,NULL,"Imported by IVO Systems on 2026.08.05.","2026-08-05 14:16:46",45,0,1,1,3,"2026-08-18 20:38:08",0,9236,NULL,fc32c8f8-7611-473d-989a-2490fefb7aa8,NULL,NULL,J,NULL,NULL,NULL,NULL,"2026-08-06 14:24:35",NULL,NULL
97109,52541,2025-11-22,NULL,NULL,"Imported by IVO Systems on 2026.08.05.","2026-08-05 14:16:46",45,1,0,0,3,"2026-08-18 20:38:08",0,9236,NULL,640272d8-1aaa-4bb2-abac-8281c67727d5,NULL,NULL,J,NULL,NULL,NULL,NULL,NULL,NULL,NULL
97110,52541,2026-03-13,9801823,NULL,"Imported by IVO Systems on 2026.08.05.","2026-08-05 14:16:47",45,0,1,1,3,"2026-08-18 20:38:08",0,9236,NULL,6691178b-98cb-44fd-a137-4cceb6d2da33,NULL,NULL,J,NULL,NULL,NULL,NULL,"2026-08-06 14:24:57",NULL,NULL
98951,52541,2026-08-12,10005143,NULL,"PERFORM 1000 HR SERVICE

SA COMPLETED 08/12/26 @ 9217 HRS - VP ENTRY.","2026-08-11 19:51:24",16222,0,1,1,3,"2026-08-17 15:23:28",0,16222,70,51dd335d-a594-412e-8303-d4cb00c12653,NULL,NULL,P,NULL,NULL,NULL,NULL,"2026-08-17 15:23:28",NULL,NULL
98952,52541,2026-08-11,NULL,NULL,"3 LIGHTS BURNT OUT","2026-08-11 19:52:38",16222,0,1,0,1,"2026-08-11 19:52:44",0,16222,74,df8f9363-15b9-4231-aaaf-e7db23438993,NULL,NULL,P,NULL,NULL,NULL,NULL,NULL,NULL,NULL
98953,52541,2026-08-11,NULL,NULL,"LEFT DOOR HANDLE & LATCH BROKEN / DOOR RELEASE (062502) - ALSO NOTED FROM 062502 DAILY REC'D 08/08/26; 08/04/26; 07/14/26; 06/30/26>

Replaced entire door latch assembly and handle","2026-08-11 19:53:27",16222,0,1,0,3,"2026-08-17 21:10:49",0,16222,82,c437c508-68dd-4c08-a170-aa59fd65f112,NULL,NULL,P,NULL,NULL,NULL,NULL,"2026-08-17 21:10:49",NULL,NULL
99771,52541,2026-08-14,NULL,NULL,"(WAGNER) LEVEL 3 DERATE

WAGNER UPDATE 08/14/26 - WO#0M00701
ISSUE: LEVEL 3 DERATE
UPDATE: TECH ASSIGNED","2026-08-18 04:52:31",16222,0,1,0,1,"2026-08-18 04:53:34",0,16222,58,6eb9d73b-2002-4c80-a267-0d752bb05921,NULL,NULL,P,NULL,NULL,NULL,NULL,NULL,NULL,NULL
97120,52557,2025-09-13,9801833,NULL,"Imported by IVO Systems on 2026.08.05.","2026-08-05 14:16:49",45,0,1,1,3,"2026-08-18 20:38:08",0,9236,NULL,c364346f-6a24-458e-b303-4d0b7761546c,NULL,NULL,J,NULL,NULL,NULL,NULL,"2026-08-06 14:32:45",NULL,NULL
97121,52557,2026-01-10,NULL,NULL,"Imported by IVO Systems on 2026.08.05.","2026-08-05 14:16:49",45,1,0,0,3,"2026-08-18 20:38:08",0,9236,NULL,c5425b60-deed-4150-a006-ee03cfa2ae6d,NULL,NULL,J,NULL,NULL,NULL,NULL,NULL,NULL,NULL
97122,52557,2026-01-10,9801834,NULL,"Imported by IVO Systems on 2026.08.05.","2026-08-05 14:16:49",45,0,1,1,3,"2026-08-18 20:38:08",0,9236,NULL,c5db4aff-6ba1-476e-b3bd-72ef97efc997,NULL,NULL,J,NULL,NULL,NULL,NULL,"2026-08-06 14:33:11",NULL,NULL
99835,52557,2026-08-18,NULL,NULL,"1000 HR SERVICE DUE","2026-08-18 15:27:07",16222,0,1,1,1,"2026-08-18 15:27:16",0,16222,70,1720bbcb-2a22-42b1-9738-5aba8fc93e71,NULL,NULL,P,NULL,NULL,NULL,NULL,NULL,NULL,NULL
97114,52566,2025-11-08,9801827,NULL,"Imported by IVO Systems on 2026.08.05.","2026-08-05 14:16:47",45,0,1,1,3,"2026-08-18 20:38:08",0,9236,NULL,91fe8923-bdb7-4d84-a950-597b1a90f715,NULL,NULL,J,NULL,NULL,NULL,NULL,"2026-08-06 14:28:53",NULL,NULL
97115,52566,2025-11-08,NULL,NULL,"Imported by IVO Systems on 2026.08.05.","2026-08-05 14:16:48",45,1,0,0,3,"2026-08-18 20:38:08",0,9236,NULL,d2e2688d-095b-4e36-9a1e-cf850031b71d,NULL,NULL,J,NULL,NULL,NULL,NULL,NULL,NULL,NULL
97116,52566,2026-04-21,9801829,NULL,"Imported by IVO Systems on 2026.08.05.","2026-08-05 14:16:48",45,0,1,1,3,"2026-08-18 20:38:08",0,9236,NULL,7c06626b-7418-4442-8995-da0eb7a5c773,NULL,NULL,J,NULL,NULL,NULL,NULL,"2026-08-06 14:29:19",NULL,NULL
99620,52566,2026-08-14,NULL,NULL,"FUEL LINE LEAKING - (REPLACED BAD FUEL LINE)
WORN CUTTING EDGE - (SEVERAL INCHES LEFT ON MAIN EDGE AND CORNER BITS)
LEFT FRONT & LEFT REAR LIGHTS OUT - (REPLACED BULBS)

HE COMPLETED 08/14/26 @ 7366 HRS. NOTES IMPORTED FROM VIEWPOINT WORK ORDER CLOSED.","2026-08-17 16:41:16",16222,0,1,0,3,"2026-08-17 16:41:51",0,16222,82,3d78c5c7-81e0-4682-8b6d-d72993b2174f,NULL,NULL,P,NULL,NULL,NULL,NULL,"2026-08-17 16:41:51",NULL,NULL
97111,52569,2026-02-14,9801824,NULL,"Imported by IVO Systems on 2026.08.05.","2026-08-05 14:16:47",45,0,1,1,3,"2026-08-18 20:38:08",0,9236,NULL,a0c30e78-a3f8-46b3-833a-33108290b474,NULL,NULL,J,NULL,NULL,NULL,NULL,"2026-08-06 14:28:00",NULL,NULL
97112,52569,2025-07-19,9801825,NULL,"Imported by IVO Systems on 2026.08.05.","2026-08-05 14:16:47",45,0,1,1,3,"2026-08-18 20:38:08",0,9236,NULL,db2ff44f-7840-4267-a18e-e2d153e87508,NULL,NULL,J,NULL,NULL,NULL,NULL,"2026-08-06 14:26:52",NULL,NULL
97113,52569,2026-02-14,9801824,NULL,"Imported by IVO Systems on 2026.08.05.","2026-08-05 14:16:47",45,1,0,1,3,"2026-08-18 20:38:08",0,9236,NULL,04319131-162b-4a62-8c86-6add95a6ec50,NULL,NULL,J,NULL,NULL,NULL,NULL,"2026-08-06 14:25:53",NULL,NULL
98707,52569,2026-08-10,NULL,NULL,"REPLACE CORNER CUTTING EDGES.","2026-08-10 18:17:55",16222,0,1,0,1,"2026-08-10 18:18:01",0,16222,83,b36636d2-063f-42f1-b64f-033bacc2654d,NULL,NULL,P,NULL,NULL,NULL,NULL,NULL,NULL,NULL
97117,52573,2026-05-29,NULL,NULL,"Imported by IVO Systems on 2026.08.05.","2026-08-05 14:16:48",45,1,0,0,3,"2026-08-18 20:38:08",0,9236,NULL,333db077-ac82-48b6-ac84-2a301318dc0f,NULL,NULL,J,NULL,NULL,NULL,NULL,NULL,NULL,NULL
97118,52573,2025-09-06,9801831,NULL,"Imported by IVO Systems on 2026.08.05.","2026-08-05 14:16:48",45,0,1,1,3,"2026-08-18 20:38:08",0,9236,NULL,713e4af6-8fe7-46ee-bb8a-4c78217e3501,NULL,NULL,J,NULL,NULL,NULL,NULL,"2026-08-06 14:30:56",NULL,NULL
97119,52573,2026-05-29,9801830,NULL,"Imported by IVO Systems on 2026.08.05.","2026-08-05 14:16:49",45,0,1,1,3,"2026-08-18 20:38:08",0,9236,NULL,d610d2fc-ddb9-400e-99c2-5cd65ccc5df1,NULL,NULL,J,NULL,NULL,NULL,NULL,"2026-08-06 14:30:23",NULL,NULL
97105,52579,2026-05-08,9801818,NULL,"Imported by IVO Systems on 2026.08.05.","2026-08-05 14:16:46",45,0,1,1,3,"2026-08-18 20:38:08",0,9236,NULL,a90e69f9-5625-4dbd-bd7b-a6bfb9e574d4,NULL,NULL,J,NULL,NULL,NULL,NULL,"2026-08-06 14:23:33",NULL,NULL
97106,52579,2026-05-08,NULL,NULL,"Imported by IVO Systems on 2026.08.05.","2026-08-05 14:16:46",45,1,0,0,3,"2026-08-18 20:38:08",0,9236,NULL,c9aedf0e-15af-4caf-8f4c-db62a8b54abb,NULL,NULL,J,NULL,NULL,NULL,NULL,NULL,NULL,NULL
97107,52579,2026-05-08,NULL,NULL,"Imported by IVO Systems on 2026.08.05.","2026-08-05 14:16:46",45,1,0,0,3,"2026-08-18 20:38:08",0,9236,NULL,56560573-88c0-4154-b789-429a6ac4bbf3,NULL,NULL,J,NULL,NULL,NULL,NULL,NULL,NULL,NULL
97123,52580,2026-07-20,9801836,NULL,"Imported by IVO Systems on 2026.08.05.","2026-08-05 14:16:50",45,1,0,0,3,"2026-08-18 20:38:08",0,9236,NULL,1909d873-aa74-427d-8700-4eadbaeac5db,NULL,NULL,J,NULL,NULL,NULL,NULL,"2026-08-10 17:11:20",NULL,NULL
97124,52580,2026-07-20,NULL,NULL,"Imported by IVO Systems on 2026.08.05.","2026-08-05 14:16:50",45,1,0,0,1,"2026-08-18 20:38:08",0,9236,NULL,0f8f4a83-850d-40ed-b823-28f7408cd074,NULL,NULL,J,NULL,NULL,NULL,NULL,NULL,NULL,NULL
97125,52580,2026-07-20,9801836,NULL,"Imported by IVO Systems on 2026.08.05.","2026-08-05 14:16:50",45,0,1,1,3,"2026-08-18 20:38:08",0,9236,NULL,034ed0e3-9c9a-4ab3-bd91-ed8c62f4389b,NULL,NULL,J,NULL,NULL,NULL,NULL,"2026-08-10 17:11:55",NULL,NULL
98693,52580,2026-08-10,NULL,NULL,"DAMAGED LEFT SIDE VERTICAL GRAB HANDLE (062316 JOB DAMAGE)","2026-08-10 17:17:27",16222,0,1,0,1,"2026-08-10 17:18:10",0,16222,47,49661157-8540-4797-86cc-2b1cc5526979,NULL,NULL,P,NULL,NULL,NULL,NULL,NULL,NULL,NULL
99588,52589,2026-08-13,NULL,NULL,"PERFORMED 08/13/26","2026-08-17 16:10:36",16222,1,0,1,1,"2026-08-17 16:15:17",0,16222,122,bb3b6293-0397-4885-9203-a6389a1c9800,NULL,NULL,P,NULL,NULL,NULL,NULL,"2026-08-17 16:12:41",NULL,NULL
99590,52589,2026-08-13,NULL,NULL,"AP PERFORMED 08/13/26","2026-08-17 16:17:02",16222,0,1,1,3,"2026-08-17 16:17:49",0,16222,122,fde9e45e-7f73-4b38-925c-71c4f5a48ea5,NULL,NULL,P,NULL,NULL,NULL,NULL,"2026-08-17 16:17:49",NULL,NULL
99550,52650,2026-08-14,NULL,NULL,"Installed new starter on 8-14-26
Mileage 300,440","2026-08-17 13:39:59",16382,0,1,0,3,"2026-08-17 14:54:15",0,16222,80,6feecfe6-de47-4047-b490-46dd9419b1b3,NULL,NULL,P,NULL,NULL,NULL,NULL,"2026-08-17 14:54:15",NULL,NULL
96893,52723,2025-09-14,NULL,5141209,"Imported by IVO Systems on 2026.08.05.","2026-08-05 14:16:01",45,0,1,1,3,"2026-08-18 20:38:08",0,9236,NULL,636b9c1a-13a2-449c-8feb-5cadaf4eb284,NULL,NULL,J,NULL,NULL,NULL,NULL,"2026-08-05 19:26:30",NULL,NULL
96894,52723,2026-03-25,NULL,5141210,"Imported by IVO Systems on 2026.08.05.","2026-08-05 14:16:01",45,0,1,1,3,"2026-08-18 20:38:08",0,9236,NULL,0835c1c4-71cb-4a8d-b9e9-3aa99f33fc45,NULL,NULL,J,NULL,NULL,NULL,NULL,"2026-08-05 19:27:12",NULL,NULL
97845,52742,2010-01-01,NULL,NULL,"Imported by IVO Systems on 2026.08.05.","2026-08-05 14:42:13",45,0,1,0,3,"2026-08-18 20:38:08",0,NULL,NULL,121207fe-8f3c-4c1c-8b2c-73f5bb75ee89,NULL,NULL,J,NULL,NULL,NULL,NULL,NULL,NULL,NULL
97846,52742,2010-01-01,NULL,NULL,"Imported by IVO Systems on 2026.08.05.","2026-08-05 14:42:13",45,0,1,0,3,"2026-08-18 20:38:08",0,NULL,NULL,609451e2-a09b-4b24-94b0-be47a8c525ad,NULL,NULL,J,NULL,NULL,NULL,NULL,NULL,NULL,NULL
97847,52742,2026-07-14,NULL,NULL,"Imported by IVO Systems on 2026.08.05.","2026-08-05 14:42:13",45,0,1,0,3,"2026-08-18 20:38:08",0,NULL,NULL,f870155a-efb1-4f2c-81be-baf3431a1fc8,NULL,NULL,J,NULL,NULL,NULL,NULL,NULL,NULL,NULL
97854,52744,2010-01-01,NULL,NULL,"Imported by IVO Systems on 2026.08.05.","2026-08-05 14:42:14",45,0,1,0,3,"2026-08-18 20:38:08",0,NULL,NULL,78d3d5d2-c11f-4618-ae5c-e66a371d893d,NULL,NULL,J,NULL,NULL,NULL,NULL,NULL,NULL,NULL
97855,52744,2010-01-01,NULL,NULL,"Imported by IVO Systems on 2026.08.05.","2026-08-05 14:42:14",45,0,1,0,3,"2026-08-18 20:38:08",0,NULL,NULL,2dfeaefa-4f6f-4d8b-a90e-6a818d50f940,NULL,NULL,J,NULL,NULL,NULL,NULL,NULL,NULL,NULL
97856,52744,2026-05-05,NULL,NULL,"Imported by IVO Systems on 2026.08.05.","2026-08-05 14:42:14",45,0,1,0,3,"2026-08-18 20:38:08",0,NULL,NULL,f11a2c04-3da8-4fe2-8c38-2f1a9c8d90db,NULL,NULL,J,NULL,NULL,NULL,NULL,NULL,NULL,NULL
97857,52745,2010-01-01,NULL,NULL,"Imported by IVO Systems on 2026.08.05.","2026-08-05 14:42:14",45,0,1,0,3,"2026-08-18 20:38:08",0,NULL,NULL,8ccc9282-1290-4681-96a9-6c2b477c3934,NULL,NULL,J,NULL,NULL,NULL,NULL,NULL,NULL,NULL
97858,52745,2010-01-01,NULL,NULL,"Imported by IVO Systems on 2026.08.05.","2026-08-05 14:42:14",45,0,1,0,3,"2026-08-18 20:38:08",0,NULL,NULL,eb82eb02-0ca4-478b-a3e2-1b2beed78142,NULL,NULL,J,NULL,NULL,NULL,NULL,NULL,NULL,NULL
97859,52745,2026-05-06,NULL,NULL,"Imported by IVO Systems on 2026.08.05.","2026-08-05 14:42:14",45,0,1,0,3,"2026-08-18 20:38:08",0,NULL,NULL,94c7c252-a768-4e2d-af0c-6b3cc736ae8d,NULL,NULL,J,NULL,NULL,NULL,NULL,NULL,NULL,NULL
97860,52745,2010-01-01,NULL,NULL,"Imported by IVO Systems on 2026.08.05.","2026-08-05 14:42:14",45,0,1,0,3,"2026-08-18 20:38:08",0,NULL,NULL,da2a1bc9-77d4-4149-9370-bb3f567e459c,NULL,NULL,J,NULL,NULL,NULL,NULL,NULL,NULL,NULL
98152,52749,2026-07-14,NULL,NULL,"Imported by IVO Systems on 2026.08.05.","2026-08-05 14:44:01",45,0,1,1,3,"2026-08-18 20:38:08",0,9236,NULL,db9a6eb1-9c77-40d5-b22f-3e3d54da5428,NULL,NULL,J,NULL,NULL,NULL,NULL,"2026-08-07 15:20:48",NULL,NULL
97861,52751,2010-01-01,NULL,NULL,"Imported by IVO Systems on 2026.08.05.","2026-08-05 14:42:14",45,0,1,0,3,"2026-08-18 20:38:08",0,NULL,NULL,64eda165-ed54-486d-8f5d-68b7c1c242a0,NULL,NULL,J,NULL,NULL,NULL,NULL,NULL,NULL,NULL
97862,52751,2026-05-05,NULL,NULL,"Imported by IVO Systems on 2026.08.05.","2026-08-05 14:42:14",45,0,1,1,1,"2026-08-18 20:38:08",0,16222,NULL,8c67189f-4167-496c-9176-bb6f3b4f85c4,NULL,NULL,J,NULL,NULL,NULL,NULL,NULL,NULL,NULL
97863,52751,2010-01-01,NULL,NULL,"Imported by IVO Systems on 2026.08.05.","2026-08-05 14:42:14",45,0,1,0,3,"2026-08-18 20:38:08",0,NULL,NULL,a9e26bd0-0c59-43c0-aa92-2a33b83d4c67,NULL,NULL,J,NULL,NULL,NULL,NULL,NULL,NULL,NULL
99159,52751,2026-08-05,NULL,NULL,"*SPECIAL CASE - UNIT SUBMERGED UNDER WATER SERVICE
UNIT WAS FULLY SERVICED 08/05/26 @ 1 HR - GB","2026-08-12 20:03:46",16222,0,1,1,3,"2026-08-12 20:28:37",0,16222,70,fd00c4c7-a52e-4f61-afb9-13188964aaf9,NULL,NULL,P,NULL,NULL,NULL,NULL,"2026-08-12 20:28:37",NULL,NULL
97831,52754,2026-02-20,9802665,NULL,"Imported by IVO Systems on 2026.08.05.","2026-08-05 14:42:13",45,0,1,1,3,"2026-08-18 20:38:08",0,1288,NULL,6068f4f2-f93b-4ec5-baa9-634ed23e268e,NULL,NULL,J,NULL,NULL,NULL,NULL,"2026-08-10 16:31:59",NULL,NULL
97832,52754,2026-03-04,NULL,NULL,"Imported by IVO Systems on 2026.08.05.","2026-08-05 14:42:13",45,0,1,0,3,"2026-08-18 20:38:08",0,NULL,NULL,b1c78e65-bcf1-40e2-8331-a7196e9df659,NULL,NULL,J,NULL,NULL,NULL,NULL,NULL,NULL,NULL
97833,52754,2025-03-06,NULL,NULL,"Imported by IVO Systems on 2026.08.05.","2026-08-05 14:42:13",45,0,1,0,3,"2026-08-18 20:38:08",0,NULL,NULL,19eb24dc-451d-4228-bc8e-3b79b8611dcf,NULL,NULL,J,NULL,NULL,NULL,NULL,NULL,NULL,NULL
99545,52754,2026-08-12,10003322,NULL,"250 HR SERVICE - Glen Bauer Serviced 8-12-26","2026-08-17 13:26:18",16382,0,1,1,3,"2026-08-17 15:02:14",0,16222,70,c9cd6207-6f8f-40bc-b51d-0106cd920987,NULL,NULL,P,NULL,NULL,NULL,NULL,"2026-08-17 15:02:14",NULL,NULL
98150,52756,2026-04-09,NULL,NULL,"Imported by IVO Systems on 2026.08.05.","2026-08-05 14:44:01",45,0,1,1,3,"2026-08-18 20:38:08",0,9236,NULL,30e082d5-fb87-4bf0-ad93-14373a460b03,NULL,NULL,J,NULL,NULL,NULL,NULL,"2026-08-07 15:19:42",NULL,NULL
98163,52757,2025-08-11,9802905,5141369,"Imported by IVO Systems on 2026.08.05.","2026-08-05 14:44:02",45,0,1,1,3,"2026-08-18 20:38:08",0,1288,NULL,4a5cb813-ff6d-4dff-99f6-0d13984ccedb,NULL,NULL,J,NULL,NULL,NULL,NULL,"2026-08-10 16:12:47",NULL,NULL
98164,52757,2025-08-11,NULL,NULL,"Imported by IVO Systems on 2026.08.05.","2026-08-05 14:44:02",45,1,0,0,3,"2026-08-18 20:38:08",0,9236,NULL,0d8c1701-cb50-4178-8165-b5ddfa5ff576,NULL,NULL,J,NULL,NULL,NULL,NULL,NULL,NULL,NULL
98165,52757,2025-08-11,NULL,NULL,"Imported by IVO Systems on 2026.08.05.","2026-08-05 14:44:03",45,1,0,0,3,"2026-08-18 20:38:08",0,9236,NULL,0e5ea2d6-b7a2-4437-9184-12c699623e07,NULL,NULL,J,NULL,NULL,NULL,NULL,NULL,NULL,NULL
98166,52757,2025-08-11,NULL,NULL,"Imported by IVO Systems on 2026.08.05.","2026-08-05 14:44:03",45,1,0,0,3,"2026-08-18 20:38:08",0,9236,NULL,52108c32-8cd3-4145-931d-83bccc076f91,NULL,NULL,J,NULL,NULL,NULL,NULL,NULL,NULL,NULL
98167,52757,2025-08-11,NULL,NULL,"Imported by IVO Systems on 2026.08.05.","2026-08-05 14:44:03",45,1,0,0,3,"2026-08-18 20:38:08",0,9236,NULL,b103e7f1-37e8-4982-ac9c-9b8ea221c5e9,NULL,NULL,J,NULL,NULL,NULL,NULL,NULL,NULL,NULL
98168,52757,2025-08-11,NULL,NULL,"Imported by IVO Systems on 2026.08.05.","2026-08-05 14:44:03",45,1,0,0,3,"2026-08-18 20:38:08",0,9236,NULL,8de3f873-c6fc-4e78-9ba8-aaf33986b5fc,NULL,NULL,J,NULL,NULL,NULL,NULL,NULL,NULL,NULL
97864,52759,2010-01-01,NULL,NULL,"Imported by IVO Systems on 2026.08.05.","2026-08-05 14:42:14",45,0,1,0,3,"2026-08-18 20:38:08",0,NULL,NULL,5bee90cc-ead2-4d16-bb52-85d392f5f118,NULL,NULL,J,NULL,NULL,NULL,NULL,NULL,NULL,NULL
97865,52759,2026-05-06,NULL,NULL,"Imported by IVO Systems on 2026.08.05.","2026-08-05 14:42:14",45,0,1,0,3,"2026-08-18 20:38:08",0,NULL,NULL,1e129579-478c-412b-9b4d-fe809bbb2aaa,NULL,NULL,J,NULL,NULL,NULL,NULL,NULL,NULL,NULL
97866,52759,2010-01-01,NULL,NULL,"Imported by IVO Systems on 2026.08.05.","2026-08-05 14:42:14",45,0,1,0,3,"2026-08-18 20:38:08",0,NULL,NULL,be48c0de-5fcf-4141-803f-3eaf6e8ac6bb,NULL,NULL,J,NULL,NULL,NULL,NULL,NULL,NULL,NULL
99157,52759,2026-08-05,NULL,NULL,"*SERVICED UNIT THAT WAS SUBMERGED UNDER WATER. REQUIRED SERVICE - COMPLETED 08/05/26 @ 2 HRS - GB.","2026-08-12 19:53:18",16222,1,0,1,1,"2026-08-12 19:54:02",0,16222,70,108ade2d-7fd7-415f-8ceb-22834a56ab89,NULL,NULL,P,NULL,NULL,NULL,NULL,NULL,NULL,NULL
99158,52759,2026-08-05,NULL,NULL,"*SERVICED UNIT THAT WAS SUBMERGED UNDER WATER. REQUIRED SERVICE - COMPLETED 08/05/26 @ 2 HRS - GB.","2026-08-12 19:54:31",16222,1,0,0,1,"2026-08-12 20:05:20",0,16222,70,55e67301-4992-40f0-a358-4a63b58dcedc,NULL,NULL,P,NULL,NULL,NULL,NULL,"2026-08-12 19:54:59",NULL,NULL
99160,52759,2026-08-05,NULL,NULL,"*SPECIAL CASE - UNIT SUBMERGED UNDER WATER SERVICE
UNIT WAS FULLY SERVICED 08/05/26 @ 2 HRS - GB","2026-08-12 20:07:05",16222,0,1,1,3,"2026-08-12 20:28:08",0,16222,70,8150ccdb-819b-44c1-9d7e-a2dd2d91b99a,NULL,NULL,P,NULL,NULL,NULL,NULL,"2026-08-12 20:28:08",NULL,NULL
97868,52764,2010-01-01,NULL,NULL,"Imported by IVO Systems on 2026.08.05.","2026-08-05 14:42:14",45,0,1,0,3,"2026-08-18 20:38:08",0,NULL,NULL,bc8e8f31-b06c-4ac5-962e-d5305a4831db,NULL,NULL,J,NULL,NULL,NULL,NULL,NULL,NULL,NULL
97869,52764,2026-02-18,9802672,NULL,"Imported by IVO Systems on 2026.08.05.","2026-08-05 14:42:15",45,0,1,1,3,"2026-08-18 20:38:08",0,9236,NULL,dc49c40e-4fd9-4d24-8c39-07e7f6f10bcf,NULL,NULL,J,NULL,NULL,NULL,NULL,"2026-08-06 21:24:08",NULL,NULL
97874,52768,2010-01-01,NULL,NULL,"Imported by IVO Systems on 2026.08.05.","2026-08-05 14:42:15",45,0,1,0,3,"2026-08-18 20:38:08",0,NULL,NULL,8f4fc255-a59e-4162-9384-7ea22a6f6c46,NULL,NULL,J,NULL,NULL,NULL,NULL,NULL,NULL,NULL
97875,52768,2010-01-01,NULL,NULL,"Imported by IVO Systems on 2026.08.05.","2026-08-05 14:42:15",45,0,1,0,3,"2026-08-18 20:38:08",0,NULL,NULL,eda2d374-b0d6-4f9a-a186-c055d8b8f6ad,NULL,NULL,J,NULL,NULL,NULL,NULL,NULL,NULL,NULL
97870,52774,2010-01-01,NULL,NULL,"Imported by IVO Systems on 2026.08.05.","2026-08-05 14:42:15",45,0,1,0,3,"2026-08-18 20:38:08",0,NULL,NULL,9e48f1fd-da70-491a-a2db-2eeac7d033c1,NULL,NULL,J,NULL,NULL,NULL,NULL,NULL,NULL,NULL
97871,52774,2010-01-01,NULL,NULL,"Imported by IVO Systems on 2026.08.05.","2026-08-05 14:42:15",45,0,1,0,3,"2026-08-18 20:38:08",0,NULL,NULL,778bf5e4-f536-41fc-abca-66a089fc5d2b,NULL,NULL,J,NULL,NULL,NULL,NULL,NULL,NULL,NULL
98169,52775,2010-01-01,NULL,NULL,"Imported by IVO Systems on 2026.08.05.","2026-08-05 14:44:03",45,0,1,0,3,"2026-08-18 20:38:08",0,NULL,NULL,3b1f9a1e-b259-48f8-8f74-59b7bbf1efe5,NULL,NULL,J,NULL,NULL,NULL,NULL,NULL,NULL,NULL
98170,52775,2010-01-01,NULL,NULL,"Imported by IVO Systems on 2026.08.05.","2026-08-05 14:44:03",45,0,1,1,1,"2026-08-18 20:38:08",0,9236,NULL,8c68076c-b35c-4123-93dd-a0fab5e78076,NULL,NULL,J,NULL,NULL,NULL,NULL,NULL,NULL,NULL
98171,52775,2010-01-01,NULL,NULL,"Imported by IVO Systems on 2026.08.05.","2026-08-05 14:44:03",45,0,1,0,3,"2026-08-18 20:38:08",0,NULL,NULL,e7a68c7c-d1b7-41fb-b0ab-08a30e91b5b4,NULL,NULL,J,NULL,NULL,NULL,NULL,NULL,NULL,NULL
98172,52775,2010-01-01,NULL,NULL,"Imported by IVO Systems on 2026.08.05.","2026-08-05 14:44:03",45,0,1,0,3,"2026-08-18 20:38:08",0,NULL,NULL,46395a61-0c3f-4b8c-a387-aea1cad93d56,NULL,NULL,J,NULL,NULL,NULL,NULL,NULL,NULL,NULL
98173,52775,2026-04-01,9802909,NULL,"Imported by IVO Systems on 2026.08.05.","2026-08-05 14:44:03",45,0,1,0,1,"2026-08-18 20:38:08",0,9236,NULL,1ee04120-6984-42fa-991b-91506b794524,NULL,NULL,J,NULL,NULL,NULL,NULL,NULL,NULL,NULL
98174,52775,2026-04-01,9802909,5141372,"Imported by IVO Systems on 2026.08.05.","2026-08-05 14:44:04",45,0,1,1,3,"2026-08-18 20:38:08",0,1288,NULL,a3ea0cef-1170-45b7-984f-59d78c055827,NULL,NULL,J,NULL,NULL,NULL,NULL,"2026-08-10 16:10:02",NULL,NULL
99767,52781,2026-08-17,NULL,NULL,"MIRROR MISSING","2026-08-18 02:56:09",16222,0,1,0,1,"2026-08-18 02:56:23",0,16222,55,c6c95298-9bcc-454a-bca5-12bf8806716a,NULL,NULL,P,NULL,NULL,NULL,NULL,NULL,NULL,NULL
97876,52790,2010-01-01,NULL,NULL,"Imported by IVO Systems on 2026.08.05.","2026-08-05 14:42:15",45,0,1,0,3,"2026-08-18 20:38:08",0,NULL,NULL,36c6422f-e03a-4c0b-9643-311e2c20e70f,NULL,NULL,J,NULL,NULL,NULL,NULL,NULL,NULL,NULL
97877,52790,2010-01-01,NULL,NULL,"Imported by IVO Systems on 2026.08.05.","2026-08-05 14:42:15",45,0,1,0,3,"2026-08-18 20:38:08",0,NULL,NULL,a57f666a-f5d7-4a68-b0ab-4fd340fd3938,NULL,NULL,J,NULL,NULL,NULL,NULL,NULL,NULL,NULL
97872,52792,2026-04-15,9802674,NULL,"Imported by IVO Systems on 2026.08.05.","2026-08-05 14:42:15",45,0,1,1,3,"2026-08-18 20:38:08",0,9236,NULL,70158e74-e0ef-401a-bb0e-f42ed5e1d730,NULL,NULL,J,NULL,NULL,NULL,NULL,"2026-08-06 21:26:11",NULL,NULL
97873,52792,2025-03-21,9802676,NULL,"Imported by IVO Systems on 2026.08.05.","2026-08-05 14:42:15",45,0,1,1,3,"2026-08-18 20:38:08",0,9236,NULL,f5701ac0-096f-48d6-84c4-5abfc443f4bb,NULL,NULL,J,NULL,NULL,NULL,NULL,"2026-08-06 21:26:55",NULL,NULL
97880,52799,2010-01-01,NULL,NULL,"Imported by IVO Systems on 2026.08.05.","2026-08-05 14:42:16",45,0,1,0,3,"2026-08-18 20:38:08",0,NULL,NULL,64f7fd81-f614-4d68-899a-84f8f48164e2,NULL,NULL,J,NULL,NULL,NULL,NULL,NULL,NULL,NULL
97881,52799,2010-01-01,NULL,NULL,"Imported by IVO Systems on 2026.08.05.","2026-08-05 14:42:16",45,0,1,0,3,"2026-08-18 20:38:08",0,NULL,NULL,0b6f58b8-6794-4d22-b13f-fb7e42aababd,NULL,NULL,J,NULL,NULL,NULL,NULL,NULL,NULL,NULL
97878,52800,2010-01-01,NULL,NULL,"Imported by IVO Systems on 2026.08.05.","2026-08-05 14:42:15",45,0,1,0,3,"2026-08-18 20:38:08",0,9236,NULL,a9088a66-51b1-4d91-a404-a647beefb369,NULL,NULL,J,NULL,NULL,NULL,NULL,"2026-08-06 21:31:03",NULL,NULL
97879,52800,2026-03-27,9802677,NULL,"Imported by IVO Systems on 2026.08.05.","2026-08-05 14:42:16",45,0,1,1,3,"2026-08-18 20:38:08",0,9236,NULL,03c6143f-6865-487c-9cec-a426457c357c,NULL,NULL,J,NULL,NULL,NULL,NULL,"2026-08-06 21:30:43",NULL,NULL
98179,52810,2026-04-20,9802917,NULL,"Imported by IVO Systems on 2026.08.05.","2026-08-05 14:44:06",45,0,1,1,3,"2026-08-18 20:38:08",0,9236,NULL,0b6ff177-70e0-43b1-8575-faa2c1d4c237,NULL,NULL,J,NULL,NULL,NULL,NULL,"2026-08-07 15:32:57",NULL,NULL
99764,52810,2026-08-17,NULL,NULL,"1000 HR DUE","2026-08-17 23:55:12",16222,0,1,1,1,"2026-08-17 23:55:19",0,16222,70,d6a5ffab-3fdd-4e62-a60c-4ef72efef2e2,NULL,NULL,P,NULL,NULL,NULL,NULL,NULL,NULL,NULL
98176,52812,2026-05-25,9802913,NULL,"Imported by IVO Systems on 2026.08.05.","2026-08-05 14:44:05",45,0,1,1,3,"2026-08-18 20:38:08",0,9236,NULL,3af804d0-0e09-4f87-9b7c-ec16503d7509,NULL,NULL,J,NULL,NULL,NULL,NULL,"2026-08-07 15:31:51",NULL,NULL
98177,52812,2026-05-25,NULL,NULL,"Imported by IVO Systems on 2026.08.05.","2026-08-05 14:44:05",45,1,0,0,3,"2026-08-18 20:38:08",0,9236,NULL,b3858657-4a63-4720-bead-f396bce468ed,NULL,NULL,J,NULL,NULL,NULL,NULL,NULL,NULL,NULL
98178,52812,2026-05-25,NULL,NULL,"Imported by IVO Systems on 2026.08.05.","2026-08-05 14:44:05",45,1,0,0,3,"2026-08-18 20:38:08",0,9236,NULL,593448e9-97b9-4f17-8f2c-e5259cd45145,NULL,NULL,J,NULL,NULL,NULL,NULL,NULL,NULL,NULL
99847,52812,2026-08-18,NULL,NULL,"250 HR SERVICE DUE","2026-08-18 16:06:43",16222,0,1,1,1,"2026-08-18 16:06:50",0,16222,70,f10318c0-e269-4675-b68f-f3b0562024f1,NULL,NULL,P,NULL,NULL,NULL,NULL,NULL,NULL,NULL
99718,52813,2026-08-17,NULL,NULL,"1) WHIPLINE LOAD CELL NOT WORKING.
2) PLEASE CHECK AUTO-LUBES - HAVE NOT SEEN THEM ROTATE.","2026-08-17 20:07:32",16222,0,1,0,1,"2026-08-17 20:07:58",0,16222,124,6ef4cbb6-39c8-4daa-bc1d-52ff08c6e866,NULL,NULL,P,NULL,NULL,NULL,NULL,NULL,NULL,NULL
98181,52814,2026-06-25,9802921,NULL,"Imported by IVO Systems on 2026.08.05.","2026-08-05 14:44:07",45,0,1,1,3,"2026-08-18 20:38:08",0,9236,NULL,350eb665-98f5-40cc-9f88-ac6021117f6e,NULL,NULL,J,NULL,NULL,NULL,NULL,"2026-08-07 15:34:46",NULL,NULL
98182,52814,2026-06-25,NULL,NULL,"Imported by IVO Systems on 2026.08.05.","2026-08-05 14:44:07",45,1,0,0,3,"2026-08-18 20:38:08",0,9236,NULL,8f1cd395-77b8-4e00-82f9-6b0eb794d413,NULL,NULL,J,NULL,NULL,NULL,NULL,NULL,NULL,NULL
98183,52814,2026-06-25,NULL,NULL,"Imported by IVO Systems on 2026.08.05.","2026-08-05 14:44:07",45,1,0,0,3,"2026-08-18 20:38:08",0,9236,NULL,dac81005-d679-45af-afdd-55ca3793dd06,NULL,NULL,J,NULL,NULL,NULL,NULL,NULL,NULL,NULL
98184,52818,2026-02-16,9802925,NULL,"Imported by IVO Systems on 2026.08.05.","2026-08-05 14:44:07",45,0,1,1,3,"2026-08-18 20:38:08",0,9236,NULL,10fb7218-2cad-4757-b41c-1970e88cfb23,NULL,NULL,J,NULL,NULL,NULL,NULL,"2026-08-07 15:36:06",NULL,NULL
98185,52818,2026-02-16,NULL,NULL,"Imported by IVO Systems on 2026.08.05.","2026-08-05 14:44:08",45,1,0,0,3,"2026-08-18 20:38:08",0,9236,NULL,b17c7870-a840-4b74-b6db-43280d56bffe,NULL,NULL,J,NULL,NULL,NULL,NULL,NULL,NULL,NULL
99498,52818,2026-08-16,NULL,NULL,"When swing away jib is erected, anti two block circuit is reading open. All A2B switches test good and so does jib harness. Adjusted jib erected proximity switch. MGX needs to come look at it.","2026-08-17 00:40:34",15426,0,1,0,1,"2026-08-17 00:41:16",0,15426,117,1267fbfb-5ed6-4fc8-a0f4-955cf620fb93,NULL,NULL,P,NULL,NULL,NULL,NULL,NULL,NULL,NULL
97543,52820,2010-01-01,NULL,NULL,"Imported by IVO Systems on 2026.08.05.","2026-08-05 14:38:30",45,0,1,0,3,"2026-08-18 20:38:08",0,NULL,NULL,e2cb3e0a-f9f9-4084-b4e8-9de2c3e58b4c,NULL,NULL,J,NULL,NULL,NULL,NULL,NULL,NULL,NULL
97544,52820,2010-01-01,NULL,NULL,"Imported by IVO Systems on 2026.08.05.","2026-08-05 14:38:30",45,0,1,0,3,"2026-08-18 20:38:08",0,NULL,NULL,d2fb3653-1ba7-4819-87dd-922ae6011818,NULL,NULL,J,NULL,NULL,NULL,NULL,NULL,NULL,NULL
97545,52820,2010-01-01,NULL,NULL,"Imported by IVO Systems on 2026.08.05.","2026-08-05 14:38:30",45,0,1,0,3,"2026-08-18 20:38:08",0,NULL,NULL,3df812d5-2fa3-49a1-afb7-4f418dd7d529,NULL,NULL,J,NULL,NULL,NULL,NULL,NULL,NULL,NULL
98180,52823,2026-05-15,9802919,NULL,"Imported by IVO Systems on 2026.08.05.","2026-08-05 14:44:06",45,0,1,1,3,"2026-08-18 20:38:08",0,9236,NULL,c97e57a1-79ba-4ea3-9699-b8b4165a96f3,NULL,NULL,J,NULL,NULL,NULL,NULL,"2026-08-07 15:33:42",NULL,NULL
97531,52825,2010-01-01,NULL,NULL,"Imported by IVO Systems on 2026.08.05.","2026-08-05 14:38:30",45,0,1,0,3,"2026-08-18 20:38:08",0,NULL,NULL,39167ddb-6695-4236-87b7-8c6b471f8304,NULL,NULL,J,NULL,NULL,NULL,NULL,NULL,NULL,NULL
97532,52825,2010-01-01,NULL,NULL,"Imported by IVO Systems on 2026.08.05.","2026-08-05 14:38:30",45,0,1,0,3,"2026-08-18 20:38:08",0,NULL,NULL,571c7f67-d90a-4886-8ea2-8223c3b793c7,NULL,NULL,J,NULL,NULL,NULL,NULL,NULL,NULL,NULL
97533,52825,2010-01-01,NULL,NULL,"Imported by IVO Systems on 2026.08.05.","2026-08-05 14:38:30",45,0,1,0,3,"2026-08-18 20:38:08",0,NULL,NULL,d3017ce2-6204-473d-9854-a282290f82b8,NULL,NULL,J,NULL,NULL,NULL,NULL,NULL,NULL,NULL
97549,52827,2010-01-01,NULL,NULL,"Imported by IVO Systems on 2026.08.05.","2026-08-05 14:38:30",45,0,1,0,3,"2026-08-18 20:38:08",0,NULL,NULL,339d0a47-22e8-40a1-b43f-651040f64f86,NULL,NULL,J,NULL,NULL,NULL,NULL,NULL,NULL,NULL
97550,52827,2010-01-01,NULL,NULL,"Imported by IVO Systems on 2026.08.05.","2026-08-05 14:38:30",45,0,1,0,3,"2026-08-18 20:38:08",0,NULL,NULL,7ca86af5-d1c6-421e-8253-2007886a0a54,NULL,NULL,J,NULL,NULL,NULL,NULL,NULL,NULL,NULL
97551,52827,2010-01-01,NULL,NULL,"Imported by IVO Systems on 2026.08.05.","2026-08-05 14:38:30",45,0,1,0,3,"2026-08-18 20:38:08",0,NULL,NULL,52ecae95-c4f9-4b44-be73-a42691af8d48,NULL,NULL,J,NULL,NULL,NULL,NULL,NULL,NULL,NULL
97552,52827,2010-01-01,NULL,NULL,"Imported by IVO Systems on 2026.08.05.","2026-08-05 14:38:30",45,0,1,0,3,"2026-08-18 20:38:08",0,NULL,NULL,5c6365a7-7bc8-4f18-9517-7509ef16a5c1,NULL,NULL,J,NULL,NULL,NULL,NULL,NULL,NULL,NULL
97534,52831,2010-01-01,NULL,NULL,"Imported by IVO Systems on 2026.08.05.","2026-08-05 14:38:30",45,0,1,0,3,"2026-08-18 20:38:08",0,NULL,NULL,5e5bc81f-6588-4083-90f1-fda0f8adc817,NULL,NULL,J,NULL,NULL,NULL,NULL,NULL,NULL,NULL
97535,52831,2010-01-01,NULL,NULL,"Imported by IVO Systems on 2026.08.05.","2026-08-05 14:38:30",45,0,1,0,3,"2026-08-18 20:38:08",0,NULL,NULL,ebbee32f-8290-4b1a-99c9-ad1e200347ed,NULL,NULL,J,NULL,NULL,NULL,NULL,NULL,NULL,NULL
97536,52831,2010-01-01,NULL,NULL,"Imported by IVO Systems on 2026.08.05.","2026-08-05 14:38:30",45,0,1,0,3,"2026-08-18 20:38:08",0,NULL,NULL,aaeaa600-6e0b-42f0-ac9d-a12db05c8630,NULL,NULL,J,NULL,NULL,NULL,NULL,NULL,NULL,NULL
97537,52833,2010-01-01,NULL,NULL,"Imported by IVO Systems on 2026.08.05.","2026-08-05 14:38:30",45,0,1,0,3,"2026-08-18 20:38:08",0,NULL,NULL,c139f992-d3cb-4711-ac01-3893c70fc591,NULL,NULL,J,NULL,NULL,NULL,NULL,NULL,NULL,NULL
97538,52833,2010-01-01,NULL,NULL,"Imported by IVO Systems on 2026.08.05.","2026-08-05 14:38:30",45,0,1,0,3,"2026-08-18 20:38:08",0,NULL,NULL,318a358c-32eb-4b59-9750-0d1dda9dc7ab,NULL,NULL,J,NULL,NULL,NULL,NULL,NULL,NULL,NULL
97539,52833,2010-01-01,NULL,NULL,"Imported by IVO Systems on 2026.08.05.","2026-08-05 14:38:30",45,0,1,0,3,"2026-08-18 20:38:08",0,NULL,NULL,358882bd-2440-45c6-9eef-a44b0e6ad3e1,NULL,NULL,J,NULL,NULL,NULL,NULL,NULL,NULL,NULL
97546,52834,2010-01-01,NULL,NULL,"Imported by IVO Systems on 2026.08.05.","2026-08-05 14:38:30",45,0,1,0,3,"2026-08-18 20:38:08",0,NULL,NULL,ff475913-bbcc-473e-a9f1-14e50ab00ddd,NULL,NULL,J,NULL,NULL,NULL,NULL,NULL,NULL,NULL
97547,52834,2010-01-01,NULL,NULL,"Imported by IVO Systems on 2026.08.05.","2026-08-05 14:38:30",45,0,1,0,3,"2026-08-18 20:38:08",0,NULL,NULL,047f3f8c-e225-4927-aa5a-50de02afa26b,NULL,NULL,J,NULL,NULL,NULL,NULL,NULL,NULL,NULL
97548,52834,2010-01-01,NULL,NULL,"Imported by IVO Systems on 2026.08.05.","2026-08-05 14:38:30",45,0,1,0,3,"2026-08-18 20:38:08",0,NULL,NULL,69bce35c-adba-40cf-8aa8-1aaaa8923662,NULL,NULL,J,NULL,NULL,NULL,NULL,NULL,NULL,NULL
97553,52835,2010-01-01,NULL,NULL,"Imported by IVO Systems on 2026.08.05.","2026-08-05 14:38:30",45,0,1,0,3,"2026-08-18 20:38:08",0,NULL,NULL,8e325691-a7d2-46bf-a23f-516ffabe12b0,NULL,NULL,J,NULL,NULL,NULL,NULL,NULL,NULL,NULL
97554,52835,2010-01-01,NULL,NULL,"Imported by IVO Systems on 2026.08.05.","2026-08-05 14:38:30",45,0,1,0,3,"2026-08-18 20:38:08",0,NULL,NULL,6b62588f-d771-47b5-b513-0ebedb4b0c65,NULL,NULL,J,NULL,NULL,NULL,NULL,NULL,NULL,NULL
97555,52835,2010-01-01,NULL,NULL,"Imported by IVO Systems on 2026.08.05.","2026-08-05 14:38:30",45,0,1,0,3,"2026-08-18 20:38:08",0,NULL,NULL,7d3526aa-5346-4b86-bf55-8ed7bafa5a9c,NULL,NULL,J,NULL,NULL,NULL,NULL,NULL,NULL,NULL
97556,52835,2010-01-01,NULL,NULL,"Imported by IVO Systems on 2026.08.05.","2026-08-05 14:38:30",45,0,1,0,3,"2026-08-18 20:38:08",0,NULL,NULL,8f6e38cc-7e92-480b-9f60-7d5af747f0a1,NULL,NULL,J,NULL,NULL,NULL,NULL,NULL,NULL,NULL
97540,52839,2010-01-01,NULL,NULL,"Imported by IVO Systems on 2026.08.05.","2026-08-05 14:38:30",45,0,1,0,3,"2026-08-18 20:38:08",0,NULL,NULL,04decbd3-a252-4be5-a9cf-94f6d74ea2db,NULL,NULL,J,NULL,NULL,NULL,NULL,NULL,NULL,NULL
97541,52839,2010-01-01,NULL,NULL,"Imported by IVO Systems on 2026.08.05.","2026-08-05 14:38:30",45,0,1,0,3,"2026-08-18 20:38:08",0,NULL,NULL,fd1c0397-ac1f-4e7f-bba1-477d1f117b2e,NULL,NULL,J,NULL,NULL,NULL,NULL,NULL,NULL,NULL
97542,52839,2010-01-01,NULL,NULL,"Imported by IVO Systems on 2026.08.05.","2026-08-05 14:38:30",45,0,1,0,3,"2026-08-18 20:38:08",0,NULL,NULL,50e5dbee-406e-43fb-80e8-95408098caee,NULL,NULL,J,NULL,NULL,NULL,NULL,NULL,NULL,NULL
98681,52843,2026-08-10,NULL,NULL,"*(H-M) OUTSIDE REPAIR - PART BACKORDERED UNTIL SEPTEMBER 2026.


*HYD LEVEL SENSOR SAYS 1% WHEN EXTENDED AND USES ANY FUNCTION, TANK LEVEL IS FULL WHEN FULLY COLLAPSED> RH EMAIL 08/10/26 - PART BACKORDERED UNTIL SEPTEMBER 2026.","2026-08-10 16:53:37",16222,0,1,0,1,"2026-08-10 16:54:56",0,16222,51,f74847af-a500-4980-9164-b627c4c5ecde,NULL,NULL,P,NULL,NULL,NULL,NULL,NULL,NULL,NULL
97584,52852,2010-01-01,NULL,NULL,"Imported by IVO Systems on 2026.08.05.","2026-08-05 14:38:36",45,0,1,0,3,"2026-08-18 20:38:08",0,NULL,NULL,e74ed024-a7b8-49ca-a3a6-633003d83989,NULL,NULL,J,NULL,NULL,NULL,NULL,NULL,NULL,NULL
97126,52856,2026-07-19,9801840,NULL,"2000 HR SERVICE DONE 07/19/26 @ 2498 HRS
Imported by IVO Systems on 2026.08.05.","2026-08-05 14:16:50",45,0,1,1,3,"2026-08-18 20:38:08",0,16222,70,e8697fed-22c7-4cbd-9312-a5b94070ec57,NULL,NULL,J,NULL,NULL,NULL,NULL,"2026-08-18 15:23:53",NULL,NULL
97127,52856,2026-07-19,NULL,NULL,"Imported by IVO Systems on 2026.08.05.","2026-08-05 14:16:50",45,1,0,0,3,"2026-08-18 20:38:08",0,9236,NULL,29ec61b8-8ed5-4af9-b506-52eb6fa3b519,NULL,NULL,J,NULL,NULL,NULL,NULL,NULL,NULL,NULL
97128,52856,2026-07-19,NULL,NULL,"Imported by IVO Systems on 2026.08.05.","2026-08-05 14:16:51",45,1,0,0,3,"2026-08-18 20:38:08",0,9236,NULL,ee9a5ecb-b802-45d8-960b-d904298c2156,NULL,NULL,J,NULL,NULL,NULL,NULL,NULL,NULL,NULL
99831,52856,2026-08-14,NULL,NULL,"GRADING SYSTEM. MODE SELECT SELECT VOLTAGE WAS ABOVE NORMAL.

NATALI REPAIRED HARNESS ON FRIDAY 08/14/26","2026-08-18 15:14:16",16222,0,1,0,3,"2026-08-18 15:15:50",0,16222,74,7fb03171-65c7-451a-8b20-0a00b48e3b91,NULL,NULL,P,NULL,NULL,NULL,NULL,"2026-08-18 15:15:50",NULL,NULL
97579,52859,2010-01-01,NULL,NULL,"Imported by IVO Systems on 2026.08.05.","2026-08-05 14:38:36",45,0,1,0,3,"2026-08-18 20:38:08",0,NULL,NULL,8849c3f2-6c2a-466b-a3e0-6d6988580f50,NULL,NULL,J,NULL,NULL,NULL,NULL,NULL,NULL,NULL
97580,52859,2010-01-01,NULL,NULL,"Imported by IVO Systems on 2026.08.05.","2026-08-05 14:38:36",45,0,1,0,3,"2026-08-18 20:38:08",0,NULL,NULL,85803354-51dc-43fb-9894-afce74d58b8e,NULL,NULL,J,NULL,NULL,NULL,NULL,NULL,NULL,NULL
99546,52859,2026-08-17,NULL,NULL,"100HR Break in Service on Power Unit 

Glen Bauer Serviced the power unit on 8-12-26

Hours at time of service 98","2026-08-17 13:30:16",16382,1,0,0,2,"2026-08-18 20:37:40",0,16222,NULL,598d240b-997c-4e14-9a27-f8d6dbea8362,NULL,NULL,P,NULL,NULL,NULL,NULL,NULL,NULL,NULL
97574,52860,2026-06-11,NULL,NULL,"Imported by IVO Systems on 2026.08.05.","2026-08-05 14:38:35",45,0,1,0,3,"2026-08-18 20:38:08",0,NULL,NULL,890fe9c7-b3af-4ad5-9742-e7fa0e89ddf9,NULL,NULL,J,NULL,NULL,NULL,NULL,NULL,NULL,NULL
97575,52860,2025-12-09,NULL,NULL,"Imported by IVO Systems on 2026.08.05.","2026-08-05 14:38:35",45,0,1,0,3,"2026-08-18 20:38:08",0,NULL,NULL,bcafe70a-d096-4d1e-adf2-f07f2f88fd28,NULL,NULL,J,NULL,NULL,NULL,NULL,NULL,NULL,NULL
99939,52860,2026-06-11,NULL,NULL,"3 MONTH EXCITER OIL CHANGE 03/03/26 @ 668 HRS - AP; 06/11/26 - RH","2026-08-18 20:23:29",16222,0,1,1,3,"2026-08-18 20:23:48",0,16222,70,a2055436-2785-40a1-ad0f-3acc4efc6739,NULL,NULL,P,NULL,NULL,NULL,NULL,"2026-08-18 20:23:48",NULL,NULL
99940,52860,2025-12-09,10028905,NULL,"500 HR POWER UNIT SERVICED 12/09/25 @1492 HRS - AP","2026-08-18 20:24:42",16222,0,1,1,3,"2026-08-18 20:24:57",0,16222,70,94b323c2-ca60-4f79-a3ee-8f37f997a680,NULL,NULL,P,NULL,NULL,NULL,NULL,"2026-08-18 20:24:57",NULL,NULL
97582,52861,2010-01-01,NULL,NULL,"Imported by IVO Systems on 2026.08.05.","2026-08-05 14:38:36",45,0,1,0,3,"2026-08-18 20:38:08",0,NULL,NULL,757a3d57-95a2-4e17-b55d-0d8a00fea9fc,NULL,NULL,J,NULL,NULL,NULL,NULL,NULL,NULL,NULL
97583,52861,2010-01-01,NULL,NULL,"Imported by IVO Systems on 2026.08.05.","2026-08-05 14:38:36",45,0,1,0,3,"2026-08-18 20:38:08",0,NULL,NULL,f0d9a781-f353-4178-aff2-9524b4dc8641,NULL,NULL,J,NULL,NULL,NULL,NULL,NULL,NULL,NULL
97581,52863,2010-01-01,NULL,NULL,"Imported by IVO Systems on 2026.08.05.","2026-08-05 14:38:36",45,0,1,0,3,"2026-08-18 20:38:08",0,NULL,NULL,f6d5f88f-1e96-43a6-96a6-c2b7388b6c9e,NULL,NULL,J,NULL,NULL,NULL,NULL,NULL,NULL,NULL
99912,52863,2026-08-12,10027806,NULL,"100HR Break in Service on Power Unit

Glen Bauer Serviced the power unit on 8-12-26

Hours at time of service 98","2026-08-18 18:54:27",16222,0,1,1,3,"2026-08-18 18:57:28",0,16222,70,cc1953cd-bc37-46fb-a897-e30d5883a2fa,NULL,NULL,P,NULL,NULL,NULL,NULL,"2026-08-18 18:57:28",NULL,NULL
98161,52877,2026-05-29,NULL,NULL,"Imported by IVO Systems on 2026.08.05.","2026-08-05 14:44:02",45,0,1,1,3,"2026-08-18 20:38:08",0,9236,NULL,e888dad1-5bcb-45f6-89fb-eb38f2e8361c,NULL,NULL,J,NULL,NULL,NULL,NULL,"2026-08-07 15:26:19",NULL,NULL
97685,52889,2010-01-01,NULL,NULL,"Imported by IVO Systems on 2026.08.05.","2026-08-05 14:41:42",45,0,1,1,1,"2026-08-18 20:38:08",0,9236,NULL,381298af-85ee-4078-b813-08db25bfc265,NULL,NULL,J,NULL,NULL,NULL,NULL,NULL,NULL,NULL
97686,52889,2010-01-01,NULL,NULL,"Imported by IVO Systems on 2026.08.05.","2026-08-05 14:41:42",45,0,1,0,3,"2026-08-18 20:38:08",0,NULL,NULL,9fa6e3d6-8f16-47fc-b3f7-0a74c982b4f4,NULL,NULL,J,NULL,NULL,NULL,NULL,NULL,NULL,NULL
97893,52895,2025-08-12,9802690,NULL,"Imported by IVO Systems on 2026.08.05.","2026-08-05 14:42:19",45,0,1,1,3,"2026-08-18 20:38:08",0,9236,NULL,af897566-2a64-4dfd-bc42-696927297ed9,NULL,NULL,J,NULL,NULL,NULL,NULL,"2026-08-07 13:01:08",NULL,NULL
97894,52895,2023-11-10,9802692,NULL,"Imported by IVO Systems on 2026.08.05.","2026-08-05 14:42:19",45,0,1,1,3,"2026-08-18 20:38:08",0,9236,NULL,22ee6604-1915-4ac9-bb56-a50c1f3345b7,NULL,NULL,J,NULL,NULL,NULL,NULL,"2026-08-07 13:02:36",NULL,NULL
97895,52895,2026-03-11,9802693,NULL,"Imported by IVO Systems on 2026.08.05.","2026-08-05 14:42:19",45,0,1,1,3,"2026-08-18 20:38:08",0,9236,NULL,d6003141-34b1-46bf-89be-7440bb463258,NULL,NULL,J,NULL,NULL,NULL,NULL,"2026-08-07 13:03:04",NULL,NULL
99878,52906,2026-08-18,NULL,NULL,"MISSING KEEPER PIN ON BUCKET.","2026-08-18 16:57:37",16222,0,1,0,1,"2026-08-18 16:58:17",0,16222,55,06961e6d-d6ea-4e50-9a4a-d3a5da6802e9,NULL,NULL,P,NULL,NULL,NULL,NULL,NULL,NULL,NULL
97899,52907,2025-08-13,9802698,NULL,"Imported by IVO Systems on 2026.08.05.","2026-08-05 14:42:20",45,0,1,1,3,"2026-08-18 20:38:08",0,9236,NULL,946f6eba-aa65-4ed8-87ee-bd26cdcc7749,NULL,NULL,J,NULL,NULL,NULL,NULL,"2026-08-07 13:09:15",NULL,NULL
97900,52907,2023-04-19,9802700,NULL,"Imported by IVO Systems on 2026.08.05.","2026-08-05 14:42:21",45,0,1,1,3,"2026-08-18 20:38:08",0,9236,NULL,dd69b4b5-f46e-44e6-a32c-468c02224a7a,NULL,NULL,J,NULL,NULL,NULL,NULL,"2026-08-07 13:09:45",NULL,NULL
97901,52907,2026-02-02,9802701,NULL,"Imported by IVO Systems on 2026.08.05.","2026-08-05 14:42:21",45,0,1,1,3,"2026-08-18 20:38:08",0,9236,NULL,497ce25d-dcff-4253-9d5e-5715177f3587,NULL,NULL,J,NULL,NULL,NULL,NULL,"2026-08-07 13:10:09",NULL,NULL
97576,52910,2025-09-16,NULL,NULL,"Imported by IVO Systems on 2026.08.05.","2026-08-05 14:38:36",45,0,1,0,3,"2026-08-18 20:38:08",0,NULL,NULL,317576da-ae14-4ec4-858e-feb2c55c3e17,NULL,NULL,J,NULL,NULL,NULL,NULL,NULL,NULL,NULL
97577,52910,2025-09-17,NULL,NULL,"Imported by IVO Systems on 2026.08.05.","2026-08-05 14:38:36",45,0,1,0,3,"2026-08-18 20:38:08",0,NULL,NULL,c944b399-cd42-4d31-901b-9962b4e40065,NULL,NULL,J,NULL,NULL,NULL,NULL,NULL,NULL,NULL
97578,52910,2025-09-16,NULL,NULL,"Imported by IVO Systems on 2026.08.05.","2026-08-05 14:38:36",45,0,1,0,3,"2026-08-18 20:38:08",0,NULL,NULL,af111d51-f602-47c7-9b07-ba335a39e49c,NULL,NULL,J,NULL,NULL,NULL,NULL,NULL,NULL,NULL
99941,52910,2025-09-16,10029114,NULL,"500 HR POWER UNIT SERVICE 09/16/262 @ 1498 HRS","2026-08-18 20:32:14",16222,0,1,1,3,"2026-08-18 20:32:39",0,16222,70,03207e4a-88b3-4e71-bcba-ad5f1802161e,NULL,NULL,P,NULL,NULL,NULL,NULL,"2026-08-18 20:32:39",NULL,NULL
99942,52910,2026-09-16,NULL,NULL,"3 MONTH EXCITER OIL CHANGE 09/17/25 @ 311 DRIVE HRS *ODOMETER - DL","2026-08-18 20:34:08",16222,0,1,1,3,"2026-08-18 20:34:21",0,16222,70,96894663-c47f-4c43-9c81-fe1ef3ba794e,NULL,NULL,P,NULL,NULL,NULL,NULL,"2026-08-18 20:34:21",NULL,NULL
97923,52911,2025-05-17,9802729,NULL,"Imported by IVO Systems on 2026.08.05.","2026-08-05 14:42:27",45,0,1,1,3,"2026-08-18 20:38:08",0,9236,NULL,0ce5e54b-b042-4a26-8c16-cc3ee78242ac,NULL,NULL,J,NULL,NULL,NULL,NULL,"2026-08-07 13:21:05",NULL,NULL
97924,52911,2024-02-02,9802731,NULL,"Imported by IVO Systems on 2026.08.05.","2026-08-05 14:42:27",45,0,1,1,3,"2026-08-18 20:38:08",0,9236,NULL,79adfe1c-1637-43af-8ca1-69428e891963,NULL,NULL,J,NULL,NULL,NULL,NULL,"2026-08-07 13:21:33",NULL,NULL
97925,52911,2026-03-18,9802732,NULL,"Imported by IVO Systems on 2026.08.05.","2026-08-05 14:42:28",45,0,1,1,3,"2026-08-18 20:38:08",0,9236,NULL,688ba940-c8fd-495b-955e-ba8d204f00d3,NULL,NULL,J,NULL,NULL,NULL,NULL,"2026-08-07 13:21:53",NULL,NULL
98963,52911,2026-08-11,NULL,NULL,"MISSING STEP & MOUNTING BRACKETS (062502)","2026-08-11 20:19:41",16222,0,1,0,1,"2026-08-11 20:19:49",0,16222,53,0bb0d782-0345-4f63-b15b-6e5c264bf2b4,NULL,NULL,P,NULL,NULL,NULL,NULL,NULL,NULL,NULL
97920,52912,2024-08-01,9802726,NULL,"Imported by IVO Systems on 2026.08.05.","2026-08-05 14:42:26",45,0,1,1,3,"2026-08-18 20:38:08",0,9236,NULL,1066f36b-0269-4be5-8f05-77ff7ce7f4cc,NULL,NULL,J,NULL,NULL,NULL,NULL,"2026-08-07 13:19:44",NULL,NULL
97921,52912,2024-08-01,NULL,NULL,"Imported by IVO Systems on 2026.08.05.","2026-08-05 14:42:27",45,1,0,0,3,"2026-08-18 20:38:08",0,9236,NULL,4ef686e0-7a73-4e4c-b822-16383f14e3a4,NULL,NULL,J,NULL,NULL,NULL,NULL,NULL,NULL,NULL
97922,52912,2026-05-06,9802728,NULL,"Imported by IVO Systems on 2026.08.05.","2026-08-05 14:42:27",45,0,1,1,3,"2026-08-18 20:38:08",0,9236,NULL,88452589-5b73-4774-9c9e-f1d8bf9d15d7,NULL,NULL,J,NULL,NULL,NULL,NULL,"2026-08-07 13:20:07",NULL,NULL
99648,52912,2026-08-15,NULL,NULL,"WINDOW LEAKS LIKE A SIEVE.","2026-08-17 18:03:25",16222,0,1,0,1,"2026-08-17 18:04:29",0,16222,82,666720fd-18b6-476b-9acb-5cf326600103,NULL,NULL,P,NULL,NULL,NULL,NULL,NULL,NULL,NULL
97915,52913,2025-03-29,NULL,NULL,"Imported by IVO Systems on 2026.08.05.","2026-08-05 14:42:25",45,0,1,0,3,"2026-08-18 20:38:08",0,NULL,NULL,57240852-37ee-413d-86ac-8886a87a9b0a,NULL,NULL,J,NULL,NULL,NULL,NULL,NULL,NULL,NULL
97916,52913,2024-03-19,9802722,NULL,"Imported by IVO Systems on 2026.08.05.","2026-08-05 14:42:26",45,0,1,1,3,"2026-08-18 20:38:08",0,9236,NULL,1fef4686-32f7-4de1-a8f8-20fe955aaa31,NULL,NULL,J,NULL,NULL,NULL,NULL,"2026-08-10 17:47:15",NULL,NULL
97917,52913,2024-03-19,NULL,NULL,"Imported by IVO Systems on 2026.08.05.","2026-08-05 14:42:26",45,0,1,0,3,"2026-08-18 20:38:08",0,NULL,NULL,03a294f9-60bb-4d5d-af36-198263743b11,NULL,NULL,J,NULL,NULL,NULL,NULL,NULL,NULL,NULL
97918,52913,2024-03-19,NULL,NULL,"Imported by IVO Systems on 2026.08.05.","2026-08-05 14:42:26",45,0,1,0,3,"2026-08-18 20:38:08",0,NULL,NULL,c76dca10-810a-45a1-92d0-0a9204cb04cb,NULL,NULL,J,NULL,NULL,NULL,NULL,NULL,NULL,NULL
97919,52913,2025-11-08,9802725,NULL,"Imported by IVO Systems on 2026.08.05.","2026-08-05 14:42:26",45,0,1,1,3,"2026-08-18 20:38:08",0,9236,NULL,9c8628d4-b263-4d26-80ed-0c1444ba1db0,NULL,NULL,J,NULL,NULL,NULL,NULL,"2026-08-10 17:47:55",NULL,NULL
98981,52913,2026-08-11,NULL,NULL,"DOOR INOP. PLEASE INSPECT / ADJUST AS NEEDED.","2026-08-11 21:52:03",16222,0,1,0,1,"2026-08-11 21:52:33",0,16222,82,6dca813f-bd8b-4375-a09b-bbdca60e38f2,NULL,NULL,P,NULL,NULL,NULL,NULL,NULL,NULL,NULL
97912,52914,2025-12-21,9802716,NULL,"Imported by IVO Systems on 2026.08.05.","2026-08-05 14:42:24",45,0,1,1,3,"2026-08-18 20:38:08",0,9236,NULL,85b3bb13-643c-44db-8c9e-25430c507c13,NULL,NULL,J,NULL,NULL,NULL,NULL,"2026-08-07 13:16:21",NULL,NULL
97913,52914,2024-04-01,9802718,NULL,"Imported by IVO Systems on 2026.08.05.","2026-08-05 14:42:25",45,0,1,1,3,"2026-08-18 20:38:08",0,9236,NULL,e3a3b62b-6440-45c8-aa21-721ef56b2599,NULL,NULL,J,NULL,NULL,NULL,NULL,"2026-08-07 13:16:46",NULL,NULL
97914,52914,2026-06-22,9802719,NULL,"Imported by IVO Systems on 2026.08.05.","2026-08-05 14:42:25",45,0,1,1,3,"2026-08-18 20:38:08",0,9236,NULL,378f04d6-8d42-47af-bba2-b44dd1f6ffa1,NULL,NULL,J,NULL,NULL,NULL,NULL,"2026-08-07 13:17:11",NULL,NULL
97926,52916,2026-06-24,9802733,NULL,"Imported by IVO Systems on 2026.08.05.","2026-08-05 14:42:28",45,0,1,1,3,"2026-08-18 20:38:08",0,9236,NULL,66720a66-53cf-4aa5-b92a-c3c4db4befb1,NULL,NULL,J,NULL,NULL,NULL,NULL,"2026-08-07 13:23:04",NULL,NULL
97928,52917,2026-06-02,9802737,5141366,"Imported by IVO Systems on 2026.08.05.","2026-08-05 14:42:29",45,0,1,1,3,"2026-08-18 20:38:08",0,9236,NULL,feabde1b-2f74-4b43-8b76-e59f28796edf,NULL,NULL,J,NULL,NULL,NULL,NULL,"2026-08-10 18:45:52",NULL,NULL
97929,52917,2026-06-02,NULL,5141366,"Imported by IVO Systems on 2026.08.05.","2026-08-05 14:42:29",45,1,0,1,3,"2026-08-18 20:38:08",0,9236,NULL,63ed00d4-a683-40a3-bcfc-fae2e409135d,NULL,NULL,J,NULL,NULL,NULL,NULL,"2026-08-07 13:25:23",NULL,NULL
99141,52917,2026-08-12,NULL,NULL,"• CHECK ENGINE LIGHT ON
• FENDER LIGHTS DON'T WORK PROPERLY
• SMALL LEAK ON VALVE BODY THAT CONTROLS AUXILLARY REEL
• SMALL LEAK ON JOYSTICK VALVE BODY IN CROWS NEST
• PASSENGER SIDE MIRROR HEAT/DEFOG INOP - (NOTE - DRIVER SIDE DOES)
• NEEDS ANOTHER 'NEW DATE OF SERVICES' TAG, CURRENT ONE IS FULL

","2026-08-12 18:50:58",16222,0,1,0,1,"2026-08-12 18:51:13",0,16222,56,13864e75-3c8e-466a-a445-b16180bd03d9,NULL,NULL,P,NULL,NULL,NULL,NULL,NULL,NULL,NULL
97934,52918,2026-04-27,9802741,NULL,"Imported by IVO Systems on 2026.08.05.","2026-08-05 14:42:30",45,0,1,1,3,"2026-08-18 20:38:08",0,9236,NULL,2e48846b-9d17-4367-be5c-b7bb8e2aaa87,NULL,NULL,J,NULL,NULL,NULL,NULL,"2026-08-07 13:28:23",NULL,NULL
97930,52920,2026-02-06,NULL,NULL,"Imported by IVO Systems on 2026.08.05.","2026-08-05 14:42:29",45,0,1,1,3,"2026-08-18 20:38:08",0,9236,NULL,5e5e5544-c8ec-4043-9e2f-0273746e9d76,NULL,NULL,J,NULL,NULL,NULL,NULL,"2026-08-07 13:26:46",NULL,NULL
97931,52920,2010-01-01,NULL,NULL,"Imported by IVO Systems on 2026.08.05.","2026-08-05 14:42:29",45,0,1,1,1,"2026-08-18 20:38:08",0,9236,NULL,b323b115-e7c2-40a8-aa44-4ab44f9b43e0,NULL,NULL,J,NULL,NULL,NULL,NULL,NULL,NULL,NULL
97932,52920,2026-03-31,9802739,NULL,"Imported by IVO Systems on 2026.08.05.","2026-08-05 14:42:30",45,0,1,1,3,"2026-08-18 20:38:08",0,9236,NULL,1b82905f-c4b0-4b17-a52b-c5fb5f501708,NULL,NULL,J,NULL,NULL,NULL,NULL,"2026-08-07 13:27:42",NULL,NULL
97945,52922,2025-11-24,9802755,NULL,"Imported by IVO Systems on 2026.08.05.","2026-08-05 14:42:33",45,0,1,1,3,"2026-08-18 20:38:08",0,9236,NULL,93565b56-37a4-445d-862a-9a3ebe23e63a,NULL,NULL,J,NULL,NULL,NULL,NULL,"2026-08-07 13:34:30",NULL,NULL
97939,52923,2025-02-14,9802748,NULL,"Imported by IVO Systems on 2026.08.05.","2026-08-05 14:42:32",45,0,1,1,3,"2026-08-18 20:38:08",0,9236,NULL,e1ce184a-4a0b-4c68-878a-a1dfaf54f856,NULL,NULL,J,NULL,NULL,NULL,NULL,"2026-08-07 13:30:39",NULL,NULL
97940,52923,2023-03-14,9802750,NULL,"Imported by IVO Systems on 2026.08.05.","2026-08-05 14:42:32",45,0,1,1,3,"2026-08-18 20:38:08",0,9236,NULL,7a3e4bae-5bd0-4ded-b76b-d1adf3ac1469,NULL,NULL,J,NULL,NULL,NULL,NULL,"2026-08-07 13:31:08",NULL,NULL
97941,52923,2025-10-18,9802751,NULL,"Imported by IVO Systems on 2026.08.05.","2026-08-05 14:42:32",45,0,1,1,3,"2026-08-18 20:38:08",0,9236,NULL,7ad8ad85-7725-4ad8-9b35-d4c5dea10477,NULL,NULL,J,NULL,NULL,NULL,NULL,"2026-08-07 13:31:52",NULL,NULL
97942,52924,2026-07-29,9802752,NULL,"Imported by IVO Systems on 2026.08.05.","2026-08-05 14:42:32",45,0,1,1,3,"2026-08-18 20:38:08",0,9236,NULL,0cd52dc1-f32a-4b19-891f-9878f6f36d8b,NULL,NULL,J,NULL,NULL,NULL,NULL,"2026-08-07 13:32:58",NULL,NULL
97943,52924,2026-07-29,NULL,NULL,"Imported by IVO Systems on 2026.08.05.","2026-08-05 14:42:33",45,1,0,0,3,"2026-08-18 20:38:08",0,9236,NULL,d54b8dd3-8385-46cd-86cf-5b736b29a844,NULL,NULL,J,NULL,NULL,NULL,NULL,NULL,NULL,NULL
97944,52924,2026-07-29,NULL,NULL,"Imported by IVO Systems on 2026.08.05.","2026-08-05 14:42:33",45,1,0,0,3,"2026-08-18 20:38:08",0,9236,NULL,2e13cfd0-b6f6-4fcb-8f19-90651b74655a,NULL,NULL,J,NULL,NULL,NULL,NULL,NULL,NULL,NULL
97935,52927,2026-06-25,9802743,NULL,"Imported by IVO Systems on 2026.08.05.","2026-08-05 14:42:30",45,0,1,1,3,"2026-08-18 20:38:08",0,9236,NULL,f342cce6-e29d-4eea-ada3-fa6301f6d7cc,NULL,NULL,J,NULL,NULL,NULL,NULL,"2026-08-10 14:17:27",NULL,NULL
97936,52927,2026-06-25,NULL,NULL,"Imported by IVO Systems on 2026.08.05.","2026-08-05 14:42:31",45,0,1,0,3,"2026-08-18 20:38:08",0,NULL,NULL,aa716ad8-312d-413c-bb57-e67e05e96249,NULL,NULL,J,NULL,NULL,NULL,NULL,NULL,NULL,NULL
97937,52927,2026-06-30,NULL,NULL,"Imported by IVO Systems on 2026.08.05.","2026-08-05 14:42:31",45,0,1,0,3,"2026-08-18 20:38:08",0,NULL,NULL,5cce578f-3766-47f5-a5a7-3dabb24e99be,NULL,NULL,J,NULL,NULL,NULL,NULL,NULL,NULL,NULL
97938,52927,2026-06-25,NULL,NULL,"Imported by IVO Systems on 2026.08.05.","2026-08-05 14:42:31",45,0,1,0,3,"2026-08-18 20:38:08",0,NULL,NULL,04e01dd8-d85c-4cc6-a4a9-d8dc8578ef82,NULL,NULL,J,NULL,NULL,NULL,NULL,NULL,NULL,NULL
98823,52927,2026-08-10,NULL,NULL,"INTERMITTENTLY OVERHEATS.","2026-08-11 00:49:01",16222,0,1,0,1,"2026-08-11 00:49:04",0,16222,80,085a3748-5105-45cd-b6fa-c7db68226a7e,NULL,NULL,P,NULL,NULL,NULL,NULL,NULL,NULL,NULL
97955,52931,2026-01-08,9802769,NULL,"Imported by IVO Systems on 2026.08.05.","2026-08-05 14:42:36",45,0,1,1,3,"2026-08-18 20:38:08",0,9236,NULL,4907f227-e964-4f14-9bc8-bae36fa790c7,NULL,NULL,J,NULL,NULL,NULL,NULL,"2026-08-07 13:41:04",NULL,NULL
97956,52931,2025-04-16,9802770,NULL,"Imported by IVO Systems on 2026.08.05.","2026-08-05 14:42:36",45,0,1,1,3,"2026-08-18 20:38:08",0,9236,NULL,9fd35557-d4d3-4d6a-85df-d7455756a4b7,NULL,NULL,J,NULL,NULL,NULL,NULL,"2026-08-07 13:41:22",NULL,NULL
97957,52931,2026-05-19,9802771,NULL,"Imported by IVO Systems on 2026.08.05.","2026-08-05 14:42:36",45,0,1,1,3,"2026-08-18 20:38:08",0,9236,NULL,02ad2f4d-2b13-45a5-a20f-237256fbd53b,NULL,NULL,J,NULL,NULL,NULL,NULL,"2026-08-07 13:41:37",NULL,NULL
98671,52931,2026-07-27,NULL,NULL,"A/C INOP

[502401 DAILY REC'D 07/27/26]","2026-08-10 16:10:24",16222,0,1,0,1,"2026-08-10 16:10:33",0,16222,80,79726db1-141a-45b1-9c59-f473c1679f97,NULL,NULL,P,NULL,NULL,NULL,NULL,NULL,NULL,NULL
98672,52931,2026-01-05,NULL,NULL,"WINDSHIELD SCRATCH LINE OF VIEW (502401) - [502401 DAILY REC'D 06/10/25]
CRACKED COVER UNDER THE GAS TANK (502401) - [502401 DAILY REC'D 01/26/26; 01/19/26; 01/12/26]","2026-08-10 16:15:28",16222,0,1,0,1,"2026-08-10 16:15:33",0,16222,53,9e0d1e3a-1cd0-4609-a047-63513ac9e808,NULL,NULL,P,NULL,NULL,NULL,NULL,NULL,NULL,NULL
97946,52932,2025-11-22,9802757,NULL,"Imported by IVO Systems on 2026.08.05.","2026-08-05 14:42:34",45,0,1,1,3,"2026-08-18 20:38:08",0,9236,NULL,30e20bea-3b25-43c1-bbf2-55ca48dd4bad,NULL,NULL,J,NULL,NULL,NULL,NULL,"2026-08-07 13:35:20",NULL,NULL
97947,52932,2025-11-22,NULL,NULL,"Imported by IVO Systems on 2026.08.05.","2026-08-05 14:42:34",45,1,0,0,3,"2026-08-18 20:38:08",0,9236,NULL,4315f85f-bf47-47fe-82c3-425a468f9c18,NULL,NULL,J,NULL,NULL,NULL,NULL,NULL,NULL,NULL
97948,52932,2026-04-23,9802760,NULL,"Imported by IVO Systems on 2026.08.05.","2026-08-05 14:42:34",45,0,1,1,3,"2026-08-18 20:38:08",0,9236,NULL,7a7d559d-d527-4f53-b67c-00d65cb01105,NULL,NULL,J,NULL,NULL,NULL,NULL,"2026-08-07 13:35:42",NULL,NULL
97952,52934,2025-05-10,9802765,NULL,"Imported by IVO Systems on 2026.08.05.","2026-08-05 14:42:35",45,0,1,1,3,"2026-08-18 20:38:08",0,9236,NULL,146c83f5-465a-4cb5-b0e1-59951b58514c,NULL,NULL,J,NULL,NULL,NULL,NULL,"2026-08-07 13:39:39",NULL,NULL
97953,52934,2024-01-25,9802767,NULL,"Imported by IVO Systems on 2026.08.05.","2026-08-05 14:42:36",45,0,1,1,3,"2026-08-18 20:38:08",0,9236,NULL,1ea66016-3712-459d-885f-d330d856d23e,NULL,NULL,J,NULL,NULL,NULL,NULL,"2026-08-07 13:40:03",NULL,NULL
97954,52934,2026-05-08,9802768,NULL,"Imported by IVO Systems on 2026.08.05.","2026-08-05 14:42:36",45,0,1,1,3,"2026-08-18 20:38:08",0,9236,NULL,c2996902-afc8-488d-b65a-2b8489f94c74,NULL,NULL,J,NULL,NULL,NULL,NULL,"2026-08-07 13:40:24",NULL,NULL
97964,52937,2025-10-04,9802778,NULL,"Imported by IVO Systems on 2026.08.05.","2026-08-05 14:42:38",45,0,1,1,3,"2026-08-18 20:38:08",0,9236,NULL,bfd465f0-01ea-473c-83c3-448321eebf03,NULL,NULL,J,NULL,NULL,NULL,NULL,"2026-08-07 13:45:08",NULL,NULL
97965,52937,2025-02-28,9802779,NULL,"Imported by IVO Systems on 2026.08.05.","2026-08-05 14:42:38",45,0,1,1,3,"2026-08-18 20:38:08",0,9236,NULL,4a2571fe-a685-408a-963e-2cc2d6c17da3,NULL,NULL,J,NULL,NULL,NULL,NULL,"2026-08-07 13:45:37",NULL,NULL
97966,52937,2026-07-09,9802780,NULL,"Imported by IVO Systems on 2026.08.05.","2026-08-05 14:42:38",45,0,1,1,3,"2026-08-18 20:38:08",0,9236,NULL,f7c9641b-b770-4842-931a-031bcdbfc98d,NULL,NULL,J,NULL,NULL,NULL,NULL,"2026-08-07 13:45:55",NULL,NULL
97961,52939,2026-01-31,NULL,NULL,"Imported by IVO Systems on 2026.08.05.","2026-08-05 14:42:37",45,1,0,0,3,"2026-08-18 20:38:08",0,9236,NULL,1a6d2875-6537-4c9c-a2f9-250864d49d5c,NULL,NULL,J,NULL,NULL,NULL,NULL,NULL,NULL,NULL
97962,52939,2024-07-20,9802776,NULL,"Imported by IVO Systems on 2026.08.05.","2026-08-05 14:42:38",45,0,1,1,3,"2026-08-18 20:38:08",0,9236,NULL,73e2f148-bbd0-407f-9f4c-b3e08e22b237,NULL,NULL,J,NULL,NULL,NULL,NULL,"2026-08-07 13:44:24",NULL,NULL
97963,52939,2026-01-31,9802775,NULL,"Imported by IVO Systems on 2026.08.05.","2026-08-05 14:42:38",45,0,1,1,3,"2026-08-18 20:38:08",0,9236,NULL,a8231d68-8f45-410c-8ae5-1bd3d2375eac,NULL,NULL,J,NULL,NULL,NULL,NULL,"2026-08-07 13:44:00",NULL,NULL
97949,52940,2024-11-23,9802761,NULL,"Imported by IVO Systems on 2026.08.05.","2026-08-05 14:42:35",45,0,1,1,3,"2026-08-18 20:38:08",0,9236,NULL,e2335b37-d887-4243-b7e0-bf850d5be1ef,NULL,NULL,J,NULL,NULL,NULL,NULL,"2026-08-07 13:36:58",NULL,NULL
97950,52940,2023-10-20,9802763,NULL,"Imported by IVO Systems on 2026.08.05.","2026-08-05 14:42:35",45,0,1,1,3,"2026-08-18 20:38:08",0,9236,NULL,f27c1b3a-6dbb-4235-bd07-403a97adbad7,NULL,NULL,J,NULL,NULL,NULL,NULL,"2026-08-07 13:37:24",NULL,NULL
97951,52940,2026-01-22,9802764,NULL,"Imported by IVO Systems on 2026.08.05.","2026-08-05 14:42:35",45,0,1,1,3,"2026-08-18 20:38:08",0,9236,NULL,ac4f2d07-c558-4360-97d8-bf9045bed58b,NULL,NULL,J,NULL,NULL,NULL,NULL,"2026-08-07 13:37:47",NULL,NULL
97982,52943,2021-10-07,9802798,NULL,"Imported by IVO Systems on 2026.08.05.","2026-08-05 14:42:43",45,0,1,1,3,"2026-08-18 20:38:08",0,9236,NULL,81666ef3-1a22-468d-bc31-6f6a2f72d650,NULL,NULL,J,NULL,NULL,NULL,NULL,"2026-08-07 13:54:23",NULL,NULL
97958,52944,2024-01-04,9802772,NULL,"Imported by IVO Systems on 2026.08.05.","2026-08-05 14:42:37",45,0,1,1,3,"2026-08-18 20:38:08",0,9236,NULL,b4c50d03-f738-4362-8f1f-d8f3da460dbd,NULL,NULL,J,NULL,NULL,NULL,NULL,"2026-08-07 13:42:39",NULL,NULL
97959,52944,2024-01-04,NULL,NULL,"Imported by IVO Systems on 2026.08.05.","2026-08-05 14:42:37",45,1,0,0,3,"2026-08-18 20:38:08",0,9236,NULL,39a361e3-4b54-4d8b-94ec-087260c92952,NULL,NULL,J,NULL,NULL,NULL,NULL,NULL,NULL,NULL
97960,52944,2025-10-20,9802774,NULL,"Imported by IVO Systems on 2026.08.05.","2026-08-05 14:42:37",45,0,1,1,3,"2026-08-18 20:38:08",0,9236,NULL,7f9602f2-e68b-46ff-bd4b-e5d1eaa54b25,NULL,NULL,J,NULL,NULL,NULL,NULL,"2026-08-07 13:42:58",NULL,NULL
99882,52944,2026-08-18,NULL,NULL,"dome light damage inside the cab.
 08/18/2026 Tuesday .
replace the cab dome light. job charge (062602) job complete(NB)","2026-08-18 17:03:44",15513,0,1,0,1,"2026-08-18 17:14:20",0,15513,47,194a4560-3869-4db2-8635-745776cb271e,NULL,NULL,P,NULL,NULL,NULL,NULL,NULL,NULL,NULL
99887,52944,2026-08-18,NULL,NULL,"outrigger and main boom lift holding valves  will not hold . ","2026-08-18 17:21:07",15513,0,1,0,1,"2026-08-18 17:21:25",0,15513,52,e43e122b-b9d0-47de-882e-90e42f6e5d02,NULL,NULL,P,NULL,NULL,NULL,NULL,NULL,NULL,NULL
99928,52944,2026-08-18,NULL,NULL,"1000 HR SERVICE DUE","2026-08-18 19:36:40",16222,0,1,1,1,"2026-08-18 19:36:47",0,16222,70,b14f109f-87ec-4766-8564-489c28fc35ec,NULL,NULL,P,NULL,NULL,NULL,NULL,NULL,NULL,NULL
97967,52947,2026-01-19,9802781,NULL,"Imported by IVO Systems on 2026.08.05.","2026-08-05 14:42:39",45,0,1,1,3,"2026-08-18 20:38:08",0,9236,NULL,bf9841c4-f659-4b82-adc3-94928c9ab592,NULL,NULL,J,NULL,NULL,NULL,NULL,"2026-08-07 13:47:11",NULL,NULL
97968,52947,2024-12-14,9802782,NULL,"Imported by IVO Systems on 2026.08.05.","2026-08-05 14:42:39",45,0,1,1,3,"2026-08-18 20:38:08",0,9236,NULL,03928bf3-aeea-48f9-8123-4adf30b4c486,NULL,NULL,J,NULL,NULL,NULL,NULL,"2026-08-07 13:47:33",NULL,NULL
97969,52947,2026-07-28,9802783,NULL,"Imported by IVO Systems on 2026.08.05.","2026-08-05 14:42:39",45,0,1,1,3,"2026-08-18 20:38:08",0,9236,NULL,4adb6d61-4088-4969-8363-39555aabf86d,NULL,NULL,J,NULL,NULL,NULL,NULL,"2026-08-07 13:47:51",NULL,NULL
97976,52949,2026-05-26,9802790,NULL,"Imported by IVO Systems on 2026.08.05.","2026-08-05 14:42:41",45,0,1,1,3,"2026-08-18 20:38:08",0,9236,NULL,a6d0c8dc-00c2-40e7-9f8c-64bd8c2d8ebd,NULL,NULL,J,NULL,NULL,NULL,NULL,"2026-08-07 13:51:49",NULL,NULL
97977,52949,2026-05-26,NULL,NULL,"Imported by IVO Systems on 2026.08.05.","2026-08-05 14:42:41",45,1,0,0,3,"2026-08-18 20:38:08",0,9236,NULL,d5b23faa-2386-4b33-9f46-2d5817fce69c,NULL,NULL,J,NULL,NULL,NULL,NULL,NULL,NULL,NULL
97978,52949,2026-05-26,NULL,NULL,"Imported by IVO Systems on 2026.08.05.","2026-08-05 14:42:41",45,1,0,0,3,"2026-08-18 20:38:08",0,9236,NULL,09715bf3-e535-4fea-8c86-039585e2297c,NULL,NULL,J,NULL,NULL,NULL,NULL,NULL,NULL,NULL
97970,52950,2025-12-20,9802784,NULL,"Imported by IVO Systems on 2026.08.05.","2026-08-05 14:42:39",45,0,1,1,3,"2026-08-18 20:38:08",0,9236,NULL,5b948835-f650-4e24-b4a1-01528b4c1d60,NULL,NULL,J,NULL,NULL,NULL,NULL,"2026-08-07 13:48:34",NULL,NULL
97971,52950,2024-08-08,9802785,NULL,"Imported by IVO Systems on 2026.08.05.","2026-08-05 14:42:39",45,0,1,1,3,"2026-08-18 20:38:08",0,9236,NULL,f5be86e2-93ca-4d89-93f0-c087692068b2,NULL,NULL,J,NULL,NULL,NULL,NULL,"2026-08-07 13:48:59",NULL,NULL
97972,52950,2026-05-29,9802786,NULL,"Imported by IVO Systems on 2026.08.05.","2026-08-05 14:42:40",45,0,1,1,3,"2026-08-18 20:38:08",0,9236,NULL,040a7894-a630-440a-a364-b3bec7d5ca58,NULL,NULL,J,NULL,NULL,NULL,NULL,"2026-08-07 13:49:21",NULL,NULL
97986,52952,2026-06-16,9802804,NULL,"Imported by IVO Systems on 2026.08.05.","2026-08-05 14:42:44",45,0,1,1,3,"2026-08-18 20:38:08",0,9236,NULL,876641c5-d350-4bec-b0eb-2be5e0597f9a,NULL,NULL,J,NULL,NULL,NULL,NULL,"2026-08-07 13:56:26",NULL,NULL
97987,52952,2025-10-24,9802805,NULL,"Imported by IVO Systems on 2026.08.05.","2026-08-05 14:42:44",45,0,1,1,3,"2026-08-18 20:38:08",0,9236,NULL,e4e8af95-a5c4-4ee8-8e06-fdcef6165f18,NULL,NULL,J,NULL,NULL,NULL,NULL,"2026-08-07 13:57:36",NULL,NULL
97988,52952,2026-06-16,9802804,NULL,"Imported by IVO Systems on 2026.08.05.","2026-08-05 14:42:44",45,1,0,1,3,"2026-08-18 20:38:08",0,9236,NULL,c7f6462a-8e35-4fdf-8179-dbcb4bc19cc8,NULL,NULL,J,NULL,NULL,NULL,NULL,"2026-08-07 13:56:52",NULL,NULL
98924,52952,2026-08-11,NULL,NULL,"FUEL GAUGE FAULTY","2026-08-11 17:40:47",16222,0,1,0,1,"2026-08-11 17:40:51",0,16222,80,4d018a47-242b-47b9-8ba6-4102dabca706,NULL,NULL,P,NULL,NULL,NULL,NULL,NULL,NULL,NULL
99161,52952,2026-08-06,NULL,NULL,"INSTALLED NEW DIP STICK - (GB WO LOG 08/06/26 - JOBSITE BROKE)","2026-08-12 20:26:24",16222,0,1,0,3,"2026-08-12 20:27:36",0,16222,47,30cb02c9-74cb-45e0-bac8-6c72ea3c8c8a,NULL,NULL,P,NULL,NULL,NULL,NULL,"2026-08-12 20:27:36",NULL,NULL
97979,52956,2026-05-26,9802794,NULL,"Imported by IVO Systems on 2026.08.05.","2026-08-05 14:42:42",45,0,1,1,3,"2026-08-18 20:38:08",0,9236,NULL,a94eea83-4bbc-4323-b14a-e68e8c11117a,NULL,NULL,J,NULL,NULL,NULL,NULL,"2026-08-07 13:53:13",NULL,NULL
97980,52956,2026-05-26,NULL,NULL,"Imported by IVO Systems on 2026.08.05.","2026-08-05 14:42:42",45,1,0,0,3,"2026-08-18 20:38:08",0,9236,NULL,9dbb0e83-ff52-4a9c-93b0-3d18406a62e7,NULL,NULL,J,NULL,NULL,NULL,NULL,NULL,NULL,NULL
97981,52956,2026-05-26,NULL,NULL,"Imported by IVO Systems on 2026.08.05.","2026-08-05 14:42:42",45,1,0,0,3,"2026-08-18 20:38:08",0,9236,NULL,ec7d803e-c09d-4b2c-987c-53f6f0597d55,NULL,NULL,J,NULL,NULL,NULL,NULL,NULL,NULL,NULL
97983,52961,2025-10-20,9802800,NULL,"Imported by IVO Systems on 2026.08.05.","2026-08-05 14:42:43",45,0,1,1,3,"2026-08-18 20:38:08",0,9236,NULL,a5d32d7c-9077-4119-958d-ca48fa58120a,NULL,NULL,J,NULL,NULL,NULL,NULL,"2026-08-07 13:55:05",NULL,NULL
97984,52961,2025-10-20,NULL,NULL,"Imported by IVO Systems on 2026.08.05.","2026-08-05 14:42:43",45,1,0,0,3,"2026-08-18 20:38:08",0,9236,NULL,1ac0c272-1aed-4321-8a4c-264f54c0196c,NULL,NULL,J,NULL,NULL,NULL,NULL,NULL,NULL,NULL
97985,52961,2026-03-17,9802803,NULL,"Imported by IVO Systems on 2026.08.05.","2026-08-05 14:42:43",45,0,1,1,3,"2026-08-18 20:38:08",0,9236,NULL,78f317e5-6c98-4980-a27b-c11e04bf1192,NULL,NULL,J,NULL,NULL,NULL,NULL,"2026-08-07 13:55:26",NULL,NULL
97973,52962,2025-12-04,9802787,NULL,"Imported by IVO Systems on 2026.08.05.","2026-08-05 14:42:40",45,0,1,1,3,"2026-08-18 20:38:08",0,9236,NULL,ba2987f2-52e5-4baf-b4f4-cab1c50b7a1d,NULL,NULL,J,NULL,NULL,NULL,NULL,"2026-08-07 13:50:35",NULL,NULL
97974,52962,2022-08-24,9802788,NULL,"Imported by IVO Systems on 2026.08.05.","2026-08-05 14:42:40",45,0,1,1,3,"2026-08-18 20:38:08",0,9236,NULL,b3b37e55-bbb4-466c-a52a-08684ac05956,NULL,NULL,J,NULL,NULL,NULL,NULL,"2026-08-07 13:50:59",NULL,NULL
97975,52962,2025-12-04,NULL,NULL,"Imported by IVO Systems on 2026.08.05.","2026-08-05 14:42:40",45,1,0,0,3,"2026-08-18 20:38:08",0,9236,NULL,0d7ca046-0f54-4674-bf93-78a261817d49,NULL,NULL,J,NULL,NULL,NULL,NULL,NULL,NULL,NULL
97995,52964,2023-12-14,9802814,NULL,"Imported by IVO Systems on 2026.08.05.","2026-08-05 14:42:46",45,0,1,1,3,"2026-08-18 20:38:08",0,9236,NULL,b380ffaa-f6a1-4ae6-b455-85afe4aad190,NULL,NULL,J,NULL,NULL,NULL,NULL,"2026-08-07 14:01:36",NULL,NULL
97996,52964,2023-12-14,NULL,NULL,"Imported by IVO Systems on 2026.08.05.","2026-08-05 14:42:46",45,1,0,0,3,"2026-08-18 20:38:08",0,9236,NULL,e35df140-b401-4324-bbf9-3078a3a10714,NULL,NULL,J,NULL,NULL,NULL,NULL,NULL,NULL,NULL
97997,52964,2026-01-21,9802817,NULL,"Imported by IVO Systems on 2026.08.05.","2026-08-05 14:42:47",45,0,1,1,3,"2026-08-18 20:38:08",0,9236,NULL,a24a5c0a-355b-4f28-b1de-6bd9aa282bfb,NULL,NULL,J,NULL,NULL,NULL,NULL,"2026-08-07 14:01:58",NULL,NULL
98662,52964,2026-08-10,NULL,NULL,"OUTSIDE REPAIR (UR)
- REPLACE BRAKES - [482401 DAILY REC'D 08/10/26]","2026-08-10 15:37:01",16222,0,1,0,1,"2026-08-18 17:03:14",0,16222,55,7e0bd724-cbc4-4ee5-adda-d66405e38532,NULL,NULL,P,NULL,NULL,NULL,NULL,NULL,NULL,NULL
98663,52964,2026-07-27,NULL,NULL,"XTREME BULLETIN - TCB 23.004 - CROSS BEAM GUSSET INSTALL

*VERIFIED ON 12/14/23 THERE ARE NO GUSSETS ON UNIT* XTREME BULLETIN TCB 23.004 - CROSS BEAM GUSSET INSTALL - 2 HOURS LABOR.","2026-08-10 15:41:36",16222,0,1,0,4,"2026-08-10 15:42:23",0,16222,87,edb80ec9-f2c1-4424-a97f-1fd07baf653f,NULL,NULL,P,NULL,NULL,NULL,NULL,NULL,NULL,NULL
99881,52964,2026-08-18,NULL,NULL,"AC not working, out of Freon

- A/C INOP - [482401 DAILY REC'D 07/22/26> EMAILED UR 07/22 - (UR) EILEEN ORRISS - 07/22 - I will place another service call for this. We are limited on what we can do in regards to a/c repairs, if needed.]","2026-08-18 17:02:38",16222,0,1,0,1,"2026-08-18 17:03:26",0,16222,55,6b7b3b1d-7df1-434a-ad2a-3ca3dbec4cc7,NULL,NULL,P,NULL,NULL,NULL,NULL,NULL,NULL,NULL
98008,52965,2010-01-01,NULL,NULL,"Imported by IVO Systems on 2026.08.05.","2026-08-05 14:42:49",45,0,1,0,3,"2026-08-18 20:38:08",0,NULL,NULL,37ca3299-5edd-47d8-bce2-dabd535ab900,NULL,NULL,J,NULL,NULL,NULL,NULL,NULL,NULL,NULL
98009,52965,2010-01-01,NULL,NULL,"Imported by IVO Systems on 2026.08.05.","2026-08-05 14:42:49",45,0,1,0,3,"2026-08-18 20:38:08",0,NULL,NULL,c997386a-de9d-4b68-a60c-d31c1ef75ab7,NULL,NULL,J,NULL,NULL,NULL,NULL,NULL,NULL,NULL
98010,52965,2025-03-20,9802830,NULL,"Imported by IVO Systems on 2026.08.05.","2026-08-05 14:42:50",45,0,1,1,3,"2026-08-18 20:38:08",0,9236,NULL,1a81808a-b9ca-4cbd-9bf2-17cb6b5de8f2,NULL,NULL,J,NULL,NULL,NULL,NULL,"2026-08-10 17:25:42",NULL,NULL
98020,52969,2026-03-31,9802841,NULL,"Imported by IVO Systems on 2026.08.05.","2026-08-05 14:42:52",45,0,1,1,3,"2026-08-18 20:38:08",0,9236,NULL,c3425227-714d-4088-a610-d18a3e528e7d,NULL,NULL,J,NULL,NULL,NULL,NULL,"2026-08-10 13:50:02",NULL,NULL
98021,52969,2010-01-01,NULL,NULL,"Imported by IVO Systems on 2026.08.05.","2026-08-05 14:42:52",45,0,1,0,3,"2026-08-18 20:38:08",0,NULL,NULL,3dacf181-ebec-45c9-a641-b3edd9cab5af,NULL,NULL,J,NULL,NULL,NULL,NULL,NULL,NULL,NULL
98022,52969,2026-03-31,NULL,NULL,"Imported by IVO Systems on 2026.08.05.","2026-08-05 14:42:52",45,0,1,0,3,"2026-08-18 20:38:08",0,NULL,NULL,b32ea527-44db-4ebf-8306-4cd536e67238,NULL,NULL,J,NULL,NULL,NULL,NULL,NULL,NULL,NULL
97998,52970,2025-07-30,9802818,5141368,"Imported by IVO Systems on 2026.08.05.","2026-08-05 14:42:47",45,0,1,1,3,"2026-08-18 20:38:08",0,9236,NULL,b331898b-9cbb-4137-a43f-ed381510fcad,NULL,NULL,J,NULL,NULL,NULL,NULL,"2026-08-07 14:02:51",NULL,NULL
97993,52973,2010-01-01,NULL,NULL,"Imported by IVO Systems on 2026.08.05.","2026-08-05 14:42:45",45,0,1,0,3,"2026-08-18 20:38:08",0,NULL,NULL,be370bc7-7019-410f-af7f-54d29533ed17,NULL,NULL,J,NULL,NULL,NULL,NULL,NULL,NULL,NULL
97994,52973,2025-12-03,9802813,NULL,"Imported by IVO Systems on 2026.08.05.","2026-08-05 14:42:46",45,0,1,1,3,"2026-08-18 20:38:08",0,9236,NULL,8044274a-e653-4962-b68e-fca6dc4bef6e,NULL,NULL,J,NULL,NULL,NULL,NULL,"2026-08-10 17:30:24",NULL,NULL
98017,52974,2025-04-10,9802838,NULL,"Imported by IVO Systems on 2026.08.05.","2026-08-05 14:42:52",45,0,1,1,3,"2026-08-18 20:38:08",0,9236,NULL,84f7aae5-e677-4b9b-9979-901e31484264,NULL,NULL,J,NULL,NULL,NULL,NULL,"2026-08-10 13:19:33",NULL,NULL
98018,52974,2010-01-01,NULL,NULL,"Imported by IVO Systems on 2026.08.05.","2026-08-05 14:42:52",45,0,1,0,1,"2026-08-18 20:38:08",0,9236,NULL,26115ff6-c19f-479b-813e-327d6108808e,NULL,NULL,J,NULL,NULL,NULL,NULL,NULL,NULL,NULL
98019,52974,2026-02-20,9802840,NULL,"Imported by IVO Systems on 2026.08.05.","2026-08-05 14:42:52",45,0,1,1,3,"2026-08-18 20:38:08",0,9236,NULL,bea3494b-9791-4f6d-9d6f-2677df31a5bc,NULL,NULL,J,NULL,NULL,NULL,NULL,"2026-08-10 13:20:02",NULL,NULL
97990,52977,2026-05-21,9802809,NULL,"Imported by IVO Systems on 2026.08.05.","2026-08-05 14:42:45",45,0,1,1,3,"2026-08-18 20:38:08",0,9236,NULL,95af03d0-909f-4a6f-98cb-2caa93f4839d,NULL,NULL,J,NULL,NULL,NULL,NULL,"2026-08-07 13:59:26",NULL,NULL
97991,52977,2023-11-17,9802811,NULL,"Imported by IVO Systems on 2026.08.05.","2026-08-05 14:42:45",45,0,1,1,3,"2026-08-18 20:38:08",0,9236,NULL,948ec4bb-a9e6-4a76-8639-2fa751f41021,NULL,NULL,J,NULL,NULL,NULL,NULL,"2026-08-07 13:59:47",NULL,NULL
97992,52977,2026-05-21,NULL,NULL,"Imported by IVO Systems on 2026.08.05.","2026-08-05 14:42:45",45,1,0,0,3,"2026-08-18 20:38:08",0,9236,NULL,dbdb8e12-3609-41f9-9b77-6b402d9ccfa0,NULL,NULL,J,NULL,NULL,NULL,NULL,NULL,NULL,NULL
97999,52980,2025-06-04,9802820,NULL,"Imported by IVO Systems on 2026.08.05.","2026-08-05 14:42:48",45,0,1,1,3,"2026-08-18 20:38:08",0,9236,NULL,40f539bf-bc75-49a4-96d0-92ba4839e6b4,NULL,NULL,J,NULL,NULL,NULL,NULL,"2026-08-07 14:03:52",NULL,NULL
98000,52980,2024-05-15,9802822,NULL,"Imported by IVO Systems on 2026.08.05.","2026-08-05 14:42:48",45,0,1,1,3,"2026-08-18 20:38:08",0,9236,NULL,94138f56-86df-44b5-8dce-8117ab445d32,NULL,NULL,J,NULL,NULL,NULL,NULL,"2026-08-07 14:04:18",NULL,NULL
98001,52980,2026-02-21,9802823,NULL,"Imported by IVO Systems on 2026.08.05.","2026-08-05 14:42:48",45,0,1,1,3,"2026-08-18 20:38:08",0,9236,NULL,500a77e2-ed35-4855-9a7e-3bbee3dabf5f,NULL,NULL,J,NULL,NULL,NULL,NULL,"2026-08-07 14:04:36",NULL,NULL
98005,52982,2010-01-01,NULL,NULL,"Imported by IVO Systems on 2026.08.05.","2026-08-05 14:42:49",45,0,1,0,3,"2026-08-18 20:38:08",0,NULL,NULL,0f7220cf-b9c3-4d85-8586-8a3d2b993a21,NULL,NULL,J,NULL,NULL,NULL,NULL,NULL,NULL,NULL
98006,52982,2010-01-01,NULL,NULL,"Imported by IVO Systems on 2026.08.05.","2026-08-05 14:42:49",45,0,1,0,3,"2026-08-18 20:38:08",0,NULL,NULL,af9e30e8-71d2-4350-bae1-b10ca7479beb,NULL,NULL,J,NULL,NULL,NULL,NULL,NULL,NULL,NULL
98007,52982,2025-10-08,9802828,NULL,"Imported by IVO Systems on 2026.08.05.","2026-08-05 14:42:49",45,0,1,1,3,"2026-08-18 20:38:08",0,9236,NULL,2994cfab-8b22-45ca-bd83-1ba85c43c268,NULL,NULL,J,NULL,NULL,NULL,NULL,"2026-08-10 17:28:30",NULL,NULL
98014,52983,2026-03-27,9802835,NULL,"Imported by IVO Systems on 2026.08.05.","2026-08-05 14:42:51",45,0,1,1,3,"2026-08-18 20:38:08",0,9236,NULL,5e5ab820-c19a-454e-a858-1203743b2c4a,NULL,NULL,J,NULL,NULL,NULL,NULL,"2026-08-10 13:14:06",NULL,NULL
98015,52983,2010-01-01,NULL,NULL,"Imported by IVO Systems on 2026.08.05.","2026-08-05 14:42:51",45,0,1,1,1,"2026-08-18 20:38:08",0,9236,NULL,947df014-292e-44df-b974-83a9a0cb2430,NULL,NULL,J,NULL,NULL,NULL,NULL,NULL,NULL,NULL
98016,52983,2026-03-27,NULL,NULL,"Imported by IVO Systems on 2026.08.05.","2026-08-05 14:42:51",45,0,1,0,3,"2026-08-18 20:38:08",0,NULL,NULL,fbceed96-48d6-493f-8ad0-a43a42404f78,NULL,NULL,J,NULL,NULL,NULL,NULL,NULL,NULL,NULL
98026,52989,2024-03-07,9802848,NULL,"Imported by IVO Systems on 2026.08.05.","2026-08-05 14:42:54",45,0,1,1,3,"2026-08-18 20:38:08",0,9236,NULL,e2acddd5-a076-431f-9e59-9101d1acf8f6,NULL,NULL,J,NULL,NULL,NULL,NULL,"2026-08-07 14:12:22",NULL,NULL
98027,52989,2025-11-04,9802850,NULL,"Imported by IVO Systems on 2026.08.05.","2026-08-05 14:42:54",45,0,1,1,3,"2026-08-18 20:38:08",0,9236,NULL,d33a26f3-6e4d-43bb-953b-f3e715a6cb3d,NULL,NULL,J,NULL,NULL,NULL,NULL,"2026-08-07 14:13:01",NULL,NULL
98011,52991,2025-11-15,NULL,NULL,"Imported by IVO Systems on 2026.08.05.","2026-08-05 14:42:50",45,0,1,0,3,"2026-08-18 20:38:08",0,NULL,NULL,816b653d-5bdc-4146-84f9-d8a3e02248ec,NULL,NULL,J,NULL,NULL,NULL,NULL,NULL,NULL,NULL
98012,52991,2010-01-01,NULL,NULL,"Imported by IVO Systems on 2026.08.05.","2026-08-05 14:42:50",45,0,1,0,3,"2026-08-18 20:38:08",0,NULL,NULL,09111376-7258-4da2-af33-0d7545f98b49,NULL,NULL,J,NULL,NULL,NULL,NULL,NULL,NULL,NULL
98013,52991,2025-11-15,9802832,NULL,"Imported by IVO Systems on 2026.08.05.","2026-08-05 14:42:50",45,0,1,1,3,"2026-08-18 20:38:08",0,9236,NULL,292b6945-7066-40fc-9d3d-cf55414b4ead,NULL,NULL,J,NULL,NULL,NULL,NULL,"2026-08-10 17:23:36",NULL,NULL
98002,52992,2024-07-24,9802824,NULL,"Imported by IVO Systems on 2026.08.05.","2026-08-05 14:42:48",45,0,1,1,3,"2026-08-18 20:38:08",0,9236,NULL,f2ee292e-fe93-4195-8eb0-0596f3818d3f,NULL,NULL,J,NULL,NULL,NULL,NULL,"2026-08-07 14:05:39",NULL,NULL
98003,52992,2024-07-24,NULL,NULL,"Imported by IVO Systems on 2026.08.05.","2026-08-05 14:42:49",45,1,0,0,3,"2026-08-18 20:38:08",0,9236,NULL,21a42a21-786c-4be0-82dd-13dce871e664,NULL,NULL,J,NULL,NULL,NULL,NULL,NULL,NULL,NULL
98004,52992,2026-04-22,9802827,NULL,"Imported by IVO Systems on 2026.08.05.","2026-08-05 14:42:49",45,0,1,1,3,"2026-08-18 20:38:08",0,9236,NULL,e77e7c5f-fd1e-4aca-8272-c8def8848fb0,NULL,NULL,J,NULL,NULL,NULL,NULL,"2026-08-07 14:06:00",NULL,NULL
97989,52993,2025-11-18,9802807,5141367,"Imported by IVO Systems on 2026.08.05.","2026-08-05 14:42:45",45,0,1,1,3,"2026-08-18 20:38:08",0,9236,NULL,515ef614-6303-4b48-a955-672e970dd798,NULL,NULL,J,NULL,NULL,NULL,NULL,"2026-08-07 13:58:38",NULL,NULL
98034,52998,2025-12-11,9802860,NULL,"Imported by IVO Systems on 2026.08.05.","2026-08-05 14:42:56",45,0,1,1,3,"2026-08-18 20:38:08",0,9236,NULL,3c4a63c1-1cf7-4385-9b52-0ef5d51c5df6,NULL,NULL,J,NULL,NULL,NULL,NULL,"2026-08-07 14:17:18",NULL,NULL
98035,52998,2025-12-11,NULL,NULL,"Imported by IVO Systems on 2026.08.05.","2026-08-05 14:42:56",45,1,0,0,3,"2026-08-18 20:38:08",0,9236,NULL,fe52c376-f8b0-41c8-ad86-ba0c36cb8edb,NULL,NULL,J,NULL,NULL,NULL,NULL,NULL,NULL,NULL
98036,52998,2025-12-11,NULL,NULL,"Imported by IVO Systems on 2026.08.05.","2026-08-05 14:42:57",45,1,0,0,3,"2026-08-18 20:38:08",0,9236,NULL,4ab4e38f-076c-415d-acbb-d3b4446727cb,NULL,NULL,J,NULL,NULL,NULL,NULL,NULL,NULL,NULL
98028,52999,2025-10-29,9802851,NULL,"Imported by IVO Systems on 2026.08.05.","2026-08-05 14:42:54",45,0,1,1,3,"2026-08-18 20:38:08",0,1288,NULL,4fe428d5-368b-4f25-ae22-c506a1a1ddcf,NULL,NULL,J,NULL,NULL,NULL,NULL,"2026-08-10 16:30:03",NULL,NULL
98029,52999,2024-09-11,NULL,NULL,"Imported by IVO Systems on 2026.08.05.","2026-08-05 14:42:54",45,0,1,0,3,"2026-08-18 20:38:08",0,NULL,NULL,a16dac55-67c7-4a1f-97a7-bb055481c397,NULL,NULL,J,NULL,NULL,NULL,NULL,NULL,NULL,NULL
98023,53000,2026-01-29,9802844,NULL,"Imported by IVO Systems on 2026.08.05.","2026-08-05 14:42:53",45,0,1,1,3,"2026-08-18 20:38:08",0,9236,NULL,25e4d13f-309c-4888-b8b2-bc57648b80a9,NULL,NULL,J,NULL,NULL,NULL,NULL,"2026-08-10 13:55:51",NULL,NULL
98024,53000,2010-01-01,NULL,NULL,"Imported by IVO Systems on 2026.08.05.","2026-08-05 14:42:53",45,0,1,0,3,"2026-08-18 20:38:08",0,NULL,NULL,02f25b49-8af9-4079-9bb7-f06ff80eca57,NULL,NULL,J,NULL,NULL,NULL,NULL,NULL,NULL,NULL
98025,53000,2026-01-29,NULL,NULL,"Imported by IVO Systems on 2026.08.05.","2026-08-05 14:42:53",45,0,1,0,3,"2026-08-18 20:38:08",0,NULL,NULL,cab4a8b6-2823-4c23-8b33-f7c45d6509e4,NULL,NULL,J,NULL,NULL,NULL,NULL,NULL,NULL,NULL
98032,53001,2025-07-01,9802857,NULL,"Imported by IVO Systems on 2026.08.05.","2026-08-05 14:42:55",45,0,1,1,3,"2026-08-18 20:38:08",0,1288,NULL,b2e42796-45fd-433b-8b8f-97afb6f1c4c0,NULL,NULL,J,NULL,NULL,NULL,NULL,"2026-08-10 16:29:09",NULL,NULL
98033,53001,2024-09-18,NULL,NULL,"Imported by IVO Systems on 2026.08.05.","2026-08-05 14:42:56",45,0,1,0,3,"2026-08-18 20:38:08",0,NULL,NULL,458827ad-57a9-4e93-9f98-67e1172f8fad,NULL,NULL,J,NULL,NULL,NULL,NULL,NULL,NULL,NULL
98030,53005,2026-01-20,9802854,NULL,"Imported by IVO Systems on 2026.08.05.","2026-08-05 14:42:55",45,0,1,1,3,"2026-08-18 20:38:08",0,1288,NULL,5025c401-529b-4f87-a0f7-5a6fe1cda465,NULL,NULL,J,NULL,NULL,NULL,NULL,"2026-08-10 16:29:38",NULL,NULL
98031,53005,2024-09-12,NULL,NULL,"Imported by IVO Systems on 2026.08.05.","2026-08-05 14:42:55",45,0,1,0,3,"2026-08-18 20:38:08",0,NULL,NULL,5aec73a6-c2b0-4973-b037-933247558044,NULL,NULL,J,NULL,NULL,NULL,NULL,NULL,NULL,NULL
98364,53005,2026-08-06,9822292,NULL,"DL COMPLETED 08/06/26 @ 410 HRS","2026-08-06 15:17:33",16222,0,1,1,3,"2026-08-06 15:20:56",0,16222,70,c6aae54b-5d86-4245-9bd7-e5405c2c4559,NULL,NULL,P,NULL,NULL,NULL,NULL,"2026-08-06 15:20:56",NULL,NULL
98043,53006,2025-01-02,9802872,NULL,"Imported by IVO Systems on 2026.08.05.","2026-08-05 14:42:59",45,0,1,1,3,"2026-08-18 20:38:08",0,9236,NULL,4932cb32-4954-47de-8739-ae2c517e2241,NULL,NULL,J,NULL,NULL,NULL,NULL,"2026-08-07 14:21:57",NULL,NULL
98044,53006,2026-05-30,9802874,NULL,"Imported by IVO Systems on 2026.08.05.","2026-08-05 14:42:59",45,0,1,1,3,"2026-08-18 20:38:08",0,9236,NULL,c8b7eefa-57a6-4405-9e09-07c7860233d1,NULL,NULL,J,NULL,NULL,NULL,NULL,"2026-08-07 14:22:19",NULL,NULL
98045,53006,2025-12-23,9802875,NULL,"Imported by IVO Systems on 2026.08.05.","2026-08-05 14:42:59",45,0,1,1,3,"2026-08-18 20:38:08",0,9236,NULL,1a53e503-5dd5-4902-bc57-b8b4deeaaffd,NULL,NULL,J,NULL,NULL,NULL,NULL,"2026-08-07 14:22:42",NULL,NULL
98055,53007,2010-01-01,NULL,NULL,"Imported by IVO Systems on 2026.08.05.","2026-08-05 14:43:02",45,0,1,0,1,"2026-08-18 20:38:08",0,9236,NULL,ae397423-ad90-4036-add9-82434d0867a1,NULL,NULL,J,NULL,NULL,NULL,NULL,NULL,NULL,NULL
98056,53007,2010-01-01,NULL,NULL,"Imported by IVO Systems on 2026.08.05.","2026-08-05 14:43:02",45,0,1,0,3,"2026-08-18 20:38:08",0,NULL,NULL,1854870c-8e4a-477d-9e77-9dc382981ff7,NULL,NULL,J,NULL,NULL,NULL,NULL,NULL,NULL,NULL
98057,53007,2026-06-22,9802888,NULL,"Imported by IVO Systems on 2026.08.05.","2026-08-05 14:43:02",45,0,1,1,3,"2026-08-18 20:38:08",0,9236,NULL,d094ab0a-e45c-4e02-a7b0-83bb34d3aed0,NULL,NULL,J,NULL,NULL,NULL,NULL,"2026-08-07 14:27:51",NULL,NULL
98048,53009,2025-02-07,9802879,NULL,"Imported by IVO Systems on 2026.08.05.","2026-08-05 14:43:00",45,0,1,1,3,"2026-08-18 20:38:08",0,9236,NULL,75388bd4-ba95-44be-9d13-fb6faa66e04d,NULL,NULL,J,NULL,NULL,NULL,NULL,"2026-08-07 14:24:44",NULL,NULL
98049,53009,2025-12-08,9802880,NULL,"Imported by IVO Systems on 2026.08.05.","2026-08-05 14:43:00",45,0,1,1,3,"2026-08-18 20:38:08",0,9236,NULL,9dd3cd5c-1a7a-48c8-966a-f65d35915ae5,NULL,NULL,J,NULL,NULL,NULL,NULL,"2026-08-07 14:25:06",NULL,NULL
98040,53011,2025-11-08,9802868,NULL,"Imported by IVO Systems on 2026.08.05.","2026-08-05 14:42:58",45,0,1,1,3,"2026-08-18 20:38:08",0,9236,NULL,21a8d295-5390-409f-8f75-7e74398ca785,NULL,NULL,J,NULL,NULL,NULL,NULL,"2026-08-07 14:20:33",NULL,NULL
98041,53011,2024-06-21,9802870,NULL,"Imported by IVO Systems on 2026.08.05.","2026-08-05 14:42:58",45,0,1,1,3,"2026-08-18 20:38:08",0,9236,NULL,1672c1ea-d982-42d9-960e-3035c0ca7834,NULL,NULL,J,NULL,NULL,NULL,NULL,"2026-08-07 14:20:57",NULL,NULL
98042,53011,2026-04-22,9802871,NULL,"Imported by IVO Systems on 2026.08.05.","2026-08-05 14:42:58",45,0,1,1,3,"2026-08-18 20:38:08",0,9236,NULL,64fb7fd8-b52d-4e05-87c7-8a4eadb65868,NULL,NULL,J,NULL,NULL,NULL,NULL,"2026-08-07 14:21:20",NULL,NULL
98058,53014,2010-01-01,NULL,NULL,"Imported by IVO Systems on 2026.08.05.","2026-08-05 14:43:02",45,0,1,0,3,"2026-08-18 20:38:08",0,NULL,NULL,d9649dfe-16c5-4414-80cf-f84f3aac56a8,NULL,NULL,J,NULL,NULL,NULL,NULL,NULL,NULL,NULL
98059,53014,2010-01-01,NULL,NULL,"Imported by IVO Systems on 2026.08.05.","2026-08-05 14:43:02",45,0,1,0,3,"2026-08-18 20:38:08",0,NULL,NULL,ce037076-c876-4391-8e00-083a9979d049,NULL,NULL,J,NULL,NULL,NULL,NULL,NULL,NULL,NULL
98060,53014,2026-07-23,9802890,NULL,"Imported by IVO Systems on 2026.08.05.","2026-08-05 14:43:03",45,0,1,1,3,"2026-08-18 20:38:08",0,1288,NULL,162adf1e-dce8-4f60-a88a-4a6cb3301b40,NULL,NULL,J,NULL,NULL,NULL,NULL,"2026-08-10 16:28:27",NULL,NULL
98050,53018,2026-06-05,9802881,NULL,"Imported by IVO Systems on 2026.08.05.","2026-08-05 14:43:01",45,0,1,1,3,"2026-08-18 20:38:08",0,9236,NULL,2b07cf6f-ca3a-4551-924c-8ab7c276f5ca,NULL,NULL,J,NULL,NULL,NULL,NULL,"2026-08-10 14:13:27",NULL,NULL
98051,53018,2025-09-03,NULL,NULL,"Imported by IVO Systems on 2026.08.05.","2026-08-05 14:43:01",45,0,1,0,3,"2026-08-18 20:38:08",0,NULL,NULL,8704aeab-77f3-49d9-9bc0-96d631e3fbb2,NULL,NULL,J,NULL,NULL,NULL,NULL,NULL,NULL,NULL
98037,53019,2026-01-31,9802864,NULL,"Imported by IVO Systems on 2026.08.05.","2026-08-05 14:42:57",45,0,1,1,3,"2026-08-18 20:38:08",0,9236,NULL,ff6a5f2c-fc05-4d8c-b099-9084771164a7,NULL,NULL,J,NULL,NULL,NULL,NULL,"2026-08-07 14:19:23",NULL,NULL
98038,53019,2024-04-10,9802866,NULL,"Imported by IVO Systems on 2026.08.05.","2026-08-05 14:42:57",45,0,1,1,3,"2026-08-18 20:38:08",0,9236,NULL,c2d2dd87-ab64-4f27-bc27-64040424ce25,NULL,NULL,J,NULL,NULL,NULL,NULL,"2026-08-07 14:19:44",NULL,NULL
98039,53019,2026-01-31,NULL,NULL,"Imported by IVO Systems on 2026.08.05.","2026-08-05 14:42:57",45,1,0,0,3,"2026-08-18 20:38:08",0,9236,NULL,dcb6ee16-9bae-466f-8052-bdb8abbe1ee4,NULL,NULL,J,NULL,NULL,NULL,NULL,NULL,NULL,NULL
98052,53020,2026-04-22,9802884,NULL,"Imported by IVO Systems on 2026.08.05.","2026-08-05 14:43:01",45,0,1,1,3,"2026-08-18 20:38:08",0,9236,NULL,bb5d7d3d-8ddd-4269-be22-b9690dd99727,NULL,NULL,J,NULL,NULL,NULL,NULL,"2026-08-07 14:26:48",NULL,NULL
98053,53020,2026-04-22,NULL,NULL,"Imported by IVO Systems on 2026.08.05.","2026-08-05 14:43:02",45,1,0,0,3,"2026-08-18 20:38:08",0,9236,NULL,28931c8e-e975-4dc6-9831-50267b970a7a,NULL,NULL,J,NULL,NULL,NULL,NULL,NULL,NULL,NULL
98054,53020,2026-04-22,NULL,NULL,"Imported by IVO Systems on 2026.08.05.","2026-08-05 14:43:02",45,1,0,0,3,"2026-08-18 20:38:08",0,9236,NULL,21adaefd-ba73-4778-87c7-96e788bbb528,NULL,NULL,J,NULL,NULL,NULL,NULL,NULL,NULL,NULL
97637,53021,2023-04-25,9802449,NULL,"Imported by IVO Systems on 2026.08.05.","2026-08-05 14:38:49",45,0,1,1,3,"2026-08-18 20:38:08",0,9236,NULL,0f4152f3-163d-4d1c-9385-ce67382fa87f,NULL,NULL,J,NULL,NULL,NULL,NULL,"2026-08-06 20:01:26",NULL,NULL
98070,53023,2010-01-01,NULL,NULL,"Imported by IVO Systems on 2026.08.05.","2026-08-05 14:43:04",45,0,1,0,3,"2026-08-18 20:38:08",0,NULL,NULL,f5a10112-e3b3-4b6b-8cd1-31080c6c0a32,NULL,NULL,J,NULL,NULL,NULL,NULL,NULL,NULL,NULL
98071,53023,2010-01-01,NULL,NULL,"Imported by IVO Systems on 2026.08.05.","2026-08-05 14:43:04",45,0,1,0,3,"2026-08-18 20:38:08",0,NULL,NULL,87c884c0-4ac1-41f0-bce2-411b87676a75,NULL,NULL,J,NULL,NULL,NULL,NULL,NULL,NULL,NULL
98072,53023,2026-04-23,9802899,NULL,"Imported by IVO Systems on 2026.08.05.","2026-08-05 14:43:05",45,0,1,1,3,"2026-08-18 20:38:08",0,1288,NULL,b17fb52d-8e94-4ef3-b6c7-bbedfedb5321,NULL,NULL,J,NULL,NULL,NULL,NULL,"2026-08-10 16:17:45",NULL,NULL
98064,53024,2010-01-01,NULL,NULL,"Imported by IVO Systems on 2026.08.05.","2026-08-05 14:43:03",45,0,1,0,3,"2026-08-18 20:38:08",0,NULL,NULL,6914f217-f502-4d00-9c4e-ddd8689509bb,NULL,NULL,J,NULL,NULL,NULL,NULL,NULL,NULL,NULL
98065,53024,2010-01-01,NULL,NULL,"Imported by IVO Systems on 2026.08.05.","2026-08-05 14:43:03",45,0,1,0,3,"2026-08-18 20:38:08",0,NULL,NULL,7bbc25e9-a392-45eb-b43e-26de7cbdb9fc,NULL,NULL,J,NULL,NULL,NULL,NULL,NULL,NULL,NULL
98066,53024,2026-03-06,9802895,NULL,"Imported by IVO Systems on 2026.08.05.","2026-08-05 14:43:04",45,0,1,1,3,"2026-08-18 20:38:08",0,1288,NULL,e4331ba1-39eb-4aff-810c-41713b449b39,NULL,NULL,J,NULL,NULL,NULL,NULL,"2026-08-10 16:18:45",NULL,NULL
98061,53025,2010-01-01,NULL,NULL,"Imported by IVO Systems on 2026.08.05.","2026-08-05 14:43:03",45,0,1,0,3,"2026-08-18 20:38:08",0,NULL,NULL,faddf1ad-b0e2-47a1-9a04-52b60fc3afeb,NULL,NULL,J,NULL,NULL,NULL,NULL,NULL,NULL,NULL
98062,53025,2010-01-01,NULL,NULL,"Imported by IVO Systems on 2026.08.05.","2026-08-05 14:43:03",45,0,1,0,3,"2026-08-18 20:38:08",0,NULL,NULL,aeb923ff-ef13-4f48-9275-b7daa2085cf2,NULL,NULL,J,NULL,NULL,NULL,NULL,NULL,NULL,NULL
98063,53025,2026-04-10,9802892,NULL,"Imported by IVO Systems on 2026.08.05.","2026-08-05 14:43:03",45,0,1,1,3,"2026-08-18 20:38:08",0,1288,NULL,930ee7da-423f-4566-9a9b-32fe5abf3c2f,NULL,NULL,J,NULL,NULL,NULL,NULL,"2026-08-10 16:19:34",NULL,NULL
97639,53027,2024-09-30,9802453,NULL,"Imported by IVO Systems on 2026.08.05.","2026-08-05 14:38:50",45,0,1,1,3,"2026-08-18 20:38:08",0,9236,NULL,075a3f61-ccf5-48be-a837-8e6bd86d00a8,NULL,NULL,J,NULL,NULL,NULL,NULL,"2026-08-06 20:02:56",NULL,NULL
98088,53031,2010-01-01,NULL,NULL,"Imported by IVO Systems on 2026.08.05.","2026-08-05 14:43:06",45,0,1,0,3,"2026-08-18 20:38:08",0,NULL,NULL,78d93e98-491f-4672-856e-711918d5adf0,NULL,NULL,J,NULL,NULL,NULL,NULL,NULL,NULL,NULL
98089,53031,2010-01-01,NULL,NULL,"Imported by IVO Systems on 2026.08.05.","2026-08-05 14:43:06",45,0,1,0,3,"2026-08-18 20:38:08",0,NULL,NULL,94c4e596-74f2-4dda-9c83-f793161e879d,NULL,NULL,J,NULL,NULL,NULL,NULL,NULL,NULL,NULL
98090,53031,2010-01-01,NULL,NULL,"Imported by IVO Systems on 2026.08.05.","2026-08-05 14:43:06",45,0,1,0,3,"2026-08-18 20:38:08",0,NULL,NULL,5b58c1f9-8ea4-44e0-b865-6d710145acd2,NULL,NULL,J,NULL,NULL,NULL,NULL,NULL,NULL,NULL
99773,53031,2026-08-17,NULL,NULL,"(WAGNER) 
500 HR* WAGNER UPDATE 08/17/26 - WO#WC22456 - TECH DENIED ACCESS ON FRIDAY, WILL TRY AGAIN TOMORROW.

500 HR* WAGNER UPDATE 08/12/26 - WO#WC22456 - PART RECEIVED AS OF 08/12/26. SPOKE WITH DOUG AS MACHINE WAS NOT ACCESSIBLE TO TECH. WAS TOLD THURSDAY OR FRIDAY POSSIBLY TO HAVE ACCESS TO GENIE AND COMPLETE THE SERVICE.

500 HR* WAGNER UPDATE 08/10/26 - WO#WC22456 - GENIE IS SAYING MID-AUGUST IS TARGET RESTOCK DATE FOR BACK ORDERED PART, ROUGHLY WEEK OF THE 24TH.

500 HR* WAGNER UPDATE 07/23/26 - WO#WC22456 - PARTS BACKORDERED. 

500 HR* WAGNER UPDATE 07/21/26 - WO#WC22456 - RENTAL TO LOOK AT GENIE TO FURTHER TROUBLESHOOT IF A SERVICE IS NEEDED

500 HR* WAGNER UPDATE 07/10/26-07/16/26 - WO#0L97937 - PARTS LIST NEEDED/PARTS PENDING.

500 HR* WAGNER UPDATE 07/08/26 - WO#0L97937 - TECH ASSIGNED.

****UNIT NEVER HAD BREAK-IN SERVICE****","2026-08-18 05:01:15",16222,0,1,1,1,"2026-08-18 05:01:40",0,16222,58,c6ab6535-44dd-4963-835c-a8642d16a471,NULL,NULL,P,NULL,NULL,NULL,NULL,NULL,NULL,NULL
98046,53032,2026-02-05,9802876,NULL,"Imported by IVO Systems on 2026.08.05.","2026-08-05 14:43:00",45,0,1,1,3,"2026-08-18 20:38:08",0,9236,NULL,6fa2eef8-1465-40a4-90d6-d81e71eccb11,NULL,NULL,J,NULL,NULL,NULL,NULL,"2026-08-07 14:23:28",NULL,NULL
98047,53032,2026-02-21,9802878,NULL,"Imported by IVO Systems on 2026.08.05.","2026-08-05 14:43:00",45,0,1,1,3,"2026-08-18 20:38:08",0,9236,NULL,e34415ac-7286-4dc2-9fb2-6a7945530c46,NULL,NULL,J,NULL,NULL,NULL,NULL,"2026-08-07 14:23:50",NULL,NULL
97640,53033,2026-01-23,9802455,NULL,"Imported by IVO Systems on 2026.08.05.","2026-08-05 14:38:50",45,0,1,1,3,"2026-08-18 20:38:08",0,9236,NULL,f81874a4-7cea-4996-9535-2899b8ce66b2,NULL,NULL,J,NULL,NULL,NULL,NULL,"2026-08-06 20:03:45",NULL,NULL
97642,53034,2026-02-04,9802459,NULL,"Imported by IVO Systems on 2026.08.05.","2026-08-05 14:38:51",45,0,1,1,3,"2026-08-18 20:38:08",0,9236,NULL,93b85fb1-9cc8-45d6-8808-06599bc2ca96,NULL,NULL,J,NULL,NULL,NULL,NULL,"2026-08-06 20:05:14",NULL,NULL
98079,53035,2010-01-01,NULL,NULL,"Imported by IVO Systems on 2026.08.05.","2026-08-05 14:43:06",45,0,1,1,1,"2026-08-18 20:38:08",0,9236,NULL,f92cab11-7087-4d83-aab2-1fb4c3b0a873,NULL,NULL,J,NULL,NULL,NULL,NULL,NULL,NULL,NULL
98080,53035,2010-01-01,NULL,NULL,"Imported by IVO Systems on 2026.08.05.","2026-08-05 14:43:06",45,0,1,0,3,"2026-08-18 20:38:08",0,NULL,NULL,fd3a11be-32c1-481c-9c16-164253d7f0db,NULL,NULL,J,NULL,NULL,NULL,NULL,NULL,NULL,NULL
98081,53035,2010-01-01,NULL,NULL,"Imported by IVO Systems on 2026.08.05.","2026-08-05 14:43:06",45,0,1,0,3,"2026-08-18 20:38:08",0,NULL,NULL,7a23f3f7-c54b-4e0c-87ab-8a3ea680b855,NULL,NULL,J,NULL,NULL,NULL,NULL,NULL,NULL,NULL
99757,53035,2026-08-17,NULL,NULL,"50 HR BREAK-IN SERVICE DUE","2026-08-17 23:21:34",16222,0,1,1,1,"2026-08-17 23:22:00",0,16222,70,add47fed-0c61-4f4e-9c44-8363860e4315,NULL,NULL,P,NULL,NULL,NULL,NULL,NULL,NULL,NULL
97643,53036,2025-08-04,9802461,NULL,"Imported by IVO Systems on 2026.08.05.","2026-08-05 14:38:51",45,0,1,1,3,"2026-08-18 20:38:08",0,9236,NULL,96ee1031-c8f2-4e31-addd-d6c2880085fe,NULL,NULL,J,NULL,NULL,NULL,NULL,"2026-08-06 20:06:20",NULL,NULL
98067,53037,2010-01-01,NULL,NULL,"Imported by IVO Systems on 2026.08.05.","2026-08-05 14:43:04",45,0,1,0,3,"2026-08-18 20:38:08",0,NULL,NULL,3eb0480f-a7cd-4cd8-b95a-3bc1745dffdb,NULL,NULL,J,NULL,NULL,NULL,NULL,NULL,NULL,NULL
98068,53037,2010-01-01,NULL,NULL,"Imported by IVO Systems on 2026.08.05.","2026-08-05 14:43:04",45,0,1,0,3,"2026-08-18 20:38:08",0,NULL,NULL,23214e68-d75f-4972-a125-0590ec08ca04,NULL,NULL,J,NULL,NULL,NULL,NULL,NULL,NULL,NULL
98069,53037,2026-04-16,9802897,NULL,"Imported by IVO Systems on 2026.08.05.","2026-08-05 14:43:04",45,0,1,1,3,"2026-08-18 20:38:08",0,1288,NULL,73917942-630b-418e-a256-ac74bd6a5f35,NULL,NULL,J,NULL,NULL,NULL,NULL,"2026-08-10 16:18:18",NULL,NULL
97644,53038,2026-06-04,9802463,NULL,"Imported by IVO Systems on 2026.08.05.","2026-08-05 14:38:52",45,0,1,1,3,"2026-08-18 20:38:08",0,9236,NULL,e434dc2f-a1e5-44ad-bcdf-2e273a3ef638,NULL,NULL,J,NULL,NULL,NULL,NULL,"2026-08-06 20:07:20",NULL,NULL
97715,53039,2026-01-22,9802564,NULL,"Imported by IVO Systems on 2026.08.05.","2026-08-05 14:41:50",45,0,1,1,3,"2026-08-18 20:38:08",0,9236,NULL,94405bec-8913-4a3c-bfa2-d355ca470a81,NULL,NULL,J,NULL,NULL,NULL,NULL,"2026-08-06 20:51:40",NULL,NULL
98082,53040,2010-01-01,NULL,NULL,"Imported by IVO Systems on 2026.08.05.","2026-08-05 14:43:06",45,0,1,0,3,"2026-08-18 20:38:08",0,NULL,NULL,b3cde578-1eb9-40e4-987c-77722114f5c3,NULL,NULL,J,NULL,NULL,NULL,NULL,NULL,NULL,NULL
98083,53040,2010-01-01,NULL,NULL,"Imported by IVO Systems on 2026.08.05.","2026-08-05 14:43:06",45,0,1,0,3,"2026-08-18 20:38:08",0,NULL,NULL,625b9959-3e97-40b5-8c15-d7e9681fc4f6,NULL,NULL,J,NULL,NULL,NULL,NULL,NULL,NULL,NULL
98084,53040,2010-01-01,NULL,NULL,"Imported by IVO Systems on 2026.08.05.","2026-08-05 14:43:06",45,0,1,0,3,"2026-08-18 20:38:08",0,NULL,NULL,a19d97db-7377-4eb4-8c09-5b7971996af9,NULL,NULL,J,NULL,NULL,NULL,NULL,NULL,NULL,NULL
99758,53040,2026-08-17,NULL,NULL,"50 HR BREAK-IN SERVICE DUE","2026-08-17 23:22:40",16222,0,1,1,1,"2026-08-17 23:22:46",0,16222,70,d41204e9-da38-46f4-b58d-ae48d9adb41d,NULL,NULL,P,NULL,NULL,NULL,NULL,NULL,NULL,NULL
97653,53041,2026-06-30,9802481,NULL,"Imported by IVO Systems on 2026.08.05.","2026-08-05 14:38:56",45,0,1,1,3,"2026-08-18 20:38:08",0,9236,NULL,6d054ca7-3cb3-4239-8ec4-2f37af1075e5,NULL,NULL,J,NULL,NULL,NULL,NULL,"2026-08-06 20:14:52",NULL,NULL
97649,53043,2025-06-17,9802473,NULL,"Imported by IVO Systems on 2026.08.05.","2026-08-05 14:38:54",45,0,1,1,3,"2026-08-18 20:38:08",0,9236,NULL,498c27cc-6102-4faa-a395-8ec80600df5d,NULL,NULL,J,NULL,NULL,NULL,NULL,"2026-08-06 20:11:08",NULL,NULL
98085,53044,2010-01-01,NULL,NULL,"Imported by IVO Systems on 2026.08.05.","2026-08-05 14:43:06",45,0,1,0,3,"2026-08-18 20:38:08",0,NULL,NULL,0778e702-46c1-4078-83df-13b95723df54,NULL,NULL,J,NULL,NULL,NULL,NULL,NULL,NULL,NULL
98086,53044,2010-01-01,NULL,NULL,"Imported by IVO Systems on 2026.08.05.","2026-08-05 14:43:06",45,0,1,0,3,"2026-08-18 20:38:08",0,NULL,NULL,6269066c-5dbe-4496-b1fc-5b8e85979d8a,NULL,NULL,J,NULL,NULL,NULL,NULL,NULL,NULL,NULL
98087,53044,2010-01-01,NULL,NULL,"Imported by IVO Systems on 2026.08.05.","2026-08-05 14:43:06",45,0,1,0,3,"2026-08-18 20:38:08",0,NULL,NULL,b1a129e8-d0c3-4da4-aefe-793fae3caedd,NULL,NULL,J,NULL,NULL,NULL,NULL,NULL,NULL,NULL
99856,53044,2026-08-18,NULL,NULL,"CAT CONFIRMED NO BREAK IN SERVICE COMPLETED - EMAIL AUGUST 2026.","2026-08-18 16:11:51",16222,0,1,0,3,"2026-08-18 16:12:03",0,16222,58,870edfa2-3cdf-4590-8d42-93c9a1e320cf,NULL,NULL,P,NULL,NULL,NULL,NULL,"2026-08-18 16:12:03",NULL,NULL
97645,53045,2023-10-26,9802465,NULL,"Imported by IVO Systems on 2026.08.05.","2026-08-05 14:38:52",45,0,1,1,3,"2026-08-18 20:38:08",0,9236,NULL,2fd387b9-29d0-4d1f-b7cb-29b34134110d,NULL,NULL,J,NULL,NULL,NULL,NULL,"2026-08-06 20:07:58",NULL,NULL
97651,53047,2025-06-19,9802477,NULL,"Imported by IVO Systems on 2026.08.05.","2026-08-05 14:38:55",45,0,1,1,3,"2026-08-18 20:38:08",0,9236,NULL,08ab6c2f-d78e-4836-966d-d55adf88ad45,NULL,NULL,J,NULL,NULL,NULL,NULL,"2026-08-06 20:13:04",NULL,NULL
98073,53049,2010-01-01,NULL,NULL,"Imported by IVO Systems on 2026.08.05.","2026-08-05 14:43:05",45,0,1,0,3,"2026-08-18 20:38:08",0,NULL,NULL,70a9aeb2-ac7d-445a-9c66-ff1ed26db66c,NULL,NULL,J,NULL,NULL,NULL,NULL,NULL,NULL,NULL
98074,53049,2010-01-01,NULL,NULL,"Imported by IVO Systems on 2026.08.05.","2026-08-05 14:43:05",45,0,1,0,3,"2026-08-18 20:38:08",0,NULL,NULL,54d64ac4-0dd1-44ad-86f3-6bf9193965f1,NULL,NULL,J,NULL,NULL,NULL,NULL,NULL,NULL,NULL
98075,53049,2026-07-02,9802901,NULL,"Imported by IVO Systems on 2026.08.05.","2026-08-05 14:43:05",45,0,1,1,3,"2026-08-18 20:38:08",0,1288,NULL,69dae7e7-fb4a-4e5a-a7a6-bfad80856320,NULL,NULL,J,NULL,NULL,NULL,NULL,"2026-08-10 16:15:36",NULL,NULL
97641,53050,2023-08-22,9802457,NULL,"Imported by IVO Systems on 2026.08.05.","2026-08-05 14:38:51",45,0,1,1,3,"2026-08-18 20:38:08",0,9236,NULL,7c5e05c9-ea10-4565-ac22-1af5090624a8,NULL,NULL,J,NULL,NULL,NULL,NULL,"2026-08-06 20:04:20",NULL,NULL
97638,53052,2026-02-04,9802451,NULL,"Imported by IVO Systems on 2026.08.05.","2026-08-05 14:38:49",45,0,1,1,3,"2026-08-18 20:38:08",0,9236,NULL,c32af3c5-1f6f-40a2-8157-38bf4d3e241e,NULL,NULL,J,NULL,NULL,NULL,NULL,"2026-08-06 20:02:08",NULL,NULL
97672,53057,2026-07-09,9802510,NULL,"Imported by IVO Systems on 2026.08.05.","2026-08-05 14:41:37",45,0,1,1,3,"2026-08-18 20:38:08",0,9236,NULL,59007ef2-7778-4d09-9c00-01f099f8b87d,NULL,NULL,J,NULL,NULL,NULL,NULL,"2026-08-06 20:28:18",NULL,NULL
97647,53058,2025-06-18,9802469,NULL,"Imported by IVO Systems on 2026.08.05.","2026-08-05 14:38:53",45,0,1,1,3,"2026-08-18 20:38:08",0,9236,NULL,b9252cc8-8ca7-4df0-83fd-62cadb2b4cad,NULL,NULL,J,NULL,NULL,NULL,NULL,"2026-08-06 20:09:33",NULL,NULL
97664,53060,2026-03-23,9802496,NULL,"Imported by IVO Systems on 2026.08.05.","2026-08-05 14:41:34",45,0,1,1,3,"2026-08-18 20:38:08",0,9236,NULL,ad5d27f2-e1ed-41d9-9def-ce9e756f623f,NULL,NULL,J,NULL,NULL,NULL,NULL,"2026-08-06 20:21:17",NULL,NULL
97656,53062,2024-06-21,9802487,NULL,"Imported by IVO Systems on 2026.08.05.","2026-08-05 14:38:57",45,0,1,1,3,"2026-08-18 20:38:08",0,9236,NULL,0342a87d-2605-470e-bd5c-60ba5a759f4d,NULL,NULL,J,NULL,NULL,NULL,NULL,"2026-08-06 20:18:11",NULL,NULL
98076,53063,2010-01-01,NULL,NULL,"Imported by IVO Systems on 2026.08.05.","2026-08-05 14:43:05",45,0,1,0,3,"2026-08-18 20:38:08",0,NULL,NULL,cd2da0b2-9e39-4449-932e-1ebc04d49aac,NULL,NULL,J,NULL,NULL,NULL,NULL,NULL,NULL,NULL
98077,53063,2010-01-01,NULL,NULL,"Imported by IVO Systems on 2026.08.05.","2026-08-05 14:43:05",45,0,1,0,3,"2026-08-18 20:38:08",0,NULL,NULL,ce3e4339-a827-4de6-8c5c-a9cc9e7845f6,NULL,NULL,J,NULL,NULL,NULL,NULL,NULL,NULL,NULL
98078,53063,2026-04-15,9802903,NULL,"Imported by IVO Systems on 2026.08.05.","2026-08-05 14:43:06",45,0,1,1,3,"2026-08-18 20:38:08",0,1288,NULL,6408af9c-2098-4c52-a8d4-1af6c45d8620,NULL,NULL,J,NULL,NULL,NULL,NULL,"2026-08-10 16:15:07",NULL,NULL
97760,53064,2025-02-24,9802614,NULL,"Imported by IVO Systems on 2026.08.05.","2026-08-05 14:42:01",45,0,1,1,3,"2026-08-18 20:38:08",0,9236,NULL,f49e17ee-6331-4e1a-8581-6eb1a9acd980,NULL,NULL,J,NULL,NULL,NULL,NULL,"2026-08-06 20:59:01",NULL,NULL
97646,53068,2026-03-04,9802467,NULL,"Imported by IVO Systems on 2026.08.05.","2026-08-05 14:38:53",45,0,1,1,3,"2026-08-18 20:38:08",0,9236,NULL,db134cd8-eb43-48c4-9867-fb22561726d3,NULL,NULL,J,NULL,NULL,NULL,NULL,"2026-08-06 20:08:44",NULL,NULL
97661,53069,2026-06-04,9802491,NULL,"Imported by IVO Systems on 2026.08.05.","2026-08-05 14:41:33",45,0,1,1,3,"2026-08-18 20:38:08",0,9236,NULL,775f41c3-c183-4640-91be-6fb8e5de4237,NULL,NULL,J,NULL,NULL,NULL,NULL,"2026-08-06 20:19:03",NULL,NULL
97662,53069,2026-06-04,NULL,NULL,"Imported by IVO Systems on 2026.08.05.","2026-08-05 14:41:33",45,1,0,0,3,"2026-08-18 20:38:08",0,9236,NULL,d6a6dd7e-69fe-4667-a779-9c7b764e2059,NULL,NULL,J,NULL,NULL,NULL,NULL,NULL,NULL,NULL
97652,53070,2026-06-30,9802479,NULL,"Imported by IVO Systems on 2026.08.05.","2026-08-05 14:38:55",45,0,1,1,3,"2026-08-18 20:38:08",0,9236,NULL,babd1f03-21a3-426c-8cd0-d8898432b8e2,NULL,NULL,J,NULL,NULL,NULL,NULL,"2026-08-06 20:14:17",NULL,NULL
97761,53071,2024-02-19,9802616,NULL,"Imported by IVO Systems on 2026.08.05.","2026-08-05 14:42:01",45,0,1,1,1,"2026-08-18 20:38:08",0,9236,NULL,91733d1f-31b7-430c-9cdd-7e9e2b0e66bd,NULL,NULL,J,NULL,NULL,NULL,NULL,NULL,NULL,NULL
97758,53073,2025-01-06,9802610,NULL,"Imported by IVO Systems on 2026.08.05.","2026-08-05 14:42:00",45,0,1,1,3,"2026-08-18 20:38:08",0,9236,NULL,671e8775-fb61-4f9d-b68d-4eb184c5bd4e,NULL,NULL,J,NULL,NULL,NULL,NULL,"2026-08-06 20:57:33",NULL,NULL
97663,53074,2026-01-30,9802494,NULL,"Imported by IVO Systems on 2026.08.05.","2026-08-05 14:41:34",45,0,1,1,3,"2026-08-18 20:38:08",0,9236,NULL,c3a1ce73-ebea-4692-ad28-2b034849afe2,NULL,NULL,J,NULL,NULL,NULL,NULL,"2026-08-06 20:20:04",NULL,NULL
97768,53076,2025-11-14,NULL,NULL,"Imported by IVO Systems on 2026.08.05.","2026-08-05 14:42:01",45,0,1,1,3,"2026-08-18 20:38:08",0,9236,NULL,7fbbd3d4-f59a-44a1-a5eb-ab276562f404,NULL,NULL,J,NULL,NULL,NULL,NULL,"2026-08-06 21:06:00",NULL,NULL
98092,53077,2026-02-16,NULL,NULL,"Imported by IVO Systems on 2026.08.05.","2026-08-05 14:43:06",45,0,1,1,3,"2026-08-18 20:38:08",0,9236,NULL,75ee44dc-8e2d-42b0-9a70-43d41362c7e7,NULL,NULL,J,NULL,NULL,NULL,NULL,"2026-08-07 14:31:56",NULL,NULL
98091,53078,2026-02-16,NULL,NULL,"Imported by IVO Systems on 2026.08.05.","2026-08-05 14:43:06",45,0,1,1,3,"2026-08-18 20:38:08",0,9236,NULL,3026abd4-3e31-4d58-9c95-aa8fd91ef262,NULL,NULL,J,NULL,NULL,NULL,NULL,"2026-08-07 14:29:25",NULL,NULL
97766,53079,2025-11-14,NULL,NULL,"Imported by IVO Systems on 2026.08.05.","2026-08-05 14:42:01",45,0,1,1,3,"2026-08-18 20:38:08",0,9236,NULL,d287cfa3-e403-4a89-abe7-02da3eaa66f5,NULL,NULL,J,NULL,NULL,NULL,NULL,"2026-08-06 21:04:25",NULL,NULL
97650,53080,2025-06-19,9802475,NULL,"Imported by IVO Systems on 2026.08.05.","2026-08-05 14:38:54",45,0,1,1,3,"2026-08-18 20:38:08",0,9236,NULL,85ad3775-1fd0-4ede-afb8-9360a94f6fd5,NULL,NULL,J,NULL,NULL,NULL,NULL,"2026-08-06 20:12:00",NULL,NULL
97648,53081,2025-06-16,9802471,NULL,"Imported by IVO Systems on 2026.08.05.","2026-08-05 14:38:54",45,0,1,1,3,"2026-08-18 20:38:08",0,9236,NULL,4a11c0cb-07a4-4427-a52e-c4126409c531,NULL,NULL,J,NULL,NULL,NULL,NULL,"2026-08-06 20:10:29",NULL,NULL
97791,53084,2025-11-19,NULL,NULL,"Imported by IVO Systems on 2026.08.05.","2026-08-05 14:42:06",45,0,1,1,3,"2026-08-18 20:38:08",0,9236,NULL,d0150063-e25f-41e8-aaaa-0775fa824868,NULL,NULL,J,NULL,NULL,NULL,NULL,"2026-08-06 21:09:28",NULL,NULL
97763,53086,2025-11-14,NULL,NULL,"Imported by IVO Systems on 2026.08.05.","2026-08-05 14:42:01",45,0,1,1,3,"2026-08-18 20:38:08",0,9236,NULL,ceb2162e-1c8a-4459-8b83-633f32eb20a6,NULL,NULL,J,NULL,NULL,NULL,NULL,"2026-08-06 21:02:38",NULL,NULL
97671,53087,2023-04-27,9802508,NULL,"Imported by IVO Systems on 2026.08.05.","2026-08-05 14:41:37",45,0,1,1,3,"2026-08-18 20:38:08",0,9236,NULL,cce1b4ed-38e1-4c64-ad40-21240ec03b40,NULL,NULL,J,NULL,NULL,NULL,NULL,"2026-08-06 20:27:31",NULL,NULL
97770,53089,2026-03-16,9802618,NULL,"Imported by IVO Systems on 2026.08.05.","2026-08-05 14:42:02",45,0,1,1,3,"2026-08-18 20:38:08",0,9236,NULL,ab01f030-2bd6-455c-8d68-bdf870fc5f34,NULL,NULL,J,NULL,NULL,NULL,NULL,"2026-08-06 21:07:33",NULL,NULL
97771,53089,2026-05-28,NULL,NULL,"Imported by IVO Systems on 2026.08.05.","2026-08-05 14:42:02",45,0,1,0,3,"2026-08-18 20:38:08",0,NULL,NULL,708c0d9a-a0c1-48be-8ba5-2c6762b9e032,NULL,NULL,J,NULL,NULL,NULL,NULL,NULL,NULL,NULL
97673,53090,2026-07-10,9802512,NULL,"Imported by IVO Systems on 2026.08.05.","2026-08-05 14:41:38",45,0,1,1,3,"2026-08-18 20:38:08",0,9236,NULL,56aba03e-42c7-4971-b3a5-65510a6d95fd,NULL,NULL,J,NULL,NULL,NULL,NULL,"2026-08-06 20:28:52",NULL,NULL
97654,53091,2025-10-09,9802483,NULL,"Imported by IVO Systems on 2026.08.05.","2026-08-05 14:38:56",45,0,1,1,3,"2026-08-18 20:38:08",0,9236,NULL,21624089-4630-49e8-a3c2-c175c587526e,NULL,NULL,J,NULL,NULL,NULL,NULL,"2026-08-06 20:16:38",NULL,NULL
97788,53092,2026-02-17,9802636,NULL,"Imported by IVO Systems on 2026.08.05.","2026-08-05 14:42:06",45,0,1,1,3,"2026-08-18 20:38:08",0,1288,NULL,76a974c9-778d-4221-9f72-b0165627cb02,NULL,NULL,J,NULL,NULL,NULL,NULL,"2026-08-10 16:41:00",NULL,NULL
97789,53092,2026-05-28,NULL,NULL,"Imported by IVO Systems on 2026.08.05.","2026-08-05 14:42:06",45,0,1,0,3,"2026-08-18 20:38:08",0,NULL,NULL,935c475f-28a1-4a87-864c-5e5564a1b4df,NULL,NULL,J,NULL,NULL,NULL,NULL,NULL,NULL,NULL
97757,53094,2025-02-10,9802608,NULL,"Imported by IVO Systems on 2026.08.05.","2026-08-05 14:41:59",45,0,1,1,3,"2026-08-18 20:38:08",0,9236,NULL,169dd88c-d4ac-45ce-baaf-4f4a7a9f2f96,NULL,NULL,J,NULL,NULL,NULL,NULL,"2026-08-06 20:56:21",NULL,NULL
97778,53095,2025-09-24,9802626,NULL,"Imported by IVO Systems on 2026.08.05.","2026-08-05 14:42:04",45,0,1,1,3,"2026-08-18 20:38:08",0,9236,NULL,4ac0e7f4-cfe3-482a-b613-694f7af306e3,NULL,NULL,J,NULL,NULL,NULL,NULL,"2026-08-10 16:38:22",NULL,NULL
97779,53095,2026-05-16,NULL,NULL,"Imported by IVO Systems on 2026.08.05.","2026-08-05 14:42:04",45,0,1,0,3,"2026-08-18 20:38:08",0,NULL,NULL,24cf8cfe-09c8-4a7d-bd4c-54e2a0eb4c7a,NULL,NULL,J,NULL,NULL,NULL,NULL,NULL,NULL,NULL
97756,53096,2024-08-27,9802606,NULL,"Imported by IVO Systems on 2026.08.05.","2026-08-05 14:41:59",45,0,1,1,3,"2026-08-18 20:38:08",0,9236,NULL,b7873425-4ad7-4842-a01e-13d064f6bcfe,NULL,NULL,J,NULL,NULL,NULL,NULL,"2026-08-06 20:55:32",NULL,NULL
98094,53097,2023-04-20,NULL,NULL,"Imported by IVO Systems on 2026.08.05.","2026-08-05 14:43:06",45,0,1,1,3,"2026-08-18 20:38:08",0,9236,NULL,97c98602-bc47-44ae-bce4-71df45efb093,NULL,NULL,J,NULL,NULL,NULL,NULL,"2026-08-07 14:32:55",NULL,NULL
97762,53098,2025-11-14,NULL,NULL,"Imported by IVO Systems on 2026.08.05.","2026-08-05 14:42:01",45,0,1,1,3,"2026-08-18 20:38:08",0,9236,NULL,083ff3ac-dd0d-41f5-bf6a-f76cc16f86c7,NULL,NULL,J,NULL,NULL,NULL,NULL,"2026-08-06 21:00:28",NULL,NULL
98095,53099,2023-04-20,NULL,NULL,"Imported by IVO Systems on 2026.08.05.","2026-08-05 14:43:06",45,0,1,1,3,"2026-08-18 20:38:08",0,9236,NULL,e8074044-3896-4fcb-961f-d23009158d8c,NULL,NULL,J,NULL,NULL,NULL,NULL,"2026-08-07 14:33:28",NULL,NULL
98093,53100,2026-02-16,NULL,NULL,"Imported by IVO Systems on 2026.08.05.","2026-08-05 14:43:06",45,0,1,1,3,"2026-08-18 20:38:08",0,9236,NULL,0358fe2e-4175-4017-9f7a-89b3c32a8cc5,NULL,NULL,J,NULL,NULL,NULL,NULL,"2026-08-07 14:32:26",NULL,NULL
97655,53101,2021-08-31,9802485,NULL,"Imported by IVO Systems on 2026.08.05.","2026-08-05 14:38:57",45,0,1,1,3,"2026-08-18 20:38:08",0,9236,NULL,e5a219af-1637-40a6-85db-2bc0ea4522d7,NULL,NULL,J,NULL,NULL,NULL,NULL,"2026-08-06 20:17:28",NULL,NULL
97665,53102,2025-12-11,9802498,NULL,"Imported by IVO Systems on 2026.08.05.","2026-08-05 14:41:35",45,0,1,1,3,"2026-08-18 20:38:08",0,9236,NULL,be9cd4e1-9aec-4c1e-9a11-8640ae845898,NULL,NULL,J,NULL,NULL,NULL,NULL,"2026-08-06 20:21:53",NULL,NULL
99858,53102,2026-08-18,NULL,NULL,"500 HR SERVICE DUE","2026-08-18 16:13:07",16222,0,1,1,1,"2026-08-18 16:13:13",0,16222,70,264b19f1-29ec-4d43-8a0b-d33707df8b07,NULL,NULL,P,NULL,NULL,NULL,NULL,NULL,NULL,NULL
97774,53103,2025-07-01,9802622,NULL,"Imported by IVO Systems on 2026.08.05.","2026-08-05 14:42:03",45,0,1,1,3,"2026-08-18 20:38:08",0,9236,NULL,3c7f2953-b402-4c27-bdc3-9c67bda4542f,NULL,NULL,J,NULL,NULL,NULL,NULL,"2026-08-10 16:37:21",NULL,NULL
97775,53103,2026-03-30,NULL,NULL,"Imported by IVO Systems on 2026.08.05.","2026-08-05 14:42:03",45,0,1,0,3,"2026-08-18 20:38:08",0,NULL,NULL,e9387506-9d0c-4b07-bb04-c9701c6e9396,NULL,NULL,J,NULL,NULL,NULL,NULL,NULL,NULL,NULL
99851,53103,2026-08-18,NULL,NULL,"250 HR SERVICE DUE","2026-08-18 16:08:32",16222,0,1,1,1,"2026-08-18 16:08:38",0,16222,70,711df476-27a9-4b75-8e7d-b3ac650b4b9e,NULL,NULL,P,NULL,NULL,NULL,NULL,NULL,NULL,NULL
97666,53105,2026-05-07,9802500,NULL,"Imported by IVO Systems on 2026.08.05.","2026-08-05 14:41:35",45,0,1,1,3,"2026-08-18 20:38:08",0,9236,NULL,36ef7c54-6b2f-4c00-81dc-bf33de1a3b5c,NULL,NULL,J,NULL,NULL,NULL,NULL,"2026-08-06 20:22:39",NULL,NULL
98101,53106,2026-05-29,NULL,NULL,"Imported by IVO Systems on 2026.08.05.","2026-08-05 14:43:06",45,0,1,1,3,"2026-08-18 20:38:08",0,9236,NULL,513ae142-885a-4eb6-a766-e81258eba260,NULL,NULL,J,NULL,NULL,NULL,NULL,"2026-08-07 14:46:07",NULL,NULL
98106,53107,2026-07-14,NULL,NULL,"Imported by IVO Systems on 2026.08.05.","2026-08-05 14:43:06",45,0,1,1,3,"2026-08-18 20:38:08",0,9236,NULL,c7682bfb-bf3e-421e-9530-53ee3753001e,NULL,NULL,J,NULL,NULL,NULL,NULL,"2026-08-07 14:51:38",NULL,NULL
97765,53108,2025-11-14,NULL,NULL,"Imported by IVO Systems on 2026.08.05.","2026-08-05 14:42:01",45,0,1,1,3,"2026-08-18 20:38:08",0,9236,NULL,03bf3f04-41fd-406b-b25d-e97c5e608f90,NULL,NULL,J,NULL,NULL,NULL,NULL,"2026-08-06 21:03:51",NULL,NULL
98107,53109,2026-03-04,NULL,NULL,"Imported by IVO Systems on 2026.08.05.","2026-08-05 14:43:06",45,0,1,1,3,"2026-08-18 20:38:08",0,9236,NULL,925959f9-f799-45d8-94df-5a2936fd4390,NULL,NULL,J,NULL,NULL,NULL,NULL,"2026-08-07 14:52:11",NULL,NULL
97668,53110,2010-01-01,NULL,NULL,"Imported by IVO Systems on 2026.08.05.","2026-08-05 14:41:35",45,0,1,1,1,"2026-08-18 20:38:08",0,9236,NULL,f72cde48-0817-4171-b6a2-d47bb83e8481,NULL,NULL,J,NULL,NULL,NULL,NULL,NULL,NULL,NULL
99864,53110,2026-08-18,NULL,NULL,"500 HR SERVICE DUE","2026-08-18 16:17:07",16222,0,1,1,1,"2026-08-18 16:17:14",0,16222,70,945cdcc9-5fcc-4e6c-9dd0-95f85740926f,NULL,NULL,P,NULL,NULL,NULL,NULL,NULL,NULL,NULL
97670,53111,2026-06-04,9802506,NULL,"Imported by IVO Systems on 2026.08.05.","2026-08-05 14:41:36",45,0,1,1,3,"2026-08-18 20:38:08",0,9236,NULL,3d48293d-cfdc-4a4b-97a6-9cf56d4731b6,NULL,NULL,J,NULL,NULL,NULL,NULL,"2026-08-06 20:26:31",NULL,NULL
98097,53112,2024-09-30,NULL,NULL,"Imported by IVO Systems on 2026.08.05.","2026-08-05 14:43:06",45,0,1,1,3,"2026-08-18 20:38:08",0,9236,NULL,bbe2693a-b5bb-4668-bc3b-5e5dd78dbb03,NULL,NULL,J,NULL,NULL,NULL,NULL,"2026-08-07 14:35:11",NULL,NULL
98098,53113,2026-05-11,NULL,NULL,"Imported by IVO Systems on 2026.08.05.","2026-08-05 14:43:06",45,0,1,1,3,"2026-08-18 20:38:08",0,9236,NULL,e80bced7-e13c-442a-b90b-99815cd80d87,NULL,NULL,J,NULL,NULL,NULL,NULL,"2026-08-07 14:36:02",NULL,NULL
97794,53114,2025-11-20,NULL,NULL,"Imported by IVO Systems on 2026.08.05.","2026-08-05 14:42:06",45,0,1,1,3,"2026-08-18 20:38:08",0,9236,NULL,18b55d7a-cb1d-4481-a580-a82af4042dce,NULL,NULL,J,NULL,NULL,NULL,NULL,"2026-08-06 21:11:52",NULL,NULL
97669,53115,2024-03-29,9802504,NULL,"Imported by IVO Systems on 2026.08.05.","2026-08-05 14:41:36",45,0,1,1,3,"2026-08-18 20:38:08",0,9236,NULL,bfad2be6-a9df-4d70-aa32-10e45d66e620,NULL,NULL,J,NULL,NULL,NULL,NULL,"2026-08-06 20:24:45",NULL,NULL
97759,53116,2024-11-01,9802612,NULL,"Imported by IVO Systems on 2026.08.05.","2026-08-05 14:42:00",45,0,1,1,3,"2026-08-18 20:38:08",0,9236,NULL,acf4e4b7-f976-48f1-b49e-9fa5d40227e9,NULL,NULL,J,NULL,NULL,NULL,NULL,"2026-08-06 20:58:17",NULL,NULL
98096,53117,2026-03-23,NULL,NULL,"Imported by IVO Systems on 2026.08.05.","2026-08-05 14:43:06",45,0,1,1,3,"2026-08-18 20:38:08",0,9236,NULL,f0655e32-19bf-4620-aa03-9abe879c77e2,NULL,NULL,J,NULL,NULL,NULL,NULL,"2026-08-07 14:34:20",NULL,NULL
97667,53118,2025-11-18,9802502,NULL,"Imported by IVO Systems on 2026.08.05.","2026-08-05 14:41:35",45,0,1,1,3,"2026-08-18 20:38:08",0,9236,NULL,eaea4c32-dc4d-498d-8afd-94f01261d8c8,NULL,NULL,J,NULL,NULL,NULL,NULL,"2026-08-06 20:23:13",NULL,NULL
99865,53118,2026-08-18,NULL,NULL,"500 HR SERVICE DUE","2026-08-18 16:18:02",16222,0,1,1,1,"2026-08-18 16:18:12",0,16222,70,ccc2bd16-9786-44a6-8ac8-2dfd04f27a23,NULL,NULL,P,NULL,NULL,NULL,NULL,NULL,NULL,NULL
98109,53119,2026-07-14,NULL,NULL,"Imported by IVO Systems on 2026.08.05.","2026-08-05 14:43:06",45,0,1,1,3,"2026-08-18 20:38:08",0,9236,NULL,3d428fa6-bdce-4cc9-bcfc-8354e385d6c8,NULL,NULL,J,NULL,NULL,NULL,NULL,"2026-08-07 14:53:42",NULL,NULL
97786,53120,2026-03-03,9802634,NULL,"Imported by IVO Systems on 2026.08.05.","2026-08-05 14:42:05",45,0,1,1,3,"2026-08-18 20:38:08",0,9236,NULL,472f5ff5-252e-4f1d-a5b1-29e73b2d18bc,NULL,NULL,J,NULL,NULL,NULL,NULL,"2026-08-10 16:40:28",NULL,NULL
97787,53120,2026-06-09,NULL,NULL,"Imported by IVO Systems on 2026.08.05.","2026-08-05 14:42:05",45,0,1,0,3,"2026-08-18 20:38:08",0,NULL,NULL,d9be2182-8550-435a-b3db-d4b089e1d938,NULL,NULL,J,NULL,NULL,NULL,NULL,NULL,NULL,NULL
97790,53121,2025-11-14,NULL,NULL,"Imported by IVO Systems on 2026.08.05.","2026-08-05 14:42:06",45,0,1,1,3,"2026-08-18 20:38:08",0,9236,NULL,3f87d2e8-a78d-48b7-861e-d4503a231289,NULL,NULL,J,NULL,NULL,NULL,NULL,"2026-08-06 21:08:32",NULL,NULL
98108,53122,2026-02-19,NULL,NULL,"Imported by IVO Systems on 2026.08.05.","2026-08-05 14:43:06",45,0,1,1,3,"2026-08-18 20:38:08",0,9236,NULL,5f21413b-8c61-49a3-b05c-79284a8a2e92,NULL,NULL,J,NULL,NULL,NULL,NULL,"2026-08-07 14:52:50",NULL,NULL
97767,53123,2025-11-26,NULL,NULL,"Imported by IVO Systems on 2026.08.05.","2026-08-05 14:42:01",45,0,1,1,3,"2026-08-18 20:38:08",0,9236,NULL,1c2fa829-fed2-4c2d-b411-e84240f8f006,NULL,NULL,J,NULL,NULL,NULL,NULL,"2026-08-06 21:05:12",NULL,NULL
97677,53124,2026-06-04,9802520,NULL,"Imported by IVO Systems on 2026.08.05.","2026-08-05 14:41:39",45,0,1,1,3,"2026-08-18 20:38:08",0,9236,NULL,d5c6018b-8224-477b-a2bc-1888f9fdec36,NULL,NULL,J,NULL,NULL,NULL,NULL,"2026-08-06 20:32:07",NULL,NULL
97678,53125,2023-05-22,9802522,NULL,"Imported by IVO Systems on 2026.08.05.","2026-08-05 14:41:40",45,0,1,1,3,"2026-08-18 20:38:08",0,9236,NULL,61f0bb5c-253f-4ada-8aaf-46d6e212e625,NULL,NULL,J,NULL,NULL,NULL,NULL,"2026-08-06 20:32:48",NULL,NULL
97676,53126,2026-04-02,9802518,NULL,"Imported by IVO Systems on 2026.08.05.","2026-08-05 14:41:39",45,0,1,1,3,"2026-08-18 20:38:08",0,9236,NULL,e9b2da30-6cc7-48ff-b510-5f39e4fe08ab,NULL,NULL,J,NULL,NULL,NULL,NULL,"2026-08-06 20:31:24",NULL,NULL
98110,53127,2026-05-11,NULL,NULL,"Imported by IVO Systems on 2026.08.05.","2026-08-05 14:43:06",45,0,1,1,3,"2026-08-18 20:38:08",0,9236,NULL,c83c078d-902f-4233-bd4d-a664716c1def,NULL,NULL,J,NULL,NULL,NULL,NULL,"2026-08-07 14:54:12",NULL,NULL
97782,53128,2025-03-05,9802630,NULL,"Imported by IVO Systems on 2026.08.05.","2026-08-05 14:42:05",45,0,1,1,3,"2026-08-18 20:38:08",0,9236,NULL,c3516112-a540-41ae-b4d6-549058e1e6f4,NULL,NULL,J,NULL,NULL,NULL,NULL,"2026-08-10 16:39:24",NULL,NULL
97783,53128,2026-07-14,NULL,NULL,"Imported by IVO Systems on 2026.08.05.","2026-08-05 14:42:05",45,0,1,0,3,"2026-08-18 20:38:08",0,NULL,NULL,1375aea8-a20e-4a7e-92e3-bd75746fbca2,NULL,NULL,J,NULL,NULL,NULL,NULL,NULL,NULL,NULL
98104,53129,2025-12-12,NULL,NULL,"Imported by IVO Systems on 2026.08.05.","2026-08-05 14:43:06",45,0,1,1,3,"2026-08-18 20:38:08",0,9236,NULL,840c36f9-1896-409d-b75b-eb7d376b81de,NULL,NULL,J,NULL,NULL,NULL,NULL,"2026-08-07 14:50:11",NULL,NULL
97683,53130,2025-02-26,9802532,NULL,"Imported by IVO Systems on 2026.08.05.","2026-08-05 14:41:42",45,0,1,1,3,"2026-08-18 20:38:08",0,9236,NULL,3a603230-fd58-47ef-b8d5-5d7c37e6b3b2,NULL,NULL,J,NULL,NULL,NULL,NULL,"2026-08-06 20:37:42",NULL,NULL
98245,53130,2026-08-04,9806282,NULL,"CS COMPLETED 08/04/26 @ 5353 HRS
OIL FILTER - Napa 7038
FUEL FILTER - Inline filter 610-1684Spin on P550385
AIR FILTERS - Napa - 500162; Napa - 500385","2026-08-05 17:57:49",16222,1,0,1,2,"2026-08-05 17:58:28",0,16222,NULL,e6f5a9b4-83e9-4047-a6b5-7a5e59b082b9,NULL,NULL,P,NULL,NULL,NULL,NULL,"2026-08-05 17:57:50",NULL,NULL
98246,53130,2026-08-04,9806284,NULL,"CS COMPLETED 08/04/26 @ 5353 HRS
OIL FILTER - Napa 7038
FUEL FILTER - Inline filter 610-1684Spin on P550385
AIR FILTERS - Napa - 500162; Napa - 500385","2026-08-05 18:00:14",16222,0,1,1,3,"2026-08-06 14:55:16",0,16222,70,304c2e38-e730-45e3-a70b-b3c48a10f63d,NULL,NULL,P,NULL,NULL,NULL,NULL,"2026-08-05 18:09:04",NULL,NULL
98115,53131,2026-04-06,NULL,NULL,"Imported by IVO Systems on 2026.08.05.","2026-08-05 14:43:06",45,0,1,1,3,"2026-08-18 20:38:08",0,9236,NULL,1508ad5d-96ff-4f48-9c42-a933752fffc5,NULL,NULL,J,NULL,NULL,NULL,NULL,"2026-08-07 14:56:54",NULL,NULL
98114,53132,2026-02-16,NULL,NULL,"Imported by IVO Systems on 2026.08.05.","2026-08-05 14:43:06",45,0,1,1,3,"2026-08-18 20:38:08",0,9236,NULL,59f9e29c-2365-4df9-bfe2-73e79933d577,NULL,NULL,J,NULL,NULL,NULL,NULL,"2026-08-07 14:56:20",NULL,NULL
97772,53133,2026-04-10,9802620,NULL,"Imported by IVO Systems on 2026.08.05.","2026-08-05 14:42:02",45,0,1,1,3,"2026-08-18 20:38:08",0,9236,NULL,2392d4f6-c795-42eb-9e03-ad5f0bccd5c2,NULL,NULL,J,NULL,NULL,NULL,NULL,"2026-08-10 16:36:37",NULL,NULL
97773,53133,2026-07-14,NULL,NULL,"Imported by IVO Systems on 2026.08.05.","2026-08-05 14:42:02",45,0,1,0,3,"2026-08-18 20:38:08",0,NULL,NULL,87151abf-5f1c-41bf-8de6-4ef7893ef824,NULL,NULL,J,NULL,NULL,NULL,NULL,NULL,NULL,NULL
97675,53134,2026-07-09,9802516,NULL,"Imported by IVO Systems on 2026.08.05.","2026-08-05 14:41:38",45,0,1,1,3,"2026-08-18 20:38:08",0,9236,NULL,06e69b73-8cdc-475c-bb87-3c6f15bda287,NULL,NULL,J,NULL,NULL,NULL,NULL,"2026-08-06 20:30:44",NULL,NULL
99880,53134,2026-08-18,NULL,NULL,"Alarm for maintenance interval is active","2026-08-18 16:59:55",16222,0,1,0,1,"2026-08-18 17:00:01",0,16222,74,a461873b-b088-4bfc-ab7e-9d70cbddba7b,NULL,NULL,P,NULL,NULL,NULL,NULL,NULL,NULL,NULL
97681,53135,2026-03-02,9802528,NULL,"Imported by IVO Systems on 2026.08.05.","2026-08-05 14:41:41",45,0,1,1,3,"2026-08-18 20:38:08",0,9236,NULL,29c91695-1bd8-4e2b-a702-3ce6e720a519,NULL,NULL,J,NULL,NULL,NULL,NULL,"2026-08-06 20:36:05",NULL,NULL
97764,53136,2025-11-19,NULL,NULL,"Imported by IVO Systems on 2026.08.05.","2026-08-05 14:42:01",45,0,1,1,3,"2026-08-18 20:38:08",0,9236,NULL,75467363-af10-4c56-ab97-3dcae8d2189d,NULL,NULL,J,NULL,NULL,NULL,NULL,"2026-08-06 21:03:11",NULL,NULL
98111,53137,2025-11-07,NULL,NULL,"Imported by IVO Systems on 2026.08.05.","2026-08-05 14:43:06",45,0,1,1,3,"2026-08-18 20:38:08",0,9236,NULL,69308045-9136-410d-b636-f48b444768f6,NULL,NULL,J,NULL,NULL,NULL,NULL,"2026-08-07 14:54:40",NULL,NULL
97780,53138,2026-06-05,9802628,NULL,"Imported by IVO Systems on 2026.08.05.","2026-08-05 14:42:04",45,0,1,1,3,"2026-08-18 20:38:08",0,9236,NULL,c90d20df-d508-465d-8ab4-7f8ee7535c51,NULL,NULL,J,NULL,NULL,NULL,NULL,"2026-08-10 16:38:53",NULL,NULL
97781,53138,2026-06-17,NULL,NULL,"Imported by IVO Systems on 2026.08.05.","2026-08-05 14:42:04",45,0,1,0,3,"2026-08-18 20:38:08",0,NULL,NULL,48a4fb5a-22e6-4d02-bc27-56e13c1b9303,NULL,NULL,J,NULL,NULL,NULL,NULL,NULL,NULL,NULL
98105,53139,2026-02-19,NULL,NULL,"Imported by IVO Systems on 2026.08.05.","2026-08-05 14:43:06",45,0,1,1,3,"2026-08-18 20:38:08",0,9236,NULL,af37bf9d-a79a-4dea-bdee-42b272a66d99,NULL,NULL,J,NULL,NULL,NULL,NULL,"2026-08-07 14:50:54",NULL,NULL
97680,53140,2025-11-21,9802526,NULL,"Imported by IVO Systems on 2026.08.05.","2026-08-05 14:41:41",45,0,1,1,3,"2026-08-18 20:38:08",0,9236,NULL,c1b69be5-7a74-4c11-b619-671a10f67865,NULL,NULL,J,NULL,NULL,NULL,NULL,"2026-08-06 20:35:30",NULL,NULL
98103,53141,2025-09-11,NULL,NULL,"Imported by IVO Systems on 2026.08.05.","2026-08-05 14:43:06",45,0,1,1,3,"2026-08-18 20:38:08",0,9236,NULL,bd9ee48b-60d6-4bfe-847b-347ea7fe2708,NULL,NULL,J,NULL,NULL,NULL,NULL,"2026-08-07 14:49:18",NULL,NULL
98113,53142,2026-04-09,NULL,NULL,"Imported by IVO Systems on 2026.08.05.","2026-08-05 14:43:06",45,0,1,1,3,"2026-08-18 20:38:08",0,9236,NULL,7b2933d7-c8cd-4f2b-8d84-5a76881f3467,NULL,NULL,J,NULL,NULL,NULL,NULL,"2026-08-07 14:55:51",NULL,NULL
97793,53143,2025-11-14,NULL,NULL,"Imported by IVO Systems on 2026.08.05.","2026-08-05 14:42:06",45,0,1,1,3,"2026-08-18 20:38:08",0,9236,NULL,8dcd76f3-6abd-4419-a3b8-4c4f42b05cec,NULL,NULL,J,NULL,NULL,NULL,NULL,"2026-08-06 21:10:29",NULL,NULL
97682,53144,2026-06-22,9802530,NULL,"Imported by IVO Systems on 2026.08.05.","2026-08-05 14:41:41",45,0,1,1,3,"2026-08-18 20:38:08",0,9236,NULL,9a80163a-eee6-41f1-b449-c7f2d21463c9,NULL,NULL,J,NULL,NULL,NULL,NULL,"2026-08-06 20:36:38",NULL,NULL
97784,53145,2025-12-09,9802632,NULL,"Imported by IVO Systems on 2026.08.05.","2026-08-05 14:42:05",45,0,1,1,3,"2026-08-18 20:38:08",0,9236,NULL,f29668a8-5e07-40da-a631-4796172272ba,NULL,NULL,J,NULL,NULL,NULL,NULL,"2026-08-10 16:39:55",NULL,NULL
97785,53145,2026-03-04,NULL,NULL,"Imported by IVO Systems on 2026.08.05.","2026-08-05 14:42:05",45,0,1,0,3,"2026-08-18 20:38:08",0,NULL,NULL,ce561557-5819-46f1-a048-17fd5fd2bd0c,NULL,NULL,J,NULL,NULL,NULL,NULL,NULL,NULL,NULL
99853,53145,2026-08-18,NULL,NULL,"250 HR SERVICE DUE","2026-08-18 16:09:43",16222,0,1,1,1,"2026-08-18 16:09:49",0,16222,70,dd00401b-cd90-43e8-bb16-99d19d6c86c3,NULL,NULL,P,NULL,NULL,NULL,NULL,NULL,NULL,NULL
97792,53147,2025-11-26,NULL,NULL,"Imported by IVO Systems on 2026.08.05.","2026-08-05 14:42:06",45,0,1,1,3,"2026-08-18 20:38:08",0,9236,NULL,cb04b769-4dd1-45b8-8e38-6d214748c8c5,NULL,NULL,J,NULL,NULL,NULL,NULL,"2026-08-06 21:10:01",NULL,NULL
98102,53148,2026-07-22,NULL,NULL,"Imported by IVO Systems on 2026.08.05.","2026-08-05 14:43:06",45,0,1,1,3,"2026-08-18 20:38:08",0,9236,NULL,cf1c5228-ccae-41fb-8438-c75cf505455c,NULL,NULL,J,NULL,NULL,NULL,NULL,"2026-08-07 14:48:50",NULL,NULL
98100,53149,2026-05-29,NULL,NULL,"Imported by IVO Systems on 2026.08.05.","2026-08-05 14:43:06",45,0,1,1,3,"2026-08-18 20:38:08",0,9236,NULL,f1fb2c0a-0f77-4fa7-b129-526592fd2cd4,NULL,NULL,J,NULL,NULL,NULL,NULL,"2026-08-07 14:44:16",NULL,NULL
98112,53150,2026-05-04,NULL,NULL,"Imported by IVO Systems on 2026.08.05.","2026-08-05 14:43:06",45,0,1,1,3,"2026-08-18 20:38:08",0,9236,NULL,934cbfdb-a7ad-4bb5-b55e-0f45df103b14,NULL,NULL,J,NULL,NULL,NULL,NULL,"2026-08-07 14:55:15",NULL,NULL
98116,53151,2026-06-30,NULL,NULL,"Imported by IVO Systems on 2026.08.05.","2026-08-05 14:43:06",45,0,1,1,3,"2026-08-18 20:38:08",0,9236,NULL,edaf383a-9380-4696-bdd7-1862ef2f9dd9,NULL,NULL,J,NULL,NULL,NULL,NULL,"2026-08-07 14:57:43",NULL,NULL
97776,53152,2025-07-29,9802624,NULL,"Imported by IVO Systems on 2026.08.05.","2026-08-05 14:42:03",45,0,1,1,3,"2026-08-18 20:38:08",0,9236,NULL,e86de57a-56aa-4b03-857d-d91350eb370f,NULL,NULL,J,NULL,NULL,NULL,NULL,"2026-08-10 16:37:54",NULL,NULL
97777,53152,2026-03-30,NULL,NULL,"Imported by IVO Systems on 2026.08.05.","2026-08-05 14:42:03",45,0,1,0,3,"2026-08-18 20:38:08",0,NULL,NULL,0fb57093-6dc6-4b3b-a37e-d26b34b3e17a,NULL,NULL,J,NULL,NULL,NULL,NULL,NULL,NULL,NULL
97769,53153,2025-11-14,NULL,NULL,"Imported by IVO Systems on 2026.08.05.","2026-08-05 14:42:01",45,0,1,1,3,"2026-08-18 20:38:08",0,9236,NULL,f881a51b-205d-4126-8bac-87993bb48f82,NULL,NULL,J,NULL,NULL,NULL,NULL,"2026-08-06 21:06:34",NULL,NULL
97795,53156,2025-11-14,NULL,NULL,"Imported by IVO Systems on 2026.08.05.","2026-08-05 14:42:06",45,0,1,1,3,"2026-08-18 20:38:08",0,9236,NULL,b3af4a4a-fcc4-48ed-8962-5814f36f8e3c,NULL,NULL,J,NULL,NULL,NULL,NULL,"2026-08-06 21:13:39",NULL,NULL
98118,53157,2025-12-12,NULL,NULL,"Imported by IVO Systems on 2026.08.05.","2026-08-05 14:43:07",45,0,1,1,3,"2026-08-18 20:38:08",0,9236,NULL,6a13b664-9837-47f1-8d71-6319406be784,NULL,NULL,J,NULL,NULL,NULL,NULL,"2026-08-07 14:59:00",NULL,NULL
98119,53158,2026-05-29,NULL,NULL,"Imported by IVO Systems on 2026.08.05.","2026-08-05 14:43:07",45,0,1,1,3,"2026-08-18 20:38:08",0,9236,NULL,52376fa9-ab80-43ce-9234-5b4b5e699149,NULL,NULL,J,NULL,NULL,NULL,NULL,"2026-08-07 14:59:29",NULL,NULL
98099,53160,2025-12-01,NULL,NULL,"Imported by IVO Systems on 2026.08.05.","2026-08-05 14:43:06",45,0,1,1,3,"2026-08-18 20:38:08",0,9236,NULL,e2bc4805-94e4-4ac8-a082-70b1a5b2f669,NULL,NULL,J,NULL,NULL,NULL,NULL,"2026-08-07 14:42:22",NULL,NULL
97797,53161,2025-12-23,NULL,NULL,"Imported by IVO Systems on 2026.08.05.","2026-08-05 14:42:06",45,0,1,1,3,"2026-08-18 20:38:08",0,9236,NULL,4536b65c-5cfb-4c2c-a79c-27db752258b0,NULL,NULL,J,NULL,NULL,NULL,NULL,"2026-08-06 21:15:12",NULL,NULL
98117,53162,2026-02-16,NULL,NULL,"Imported by IVO Systems on 2026.08.05.","2026-08-05 14:43:06",45,0,1,1,3,"2026-08-18 20:38:08",0,9236,NULL,6f9d68d5-ea0b-424e-b8a1-b0c58be0c79d,NULL,NULL,J,NULL,NULL,NULL,NULL,"2026-08-07 14:58:26",NULL,NULL
97796,53163,2025-12-09,NULL,NULL,"Imported by IVO Systems on 2026.08.05.","2026-08-05 14:42:06",45,0,1,1,3,"2026-08-18 20:38:08",0,9236,NULL,87847102-11f0-4a62-b5cd-5d2e1630e2ab,NULL,NULL,J,NULL,NULL,NULL,NULL,"2026-08-06 21:14:26",NULL,NULL
97799,53164,2025-12-09,NULL,NULL,"Imported by IVO Systems on 2026.08.05.","2026-08-05 14:42:06",45,1,0,0,3,"2026-08-18 20:38:08",0,9236,NULL,983f1ec3-ad93-4942-9dcc-4d0983ff09bc,NULL,NULL,J,NULL,NULL,NULL,NULL,NULL,NULL,NULL
97800,53164,2025-12-09,NULL,NULL,"Imported by IVO Systems on 2026.08.05.","2026-08-05 14:42:06",45,1,0,0,3,"2026-08-18 20:38:08",0,9236,NULL,a60d11b3-4aa0-4cbf-af96-db0edcb7af42,NULL,NULL,J,NULL,NULL,NULL,NULL,NULL,NULL,NULL
97801,53164,2025-12-09,NULL,NULL,"Imported by IVO Systems on 2026.08.05.","2026-08-05 14:42:06",45,1,0,0,3,"2026-08-18 20:38:08",0,9236,NULL,d5576e49-a7dd-4326-b047-7781f936ed0a,NULL,NULL,J,NULL,NULL,NULL,NULL,NULL,NULL,NULL
97802,53164,2025-12-09,NULL,NULL,"Imported by IVO Systems on 2026.08.05.","2026-08-05 14:42:06",45,1,0,0,3,"2026-08-18 20:38:08",0,9236,NULL,84dd7ea7-44c5-4b58-b862-df3fb0176f11,NULL,NULL,J,NULL,NULL,NULL,NULL,NULL,NULL,NULL
97803,53164,2025-12-09,NULL,NULL,"Imported by IVO Systems on 2026.08.05.","2026-08-05 14:42:06",45,0,1,1,3,"2026-08-18 20:38:08",0,9236,NULL,98a4e15a-a381-451b-94b9-644670ff14df,NULL,NULL,J,NULL,NULL,NULL,NULL,"2026-08-06 21:17:13",NULL,NULL
98126,53165,2010-01-01,NULL,NULL,"Imported by IVO Systems on 2026.08.05.","2026-08-05 14:43:07",45,0,1,1,3,"2026-08-18 20:38:08",0,9236,NULL,f45146ff-bd15-40cc-ac3f-0010cf7d574e,NULL,NULL,J,NULL,NULL,NULL,NULL,"2026-08-07 15:05:35",NULL,NULL
98123,53166,2026-05-11,NULL,NULL,"Imported by IVO Systems on 2026.08.05.","2026-08-05 14:43:07",45,0,1,1,3,"2026-08-18 20:38:08",0,9236,NULL,1da260ab-e227-4083-97f3-aacadc2f2d0d,NULL,NULL,J,NULL,NULL,NULL,NULL,"2026-08-07 15:03:15",NULL,NULL
98122,53167,2023-08-02,NULL,NULL,"Imported by IVO Systems on 2026.08.05.","2026-08-05 14:43:07",45,0,1,1,3,"2026-08-18 20:38:08",0,9236,NULL,aa0272e2-ca23-4dfb-bfd9-cebccde361be,NULL,NULL,J,NULL,NULL,NULL,NULL,"2026-08-07 15:02:44",NULL,NULL
98127,53171,2026-07-22,NULL,NULL,"Imported by IVO Systems on 2026.08.05.","2026-08-05 14:43:07",45,0,1,1,3,"2026-08-18 20:38:08",0,9236,NULL,479d231a-a514-407a-9557-c953aea1fa54,NULL,NULL,J,NULL,NULL,NULL,NULL,"2026-08-07 15:06:41",NULL,NULL
98125,53172,2010-01-01,NULL,NULL,"Imported by IVO Systems on 2026.08.05.","2026-08-05 14:43:07",45,0,1,1,3,"2026-08-18 20:38:08",0,9236,NULL,9e803ef5-b0e9-4afa-85e4-20b0bda8c652,NULL,NULL,J,NULL,NULL,NULL,NULL,"2026-08-07 15:04:55",NULL,NULL
98120,53173,2025-10-02,NULL,NULL,"Imported by IVO Systems on 2026.08.05.","2026-08-05 14:43:07",45,0,1,1,3,"2026-08-18 20:38:08",0,9236,NULL,2a3c3fb1-9bf2-4120-b044-df1509ae20f3,NULL,NULL,J,NULL,NULL,NULL,NULL,"2026-08-07 15:00:08",NULL,NULL
98130,53174,2025-06-10,NULL,NULL,"Imported by IVO Systems on 2026.08.05.","2026-08-05 14:43:07",45,0,1,1,3,"2026-08-18 20:38:08",0,9236,NULL,812d0244-8f9a-4cc5-bfe1-b4bd79aaa7e3,NULL,NULL,J,NULL,NULL,NULL,NULL,"2026-08-07 15:07:42",NULL,NULL
97804,53176,2026-03-26,9802638,NULL,"Imported by IVO Systems on 2026.08.05.","2026-08-05 14:42:07",45,0,1,1,3,"2026-08-18 20:38:08",0,1288,NULL,99cd009a-5a65-40b9-ad28-1b28fd0687e1,NULL,NULL,J,NULL,NULL,NULL,NULL,"2026-08-10 16:40:27",NULL,NULL
97805,53176,2026-07-30,NULL,NULL,"Imported by IVO Systems on 2026.08.05.","2026-08-05 14:42:07",45,0,1,0,3,"2026-08-18 20:38:08",0,NULL,NULL,880d7c0b-41ae-4c9a-a795-cd4a60f2e321,NULL,NULL,J,NULL,NULL,NULL,NULL,NULL,NULL,NULL
97806,53177,2026-03-12,9802640,NULL,"Imported by IVO Systems on 2026.08.05.","2026-08-05 14:42:07",45,0,1,1,3,"2026-08-18 20:38:08",0,1288,NULL,2ebecb4a-5ae1-466a-ac35-f39225226247,NULL,NULL,J,NULL,NULL,NULL,NULL,"2026-08-10 16:39:32",NULL,NULL
97807,53177,2026-07-06,NULL,NULL,"Imported by IVO Systems on 2026.08.05.","2026-08-05 14:42:07",45,0,1,0,3,"2026-08-18 20:38:08",0,NULL,NULL,8893de54-90bc-441e-866d-8f2f12c199da,NULL,NULL,J,NULL,NULL,NULL,NULL,NULL,NULL,NULL
98133,53178,2026-07-15,NULL,NULL,"Imported by IVO Systems on 2026.08.05.","2026-08-05 14:43:07",45,0,1,1,3,"2026-08-18 20:38:08",0,9236,NULL,bbd8077b-8290-46c3-a897-c2d6199bc29a,NULL,NULL,J,NULL,NULL,NULL,NULL,"2026-08-07 15:09:36",NULL,NULL
98136,53179,2026-04-06,NULL,NULL,"Imported by IVO Systems on 2026.08.05.","2026-08-05 14:43:07",45,0,1,1,3,"2026-08-18 20:38:08",0,9236,NULL,c1b6e9d9-4adb-4e92-ad5b-2ca991fce29f,NULL,NULL,J,NULL,NULL,NULL,NULL,"2026-08-07 15:11:08",NULL,NULL
97814,53181,2026-06-04,9802648,NULL,"Imported by IVO Systems on 2026.08.05.","2026-08-05 14:42:09",45,0,1,1,3,"2026-08-18 20:38:08",0,1288,NULL,e0388134-a8b6-4237-8a52-f90cd4d49d3f,NULL,NULL,J,NULL,NULL,NULL,NULL,"2026-08-10 16:37:23",NULL,NULL
97815,53181,2026-07-22,NULL,NULL,"Imported by IVO Systems on 2026.08.05.","2026-08-05 14:42:09",45,0,1,0,3,"2026-08-18 20:38:08",0,NULL,NULL,40a8a8a0-83b0-41bf-8a23-1e3b5a7f8f94,NULL,NULL,J,NULL,NULL,NULL,NULL,NULL,NULL,NULL
98124,53182,2026-05-14,NULL,NULL,"Imported by IVO Systems on 2026.08.05.","2026-08-05 14:43:07",45,0,1,1,3,"2026-08-18 20:38:08",0,9236,NULL,9242fa7b-784c-4470-bfd3-2a6941e0eeba,NULL,NULL,J,NULL,NULL,NULL,NULL,"2026-08-07 15:04:25",NULL,NULL
97798,53183,2026-01-12,NULL,NULL,"Imported by IVO Systems on 2026.08.05.","2026-08-05 14:42:06",45,0,1,1,3,"2026-08-18 20:38:08",0,9236,NULL,d20f8ffb-dbb5-482d-a700-b674405fe770,NULL,NULL,J,NULL,NULL,NULL,NULL,"2026-08-06 21:16:08",NULL,NULL
98134,53184,2026-05-29,NULL,NULL,"Imported by IVO Systems on 2026.08.05.","2026-08-05 14:43:07",45,0,1,1,3,"2026-08-18 20:38:08",0,9236,NULL,e00aec06-7da6-455c-8bac-9d5f28deacf4,NULL,NULL,J,NULL,NULL,NULL,NULL,"2026-08-07 15:10:00",NULL,NULL
97812,53185,2026-06-23,9802646,NULL,"Imported by IVO Systems on 2026.08.05.","2026-08-05 14:42:08",45,0,1,1,3,"2026-08-18 20:38:08",0,1288,NULL,b48ce6c5-c1e0-42a3-b1eb-db2e1bf6237a,NULL,NULL,J,NULL,NULL,NULL,NULL,"2026-08-10 16:37:57",NULL,NULL
97813,53185,2026-06-23,NULL,NULL,"Imported by IVO Systems on 2026.08.05.","2026-08-05 14:42:08",45,0,1,0,3,"2026-08-18 20:38:08",0,NULL,NULL,edc599ac-0998-40f2-a8ac-90144b9da2ad,NULL,NULL,J,NULL,NULL,NULL,NULL,NULL,NULL,NULL
98131,53186,2026-04-06,NULL,NULL,"Imported by IVO Systems on 2026.08.05.","2026-08-05 14:43:07",45,0,1,1,3,"2026-08-18 20:38:08",0,9236,NULL,5a344e30-c3df-44d6-b02a-c840e3b76438,NULL,NULL,J,NULL,NULL,NULL,NULL,"2026-08-07 15:08:13",NULL,NULL
97808,53187,2026-02-23,9802642,NULL,"Imported by IVO Systems on 2026.08.05.","2026-08-05 14:42:07",45,0,1,1,3,"2026-08-18 20:38:08",0,1288,NULL,5b97354d-c84b-4eea-846d-0fd957d402c4,NULL,NULL,J,NULL,NULL,NULL,NULL,"2026-08-10 16:38:58",NULL,NULL
97809,53187,2026-05-01,NULL,NULL,"Imported by IVO Systems on 2026.08.05.","2026-08-05 14:42:07",45,0,1,0,3,"2026-08-18 20:38:08",0,NULL,NULL,cb5bef26-5b57-47be-a6d6-c761f79bd100,NULL,NULL,J,NULL,NULL,NULL,NULL,NULL,NULL,NULL
98147,53188,2026-02-16,NULL,NULL,"Imported by IVO Systems on 2026.08.05.","2026-08-05 14:44:01",45,0,1,1,3,"2026-08-18 20:38:08",0,9236,NULL,626941cc-cc44-4cb3-9ecf-929adef0eec7,NULL,NULL,J,NULL,NULL,NULL,NULL,"2026-08-07 15:17:41",NULL,NULL
97822,53189,2026-02-20,9802656,NULL,"Imported by IVO Systems on 2026.08.05.","2026-08-05 14:42:11",45,0,1,1,3,"2026-08-18 20:38:08",0,1288,NULL,54ea07e9-9a9d-4819-b50b-fbb86774ec4d,NULL,NULL,J,NULL,NULL,NULL,NULL,"2026-08-10 16:35:21",NULL,NULL
97823,53189,2026-04-23,NULL,NULL,"Imported by IVO Systems on 2026.08.05.","2026-08-05 14:42:11",45,0,1,0,3,"2026-08-18 20:38:08",0,NULL,NULL,e191cbfc-07ae-499f-ac44-db275e5d902e,NULL,NULL,J,NULL,NULL,NULL,NULL,NULL,NULL,NULL
97824,53189,2025-03-21,NULL,NULL,"Imported by IVO Systems on 2026.08.05.","2026-08-05 14:42:11",45,0,1,0,3,"2026-08-18 20:38:08",0,NULL,NULL,5e53ae43-87e8-42b2-9a77-d72e3e12341e,NULL,NULL,J,NULL,NULL,NULL,NULL,NULL,NULL,NULL
98132,53191,2026-04-02,NULL,NULL,"Imported by IVO Systems on 2026.08.05.","2026-08-05 14:43:07",45,0,1,1,3,"2026-08-18 20:38:08",0,9236,NULL,29efdccc-dfd3-46b2-b015-2353e3c4173a,NULL,NULL,J,NULL,NULL,NULL,NULL,"2026-08-07 15:08:47",NULL,NULL
97816,53192,2026-06-29,9802650,NULL,"Imported by IVO Systems on 2026.08.05.","2026-08-05 14:42:09",45,0,1,1,3,"2026-08-18 20:38:08",0,1288,NULL,097af42e-e96a-4ce7-9f9c-0e16ee55b72f,NULL,NULL,J,NULL,NULL,NULL,NULL,"2026-08-10 16:36:47",NULL,NULL
97817,53192,2026-03-04,NULL,NULL,"Imported by IVO Systems on 2026.08.05.","2026-08-05 14:42:09",45,0,1,0,3,"2026-08-18 20:38:08",0,NULL,NULL,1beff70c-de0b-4478-ba14-542d5f4d781c,NULL,NULL,J,NULL,NULL,NULL,NULL,NULL,NULL,NULL
97818,53192,2025-03-06,NULL,NULL,"Imported by IVO Systems on 2026.08.05.","2026-08-05 14:42:09",45,0,1,0,3,"2026-08-18 20:38:08",0,NULL,NULL,3556600b-b03d-44ac-8b0e-ec9a8b571403,NULL,NULL,J,NULL,NULL,NULL,NULL,NULL,NULL,NULL
98128,53193,2026-07-14,NULL,NULL,"Imported by IVO Systems on 2026.08.05.","2026-08-05 14:43:07",45,0,1,0,3,"2026-08-18 20:38:08",0,NULL,NULL,63a32839-71c9-49e9-8186-374d423eb87c,NULL,NULL,J,NULL,NULL,NULL,NULL,NULL,NULL,NULL
98145,53199,2026-02-16,NULL,NULL,"Imported by IVO Systems on 2026.08.05.","2026-08-05 14:44:01",45,0,1,1,3,"2026-08-18 20:38:08",0,9236,NULL,94317c0c-545f-4aa0-9e82-964748c7b01d,NULL,NULL,J,NULL,NULL,NULL,NULL,"2026-08-07 15:16:35",NULL,NULL
98141,53200,2026-01-20,NULL,NULL,"Imported by IVO Systems on 2026.08.05.","2026-08-05 14:44:01",45,0,1,1,3,"2026-08-18 20:38:08",0,9236,NULL,cdd36fa6-9b2a-4fd1-828c-ee83e53d6f86,NULL,NULL,J,NULL,NULL,NULL,NULL,"2026-08-07 15:14:05",NULL,NULL
97841,53201,2026-01-08,NULL,NULL,"Imported by IVO Systems on 2026.08.05.","2026-08-05 14:42:13",45,0,1,1,3,"2026-08-18 20:38:08",0,9236,NULL,9c5fef6d-f59a-41fb-b3be-ca0758930cb4,NULL,NULL,J,NULL,NULL,NULL,NULL,"2026-08-06 21:20:51",NULL,NULL
97819,53202,2026-02-03,9802653,NULL,"Imported by IVO Systems on 2026.08.05.","2026-08-05 14:42:10",45,0,1,1,3,"2026-08-18 20:38:08",0,1288,NULL,a841c4b7-7ee5-4d13-94da-006bc958a00f,NULL,NULL,J,NULL,NULL,NULL,NULL,"2026-08-10 16:36:12",NULL,NULL
97820,53202,2026-03-31,NULL,NULL,"Imported by IVO Systems on 2026.08.05.","2026-08-05 14:42:10",45,0,1,0,3,"2026-08-18 20:38:08",0,NULL,NULL,9467ae98-d0ef-49a0-ba95-e514c2e87e34,NULL,NULL,J,NULL,NULL,NULL,NULL,NULL,NULL,NULL
97821,53202,2025-04-09,NULL,NULL,"Imported by IVO Systems on 2026.08.05.","2026-08-05 14:42:10",45,0,1,0,3,"2026-08-18 20:38:08",0,NULL,NULL,2674c59e-f056-4e37-a141-6c9e817bee2b,NULL,NULL,J,NULL,NULL,NULL,NULL,NULL,NULL,NULL
98137,53203,2025-12-12,NULL,NULL,"Imported by IVO Systems on 2026.08.05.","2026-08-05 14:44:01",45,0,1,1,3,"2026-08-18 20:38:08",0,9236,NULL,79641175-825d-41ea-9081-5570eeaefb14,NULL,NULL,J,NULL,NULL,NULL,NULL,"2026-08-07 15:11:35",NULL,NULL
97810,53204,2026-05-19,9802644,NULL,"Imported by IVO Systems on 2026.08.05.","2026-08-05 14:42:08",45,0,1,1,3,"2026-08-18 20:38:08",0,1288,NULL,a4597326-3b96-4fa7-9a6a-d2253d7da28c,NULL,NULL,J,NULL,NULL,NULL,NULL,"2026-08-10 16:38:33",NULL,NULL
97811,53204,2026-06-09,NULL,NULL,"Imported by IVO Systems on 2026.08.05.","2026-08-05 14:42:08",45,0,1,0,3,"2026-08-18 20:38:08",0,NULL,NULL,d40d2bd4-732e-4b78-a7c1-082a7bc3edf0,NULL,NULL,J,NULL,NULL,NULL,NULL,NULL,NULL,NULL
97825,53205,2026-07-22,9802659,NULL,"Imported by IVO Systems on 2026.08.05.","2026-08-05 14:42:11",45,0,1,1,3,"2026-08-18 20:38:08",0,1288,NULL,e048756e-a51b-4331-93c5-118908da3658,NULL,NULL,J,NULL,NULL,NULL,NULL,"2026-08-10 16:34:17",NULL,NULL
97826,53205,2026-07-22,NULL,NULL,"Imported by IVO Systems on 2026.08.05.","2026-08-05 14:42:11",45,0,1,0,3,"2026-08-18 20:38:08",0,NULL,NULL,14a7f509-3579-4c19-9f43-f7fa72bafe89,NULL,NULL,J,NULL,NULL,NULL,NULL,NULL,NULL,NULL
97827,53205,2025-09-17,NULL,NULL,"Imported by IVO Systems on 2026.08.05.","2026-08-05 14:42:11",45,0,1,0,3,"2026-08-18 20:38:08",0,NULL,NULL,1114264c-fe9d-4d82-93e3-eee88b91e72a,NULL,NULL,J,NULL,NULL,NULL,NULL,NULL,NULL,NULL
98153,53207,2026-05-11,NULL,NULL,"Imported by IVO Systems on 2026.08.05.","2026-08-05 14:44:02",45,0,1,1,3,"2026-08-18 20:38:08",0,9236,NULL,17fbd3da-18f1-49f2-addd-b5633eedc384,NULL,NULL,J,NULL,NULL,NULL,NULL,"2026-08-07 15:21:21",NULL,NULL
98155,53208,2026-07-22,NULL,NULL,"Imported by IVO Systems on 2026.08.05.","2026-08-05 14:44:02",45,0,1,1,3,"2026-08-18 20:38:08",0,9236,NULL,ad5fb822-96b8-4d06-93cc-5942e95641be,NULL,NULL,J,NULL,NULL,NULL,NULL,"2026-08-07 15:22:33",NULL,NULL
98140,53209,2025-12-12,NULL,NULL,"Imported by IVO Systems on 2026.08.05.","2026-08-05 14:44:01",45,0,1,1,3,"2026-08-18 20:38:08",0,9236,NULL,d8b716f2-696f-458a-bf18-e49b20bb44bc,NULL,NULL,J,NULL,NULL,NULL,NULL,"2026-08-07 15:13:14",NULL,NULL
97840,53210,2026-01-08,NULL,NULL,"Imported by IVO Systems on 2026.08.05.","2026-08-05 14:42:13",45,0,1,1,3,"2026-08-18 20:38:08",0,9236,NULL,7a0aebcb-d3d3-4d4e-8dc3-d2741df7ad4f,NULL,NULL,J,NULL,NULL,NULL,NULL,"2026-08-06 21:20:15",NULL,NULL
98142,53211,2026-04-23,NULL,NULL,"Imported by IVO Systems on 2026.08.05.","2026-08-05 14:44:01",45,0,1,1,3,"2026-08-18 20:38:08",0,9236,NULL,4c67c5e7-3676-46dd-b9d4-0fae65e02aa3,NULL,NULL,J,NULL,NULL,NULL,NULL,"2026-08-07 15:14:37",NULL,NULL
97851,53212,2010-01-01,NULL,NULL,"Imported by IVO Systems on 2026.08.05.","2026-08-05 14:42:13",45,0,1,0,3,"2026-08-18 20:38:08",0,NULL,NULL,2dd905e8-0ec3-4b9c-96a7-901e74811ecf,NULL,NULL,J,NULL,NULL,NULL,NULL,NULL,NULL,NULL
97852,53212,2010-01-01,NULL,NULL,"Imported by IVO Systems on 2026.08.05.","2026-08-05 14:42:13",45,0,1,1,1,"2026-08-18 20:38:08",0,9236,NULL,b8a3951c-1c3d-4436-a58e-cbf1600edc46,NULL,NULL,J,NULL,NULL,NULL,NULL,NULL,NULL,NULL
97853,53212,2026-07-07,NULL,NULL,"Imported by IVO Systems on 2026.08.05.","2026-08-05 14:42:13",45,0,1,0,3,"2026-08-18 20:38:08",0,NULL,NULL,e3f9a509-b8b0-42e8-a2df-24020d02d5ec,NULL,NULL,J,NULL,NULL,NULL,NULL,NULL,NULL,NULL
97828,53213,2026-06-04,9802662,NULL,"Imported by IVO Systems on 2026.08.05.","2026-08-05 14:42:12",45,0,1,1,3,"2026-08-18 20:38:08",0,1288,NULL,38418ac9-fd10-424b-b6a8-aaa440ffde7c,NULL,NULL,J,NULL,NULL,NULL,NULL,"2026-08-10 16:32:55",NULL,NULL
97829,53213,2026-07-06,NULL,NULL,"Imported by IVO Systems on 2026.08.05.","2026-08-05 14:42:12",45,0,1,0,3,"2026-08-18 20:38:08",0,NULL,NULL,55f961c0-de27-480d-898a-e31627f1aefe,NULL,NULL,J,NULL,NULL,NULL,NULL,NULL,NULL,NULL
97830,53213,2025-04-23,NULL,NULL,"Imported by IVO Systems on 2026.08.05.","2026-08-05 14:42:12",45,0,1,0,3,"2026-08-18 20:38:08",0,NULL,NULL,787dba4f-8e67-4164-8e01-4742654fee63,NULL,NULL,J,NULL,NULL,NULL,NULL,NULL,NULL,NULL
97834,53215,2010-01-01,NULL,NULL,"Imported by IVO Systems on 2026.08.05.","2026-08-05 14:42:13",45,0,1,0,3,"2026-08-18 20:38:08",0,NULL,NULL,d739b5e5-262c-4081-9ef2-37220394ab41,NULL,NULL,J,NULL,NULL,NULL,NULL,NULL,NULL,NULL
97835,53215,2025-09-30,NULL,NULL,"Imported by IVO Systems on 2026.08.05.","2026-08-05 14:42:13",45,0,1,0,3,"2026-08-18 20:38:08",0,NULL,NULL,0992c39a-3ab7-468c-8c93-f72c6d6d9d89,NULL,NULL,J,NULL,NULL,NULL,NULL,NULL,NULL,NULL
98159,53216,2026-03-04,NULL,NULL,"Imported by IVO Systems on 2026.08.05.","2026-08-05 14:44:02",45,0,1,1,3,"2026-08-18 20:38:08",0,9236,NULL,6b62747c-52d1-4021-a088-d91fcdbedcd4,NULL,NULL,J,NULL,NULL,NULL,NULL,"2026-08-07 15:25:16",NULL,NULL
97836,53218,2026-07-16,9802668,NULL,"Imported by IVO Systems on 2026.08.05.","2026-08-05 14:42:13",45,0,1,1,3,"2026-08-18 20:38:08",0,1288,NULL,66b0d456-1fd1-4bec-b2c0-f7bef89de69b,NULL,NULL,J,NULL,NULL,NULL,NULL,"2026-08-10 16:31:27",NULL,NULL
97837,53218,2026-06-09,NULL,NULL,"Imported by IVO Systems on 2026.08.05.","2026-08-05 14:42:13",45,0,1,0,3,"2026-08-18 20:38:08",0,NULL,NULL,733988e5-5a17-46a2-ab64-271bb6aa3369,NULL,NULL,J,NULL,NULL,NULL,NULL,NULL,NULL,NULL
98135,53220,2023-08-31,NULL,NULL,"Imported by IVO Systems on 2026.08.05.","2026-08-05 14:43:07",45,0,1,1,3,"2026-08-18 20:38:08",0,9236,NULL,e37553b6-c18f-462a-9283-5cff32701b14,NULL,NULL,J,NULL,NULL,NULL,NULL,"2026-08-07 15:10:30",NULL,NULL
98157,53221,2026-05-11,NULL,NULL,"Imported by IVO Systems on 2026.08.05.","2026-08-05 14:44:02",45,0,1,1,3,"2026-08-18 20:38:08",0,9236,NULL,d5fbec44-c002-4dc3-a880-f48fd32abfef,NULL,NULL,J,NULL,NULL,NULL,NULL,"2026-08-07 15:23:32",NULL,NULL
98138,53222,2026-07-22,NULL,NULL,"Imported by IVO Systems on 2026.08.05.","2026-08-05 14:44:01",45,0,1,1,3,"2026-08-18 20:38:08",0,9236,NULL,c9b2791a-1010-4320-bf43-ec8199bbe924,NULL,NULL,J,NULL,NULL,NULL,NULL,"2026-08-07 15:12:03",NULL,NULL
98121,53223,2026-01-30,NULL,NULL,"Imported by IVO Systems on 2026.08.05.","2026-08-05 14:43:07",45,0,1,1,3,"2026-08-18 20:38:08",0,9236,NULL,8c2ea0d0-81b2-4345-bb31-96c2f1af9e54,NULL,NULL,J,NULL,NULL,NULL,NULL,"2026-08-07 15:02:02",NULL,NULL
97848,53224,2010-01-01,NULL,NULL,"Imported by IVO Systems on 2026.08.05.","2026-08-05 14:42:13",45,0,1,0,3,"2026-08-18 20:38:08",0,NULL,NULL,490d4618-ae8c-4fcc-b87f-6b9b566c9c38,NULL,NULL,J,NULL,NULL,NULL,NULL,NULL,NULL,NULL
97849,53224,2010-01-01,NULL,NULL,"Imported by IVO Systems on 2026.08.05.","2026-08-05 14:42:13",45,0,1,0,3,"2026-08-18 20:38:08",0,NULL,NULL,c90a7ffc-d770-4999-ac78-e2467b494e19,NULL,NULL,J,NULL,NULL,NULL,NULL,NULL,NULL,NULL
97850,53224,2026-07-14,NULL,NULL,"Imported by IVO Systems on 2026.08.05.","2026-08-05 14:42:13",45,0,1,0,3,"2026-08-18 20:38:08",0,NULL,NULL,753b8d67-026a-44dd-8c55-120e3e39e981,NULL,NULL,J,NULL,NULL,NULL,NULL,NULL,NULL,NULL
97842,53225,2010-01-01,NULL,NULL,"Imported by IVO Systems on 2026.08.05.","2026-08-05 14:42:13",45,0,1,0,3,"2026-08-18 20:38:08",0,NULL,NULL,8b9f057c-4802-456e-b6c2-f1e0c363f438,NULL,NULL,J,NULL,NULL,NULL,NULL,NULL,NULL,NULL
97843,53225,2010-01-01,NULL,NULL,"Imported by IVO Systems on 2026.08.05.","2026-08-05 14:42:13",45,0,1,0,3,"2026-08-18 20:38:08",0,NULL,NULL,60f833f1-de95-4378-9c79-feab4150c47b,NULL,NULL,J,NULL,NULL,NULL,NULL,NULL,NULL,NULL
97844,53225,2026-04-27,NULL,NULL,"Imported by IVO Systems on 2026.08.05.","2026-08-05 14:42:13",45,0,1,0,3,"2026-08-18 20:38:08",0,NULL,NULL,20b84d19-2fae-4881-b7a4-7d8a056cd4d6,NULL,NULL,J,NULL,NULL,NULL,NULL,NULL,NULL,NULL
98143,53226,2026-02-16,NULL,NULL,"Imported by IVO Systems on 2026.08.05.","2026-08-05 14:44:01",45,0,1,1,3,"2026-08-18 20:38:08",0,9236,NULL,39ea7a6d-0a65-413b-9380-df5645d162ba,NULL,NULL,J,NULL,NULL,NULL,NULL,"2026-08-07 15:15:15",NULL,NULL
98158,53227,2026-03-04,NULL,NULL,"Imported by IVO Systems on 2026.08.05.","2026-08-05 14:44:02",45,0,1,1,3,"2026-08-18 20:38:08",0,9236,NULL,51ffaa74-4882-451e-9768-c23bfc7b999d,NULL,NULL,J,NULL,NULL,NULL,NULL,"2026-08-07 15:24:03",NULL,NULL
98129,53228,2026-06-30,NULL,NULL,"Imported by IVO Systems on 2026.08.05.","2026-08-05 14:43:07",45,0,1,1,3,"2026-08-18 20:38:08",0,9236,NULL,eb79172d-45f9-41f1-9b69-f3f14af191fa,NULL,NULL,J,NULL,NULL,NULL,NULL,"2026-08-07 15:07:12",NULL,NULL
97838,53229,2026-01-08,NULL,NULL,"Imported by IVO Systems on 2026.08.05.","2026-08-05 14:42:13",45,0,1,1,3,"2026-08-18 20:38:08",0,9236,NULL,769e7612-5f3c-4960-a44e-f6a6848f3b61,NULL,NULL,J,NULL,NULL,NULL,NULL,"2026-08-06 21:19:02",NULL,NULL
97839,53229,2026-01-08,NULL,NULL,"Imported by IVO Systems on 2026.08.05.","2026-08-05 14:42:13",45,1,0,0,3,"2026-08-18 20:38:08",0,9236,NULL,ccd2d570-2e6e-4df7-ac54-067c914ed0a1,NULL,NULL,J,NULL,NULL,NULL,NULL,NULL,NULL,NULL
98154,53230,2025-05-30,NULL,NULL,"Imported by IVO Systems on 2026.08.05.","2026-08-05 14:44:02",45,0,1,1,3,"2026-08-18 20:38:08",0,9236,NULL,8e1e2fd6-6489-4b17-aec3-1841724513d8,NULL,NULL,J,NULL,NULL,NULL,NULL,"2026-08-07 15:21:56",NULL,NULL
98139,53231,2025-12-12,NULL,NULL,"Imported by IVO Systems on 2026.08.05.","2026-08-05 14:44:01",45,0,1,1,3,"2026-08-18 20:38:08",0,9236,NULL,c6d6630f-364b-4596-8cd9-defca7ca0e75,NULL,NULL,J,NULL,NULL,NULL,NULL,"2026-08-07 15:12:47",NULL,NULL
98149,53232,2026-02-26,NULL,NULL,"Imported by IVO Systems on 2026.08.05.","2026-08-05 14:44:01",45,0,1,1,3,"2026-08-18 20:38:08",0,9236,NULL,91e480a6-9af8-41b5-abfb-6ab47f22ea5a,NULL,NULL,J,NULL,NULL,NULL,NULL,"2026-08-07 15:19:04",NULL,NULL
98151,53233,2026-07-14,NULL,NULL,"Imported by IVO Systems on 2026.08.05.","2026-08-05 14:44:01",45,0,1,1,3,"2026-08-18 20:38:08",0,9236,NULL,2fd01119-9299-48e1-996b-68fbd6667954,NULL,NULL,J,NULL,NULL,NULL,NULL,"2026-08-07 15:20:16",NULL,NULL
98156,53234,2026-05-04,NULL,NULL,"Imported by IVO Systems on 2026.08.05.","2026-08-05 14:44:02",45,0,1,1,3,"2026-08-18 20:38:08",0,9236,NULL,eb0a270e-79cb-48ff-a5f3-7d8aa417b695,NULL,NULL,J,NULL,NULL,NULL,NULL,"2026-08-07 15:23:03",NULL,NULL
98148,53235,2026-04-02,NULL,NULL,"Imported by IVO Systems on 2026.08.05.","2026-08-05 14:44:01",45,0,1,1,3,"2026-08-18 20:38:08",0,9236,NULL,c4e42152-6388-4ec2-80f8-e32c5b0f26c5,NULL,NULL,J,NULL,NULL,NULL,NULL,"2026-08-07 15:18:13",NULL,NULL
98144,53236,2026-02-16,NULL,NULL,"Imported by IVO Systems on 2026.08.05.","2026-08-05 14:44:01",45,0,1,1,3,"2026-08-18 20:38:08",0,9236,NULL,e5acdfd3-4299-4250-88fc-b62ecf2acb0e,NULL,NULL,J,NULL,NULL,NULL,NULL,"2026-08-07 15:15:58",NULL,NULL
98162,53237,2026-02-16,NULL,NULL,"Imported by IVO Systems on 2026.08.05.","2026-08-05 14:44:02",45,0,1,1,3,"2026-08-18 20:38:08",0,9236,NULL,b009ce6f-ed61-4dba-9fcd-a85bd24b0d52,NULL,NULL,J,NULL,NULL,NULL,NULL,"2026-08-07 15:26:45",NULL,NULL
98146,53238,2026-02-16,NULL,NULL,"Imported by IVO Systems on 2026.08.05.","2026-08-05 14:44:01",45,0,1,1,3,"2026-08-18 20:38:08",0,9236,NULL,504c24ce-570e-433a-8cb0-85457d730958,NULL,NULL,J,NULL,NULL,NULL,NULL,"2026-08-07 15:17:08",NULL,NULL
98160,53239,2026-04-02,NULL,NULL,"Imported by IVO Systems on 2026.08.05.","2026-08-05 14:44:02",45,0,1,1,3,"2026-08-18 20:38:08",0,9236,NULL,418d79b3-6f80-49b2-aa39-dcee9a11e5d9,NULL,NULL,J,NULL,NULL,NULL,NULL,"2026-08-07 15:25:47",NULL,NULL
96718,53242,2025-12-24,NULL,NULL,"Imported by IVO Systems on 2026.08.05.","2026-08-05 14:15:12",45,0,1,1,3,"2026-08-18 20:38:08",0,9236,NULL,1954ea40-6469-49e3-9d32-2a44d01c422e,NULL,NULL,J,NULL,NULL,NULL,NULL,"2026-08-05 15:03:54",NULL,NULL
96717,53243,2025-08-12,NULL,NULL,"Imported by IVO Systems on 2026.08.05.","2026-08-05 14:15:12",45,0,1,1,3,"2026-08-18 20:38:08",0,9236,NULL,6dd8acba-770e-4d4f-848e-249c41d0afa9,NULL,NULL,J,NULL,NULL,NULL,NULL,"2026-08-05 15:02:48",NULL,NULL
96719,53244,2025-07-17,NULL,NULL,"Imported by IVO Systems on 2026.08.05.","2026-08-05 14:15:12",45,0,1,0,3,"2026-08-18 20:38:08",0,NULL,NULL,15b3dfab-be9d-4cd8-bf3a-d73ff9ef1516,NULL,NULL,J,NULL,NULL,NULL,NULL,NULL,NULL,NULL
96716,53245,2025-10-08,NULL,NULL,"Imported by IVO Systems on 2026.08.05.","2026-08-05 14:15:12",45,0,1,1,3,"2026-08-18 20:38:08",0,9236,NULL,747f6aad-7c0d-491b-a4c4-dd81c8ec8a8d,NULL,NULL,J,NULL,NULL,NULL,NULL,"2026-08-05 15:01:24",NULL,NULL
96715,53246,2025-11-12,NULL,NULL,"Imported by IVO Systems on 2026.08.05.","2026-08-05 14:15:12",45,0,1,1,3,"2026-08-18 20:38:08",0,9236,NULL,20341aeb-dcad-4c78-98e1-4ad03d302c35,NULL,NULL,J,NULL,NULL,NULL,NULL,"2026-08-05 15:00:17",NULL,NULL
96720,53253,2025-07-17,NULL,NULL,"Imported by IVO Systems on 2026.08.05.","2026-08-05 14:15:12",45,0,1,1,3,"2026-08-18 20:38:08",0,9236,NULL,fdff1216-7746-4bad-9109-c27699a6c8e5,NULL,NULL,J,NULL,NULL,NULL,NULL,"2026-08-05 15:05:24",NULL,NULL
96749,53259,2025-04-09,9801453,NULL,"Imported by IVO Systems on 2026.08.05.","2026-08-05 14:15:20",45,0,1,1,3,"2026-08-18 20:38:08",0,9236,NULL,c44bf08f-bb79-40f7-a52a-a6ea35c536b3,NULL,NULL,J,NULL,NULL,NULL,NULL,"2026-08-05 16:06:12",NULL,NULL
96745,53261,2025-06-20,9801447,NULL,"Imported by IVO Systems on 2026.08.05.","2026-08-05 14:15:18",45,0,1,1,3,"2026-08-18 20:38:08",0,9236,NULL,27e309eb-dca1-4da1-9827-9c360e290804,NULL,NULL,J,NULL,NULL,NULL,NULL,"2026-08-05 16:03:32",NULL,NULL
96746,53261,2025-12-05,9801449,NULL,"Imported by IVO Systems on 2026.08.05.","2026-08-05 14:15:19",45,0,1,1,3,"2026-08-18 20:38:08",0,9236,NULL,783c706c-c0fc-4482-a875-f9f9626a4252,NULL,NULL,J,NULL,NULL,NULL,NULL,"2026-08-05 16:04:08",NULL,NULL
99748,53261,2025-12-12,NULL,NULL,"NO A2B FOR SECOND LINE (BEN TO ORDER).","2026-08-17 22:54:27",16222,0,1,0,1,"2026-08-17 22:55:13",0,16222,126,4b4d4de7-2711-4cce-8a69-f2d432400465,NULL,NULL,P,NULL,NULL,NULL,NULL,NULL,NULL,NULL
96889,53264,2026-04-24,9801641,NULL,"Imported by IVO Systems on 2026.08.05.","2026-08-05 14:16:00",45,0,1,1,3,"2026-08-18 20:38:08",0,9236,NULL,3deff833-4fdc-4fad-9876-d5deac0f18d9,NULL,NULL,J,NULL,NULL,NULL,NULL,"2026-08-05 19:19:17",NULL,NULL
96975,53278,2010-01-01,NULL,NULL,"Imported by IVO Systems on 2026.08.05.","2026-08-05 14:16:17",45,1,0,0,3,"2026-08-18 20:38:08",0,9236,NULL,9b9b23cc-3f30-490d-8c95-9046c262c8f4,NULL,NULL,J,NULL,NULL,NULL,NULL,NULL,NULL,NULL
96976,53278,2026-06-03,NULL,5141246,"Imported by IVO Systems on 2026.08.05.","2026-08-05 14:16:18",45,0,1,1,3,"2026-08-18 20:38:08",0,9236,NULL,5274c4b2-ecb4-4e55-a6e1-26ed1e35b66c,NULL,NULL,J,NULL,NULL,NULL,NULL,"2026-08-05 21:35:11",NULL,NULL
96977,53278,2026-06-03,9801695,NULL,"Imported by IVO Systems on 2026.08.05.","2026-08-05 14:16:18",45,0,1,1,3,"2026-08-18 20:38:08",0,9236,NULL,40768782-6272-4476-a054-01c1a7dc6b52,NULL,NULL,J,NULL,NULL,NULL,NULL,"2026-08-05 21:36:26",NULL,NULL
96978,53278,2026-06-03,NULL,NULL,"Imported by IVO Systems on 2026.08.05.","2026-08-05 14:16:18",45,1,0,0,3,"2026-08-18 20:38:08",0,9236,NULL,69cd502f-914d-4679-a77f-517c0dd59b88,NULL,NULL,J,NULL,NULL,NULL,NULL,NULL,NULL,NULL
96979,53278,2026-06-03,NULL,NULL,"Imported by IVO Systems on 2026.08.05.","2026-08-05 14:16:19",45,1,0,0,3,"2026-08-18 20:38:08",0,9236,NULL,fcaa4629-a38b-458a-a757-5850a93d7367,NULL,NULL,J,NULL,NULL,NULL,NULL,NULL,NULL,NULL
98775,53278,2026-08-10,NULL,NULL,"INSPECT BRAKES","2026-08-10 20:14:55",16222,0,1,0,1,"2026-08-10 20:15:46",0,16222,91,290c7344-5db8-42c2-94f8-647450ec25b3,NULL,NULL,P,NULL,NULL,NULL,NULL,NULL,NULL,NULL
97017,53295,2026-07-25,9801728,NULL,"Imported by IVO Systems on 2026.08.05.","2026-08-05 14:16:26",45,0,1,1,3,"2026-08-18 20:38:08",0,9236,NULL,1702620d-60ab-46bc-a041-11f415c701c5,NULL,NULL,J,NULL,NULL,NULL,NULL,"2026-08-06 13:33:45",NULL,NULL
97018,53295,2026-07-25,NULL,NULL,"Imported by IVO Systems on 2026.08.05.","2026-08-05 14:16:26",45,1,0,0,3,"2026-08-18 20:38:08",0,9236,NULL,cc74a7b2-c0a7-44ea-8345-1c545125e5e2,NULL,NULL,J,NULL,NULL,NULL,NULL,NULL,NULL,NULL
97019,53295,2026-07-25,NULL,NULL,"Imported by IVO Systems on 2026.08.05.","2026-08-05 14:16:27",45,1,0,0,3,"2026-08-18 20:38:08",0,9236,NULL,613d485d-1aae-40e5-98bd-003fa6f518b4,NULL,NULL,J,NULL,NULL,NULL,NULL,NULL,NULL,NULL
97129,53305,2024-05-09,NULL,NULL,"Imported by IVO Systems on 2026.08.05.","2026-08-05 14:16:51",45,0,1,1,3,"2026-08-18 20:38:08",0,9236,NULL,0ce83fd3-c9a8-4cdf-a44a-eb3ffbd2317e,NULL,NULL,J,NULL,NULL,NULL,NULL,"2026-08-10 18:07:14",NULL,NULL
99836,53305,2026-08-18,NULL,NULL,"1 YEAR H-INSPECTION DUE","2026-08-18 15:28:51",16222,0,1,1,1,"2026-08-18 15:29:19",0,16222,67,4f4310b6-1c9a-4807-99f0-017031c845e1,NULL,NULL,P,NULL,NULL,NULL,NULL,NULL,NULL,NULL
97130,53306,2024-08-07,NULL,NULL,"Imported by IVO Systems on 2026.08.05.","2026-08-05 14:16:51",45,0,1,1,3,"2026-08-18 20:38:08",0,9236,NULL,1ddf9a91-89b5-428d-8148-bcf4f41b950f,NULL,NULL,J,NULL,NULL,NULL,NULL,"2026-08-10 18:07:47",NULL,NULL
99837,53306,2026-08-18,NULL,NULL,"1 YEAR H-INSPECTION DUE","2026-08-18 15:29:59",16222,0,1,1,1,"2026-08-18 15:30:15",0,16222,67,25a9c5f1-eae0-4ed7-985f-24b370e5ff36,NULL,NULL,P,NULL,NULL,NULL,NULL,NULL,NULL,NULL
97132,53307,2025-12-29,NULL,NULL,"Imported by IVO Systems on 2026.08.05.","2026-08-05 14:16:51",45,0,1,1,3,"2026-08-18 20:38:08",0,9236,NULL,122a5959-fa9a-42c2-8939-c95bcac224f7,NULL,NULL,J,NULL,NULL,NULL,NULL,"2026-08-10 18:09:01",NULL,NULL
97396,53324,2025-05-20,NULL,NULL,"Imported by IVO Systems on 2026.08.05.","2026-08-05 14:38:00",45,0,1,0,3,"2026-08-18 20:38:08",0,NULL,NULL,b8c6071b-eaf9-4e27-9c34-633234205eb1,NULL,NULL,J,NULL,NULL,NULL,NULL,NULL,NULL,NULL
99913,53324,2026-07-04,NULL,NULL,"3 MONTH EXCITER OIL CHANGE","2026-08-18 19:01:22",16222,0,1,1,3,"2026-08-18 19:04:11",0,16222,70,66518d26-916f-4bd6-add2-cde59a56dbab,NULL,NULL,P,NULL,NULL,NULL,NULL,"2026-08-18 19:04:11",NULL,NULL
97459,53329,2017-10-18,9802319,NULL,"Imported by IVO Systems on 2026.08.05.","2026-08-05 14:38:17",45,0,1,1,3,"2026-08-18 20:38:08",0,9236,NULL,afd30a21-a9a5-4dfe-9b10-72eb03447f47,NULL,NULL,J,NULL,NULL,NULL,NULL,"2026-08-06 18:37:00",NULL,NULL
97460,53329,2010-01-01,NULL,NULL,"Imported by IVO Systems on 2026.08.05.","2026-08-05 14:38:17",45,0,1,0,3,"2026-08-18 20:38:08",0,NULL,NULL,7e48f982-b8c1-4e66-9bb8-ac209bbfcf46,NULL,NULL,J,NULL,NULL,NULL,NULL,NULL,NULL,NULL
97461,53329,2021-10-01,9802321,NULL,"Imported by IVO Systems on 2026.08.05.","2026-08-05 14:38:17",45,0,1,1,3,"2026-08-18 20:38:08",0,9236,NULL,19ab75f1-6e1b-4778-91c0-46c6e4a4381d,NULL,NULL,J,NULL,NULL,NULL,NULL,"2026-08-06 18:37:37",NULL,NULL
97483,53331,2023-10-19,9802349,NULL,"Imported by IVO Systems on 2026.08.05.","2026-08-05 14:38:23",45,0,1,1,3,"2026-08-18 20:38:08",0,9236,NULL,98544ec3-d561-43c6-ab39-d61db66c9fd2,NULL,NULL,J,NULL,NULL,NULL,NULL,"2026-08-06 18:56:31",NULL,NULL
97484,53331,2023-03-25,9802351,NULL,"Imported by IVO Systems on 2026.08.05.","2026-08-05 14:38:23",45,0,1,1,3,"2026-08-18 20:38:08",0,9236,NULL,5dfea72e-0788-4ce2-94e7-0373a6e2c62e,NULL,NULL,J,NULL,NULL,NULL,NULL,"2026-08-06 18:56:52",NULL,NULL
97485,53331,2023-10-19,NULL,NULL,"Imported by IVO Systems on 2026.08.05.","2026-08-05 14:38:24",45,1,0,0,3,"2026-08-18 20:38:08",0,9236,NULL,a1b14589-7a8c-44d5-abfc-884f62ddd0c2,NULL,NULL,J,NULL,NULL,NULL,NULL,NULL,NULL,NULL
97468,53332,2016-03-24,9802329,NULL,"Imported by IVO Systems on 2026.08.05.","2026-08-05 14:38:19",45,0,1,1,3,"2026-08-18 20:38:08",0,9236,NULL,e5bcf22e-0772-439c-a56e-6ec1b9c5e60a,NULL,NULL,J,NULL,NULL,NULL,NULL,"2026-08-06 18:45:23",NULL,NULL
97469,53332,2021-07-01,9802331,NULL,"Imported by IVO Systems on 2026.08.05.","2026-08-05 14:38:19",45,0,1,1,3,"2026-08-18 20:38:08",0,9236,NULL,8e0b6ab1-8f0d-4770-9812-43ea2bbb8fe2,NULL,NULL,J,NULL,NULL,NULL,NULL,"2026-08-06 18:45:46",NULL,NULL
97470,53332,2025-03-20,9802332,NULL,"Imported by IVO Systems on 2026.08.05.","2026-08-05 14:38:19",45,0,1,1,3,"2026-08-18 20:38:08",0,9236,NULL,004f51ac-753d-4656-ad2c-e93d088b3e4d,NULL,NULL,J,NULL,NULL,NULL,NULL,"2026-08-06 18:46:17",NULL,NULL
97462,53333,2023-11-27,9802322,NULL,"Imported by IVO Systems on 2026.08.05.","2026-08-05 14:38:17",45,0,1,1,3,"2026-08-18 20:38:08",0,9236,NULL,dc4b6ff9-8c9e-4181-a5c3-155f589ffc98,NULL,NULL,J,NULL,NULL,NULL,NULL,"2026-08-06 18:38:47",NULL,NULL
97463,53333,2023-11-27,NULL,NULL,"Imported by IVO Systems on 2026.08.05.","2026-08-05 14:38:18",45,1,0,0,3,"2026-08-18 20:38:08",0,9236,NULL,75e75b28-bd1c-4240-988c-2eed3929d43f,NULL,NULL,J,NULL,NULL,NULL,NULL,NULL,NULL,NULL
97464,53333,2023-11-27,NULL,NULL,"Imported by IVO Systems on 2026.08.05.","2026-08-05 14:38:18",45,1,0,0,3,"2026-08-18 20:38:08",0,9236,NULL,082faa1e-f51d-4140-8758-72283c9ce10a,NULL,NULL,J,NULL,NULL,NULL,NULL,NULL,NULL,NULL
97486,53334,2015-12-02,9802353,NULL,"Imported by IVO Systems on 2026.08.05.","2026-08-05 14:38:24",45,0,1,1,3,"2026-08-18 20:38:08",0,9236,NULL,673a8afc-c53b-4a0d-a260-851e6ea21bdf,NULL,NULL,J,NULL,NULL,NULL,NULL,"2026-08-06 19:01:07",NULL,NULL
97487,53334,2010-01-01,NULL,NULL,"Imported by IVO Systems on 2026.08.05.","2026-08-05 14:38:24",45,0,1,0,3,"2026-08-18 20:38:08",0,NULL,NULL,767a3089-5047-4aef-baad-40b4c43b5f39,NULL,NULL,J,NULL,NULL,NULL,NULL,NULL,NULL,NULL
97488,53334,2025-03-10,9802355,NULL,"Imported by IVO Systems on 2026.08.05.","2026-08-05 14:38:24",45,0,1,1,3,"2026-08-18 20:38:08",0,9236,NULL,78bee6a9-27e8-44e3-8f80-969988abadcb,NULL,NULL,J,NULL,NULL,NULL,NULL,"2026-08-06 19:01:38",NULL,NULL
97465,53335,2021-10-22,9802326,NULL,"Imported by IVO Systems on 2026.08.05.","2026-08-05 14:38:18",45,0,1,1,3,"2026-08-18 20:38:08",0,9236,NULL,4e9fd77f-0c7d-4c65-b2fa-cec818e4efd0,NULL,NULL,J,NULL,NULL,NULL,NULL,"2026-08-06 18:43:19",NULL,NULL
97466,53335,2010-01-01,NULL,NULL,"Imported by IVO Systems on 2026.08.05.","2026-08-05 14:38:18",45,0,1,0,3,"2026-08-18 20:38:08",0,NULL,NULL,0c8ff334-71ca-4832-9553-1edec8f831aa,NULL,NULL,J,NULL,NULL,NULL,NULL,NULL,NULL,NULL
97467,53335,2022-12-08,9802328,NULL,"Imported by IVO Systems on 2026.08.05.","2026-08-05 14:38:19",45,0,1,1,3,"2026-08-18 20:38:08",0,9236,NULL,b9f5ea06-863c-4b34-b5f4-2a483e97b313,NULL,NULL,J,NULL,NULL,NULL,NULL,"2026-08-06 18:43:54",NULL,NULL
97480,53336,2026-04-13,NULL,NULL,"Imported by IVO Systems on 2026.08.05.","2026-08-05 14:38:22",45,1,0,0,3,"2026-08-18 20:38:08",0,9236,NULL,cc16abdb-af41-42b4-adce-489b36c139e4,NULL,NULL,J,NULL,NULL,NULL,NULL,NULL,NULL,NULL
97481,53336,2022-11-01,9802347,NULL,"Imported by IVO Systems on 2026.08.05.","2026-08-05 14:38:23",45,0,1,1,3,"2026-08-18 20:38:08",0,9236,NULL,3343c873-6fa6-47a3-b906-4fd32fd5096a,NULL,NULL,J,NULL,NULL,NULL,NULL,"2026-08-06 18:55:13",NULL,NULL
97482,53336,2026-04-13,9802345,NULL,"Imported by IVO Systems on 2026.08.05.","2026-08-05 14:38:23",45,0,1,1,3,"2026-08-18 20:38:08",0,9236,NULL,af7e45c6-d2df-42f9-bab2-7300348d1ee6,NULL,NULL,J,NULL,NULL,NULL,NULL,"2026-08-06 18:54:40",NULL,NULL
97504,53337,2022-02-22,9802370,NULL,"Imported by IVO Systems on 2026.08.05.","2026-08-05 14:38:28",45,0,1,1,3,"2026-08-18 20:38:08",0,9236,NULL,0f99eb1b-dd02-4612-8252-0c6ad9c28d96,NULL,NULL,J,NULL,NULL,NULL,NULL,"2026-08-06 19:14:41",NULL,NULL
97505,53337,2010-01-01,NULL,NULL,"Imported by IVO Systems on 2026.08.05.","2026-08-05 14:38:28",45,0,1,0,3,"2026-08-18 20:38:08",0,NULL,NULL,1759ac33-6541-458e-9d7a-72765d4372e3,NULL,NULL,J,NULL,NULL,NULL,NULL,NULL,NULL,NULL
97506,53337,2023-05-30,9802372,NULL,"Imported by IVO Systems on 2026.08.05.","2026-08-05 14:38:28",45,0,1,1,3,"2026-08-18 20:38:08",0,9236,NULL,1a4a6d69-6f03-4593-a50d-8f7c93184434,NULL,NULL,J,NULL,NULL,NULL,NULL,"2026-08-06 19:15:10",NULL,NULL
97507,53338,2022-10-11,9802373,NULL,"Imported by IVO Systems on 2026.08.05.","2026-08-05 14:38:29",45,0,1,1,3,"2026-08-18 20:38:08",0,9236,NULL,cb36f165-81ad-49af-bb8d-fd4da677c99e,NULL,NULL,J,NULL,NULL,NULL,NULL,"2026-08-06 19:17:06",NULL,NULL
97508,53338,2010-01-01,NULL,NULL,"Imported by IVO Systems on 2026.08.05.","2026-08-05 14:38:29",45,0,1,0,3,"2026-08-18 20:38:08",0,NULL,NULL,8c7f2c69-8185-4c55-8dce-c46b097a531d,NULL,NULL,J,NULL,NULL,NULL,NULL,NULL,NULL,NULL
97509,53338,2024-02-28,9802375,NULL,"Imported by IVO Systems on 2026.08.05.","2026-08-05 14:38:29",45,0,1,1,3,"2026-08-18 20:38:08",0,9236,NULL,21ce7427-8fa5-478a-8f71-293fbf1794d5,NULL,NULL,J,NULL,NULL,NULL,NULL,"2026-08-06 19:18:47",NULL,NULL
97498,53339,2019-11-20,9802364,NULL,"Imported by IVO Systems on 2026.08.05.","2026-08-05 14:38:27",45,0,1,1,3,"2026-08-18 20:38:08",0,9236,NULL,c7e58884-ef21-45b9-8796-1dbacde6b148,NULL,NULL,J,NULL,NULL,NULL,NULL,"2026-08-06 19:11:29",NULL,NULL
97499,53339,2010-01-01,NULL,NULL,"Imported by IVO Systems on 2026.08.05.","2026-08-05 14:38:27",45,0,1,0,3,"2026-08-18 20:38:08",0,NULL,NULL,1db67c75-a7cb-45db-b47f-3f48c2e6abe1,NULL,NULL,J,NULL,NULL,NULL,NULL,NULL,NULL,NULL
97500,53339,2024-10-22,9802366,NULL,"Imported by IVO Systems on 2026.08.05.","2026-08-05 14:38:27",45,0,1,1,3,"2026-08-18 20:38:08",0,9236,NULL,a0da6bee-a392-4b98-a063-3728de4c6a25,NULL,NULL,J,NULL,NULL,NULL,NULL,"2026-08-06 19:12:01",NULL,NULL
97474,53340,2023-01-11,9802337,NULL,"Imported by IVO Systems on 2026.08.05.","2026-08-05 14:38:21",45,0,1,1,3,"2026-08-18 20:38:08",0,9236,NULL,52c6adb3-8210-43a6-9892-e911df8655c4,NULL,NULL,J,NULL,NULL,NULL,NULL,"2026-08-06 18:50:28",NULL,NULL
97475,53340,2022-11-10,9802339,NULL,"Imported by IVO Systems on 2026.08.05.","2026-08-05 14:38:21",45,0,1,1,3,"2026-08-18 20:38:08",0,9236,NULL,4065d5d1-51fd-4c6b-a9ed-6f313f614c38,NULL,NULL,J,NULL,NULL,NULL,NULL,"2026-08-06 18:50:58",NULL,NULL
97476,53340,2025-09-17,9802340,NULL,"Imported by IVO Systems on 2026.08.05.","2026-08-05 14:38:21",45,0,1,1,3,"2026-08-18 20:38:08",0,9236,NULL,865a085b-f7a4-49e1-b57a-a76dcfe3ae3c,NULL,NULL,J,NULL,NULL,NULL,NULL,"2026-08-06 18:51:19",NULL,NULL
97501,53341,2021-06-30,9802367,NULL,"Imported by IVO Systems on 2026.08.05.","2026-08-05 14:38:27",45,0,1,1,3,"2026-08-18 20:38:08",0,9236,NULL,5dc5f832-722f-41c2-bb81-9984741dbef3,NULL,NULL,J,NULL,NULL,NULL,NULL,"2026-08-06 19:13:16",NULL,NULL
97502,53341,2010-01-01,NULL,NULL,"Imported by IVO Systems on 2026.08.05.","2026-08-05 14:38:27",45,0,1,0,3,"2026-08-18 20:38:08",0,NULL,NULL,f08eab5a-0143-4c74-be4d-bec17b3c3965,NULL,NULL,J,NULL,NULL,NULL,NULL,NULL,NULL,NULL
97503,53341,2022-03-02,9802369,NULL,"Imported by IVO Systems on 2026.08.05.","2026-08-05 14:38:27",45,0,1,1,3,"2026-08-18 20:38:08",0,9236,NULL,8dc71127-54d0-4658-8a2a-bf5dabf7ecb7,NULL,NULL,J,NULL,NULL,NULL,NULL,"2026-08-06 19:12:45",NULL,NULL
97489,53342,2019-11-19,9802356,NULL,"Imported by IVO Systems on 2026.08.05.","2026-08-05 14:38:25",45,0,1,1,3,"2026-08-18 20:38:08",0,9236,NULL,f055f848-7ca3-4fb3-bfe4-838dd7de46ea,NULL,NULL,J,NULL,NULL,NULL,NULL,"2026-08-06 19:04:18",NULL,NULL
97490,53342,2010-01-01,NULL,NULL,"Imported by IVO Systems on 2026.08.05.","2026-08-05 14:38:25",45,0,1,0,3,"2026-08-18 20:38:08",0,NULL,NULL,aa72ccf3-7334-4a74-8828-b4ed76c83140,NULL,NULL,J,NULL,NULL,NULL,NULL,NULL,NULL,NULL
97491,53342,2025-11-20,9802358,NULL,"Imported by IVO Systems on 2026.08.05.","2026-08-05 14:38:25",45,0,1,1,3,"2026-08-18 20:38:08",0,9236,NULL,89dd06c1-661c-4093-8c41-1b6bfa0ad21e,NULL,NULL,J,NULL,NULL,NULL,NULL,"2026-08-06 19:04:53",NULL,NULL
97477,53343,2026-06-01,9802341,NULL,"Imported by IVO Systems on 2026.08.05.","2026-08-05 14:38:22",45,0,1,1,3,"2026-08-18 20:38:08",0,9236,NULL,834946b2-b56e-4c4e-9e0b-81ca4a4ec673,NULL,NULL,J,NULL,NULL,NULL,NULL,"2026-08-06 18:53:31",NULL,NULL
97478,53343,2026-06-01,NULL,NULL,"Imported by IVO Systems on 2026.08.05.","2026-08-05 14:38:22",45,1,0,0,3,"2026-08-18 20:38:08",0,9236,NULL,fdaf73f9-fe8c-4789-9436-18992ed04860,NULL,NULL,J,NULL,NULL,NULL,NULL,NULL,NULL,NULL
97479,53343,2026-06-01,NULL,NULL,"Imported by IVO Systems on 2026.08.05.","2026-08-05 14:38:22",45,1,0,0,3,"2026-08-18 20:38:08",0,9236,NULL,57da6208-7c9a-49fa-ac8f-ce6e5eb7da05,NULL,NULL,J,NULL,NULL,NULL,NULL,NULL,NULL,NULL
97513,53345,2010-01-01,NULL,NULL,"Imported by IVO Systems on 2026.08.05.","2026-08-05 14:38:29",45,0,1,0,3,"2026-08-18 20:38:08",0,NULL,NULL,b693d0ef-076b-47f4-878e-323028678d6c,NULL,NULL,J,NULL,NULL,NULL,NULL,NULL,NULL,NULL
97514,53345,2010-01-01,NULL,NULL,"Imported by IVO Systems on 2026.08.05.","2026-08-05 14:38:29",45,0,1,0,3,"2026-08-18 20:38:08",0,NULL,NULL,0a1a5e32-18cb-4479-ac11-6344884a1fde,NULL,NULL,J,NULL,NULL,NULL,NULL,NULL,NULL,NULL
97515,53345,2025-05-15,9802378,NULL,"Imported by IVO Systems on 2026.08.05.","2026-08-05 14:38:30",45,0,1,1,3,"2026-08-18 20:38:08",0,9236,NULL,4b91f969-676b-4a4b-8f1c-193a5793ff69,NULL,NULL,J,NULL,NULL,NULL,NULL,"2026-08-06 19:23:02",NULL,NULL
97471,53346,2021-06-30,9802333,NULL,"Imported by IVO Systems on 2026.08.05.","2026-08-05 14:38:20",45,0,1,1,3,"2026-08-18 20:38:08",0,9236,NULL,1c17b314-f6dc-4b29-ade4-30d4bc1555ea,NULL,NULL,J,NULL,NULL,NULL,NULL,"2026-08-06 18:47:34",NULL,NULL
97472,53346,2020-07-30,9802335,NULL,"Imported by IVO Systems on 2026.08.05.","2026-08-05 14:38:20",45,0,1,1,3,"2026-08-18 20:38:08",0,9236,NULL,fc0945d4-6843-4e2b-b099-6d990eea7f42,NULL,NULL,J,NULL,NULL,NULL,NULL,"2026-08-06 18:48:02",NULL,NULL
97473,53346,2025-04-22,9802336,NULL,"Imported by IVO Systems on 2026.08.05.","2026-08-05 14:38:20",45,0,1,1,3,"2026-08-18 20:38:08",0,9236,NULL,8ed95311-6888-4efe-a234-bb6f5c777951,NULL,NULL,J,NULL,NULL,NULL,NULL,"2026-08-06 18:48:37",NULL,NULL
97557,53349,2026-03-02,NULL,NULL,"Imported by IVO Systems on 2026.08.05.","2026-08-05 14:38:31",45,0,1,0,3,"2026-08-18 20:38:08",0,NULL,NULL,4dcc6b5b-5ebc-4703-a767-eaa1cde2f8aa,NULL,NULL,J,NULL,NULL,NULL,NULL,NULL,NULL,NULL
97558,53349,2024-05-01,NULL,NULL,"Imported by IVO Systems on 2026.08.05.","2026-08-05 14:38:31",45,0,1,0,3,"2026-08-18 20:38:08",0,NULL,NULL,172f0678-8594-4edf-a71c-5eeaae20a4f0,NULL,NULL,J,NULL,NULL,NULL,NULL,NULL,NULL,NULL
99917,53349,2026-03-02,NULL,NULL,"3 MONTH EXCITER OIL CHANGE @ 5032 HRS ","2026-08-18 19:07:27",16222,0,1,1,3,"2026-08-18 19:07:52",0,16222,70,4d78f24f-b63e-4e28-ae0c-33d474c2f36c,NULL,NULL,P,NULL,NULL,NULL,NULL,"2026-08-18 19:07:52",NULL,NULL
99918,53349,2024-05-01,10027975,NULL,"500 HR POWER UNIT SERVICE

KD WO 05/01/24 @ 4953 HRS","2026-08-18 19:09:06",16222,0,1,1,3,"2026-08-18 19:09:26",0,16222,70,c3756271-5fe5-41bf-909b-fc1bd90dfc6c,NULL,NULL,P,NULL,NULL,NULL,NULL,"2026-08-18 19:09:26",NULL,NULL
97559,53351,2010-01-01,NULL,NULL,"Imported by IVO Systems on 2026.08.05.","2026-08-05 14:38:31",45,0,1,0,3,"2026-08-18 20:38:08",0,NULL,NULL,e378078d-aa09-4bc9-8416-2d939a1084cb,NULL,NULL,J,NULL,NULL,NULL,NULL,NULL,NULL,NULL
97560,53351,2010-01-01,NULL,NULL,"Imported by IVO Systems on 2026.08.05.","2026-08-05 14:38:31",45,0,1,0,3,"2026-08-18 20:38:08",0,NULL,NULL,0c2bccdb-ef8d-4cfc-bf48-c71319e4f60c,NULL,NULL,J,NULL,NULL,NULL,NULL,NULL,NULL,NULL
97563,53359,2025-06-12,NULL,NULL,"Imported by IVO Systems on 2026.08.05.","2026-08-05 14:38:32",45,0,1,0,3,"2026-08-18 20:38:08",0,NULL,NULL,39f9d601-3005-4d4f-b683-2e58ca3546ea,NULL,NULL,J,NULL,NULL,NULL,NULL,NULL,NULL,NULL
97564,53359,2023-04-06,NULL,NULL,"Imported by IVO Systems on 2026.08.05.","2026-08-05 14:38:33",45,0,1,0,3,"2026-08-18 20:38:08",0,NULL,NULL,7b0ed244-99c1-4929-8ca6-42c12c6f9ad2,NULL,NULL,J,NULL,NULL,NULL,NULL,NULL,NULL,NULL
99926,53359,2025-05-07,NULL,NULL,"3 MONTH EXCITER OIL CHANGE 05/07/25","2026-08-18 19:26:11",16222,0,1,1,3,"2026-08-18 19:26:20",0,16222,70,5832772a-38df-4b99-9e54-1dc3ac6ca21d,NULL,NULL,P,NULL,NULL,NULL,NULL,"2026-08-18 19:26:20",NULL,NULL
99927,53359,2023-04-06,10028185,NULL,"500 HR POWER UNIT SERVICE 04/06/23 @ 3478 HRS","2026-08-18 19:30:40",16222,0,1,1,3,"2026-08-18 19:30:47",0,16222,70,7e8eefac-2f3b-4902-bfce-c22d2cbcbdfe,NULL,NULL,P,NULL,NULL,NULL,NULL,"2026-08-18 19:30:47",NULL,NULL
97568,53361,2026-03-12,NULL,NULL,"Imported by IVO Systems on 2026.08.05.","2026-08-05 14:38:34",45,0,1,0,3,"2026-08-18 20:38:08",0,NULL,NULL,23361e2c-bca4-45d2-8bcd-91b0cbfbb467,NULL,NULL,J,NULL,NULL,NULL,NULL,NULL,NULL,NULL
97569,53361,2025-03-19,NULL,NULL,"Imported by IVO Systems on 2026.08.05.","2026-08-05 14:38:34",45,0,1,0,3,"2026-08-18 20:38:08",0,NULL,NULL,718cb9c5-7d54-4718-9cd2-f36831e75d80,NULL,NULL,J,NULL,NULL,NULL,NULL,NULL,NULL,NULL
97570,53361,2025-03-19,NULL,NULL,"Imported by IVO Systems on 2026.08.05.","2026-08-05 14:38:34",45,0,1,0,3,"2026-08-18 20:38:08",0,NULL,NULL,78cc8b99-356b-4b6d-96be-bea1759fd778,NULL,NULL,J,NULL,NULL,NULL,NULL,NULL,NULL,NULL
99936,53361,2025-03-19,10028889,NULL,"500 HR COMPLETED 03/19/25 @ 3984 HRS - CS","2026-08-18 20:09:17",16222,0,1,1,3,"2026-08-18 20:09:30",0,16222,70,d3afbdb1-3e1d-470f-8c56-d2688d336553,NULL,NULL,P,NULL,NULL,NULL,NULL,"2026-08-18 20:09:30",NULL,NULL
99937,53361,2026-03-12,NULL,NULL,"3 MONTH EXCITER OIL CHANGE (DRIVE HOURS ODOMETER) - 03/12/26 @ 4049 MILES - RH","2026-08-18 20:10:24",16222,0,1,1,3,"2026-08-18 20:10:49",0,16222,70,fcdb35e1-1c4c-4683-ba78-cd37ec167069,NULL,NULL,P,NULL,NULL,NULL,NULL,"2026-08-18 20:10:49",NULL,NULL
97571,53368,2025-07-25,NULL,NULL,"Imported by IVO Systems on 2026.08.05.","2026-08-05 14:38:34",45,0,1,0,3,"2026-08-18 20:38:08",0,NULL,NULL,3bab6640-51b2-42b0-b98b-32024ebee476,NULL,NULL,J,NULL,NULL,NULL,NULL,NULL,NULL,NULL
97572,53368,2010-01-01,NULL,NULL,"Imported by IVO Systems on 2026.08.05.","2026-08-05 14:38:34",45,0,1,0,3,"2026-08-18 20:38:08",0,NULL,NULL,71fd0fa6-fea7-48f1-96f4-92b297e0d216,NULL,NULL,J,NULL,NULL,NULL,NULL,NULL,NULL,NULL
97573,53368,2010-01-01,NULL,NULL,"Imported by IVO Systems on 2026.08.05.","2026-08-05 14:38:34",45,0,1,0,3,"2026-08-18 20:38:08",0,NULL,NULL,8a87321c-b585-4412-94c0-9d6941183fc0,NULL,NULL,J,NULL,NULL,NULL,NULL,NULL,NULL,NULL
99938,53368,2025-07-25,NULL,NULL,"3 MONTH EXCITER OIL CHANGE 07/25/25","2026-08-18 20:14:52",16222,0,1,1,3,"2026-08-18 20:15:07",0,16222,70,76823e04-28a8-4ffa-bf6e-ae4ed005cf0e,NULL,NULL,P,NULL,NULL,NULL,NULL,"2026-08-18 20:15:07",NULL,NULL
97602,53370,2010-01-01,NULL,NULL,"Imported by IVO Systems on 2026.08.05.","2026-08-05 14:38:40",45,0,1,0,3,"2026-08-18 20:38:08",0,NULL,NULL,5768fae4-386b-4f02-b61b-52c63e7c36cc,NULL,NULL,J,NULL,NULL,NULL,NULL,NULL,NULL,NULL
97603,53370,2010-01-01,NULL,NULL,"Imported by IVO Systems on 2026.08.05.","2026-08-05 14:38:40",45,0,1,0,3,"2026-08-18 20:38:08",0,NULL,NULL,6609505e-ee63-4522-82bc-758560469f9b,NULL,NULL,J,NULL,NULL,NULL,NULL,NULL,NULL,NULL
97604,53370,2010-01-01,NULL,NULL,"Imported by IVO Systems on 2026.08.05.","2026-08-05 14:38:40",45,0,1,0,3,"2026-08-18 20:38:08",0,NULL,NULL,73315b9a-ebf8-4893-91cb-b81edf0e5f7f,NULL,NULL,J,NULL,NULL,NULL,NULL,NULL,NULL,NULL
97605,53370,2010-01-01,NULL,NULL,"Imported by IVO Systems on 2026.08.05.","2026-08-05 14:38:40",45,0,1,0,3,"2026-08-18 20:38:08",0,NULL,NULL,872eb6ee-34f2-4799-9400-9d34911734c2,NULL,NULL,J,NULL,NULL,NULL,NULL,NULL,NULL,NULL
97606,53370,2010-01-01,NULL,NULL,"Imported by IVO Systems on 2026.08.05.","2026-08-05 14:38:40",45,0,1,0,3,"2026-08-18 20:38:08",0,NULL,NULL,dfa118c2-5af8-4752-bf82-7d9e5d8b23fb,NULL,NULL,J,NULL,NULL,NULL,NULL,NULL,NULL,NULL
97607,53370,2010-01-01,NULL,NULL,"Imported by IVO Systems on 2026.08.05.","2026-08-05 14:38:40",45,0,1,0,3,"2026-08-18 20:38:08",0,NULL,NULL,74f603a2-c92c-49f4-b5da-f4bf8cca2d6d,NULL,NULL,J,NULL,NULL,NULL,NULL,NULL,NULL,NULL
97614,53373,2026-06-17,9802419,5141360,"Imported by IVO Systems on 2026.08.05.","2026-08-05 14:38:42",45,1,0,1,3,"2026-08-18 20:38:08",0,9236,NULL,a54f11fe-7601-45c4-8175-73f659f01c6f,NULL,NULL,J,NULL,NULL,NULL,NULL,"2026-08-10 16:16:12",NULL,NULL
97615,53373,2026-06-17,NULL,NULL,"Imported by IVO Systems on 2026.08.05.","2026-08-05 14:38:42",45,1,0,0,3,"2026-08-18 20:38:08",0,9236,NULL,0d10543f-8b40-4721-ac11-5f5084436a5b,NULL,NULL,J,NULL,NULL,NULL,NULL,NULL,NULL,NULL
97616,53373,2026-01-22,9802421,5141361,"Imported by IVO Systems on 2026.08.05.","2026-08-05 14:38:42",45,0,1,1,3,"2026-08-18 20:38:08",0,9236,NULL,c623f012-e122-4ae6-ad45-9a78115b1123,NULL,NULL,J,NULL,NULL,NULL,NULL,"2026-08-10 16:17:16",NULL,NULL
97617,53373,2026-01-22,NULL,NULL,"Imported by IVO Systems on 2026.08.05.","2026-08-05 14:38:42",45,1,0,0,3,"2026-08-18 20:38:08",0,9236,NULL,be3922f5-fb17-4b15-8ce4-8bcfb47aaf79,NULL,NULL,J,NULL,NULL,NULL,NULL,NULL,NULL,NULL
97618,53373,2026-06-17,NULL,NULL,"Imported by IVO Systems on 2026.08.05.","2026-08-05 14:38:43",45,1,0,0,3,"2026-08-18 20:38:08",0,9236,NULL,57561363-7f6f-4a4c-a875-b6a756d0446e,NULL,NULL,J,NULL,NULL,NULL,NULL,NULL,NULL,NULL
97619,53373,2026-06-17,9802419,5141360,"Imported by IVO Systems on 2026.08.05.","2026-08-05 14:38:43",45,0,1,1,3,"2026-08-18 20:38:08",0,9236,NULL,4cfe7f79-a89f-492c-8eb9-2b9e8ddab7bc,NULL,NULL,J,NULL,NULL,NULL,NULL,"2026-08-10 16:18:16",NULL,NULL
97608,53375,2026-06-17,9802415,5141357,"Imported by IVO Systems on 2026.08.05.","2026-08-05 14:38:40",45,0,1,1,3,"2026-08-18 20:38:08",0,9236,NULL,5bbb00bc-05de-45ea-bb02-d1f171c0a902,NULL,NULL,J,NULL,NULL,NULL,NULL,"2026-08-10 16:13:24",NULL,NULL
97609,53375,2026-06-17,NULL,5141357,"Imported by IVO Systems on 2026.08.05.","2026-08-05 14:38:41",45,1,0,1,1,"2026-08-18 20:38:08",0,9236,NULL,4da53140-8ba6-470d-a1be-fb4053b99ca8,NULL,NULL,J,NULL,NULL,NULL,NULL,NULL,NULL,NULL
97610,53375,2026-01-22,9802417,5141358,"Imported by IVO Systems on 2026.08.05.","2026-08-05 14:38:41",45,0,1,1,3,"2026-08-18 20:38:08",0,9236,NULL,dd4d5f71-c45a-4765-bded-c4242e47a6aa,NULL,NULL,J,NULL,NULL,NULL,NULL,"2026-08-10 16:14:28",NULL,NULL
97611,53375,2026-01-22,NULL,NULL,"Imported by IVO Systems on 2026.08.05.","2026-08-05 14:38:41",45,1,0,0,3,"2026-08-18 20:38:08",0,9236,NULL,e8e68d79-bebf-460d-a3bc-35f260bbbd9d,NULL,NULL,J,NULL,NULL,NULL,NULL,NULL,NULL,NULL
97612,53375,2026-06-17,NULL,NULL,"Imported by IVO Systems on 2026.08.05.","2026-08-05 14:38:41",45,1,0,0,3,"2026-08-18 20:38:08",0,9236,NULL,0c05e38c-93c9-4305-92a5-ade055360d70,NULL,NULL,J,NULL,NULL,NULL,NULL,NULL,NULL,NULL
97613,53375,2026-06-17,NULL,NULL,"Imported by IVO Systems on 2026.08.05.","2026-08-05 14:38:41",45,1,0,0,3,"2026-08-18 20:38:08",0,9236,NULL,c3bbb109-9c8a-408b-8c75-a29a6bcc337e,NULL,NULL,J,NULL,NULL,NULL,NULL,NULL,NULL,NULL
99756,53375,2026-08-17,NULL,NULL,"MAKE FOLLOWING FIXES:
1) INSP - NEW COVER FOR FIRE PUMP
2) INSP - SHORTEN SUCTION HOSE OR ADD CHECK VALVE
3) INSP - LIGHT FOR GENERAL ALARM INOP
4) INSP - FUEL HOSE STB BOW NEEDS AIR TESTED, DATE, TAGGED...
5) (SUMMIT FIRE) - FIRE DETECTION SYS & FIRE EXTINGUISHERS DUE

MKP RUSHING INSPECTION (P SHEA EMAIL 07/01/26) - NEXT INSPECTION (ANNUAL SEPT 2026; USCG INSPECTION OCT 2026).

","2026-08-17 23:15:28",16222,0,1,0,1,"2026-08-17 23:15:34",0,16222,57,0ff8bd60-a34c-4e6b-ba48-442d47cbed9f,NULL,NULL,P,NULL,NULL,NULL,NULL,NULL,NULL,NULL
97620,53378,2010-01-01,9802423,NULL,"Imported by IVO Systems on 2026.08.05.","2026-08-05 14:38:43",45,0,1,1,3,"2026-08-18 20:38:08",0,9236,NULL,8df10be4-6875-42e3-a7e8-fe6ed959d054,NULL,NULL,J,NULL,NULL,NULL,NULL,"2026-08-10 17:15:27",NULL,NULL
97621,53378,2022-10-27,9802425,NULL,"Imported by IVO Systems on 2026.08.05.","2026-08-05 14:38:43",45,0,1,1,3,"2026-08-18 20:38:08",0,9236,NULL,7532e51b-f94e-4c59-a9c5-679735e2811a,NULL,NULL,J,NULL,NULL,NULL,NULL,"2026-08-06 19:41:50",NULL,NULL
97622,53378,2023-06-01,9802426,NULL,"Imported by IVO Systems on 2026.08.05.","2026-08-05 14:38:44",45,0,1,1,3,"2026-08-18 20:38:08",0,9236,NULL,1e9fae68-8e59-44fb-9011-199696133ff6,NULL,NULL,J,NULL,NULL,NULL,NULL,"2026-08-06 19:42:53",NULL,NULL
97596,53380,2026-01-29,9802411,5141354,"Imported by IVO Systems on 2026.08.05.","2026-08-05 14:38:39",45,0,1,1,3,"2026-08-18 20:38:08",0,9236,NULL,18836074-a750-4b60-9a8c-b3cd4bc70643,NULL,NULL,J,NULL,NULL,NULL,NULL,"2026-08-06 19:35:56",NULL,NULL
97597,53380,2026-01-29,NULL,NULL,"Imported by IVO Systems on 2026.08.05.","2026-08-05 14:38:39",45,1,0,0,3,"2026-08-18 20:38:08",0,9236,NULL,85c90f32-56d6-4778-b530-6e8e6f789a20,NULL,NULL,J,NULL,NULL,NULL,NULL,NULL,NULL,NULL
97598,53380,2025-02-13,9802413,5141355,"Imported by IVO Systems on 2026.08.05.","2026-08-05 14:38:39",45,0,1,1,3,"2026-08-18 20:38:08",0,9236,NULL,abf3909e-513d-4294-92a1-0793d53526ce,NULL,NULL,J,NULL,NULL,NULL,NULL,"2026-08-06 19:39:11",NULL,NULL
97599,53380,2025-02-13,NULL,NULL,"Imported by IVO Systems on 2026.08.05.","2026-08-05 14:38:40",45,1,0,0,3,"2026-08-18 20:38:08",0,9236,NULL,3be608ec-2df9-46ce-b386-3fbd6423550e,NULL,NULL,J,NULL,NULL,NULL,NULL,NULL,NULL,NULL
97600,53380,2026-04-15,NULL,NULL,"Imported by IVO Systems on 2026.08.05.","2026-08-05 14:38:40",45,1,0,0,3,"2026-08-18 20:38:08",0,9236,NULL,24f6123e-f81c-4d07-bcbf-64a2bb150b34,NULL,NULL,J,NULL,NULL,NULL,NULL,NULL,NULL,NULL
97601,53380,2026-04-15,9802414,5141356,"Imported by IVO Systems on 2026.08.05.","2026-08-05 14:38:40",45,0,1,1,3,"2026-08-18 20:38:08",0,9236,NULL,e6fe9213-582c-49e4-b218-b28a7593babd,NULL,NULL,J,NULL,NULL,NULL,NULL,"2026-08-06 19:36:51",NULL,NULL
99537,53380,2026-08-12,10002261,NULL,"Glen Bauer Completed on 8-12-26 
Starboard HRS 5200","2026-08-17 12:22:25",16382,0,1,1,3,"2026-08-17 15:00:24",0,16222,70,a20b860b-dc35-4396-a074-83f2eee3ad8b,NULL,NULL,P,NULL,NULL,NULL,NULL,"2026-08-17 15:00:24",NULL,NULL
99538,53380,2026-08-12,NULL,5264018,"Glen Bauer Completed on 8-12-26
Port Hours 5195","2026-08-17 12:24:21",16382,0,1,1,3,"2026-08-17 15:01:00",0,16222,70,7a9db14b-d72a-48c0-808d-99c2730f6a83,NULL,NULL,P,NULL,NULL,NULL,NULL,"2026-08-17 15:01:00",NULL,NULL
97593,53381,2024-08-30,9802407,NULL,"Imported by IVO Systems on 2026.08.05.","2026-08-05 14:38:38",45,0,1,1,3,"2026-08-18 20:38:08",0,9236,NULL,59f3a7ff-d3e8-4c72-8945-ac366653d792,NULL,NULL,J,NULL,NULL,NULL,NULL,"2026-08-06 19:32:43",NULL,NULL
97594,53381,2024-08-30,NULL,NULL,"Imported by IVO Systems on 2026.08.05.","2026-08-05 14:38:39",45,1,0,0,3,"2026-08-18 20:38:08",0,9236,NULL,8553c1a4-8daf-4771-8bfa-0d789e81a6ff,NULL,NULL,J,NULL,NULL,NULL,NULL,NULL,NULL,NULL
97595,53381,2024-08-30,NULL,NULL,"Imported by IVO Systems on 2026.08.05.","2026-08-05 14:38:39",45,1,0,0,3,"2026-08-18 20:38:08",0,9236,NULL,cbbd1753-a172-4fd2-a5ef-1fcb7de9b425,NULL,NULL,J,NULL,NULL,NULL,NULL,NULL,NULL,NULL
97585,53382,2025-10-09,9802402,5141350,"Imported by IVO Systems on 2026.08.05.","2026-08-05 14:38:37",45,0,1,1,3,"2026-08-18 20:38:08",0,9236,NULL,458fd1a9-57d3-4f38-9ae5-10f79a1e53f0,NULL,NULL,J,NULL,NULL,NULL,NULL,"2026-08-06 19:28:31",NULL,NULL
97586,53382,2025-10-09,NULL,NULL,"Imported by IVO Systems on 2026.08.05.","2026-08-05 14:38:37",45,1,0,0,3,"2026-08-18 20:38:08",0,9236,NULL,cacc61ab-e049-4bc2-beb4-1ab177f371dd,NULL,NULL,J,NULL,NULL,NULL,NULL,NULL,NULL,NULL
97587,53382,2024-03-29,9802404,5141352,"Imported by IVO Systems on 2026.08.05.","2026-08-05 14:38:37",45,0,1,1,3,"2026-08-18 20:38:08",0,9236,NULL,7c5f27eb-1bf8-4711-924b-93359f1814e0,NULL,NULL,J,NULL,NULL,NULL,NULL,"2026-08-06 19:30:42",NULL,NULL
97588,53382,2024-03-29,NULL,NULL,"Imported by IVO Systems on 2026.08.05.","2026-08-05 14:38:37",45,1,0,0,3,"2026-08-18 20:38:08",0,9236,NULL,5ada6068-2025-4723-baed-c92a336b5a9d,NULL,NULL,J,NULL,NULL,NULL,NULL,NULL,NULL,NULL
97589,53382,2024-03-29,NULL,NULL,"Imported by IVO Systems on 2026.08.05.","2026-08-05 14:38:37",45,1,0,0,3,"2026-08-18 20:38:08",0,9236,NULL,5e7c0a51-d3e3-4c43-afbb-5ea6f6554bcd,NULL,NULL,J,NULL,NULL,NULL,NULL,NULL,NULL,NULL
97590,53382,2024-03-29,NULL,NULL,"Imported by IVO Systems on 2026.08.05.","2026-08-05 14:38:37",45,1,0,0,3,"2026-08-18 20:38:08",0,9236,NULL,db464db7-d867-4b2b-bc4f-3f9d08f47926,NULL,NULL,J,NULL,NULL,NULL,NULL,NULL,NULL,NULL
97591,53382,2025-10-09,NULL,NULL,"Imported by IVO Systems on 2026.08.05.","2026-08-05 14:38:38",45,1,0,0,3,"2026-08-18 20:38:08",0,9236,NULL,dcbb0aeb-a187-4be2-ac5e-30b5114f2589,NULL,NULL,J,NULL,NULL,NULL,NULL,NULL,NULL,NULL
97592,53382,2025-10-09,NULL,NULL,"Imported by IVO Systems on 2026.08.05.","2026-08-05 14:38:38",45,1,0,0,3,"2026-08-18 20:38:08",0,9236,NULL,23d496c0-c9a5-4c6d-806b-6a203808a3be,NULL,NULL,J,NULL,NULL,NULL,NULL,NULL,NULL,NULL
97623,53383,2026-03-02,9802427,NULL,"Imported by IVO Systems on 2026.08.05.","2026-08-05 14:38:44",45,0,1,1,3,"2026-08-18 20:38:08",0,9236,NULL,d647c2af-e225-441f-a305-e9494c8b7512,NULL,NULL,J,NULL,NULL,NULL,NULL,"2026-08-06 19:44:23",NULL,NULL
97624,53385,2021-02-23,9802429,NULL,"Imported by IVO Systems on 2026.08.05.","2026-08-05 14:38:44",45,0,1,1,3,"2026-08-18 20:38:08",0,9236,NULL,f19f5446-6372-496e-b184-5dec92e48a17,NULL,NULL,J,NULL,NULL,NULL,NULL,"2026-08-06 19:46:08",NULL,NULL
97625,53385,2023-04-19,9802431,NULL,"Imported by IVO Systems on 2026.08.05.","2026-08-05 14:38:45",45,0,1,1,3,"2026-08-18 20:38:08",0,9236,NULL,847e0b4e-1e15-4999-a524-e2e1ed299eae,NULL,NULL,J,NULL,NULL,NULL,NULL,"2026-08-06 19:46:35",NULL,NULL
97626,53385,2025-10-02,9802432,NULL,"Imported by IVO Systems on 2026.08.05.","2026-08-05 14:38:45",45,0,1,1,3,"2026-08-18 20:38:08",0,9236,NULL,e2110722-fb0b-4170-9438-28576c454751,NULL,NULL,J,NULL,NULL,NULL,NULL,"2026-08-06 19:47:30",NULL,NULL
97630,53386,2017-10-10,9802437,NULL,"Imported by IVO Systems on 2026.08.05.","2026-08-05 14:38:46",45,0,1,1,3,"2026-08-18 20:38:08",0,9236,NULL,9de805fa-4afc-4434-a591-0ee769663d0b,NULL,NULL,J,NULL,NULL,NULL,NULL,"2026-08-06 19:54:10",NULL,NULL
97631,53386,2017-10-10,NULL,NULL,"Imported by IVO Systems on 2026.08.05.","2026-08-05 14:38:46",45,1,0,0,3,"2026-08-18 20:38:08",0,9236,NULL,388c8ce2-d4b9-41e6-8f5c-8d5921e2bbb7,NULL,NULL,J,NULL,NULL,NULL,NULL,NULL,NULL,NULL
97632,53386,2018-04-11,9802440,NULL,"Imported by IVO Systems on 2026.08.05.","2026-08-05 14:38:47",45,0,1,1,3,"2026-08-18 20:38:08",0,9236,NULL,2d1d6238-251b-4fdc-bd7d-43109fe88454,NULL,NULL,J,NULL,NULL,NULL,NULL,"2026-08-06 19:54:42",NULL,NULL
97627,53387,2023-02-09,9802433,NULL,"Imported by IVO Systems on 2026.08.05.","2026-08-05 14:38:45",45,1,0,1,3,"2026-08-18 20:38:08",0,9236,NULL,07775021-9182-4137-9cf7-34f5e1c33f90,NULL,NULL,J,NULL,NULL,NULL,NULL,"2026-08-06 19:50:20",NULL,NULL
97628,53387,2023-02-09,9802433,NULL,"Imported by IVO Systems on 2026.08.05.","2026-08-05 14:38:45",45,0,1,1,3,"2026-08-18 20:38:08",0,9236,NULL,c6bad59d-278d-4feb-a1dd-687428ead075,NULL,NULL,J,NULL,NULL,NULL,NULL,"2026-08-06 19:51:49",NULL,NULL
97629,53387,2026-01-26,9802436,NULL,"Imported by IVO Systems on 2026.08.05.","2026-08-05 14:38:46",45,0,1,1,3,"2026-08-18 20:38:08",0,9236,NULL,6fce0ea0-012c-4dfa-8a43-347c68f2c46c,NULL,NULL,J,NULL,NULL,NULL,NULL,"2026-08-06 19:52:19",NULL,NULL
97636,53390,2023-03-03,9802447,NULL,"Imported by IVO Systems on 2026.08.05.","2026-08-05 14:38:48",45,0,1,1,3,"2026-08-18 20:38:08",0,9236,NULL,3aab956e-a9de-4c11-b3bb-0aebe2be2486,NULL,NULL,J,NULL,NULL,NULL,NULL,"2026-08-06 20:00:38",NULL,NULL
97635,53392,2022-05-06,9802445,NULL,"Imported by IVO Systems on 2026.08.05.","2026-08-05 14:38:48",45,0,1,1,1,"2026-08-18 20:38:08",0,9236,NULL,b5a370d4-30a7-4408-befb-8db6879536df,NULL,NULL,J,NULL,NULL,NULL,NULL,NULL,NULL,NULL
97674,53393,2024-01-04,9802514,NULL,"Imported by IVO Systems on 2026.08.05.","2026-08-05 14:41:38",45,0,1,1,3,"2026-08-18 20:38:08",0,9236,NULL,91b4d828-bde3-4fae-8444-defc8fb8596b,NULL,NULL,J,NULL,NULL,NULL,NULL,"2026-08-06 20:29:23",NULL,NULL
97633,53394,2020-06-18,9802441,NULL,"Imported by IVO Systems on 2026.08.05.","2026-08-05 14:38:47",45,0,1,1,3,"2026-08-18 20:38:08",0,9236,NULL,f7716d00-e00f-49fb-8eda-405dcebfe278,NULL,NULL,J,NULL,NULL,NULL,NULL,"2026-08-06 19:58:27",NULL,NULL
97634,53395,2026-03-19,9802443,NULL,"Imported by IVO Systems on 2026.08.05.","2026-08-05 14:38:47",45,0,1,1,3,"2026-08-18 20:38:08",0,9236,NULL,706621a4-31a1-4563-956a-054c508d9fc1,NULL,NULL,J,NULL,NULL,NULL,NULL,"2026-08-06 19:59:22",NULL,NULL
97679,53396,2024-01-04,9802524,NULL,"Imported by IVO Systems on 2026.08.05.","2026-08-05 14:41:40",45,0,1,1,3,"2026-08-18 20:38:08",0,9236,NULL,054ab367-25ab-4057-91e7-958f533710f5,NULL,NULL,J,NULL,NULL,NULL,NULL,"2026-08-06 20:34:41",NULL,NULL
97707,53410,2026-02-19,9802558,NULL,"Imported by IVO Systems on 2026.08.05.","2026-08-05 14:41:48",45,0,1,1,3,"2026-08-18 20:38:08",0,9236,NULL,bafd70a6-17e9-4110-884e-ad68784fc92c,NULL,NULL,J,NULL,NULL,NULL,NULL,"2026-08-06 20:48:54",NULL,NULL
97708,53410,2026-06-09,NULL,NULL,"Imported by IVO Systems on 2026.08.05.","2026-08-05 14:41:48",45,0,1,0,3,"2026-08-18 20:38:08",0,NULL,NULL,83edbd7d-1391-4c5f-b2d7-938b851223a3,NULL,NULL,J,NULL,NULL,NULL,NULL,NULL,NULL,NULL
97753,53412,2024-01-15,9802604,NULL,"Imported by IVO Systems on 2026.08.05.","2026-08-05 14:41:59",45,0,1,1,3,"2026-08-18 20:38:08",0,9236,NULL,b0910c63-fd9c-4ce1-a2a8-0f36d844a823,NULL,NULL,J,NULL,NULL,NULL,NULL,"2026-08-06 20:53:06",NULL,NULL
97698,53413,2026-06-02,9802548,NULL,"Imported by IVO Systems on 2026.08.05.","2026-08-05 14:41:46",45,0,1,1,3,"2026-08-18 20:38:08",0,9236,NULL,5a77b8c6-f63d-4892-950a-64f1508ce619,NULL,NULL,J,NULL,NULL,NULL,NULL,"2026-08-10 16:20:12",NULL,NULL
97699,53413,2026-05-05,NULL,NULL,"Imported by IVO Systems on 2026.08.05.","2026-08-05 14:41:46",45,0,1,0,3,"2026-08-18 20:38:08",0,NULL,NULL,e4f8fb17-76a2-4b1f-b422-05628b764ce9,NULL,NULL,J,NULL,NULL,NULL,NULL,NULL,NULL,NULL
97742,53415,2025-07-17,9802592,NULL,"Imported by IVO Systems on 2026.08.05.","2026-08-05 14:41:56",45,0,1,1,3,"2026-08-18 20:38:08",0,9236,NULL,acaa021a-e07f-4c35-9ea8-32f0c0672746,NULL,NULL,J,NULL,NULL,NULL,NULL,"2026-08-10 16:33:56",NULL,NULL
97743,53415,2026-07-07,NULL,NULL,"Imported by IVO Systems on 2026.08.05.","2026-08-05 14:41:56",45,0,1,0,3,"2026-08-18 20:38:08",0,NULL,NULL,e80bcb8e-80f2-44ff-954d-c4a4493b88be,NULL,NULL,J,NULL,NULL,NULL,NULL,NULL,NULL,NULL
97882,53416,2026-06-09,NULL,NULL,"Imported by IVO Systems on 2026.08.05.","2026-08-05 14:42:16",45,0,1,1,3,"2026-08-18 20:38:08",0,9236,NULL,3daedeea-6cab-4078-8b88-36b195c2529c,NULL,NULL,J,NULL,NULL,NULL,NULL,"2026-08-06 21:32:12",NULL,NULL
97692,53418,2026-01-14,9802540,5141363,"Imported by IVO Systems on 2026.08.05.","2026-08-05 14:41:44",45,0,1,1,3,"2026-08-18 20:38:08",0,9236,NULL,1d19e76f-032c-49d8-b2ed-392e793d644a,NULL,NULL,J,NULL,NULL,NULL,NULL,"2026-08-06 20:43:13",NULL,NULL
97736,53423,2026-06-23,9802586,NULL,"Imported by IVO Systems on 2026.08.05.","2026-08-05 14:41:54",45,0,1,1,3,"2026-08-18 20:38:08",0,9236,NULL,243f5699-b459-4d86-8984-613e0585821c,NULL,NULL,J,NULL,NULL,NULL,NULL,"2026-08-10 16:32:17",NULL,NULL
97737,53423,2026-06-22,NULL,NULL,"Imported by IVO Systems on 2026.08.05.","2026-08-05 14:41:54",45,0,1,0,3,"2026-08-18 20:38:08",0,NULL,NULL,d800f242-5af3-47c4-85e5-925979481478,NULL,NULL,J,NULL,NULL,NULL,NULL,NULL,NULL,NULL
97890,53429,2024-09-25,9802688,NULL,"Imported by IVO Systems on 2026.08.05.","2026-08-05 14:42:18",45,0,1,1,3,"2026-08-18 20:38:08",0,9236,NULL,a21d1190-ca9f-45f3-b4f2-1023833ca3b9,NULL,NULL,J,NULL,NULL,NULL,NULL,"2026-08-06 21:50:15",NULL,NULL
97734,53432,2026-02-03,NULL,NULL,"Imported by IVO Systems on 2026.08.05.","2026-08-05 14:41:54",45,1,0,0,3,"2026-08-18 20:38:08",0,9236,NULL,8844ff3a-a7b9-447f-af14-a71b18e29798,NULL,NULL,J,NULL,NULL,NULL,NULL,NULL,NULL,NULL
97735,53432,2026-02-03,9802584,NULL,"Imported by IVO Systems on 2026.08.05.","2026-08-05 14:41:54",45,0,1,1,3,"2026-08-18 20:38:08",0,9236,NULL,6220064a-ae1e-401d-b91a-42f84df56f01,NULL,NULL,J,NULL,NULL,NULL,NULL,"2026-08-10 16:31:15",NULL,NULL
97688,53433,2026-04-01,9802536,NULL,"Imported by IVO Systems on 2026.08.05.","2026-08-05 14:41:43",45,0,1,1,3,"2026-08-18 20:38:08",0,9236,NULL,3c264a9d-ec2b-4474-97be-bc5745376eab,NULL,NULL,J,NULL,NULL,NULL,NULL,"2026-08-06 20:40:07",NULL,NULL
97740,53437,2026-01-07,9802590,NULL,"Imported by IVO Systems on 2026.08.05.","2026-08-05 14:41:55",45,0,1,1,3,"2026-08-18 20:38:08",0,9236,NULL,519abbb3-6d87-4818-a044-292b91b3fc0c,NULL,NULL,J,NULL,NULL,NULL,NULL,"2026-08-10 16:33:23",NULL,NULL
97741,53437,2026-04-16,NULL,NULL,"Imported by IVO Systems on 2026.08.05.","2026-08-05 14:41:55",45,0,1,0,3,"2026-08-18 20:38:08",0,NULL,NULL,927c517e-ae59-46b3-81bd-8e270120ee28,NULL,NULL,J,NULL,NULL,NULL,NULL,NULL,NULL,NULL
97561,53439,2026-07-28,NULL,NULL,"Imported by IVO Systems on 2026.08.05.","2026-08-05 14:38:32",45,0,1,0,3,"2026-08-18 20:38:08",0,NULL,NULL,984a905b-3776-42d2-a46c-4cf50b897096,NULL,NULL,J,NULL,NULL,NULL,NULL,NULL,NULL,NULL
97562,53439,2026-07-27,NULL,NULL,"Imported by IVO Systems on 2026.08.05.","2026-08-05 14:38:32",45,0,1,0,3,"2026-08-18 20:38:08",0,NULL,NULL,eed5486e-58aa-446a-83a1-2b28c7828424,NULL,NULL,J,NULL,NULL,NULL,NULL,NULL,NULL,NULL
99922,53439,2026-07-27,10027988,NULL,"500 HR POWER UNIT SERVICE 07/27/26 @ 2511 HRS","2026-08-18 19:17:09",16222,0,1,1,3,"2026-08-18 19:17:26",0,16222,70,2015d811-c947-4c8d-a2ed-435dd72a4597,NULL,NULL,P,NULL,NULL,NULL,NULL,"2026-08-18 19:17:26",NULL,NULL
99923,53439,2026-07-27,NULL,NULL,"3 MONTH EXCITER OIL CHANGE AT 3 HOURS 07/27/26","2026-08-18 19:18:16",16222,0,1,1,3,"2026-08-18 19:18:29",0,16222,70,70cc89e8-c9d7-4d62-b2e8-67af13361729,NULL,NULL,P,NULL,NULL,NULL,NULL,"2026-08-18 19:18:29",NULL,NULL
97750,53441,2025-12-29,9802600,NULL,"Imported by IVO Systems on 2026.08.05.","2026-08-05 14:41:58",45,0,1,1,3,"2026-08-18 20:38:08",0,9236,NULL,0715a88b-dfb6-4e7c-a690-7db492c568e0,NULL,NULL,J,NULL,NULL,NULL,NULL,"2026-08-10 16:36:08",NULL,NULL
97751,53441,2026-05-29,NULL,NULL,"Imported by IVO Systems on 2026.08.05.","2026-08-05 14:41:58",45,0,1,0,3,"2026-08-18 20:38:08",0,NULL,NULL,322020ce-b1f5-43b8-bd8e-4fcf8c67909f,NULL,NULL,J,NULL,NULL,NULL,NULL,NULL,NULL,NULL
97694,53446,2026-04-02,9802544,NULL,"Imported by IVO Systems on 2026.08.05.","2026-08-05 14:41:45",45,0,1,1,3,"2026-08-18 20:38:08",0,9236,NULL,dac3a087-27a3-4f95-a36a-53ae82b5830a,NULL,NULL,J,NULL,NULL,NULL,NULL,"2026-08-06 20:46:02",NULL,NULL
97695,53446,2026-01-10,NULL,NULL,"Imported by IVO Systems on 2026.08.05.","2026-08-05 14:41:45",45,0,1,0,3,"2026-08-18 20:38:08",0,NULL,NULL,adb92077-2250-4f3c-a2ab-0780b6d726d4,NULL,NULL,J,NULL,NULL,NULL,NULL,NULL,NULL,NULL
97730,53447,2026-07-10,9802580,NULL,"Imported by IVO Systems on 2026.08.05.","2026-08-05 14:41:53",45,0,1,1,3,"2026-08-18 20:38:08",0,9236,NULL,095fc338-9a20-4a92-bcda-d53e6e702da5,NULL,NULL,J,NULL,NULL,NULL,NULL,"2026-08-10 16:30:02",NULL,NULL
97731,53447,2026-01-09,NULL,NULL,"Imported by IVO Systems on 2026.08.05.","2026-08-05 14:41:53",45,0,1,0,3,"2026-08-18 20:38:08",0,NULL,NULL,700e0c7b-4013-42a6-b56d-868b230fcfc3,NULL,NULL,J,NULL,NULL,NULL,NULL,NULL,NULL,NULL
97718,53450,2026-03-20,9802568,NULL,"Imported by IVO Systems on 2026.08.05.","2026-08-05 14:41:50",45,0,1,1,3,"2026-08-18 20:38:08",0,9236,NULL,6a4f5c45-37f6-48c6-a758-b164e7c3f814,NULL,NULL,J,NULL,NULL,NULL,NULL,"2026-08-10 16:25:17",NULL,NULL
97719,53450,2026-05-05,NULL,NULL,"Imported by IVO Systems on 2026.08.05.","2026-08-05 14:41:50",45,0,1,0,3,"2026-08-18 20:38:08",0,NULL,NULL,f83f05c1-9f49-4fad-b11c-2355c0a9f4aa,NULL,NULL,J,NULL,NULL,NULL,NULL,NULL,NULL,NULL
97700,53452,2025-04-19,9802550,NULL,"Imported by IVO Systems on 2026.08.05.","2026-08-05 14:41:46",45,0,1,1,3,"2026-08-18 20:38:08",0,9236,NULL,3aed8d35-71d4-46d3-9438-af397b18daf3,NULL,NULL,J,NULL,NULL,NULL,NULL,"2026-08-10 16:21:02",NULL,NULL
97701,53452,2025-12-03,NULL,NULL,"Imported by IVO Systems on 2026.08.05.","2026-08-05 14:41:46",45,0,1,0,3,"2026-08-18 20:38:08",0,NULL,NULL,bee01e86-1a33-45f7-8ccc-ad05a8af135a,NULL,NULL,J,NULL,NULL,NULL,NULL,NULL,NULL,NULL
97884,53453,2022-11-16,NULL,NULL,"Imported by IVO Systems on 2026.08.05.","2026-08-05 14:42:16",45,0,1,1,3,"2026-08-18 20:38:08",0,9236,NULL,469c40a6-1c3f-438c-aede-e4e1a9c93c80,NULL,NULL,J,NULL,NULL,NULL,NULL,"2026-08-06 21:34:20",NULL,NULL
97905,53473,2021-05-29,9802706,NULL,"Imported by IVO Systems on 2026.08.05.","2026-08-05 14:42:22",45,0,1,1,3,"2026-08-18 20:38:08",0,9236,NULL,a132c056-9018-4b6d-a6dc-e9b3418aab01,NULL,NULL,J,NULL,NULL,NULL,NULL,"2026-08-07 13:12:44",NULL,NULL
97906,53473,2021-05-29,NULL,NULL,"Imported by IVO Systems on 2026.08.05.","2026-08-05 14:42:22",45,1,0,0,3,"2026-08-18 20:38:08",0,9236,NULL,35da0505-e380-4a0f-978a-1ede051601e2,NULL,NULL,J,NULL,NULL,NULL,NULL,NULL,NULL,NULL
97907,53473,2024-03-11,9802709,NULL,"Imported by IVO Systems on 2026.08.05.","2026-08-05 14:42:23",45,0,1,1,3,"2026-08-18 20:38:08",0,9236,NULL,33490d83-7744-48be-9d35-4dc296dbced0,NULL,NULL,J,NULL,NULL,NULL,NULL,"2026-08-07 13:13:12",NULL,NULL
97716,53478,2026-03-16,9802566,NULL,"Imported by IVO Systems on 2026.08.05.","2026-08-05 14:41:50",45,0,1,1,3,"2026-08-18 20:38:08",0,9236,NULL,71ea0526-3561-4439-8c4f-a300713d0b5d,NULL,NULL,J,NULL,NULL,NULL,NULL,"2026-08-10 16:24:30",NULL,NULL
97717,53478,2026-01-14,NULL,NULL,"Imported by IVO Systems on 2026.08.05.","2026-08-05 14:41:50",45,0,1,0,3,"2026-08-18 20:38:08",0,NULL,NULL,a8e83b49-0db1-4257-abcc-3601f2e275f1,NULL,NULL,J,NULL,NULL,NULL,NULL,NULL,NULL,NULL
97689,53497,2025-11-21,9802538,NULL,"Imported by IVO Systems on 2026.08.05.","2026-08-05 14:41:43",45,0,1,1,1,"2026-08-18 20:38:08",0,9236,NULL,942093a1-6041-45b4-989c-0337995d34b8,NULL,NULL,J,NULL,NULL,NULL,NULL,NULL,NULL,NULL
97690,53497,2026-01-10,NULL,NULL,"Imported by IVO Systems on 2026.08.05.","2026-08-05 14:41:43",45,0,1,1,3,"2026-08-18 20:38:08",0,9236,NULL,f36939ea-7986-48d5-aac0-6483193db376,NULL,NULL,J,NULL,NULL,NULL,NULL,"2026-08-10 18:11:46",NULL,NULL
97691,53497,2026-01-10,NULL,NULL,"Imported by IVO Systems on 2026.08.05.","2026-08-05 14:41:43",45,1,0,0,3,"2026-08-18 20:38:08",0,9236,NULL,eff2a9b8-ec09-4a65-b9aa-3e731ff8e261,NULL,NULL,J,NULL,NULL,NULL,NULL,NULL,NULL,NULL
97752,53500,2025-03-12,9802602,NULL,"Imported by IVO Systems on 2026.08.05.","2026-08-05 14:41:58",45,0,1,1,3,"2026-08-18 20:38:08",0,9236,NULL,49d55cc0-ec4d-4c51-97f1-df5bd4ef07c6,NULL,NULL,J,NULL,NULL,NULL,NULL,"2026-08-06 20:52:29",NULL,NULL
97927,53503,2026-05-26,9802735,NULL,"Imported by IVO Systems on 2026.08.05.","2026-08-05 14:42:28",45,0,1,1,3,"2026-08-18 20:38:08",0,9236,NULL,28749706-c48a-49cc-afc1-245feb983749,NULL,NULL,J,NULL,NULL,NULL,NULL,"2026-08-07 13:23:44",NULL,NULL
97704,53511,2025-02-19,9802554,NULL,"Imported by IVO Systems on 2026.08.05.","2026-08-05 14:41:47",45,0,1,1,3,"2026-08-18 20:38:08",0,9236,NULL,2e96d477-b773-47b3-a316-81907571e18b,NULL,NULL,J,NULL,NULL,NULL,NULL,"2026-08-10 16:22:39",NULL,NULL
97705,53511,2026-05-06,NULL,NULL,"Imported by IVO Systems on 2026.08.05.","2026-08-05 14:41:47",45,0,1,0,3,"2026-08-18 20:38:08",0,NULL,NULL,02ccc502-b867-4869-9cd4-5a6b3f914ca6,NULL,NULL,J,NULL,NULL,NULL,NULL,NULL,NULL,NULL
97744,53518,2026-06-05,9802594,NULL,"Imported by IVO Systems on 2026.08.05.","2026-08-05 14:41:56",45,0,1,1,3,"2026-08-18 20:38:08",0,9236,NULL,1aba6d7b-3e8d-48c0-9ec8-9238b5bc6f56,NULL,NULL,J,NULL,NULL,NULL,NULL,"2026-08-10 16:34:34",NULL,NULL
97745,53518,2026-06-17,NULL,NULL,"Imported by IVO Systems on 2026.08.05.","2026-08-05 14:41:56",45,0,1,0,3,"2026-08-18 20:38:08",0,NULL,NULL,10211054-372c-4465-abbd-ecc561af99ad,NULL,NULL,J,NULL,NULL,NULL,NULL,NULL,NULL,NULL
98678,53518,2026-08-10,NULL,NULL,""BROKEN NOT FIXABLE" - [242606 EUR - JEREMY DAMMANN]","2026-08-10 16:30:41",16222,0,1,0,1,"2026-08-10 16:32:08",0,16222,89,7b899799-30e1-42fe-a72b-49a68272cb76,NULL,NULL,P,NULL,NULL,NULL,NULL,NULL,NULL,NULL
97911,53524,2026-03-26,9802714,NULL,"Imported by IVO Systems on 2026.08.05.","2026-08-05 14:42:24",45,0,1,1,3,"2026-08-18 20:38:08",0,9236,NULL,22d643b9-9bfe-4e5c-94be-c586a48fe29a,NULL,NULL,J,NULL,NULL,NULL,NULL,"2026-08-07 13:15:45",NULL,NULL
97724,53529,2025-11-20,9802574,NULL,"Imported by IVO Systems on 2026.08.05.","2026-08-05 14:41:52",45,0,1,1,3,"2026-08-18 20:38:08",0,9236,NULL,352d08d8-d881-45c3-9b97-09cb55172f12,NULL,NULL,J,NULL,NULL,NULL,NULL,"2026-08-10 16:28:14",NULL,NULL
97725,53529,2025-11-26,NULL,NULL,"Imported by IVO Systems on 2026.08.05.","2026-08-05 14:41:52",45,0,1,0,3,"2026-08-18 20:38:08",0,NULL,NULL,49d97048-b5f3-432e-bf17-211c7ee417f0,NULL,NULL,J,NULL,NULL,NULL,NULL,NULL,NULL,NULL
97883,53530,2026-04-16,9802679,NULL,"Imported by IVO Systems on 2026.08.05.","2026-08-05 14:42:16",45,0,1,1,3,"2026-08-18 20:38:08",0,9236,NULL,4a5d48b3-286a-472d-9f12-b437e8892d7c,NULL,NULL,J,NULL,NULL,NULL,NULL,"2026-08-06 21:33:25",NULL,NULL
97885,53533,2024-09-03,9802681,NULL,"Imported by IVO Systems on 2026.08.05.","2026-08-05 14:42:17",45,0,1,1,3,"2026-08-18 20:38:08",0,9236,NULL,342c940a-54fa-48a8-ad5b-2fd57f7f26a5,NULL,NULL,J,NULL,NULL,NULL,NULL,"2026-08-06 21:36:09",NULL,NULL
97886,53533,2024-09-03,NULL,NULL,"Imported by IVO Systems on 2026.08.05.","2026-08-05 14:42:17",45,1,0,0,3,"2026-08-18 20:38:08",0,9236,NULL,66f8608c-8db5-4447-84ba-911c00aba7d7,NULL,NULL,J,NULL,NULL,NULL,NULL,NULL,NULL,NULL
98175,53543,2026-05-26,9802911,NULL,"Imported by IVO Systems on 2026.08.05.","2026-08-05 14:44:04",45,0,1,1,3,"2026-08-18 20:38:08",0,9236,NULL,28049e2e-3dd3-4b21-932c-c4d8b1cabc13,NULL,NULL,J,NULL,NULL,NULL,NULL,"2026-08-07 15:31:01",NULL,NULL
97492,53548,2010-01-01,NULL,NULL,"Imported by IVO Systems on 2026.08.05.","2026-08-05 14:38:25",45,0,1,0,3,"2026-08-18 20:38:08",0,NULL,NULL,3c9e849b-790d-4a6d-aab9-48bbd8047c0f,NULL,NULL,J,NULL,NULL,NULL,NULL,NULL,NULL,NULL
97493,53548,2010-01-01,NULL,NULL,"Imported by IVO Systems on 2026.08.05.","2026-08-05 14:38:25",45,0,1,0,3,"2026-08-18 20:38:08",0,NULL,NULL,da6abfd0-d26e-4667-97cf-44f7bc9b0039,NULL,NULL,J,NULL,NULL,NULL,NULL,NULL,NULL,NULL
97494,53548,2020-01-27,9802359,NULL,"Imported by IVO Systems on 2026.08.05.","2026-08-05 14:38:26",45,0,1,1,3,"2026-08-18 20:38:08",0,9236,NULL,e90d5559-653f-4536-b100-9d3b9f0e652f,NULL,NULL,J,NULL,NULL,NULL,NULL,"2026-08-06 19:08:36",NULL,NULL
97754,53550,2026-06-01,NULL,NULL,"Imported by IVO Systems on 2026.08.05.","2026-08-05 14:41:59",45,0,1,1,1,"2026-08-18 20:38:08",0,9236,NULL,05a15426-db1a-42cc-86b2-86b85eedd86f,NULL,NULL,J,NULL,NULL,NULL,NULL,NULL,NULL,NULL
97755,53550,2026-02-17,NULL,NULL,"Imported by IVO Systems on 2026.08.05.","2026-08-05 14:41:59",45,0,1,0,3,"2026-08-18 20:38:08",0,NULL,NULL,a4eba7e6-d240-4295-a12b-5c180a760450,NULL,NULL,J,NULL,NULL,NULL,NULL,NULL,NULL,NULL
97896,53564,2019-07-10,9802694,NULL,"Imported by IVO Systems on 2026.08.05.","2026-08-05 14:42:20",45,0,1,1,3,"2026-08-18 20:38:08",0,9236,NULL,789c3df1-553a-419b-939c-285539a76090,NULL,NULL,J,NULL,NULL,NULL,NULL,"2026-08-07 13:05:23",NULL,NULL
97897,53564,2019-07-10,NULL,NULL,"Imported by IVO Systems on 2026.08.05.","2026-08-05 14:42:20",45,1,0,0,3,"2026-08-18 20:38:08",0,9236,NULL,000fb4c5-76ab-4c5e-b70c-9fd057865721,NULL,NULL,J,NULL,NULL,NULL,NULL,NULL,NULL,NULL
97898,53564,2025-05-28,9802697,NULL,"Imported by IVO Systems on 2026.08.05.","2026-08-05 14:42:20",45,0,1,1,3,"2026-08-18 20:38:08",0,9236,NULL,027fe831-6764-4c7d-92c3-d69b4fb2369c,NULL,NULL,J,NULL,NULL,NULL,NULL,"2026-08-07 13:05:55",NULL,NULL
97732,53567,2025-09-12,9802582,NULL,"Imported by IVO Systems on 2026.08.05.","2026-08-05 14:41:54",45,0,1,1,3,"2026-08-18 20:38:08",0,9236,NULL,5cb71d8f-6757-474d-98f1-ea214264dd16,NULL,NULL,J,NULL,NULL,NULL,NULL,"2026-08-10 16:30:35",NULL,NULL
97733,53567,2026-03-31,NULL,NULL,"Imported by IVO Systems on 2026.08.05.","2026-08-05 14:41:54",45,0,1,0,3,"2026-08-18 20:38:08",0,NULL,NULL,aaf28d95-d20a-4f66-ab75-88dd148a2cbd,NULL,NULL,J,NULL,NULL,NULL,NULL,NULL,NULL,NULL
97131,53573,2026-01-08,NULL,NULL,"Imported by IVO Systems on 2026.08.05.","2026-08-05 14:16:51",45,0,1,1,3,"2026-08-18 20:38:08",0,9236,NULL,9899d20d-cf6e-4119-8e4c-42fc10908efa,NULL,NULL,J,NULL,NULL,NULL,NULL,"2026-08-10 18:08:32",NULL,NULL
97902,53578,2017-05-11,9802702,NULL,"Imported by IVO Systems on 2026.08.05.","2026-08-05 14:42:21",45,0,1,1,3,"2026-08-18 20:38:08",0,9236,NULL,2c0d15ea-ecf2-4d52-a278-50560488f576,NULL,NULL,J,NULL,NULL,NULL,NULL,"2026-08-07 13:11:30",NULL,NULL
97903,53578,2017-05-11,NULL,NULL,"Imported by IVO Systems on 2026.08.05.","2026-08-05 14:42:22",45,1,0,0,3,"2026-08-18 20:38:08",0,9236,NULL,f07215bf-15f4-49dd-9a15-b9e5b6ec3f83,NULL,NULL,J,NULL,NULL,NULL,NULL,NULL,NULL,NULL
97904,53578,2024-03-03,9802705,NULL,"Imported by IVO Systems on 2026.08.05.","2026-08-05 14:42:22",45,0,1,1,3,"2026-08-18 20:38:08",0,9236,NULL,753ad782-c99b-4169-8119-7b970c0dea2f,NULL,NULL,J,NULL,NULL,NULL,NULL,"2026-08-07 13:11:50",NULL,NULL
97738,53582,2026-06-04,9802588,NULL,"Imported by IVO Systems on 2026.08.05.","2026-08-05 14:41:55",45,0,1,1,3,"2026-08-18 20:38:08",0,9236,NULL,f8839833-82cd-4989-b92c-8c2307e26aab,NULL,NULL,J,NULL,NULL,NULL,NULL,"2026-08-10 16:32:52",NULL,NULL
97739,53582,2026-07-22,NULL,NULL,"Imported by IVO Systems on 2026.08.05.","2026-08-05 14:41:55",45,0,1,0,3,"2026-08-18 20:38:08",0,NULL,NULL,9db27ce4-1fae-4416-b68e-cbaea3f1e035,NULL,NULL,J,NULL,NULL,NULL,NULL,NULL,NULL,NULL
97867,53583,2026-03-12,9802670,NULL,"Imported by IVO Systems on 2026.08.05.","2026-08-05 14:42:14",45,0,1,1,3,"2026-08-18 20:38:08",0,9236,NULL,84d6b4ef-f1fe-433a-aab9-37c3c324b15e,NULL,NULL,J,NULL,NULL,NULL,NULL,"2026-08-06 21:22:50",NULL,NULL
97713,53586,2024-03-08,NULL,NULL,"Imported by IVO Systems on 2026.08.05.","2026-08-05 14:41:49",45,0,1,0,3,"2026-08-18 20:38:08",0,NULL,NULL,c9294c4c-d2d3-480b-861e-4c227e9e698e,NULL,NULL,J,NULL,NULL,NULL,NULL,NULL,NULL,NULL
97714,53586,2024-05-30,NULL,NULL,"Imported by IVO Systems on 2026.08.05.","2026-08-05 14:41:49",45,0,1,0,3,"2026-08-18 20:38:08",0,NULL,NULL,bae78520-536f-4737-9231-28265738e691,NULL,NULL,J,NULL,NULL,NULL,NULL,NULL,NULL,NULL
97706,53590,2024-11-04,9802556,5141365,"Imported by IVO Systems on 2026.08.05.","2026-08-05 14:41:48",45,0,1,1,3,"2026-08-18 20:38:08",0,9236,NULL,4a68ea7f-a3a0-48a5-9537-219e0587fdbb,NULL,NULL,J,NULL,NULL,NULL,NULL,"2026-08-06 20:48:10",NULL,NULL
97891,53597,2026-04-16,NULL,NULL,"Imported by IVO Systems on 2026.08.05.","2026-08-05 14:42:18",45,0,1,1,3,"2026-08-18 20:38:08",0,9236,NULL,a30d82e7-c755-405a-bed6-ce37e4c895ab,NULL,NULL,J,NULL,NULL,NULL,NULL,"2026-08-10 17:44:04",NULL,NULL
97687,53609,2010-01-01,NULL,NULL,"Imported by IVO Systems on 2026.08.05.","2026-08-05 14:41:42",45,0,1,1,3,"2026-08-18 20:38:08",0,9236,NULL,f272d603-9b87-4fdc-899c-a972d91c0b1f,NULL,NULL,J,NULL,NULL,NULL,NULL,"2026-08-10 18:10:48",NULL,NULL
99846,53609,2026-08-18,NULL,NULL,"1 YEAR H-INSPECTION DUE","2026-08-18 16:03:45",16222,0,1,1,1,"2026-08-18 16:03:52",0,16222,70,709cbb1a-4577-4225-a20c-f42e6c5edbaf,NULL,NULL,P,NULL,NULL,NULL,NULL,NULL,NULL,NULL
97702,53611,2026-03-18,9802552,NULL,"Imported by IVO Systems on 2026.08.05.","2026-08-05 14:41:47",45,0,1,1,3,"2026-08-18 20:38:08",0,9236,NULL,1e01b0b6-8811-4e89-8a33-d547c4a806d9,NULL,NULL,J,NULL,NULL,NULL,NULL,"2026-08-10 16:21:43",NULL,NULL
97703,53611,2026-01-14,NULL,NULL,"Imported by IVO Systems on 2026.08.05.","2026-08-05 14:41:47",45,0,1,0,3,"2026-08-18 20:38:08",0,NULL,NULL,50357a97-39bd-4f41-920c-d282dbb54b25,NULL,NULL,J,NULL,NULL,NULL,NULL,NULL,NULL,NULL
97693,53614,2024-11-12,9802542,5141364,"Imported by IVO Systems on 2026.08.05.","2026-08-05 14:41:44",45,0,1,1,3,"2026-08-18 20:38:08",0,9236,NULL,ef504cd5-95a1-488e-b157-a2a0973bc645,NULL,NULL,J,NULL,NULL,NULL,NULL,"2026-08-06 20:45:00",NULL,NULL
97696,53615,2024-10-17,9802546,NULL,"Imported by IVO Systems on 2026.08.05.","2026-08-05 14:41:45",45,0,1,1,3,"2026-08-18 20:38:08",0,9236,NULL,6bfe30c0-4835-4ae1-a4c6-5aa2d7e445d0,NULL,NULL,J,NULL,NULL,NULL,NULL,"2026-08-10 16:19:04",NULL,NULL
97697,53615,2026-01-10,NULL,NULL,"Imported by IVO Systems on 2026.08.05.","2026-08-05 14:41:45",45,0,1,0,3,"2026-08-18 20:38:08",0,NULL,NULL,22965915-ef48-435b-91d5-6dd04c03a0e2,NULL,NULL,J,NULL,NULL,NULL,NULL,NULL,NULL,NULL
97746,53616,2026-06-01,9802596,NULL,"Imported by IVO Systems on 2026.08.05.","2026-08-05 14:41:57",45,0,1,1,3,"2026-08-18 20:38:08",0,9236,NULL,c85fc7d4-63bb-40c9-a8b0-c0a4e56182ad,NULL,NULL,J,NULL,NULL,NULL,NULL,"2026-08-10 16:35:08",NULL,NULL
97747,53616,2026-05-28,NULL,NULL,"Imported by IVO Systems on 2026.08.05.","2026-08-05 14:41:57",45,0,1,0,3,"2026-08-18 20:38:08",0,NULL,NULL,e0f519d4-7f9c-48b1-93fd-9c1f25fcf85e,NULL,NULL,J,NULL,NULL,NULL,NULL,NULL,NULL,NULL
97510,53619,2010-01-01,NULL,NULL,"Imported by IVO Systems on 2026.08.05.","2026-08-05 14:38:29",45,0,1,0,1,"2026-08-18 20:38:08",0,9236,NULL,e136dcc3-7e24-45ef-8017-07ccfa675648,NULL,NULL,J,NULL,NULL,NULL,NULL,NULL,NULL,NULL
97511,53619,2010-01-01,NULL,NULL,"Imported by IVO Systems on 2026.08.05.","2026-08-05 14:38:29",45,0,1,0,3,"2026-08-18 20:38:08",0,NULL,NULL,7f1fd00d-5e64-4019-8fd8-c19f39c19d5f,NULL,NULL,J,NULL,NULL,NULL,NULL,NULL,NULL,NULL
97512,53619,2024-07-17,9802376,NULL,"Imported by IVO Systems on 2026.08.05.","2026-08-05 14:38:29",45,0,1,1,3,"2026-08-18 20:38:08",0,9236,NULL,a88c827a-d16f-4b5a-bd48-1ef88425f87e,NULL,NULL,J,NULL,NULL,NULL,NULL,"2026-08-06 19:21:33",NULL,NULL
97889,53620,2025-06-27,9802686,NULL,"Imported by IVO Systems on 2026.08.05.","2026-08-05 14:42:18",45,0,1,0,1,"2026-08-18 20:38:08",0,9236,NULL,7fbb3e7b-b58d-4c08-97e6-22b3aa7f56cc,NULL,NULL,J,NULL,NULL,NULL,NULL,NULL,NULL,NULL
97908,53628,2026-04-16,9802710,NULL,"Imported by IVO Systems on 2026.08.05.","2026-08-05 14:42:23",45,0,1,1,3,"2026-08-18 20:38:08",0,9236,NULL,790c5324-dbc1-4523-b47e-92a4a32a713d,NULL,NULL,J,NULL,NULL,NULL,NULL,"2026-08-07 13:14:26",NULL,NULL
97909,53628,2020-06-22,9802712,NULL,"Imported by IVO Systems on 2026.08.05.","2026-08-05 14:42:23",45,0,1,1,3,"2026-08-18 20:38:08",0,9236,NULL,2850c16a-edd3-48f9-84d5-90d854bf28a1,NULL,NULL,J,NULL,NULL,NULL,NULL,"2026-08-07 13:14:52",NULL,NULL
97910,53628,2026-04-16,NULL,NULL,"Imported by IVO Systems on 2026.08.05.","2026-08-05 14:42:24",45,1,0,0,3,"2026-08-18 20:38:08",0,9236,NULL,7fea378e-26c8-4050-bf1b-bc6bbf69421c,NULL,NULL,J,NULL,NULL,NULL,NULL,NULL,NULL,NULL
97709,53633,2025-11-21,9802560,NULL,"Imported by IVO Systems on 2026.08.05.","2026-08-05 14:41:49",45,0,1,1,3,"2026-08-18 20:38:08",0,9236,NULL,6cd4417f-bdeb-435f-831b-a633921370f2,NULL,NULL,J,NULL,NULL,NULL,NULL,"2026-08-10 16:23:26",NULL,NULL
97710,53633,2026-01-10,NULL,NULL,"Imported by IVO Systems on 2026.08.05.","2026-08-05 14:41:49",45,0,1,0,3,"2026-08-18 20:38:08",0,NULL,NULL,cab6ac5e-6de6-4199-ab56-da929cfbccc3,NULL,NULL,J,NULL,NULL,NULL,NULL,NULL,NULL,NULL
97722,53636,2026-02-03,9802572,NULL,"Imported by IVO Systems on 2026.08.05.","2026-08-05 14:41:51",45,0,1,1,3,"2026-08-18 20:38:08",0,9236,NULL,88fa5df2-bc30-46ea-bbd6-6ac30b509b92,NULL,NULL,J,NULL,NULL,NULL,NULL,"2026-08-10 16:26:29",NULL,NULL
97723,53636,2026-02-03,NULL,NULL,"Imported by IVO Systems on 2026.08.05.","2026-08-05 14:41:51",45,1,0,0,3,"2026-08-18 20:38:08",0,9236,NULL,67e30a10-8d6a-4645-93dc-beb90602a810,NULL,NULL,J,NULL,NULL,NULL,NULL,NULL,NULL,NULL
97748,53637,2023-10-27,9802598,NULL,"Imported by IVO Systems on 2026.08.05.","2026-08-05 14:41:57",45,0,1,1,3,"2026-08-18 20:38:08",0,9236,NULL,7b46b4be-2870-4484-aacb-ec10edba3a81,NULL,NULL,J,NULL,NULL,NULL,NULL,"2026-08-10 16:35:39",NULL,NULL
97749,53637,2026-07-31,NULL,NULL,"Imported by IVO Systems on 2026.08.05.","2026-08-05 14:41:57",45,0,1,0,3,"2026-08-18 20:38:08",0,NULL,NULL,4b7a290c-6fda-4766-a536-c6e45cb1fd7b,NULL,NULL,J,NULL,NULL,NULL,NULL,NULL,NULL,NULL
98753,53637,2026-07-31,9889180,NULL,"REPLACED HR METER 07/31/26 @ 0 HRS. PREVIOUS METER 3237 HRS
COMPLETED IN WA BY MS WELDERS SUPPLY","2026-08-10 19:09:58",16222,0,1,0,3,"2026-08-10 19:11:51",0,16222,55,a55224f2-eb8f-4ed0-980a-632e2f00be01,NULL,NULL,P,NULL,NULL,NULL,NULL,"2026-08-10 19:11:51",NULL,NULL
97684,53648,2026-07-17,9802534,NULL,"Imported by IVO Systems on 2026.08.05.","2026-08-05 14:41:42",45,0,1,1,3,"2026-08-18 20:38:08",0,9236,NULL,74c3f4c7-4276-498b-b2d5-92ad11c0debb,NULL,NULL,J,NULL,NULL,NULL,NULL,"2026-08-06 20:38:40",NULL,NULL
97711,53654,2026-04-16,9802562,NULL,"Imported by IVO Systems on 2026.08.05.","2026-08-05 14:41:49",45,0,1,1,3,"2026-08-18 20:38:08",0,9236,NULL,64b548aa-ba74-4647-a5a4-c60eface63ab,NULL,NULL,J,NULL,NULL,NULL,NULL,"2026-08-10 16:23:57",NULL,NULL
97712,53654,2025-10-08,NULL,NULL,"Imported by IVO Systems on 2026.08.05.","2026-08-05 14:41:49",45,0,1,0,3,"2026-08-18 20:38:08",0,NULL,NULL,051b1e26-af8c-4cf4-8e8b-93f2f22a7164,NULL,NULL,J,NULL,NULL,NULL,NULL,NULL,NULL,NULL
97892,53661,2022-11-16,NULL,NULL,"Imported by IVO Systems on 2026.08.05.","2026-08-05 14:42:18",45,0,1,1,3,"2026-08-18 20:38:08",0,9236,NULL,2b8799a2-02df-494a-a558-8a8609888dd6,NULL,NULL,J,NULL,NULL,NULL,NULL,"2026-08-10 17:45:00",NULL,NULL
99572,53661,2026-08-14,NULL,NULL,"PM COMPLETED & WHEEL BEARINGS & CHAINS.

08/14/26 @ 805 HRS... ","2026-08-17 15:27:44",16222,0,1,1,3,"2026-08-17 15:29:49",0,16222,70,2a18d0cb-fdfd-4002-8dd3-ceb7911249d2,NULL,NULL,P,NULL,NULL,NULL,NULL,"2026-08-17 15:29:49",NULL,NULL
97728,53662,2023-06-13,9802578,NULL,"Imported by IVO Systems on 2026.08.05.","2026-08-05 14:41:53",45,0,1,1,3,"2026-08-18 20:38:08",0,9236,NULL,1c9add1a-4af4-4463-9a0e-d262b4dcefc9,NULL,NULL,J,NULL,NULL,NULL,NULL,"2026-08-10 16:29:25",NULL,NULL
97729,53662,2025-08-18,NULL,NULL,"Imported by IVO Systems on 2026.08.05.","2026-08-05 14:41:53",45,0,1,0,3,"2026-08-18 20:38:08",0,NULL,NULL,7ad2015e-fbc0-461f-a48f-c5c2565884a3,NULL,NULL,J,NULL,NULL,NULL,NULL,NULL,NULL,NULL
97887,53666,2025-02-05,9802684,NULL,"Imported by IVO Systems on 2026.08.05.","2026-08-05 14:42:17",45,0,1,1,3,"2026-08-18 20:38:08",0,9236,NULL,dddb1cd2-6c45-4afd-8667-2005db730574,NULL,NULL,J,NULL,NULL,NULL,NULL,"2026-08-06 21:38:25",NULL,NULL
97888,53666,2010-01-01,NULL,NULL,"Imported by IVO Systems on 2026.08.05.","2026-08-05 14:42:17",45,0,1,0,3,"2026-08-18 20:38:08",0,NULL,NULL,119bdbec-c67a-4f58-bf15-3c4fd8044121,NULL,NULL,J,NULL,NULL,NULL,NULL,NULL,NULL,NULL
97726,53667,2026-04-10,9802576,NULL,"Imported by IVO Systems on 2026.08.05.","2026-08-05 14:41:52",45,0,1,1,3,"2026-08-18 20:38:08",0,9236,NULL,3e0f95e4-6acf-4ed5-a57a-0fd312a1e578,NULL,NULL,J,NULL,NULL,NULL,NULL,"2026-08-10 16:28:51",NULL,NULL
97727,53667,2026-05-29,NULL,NULL,"Imported by IVO Systems on 2026.08.05.","2026-08-05 14:41:52",45,0,1,0,3,"2026-08-18 20:38:08",0,NULL,NULL,10685a1a-e2eb-4628-8e5e-a18e0f50ea29,NULL,NULL,J,NULL,NULL,NULL,NULL,NULL,NULL,NULL
97397,53668,2026-01-10,NULL,NULL,"Imported by IVO Systems on 2026.08.05.","2026-08-05 14:38:00",45,0,1,0,3,"2026-08-18 20:38:08",0,NULL,NULL,4b039f66-bf62-4881-83fb-b6e5c9431931,NULL,NULL,J,NULL,NULL,NULL,NULL,NULL,NULL,NULL
99914,53668,2026-01-10,NULL,NULL,"3 MONTH EXCITER OIL CHANGE","2026-08-18 19:06:03",16222,0,1,1,3,"2026-08-18 19:06:19",0,16222,70,56f6e052-eba8-4a4a-9f1a-f1d0cc14b812,NULL,NULL,P,NULL,NULL,NULL,NULL,"2026-08-18 19:06:19",NULL,NULL
97720,53674,2025-03-01,9802570,NULL,"Imported by IVO Systems on 2026.08.05.","2026-08-05 14:41:51",45,0,1,1,3,"2026-08-18 20:38:08",0,9236,NULL,c13b52aa-4186-4c88-b22a-0e3ba6af6ccc,NULL,NULL,J,NULL,NULL,NULL,NULL,"2026-08-10 16:25:51",NULL,NULL
97721,53674,2026-01-10,NULL,NULL,"Imported by IVO Systems on 2026.08.05.","2026-08-05 14:41:51",45,0,1,0,3,"2026-08-18 20:38:08",0,NULL,NULL,4e2eb673-ab7f-43a1-b8fd-970aed049121,NULL,NULL,J,NULL,NULL,NULL,NULL,NULL,NULL,NULL
97565,53678,2026-07-31,NULL,NULL,"Imported by IVO Systems on 2026.08.05.","2026-08-05 14:38:33",45,0,1,0,3,"2026-08-18 20:38:08",0,NULL,NULL,1e42f837-2fc4-4fdb-af2d-c6b450767f82,NULL,NULL,J,NULL,NULL,NULL,NULL,NULL,NULL,NULL
97566,53678,2025-05-16,NULL,NULL,"Imported by IVO Systems on 2026.08.05.","2026-08-05 14:38:33",45,0,1,0,3,"2026-08-18 20:38:08",0,NULL,NULL,538679f5-a823-4429-8c22-17726d4f96cb,NULL,NULL,J,NULL,NULL,NULL,NULL,NULL,NULL,NULL
97567,53678,2025-05-16,NULL,NULL,"Imported by IVO Systems on 2026.08.05.","2026-08-05 14:38:33",45,0,1,0,3,"2026-08-18 20:38:08",0,NULL,NULL,4532edf8-8239-4a6b-94ef-0378ca1bb4b9,NULL,NULL,J,NULL,NULL,NULL,NULL,NULL,NULL,NULL
99932,53678,2026-07-31,NULL,NULL,"3 MONTH EXCITER OIL CHANGE 07/31/26 - 2851 ODOMETER CS","2026-08-18 19:57:31",16222,0,1,1,3,"2026-08-18 19:58:04",0,16222,70,78dd5adc-f987-4a8a-9cff-81ecdd0e71c2,NULL,NULL,P,NULL,NULL,NULL,NULL,"2026-08-18 19:58:04",NULL,NULL
99934,53678,2025-05-16,10028770,NULL,"500 HR POWER UNIT SERVICE 05/16/25 @ 2752 HRS","2026-08-18 20:01:06",16222,0,1,1,3,"2026-08-18 20:01:11",0,16222,70,fd2c0abc-c6f8-49c1-81b0-c016f3a9e543,NULL,NULL,P,NULL,NULL,NULL,NULL,"2026-08-18 20:01:11",NULL,NULL
96935,55175,2026-03-13,NULL,NULL,"Imported by IVO Systems on 2026.08.05.","2026-08-05 14:16:11",45,1,0,0,3,"2026-08-18 20:38:08",0,9236,NULL,69c8b29f-bdc4-4a8d-9744-c498f51fe8ad,NULL,NULL,J,NULL,NULL,NULL,NULL,NULL,NULL,NULL
96936,55175,2026-03-13,NULL,5141232,"Imported by IVO Systems on 2026.08.05.","2026-08-05 14:16:11",45,0,1,1,3,"2026-08-18 20:38:08",0,9236,NULL,e318e4cc-3a8d-472d-ac0d-bfeb0213ab4c,NULL,NULL,J,NULL,NULL,NULL,NULL,"2026-08-05 20:47:45",NULL,NULL
96933,55211,2026-05-14,NULL,NULL,"Imported by IVO Systems on 2026.08.05.","2026-08-05 14:16:11",45,1,0,0,3,"2026-08-18 20:38:08",0,9236,NULL,8ca65b95-6cf1-43de-b4ca-c3f4af302ffd,NULL,NULL,J,NULL,NULL,NULL,NULL,NULL,NULL,NULL
96934,55211,2026-05-14,NULL,5141230,"Imported by IVO Systems on 2026.08.05.","2026-08-05 14:16:11",45,0,1,1,3,"2026-08-18 20:38:08",0,9236,NULL,84386783-f947-4b5f-9e4c-6538226469d9,NULL,NULL,J,NULL,NULL,NULL,NULL,"2026-08-05 20:44:31",NULL,NULL
96124,55224,2026-07-30,9707838,NULL,"PERFORM PM LISTED BELOW","2026-07-30 18:39:48",16222,1,0,1,2,"2026-08-12 11:46:51",0,16222,8,efa3ed7c-fd28-47a9-b1ce-220990fdaa76,NULL,NULL,P,NULL,NULL,NULL,NULL,"2026-07-30 18:56:59",NULL,NULL
96127,55224,2026-07-30,9707788,NULL,"TEST ADD FROM MAINTENANCE TAB
PERFORM INSPECTION & PM","2026-07-30 18:45:48",16222,1,0,1,3,"2026-07-30 18:47:01",0,16222,1,594989ce-a2dd-4bf6-89ff-04a69a84c584,NULL,NULL,P,NULL,NULL,NULL,NULL,"2026-07-30 18:46:40",NULL,NULL
96522,55224,2026-08-04,NULL,NULL,"OPENING TO TEST. SUBMIT CORRECT WEVR PAPERWORK OR WO WILL NOT CLOSE.","2026-08-04 07:00:18",16222,1,0,1,2,"2026-08-04 07:00:56",0,16222,NULL,3ea07f39-3bc3-4470-ac67-5408eefd61c1,NULL,NULL,P,NULL,NULL,NULL,NULL,"2026-08-04 07:00:19",NULL,NULL
96523,55224,2026-08-04,NULL,NULL,,"2026-08-04 07:04:32",16222,1,0,1,2,"2026-08-04 07:04:58",0,16222,NULL,a3f1b982-a418-464d-8df1-1705f35358a3,NULL,NULL,P,NULL,NULL,NULL,NULL,"2026-08-04 07:04:33",NULL,NULL
98838,55224,2026-07-01,NULL,NULL,"500 HR PM GENSET & MAIN","2026-08-11 10:59:07",16222,1,0,1,1,"2026-08-11 11:02:02",0,16222,70,2fc28b94-8c11-410f-9f13-d13f7f877d37,NULL,NULL,P,NULL,NULL,NULL,NULL,NULL,NULL,NULL
98839,55224,2026-08-11,9901684,5201534,"500 HR MAIN PM

DR Performed 500hr service on main engines","2026-08-11 11:03:17",16222,1,0,1,1,"2026-08-12 19:23:47",0,16222,70,d67e3bf1-3f3f-476f-9e14-226f75bd02e3,NULL,NULL,P,NULL,NULL,NULL,NULL,"2026-08-12 19:23:30",NULL,NULL
98864,55224,2026-08-11,NULL,5201534,,"2026-08-11 13:27:35",16382,1,0,1,4,"2026-08-14 21:05:48",0,16222,NULL,13117af2-292c-4ab6-b765-fb5039c125f3,NULL,NULL,P,NULL,NULL,NULL,NULL,NULL,NULL,NULL
98865,55224,2026-08-11,NULL,NULL,"SOMETHING STUPID","2026-08-11 13:28:27",16222,1,0,0,1,"2026-08-11 14:10:55",0,16222,83,cee267af-b9c4-429a-a16e-2f8c6ac22b0a,NULL,NULL,P,NULL,NULL,NULL,NULL,NULL,NULL,NULL
98866,55224,2026-08-11,9901684,5201534,"convert excavator to tugboat","2026-08-11 13:28:28",15572,1,0,0,1,"2026-08-11 14:11:08",0,16222,52,057038f0-b19e-4480-9035-cd6c8b6deae7,NULL,NULL,P,NULL,NULL,NULL,NULL,NULL,NULL,NULL
98867,55224,2026-08-11,9901684,NULL,"Cole blew up engines","2026-08-11 13:28:35",15493,1,0,0,1,"2026-08-11 14:11:24",0,16222,51,3988346f-9aa4-4414-8050-9e7524a2516a,NULL,NULL,P,NULL,NULL,NULL,NULL,NULL,NULL,NULL
98868,55224,2026-08-11,NULL,NULL,"prop shaft broken","2026-08-11 13:28:41",15444,1,0,0,1,"2026-08-11 14:11:33",0,16222,91,87619e35-9d37-4048-8722-cfd9b4c9fcb0,NULL,NULL,P,NULL,NULL,NULL,NULL,NULL,NULL,NULL
98869,55224,2026-08-11,NULL,NULL,"Motorputer junk","2026-08-11 13:28:50",15692,1,0,0,2,"2026-08-12 11:46:09",0,16222,83,55cae8b4-b4c0-4737-aadc-c44247d7ae12,NULL,NULL,P,NULL,NULL,NULL,NULL,"2026-08-12 11:19:54",NULL,NULL
98870,55224,2026-08-11,NULL,NULL,"TEST WORK ORDER ONLY FOR HARMON","2026-08-11 13:28:50",15668,1,0,0,1,"2026-08-14 21:01:58",0,16222,117,a05b16b7-0417-46e8-b5f8-89853d11fee3,NULL,NULL,P,NULL,NULL,NULL,NULL,NULL,NULL,NULL
98880,55224,2026-08-11,9901684,NULL,"A&D TEST ADDING FORM","2026-08-11 14:03:35",15493,1,0,0,2,"2026-08-17 21:11:17",0,16222,120,9b497d01-6e73-44da-a0e7-0018fd97bfc3,NULL,NULL,P,NULL,NULL,NULL,NULL,"2026-08-11 14:09:06",NULL,NULL
98884,55224,2026-08-11,9901684,NULL,DONE,"2026-08-11 14:34:44",16222,1,0,1,2,"2026-08-12 11:46:25",0,16222,NULL,d79c3398-4d8f-42ba-b4a0-6d502150ba69,NULL,NULL,P,NULL,NULL,NULL,NULL,"2026-08-11 14:34:44",NULL,NULL
99405,55224,2026-08-07,NULL,NULL,"engine blew","2026-08-14 19:15:31",16222,1,0,0,1,"2026-08-14 20:58:47",0,16222,47,83298895-40e5-4aee-9e30-c7b4755187f4,NULL,NULL,P,NULL,NULL,NULL,NULL,NULL,NULL,NULL
99407,55224,2026-08-14,NULL,NULL,"ENGINE

DOUG ORDERED THROUGH WAGNER 08/14/26","2026-08-14 19:16:07",16212,1,0,0,3,"2026-08-17 14:47:08",0,16222,58,507b048c-6228-493f-88c6-fbe787dc0ce4,NULL,NULL,P,NULL,NULL,NULL,NULL,"2026-08-14 21:03:12",NULL,NULL
99408,55224,2026-08-14,NULL,NULL,"engine blew

CLOSE THIS OUT - IT'S NOTHING.

i'M ORDERING SITECH.","2026-08-14 19:17:31",16222,1,0,0,1,"2026-08-14 20:58:15",0,16222,47,67f1e3a0-405b-4c86-a6f0-64b30753f330,NULL,NULL,P,NULL,NULL,NULL,NULL,NULL,NULL,NULL
99409,55224,2026-08-14,NULL,NULL,"called wagner - wagner serviced this on 08/12/26.","2026-08-14 19:18:32",16122,1,0,0,3,"2026-08-14 21:04:42",0,16222,117,89a60556-37ab-41a3-aa34-a9b3f6806214,NULL,NULL,P,NULL,NULL,NULL,NULL,"2026-08-14 21:04:33",NULL,NULL
99438,55224,2026-08-14,NULL,NULL,"TESTING WEVR TEMPLATE PM WORK ORDER","2026-08-14 21:54:14",16222,1,0,1,1,"2026-08-14 21:58:04",0,16222,NULL,8b1259d8-eb47-4945-b5d0-3c4da2786883,NULL,NULL,P,NULL,NULL,NULL,NULL,"2026-08-14 21:54:15",NULL,NULL
99439,55224,2026-08-14,NULL,NULL,"TEST TEMPLATE","2026-08-14 21:58:26",16222,1,0,1,1,"2026-08-17 14:43:07",0,16222,NULL,693980fc-ea20-43f7-864a-887390064137,NULL,NULL,P,NULL,NULL,NULL,NULL,NULL,NULL,NULL
99443,55224,2026-08-15,9975320,5244822,"performed 500 hour service 08/15/26 @ ","2026-08-15 13:42:52",16222,1,0,1,2,"2026-08-17 14:43:22",0,16222,70,b32b34b2-e62d-4751-a8bb-a75b4568618d,NULL,NULL,P,NULL,NULL,NULL,NULL,"2026-08-15 13:55:36",NULL,NULL
99444,55224,2026-08-15,NULL,NULL,"Unit over heating, checked fluids and all levels are good","2026-08-15 13:42:55",15873,1,0,0,2,"2026-08-17 14:38:35",0,16222,NULL,ec5c8b5a-20d8-487d-90b3-1fdb3032f709,NULL,NULL,P,NULL,NULL,NULL,NULL,"2026-08-15 13:43:04",NULL,NULL
99445,55224,2026-08-15,NULL,NULL,"Preformed 500hr service on08/15/26 ","2026-08-15 13:42:57",15523,1,0,0,2,"2026-08-17 14:38:58",0,16222,70,5ca30134-1000-49c0-bbed-d1d14aab7289,NULL,NULL,P,NULL,NULL,NULL,NULL,"2026-08-15 13:43:31",NULL,NULL
99446,55224,2026-08-08,9975333,NULL,"Performed 500hr service 8.08.26","2026-08-15 13:43:05",15704,1,0,1,2,"2026-08-17 14:41:05",0,16222,115,3e1e2ebd-d937-4cfe-9442-dfa2578a3870,NULL,NULL,P,NULL,NULL,NULL,NULL,"2026-08-15 13:48:52",NULL,NULL
99447,55224,2026-08-15,NULL,NULL,"Completed 500 hr service 8/15/2026 
Meter 1234
","2026-08-15 13:43:11",16001,1,0,0,2,"2026-08-17 14:39:16",0,16222,70,e2e8a505-36f8-4c47-bb21-bb5c95e8e9b0,NULL,NULL,P,NULL,NULL,NULL,NULL,"2026-08-15 13:43:40",NULL,NULL
99448,55224,2026-08-15,9975332,NULL,"Performed 500 hr service on 08/15/26 ","2026-08-15 13:43:19",15814,1,0,1,2,"2026-08-17 14:39:44",0,16222,NULL,248733fc-9fb3-47d7-bf47-54b71293d95d,NULL,NULL,P,NULL,NULL,NULL,NULL,"2026-08-15 13:48:35",NULL,NULL
99449,55224,2026-08-15,NULL,NULL,"Hi
","2026-08-15 13:47:48",15709,1,0,0,2,"2026-08-17 14:44:07",0,16222,NULL,484b76df-57f3-4be1-bccb-83a5b70af7cc,NULL,NULL,P,NULL,NULL,NULL,NULL,"2026-08-15 13:51:06",NULL,NULL
99450,55224,2026-08-15,NULL,NULL,"Broken window ","2026-08-15 13:48:00",15873,1,0,0,2,"2026-08-17 14:44:21",0,16222,NULL,54bbccbc-0204-4ab6-89fc-e14648bc6267,NULL,NULL,P,NULL,NULL,NULL,NULL,"2026-08-15 13:49:28",NULL,NULL
99451,55224,2026-08-15,NULL,NULL,Test,"2026-08-15 13:48:49",15481,1,0,0,2,"2026-08-17 14:40:03",0,16222,NULL,d1ca05e8-1d64-41e7-ad97-462718feffe3,NULL,NULL,P,NULL,NULL,NULL,NULL,NULL,NULL,NULL
99452,55224,2026-08-15,NULL,NULL,"Renew chingdera.","2026-08-15 13:49:11",15426,1,0,0,2,"2026-08-17 14:43:52",0,16222,NULL,a817a48c-9fc7-4516-b1c7-802e09ec1520,NULL,NULL,P,NULL,NULL,NULL,NULL,"2026-08-15 13:52:14",NULL,NULL
99453,55224,2026-08-15,NULL,NULL,"Renew chingadera.","2026-08-15 13:50:37",15426,1,0,0,1,"2026-08-17 14:42:33",0,16222,NULL,22442c0f-d7dd-4462-8bcc-4d5c6e857a72,NULL,NULL,P,NULL,NULL,NULL,NULL,NULL,NULL,NULL
99454,55224,2026-08-15,NULL,NULL,,"2026-08-15 13:51:37",15709,1,0,0,1,"2026-08-17 14:42:15",0,16222,NULL,432f26a2-1698-434d-8830-d55b222f43a4,NULL,NULL,P,NULL,NULL,NULL,NULL,NULL,NULL,NULL
99455,55224,2026-08-15,NULL,NULL,"Renew chingadera.","2026-08-15 13:51:44",15426,1,0,0,1,"2026-08-17 14:42:02",0,16222,NULL,2dc838d4-5c6c-4f97-9e5e-6d57b0011c6d,NULL,NULL,P,NULL,NULL,NULL,NULL,NULL,NULL,NULL
99456,55224,2026-08-15,NULL,NULL,"lights repairs
","2026-08-15 13:52:21",15513,1,0,0,2,"2026-08-17 14:43:36",0,16222,NULL,730fb53e-cee1-4338-87a1-a6685d9b98f7,NULL,NULL,P,NULL,NULL,NULL,NULL,"2026-08-15 13:54:48",NULL,NULL
99457,55224,2026-08-15,NULL,NULL,Test,"2026-08-15 13:52:25",15481,1,0,0,1,"2026-08-17 14:41:48",0,16222,NULL,a453dbdf-6e07-4b5b-87fc-47300c6596cc,NULL,NULL,P,NULL,NULL,NULL,NULL,NULL,NULL,NULL
99458,55224,2026-08-15,NULL,NULL,"Renew chingadera.","2026-08-15 13:53:03",15426,1,0,0,1,"2026-08-17 14:41:24",0,16222,NULL,62e66060-9938-40ce-ae65-7dd0b873567d,NULL,NULL,P,NULL,NULL,NULL,NULL,NULL,NULL,NULL
